Target,TargetAttr,File,Role,Operator,OpName,Decision,Reason,MutationId
app-footer-brand,x-test-footer-brand,app_component_html,alpha-target,i,HTML Tag Removal,NA,would-drop-x-test,-
app-footer-brand,x-test-footer-brand,app_component_html,alpha-target,a,Attribute Value Modification,SAVED,,LLMR_app_component_html_app_footer_brand_alf_a
app-footer-brand,x-test-footer-brand,app_component_html,alpha-target,b,Attribute Removal,SAVED,,LLMR_app_component_html_app_footer_brand_alf_b
app-footer-brand,x-test-footer-brand,app_component_html,alpha-target,c,Attribute Identifier Modification,SAVED,,LLMR_app_component_html_app_footer_brand_alf_c
app-footer-brand,x-test-footer-brand,app_component_html,alpha-target,d,Text Content Modification,SAVED,,LLMR_app_component_html_app_footer_brand_alf_d
app-footer-brand,x-test-footer-brand,app_component_html,alpha-target,e,Text Content Removal,SAVED,,LLMR_app_component_html_app_footer_brand_alf_e
app-footer-brand,x-test-footer-brand,app_component_html,alpha-target,j,HTML Tag Type Modification,SAVED,,LLMR_app_component_html_app_footer_brand_alf_j
app-footer-brand,x-test-footer-brand,app_component_html,alpha-target,k,HTML Tag Insertion,SAVED,,LLMR_app_component_html_app_footer_brand_alf_k
app-footer-brand,x-test-footer-brand,app_component_html,beta-parent,d,Text Content Modification,NA,no-text-content,-
app-footer-brand,x-test-footer-brand,app_component_html,beta-parent,e,Text Content Removal,NA,no-text-content,-
app-footer-brand,x-test-footer-brand,app_component_html,beta-parent,a,Attribute Value Modification,SAVED,,LLMR_app_component_html_app_footer_brand_bet_a
app-footer-brand,x-test-footer-brand,app_component_html,beta-parent,b,Attribute Removal,SAVED,,LLMR_app_component_html_app_footer_brand_bet_b
app-footer-brand,x-test-footer-brand,app_component_html,beta-parent,c,Attribute Identifier Modification,SAVED,,LLMR_app_component_html_app_footer_brand_bet_c
app-footer-brand,x-test-footer-brand,app_component_html,beta-parent,i,HTML Tag Removal,SAVED,,LLMR_app_component_html_app_footer_brand_bet_i
app-footer-brand,x-test-footer-brand,app_component_html,beta-parent,j,HTML Tag Type Modification,SAVED,,LLMR_app_component_html_app_footer_brand_bet_j
app-footer-brand,x-test-footer-brand,app_component_html,beta-parent,k,HTML Tag Insertion,SAVED,,LLMR_app_component_html_app_footer_brand_bet_k
app-footer-brand,x-test-footer-brand,app_component_html,gamma-ancestor,d,Text Content Modification,NA,no-text-content,-
app-footer-brand,x-test-footer-brand,app_component_html,gamma-ancestor,e,Text Content Removal,NA,no-text-content,-
app-footer-brand,x-test-footer-brand,app_component_html,gamma-ancestor,a,Attribute Value Modification,SAVED,,LLMR_app_component_html_app_footer_brand_gam_a
app-footer-brand,x-test-footer-brand,app_component_html,gamma-ancestor,b,Attribute Removal,SAVED,,LLMR_app_component_html_app_footer_brand_gam_b
app-footer-brand,x-test-footer-brand,app_component_html,gamma-ancestor,c,Attribute Identifier Modification,SAVED,,LLMR_app_component_html_app_footer_brand_gam_c
app-footer-brand,x-test-footer-brand,app_component_html,gamma-ancestor,i,HTML Tag Removal,SAVED,,LLMR_app_component_html_app_footer_brand_gam_i
app-footer-brand,x-test-footer-brand,app_component_html,gamma-ancestor,j,HTML Tag Type Modification,SAVED,,LLMR_app_component_html_app_footer_brand_gam_j
app-footer-brand,x-test-footer-brand,app_component_html,gamma-ancestor,k,HTML Tag Insertion,SAVED,,LLMR_app_component_html_app_footer_brand_gam_k
app-footer-brand,x-test-footer-brand,app_component_html,delta-sibling,a,Attribute Value Modification,SAVED,,LLMR_app_component_html_app_footer_brand_del_a
app-footer-brand,x-test-footer-brand,app_component_html,delta-sibling,b,Attribute Removal,SAVED,,LLMR_app_component_html_app_footer_brand_del_b
app-footer-brand,x-test-footer-brand,app_component_html,delta-sibling,c,Attribute Identifier Modification,SAVED,,LLMR_app_component_html_app_footer_brand_del_c
app-footer-brand,x-test-footer-brand,app_component_html,delta-sibling,d,Text Content Modification,SAVED,,LLMR_app_component_html_app_footer_brand_del_d
app-footer-brand,x-test-footer-brand,app_component_html,delta-sibling,e,Text Content Removal,SAVED,,LLMR_app_component_html_app_footer_brand_del_e
app-footer-brand,x-test-footer-brand,app_component_html,delta-sibling,i,HTML Tag Removal,SAVED,,LLMR_app_component_html_app_footer_brand_del_i
app-footer-brand,x-test-footer-brand,app_component_html,delta-sibling,j,HTML Tag Type Modification,SAVED,,LLMR_app_component_html_app_footer_brand_del_j
app-footer-brand,x-test-footer-brand,app_component_html,delta-sibling,k,HTML Tag Insertion,SAVED,,LLMR_app_component_html_app_footer_brand_del_k
app-footer-brand,x-test-footer-brand,app_component_html,epsilon-component,a,Attribute Value Modification,NA,no-such-role,-
app-footer-brand,x-test-footer-brand,app_component_html,epsilon-component,b,Attribute Removal,NA,no-such-role,-
app-footer-brand,x-test-footer-brand,app_component_html,epsilon-component,c,Attribute Identifier Modification,NA,no-such-role,-
app-footer-brand,x-test-footer-brand,app_component_html,epsilon-component,d,Text Content Modification,NA,no-such-role,-
app-footer-brand,x-test-footer-brand,app_component_html,epsilon-component,e,Text Content Removal,NA,no-such-role,-
app-footer-brand,x-test-footer-brand,app_component_html,epsilon-component,i,HTML Tag Removal,NA,no-such-role,-
app-footer-brand,x-test-footer-brand,app_component_html,epsilon-component,j,HTML Tag Type Modification,NA,no-such-role,-
app-footer-brand,x-test-footer-brand,app_component_html,epsilon-component,k,HTML Tag Insertion,NA,no-such-role,-
app-footer-version,x-test-footer-version,app_component_html,alpha-target,i,HTML Tag Removal,NA,would-drop-x-test,-
app-footer-version,x-test-footer-version,app_component_html,alpha-target,a,Attribute Value Modification,SAVED,,LLMR_app_component_html_app_footer_version_alf_a
app-footer-version,x-test-footer-version,app_component_html,alpha-target,b,Attribute Removal,SAVED,,LLMR_app_component_html_app_footer_version_alf_b
app-footer-version,x-test-footer-version,app_component_html,alpha-target,c,Attribute Identifier Modification,SAVED,,LLMR_app_component_html_app_footer_version_alf_c
app-footer-version,x-test-footer-version,app_component_html,alpha-target,d,Text Content Modification,SAVED,,LLMR_app_component_html_app_footer_version_alf_d
app-footer-version,x-test-footer-version,app_component_html,alpha-target,e,Text Content Removal,SAVED,,LLMR_app_component_html_app_footer_version_alf_e
app-footer-version,x-test-footer-version,app_component_html,alpha-target,j,HTML Tag Type Modification,SAVED,,LLMR_app_component_html_app_footer_version_alf_j
app-footer-version,x-test-footer-version,app_component_html,alpha-target,k,HTML Tag Insertion,SAVED,,LLMR_app_component_html_app_footer_version_alf_k
app-footer-version,x-test-footer-version,app_component_html,beta-parent,d,Text Content Modification,NA,no-text-content,-
app-footer-version,x-test-footer-version,app_component_html,beta-parent,e,Text Content Removal,NA,no-text-content,-
app-footer-version,x-test-footer-version,app_component_html,beta-parent,a,Attribute Value Modification,SAVED,,LLMR_app_component_html_app_footer_version_bet_a
app-footer-version,x-test-footer-version,app_component_html,beta-parent,b,Attribute Removal,SAVED,,LLMR_app_component_html_app_footer_version_bet_b
app-footer-version,x-test-footer-version,app_component_html,beta-parent,c,Attribute Identifier Modification,SAVED,,LLMR_app_component_html_app_footer_version_bet_c
app-footer-version,x-test-footer-version,app_component_html,beta-parent,i,HTML Tag Removal,SAVED,,LLMR_app_component_html_app_footer_version_bet_i
app-footer-version,x-test-footer-version,app_component_html,beta-parent,j,HTML Tag Type Modification,SAVED,,LLMR_app_component_html_app_footer_version_bet_j
app-footer-version,x-test-footer-version,app_component_html,beta-parent,k,HTML Tag Insertion,SAVED,,LLMR_app_component_html_app_footer_version_bet_k
app-footer-version,x-test-footer-version,app_component_html,gamma-ancestor,d,Text Content Modification,NA,no-text-content,-
app-footer-version,x-test-footer-version,app_component_html,gamma-ancestor,e,Text Content Removal,NA,no-text-content,-
app-footer-version,x-test-footer-version,app_component_html,gamma-ancestor,a,Attribute Value Modification,SAVED,,LLMR_app_component_html_app_footer_version_gam_a
app-footer-version,x-test-footer-version,app_component_html,gamma-ancestor,b,Attribute Removal,REJECTED,duplicate,-
app-footer-version,x-test-footer-version,app_component_html,gamma-ancestor,c,Attribute Identifier Modification,SAVED,,LLMR_app_component_html_app_footer_version_gam_c
app-footer-version,x-test-footer-version,app_component_html,gamma-ancestor,i,HTML Tag Removal,REJECTED,duplicate,-
app-footer-version,x-test-footer-version,app_component_html,gamma-ancestor,j,HTML Tag Type Modification,SAVED,,LLMR_app_component_html_app_footer_version_gam_j
app-footer-version,x-test-footer-version,app_component_html,gamma-ancestor,k,HTML Tag Insertion,SAVED,,LLMR_app_component_html_app_footer_version_gam_k
app-footer-version,x-test-footer-version,app_component_html,delta-sibling,a,Attribute Value Modification,SAVED,,LLMR_app_component_html_app_footer_version_del_a
app-footer-version,x-test-footer-version,app_component_html,delta-sibling,b,Attribute Removal,SAVED,,LLMR_app_component_html_app_footer_version_del_b
app-footer-version,x-test-footer-version,app_component_html,delta-sibling,c,Attribute Identifier Modification,SAVED,,LLMR_app_component_html_app_footer_version_del_c
app-footer-version,x-test-footer-version,app_component_html,delta-sibling,d,Text Content Modification,SAVED,,LLMR_app_component_html_app_footer_version_del_d
app-footer-version,x-test-footer-version,app_component_html,delta-sibling,e,Text Content Removal,SAVED,,LLMR_app_component_html_app_footer_version_del_e
app-footer-version,x-test-footer-version,app_component_html,delta-sibling,i,HTML Tag Removal,SAVED,,LLMR_app_component_html_app_footer_version_del_i
app-footer-version,x-test-footer-version,app_component_html,delta-sibling,j,HTML Tag Type Modification,SAVED,,LLMR_app_component_html_app_footer_version_del_j
app-footer-version,x-test-footer-version,app_component_html,delta-sibling,k,HTML Tag Insertion,SAVED,,LLMR_app_component_html_app_footer_version_del_k
app-footer-version,x-test-footer-version,app_component_html,epsilon-component,a,Attribute Value Modification,NA,no-such-role,-
app-footer-version,x-test-footer-version,app_component_html,epsilon-component,b,Attribute Removal,NA,no-such-role,-
app-footer-version,x-test-footer-version,app_component_html,epsilon-component,c,Attribute Identifier Modification,NA,no-such-role,-
app-footer-version,x-test-footer-version,app_component_html,epsilon-component,d,Text Content Modification,NA,no-such-role,-
app-footer-version,x-test-footer-version,app_component_html,epsilon-component,e,Text Content Removal,NA,no-such-role,-
app-footer-version,x-test-footer-version,app_component_html,epsilon-component,i,HTML Tag Removal,NA,no-such-role,-
app-footer-version,x-test-footer-version,app_component_html,epsilon-component,j,HTML Tag Type Modification,NA,no-such-role,-
app-footer-version,x-test-footer-version,app_component_html,epsilon-component,k,HTML Tag Insertion,NA,no-such-role,-
header-brand-name,x-test-brand-name,header_component_html,alpha-target,i,HTML Tag Removal,NA,would-drop-x-test,-
header-brand-name,x-test-brand-name,header_component_html,alpha-target,a,Attribute Value Modification,SAVED,,LLMR_header_component_html_header_brand_name_alf_a
header-brand-name,x-test-brand-name,header_component_html,alpha-target,b,Attribute Removal,SAVED,,LLMR_header_component_html_header_brand_name_alf_b
header-brand-name,x-test-brand-name,header_component_html,alpha-target,c,Attribute Identifier Modification,SAVED,,LLMR_header_component_html_header_brand_name_alf_c
header-brand-name,x-test-brand-name,header_component_html,alpha-target,d,Text Content Modification,SAVED,,LLMR_header_component_html_header_brand_name_alf_d
header-brand-name,x-test-brand-name,header_component_html,alpha-target,e,Text Content Removal,SAVED,,LLMR_header_component_html_header_brand_name_alf_e
header-brand-name,x-test-brand-name,header_component_html,alpha-target,j,HTML Tag Type Modification,SAVED,,LLMR_header_component_html_header_brand_name_alf_j
header-brand-name,x-test-brand-name,header_component_html,alpha-target,k,HTML Tag Insertion,SAVED,,LLMR_header_component_html_header_brand_name_alf_k
header-brand-name,x-test-brand-name,header_component_html,beta-parent,d,Text Content Modification,NA,no-text-content,-
header-brand-name,x-test-brand-name,header_component_html,beta-parent,e,Text Content Removal,NA,no-text-content,-
header-brand-name,x-test-brand-name,header_component_html,beta-parent,a,Attribute Value Modification,SAVED,,LLMR_header_component_html_header_brand_name_bet_a
header-brand-name,x-test-brand-name,header_component_html,beta-parent,b,Attribute Removal,SAVED,,LLMR_header_component_html_header_brand_name_bet_b
header-brand-name,x-test-brand-name,header_component_html,beta-parent,c,Attribute Identifier Modification,SAVED,,LLMR_header_component_html_header_brand_name_bet_c
header-brand-name,x-test-brand-name,header_component_html,beta-parent,i,HTML Tag Removal,SAVED,,LLMR_header_component_html_header_brand_name_bet_i
header-brand-name,x-test-brand-name,header_component_html,beta-parent,j,HTML Tag Type Modification,SAVED,,LLMR_header_component_html_header_brand_name_bet_j
header-brand-name,x-test-brand-name,header_component_html,beta-parent,k,HTML Tag Insertion,SAVED,,LLMR_header_component_html_header_brand_name_bet_k
header-brand-name,x-test-brand-name,header_component_html,gamma-ancestor,d,Text Content Modification,NA,no-text-content,-
header-brand-name,x-test-brand-name,header_component_html,gamma-ancestor,e,Text Content Removal,NA,no-text-content,-
header-brand-name,x-test-brand-name,header_component_html,gamma-ancestor,a,Attribute Value Modification,SAVED,,LLMR_header_component_html_header_brand_name_gam_a
header-brand-name,x-test-brand-name,header_component_html,gamma-ancestor,b,Attribute Removal,SAVED,,LLMR_header_component_html_header_brand_name_gam_b
header-brand-name,x-test-brand-name,header_component_html,gamma-ancestor,c,Attribute Identifier Modification,SAVED,,LLMR_header_component_html_header_brand_name_gam_c
header-brand-name,x-test-brand-name,header_component_html,gamma-ancestor,i,HTML Tag Removal,SAVED,,LLMR_header_component_html_header_brand_name_gam_i
header-brand-name,x-test-brand-name,header_component_html,gamma-ancestor,j,HTML Tag Type Modification,SAVED,,LLMR_header_component_html_header_brand_name_gam_j
header-brand-name,x-test-brand-name,header_component_html,gamma-ancestor,k,HTML Tag Insertion,SAVED,,LLMR_header_component_html_header_brand_name_gam_k
header-brand-name,x-test-brand-name,header_component_html,delta-sibling,a,Attribute Value Modification,SAVED,,LLMR_header_component_html_header_brand_name_del_a
header-brand-name,x-test-brand-name,header_component_html,delta-sibling,b,Attribute Removal,SAVED,,LLMR_header_component_html_header_brand_name_del_b
header-brand-name,x-test-brand-name,header_component_html,delta-sibling,c,Attribute Identifier Modification,SAVED,,LLMR_header_component_html_header_brand_name_del_c
header-brand-name,x-test-brand-name,header_component_html,delta-sibling,d,Text Content Modification,SAVED,,LLMR_header_component_html_header_brand_name_del_d
header-brand-name,x-test-brand-name,header_component_html,delta-sibling,e,Text Content Removal,SAVED,,LLMR_header_component_html_header_brand_name_del_e
header-brand-name,x-test-brand-name,header_component_html,delta-sibling,i,HTML Tag Removal,SAVED,,LLMR_header_component_html_header_brand_name_del_i
header-brand-name,x-test-brand-name,header_component_html,delta-sibling,j,HTML Tag Type Modification,SAVED,,LLMR_header_component_html_header_brand_name_del_j
header-brand-name,x-test-brand-name,header_component_html,delta-sibling,k,HTML Tag Insertion,SAVED,,LLMR_header_component_html_header_brand_name_del_k
header-brand-name,x-test-brand-name,header_component_html,epsilon-component,a,Attribute Value Modification,NA,no-such-role,-
header-brand-name,x-test-brand-name,header_component_html,epsilon-component,b,Attribute Removal,NA,no-such-role,-
header-brand-name,x-test-brand-name,header_component_html,epsilon-component,c,Attribute Identifier Modification,NA,no-such-role,-
header-brand-name,x-test-brand-name,header_component_html,epsilon-component,d,Text Content Modification,NA,no-such-role,-
header-brand-name,x-test-brand-name,header_component_html,epsilon-component,e,Text Content Removal,NA,no-such-role,-
header-brand-name,x-test-brand-name,header_component_html,epsilon-component,i,HTML Tag Removal,NA,no-such-role,-
header-brand-name,x-test-brand-name,header_component_html,epsilon-component,j,HTML Tag Type Modification,NA,no-such-role,-
header-brand-name,x-test-brand-name,header_component_html,epsilon-component,k,HTML Tag Insertion,NA,no-such-role,-
header-nav-shopping,x-test-nav-shopping,header_component_html,alpha-target,i,HTML Tag Removal,NA,would-drop-x-test,-
header-nav-shopping,x-test-nav-shopping,header_component_html,alpha-target,a,Attribute Value Modification,SAVED,,LLMR_header_component_html_header_nav_shopping_alf_a
header-nav-shopping,x-test-nav-shopping,header_component_html,alpha-target,b,Attribute Removal,SAVED,,LLMR_header_component_html_header_nav_shopping_alf_b
header-nav-shopping,x-test-nav-shopping,header_component_html,alpha-target,c,Attribute Identifier Modification,SAVED,,LLMR_header_component_html_header_nav_shopping_alf_c
header-nav-shopping,x-test-nav-shopping,header_component_html,alpha-target,d,Text Content Modification,SAVED,,LLMR_header_component_html_header_nav_shopping_alf_d
header-nav-shopping,x-test-nav-shopping,header_component_html,alpha-target,e,Text Content Removal,SAVED,,LLMR_header_component_html_header_nav_shopping_alf_e
header-nav-shopping,x-test-nav-shopping,header_component_html,alpha-target,j,HTML Tag Type Modification,SAVED,,LLMR_header_component_html_header_nav_shopping_alf_j
header-nav-shopping,x-test-nav-shopping,header_component_html,alpha-target,k,HTML Tag Insertion,SAVED,,LLMR_header_component_html_header_nav_shopping_alf_k
header-nav-shopping,x-test-nav-shopping,header_component_html,beta-parent,d,Text Content Modification,NA,no-text-content,-
header-nav-shopping,x-test-nav-shopping,header_component_html,beta-parent,e,Text Content Removal,NA,no-text-content,-
header-nav-shopping,x-test-nav-shopping,header_component_html,beta-parent,a,Attribute Value Modification,SAVED,,LLMR_header_component_html_header_nav_shopping_bet_a
header-nav-shopping,x-test-nav-shopping,header_component_html,beta-parent,b,Attribute Removal,SAVED,,LLMR_header_component_html_header_nav_shopping_bet_b
header-nav-shopping,x-test-nav-shopping,header_component_html,beta-parent,c,Attribute Identifier Modification,SAVED,,LLMR_header_component_html_header_nav_shopping_bet_c
header-nav-shopping,x-test-nav-shopping,header_component_html,beta-parent,i,HTML Tag Removal,SAVED,,LLMR_header_component_html_header_nav_shopping_bet_i
header-nav-shopping,x-test-nav-shopping,header_component_html,beta-parent,j,HTML Tag Type Modification,SAVED,,LLMR_header_component_html_header_nav_shopping_bet_j
header-nav-shopping,x-test-nav-shopping,header_component_html,beta-parent,k,HTML Tag Insertion,SAVED,,LLMR_header_component_html_header_nav_shopping_bet_k
header-nav-shopping,x-test-nav-shopping,header_component_html,gamma-ancestor,d,Text Content Modification,NA,no-text-content,-
header-nav-shopping,x-test-nav-shopping,header_component_html,gamma-ancestor,e,Text Content Removal,NA,no-text-content,-
header-nav-shopping,x-test-nav-shopping,header_component_html,gamma-ancestor,a,Attribute Value Modification,SAVED,,LLMR_header_component_html_header_nav_shopping_gam_a
header-nav-shopping,x-test-nav-shopping,header_component_html,gamma-ancestor,b,Attribute Removal,SAVED,,LLMR_header_component_html_header_nav_shopping_gam_b
header-nav-shopping,x-test-nav-shopping,header_component_html,gamma-ancestor,c,Attribute Identifier Modification,SAVED,,LLMR_header_component_html_header_nav_shopping_gam_c
header-nav-shopping,x-test-nav-shopping,header_component_html,gamma-ancestor,i,HTML Tag Removal,SAVED,,LLMR_header_component_html_header_nav_shopping_gam_i
header-nav-shopping,x-test-nav-shopping,header_component_html,gamma-ancestor,j,HTML Tag Type Modification,SAVED,,LLMR_header_component_html_header_nav_shopping_gam_j
header-nav-shopping,x-test-nav-shopping,header_component_html,gamma-ancestor,k,HTML Tag Insertion,SAVED,,LLMR_header_component_html_header_nav_shopping_gam_k
header-nav-shopping,x-test-nav-shopping,header_component_html,delta-sibling,a,Attribute Value Modification,SAVED,,LLMR_header_component_html_header_nav_shopping_del_a
header-nav-shopping,x-test-nav-shopping,header_component_html,delta-sibling,b,Attribute Removal,SAVED,,LLMR_header_component_html_header_nav_shopping_del_b
header-nav-shopping,x-test-nav-shopping,header_component_html,delta-sibling,c,Attribute Identifier Modification,SAVED,,LLMR_header_component_html_header_nav_shopping_del_c
header-nav-shopping,x-test-nav-shopping,header_component_html,delta-sibling,d,Text Content Modification,SAVED,,LLMR_header_component_html_header_nav_shopping_del_d
header-nav-shopping,x-test-nav-shopping,header_component_html,delta-sibling,e,Text Content Removal,SAVED,,LLMR_header_component_html_header_nav_shopping_del_e
header-nav-shopping,x-test-nav-shopping,header_component_html,delta-sibling,i,HTML Tag Removal,SAVED,,LLMR_header_component_html_header_nav_shopping_del_i
header-nav-shopping,x-test-nav-shopping,header_component_html,delta-sibling,j,HTML Tag Type Modification,SAVED,,LLMR_header_component_html_header_nav_shopping_del_j
header-nav-shopping,x-test-nav-shopping,header_component_html,delta-sibling,k,HTML Tag Insertion,SAVED,,LLMR_header_component_html_header_nav_shopping_del_k
header-nav-shopping,x-test-nav-shopping,header_component_html,epsilon-component,a,Attribute Value Modification,NA,no-such-role,-
header-nav-shopping,x-test-nav-shopping,header_component_html,epsilon-component,b,Attribute Removal,NA,no-such-role,-
header-nav-shopping,x-test-nav-shopping,header_component_html,epsilon-component,c,Attribute Identifier Modification,NA,no-such-role,-
header-nav-shopping,x-test-nav-shopping,header_component_html,epsilon-component,d,Text Content Modification,NA,no-such-role,-
header-nav-shopping,x-test-nav-shopping,header_component_html,epsilon-component,e,Text Content Removal,NA,no-such-role,-
header-nav-shopping,x-test-nav-shopping,header_component_html,epsilon-component,i,HTML Tag Removal,NA,no-such-role,-
header-nav-shopping,x-test-nav-shopping,header_component_html,epsilon-component,j,HTML Tag Type Modification,NA,no-such-role,-
header-nav-shopping,x-test-nav-shopping,header_component_html,epsilon-component,k,HTML Tag Insertion,NA,no-such-role,-
header-nav-stats,x-test-nav-stats,header_component_html,alpha-target,i,HTML Tag Removal,NA,would-drop-x-test,-
header-nav-stats,x-test-nav-stats,header_component_html,alpha-target,a,Attribute Value Modification,SAVED,,LLMR_header_component_html_header_nav_stats_alf_a
header-nav-stats,x-test-nav-stats,header_component_html,alpha-target,b,Attribute Removal,SAVED,,LLMR_header_component_html_header_nav_stats_alf_b
header-nav-stats,x-test-nav-stats,header_component_html,alpha-target,c,Attribute Identifier Modification,SAVED,,LLMR_header_component_html_header_nav_stats_alf_c
header-nav-stats,x-test-nav-stats,header_component_html,alpha-target,d,Text Content Modification,SAVED,,LLMR_header_component_html_header_nav_stats_alf_d
header-nav-stats,x-test-nav-stats,header_component_html,alpha-target,e,Text Content Removal,SAVED,,LLMR_header_component_html_header_nav_stats_alf_e
header-nav-stats,x-test-nav-stats,header_component_html,alpha-target,j,HTML Tag Type Modification,SAVED,,LLMR_header_component_html_header_nav_stats_alf_j
header-nav-stats,x-test-nav-stats,header_component_html,alpha-target,k,HTML Tag Insertion,SAVED,,LLMR_header_component_html_header_nav_stats_alf_k
header-nav-stats,x-test-nav-stats,header_component_html,beta-parent,d,Text Content Modification,NA,no-text-content,-
header-nav-stats,x-test-nav-stats,header_component_html,beta-parent,e,Text Content Removal,NA,no-text-content,-
header-nav-stats,x-test-nav-stats,header_component_html,beta-parent,a,Attribute Value Modification,SAVED,,LLMR_header_component_html_header_nav_stats_bet_a
header-nav-stats,x-test-nav-stats,header_component_html,beta-parent,b,Attribute Removal,SAVED,,LLMR_header_component_html_header_nav_stats_bet_b
header-nav-stats,x-test-nav-stats,header_component_html,beta-parent,c,Attribute Identifier Modification,SAVED,,LLMR_header_component_html_header_nav_stats_bet_c
header-nav-stats,x-test-nav-stats,header_component_html,beta-parent,i,HTML Tag Removal,SAVED,,LLMR_header_component_html_header_nav_stats_bet_i
header-nav-stats,x-test-nav-stats,header_component_html,beta-parent,j,HTML Tag Type Modification,SAVED,,LLMR_header_component_html_header_nav_stats_bet_j
header-nav-stats,x-test-nav-stats,header_component_html,beta-parent,k,HTML Tag Insertion,SAVED,,LLMR_header_component_html_header_nav_stats_bet_k
header-nav-stats,x-test-nav-stats,header_component_html,gamma-ancestor,d,Text Content Modification,NA,no-text-content,-
header-nav-stats,x-test-nav-stats,header_component_html,gamma-ancestor,e,Text Content Removal,NA,no-text-content,-
header-nav-stats,x-test-nav-stats,header_component_html,gamma-ancestor,a,Attribute Value Modification,SAVED,,LLMR_header_component_html_header_nav_stats_gam_a
header-nav-stats,x-test-nav-stats,header_component_html,gamma-ancestor,b,Attribute Removal,REJECTED,duplicate,-
header-nav-stats,x-test-nav-stats,header_component_html,gamma-ancestor,c,Attribute Identifier Modification,SAVED,,LLMR_header_component_html_header_nav_stats_gam_c
header-nav-stats,x-test-nav-stats,header_component_html,gamma-ancestor,i,HTML Tag Removal,REJECTED,duplicate,-
header-nav-stats,x-test-nav-stats,header_component_html,gamma-ancestor,j,HTML Tag Type Modification,REJECTED,duplicate,-
header-nav-stats,x-test-nav-stats,header_component_html,gamma-ancestor,k,HTML Tag Insertion,REJECTED,duplicate,-
header-nav-stats,x-test-nav-stats,header_component_html,delta-sibling,a,Attribute Value Modification,SAVED,,LLMR_header_component_html_header_nav_stats_del_a
header-nav-stats,x-test-nav-stats,header_component_html,delta-sibling,b,Attribute Removal,SAVED,,LLMR_header_component_html_header_nav_stats_del_b
header-nav-stats,x-test-nav-stats,header_component_html,delta-sibling,c,Attribute Identifier Modification,SAVED,,LLMR_header_component_html_header_nav_stats_del_c
header-nav-stats,x-test-nav-stats,header_component_html,delta-sibling,d,Text Content Modification,SAVED,,LLMR_header_component_html_header_nav_stats_del_d
header-nav-stats,x-test-nav-stats,header_component_html,delta-sibling,e,Text Content Removal,SAVED,,LLMR_header_component_html_header_nav_stats_del_e
header-nav-stats,x-test-nav-stats,header_component_html,delta-sibling,i,HTML Tag Removal,SAVED,,LLMR_header_component_html_header_nav_stats_del_i
header-nav-stats,x-test-nav-stats,header_component_html,delta-sibling,j,HTML Tag Type Modification,SAVED,,LLMR_header_component_html_header_nav_stats_del_j
header-nav-stats,x-test-nav-stats,header_component_html,delta-sibling,k,HTML Tag Insertion,SAVED,,LLMR_header_component_html_header_nav_stats_del_k
header-nav-stats,x-test-nav-stats,header_component_html,epsilon-component,a,Attribute Value Modification,NA,no-such-role,-
header-nav-stats,x-test-nav-stats,header_component_html,epsilon-component,b,Attribute Removal,NA,no-such-role,-
header-nav-stats,x-test-nav-stats,header_component_html,epsilon-component,c,Attribute Identifier Modification,NA,no-such-role,-
header-nav-stats,x-test-nav-stats,header_component_html,epsilon-component,d,Text Content Modification,NA,no-such-role,-
header-nav-stats,x-test-nav-stats,header_component_html,epsilon-component,e,Text Content Removal,NA,no-such-role,-
header-nav-stats,x-test-nav-stats,header_component_html,epsilon-component,i,HTML Tag Removal,NA,no-such-role,-
header-nav-stats,x-test-nav-stats,header_component_html,epsilon-component,j,HTML Tag Type Modification,NA,no-such-role,-
header-nav-stats,x-test-nav-stats,header_component_html,epsilon-component,k,HTML Tag Insertion,NA,no-such-role,-
toast-toast-message,x-test-toast-message,toast_component_html,alpha-target,i,HTML Tag Removal,NA,would-drop-x-test,-
toast-toast-message,x-test-toast-message,toast_component_html,alpha-target,a,Attribute Value Modification,SAVED,,LLMR_toast_component_html_toast_toast_message_alf_a
toast-toast-message,x-test-toast-message,toast_component_html,alpha-target,b,Attribute Removal,SAVED,,LLMR_toast_component_html_toast_toast_message_alf_b
toast-toast-message,x-test-toast-message,toast_component_html,alpha-target,c,Attribute Identifier Modification,SAVED,,LLMR_toast_component_html_toast_toast_message_alf_c
toast-toast-message,x-test-toast-message,toast_component_html,alpha-target,d,Text Content Modification,SAVED,,LLMR_toast_component_html_toast_toast_message_alf_d
toast-toast-message,x-test-toast-message,toast_component_html,alpha-target,e,Text Content Removal,SAVED,,LLMR_toast_component_html_toast_toast_message_alf_e
toast-toast-message,x-test-toast-message,toast_component_html,alpha-target,j,HTML Tag Type Modification,SAVED,,LLMR_toast_component_html_toast_toast_message_alf_j
toast-toast-message,x-test-toast-message,toast_component_html,alpha-target,k,HTML Tag Insertion,SAVED,,LLMR_toast_component_html_toast_toast_message_alf_k
toast-toast-message,x-test-toast-message,toast_component_html,beta-parent,d,Text Content Modification,NA,no-text-content,-
toast-toast-message,x-test-toast-message,toast_component_html,beta-parent,e,Text Content Removal,NA,no-text-content,-
toast-toast-message,x-test-toast-message,toast_component_html,beta-parent,a,Attribute Value Modification,SAVED,,LLMR_toast_component_html_toast_toast_message_bet_a
toast-toast-message,x-test-toast-message,toast_component_html,beta-parent,b,Attribute Removal,SAVED,,LLMR_toast_component_html_toast_toast_message_bet_b
toast-toast-message,x-test-toast-message,toast_component_html,beta-parent,c,Attribute Identifier Modification,SAVED,,LLMR_toast_component_html_toast_toast_message_bet_c
toast-toast-message,x-test-toast-message,toast_component_html,beta-parent,i,HTML Tag Removal,SAVED,,LLMR_toast_component_html_toast_toast_message_bet_i
toast-toast-message,x-test-toast-message,toast_component_html,beta-parent,j,HTML Tag Type Modification,SAVED,,LLMR_toast_component_html_toast_toast_message_bet_j
toast-toast-message,x-test-toast-message,toast_component_html,beta-parent,k,HTML Tag Insertion,SAVED,,LLMR_toast_component_html_toast_toast_message_bet_k
toast-toast-message,x-test-toast-message,toast_component_html,gamma-ancestor,d,Text Content Modification,NA,no-text-content,-
toast-toast-message,x-test-toast-message,toast_component_html,gamma-ancestor,e,Text Content Removal,NA,no-text-content,-
toast-toast-message,x-test-toast-message,toast_component_html,gamma-ancestor,i,HTML Tag Removal,NA,root-element,-
toast-toast-message,x-test-toast-message,toast_component_html,gamma-ancestor,a,Attribute Value Modification,SAVED,,LLMR_toast_component_html_toast_toast_message_gam_a
toast-toast-message,x-test-toast-message,toast_component_html,gamma-ancestor,b,Attribute Removal,SAVED,,LLMR_toast_component_html_toast_toast_message_gam_b
toast-toast-message,x-test-toast-message,toast_component_html,gamma-ancestor,c,Attribute Identifier Modification,SAVED,,LLMR_toast_component_html_toast_toast_message_gam_c
toast-toast-message,x-test-toast-message,toast_component_html,gamma-ancestor,j,HTML Tag Type Modification,SAVED,,LLMR_toast_component_html_toast_toast_message_gam_j
toast-toast-message,x-test-toast-message,toast_component_html,gamma-ancestor,k,HTML Tag Insertion,SAVED,,LLMR_toast_component_html_toast_toast_message_gam_k
toast-toast-message,x-test-toast-message,toast_component_html,delta-sibling,a,Attribute Value Modification,SAVED,,LLMR_toast_component_html_toast_toast_message_del_a
toast-toast-message,x-test-toast-message,toast_component_html,delta-sibling,b,Attribute Removal,SAVED,,LLMR_toast_component_html_toast_toast_message_del_b
toast-toast-message,x-test-toast-message,toast_component_html,delta-sibling,c,Attribute Identifier Modification,SAVED,,LLMR_toast_component_html_toast_toast_message_del_c
toast-toast-message,x-test-toast-message,toast_component_html,delta-sibling,d,Text Content Modification,SAVED,,LLMR_toast_component_html_toast_toast_message_del_d
toast-toast-message,x-test-toast-message,toast_component_html,delta-sibling,e,Text Content Removal,SAVED,,LLMR_toast_component_html_toast_toast_message_del_e
toast-toast-message,x-test-toast-message,toast_component_html,delta-sibling,i,HTML Tag Removal,SAVED,,LLMR_toast_component_html_toast_toast_message_del_i
toast-toast-message,x-test-toast-message,toast_component_html,delta-sibling,j,HTML Tag Type Modification,SAVED,,LLMR_toast_component_html_toast_toast_message_del_j
toast-toast-message,x-test-toast-message,toast_component_html,delta-sibling,k,HTML Tag Insertion,SAVED,,LLMR_toast_component_html_toast_toast_message_del_k
toast-toast-message,x-test-toast-message,toast_component_html,epsilon-component,a,Attribute Value Modification,NA,no-such-role,-
toast-toast-message,x-test-toast-message,toast_component_html,epsilon-component,b,Attribute Removal,NA,no-such-role,-
toast-toast-message,x-test-toast-message,toast_component_html,epsilon-component,c,Attribute Identifier Modification,NA,no-such-role,-
toast-toast-message,x-test-toast-message,toast_component_html,epsilon-component,d,Text Content Modification,NA,no-such-role,-
toast-toast-message,x-test-toast-message,toast_component_html,epsilon-component,e,Text Content Removal,NA,no-such-role,-
toast-toast-message,x-test-toast-message,toast_component_html,epsilon-component,i,HTML Tag Removal,NA,no-such-role,-
toast-toast-message,x-test-toast-message,toast_component_html,epsilon-component,j,HTML Tag Type Modification,NA,no-such-role,-
toast-toast-message,x-test-toast-message,toast_component_html,epsilon-component,k,HTML Tag Insertion,NA,no-such-role,-
recipe-list-list-title,x-test-list-title,recipe_list_component_html,alpha-target,i,HTML Tag Removal,NA,would-drop-x-test,-
recipe-list-list-title,x-test-list-title,recipe_list_component_html,alpha-target,a,Attribute Value Modification,SAVED,,LLMR_recipe_list_component_html_recipe_list_list_title_alf_a
recipe-list-list-title,x-test-list-title,recipe_list_component_html,alpha-target,b,Attribute Removal,SAVED,,LLMR_recipe_list_component_html_recipe_list_list_title_alf_b
recipe-list-list-title,x-test-list-title,recipe_list_component_html,alpha-target,c,Attribute Identifier Modification,SAVED,,LLMR_recipe_list_component_html_recipe_list_list_title_alf_c
recipe-list-list-title,x-test-list-title,recipe_list_component_html,alpha-target,d,Text Content Modification,SAVED,,LLMR_recipe_list_component_html_recipe_list_list_title_alf_d
recipe-list-list-title,x-test-list-title,recipe_list_component_html,alpha-target,e,Text Content Removal,SAVED,,LLMR_recipe_list_component_html_recipe_list_list_title_alf_e
recipe-list-list-title,x-test-list-title,recipe_list_component_html,alpha-target,j,HTML Tag Type Modification,SAVED,,LLMR_recipe_list_component_html_recipe_list_list_title_alf_j
recipe-list-list-title,x-test-list-title,recipe_list_component_html,alpha-target,k,HTML Tag Insertion,SAVED,,LLMR_recipe_list_component_html_recipe_list_list_title_alf_k
recipe-list-list-title,x-test-list-title,recipe_list_component_html,beta-parent,d,Text Content Modification,NA,no-text-content,-
recipe-list-list-title,x-test-list-title,recipe_list_component_html,beta-parent,e,Text Content Removal,NA,no-text-content,-
recipe-list-list-title,x-test-list-title,recipe_list_component_html,beta-parent,a,Attribute Value Modification,SAVED,,LLMR_recipe_list_component_html_recipe_list_list_title_bet_a
recipe-list-list-title,x-test-list-title,recipe_list_component_html,beta-parent,b,Attribute Removal,SAVED,,LLMR_recipe_list_component_html_recipe_list_list_title_bet_b
recipe-list-list-title,x-test-list-title,recipe_list_component_html,beta-parent,c,Attribute Identifier Modification,SAVED,,LLMR_recipe_list_component_html_recipe_list_list_title_bet_c
recipe-list-list-title,x-test-list-title,recipe_list_component_html,beta-parent,i,HTML Tag Removal,SAVED,,LLMR_recipe_list_component_html_recipe_list_list_title_bet_i
recipe-list-list-title,x-test-list-title,recipe_list_component_html,beta-parent,j,HTML Tag Type Modification,SAVED,,LLMR_recipe_list_component_html_recipe_list_list_title_bet_j
recipe-list-list-title,x-test-list-title,recipe_list_component_html,beta-parent,k,HTML Tag Insertion,SAVED,,LLMR_recipe_list_component_html_recipe_list_list_title_bet_k
recipe-list-list-title,x-test-list-title,recipe_list_component_html,gamma-ancestor,d,Text Content Modification,NA,no-text-content,-
recipe-list-list-title,x-test-list-title,recipe_list_component_html,gamma-ancestor,e,Text Content Removal,NA,no-text-content,-
recipe-list-list-title,x-test-list-title,recipe_list_component_html,gamma-ancestor,a,Attribute Value Modification,SAVED,,LLMR_recipe_list_component_html_recipe_list_list_title_gam_a
recipe-list-list-title,x-test-list-title,recipe_list_component_html,gamma-ancestor,b,Attribute Removal,SAVED,,LLMR_recipe_list_component_html_recipe_list_list_title_gam_b
recipe-list-list-title,x-test-list-title,recipe_list_component_html,gamma-ancestor,c,Attribute Identifier Modification,SAVED,,LLMR_recipe_list_component_html_recipe_list_list_title_gam_c
recipe-list-list-title,x-test-list-title,recipe_list_component_html,gamma-ancestor,i,HTML Tag Removal,SAVED,,LLMR_recipe_list_component_html_recipe_list_list_title_gam_i
recipe-list-list-title,x-test-list-title,recipe_list_component_html,gamma-ancestor,j,HTML Tag Type Modification,SAVED,,LLMR_recipe_list_component_html_recipe_list_list_title_gam_j
recipe-list-list-title,x-test-list-title,recipe_list_component_html,gamma-ancestor,k,HTML Tag Insertion,SAVED,,LLMR_recipe_list_component_html_recipe_list_list_title_gam_k
recipe-list-list-title,x-test-list-title,recipe_list_component_html,delta-sibling,a,Attribute Value Modification,SAVED,,LLMR_recipe_list_component_html_recipe_list_list_title_del_a
recipe-list-list-title,x-test-list-title,recipe_list_component_html,delta-sibling,b,Attribute Removal,SAVED,,LLMR_recipe_list_component_html_recipe_list_list_title_del_b
recipe-list-list-title,x-test-list-title,recipe_list_component_html,delta-sibling,c,Attribute Identifier Modification,SAVED,,LLMR_recipe_list_component_html_recipe_list_list_title_del_c
recipe-list-list-title,x-test-list-title,recipe_list_component_html,delta-sibling,d,Text Content Modification,SAVED,,LLMR_recipe_list_component_html_recipe_list_list_title_del_d
recipe-list-list-title,x-test-list-title,recipe_list_component_html,delta-sibling,e,Text Content Removal,SAVED,,LLMR_recipe_list_component_html_recipe_list_list_title_del_e
recipe-list-list-title,x-test-list-title,recipe_list_component_html,delta-sibling,i,HTML Tag Removal,SAVED,,LLMR_recipe_list_component_html_recipe_list_list_title_del_i
recipe-list-list-title,x-test-list-title,recipe_list_component_html,delta-sibling,j,HTML Tag Type Modification,SAVED,,LLMR_recipe_list_component_html_recipe_list_list_title_del_j
recipe-list-list-title,x-test-list-title,recipe_list_component_html,delta-sibling,k,HTML Tag Insertion,SAVED,,LLMR_recipe_list_component_html_recipe_list_list_title_del_k
recipe-list-list-title,x-test-list-title,recipe_list_component_html,epsilon-component,a,Attribute Value Modification,NA,no-such-role,-
recipe-list-list-title,x-test-list-title,recipe_list_component_html,epsilon-component,b,Attribute Removal,NA,no-such-role,-
recipe-list-list-title,x-test-list-title,recipe_list_component_html,epsilon-component,c,Attribute Identifier Modification,NA,no-such-role,-
recipe-list-list-title,x-test-list-title,recipe_list_component_html,epsilon-component,d,Text Content Modification,NA,no-such-role,-
recipe-list-list-title,x-test-list-title,recipe_list_component_html,epsilon-component,e,Text Content Removal,NA,no-such-role,-
recipe-list-list-title,x-test-list-title,recipe_list_component_html,epsilon-component,i,HTML Tag Removal,NA,no-such-role,-
recipe-list-list-title,x-test-list-title,recipe_list_component_html,epsilon-component,j,HTML Tag Type Modification,NA,no-such-role,-
recipe-list-list-title,x-test-list-title,recipe_list_component_html,epsilon-component,k,HTML Tag Insertion,NA,no-such-role,-
recipe-list-search,x-test-search,recipe_list_component_html,alpha-target,d,Text Content Modification,NA,no-text-content,-
recipe-list-search,x-test-search,recipe_list_component_html,alpha-target,e,Text Content Removal,NA,no-text-content,-
recipe-list-search,x-test-search,recipe_list_component_html,alpha-target,i,HTML Tag Removal,NA,would-drop-x-test,-
recipe-list-search,x-test-search,recipe_list_component_html,alpha-target,a,Attribute Value Modification,SAVED,,LLMR_recipe_list_component_html_recipe_list_search_alf_a
recipe-list-search,x-test-search,recipe_list_component_html,alpha-target,b,Attribute Removal,SAVED,,LLMR_recipe_list_component_html_recipe_list_search_alf_b
recipe-list-search,x-test-search,recipe_list_component_html,alpha-target,c,Attribute Identifier Modification,SAVED,,LLMR_recipe_list_component_html_recipe_list_search_alf_c
recipe-list-search,x-test-search,recipe_list_component_html,alpha-target,j,HTML Tag Type Modification,SAVED,,LLMR_recipe_list_component_html_recipe_list_search_alf_j
recipe-list-search,x-test-search,recipe_list_component_html,alpha-target,k,HTML Tag Insertion,SAVED,,LLMR_recipe_list_component_html_recipe_list_search_alf_k
recipe-list-search,x-test-search,recipe_list_component_html,beta-parent,d,Text Content Modification,NA,no-text-content,-
recipe-list-search,x-test-search,recipe_list_component_html,beta-parent,e,Text Content Removal,NA,no-text-content,-
recipe-list-search,x-test-search,recipe_list_component_html,beta-parent,a,Attribute Value Modification,SAVED,,LLMR_recipe_list_component_html_recipe_list_search_bet_a
recipe-list-search,x-test-search,recipe_list_component_html,beta-parent,b,Attribute Removal,SAVED,,LLMR_recipe_list_component_html_recipe_list_search_bet_b
recipe-list-search,x-test-search,recipe_list_component_html,beta-parent,c,Attribute Identifier Modification,SAVED,,LLMR_recipe_list_component_html_recipe_list_search_bet_c
recipe-list-search,x-test-search,recipe_list_component_html,beta-parent,i,HTML Tag Removal,SAVED,,LLMR_recipe_list_component_html_recipe_list_search_bet_i
recipe-list-search,x-test-search,recipe_list_component_html,beta-parent,j,HTML Tag Type Modification,SAVED,,LLMR_recipe_list_component_html_recipe_list_search_bet_j
recipe-list-search,x-test-search,recipe_list_component_html,beta-parent,k,HTML Tag Insertion,SAVED,,LLMR_recipe_list_component_html_recipe_list_search_bet_k
recipe-list-search,x-test-search,recipe_list_component_html,gamma-ancestor,d,Text Content Modification,NA,no-text-content,-
recipe-list-search,x-test-search,recipe_list_component_html,gamma-ancestor,e,Text Content Removal,NA,no-text-content,-
recipe-list-search,x-test-search,recipe_list_component_html,gamma-ancestor,a,Attribute Value Modification,SAVED,,LLMR_recipe_list_component_html_recipe_list_search_gam_a
recipe-list-search,x-test-search,recipe_list_component_html,gamma-ancestor,b,Attribute Removal,SAVED,,LLMR_recipe_list_component_html_recipe_list_search_gam_b
recipe-list-search,x-test-search,recipe_list_component_html,gamma-ancestor,c,Attribute Identifier Modification,SAVED,,LLMR_recipe_list_component_html_recipe_list_search_gam_c
recipe-list-search,x-test-search,recipe_list_component_html,gamma-ancestor,i,HTML Tag Removal,SAVED,,LLMR_recipe_list_component_html_recipe_list_search_gam_i
recipe-list-search,x-test-search,recipe_list_component_html,gamma-ancestor,j,HTML Tag Type Modification,SAVED,,LLMR_recipe_list_component_html_recipe_list_search_gam_j
recipe-list-search,x-test-search,recipe_list_component_html,gamma-ancestor,k,HTML Tag Insertion,SAVED,,LLMR_recipe_list_component_html_recipe_list_search_gam_k
recipe-list-search,x-test-search,recipe_list_component_html,delta-sibling,a,Attribute Value Modification,SAVED,,LLMR_recipe_list_component_html_recipe_list_search_del_a
recipe-list-search,x-test-search,recipe_list_component_html,delta-sibling,b,Attribute Removal,SAVED,,LLMR_recipe_list_component_html_recipe_list_search_del_b
recipe-list-search,x-test-search,recipe_list_component_html,delta-sibling,c,Attribute Identifier Modification,SAVED,,LLMR_recipe_list_component_html_recipe_list_search_del_c
recipe-list-search,x-test-search,recipe_list_component_html,delta-sibling,d,Text Content Modification,SAVED,,LLMR_recipe_list_component_html_recipe_list_search_del_d
recipe-list-search,x-test-search,recipe_list_component_html,delta-sibling,e,Text Content Removal,SAVED,,LLMR_recipe_list_component_html_recipe_list_search_del_e
recipe-list-search,x-test-search,recipe_list_component_html,delta-sibling,i,HTML Tag Removal,SAVED,,LLMR_recipe_list_component_html_recipe_list_search_del_i
recipe-list-search,x-test-search,recipe_list_component_html,delta-sibling,j,HTML Tag Type Modification,SAVED,,LLMR_recipe_list_component_html_recipe_list_search_del_j
recipe-list-search,x-test-search,recipe_list_component_html,delta-sibling,k,HTML Tag Insertion,SAVED,,LLMR_recipe_list_component_html_recipe_list_search_del_k
recipe-list-search,x-test-search,recipe_list_component_html,epsilon-component,a,Attribute Value Modification,NA,no-such-role,-
recipe-list-search,x-test-search,recipe_list_component_html,epsilon-component,b,Attribute Removal,NA,no-such-role,-
recipe-list-search,x-test-search,recipe_list_component_html,epsilon-component,c,Attribute Identifier Modification,NA,no-such-role,-
recipe-list-search,x-test-search,recipe_list_component_html,epsilon-component,d,Text Content Modification,NA,no-such-role,-
recipe-list-search,x-test-search,recipe_list_component_html,epsilon-component,e,Text Content Removal,NA,no-such-role,-
recipe-list-search,x-test-search,recipe_list_component_html,epsilon-component,i,HTML Tag Removal,NA,no-such-role,-
recipe-list-search,x-test-search,recipe_list_component_html,epsilon-component,j,HTML Tag Type Modification,NA,no-such-role,-
recipe-list-search,x-test-search,recipe_list_component_html,epsilon-component,k,HTML Tag Insertion,NA,no-such-role,-
recipe-list-course-filter,x-test-course-filter,recipe_list_component_html,alpha-target,d,Text Content Modification,NA,no-text-content,-
recipe-list-course-filter,x-test-course-filter,recipe_list_component_html,alpha-target,e,Text Content Removal,NA,no-text-content,-
recipe-list-course-filter,x-test-course-filter,recipe_list_component_html,alpha-target,i,HTML Tag Removal,NA,would-drop-x-test,-
recipe-list-course-filter,x-test-course-filter,recipe_list_component_html,alpha-target,a,Attribute Value Modification,SAVED,,LLMR_recipe_list_component_html_recipe_list_course_filter_alf_a
recipe-list-course-filter,x-test-course-filter,recipe_list_component_html,alpha-target,b,Attribute Removal,SAVED,,LLMR_recipe_list_component_html_recipe_list_course_filter_alf_b
recipe-list-course-filter,x-test-course-filter,recipe_list_component_html,alpha-target,c,Attribute Identifier Modification,SAVED,,LLMR_recipe_list_component_html_recipe_list_course_filter_alf_c
recipe-list-course-filter,x-test-course-filter,recipe_list_component_html,alpha-target,j,HTML Tag Type Modification,SAVED,,LLMR_recipe_list_component_html_recipe_list_course_filter_alf_j
recipe-list-course-filter,x-test-course-filter,recipe_list_component_html,alpha-target,k,HTML Tag Insertion,SAVED,,LLMR_recipe_list_component_html_recipe_list_course_filter_alf_k
recipe-list-course-filter,x-test-course-filter,recipe_list_component_html,beta-parent,d,Text Content Modification,NA,no-text-content,-
recipe-list-course-filter,x-test-course-filter,recipe_list_component_html,beta-parent,e,Text Content Removal,NA,no-text-content,-
recipe-list-course-filter,x-test-course-filter,recipe_list_component_html,beta-parent,a,Attribute Value Modification,SAVED,,LLMR_recipe_list_component_html_recipe_list_course_filter_bet_a
recipe-list-course-filter,x-test-course-filter,recipe_list_component_html,beta-parent,b,Attribute Removal,SAVED,,LLMR_recipe_list_component_html_recipe_list_course_filter_bet_b
recipe-list-course-filter,x-test-course-filter,recipe_list_component_html,beta-parent,c,Attribute Identifier Modification,SAVED,,LLMR_recipe_list_component_html_recipe_list_course_filter_bet_c
recipe-list-course-filter,x-test-course-filter,recipe_list_component_html,beta-parent,i,HTML Tag Removal,SAVED,,LLMR_recipe_list_component_html_recipe_list_course_filter_bet_i
recipe-list-course-filter,x-test-course-filter,recipe_list_component_html,beta-parent,j,HTML Tag Type Modification,SAVED,,LLMR_recipe_list_component_html_recipe_list_course_filter_bet_j
recipe-list-course-filter,x-test-course-filter,recipe_list_component_html,beta-parent,k,HTML Tag Insertion,SAVED,,LLMR_recipe_list_component_html_recipe_list_course_filter_bet_k
recipe-list-course-filter,x-test-course-filter,recipe_list_component_html,gamma-ancestor,d,Text Content Modification,NA,no-text-content,-
recipe-list-course-filter,x-test-course-filter,recipe_list_component_html,gamma-ancestor,e,Text Content Removal,NA,no-text-content,-
recipe-list-course-filter,x-test-course-filter,recipe_list_component_html,gamma-ancestor,a,Attribute Value Modification,SAVED,,LLMR_recipe_list_component_html_recipe_list_course_filter_gam_a
recipe-list-course-filter,x-test-course-filter,recipe_list_component_html,gamma-ancestor,b,Attribute Removal,SAVED,,LLMR_recipe_list_component_html_recipe_list_course_filter_gam_b
recipe-list-course-filter,x-test-course-filter,recipe_list_component_html,gamma-ancestor,c,Attribute Identifier Modification,SAVED,,LLMR_recipe_list_component_html_recipe_list_course_filter_gam_c
recipe-list-course-filter,x-test-course-filter,recipe_list_component_html,gamma-ancestor,i,HTML Tag Removal,SAVED,,LLMR_recipe_list_component_html_recipe_list_course_filter_gam_i
recipe-list-course-filter,x-test-course-filter,recipe_list_component_html,gamma-ancestor,j,HTML Tag Type Modification,SAVED,,LLMR_recipe_list_component_html_recipe_list_course_filter_gam_j
recipe-list-course-filter,x-test-course-filter,recipe_list_component_html,gamma-ancestor,k,HTML Tag Insertion,SAVED,,LLMR_recipe_list_component_html_recipe_list_course_filter_gam_k
recipe-list-course-filter,x-test-course-filter,recipe_list_component_html,delta-sibling,a,Attribute Value Modification,SAVED,,LLMR_recipe_list_component_html_recipe_list_course_filter_del_a
recipe-list-course-filter,x-test-course-filter,recipe_list_component_html,delta-sibling,b,Attribute Removal,SAVED,,LLMR_recipe_list_component_html_recipe_list_course_filter_del_b
recipe-list-course-filter,x-test-course-filter,recipe_list_component_html,delta-sibling,c,Attribute Identifier Modification,SAVED,,LLMR_recipe_list_component_html_recipe_list_course_filter_del_c
recipe-list-course-filter,x-test-course-filter,recipe_list_component_html,delta-sibling,d,Text Content Modification,SAVED,,LLMR_recipe_list_component_html_recipe_list_course_filter_del_d
recipe-list-course-filter,x-test-course-filter,recipe_list_component_html,delta-sibling,e,Text Content Removal,SAVED,,LLMR_recipe_list_component_html_recipe_list_course_filter_del_e
recipe-list-course-filter,x-test-course-filter,recipe_list_component_html,delta-sibling,i,HTML Tag Removal,SAVED,,LLMR_recipe_list_component_html_recipe_list_course_filter_del_i
recipe-list-course-filter,x-test-course-filter,recipe_list_component_html,delta-sibling,j,HTML Tag Type Modification,SAVED,,LLMR_recipe_list_component_html_recipe_list_course_filter_del_j
recipe-list-course-filter,x-test-course-filter,recipe_list_component_html,delta-sibling,k,HTML Tag Insertion,SAVED,,LLMR_recipe_list_component_html_recipe_list_course_filter_del_k
recipe-list-course-filter,x-test-course-filter,recipe_list_component_html,epsilon-component,a,Attribute Value Modification,NA,no-such-role,-
recipe-list-course-filter,x-test-course-filter,recipe_list_component_html,epsilon-component,b,Attribute Removal,NA,no-such-role,-
recipe-list-course-filter,x-test-course-filter,recipe_list_component_html,epsilon-component,c,Attribute Identifier Modification,NA,no-such-role,-
recipe-list-course-filter,x-test-course-filter,recipe_list_component_html,epsilon-component,d,Text Content Modification,NA,no-such-role,-
recipe-list-course-filter,x-test-course-filter,recipe_list_component_html,epsilon-component,e,Text Content Removal,NA,no-such-role,-
recipe-list-course-filter,x-test-course-filter,recipe_list_component_html,epsilon-component,i,HTML Tag Removal,NA,no-such-role,-
recipe-list-course-filter,x-test-course-filter,recipe_list_component_html,epsilon-component,j,HTML Tag Type Modification,NA,no-such-role,-
recipe-list-course-filter,x-test-course-filter,recipe_list_component_html,epsilon-component,k,HTML Tag Insertion,NA,no-such-role,-
recipe-list-veg-only,x-test-veg-only,recipe_list_component_html,alpha-target,d,Text Content Modification,NA,no-text-content,-
recipe-list-veg-only,x-test-veg-only,recipe_list_component_html,alpha-target,e,Text Content Removal,NA,no-text-content,-
recipe-list-veg-only,x-test-veg-only,recipe_list_component_html,alpha-target,i,HTML Tag Removal,NA,would-drop-x-test,-
recipe-list-veg-only,x-test-veg-only,recipe_list_component_html,alpha-target,a,Attribute Value Modification,SAVED,,LLMR_recipe_list_component_html_recipe_list_veg_only_alf_a
recipe-list-veg-only,x-test-veg-only,recipe_list_component_html,alpha-target,b,Attribute Removal,SAVED,,LLMR_recipe_list_component_html_recipe_list_veg_only_alf_b
recipe-list-veg-only,x-test-veg-only,recipe_list_component_html,alpha-target,c,Attribute Identifier Modification,SAVED,,LLMR_recipe_list_component_html_recipe_list_veg_only_alf_c
recipe-list-veg-only,x-test-veg-only,recipe_list_component_html,alpha-target,j,HTML Tag Type Modification,SAVED,,LLMR_recipe_list_component_html_recipe_list_veg_only_alf_j
recipe-list-veg-only,x-test-veg-only,recipe_list_component_html,alpha-target,k,HTML Tag Insertion,SAVED,,LLMR_recipe_list_component_html_recipe_list_veg_only_alf_k
recipe-list-veg-only,x-test-veg-only,recipe_list_component_html,beta-parent,d,Text Content Modification,NA,no-text-content,-
recipe-list-veg-only,x-test-veg-only,recipe_list_component_html,beta-parent,e,Text Content Removal,NA,no-text-content,-
recipe-list-veg-only,x-test-veg-only,recipe_list_component_html,beta-parent,a,Attribute Value Modification,SAVED,,LLMR_recipe_list_component_html_recipe_list_veg_only_bet_a
recipe-list-veg-only,x-test-veg-only,recipe_list_component_html,beta-parent,b,Attribute Removal,SAVED,,LLMR_recipe_list_component_html_recipe_list_veg_only_bet_b
recipe-list-veg-only,x-test-veg-only,recipe_list_component_html,beta-parent,c,Attribute Identifier Modification,SAVED,,LLMR_recipe_list_component_html_recipe_list_veg_only_bet_c
recipe-list-veg-only,x-test-veg-only,recipe_list_component_html,beta-parent,i,HTML Tag Removal,SAVED,,LLMR_recipe_list_component_html_recipe_list_veg_only_bet_i
recipe-list-veg-only,x-test-veg-only,recipe_list_component_html,beta-parent,j,HTML Tag Type Modification,SAVED,,LLMR_recipe_list_component_html_recipe_list_veg_only_bet_j
recipe-list-veg-only,x-test-veg-only,recipe_list_component_html,beta-parent,k,HTML Tag Insertion,SAVED,,LLMR_recipe_list_component_html_recipe_list_veg_only_bet_k
recipe-list-veg-only,x-test-veg-only,recipe_list_component_html,gamma-ancestor,d,Text Content Modification,NA,no-text-content,-
recipe-list-veg-only,x-test-veg-only,recipe_list_component_html,gamma-ancestor,e,Text Content Removal,NA,no-text-content,-
recipe-list-veg-only,x-test-veg-only,recipe_list_component_html,gamma-ancestor,a,Attribute Value Modification,SAVED,,LLMR_recipe_list_component_html_recipe_list_veg_only_gam_a
recipe-list-veg-only,x-test-veg-only,recipe_list_component_html,gamma-ancestor,b,Attribute Removal,SAVED,,LLMR_recipe_list_component_html_recipe_list_veg_only_gam_b
recipe-list-veg-only,x-test-veg-only,recipe_list_component_html,gamma-ancestor,c,Attribute Identifier Modification,SAVED,,LLMR_recipe_list_component_html_recipe_list_veg_only_gam_c
recipe-list-veg-only,x-test-veg-only,recipe_list_component_html,gamma-ancestor,i,HTML Tag Removal,SAVED,,LLMR_recipe_list_component_html_recipe_list_veg_only_gam_i
recipe-list-veg-only,x-test-veg-only,recipe_list_component_html,gamma-ancestor,j,HTML Tag Type Modification,SAVED,,LLMR_recipe_list_component_html_recipe_list_veg_only_gam_j
recipe-list-veg-only,x-test-veg-only,recipe_list_component_html,gamma-ancestor,k,HTML Tag Insertion,SAVED,,LLMR_recipe_list_component_html_recipe_list_veg_only_gam_k
recipe-list-veg-only,x-test-veg-only,recipe_list_component_html,delta-sibling,a,Attribute Value Modification,SAVED,,LLMR_recipe_list_component_html_recipe_list_veg_only_del_a
recipe-list-veg-only,x-test-veg-only,recipe_list_component_html,delta-sibling,b,Attribute Removal,SAVED,,LLMR_recipe_list_component_html_recipe_list_veg_only_del_b
recipe-list-veg-only,x-test-veg-only,recipe_list_component_html,delta-sibling,c,Attribute Identifier Modification,SAVED,,LLMR_recipe_list_component_html_recipe_list_veg_only_del_c
recipe-list-veg-only,x-test-veg-only,recipe_list_component_html,delta-sibling,d,Text Content Modification,SAVED,,LLMR_recipe_list_component_html_recipe_list_veg_only_del_d
recipe-list-veg-only,x-test-veg-only,recipe_list_component_html,delta-sibling,e,Text Content Removal,SAVED,,LLMR_recipe_list_component_html_recipe_list_veg_only_del_e
recipe-list-veg-only,x-test-veg-only,recipe_list_component_html,delta-sibling,i,HTML Tag Removal,SAVED,,LLMR_recipe_list_component_html_recipe_list_veg_only_del_i
recipe-list-veg-only,x-test-veg-only,recipe_list_component_html,delta-sibling,j,HTML Tag Type Modification,SAVED,,LLMR_recipe_list_component_html_recipe_list_veg_only_del_j
recipe-list-veg-only,x-test-veg-only,recipe_list_component_html,delta-sibling,k,HTML Tag Insertion,SAVED,,LLMR_recipe_list_component_html_recipe_list_veg_only_del_k
recipe-list-veg-only,x-test-veg-only,recipe_list_component_html,epsilon-component,a,Attribute Value Modification,NA,no-such-role,-
recipe-list-veg-only,x-test-veg-only,recipe_list_component_html,epsilon-component,b,Attribute Removal,NA,no-such-role,-
recipe-list-veg-only,x-test-veg-only,recipe_list_component_html,epsilon-component,c,Attribute Identifier Modification,NA,no-such-role,-
recipe-list-veg-only,x-test-veg-only,recipe_list_component_html,epsilon-component,d,Text Content Modification,NA,no-such-role,-
recipe-list-veg-only,x-test-veg-only,recipe_list_component_html,epsilon-component,e,Text Content Removal,NA,no-such-role,-
recipe-list-veg-only,x-test-veg-only,recipe_list_component_html,epsilon-component,i,HTML Tag Removal,NA,no-such-role,-
recipe-list-veg-only,x-test-veg-only,recipe_list_component_html,epsilon-component,j,HTML Tag Type Modification,NA,no-such-role,-
recipe-list-veg-only,x-test-veg-only,recipe_list_component_html,epsilon-component,k,HTML Tag Insertion,NA,no-such-role,-
recipe-list-sort,x-test-sort,recipe_list_component_html,alpha-target,d,Text Content Modification,NA,no-text-content,-
recipe-list-sort,x-test-sort,recipe_list_component_html,alpha-target,e,Text Content Removal,NA,no-text-content,-
recipe-list-sort,x-test-sort,recipe_list_component_html,alpha-target,i,HTML Tag Removal,NA,would-drop-x-test,-
recipe-list-sort,x-test-sort,recipe_list_component_html,alpha-target,a,Attribute Value Modification,SAVED,,LLMR_recipe_list_component_html_recipe_list_sort_alf_a
recipe-list-sort,x-test-sort,recipe_list_component_html,alpha-target,b,Attribute Removal,SAVED,,LLMR_recipe_list_component_html_recipe_list_sort_alf_b
recipe-list-sort,x-test-sort,recipe_list_component_html,alpha-target,c,Attribute Identifier Modification,SAVED,,LLMR_recipe_list_component_html_recipe_list_sort_alf_c
recipe-list-sort,x-test-sort,recipe_list_component_html,alpha-target,j,HTML Tag Type Modification,SAVED,,LLMR_recipe_list_component_html_recipe_list_sort_alf_j
recipe-list-sort,x-test-sort,recipe_list_component_html,alpha-target,k,HTML Tag Insertion,SAVED,,LLMR_recipe_list_component_html_recipe_list_sort_alf_k
recipe-list-sort,x-test-sort,recipe_list_component_html,beta-parent,d,Text Content Modification,NA,no-text-content,-
recipe-list-sort,x-test-sort,recipe_list_component_html,beta-parent,e,Text Content Removal,NA,no-text-content,-
recipe-list-sort,x-test-sort,recipe_list_component_html,beta-parent,a,Attribute Value Modification,SAVED,,LLMR_recipe_list_component_html_recipe_list_sort_bet_a
recipe-list-sort,x-test-sort,recipe_list_component_html,beta-parent,b,Attribute Removal,SAVED,,LLMR_recipe_list_component_html_recipe_list_sort_bet_b
recipe-list-sort,x-test-sort,recipe_list_component_html,beta-parent,c,Attribute Identifier Modification,SAVED,,LLMR_recipe_list_component_html_recipe_list_sort_bet_c
recipe-list-sort,x-test-sort,recipe_list_component_html,beta-parent,i,HTML Tag Removal,SAVED,,LLMR_recipe_list_component_html_recipe_list_sort_bet_i
recipe-list-sort,x-test-sort,recipe_list_component_html,beta-parent,j,HTML Tag Type Modification,SAVED,,LLMR_recipe_list_component_html_recipe_list_sort_bet_j
recipe-list-sort,x-test-sort,recipe_list_component_html,beta-parent,k,HTML Tag Insertion,SAVED,,LLMR_recipe_list_component_html_recipe_list_sort_bet_k
recipe-list-sort,x-test-sort,recipe_list_component_html,gamma-ancestor,d,Text Content Modification,NA,no-text-content,-
recipe-list-sort,x-test-sort,recipe_list_component_html,gamma-ancestor,e,Text Content Removal,NA,no-text-content,-
recipe-list-sort,x-test-sort,recipe_list_component_html,gamma-ancestor,a,Attribute Value Modification,SAVED,,LLMR_recipe_list_component_html_recipe_list_sort_gam_a
recipe-list-sort,x-test-sort,recipe_list_component_html,gamma-ancestor,b,Attribute Removal,SAVED,,LLMR_recipe_list_component_html_recipe_list_sort_gam_b
recipe-list-sort,x-test-sort,recipe_list_component_html,gamma-ancestor,c,Attribute Identifier Modification,SAVED,,LLMR_recipe_list_component_html_recipe_list_sort_gam_c
recipe-list-sort,x-test-sort,recipe_list_component_html,gamma-ancestor,i,HTML Tag Removal,SAVED,,LLMR_recipe_list_component_html_recipe_list_sort_gam_i
recipe-list-sort,x-test-sort,recipe_list_component_html,gamma-ancestor,j,HTML Tag Type Modification,SAVED,,LLMR_recipe_list_component_html_recipe_list_sort_gam_j
recipe-list-sort,x-test-sort,recipe_list_component_html,gamma-ancestor,k,HTML Tag Insertion,SAVED,,LLMR_recipe_list_component_html_recipe_list_sort_gam_k
recipe-list-sort,x-test-sort,recipe_list_component_html,delta-sibling,a,Attribute Value Modification,SAVED,,LLMR_recipe_list_component_html_recipe_list_sort_del_a
recipe-list-sort,x-test-sort,recipe_list_component_html,delta-sibling,b,Attribute Removal,SAVED,,LLMR_recipe_list_component_html_recipe_list_sort_del_b
recipe-list-sort,x-test-sort,recipe_list_component_html,delta-sibling,c,Attribute Identifier Modification,SAVED,,LLMR_recipe_list_component_html_recipe_list_sort_del_c
recipe-list-sort,x-test-sort,recipe_list_component_html,delta-sibling,d,Text Content Modification,SAVED,,LLMR_recipe_list_component_html_recipe_list_sort_del_d
recipe-list-sort,x-test-sort,recipe_list_component_html,delta-sibling,e,Text Content Removal,SAVED,,LLMR_recipe_list_component_html_recipe_list_sort_del_e
recipe-list-sort,x-test-sort,recipe_list_component_html,delta-sibling,i,HTML Tag Removal,SAVED,,LLMR_recipe_list_component_html_recipe_list_sort_del_i
recipe-list-sort,x-test-sort,recipe_list_component_html,delta-sibling,j,HTML Tag Type Modification,SAVED,,LLMR_recipe_list_component_html_recipe_list_sort_del_j
recipe-list-sort,x-test-sort,recipe_list_component_html,delta-sibling,k,HTML Tag Insertion,SAVED,,LLMR_recipe_list_component_html_recipe_list_sort_del_k
recipe-list-sort,x-test-sort,recipe_list_component_html,epsilon-component,a,Attribute Value Modification,NA,no-such-role,-
recipe-list-sort,x-test-sort,recipe_list_component_html,epsilon-component,b,Attribute Removal,NA,no-such-role,-
recipe-list-sort,x-test-sort,recipe_list_component_html,epsilon-component,c,Attribute Identifier Modification,NA,no-such-role,-
recipe-list-sort,x-test-sort,recipe_list_component_html,epsilon-component,d,Text Content Modification,NA,no-such-role,-
recipe-list-sort,x-test-sort,recipe_list_component_html,epsilon-component,e,Text Content Removal,NA,no-such-role,-
recipe-list-sort,x-test-sort,recipe_list_component_html,epsilon-component,i,HTML Tag Removal,NA,no-such-role,-
recipe-list-sort,x-test-sort,recipe_list_component_html,epsilon-component,j,HTML Tag Type Modification,NA,no-such-role,-
recipe-list-sort,x-test-sort,recipe_list_component_html,epsilon-component,k,HTML Tag Insertion,NA,no-such-role,-
recipe-list-result-count,x-test-result-count,recipe_list_component_html,alpha-target,i,HTML Tag Removal,NA,would-drop-x-test,-
recipe-list-result-count,x-test-result-count,recipe_list_component_html,alpha-target,a,Attribute Value Modification,SAVED,,LLMR_recipe_list_component_html_recipe_list_result_count_alf_a
recipe-list-result-count,x-test-result-count,recipe_list_component_html,alpha-target,b,Attribute Removal,SAVED,,LLMR_recipe_list_component_html_recipe_list_result_count_alf_b
recipe-list-result-count,x-test-result-count,recipe_list_component_html,alpha-target,c,Attribute Identifier Modification,SAVED,,LLMR_recipe_list_component_html_recipe_list_result_count_alf_c
recipe-list-result-count,x-test-result-count,recipe_list_component_html,alpha-target,d,Text Content Modification,SAVED,,LLMR_recipe_list_component_html_recipe_list_result_count_alf_d
recipe-list-result-count,x-test-result-count,recipe_list_component_html,alpha-target,e,Text Content Removal,SAVED,,LLMR_recipe_list_component_html_recipe_list_result_count_alf_e
recipe-list-result-count,x-test-result-count,recipe_list_component_html,alpha-target,j,HTML Tag Type Modification,SAVED,,LLMR_recipe_list_component_html_recipe_list_result_count_alf_j
recipe-list-result-count,x-test-result-count,recipe_list_component_html,alpha-target,k,HTML Tag Insertion,SAVED,,LLMR_recipe_list_component_html_recipe_list_result_count_alf_k
recipe-list-result-count,x-test-result-count,recipe_list_component_html,beta-parent,d,Text Content Modification,NA,no-text-content,-
recipe-list-result-count,x-test-result-count,recipe_list_component_html,beta-parent,e,Text Content Removal,NA,no-text-content,-
recipe-list-result-count,x-test-result-count,recipe_list_component_html,beta-parent,a,Attribute Value Modification,SAVED,,LLMR_recipe_list_component_html_recipe_list_result_count_bet_a
recipe-list-result-count,x-test-result-count,recipe_list_component_html,beta-parent,b,Attribute Removal,SAVED,,LLMR_recipe_list_component_html_recipe_list_result_count_bet_b
recipe-list-result-count,x-test-result-count,recipe_list_component_html,beta-parent,c,Attribute Identifier Modification,SAVED,,LLMR_recipe_list_component_html_recipe_list_result_count_bet_c
recipe-list-result-count,x-test-result-count,recipe_list_component_html,beta-parent,i,HTML Tag Removal,SAVED,,LLMR_recipe_list_component_html_recipe_list_result_count_bet_i
recipe-list-result-count,x-test-result-count,recipe_list_component_html,beta-parent,j,HTML Tag Type Modification,SAVED,,LLMR_recipe_list_component_html_recipe_list_result_count_bet_j
recipe-list-result-count,x-test-result-count,recipe_list_component_html,beta-parent,k,HTML Tag Insertion,SAVED,,LLMR_recipe_list_component_html_recipe_list_result_count_bet_k
recipe-list-result-count,x-test-result-count,recipe_list_component_html,gamma-ancestor,d,Text Content Modification,NA,no-text-content,-
recipe-list-result-count,x-test-result-count,recipe_list_component_html,gamma-ancestor,e,Text Content Removal,NA,no-text-content,-
recipe-list-result-count,x-test-result-count,recipe_list_component_html,gamma-ancestor,a,Attribute Value Modification,SAVED,,LLMR_recipe_list_component_html_recipe_list_result_count_gam_a
recipe-list-result-count,x-test-result-count,recipe_list_component_html,gamma-ancestor,b,Attribute Removal,SAVED,,LLMR_recipe_list_component_html_recipe_list_result_count_gam_b
recipe-list-result-count,x-test-result-count,recipe_list_component_html,gamma-ancestor,c,Attribute Identifier Modification,SAVED,,LLMR_recipe_list_component_html_recipe_list_result_count_gam_c
recipe-list-result-count,x-test-result-count,recipe_list_component_html,gamma-ancestor,i,HTML Tag Removal,SAVED,,LLMR_recipe_list_component_html_recipe_list_result_count_gam_i
recipe-list-result-count,x-test-result-count,recipe_list_component_html,gamma-ancestor,j,HTML Tag Type Modification,SAVED,,LLMR_recipe_list_component_html_recipe_list_result_count_gam_j
recipe-list-result-count,x-test-result-count,recipe_list_component_html,gamma-ancestor,k,HTML Tag Insertion,SAVED,,LLMR_recipe_list_component_html_recipe_list_result_count_gam_k
recipe-list-result-count,x-test-result-count,recipe_list_component_html,delta-sibling,a,Attribute Value Modification,SAVED,,LLMR_recipe_list_component_html_recipe_list_result_count_del_a
recipe-list-result-count,x-test-result-count,recipe_list_component_html,delta-sibling,b,Attribute Removal,SAVED,,LLMR_recipe_list_component_html_recipe_list_result_count_del_b
recipe-list-result-count,x-test-result-count,recipe_list_component_html,delta-sibling,c,Attribute Identifier Modification,SAVED,,LLMR_recipe_list_component_html_recipe_list_result_count_del_c
recipe-list-result-count,x-test-result-count,recipe_list_component_html,delta-sibling,d,Text Content Modification,SAVED,,LLMR_recipe_list_component_html_recipe_list_result_count_del_d
recipe-list-result-count,x-test-result-count,recipe_list_component_html,delta-sibling,e,Text Content Removal,SAVED,,LLMR_recipe_list_component_html_recipe_list_result_count_del_e
recipe-list-result-count,x-test-result-count,recipe_list_component_html,delta-sibling,i,HTML Tag Removal,SAVED,,LLMR_recipe_list_component_html_recipe_list_result_count_del_i
recipe-list-result-count,x-test-result-count,recipe_list_component_html,delta-sibling,j,HTML Tag Type Modification,SAVED,,LLMR_recipe_list_component_html_recipe_list_result_count_del_j
recipe-list-result-count,x-test-result-count,recipe_list_component_html,delta-sibling,k,HTML Tag Insertion,SAVED,,LLMR_recipe_list_component_html_recipe_list_result_count_del_k
recipe-list-result-count,x-test-result-count,recipe_list_component_html,epsilon-component,a,Attribute Value Modification,NA,no-such-role,-
recipe-list-result-count,x-test-result-count,recipe_list_component_html,epsilon-component,b,Attribute Removal,NA,no-such-role,-
recipe-list-result-count,x-test-result-count,recipe_list_component_html,epsilon-component,c,Attribute Identifier Modification,NA,no-such-role,-
recipe-list-result-count,x-test-result-count,recipe_list_component_html,epsilon-component,d,Text Content Modification,NA,no-such-role,-
recipe-list-result-count,x-test-result-count,recipe_list_component_html,epsilon-component,e,Text Content Removal,NA,no-such-role,-
recipe-list-result-count,x-test-result-count,recipe_list_component_html,epsilon-component,i,HTML Tag Removal,NA,no-such-role,-
recipe-list-result-count,x-test-result-count,recipe_list_component_html,epsilon-component,j,HTML Tag Type Modification,NA,no-such-role,-
recipe-list-result-count,x-test-result-count,recipe_list_component_html,epsilon-component,k,HTML Tag Insertion,NA,no-such-role,-
recipe-list-add-recipe,x-test-add-recipe,recipe_list_component_html,alpha-target,i,HTML Tag Removal,NA,would-drop-x-test,-
recipe-list-add-recipe,x-test-add-recipe,recipe_list_component_html,alpha-target,a,Attribute Value Modification,SAVED,,LLMR_recipe_list_component_html_recipe_list_add_recipe_alf_a
recipe-list-add-recipe,x-test-add-recipe,recipe_list_component_html,alpha-target,b,Attribute Removal,SAVED,,LLMR_recipe_list_component_html_recipe_list_add_recipe_alf_b
recipe-list-add-recipe,x-test-add-recipe,recipe_list_component_html,alpha-target,c,Attribute Identifier Modification,SAVED,,LLMR_recipe_list_component_html_recipe_list_add_recipe_alf_c
recipe-list-add-recipe,x-test-add-recipe,recipe_list_component_html,alpha-target,d,Text Content Modification,SAVED,,LLMR_recipe_list_component_html_recipe_list_add_recipe_alf_d
recipe-list-add-recipe,x-test-add-recipe,recipe_list_component_html,alpha-target,e,Text Content Removal,SAVED,,LLMR_recipe_list_component_html_recipe_list_add_recipe_alf_e
recipe-list-add-recipe,x-test-add-recipe,recipe_list_component_html,alpha-target,j,HTML Tag Type Modification,SAVED,,LLMR_recipe_list_component_html_recipe_list_add_recipe_alf_j
recipe-list-add-recipe,x-test-add-recipe,recipe_list_component_html,alpha-target,k,HTML Tag Insertion,SAVED,,LLMR_recipe_list_component_html_recipe_list_add_recipe_alf_k
recipe-list-add-recipe,x-test-add-recipe,recipe_list_component_html,beta-parent,d,Text Content Modification,NA,no-text-content,-
recipe-list-add-recipe,x-test-add-recipe,recipe_list_component_html,beta-parent,e,Text Content Removal,NA,no-text-content,-
recipe-list-add-recipe,x-test-add-recipe,recipe_list_component_html,beta-parent,a,Attribute Value Modification,SAVED,,LLMR_recipe_list_component_html_recipe_list_add_recipe_bet_a
recipe-list-add-recipe,x-test-add-recipe,recipe_list_component_html,beta-parent,b,Attribute Removal,SAVED,,LLMR_recipe_list_component_html_recipe_list_add_recipe_bet_b
recipe-list-add-recipe,x-test-add-recipe,recipe_list_component_html,beta-parent,c,Attribute Identifier Modification,SAVED,,LLMR_recipe_list_component_html_recipe_list_add_recipe_bet_c
recipe-list-add-recipe,x-test-add-recipe,recipe_list_component_html,beta-parent,i,HTML Tag Removal,SAVED,,LLMR_recipe_list_component_html_recipe_list_add_recipe_bet_i
recipe-list-add-recipe,x-test-add-recipe,recipe_list_component_html,beta-parent,j,HTML Tag Type Modification,SAVED,,LLMR_recipe_list_component_html_recipe_list_add_recipe_bet_j
recipe-list-add-recipe,x-test-add-recipe,recipe_list_component_html,beta-parent,k,HTML Tag Insertion,SAVED,,LLMR_recipe_list_component_html_recipe_list_add_recipe_bet_k
recipe-list-add-recipe,x-test-add-recipe,recipe_list_component_html,gamma-ancestor,d,Text Content Modification,NA,no-text-content,-
recipe-list-add-recipe,x-test-add-recipe,recipe_list_component_html,gamma-ancestor,e,Text Content Removal,NA,no-text-content,-
recipe-list-add-recipe,x-test-add-recipe,recipe_list_component_html,gamma-ancestor,a,Attribute Value Modification,SAVED,,LLMR_recipe_list_component_html_recipe_list_add_recipe_gam_a
recipe-list-add-recipe,x-test-add-recipe,recipe_list_component_html,gamma-ancestor,b,Attribute Removal,REJECTED,duplicate,-
recipe-list-add-recipe,x-test-add-recipe,recipe_list_component_html,gamma-ancestor,c,Attribute Identifier Modification,SAVED,,LLMR_recipe_list_component_html_recipe_list_add_recipe_gam_c
recipe-list-add-recipe,x-test-add-recipe,recipe_list_component_html,gamma-ancestor,i,HTML Tag Removal,REJECTED,duplicate,-
recipe-list-add-recipe,x-test-add-recipe,recipe_list_component_html,gamma-ancestor,j,HTML Tag Type Modification,REJECTED,duplicate,-
recipe-list-add-recipe,x-test-add-recipe,recipe_list_component_html,gamma-ancestor,k,HTML Tag Insertion,REJECTED,duplicate,-
recipe-list-add-recipe,x-test-add-recipe,recipe_list_component_html,delta-sibling,a,Attribute Value Modification,SAVED,,LLMR_recipe_list_component_html_recipe_list_add_recipe_del_a
recipe-list-add-recipe,x-test-add-recipe,recipe_list_component_html,delta-sibling,b,Attribute Removal,SAVED,,LLMR_recipe_list_component_html_recipe_list_add_recipe_del_b
recipe-list-add-recipe,x-test-add-recipe,recipe_list_component_html,delta-sibling,c,Attribute Identifier Modification,SAVED,,LLMR_recipe_list_component_html_recipe_list_add_recipe_del_c
recipe-list-add-recipe,x-test-add-recipe,recipe_list_component_html,delta-sibling,d,Text Content Modification,SAVED,,LLMR_recipe_list_component_html_recipe_list_add_recipe_del_d
recipe-list-add-recipe,x-test-add-recipe,recipe_list_component_html,delta-sibling,e,Text Content Removal,SAVED,,LLMR_recipe_list_component_html_recipe_list_add_recipe_del_e
recipe-list-add-recipe,x-test-add-recipe,recipe_list_component_html,delta-sibling,i,HTML Tag Removal,SAVED,,LLMR_recipe_list_component_html_recipe_list_add_recipe_del_i
recipe-list-add-recipe,x-test-add-recipe,recipe_list_component_html,delta-sibling,j,HTML Tag Type Modification,SAVED,,LLMR_recipe_list_component_html_recipe_list_add_recipe_del_j
recipe-list-add-recipe,x-test-add-recipe,recipe_list_component_html,delta-sibling,k,HTML Tag Insertion,SAVED,,LLMR_recipe_list_component_html_recipe_list_add_recipe_del_k
recipe-list-add-recipe,x-test-add-recipe,recipe_list_component_html,epsilon-component,a,Attribute Value Modification,NA,no-such-role,-
recipe-list-add-recipe,x-test-add-recipe,recipe_list_component_html,epsilon-component,b,Attribute Removal,NA,no-such-role,-
recipe-list-add-recipe,x-test-add-recipe,recipe_list_component_html,epsilon-component,c,Attribute Identifier Modification,NA,no-such-role,-
recipe-list-add-recipe,x-test-add-recipe,recipe_list_component_html,epsilon-component,d,Text Content Modification,NA,no-such-role,-
recipe-list-add-recipe,x-test-add-recipe,recipe_list_component_html,epsilon-component,e,Text Content Removal,NA,no-such-role,-
recipe-list-add-recipe,x-test-add-recipe,recipe_list_component_html,epsilon-component,i,HTML Tag Removal,NA,no-such-role,-
recipe-list-add-recipe,x-test-add-recipe,recipe_list_component_html,epsilon-component,j,HTML Tag Type Modification,NA,no-such-role,-
recipe-list-add-recipe,x-test-add-recipe,recipe_list_component_html,epsilon-component,k,HTML Tag Insertion,NA,no-such-role,-
recipe-list-empty,x-test-empty,recipe_list_component_html,alpha-target,i,HTML Tag Removal,NA,would-drop-x-test,-
recipe-list-empty,x-test-empty,recipe_list_component_html,alpha-target,a,Attribute Value Modification,SAVED,,LLMR_recipe_list_component_html_recipe_list_empty_alf_a
recipe-list-empty,x-test-empty,recipe_list_component_html,alpha-target,b,Attribute Removal,SAVED,,LLMR_recipe_list_component_html_recipe_list_empty_alf_b
recipe-list-empty,x-test-empty,recipe_list_component_html,alpha-target,c,Attribute Identifier Modification,SAVED,,LLMR_recipe_list_component_html_recipe_list_empty_alf_c
recipe-list-empty,x-test-empty,recipe_list_component_html,alpha-target,d,Text Content Modification,SAVED,,LLMR_recipe_list_component_html_recipe_list_empty_alf_d
recipe-list-empty,x-test-empty,recipe_list_component_html,alpha-target,e,Text Content Removal,SAVED,,LLMR_recipe_list_component_html_recipe_list_empty_alf_e
recipe-list-empty,x-test-empty,recipe_list_component_html,alpha-target,j,HTML Tag Type Modification,SAVED,,LLMR_recipe_list_component_html_recipe_list_empty_alf_j
recipe-list-empty,x-test-empty,recipe_list_component_html,alpha-target,k,HTML Tag Insertion,SAVED,,LLMR_recipe_list_component_html_recipe_list_empty_alf_k
recipe-list-empty,x-test-empty,recipe_list_component_html,beta-parent,d,Text Content Modification,NA,no-text-content,-
recipe-list-empty,x-test-empty,recipe_list_component_html,beta-parent,e,Text Content Removal,NA,no-text-content,-
recipe-list-empty,x-test-empty,recipe_list_component_html,beta-parent,a,Attribute Value Modification,SAVED,,LLMR_recipe_list_component_html_recipe_list_empty_bet_a
recipe-list-empty,x-test-empty,recipe_list_component_html,beta-parent,b,Attribute Removal,SAVED,,LLMR_recipe_list_component_html_recipe_list_empty_bet_b
recipe-list-empty,x-test-empty,recipe_list_component_html,beta-parent,c,Attribute Identifier Modification,SAVED,,LLMR_recipe_list_component_html_recipe_list_empty_bet_c
recipe-list-empty,x-test-empty,recipe_list_component_html,beta-parent,i,HTML Tag Removal,SAVED,,LLMR_recipe_list_component_html_recipe_list_empty_bet_i
recipe-list-empty,x-test-empty,recipe_list_component_html,beta-parent,j,HTML Tag Type Modification,SAVED,,LLMR_recipe_list_component_html_recipe_list_empty_bet_j
recipe-list-empty,x-test-empty,recipe_list_component_html,beta-parent,k,HTML Tag Insertion,SAVED,,LLMR_recipe_list_component_html_recipe_list_empty_bet_k
recipe-list-empty,x-test-empty,recipe_list_component_html,gamma-ancestor,a,Attribute Value Modification,SAVED,,LLMR_recipe_list_component_html_recipe_list_empty_gam_a
recipe-list-empty,x-test-empty,recipe_list_component_html,gamma-ancestor,b,Attribute Removal,SAVED,,LLMR_recipe_list_component_html_recipe_list_empty_gam_b
recipe-list-empty,x-test-empty,recipe_list_component_html,gamma-ancestor,c,Attribute Identifier Modification,SAVED,,LLMR_recipe_list_component_html_recipe_list_empty_gam_c
recipe-list-empty,x-test-empty,recipe_list_component_html,gamma-ancestor,d,Text Content Modification,SAVED,,LLMR_recipe_list_component_html_recipe_list_empty_gam_d
recipe-list-empty,x-test-empty,recipe_list_component_html,gamma-ancestor,e,Text Content Removal,SAVED,,LLMR_recipe_list_component_html_recipe_list_empty_gam_e
recipe-list-empty,x-test-empty,recipe_list_component_html,gamma-ancestor,i,HTML Tag Removal,SAVED,,LLMR_recipe_list_component_html_recipe_list_empty_gam_i
recipe-list-empty,x-test-empty,recipe_list_component_html,gamma-ancestor,j,HTML Tag Type Modification,SAVED,,LLMR_recipe_list_component_html_recipe_list_empty_gam_j
recipe-list-empty,x-test-empty,recipe_list_component_html,gamma-ancestor,k,HTML Tag Insertion,SAVED,,LLMR_recipe_list_component_html_recipe_list_empty_gam_k
recipe-list-empty,x-test-empty,recipe_list_component_html,delta-sibling,a,Attribute Value Modification,SAVED,,LLMR_recipe_list_component_html_recipe_list_empty_del_a
recipe-list-empty,x-test-empty,recipe_list_component_html,delta-sibling,b,Attribute Removal,SAVED,,LLMR_recipe_list_component_html_recipe_list_empty_del_b
recipe-list-empty,x-test-empty,recipe_list_component_html,delta-sibling,c,Attribute Identifier Modification,SAVED,,LLMR_recipe_list_component_html_recipe_list_empty_del_c
recipe-list-empty,x-test-empty,recipe_list_component_html,delta-sibling,d,Text Content Modification,SAVED,,LLMR_recipe_list_component_html_recipe_list_empty_del_d
recipe-list-empty,x-test-empty,recipe_list_component_html,delta-sibling,e,Text Content Removal,SAVED,,LLMR_recipe_list_component_html_recipe_list_empty_del_e
recipe-list-empty,x-test-empty,recipe_list_component_html,delta-sibling,i,HTML Tag Removal,SAVED,,LLMR_recipe_list_component_html_recipe_list_empty_del_i
recipe-list-empty,x-test-empty,recipe_list_component_html,delta-sibling,j,HTML Tag Type Modification,SAVED,,LLMR_recipe_list_component_html_recipe_list_empty_del_j
recipe-list-empty,x-test-empty,recipe_list_component_html,delta-sibling,k,HTML Tag Insertion,SAVED,,LLMR_recipe_list_component_html_recipe_list_empty_del_k
recipe-list-empty,x-test-empty,recipe_list_component_html,epsilon-component,a,Attribute Value Modification,NA,no-such-role,-
recipe-list-empty,x-test-empty,recipe_list_component_html,epsilon-component,b,Attribute Removal,NA,no-such-role,-
recipe-list-empty,x-test-empty,recipe_list_component_html,epsilon-component,c,Attribute Identifier Modification,NA,no-such-role,-
recipe-list-empty,x-test-empty,recipe_list_component_html,epsilon-component,d,Text Content Modification,NA,no-such-role,-
recipe-list-empty,x-test-empty,recipe_list_component_html,epsilon-component,e,Text Content Removal,NA,no-such-role,-
recipe-list-empty,x-test-empty,recipe_list_component_html,epsilon-component,i,HTML Tag Removal,NA,no-such-role,-
recipe-list-empty,x-test-empty,recipe_list_component_html,epsilon-component,j,HTML Tag Type Modification,NA,no-such-role,-
recipe-list-empty,x-test-empty,recipe_list_component_html,epsilon-component,k,HTML Tag Insertion,NA,no-such-role,-
recipe-card-card,[attr.x-test-card],recipe_card_component_html,alpha-target,d,Text Content Modification,NA,no-text-content,-
recipe-card-card,[attr.x-test-card],recipe_card_component_html,alpha-target,e,Text Content Removal,NA,no-text-content,-
recipe-card-card,[attr.x-test-card],recipe_card_component_html,alpha-target,a,Attribute Value Modification,SAVED,,LLMR_recipe_card_component_html_recipe_card_card_alf_a
recipe-card-card,[attr.x-test-card],recipe_card_component_html,alpha-target,b,Attribute Removal,SAVED,,LLMR_recipe_card_component_html_recipe_card_card_alf_b
recipe-card-card,[attr.x-test-card],recipe_card_component_html,alpha-target,c,Attribute Identifier Modification,SAVED,,LLMR_recipe_card_component_html_recipe_card_card_alf_c
recipe-card-card,[attr.x-test-card],recipe_card_component_html,alpha-target,i,HTML Tag Removal,SAVED,,LLMR_recipe_card_component_html_recipe_card_card_alf_i
recipe-card-card,[attr.x-test-card],recipe_card_component_html,alpha-target,j,HTML Tag Type Modification,SAVED,,LLMR_recipe_card_component_html_recipe_card_card_alf_j
recipe-card-card,[attr.x-test-card],recipe_card_component_html,alpha-target,k,HTML Tag Insertion,SAVED,,LLMR_recipe_card_component_html_recipe_card_card_alf_k
recipe-card-card,[attr.x-test-card],recipe_card_component_html,beta-parent,d,Text Content Modification,NA,no-text-content,-
recipe-card-card,[attr.x-test-card],recipe_card_component_html,beta-parent,e,Text Content Removal,NA,no-text-content,-
recipe-card-card,[attr.x-test-card],recipe_card_component_html,beta-parent,a,Attribute Value Modification,SAVED,,LLMR_recipe_card_component_html_recipe_card_card_bet_a
recipe-card-card,[attr.x-test-card],recipe_card_component_html,beta-parent,b,Attribute Removal,SAVED,,LLMR_recipe_card_component_html_recipe_card_card_bet_b
recipe-card-card,[attr.x-test-card],recipe_card_component_html,beta-parent,c,Attribute Identifier Modification,SAVED,,LLMR_recipe_card_component_html_recipe_card_card_bet_c
recipe-card-card,[attr.x-test-card],recipe_card_component_html,beta-parent,i,HTML Tag Removal,SAVED,,LLMR_recipe_card_component_html_recipe_card_card_bet_i
recipe-card-card,[attr.x-test-card],recipe_card_component_html,beta-parent,j,HTML Tag Type Modification,SAVED,,LLMR_recipe_card_component_html_recipe_card_card_bet_j
recipe-card-card,[attr.x-test-card],recipe_card_component_html,beta-parent,k,HTML Tag Insertion,SAVED,,LLMR_recipe_card_component_html_recipe_card_card_bet_k
recipe-card-card,[attr.x-test-card],recipe_card_component_html,gamma-ancestor,d,Text Content Modification,NA,no-text-content,-
recipe-card-card,[attr.x-test-card],recipe_card_component_html,gamma-ancestor,e,Text Content Removal,NA,no-text-content,-
recipe-card-card,[attr.x-test-card],recipe_card_component_html,gamma-ancestor,i,HTML Tag Removal,NA,root-element,-
recipe-card-card,[attr.x-test-card],recipe_card_component_html,gamma-ancestor,a,Attribute Value Modification,SAVED,,LLMR_recipe_card_component_html_recipe_card_card_gam_a
recipe-card-card,[attr.x-test-card],recipe_card_component_html,gamma-ancestor,b,Attribute Removal,SAVED,,LLMR_recipe_card_component_html_recipe_card_card_gam_b
recipe-card-card,[attr.x-test-card],recipe_card_component_html,gamma-ancestor,c,Attribute Identifier Modification,SAVED,,LLMR_recipe_card_component_html_recipe_card_card_gam_c
recipe-card-card,[attr.x-test-card],recipe_card_component_html,gamma-ancestor,j,HTML Tag Type Modification,SAVED,,LLMR_recipe_card_component_html_recipe_card_card_gam_j
recipe-card-card,[attr.x-test-card],recipe_card_component_html,gamma-ancestor,k,HTML Tag Insertion,SAVED,,LLMR_recipe_card_component_html_recipe_card_card_gam_k
recipe-card-card,[attr.x-test-card],recipe_card_component_html,delta-sibling,a,Attribute Value Modification,SAVED,,LLMR_recipe_card_component_html_recipe_card_card_del_a
recipe-card-card,[attr.x-test-card],recipe_card_component_html,delta-sibling,b,Attribute Removal,SAVED,,LLMR_recipe_card_component_html_recipe_card_card_del_b
recipe-card-card,[attr.x-test-card],recipe_card_component_html,delta-sibling,c,Attribute Identifier Modification,SAVED,,LLMR_recipe_card_component_html_recipe_card_card_del_c
recipe-card-card,[attr.x-test-card],recipe_card_component_html,delta-sibling,d,Text Content Modification,SAVED,,LLMR_recipe_card_component_html_recipe_card_card_del_d
recipe-card-card,[attr.x-test-card],recipe_card_component_html,delta-sibling,e,Text Content Removal,SAVED,,LLMR_recipe_card_component_html_recipe_card_card_del_e
recipe-card-card,[attr.x-test-card],recipe_card_component_html,delta-sibling,i,HTML Tag Removal,SAVED,,LLMR_recipe_card_component_html_recipe_card_card_del_i
recipe-card-card,[attr.x-test-card],recipe_card_component_html,delta-sibling,j,HTML Tag Type Modification,SAVED,,LLMR_recipe_card_component_html_recipe_card_card_del_j
recipe-card-card,[attr.x-test-card],recipe_card_component_html,delta-sibling,k,HTML Tag Insertion,SAVED,,LLMR_recipe_card_component_html_recipe_card_card_del_k
recipe-card-card,[attr.x-test-card],recipe_card_component_html,epsilon-component,a,Attribute Value Modification,NA,no-such-role,-
recipe-card-card,[attr.x-test-card],recipe_card_component_html,epsilon-component,b,Attribute Removal,NA,no-such-role,-
recipe-card-card,[attr.x-test-card],recipe_card_component_html,epsilon-component,c,Attribute Identifier Modification,NA,no-such-role,-
recipe-card-card,[attr.x-test-card],recipe_card_component_html,epsilon-component,d,Text Content Modification,NA,no-such-role,-
recipe-card-card,[attr.x-test-card],recipe_card_component_html,epsilon-component,e,Text Content Removal,NA,no-such-role,-
recipe-card-card,[attr.x-test-card],recipe_card_component_html,epsilon-component,i,HTML Tag Removal,NA,no-such-role,-
recipe-card-card,[attr.x-test-card],recipe_card_component_html,epsilon-component,j,HTML Tag Type Modification,NA,no-such-role,-
recipe-card-card,[attr.x-test-card],recipe_card_component_html,epsilon-component,k,HTML Tag Insertion,NA,no-such-role,-
recipe-card-card-title,[attr.x-test-card-title],recipe_card_component_html,alpha-target,a,Attribute Value Modification,SAVED,,LLMR_recipe_card_component_html_recipe_card_card_title_alf_a
recipe-card-card-title,[attr.x-test-card-title],recipe_card_component_html,alpha-target,b,Attribute Removal,SAVED,,LLMR_recipe_card_component_html_recipe_card_card_title_alf_b
recipe-card-card-title,[attr.x-test-card-title],recipe_card_component_html,alpha-target,c,Attribute Identifier Modification,SAVED,,LLMR_recipe_card_component_html_recipe_card_card_title_alf_c
recipe-card-card-title,[attr.x-test-card-title],recipe_card_component_html,alpha-target,d,Text Content Modification,SAVED,,LLMR_recipe_card_component_html_recipe_card_card_title_alf_d
recipe-card-card-title,[attr.x-test-card-title],recipe_card_component_html,alpha-target,e,Text Content Removal,SAVED,,LLMR_recipe_card_component_html_recipe_card_card_title_alf_e
recipe-card-card-title,[attr.x-test-card-title],recipe_card_component_html,alpha-target,i,HTML Tag Removal,SAVED,,LLMR_recipe_card_component_html_recipe_card_card_title_alf_i
recipe-card-card-title,[attr.x-test-card-title],recipe_card_component_html,alpha-target,j,HTML Tag Type Modification,SAVED,,LLMR_recipe_card_component_html_recipe_card_card_title_alf_j
recipe-card-card-title,[attr.x-test-card-title],recipe_card_component_html,alpha-target,k,HTML Tag Insertion,SAVED,,LLMR_recipe_card_component_html_recipe_card_card_title_alf_k
recipe-card-card-title,[attr.x-test-card-title],recipe_card_component_html,beta-parent,d,Text Content Modification,NA,no-text-content,-
recipe-card-card-title,[attr.x-test-card-title],recipe_card_component_html,beta-parent,e,Text Content Removal,NA,no-text-content,-
recipe-card-card-title,[attr.x-test-card-title],recipe_card_component_html,beta-parent,a,Attribute Value Modification,SAVED,,LLMR_recipe_card_component_html_recipe_card_card_title_bet_a
recipe-card-card-title,[attr.x-test-card-title],recipe_card_component_html,beta-parent,b,Attribute Removal,SAVED,,LLMR_recipe_card_component_html_recipe_card_card_title_bet_b
recipe-card-card-title,[attr.x-test-card-title],recipe_card_component_html,beta-parent,c,Attribute Identifier Modification,SAVED,,LLMR_recipe_card_component_html_recipe_card_card_title_bet_c
recipe-card-card-title,[attr.x-test-card-title],recipe_card_component_html,beta-parent,i,HTML Tag Removal,SAVED,,LLMR_recipe_card_component_html_recipe_card_card_title_bet_i
recipe-card-card-title,[attr.x-test-card-title],recipe_card_component_html,beta-parent,j,HTML Tag Type Modification,SAVED,,LLMR_recipe_card_component_html_recipe_card_card_title_bet_j
recipe-card-card-title,[attr.x-test-card-title],recipe_card_component_html,beta-parent,k,HTML Tag Insertion,SAVED,,LLMR_recipe_card_component_html_recipe_card_card_title_bet_k
recipe-card-card-title,[attr.x-test-card-title],recipe_card_component_html,gamma-ancestor,d,Text Content Modification,NA,no-text-content,-
recipe-card-card-title,[attr.x-test-card-title],recipe_card_component_html,gamma-ancestor,e,Text Content Removal,NA,no-text-content,-
recipe-card-card-title,[attr.x-test-card-title],recipe_card_component_html,gamma-ancestor,a,Attribute Value Modification,SAVED,,LLMR_recipe_card_component_html_recipe_card_card_title_gam_a
recipe-card-card-title,[attr.x-test-card-title],recipe_card_component_html,gamma-ancestor,b,Attribute Removal,SAVED,,LLMR_recipe_card_component_html_recipe_card_card_title_gam_b
recipe-card-card-title,[attr.x-test-card-title],recipe_card_component_html,gamma-ancestor,c,Attribute Identifier Modification,SAVED,,LLMR_recipe_card_component_html_recipe_card_card_title_gam_c
recipe-card-card-title,[attr.x-test-card-title],recipe_card_component_html,gamma-ancestor,i,HTML Tag Removal,SAVED,,LLMR_recipe_card_component_html_recipe_card_card_title_gam_i
recipe-card-card-title,[attr.x-test-card-title],recipe_card_component_html,gamma-ancestor,j,HTML Tag Type Modification,SAVED,,LLMR_recipe_card_component_html_recipe_card_card_title_gam_j
recipe-card-card-title,[attr.x-test-card-title],recipe_card_component_html,gamma-ancestor,k,HTML Tag Insertion,SAVED,,LLMR_recipe_card_component_html_recipe_card_card_title_gam_k
recipe-card-card-title,[attr.x-test-card-title],recipe_card_component_html,delta-sibling,a,Attribute Value Modification,SAVED,,LLMR_recipe_card_component_html_recipe_card_card_title_del_a
recipe-card-card-title,[attr.x-test-card-title],recipe_card_component_html,delta-sibling,b,Attribute Removal,SAVED,,LLMR_recipe_card_component_html_recipe_card_card_title_del_b
recipe-card-card-title,[attr.x-test-card-title],recipe_card_component_html,delta-sibling,c,Attribute Identifier Modification,SAVED,,LLMR_recipe_card_component_html_recipe_card_card_title_del_c
recipe-card-card-title,[attr.x-test-card-title],recipe_card_component_html,delta-sibling,d,Text Content Modification,SAVED,,LLMR_recipe_card_component_html_recipe_card_card_title_del_d
recipe-card-card-title,[attr.x-test-card-title],recipe_card_component_html,delta-sibling,e,Text Content Removal,SAVED,,LLMR_recipe_card_component_html_recipe_card_card_title_del_e
recipe-card-card-title,[attr.x-test-card-title],recipe_card_component_html,delta-sibling,i,HTML Tag Removal,SAVED,,LLMR_recipe_card_component_html_recipe_card_card_title_del_i
recipe-card-card-title,[attr.x-test-card-title],recipe_card_component_html,delta-sibling,j,HTML Tag Type Modification,SAVED,,LLMR_recipe_card_component_html_recipe_card_card_title_del_j
recipe-card-card-title,[attr.x-test-card-title],recipe_card_component_html,delta-sibling,k,HTML Tag Insertion,SAVED,,LLMR_recipe_card_component_html_recipe_card_card_title_del_k
recipe-card-card-title,[attr.x-test-card-title],recipe_card_component_html,epsilon-component,a,Attribute Value Modification,NA,no-such-role,-
recipe-card-card-title,[attr.x-test-card-title],recipe_card_component_html,epsilon-component,b,Attribute Removal,NA,no-such-role,-
recipe-card-card-title,[attr.x-test-card-title],recipe_card_component_html,epsilon-component,c,Attribute Identifier Modification,NA,no-such-role,-
recipe-card-card-title,[attr.x-test-card-title],recipe_card_component_html,epsilon-component,d,Text Content Modification,NA,no-such-role,-
recipe-card-card-title,[attr.x-test-card-title],recipe_card_component_html,epsilon-component,e,Text Content Removal,NA,no-such-role,-
recipe-card-card-title,[attr.x-test-card-title],recipe_card_component_html,epsilon-component,i,HTML Tag Removal,NA,no-such-role,-
recipe-card-card-title,[attr.x-test-card-title],recipe_card_component_html,epsilon-component,j,HTML Tag Type Modification,NA,no-such-role,-
recipe-card-card-title,[attr.x-test-card-title],recipe_card_component_html,epsilon-component,k,HTML Tag Insertion,NA,no-such-role,-
recipe-card-card-fav,[attr.x-test-card-fav],recipe_card_component_html,alpha-target,a,Attribute Value Modification,SAVED,,LLMR_recipe_card_component_html_recipe_card_card_fav_alf_a
recipe-card-card-fav,[attr.x-test-card-fav],recipe_card_component_html,alpha-target,b,Attribute Removal,SAVED,,LLMR_recipe_card_component_html_recipe_card_card_fav_alf_b
recipe-card-card-fav,[attr.x-test-card-fav],recipe_card_component_html,alpha-target,c,Attribute Identifier Modification,SAVED,,LLMR_recipe_card_component_html_recipe_card_card_fav_alf_c
recipe-card-card-fav,[attr.x-test-card-fav],recipe_card_component_html,alpha-target,d,Text Content Modification,SAVED,,LLMR_recipe_card_component_html_recipe_card_card_fav_alf_d
recipe-card-card-fav,[attr.x-test-card-fav],recipe_card_component_html,alpha-target,e,Text Content Removal,SAVED,,LLMR_recipe_card_component_html_recipe_card_card_fav_alf_e
recipe-card-card-fav,[attr.x-test-card-fav],recipe_card_component_html,alpha-target,i,HTML Tag Removal,SAVED,,LLMR_recipe_card_component_html_recipe_card_card_fav_alf_i
recipe-card-card-fav,[attr.x-test-card-fav],recipe_card_component_html,alpha-target,j,HTML Tag Type Modification,SAVED,,LLMR_recipe_card_component_html_recipe_card_card_fav_alf_j
recipe-card-card-fav,[attr.x-test-card-fav],recipe_card_component_html,alpha-target,k,HTML Tag Insertion,SAVED,,LLMR_recipe_card_component_html_recipe_card_card_fav_alf_k
recipe-card-card-fav,[attr.x-test-card-fav],recipe_card_component_html,beta-parent,d,Text Content Modification,NA,no-text-content,-
recipe-card-card-fav,[attr.x-test-card-fav],recipe_card_component_html,beta-parent,e,Text Content Removal,NA,no-text-content,-
recipe-card-card-fav,[attr.x-test-card-fav],recipe_card_component_html,beta-parent,a,Attribute Value Modification,SAVED,,LLMR_recipe_card_component_html_recipe_card_card_fav_bet_a
recipe-card-card-fav,[attr.x-test-card-fav],recipe_card_component_html,beta-parent,b,Attribute Removal,REJECTED,duplicate,-
recipe-card-card-fav,[attr.x-test-card-fav],recipe_card_component_html,beta-parent,c,Attribute Identifier Modification,SAVED,,LLMR_recipe_card_component_html_recipe_card_card_fav_bet_c
recipe-card-card-fav,[attr.x-test-card-fav],recipe_card_component_html,beta-parent,i,HTML Tag Removal,REJECTED,duplicate,-
recipe-card-card-fav,[attr.x-test-card-fav],recipe_card_component_html,beta-parent,j,HTML Tag Type Modification,SAVED,,LLMR_recipe_card_component_html_recipe_card_card_fav_bet_j
recipe-card-card-fav,[attr.x-test-card-fav],recipe_card_component_html,beta-parent,k,HTML Tag Insertion,REJECTED,duplicate,-
recipe-card-card-fav,[attr.x-test-card-fav],recipe_card_component_html,gamma-ancestor,d,Text Content Modification,NA,no-text-content,-
recipe-card-card-fav,[attr.x-test-card-fav],recipe_card_component_html,gamma-ancestor,e,Text Content Removal,NA,no-text-content,-
recipe-card-card-fav,[attr.x-test-card-fav],recipe_card_component_html,gamma-ancestor,a,Attribute Value Modification,SAVED,,LLMR_recipe_card_component_html_recipe_card_card_fav_gam_a
recipe-card-card-fav,[attr.x-test-card-fav],recipe_card_component_html,gamma-ancestor,b,Attribute Removal,SAVED,,LLMR_recipe_card_component_html_recipe_card_card_fav_gam_b
recipe-card-card-fav,[attr.x-test-card-fav],recipe_card_component_html,gamma-ancestor,c,Attribute Identifier Modification,SAVED,,LLMR_recipe_card_component_html_recipe_card_card_fav_gam_c
recipe-card-card-fav,[attr.x-test-card-fav],recipe_card_component_html,gamma-ancestor,i,HTML Tag Removal,SAVED,,LLMR_recipe_card_component_html_recipe_card_card_fav_gam_i
recipe-card-card-fav,[attr.x-test-card-fav],recipe_card_component_html,gamma-ancestor,j,HTML Tag Type Modification,SAVED,,LLMR_recipe_card_component_html_recipe_card_card_fav_gam_j
recipe-card-card-fav,[attr.x-test-card-fav],recipe_card_component_html,gamma-ancestor,k,HTML Tag Insertion,SAVED,,LLMR_recipe_card_component_html_recipe_card_card_fav_gam_k
recipe-card-card-fav,[attr.x-test-card-fav],recipe_card_component_html,delta-sibling,d,Text Content Modification,NA,no-text-content,-
recipe-card-card-fav,[attr.x-test-card-fav],recipe_card_component_html,delta-sibling,e,Text Content Removal,NA,no-text-content,-
recipe-card-card-fav,[attr.x-test-card-fav],recipe_card_component_html,delta-sibling,a,Attribute Value Modification,SAVED,,LLMR_recipe_card_component_html_recipe_card_card_fav_del_a
recipe-card-card-fav,[attr.x-test-card-fav],recipe_card_component_html,delta-sibling,b,Attribute Removal,REJECTED,duplicate,-
recipe-card-card-fav,[attr.x-test-card-fav],recipe_card_component_html,delta-sibling,c,Attribute Identifier Modification,SAVED,,LLMR_recipe_card_component_html_recipe_card_card_fav_del_c
recipe-card-card-fav,[attr.x-test-card-fav],recipe_card_component_html,delta-sibling,i,HTML Tag Removal,REJECTED,duplicate,-
recipe-card-card-fav,[attr.x-test-card-fav],recipe_card_component_html,delta-sibling,j,HTML Tag Type Modification,REJECTED,duplicate,-
recipe-card-card-fav,[attr.x-test-card-fav],recipe_card_component_html,delta-sibling,k,HTML Tag Insertion,SAVED,,LLMR_recipe_card_component_html_recipe_card_card_fav_del_k
recipe-card-card-fav,[attr.x-test-card-fav],recipe_card_component_html,epsilon-component,a,Attribute Value Modification,NA,no-such-role,-
recipe-card-card-fav,[attr.x-test-card-fav],recipe_card_component_html,epsilon-component,b,Attribute Removal,NA,no-such-role,-
recipe-card-card-fav,[attr.x-test-card-fav],recipe_card_component_html,epsilon-component,c,Attribute Identifier Modification,NA,no-such-role,-
recipe-card-card-fav,[attr.x-test-card-fav],recipe_card_component_html,epsilon-component,d,Text Content Modification,NA,no-such-role,-
recipe-card-card-fav,[attr.x-test-card-fav],recipe_card_component_html,epsilon-component,e,Text Content Removal,NA,no-such-role,-
recipe-card-card-fav,[attr.x-test-card-fav],recipe_card_component_html,epsilon-component,i,HTML Tag Removal,NA,no-such-role,-
recipe-card-card-fav,[attr.x-test-card-fav],recipe_card_component_html,epsilon-component,j,HTML Tag Type Modification,NA,no-such-role,-
recipe-card-card-fav,[attr.x-test-card-fav],recipe_card_component_html,epsilon-component,k,HTML Tag Insertion,NA,no-such-role,-
recipe-card-card-time,[attr.x-test-card-time],recipe_card_component_html,alpha-target,a,Attribute Value Modification,SAVED,,LLMR_recipe_card_component_html_recipe_card_card_time_alf_a
recipe-card-card-time,[attr.x-test-card-time],recipe_card_component_html,alpha-target,b,Attribute Removal,SAVED,,LLMR_recipe_card_component_html_recipe_card_card_time_alf_b
recipe-card-card-time,[attr.x-test-card-time],recipe_card_component_html,alpha-target,c,Attribute Identifier Modification,SAVED,,LLMR_recipe_card_component_html_recipe_card_card_time_alf_c
recipe-card-card-time,[attr.x-test-card-time],recipe_card_component_html,alpha-target,d,Text Content Modification,SAVED,,LLMR_recipe_card_component_html_recipe_card_card_time_alf_d
recipe-card-card-time,[attr.x-test-card-time],recipe_card_component_html,alpha-target,e,Text Content Removal,SAVED,,LLMR_recipe_card_component_html_recipe_card_card_time_alf_e
recipe-card-card-time,[attr.x-test-card-time],recipe_card_component_html,alpha-target,i,HTML Tag Removal,SAVED,,LLMR_recipe_card_component_html_recipe_card_card_time_alf_i
recipe-card-card-time,[attr.x-test-card-time],recipe_card_component_html,alpha-target,j,HTML Tag Type Modification,SAVED,,LLMR_recipe_card_component_html_recipe_card_card_time_alf_j
recipe-card-card-time,[attr.x-test-card-time],recipe_card_component_html,alpha-target,k,HTML Tag Insertion,SAVED,,LLMR_recipe_card_component_html_recipe_card_card_time_alf_k
recipe-card-card-time,[attr.x-test-card-time],recipe_card_component_html,beta-parent,d,Text Content Modification,NA,no-text-content,-
recipe-card-card-time,[attr.x-test-card-time],recipe_card_component_html,beta-parent,e,Text Content Removal,NA,no-text-content,-
recipe-card-card-time,[attr.x-test-card-time],recipe_card_component_html,beta-parent,a,Attribute Value Modification,SAVED,,LLMR_recipe_card_component_html_recipe_card_card_time_bet_a
recipe-card-card-time,[attr.x-test-card-time],recipe_card_component_html,beta-parent,b,Attribute Removal,SAVED,,LLMR_recipe_card_component_html_recipe_card_card_time_bet_b
recipe-card-card-time,[attr.x-test-card-time],recipe_card_component_html,beta-parent,c,Attribute Identifier Modification,SAVED,,LLMR_recipe_card_component_html_recipe_card_card_time_bet_c
recipe-card-card-time,[attr.x-test-card-time],recipe_card_component_html,beta-parent,i,HTML Tag Removal,SAVED,,LLMR_recipe_card_component_html_recipe_card_card_time_bet_i
recipe-card-card-time,[attr.x-test-card-time],recipe_card_component_html,beta-parent,j,HTML Tag Type Modification,SAVED,,LLMR_recipe_card_component_html_recipe_card_card_time_bet_j
recipe-card-card-time,[attr.x-test-card-time],recipe_card_component_html,beta-parent,k,HTML Tag Insertion,SAVED,,LLMR_recipe_card_component_html_recipe_card_card_time_bet_k
recipe-card-card-time,[attr.x-test-card-time],recipe_card_component_html,gamma-ancestor,d,Text Content Modification,NA,no-text-content,-
recipe-card-card-time,[attr.x-test-card-time],recipe_card_component_html,gamma-ancestor,e,Text Content Removal,NA,no-text-content,-
recipe-card-card-time,[attr.x-test-card-time],recipe_card_component_html,gamma-ancestor,a,Attribute Value Modification,SAVED,,LLMR_recipe_card_component_html_recipe_card_card_time_gam_a
recipe-card-card-time,[attr.x-test-card-time],recipe_card_component_html,gamma-ancestor,b,Attribute Removal,SAVED,,LLMR_recipe_card_component_html_recipe_card_card_time_gam_b
recipe-card-card-time,[attr.x-test-card-time],recipe_card_component_html,gamma-ancestor,c,Attribute Identifier Modification,SAVED,,LLMR_recipe_card_component_html_recipe_card_card_time_gam_c
recipe-card-card-time,[attr.x-test-card-time],recipe_card_component_html,gamma-ancestor,i,HTML Tag Removal,SAVED,,LLMR_recipe_card_component_html_recipe_card_card_time_gam_i
recipe-card-card-time,[attr.x-test-card-time],recipe_card_component_html,gamma-ancestor,j,HTML Tag Type Modification,SAVED,,LLMR_recipe_card_component_html_recipe_card_card_time_gam_j
recipe-card-card-time,[attr.x-test-card-time],recipe_card_component_html,gamma-ancestor,k,HTML Tag Insertion,SAVED,,LLMR_recipe_card_component_html_recipe_card_card_time_gam_k
recipe-card-card-time,[attr.x-test-card-time],recipe_card_component_html,delta-sibling,a,Attribute Value Modification,SAVED,,LLMR_recipe_card_component_html_recipe_card_card_time_del_a
recipe-card-card-time,[attr.x-test-card-time],recipe_card_component_html,delta-sibling,b,Attribute Removal,SAVED,,LLMR_recipe_card_component_html_recipe_card_card_time_del_b
recipe-card-card-time,[attr.x-test-card-time],recipe_card_component_html,delta-sibling,c,Attribute Identifier Modification,SAVED,,LLMR_recipe_card_component_html_recipe_card_card_time_del_c
recipe-card-card-time,[attr.x-test-card-time],recipe_card_component_html,delta-sibling,d,Text Content Modification,SAVED,,LLMR_recipe_card_component_html_recipe_card_card_time_del_d
recipe-card-card-time,[attr.x-test-card-time],recipe_card_component_html,delta-sibling,e,Text Content Removal,SAVED,,LLMR_recipe_card_component_html_recipe_card_card_time_del_e
recipe-card-card-time,[attr.x-test-card-time],recipe_card_component_html,delta-sibling,i,HTML Tag Removal,SAVED,,LLMR_recipe_card_component_html_recipe_card_card_time_del_i
recipe-card-card-time,[attr.x-test-card-time],recipe_card_component_html,delta-sibling,j,HTML Tag Type Modification,SAVED,,LLMR_recipe_card_component_html_recipe_card_card_time_del_j
recipe-card-card-time,[attr.x-test-card-time],recipe_card_component_html,delta-sibling,k,HTML Tag Insertion,SAVED,,LLMR_recipe_card_component_html_recipe_card_card_time_del_k
recipe-card-card-time,[attr.x-test-card-time],recipe_card_component_html,epsilon-component,a,Attribute Value Modification,NA,no-such-role,-
recipe-card-card-time,[attr.x-test-card-time],recipe_card_component_html,epsilon-component,b,Attribute Removal,NA,no-such-role,-
recipe-card-card-time,[attr.x-test-card-time],recipe_card_component_html,epsilon-component,c,Attribute Identifier Modification,NA,no-such-role,-
recipe-card-card-time,[attr.x-test-card-time],recipe_card_component_html,epsilon-component,d,Text Content Modification,NA,no-such-role,-
recipe-card-card-time,[attr.x-test-card-time],recipe_card_component_html,epsilon-component,e,Text Content Removal,NA,no-such-role,-
recipe-card-card-time,[attr.x-test-card-time],recipe_card_component_html,epsilon-component,i,HTML Tag Removal,NA,no-such-role,-
recipe-card-card-time,[attr.x-test-card-time],recipe_card_component_html,epsilon-component,j,HTML Tag Type Modification,NA,no-such-role,-
recipe-card-card-time,[attr.x-test-card-time],recipe_card_component_html,epsilon-component,k,HTML Tag Insertion,NA,no-such-role,-
recipe-detail-detail-title,x-test-detail-title,recipe_detail_component_html,alpha-target,i,HTML Tag Removal,NA,would-drop-x-test,-
recipe-detail-detail-title,x-test-detail-title,recipe_detail_component_html,alpha-target,a,Attribute Value Modification,SAVED,,LLMR_recipe_detail_component_html_recipe_detail_detail_title_alf_a
recipe-detail-detail-title,x-test-detail-title,recipe_detail_component_html,alpha-target,b,Attribute Removal,SAVED,,LLMR_recipe_detail_component_html_recipe_detail_detail_title_alf_b
recipe-detail-detail-title,x-test-detail-title,recipe_detail_component_html,alpha-target,c,Attribute Identifier Modification,SAVED,,LLMR_recipe_detail_component_html_recipe_detail_detail_title_alf_c
recipe-detail-detail-title,x-test-detail-title,recipe_detail_component_html,alpha-target,d,Text Content Modification,SAVED,,LLMR_recipe_detail_component_html_recipe_detail_detail_title_alf_d
recipe-detail-detail-title,x-test-detail-title,recipe_detail_component_html,alpha-target,e,Text Content Removal,SAVED,,LLMR_recipe_detail_component_html_recipe_detail_detail_title_alf_e
recipe-detail-detail-title,x-test-detail-title,recipe_detail_component_html,alpha-target,j,HTML Tag Type Modification,SAVED,,LLMR_recipe_detail_component_html_recipe_detail_detail_title_alf_j
recipe-detail-detail-title,x-test-detail-title,recipe_detail_component_html,alpha-target,k,HTML Tag Insertion,SAVED,,LLMR_recipe_detail_component_html_recipe_detail_detail_title_alf_k
recipe-detail-detail-title,x-test-detail-title,recipe_detail_component_html,beta-parent,d,Text Content Modification,NA,no-text-content,-
recipe-detail-detail-title,x-test-detail-title,recipe_detail_component_html,beta-parent,e,Text Content Removal,NA,no-text-content,-
recipe-detail-detail-title,x-test-detail-title,recipe_detail_component_html,beta-parent,a,Attribute Value Modification,SAVED,,LLMR_recipe_detail_component_html_recipe_detail_detail_title_bet_a
recipe-detail-detail-title,x-test-detail-title,recipe_detail_component_html,beta-parent,b,Attribute Removal,SAVED,,LLMR_recipe_detail_component_html_recipe_detail_detail_title_bet_b
recipe-detail-detail-title,x-test-detail-title,recipe_detail_component_html,beta-parent,c,Attribute Identifier Modification,SAVED,,LLMR_recipe_detail_component_html_recipe_detail_detail_title_bet_c
recipe-detail-detail-title,x-test-detail-title,recipe_detail_component_html,beta-parent,i,HTML Tag Removal,SAVED,,LLMR_recipe_detail_component_html_recipe_detail_detail_title_bet_i
recipe-detail-detail-title,x-test-detail-title,recipe_detail_component_html,beta-parent,j,HTML Tag Type Modification,SAVED,,LLMR_recipe_detail_component_html_recipe_detail_detail_title_bet_j
recipe-detail-detail-title,x-test-detail-title,recipe_detail_component_html,beta-parent,k,HTML Tag Insertion,SAVED,,LLMR_recipe_detail_component_html_recipe_detail_detail_title_bet_k
recipe-detail-detail-title,x-test-detail-title,recipe_detail_component_html,gamma-ancestor,d,Text Content Modification,NA,no-text-content,-
recipe-detail-detail-title,x-test-detail-title,recipe_detail_component_html,gamma-ancestor,e,Text Content Removal,NA,no-text-content,-
recipe-detail-detail-title,x-test-detail-title,recipe_detail_component_html,gamma-ancestor,a,Attribute Value Modification,SAVED,,LLMR_recipe_detail_component_html_recipe_detail_detail_title_gam_a
recipe-detail-detail-title,x-test-detail-title,recipe_detail_component_html,gamma-ancestor,b,Attribute Removal,SAVED,,LLMR_recipe_detail_component_html_recipe_detail_detail_title_gam_b
recipe-detail-detail-title,x-test-detail-title,recipe_detail_component_html,gamma-ancestor,c,Attribute Identifier Modification,SAVED,,LLMR_recipe_detail_component_html_recipe_detail_detail_title_gam_c
recipe-detail-detail-title,x-test-detail-title,recipe_detail_component_html,gamma-ancestor,i,HTML Tag Removal,SAVED,,LLMR_recipe_detail_component_html_recipe_detail_detail_title_gam_i
recipe-detail-detail-title,x-test-detail-title,recipe_detail_component_html,gamma-ancestor,j,HTML Tag Type Modification,SAVED,,LLMR_recipe_detail_component_html_recipe_detail_detail_title_gam_j
recipe-detail-detail-title,x-test-detail-title,recipe_detail_component_html,gamma-ancestor,k,HTML Tag Insertion,SAVED,,LLMR_recipe_detail_component_html_recipe_detail_detail_title_gam_k
recipe-detail-detail-title,x-test-detail-title,recipe_detail_component_html,delta-sibling,a,Attribute Value Modification,SAVED,,LLMR_recipe_detail_component_html_recipe_detail_detail_title_del_a
recipe-detail-detail-title,x-test-detail-title,recipe_detail_component_html,delta-sibling,b,Attribute Removal,SAVED,,LLMR_recipe_detail_component_html_recipe_detail_detail_title_del_b
recipe-detail-detail-title,x-test-detail-title,recipe_detail_component_html,delta-sibling,c,Attribute Identifier Modification,SAVED,,LLMR_recipe_detail_component_html_recipe_detail_detail_title_del_c
recipe-detail-detail-title,x-test-detail-title,recipe_detail_component_html,delta-sibling,d,Text Content Modification,SAVED,,LLMR_recipe_detail_component_html_recipe_detail_detail_title_del_d
recipe-detail-detail-title,x-test-detail-title,recipe_detail_component_html,delta-sibling,e,Text Content Removal,SAVED,,LLMR_recipe_detail_component_html_recipe_detail_detail_title_del_e
recipe-detail-detail-title,x-test-detail-title,recipe_detail_component_html,delta-sibling,i,HTML Tag Removal,SAVED,,LLMR_recipe_detail_component_html_recipe_detail_detail_title_del_i
recipe-detail-detail-title,x-test-detail-title,recipe_detail_component_html,delta-sibling,j,HTML Tag Type Modification,SAVED,,LLMR_recipe_detail_component_html_recipe_detail_detail_title_del_j
recipe-detail-detail-title,x-test-detail-title,recipe_detail_component_html,delta-sibling,k,HTML Tag Insertion,SAVED,,LLMR_recipe_detail_component_html_recipe_detail_detail_title_del_k
recipe-detail-detail-title,x-test-detail-title,recipe_detail_component_html,epsilon-component,a,Attribute Value Modification,NA,no-such-role,-
recipe-detail-detail-title,x-test-detail-title,recipe_detail_component_html,epsilon-component,b,Attribute Removal,NA,no-such-role,-
recipe-detail-detail-title,x-test-detail-title,recipe_detail_component_html,epsilon-component,c,Attribute Identifier Modification,NA,no-such-role,-
recipe-detail-detail-title,x-test-detail-title,recipe_detail_component_html,epsilon-component,d,Text Content Modification,NA,no-such-role,-
recipe-detail-detail-title,x-test-detail-title,recipe_detail_component_html,epsilon-component,e,Text Content Removal,NA,no-such-role,-
recipe-detail-detail-title,x-test-detail-title,recipe_detail_component_html,epsilon-component,i,HTML Tag Removal,NA,no-such-role,-
recipe-detail-detail-title,x-test-detail-title,recipe_detail_component_html,epsilon-component,j,HTML Tag Type Modification,NA,no-such-role,-
recipe-detail-detail-title,x-test-detail-title,recipe_detail_component_html,epsilon-component,k,HTML Tag Insertion,NA,no-such-role,-
recipe-detail-detail-author,x-test-detail-author,recipe_detail_component_html,alpha-target,i,HTML Tag Removal,NA,would-drop-x-test,-
recipe-detail-detail-author,x-test-detail-author,recipe_detail_component_html,alpha-target,a,Attribute Value Modification,SAVED,,LLMR_recipe_detail_component_html_recipe_detail_detail_author_alf_a
recipe-detail-detail-author,x-test-detail-author,recipe_detail_component_html,alpha-target,b,Attribute Removal,SAVED,,LLMR_recipe_detail_component_html_recipe_detail_detail_author_alf_b
recipe-detail-detail-author,x-test-detail-author,recipe_detail_component_html,alpha-target,c,Attribute Identifier Modification,SAVED,,LLMR_recipe_detail_component_html_recipe_detail_detail_author_alf_c
recipe-detail-detail-author,x-test-detail-author,recipe_detail_component_html,alpha-target,d,Text Content Modification,SAVED,,LLMR_recipe_detail_component_html_recipe_detail_detail_author_alf_d
recipe-detail-detail-author,x-test-detail-author,recipe_detail_component_html,alpha-target,e,Text Content Removal,SAVED,,LLMR_recipe_detail_component_html_recipe_detail_detail_author_alf_e
recipe-detail-detail-author,x-test-detail-author,recipe_detail_component_html,alpha-target,j,HTML Tag Type Modification,SAVED,,LLMR_recipe_detail_component_html_recipe_detail_detail_author_alf_j
recipe-detail-detail-author,x-test-detail-author,recipe_detail_component_html,alpha-target,k,HTML Tag Insertion,SAVED,,LLMR_recipe_detail_component_html_recipe_detail_detail_author_alf_k
recipe-detail-detail-author,x-test-detail-author,recipe_detail_component_html,beta-parent,d,Text Content Modification,NA,no-text-content,-
recipe-detail-detail-author,x-test-detail-author,recipe_detail_component_html,beta-parent,e,Text Content Removal,NA,no-text-content,-
recipe-detail-detail-author,x-test-detail-author,recipe_detail_component_html,beta-parent,a,Attribute Value Modification,SAVED,,LLMR_recipe_detail_component_html_recipe_detail_detail_author_bet_a
recipe-detail-detail-author,x-test-detail-author,recipe_detail_component_html,beta-parent,b,Attribute Removal,SAVED,,LLMR_recipe_detail_component_html_recipe_detail_detail_author_bet_b
recipe-detail-detail-author,x-test-detail-author,recipe_detail_component_html,beta-parent,c,Attribute Identifier Modification,SAVED,,LLMR_recipe_detail_component_html_recipe_detail_detail_author_bet_c
recipe-detail-detail-author,x-test-detail-author,recipe_detail_component_html,beta-parent,i,HTML Tag Removal,SAVED,,LLMR_recipe_detail_component_html_recipe_detail_detail_author_bet_i
recipe-detail-detail-author,x-test-detail-author,recipe_detail_component_html,beta-parent,j,HTML Tag Type Modification,SAVED,,LLMR_recipe_detail_component_html_recipe_detail_detail_author_bet_j
recipe-detail-detail-author,x-test-detail-author,recipe_detail_component_html,beta-parent,k,HTML Tag Insertion,SAVED,,LLMR_recipe_detail_component_html_recipe_detail_detail_author_bet_k
recipe-detail-detail-author,x-test-detail-author,recipe_detail_component_html,gamma-ancestor,d,Text Content Modification,NA,no-text-content,-
recipe-detail-detail-author,x-test-detail-author,recipe_detail_component_html,gamma-ancestor,e,Text Content Removal,NA,no-text-content,-
recipe-detail-detail-author,x-test-detail-author,recipe_detail_component_html,gamma-ancestor,a,Attribute Value Modification,SAVED,,LLMR_recipe_detail_component_html_recipe_detail_detail_author_gam_a
recipe-detail-detail-author,x-test-detail-author,recipe_detail_component_html,gamma-ancestor,b,Attribute Removal,REJECTED,duplicate,-
recipe-detail-detail-author,x-test-detail-author,recipe_detail_component_html,gamma-ancestor,c,Attribute Identifier Modification,SAVED,,LLMR_recipe_detail_component_html_recipe_detail_detail_author_gam_c
recipe-detail-detail-author,x-test-detail-author,recipe_detail_component_html,gamma-ancestor,i,HTML Tag Removal,REJECTED,duplicate,-
recipe-detail-detail-author,x-test-detail-author,recipe_detail_component_html,gamma-ancestor,j,HTML Tag Type Modification,SAVED,,LLMR_recipe_detail_component_html_recipe_detail_detail_author_gam_j
recipe-detail-detail-author,x-test-detail-author,recipe_detail_component_html,gamma-ancestor,k,HTML Tag Insertion,REJECTED,duplicate,-
recipe-detail-detail-author,x-test-detail-author,recipe_detail_component_html,delta-sibling,a,Attribute Value Modification,SAVED,,LLMR_recipe_detail_component_html_recipe_detail_detail_author_del_a
recipe-detail-detail-author,x-test-detail-author,recipe_detail_component_html,delta-sibling,b,Attribute Removal,SAVED,,LLMR_recipe_detail_component_html_recipe_detail_detail_author_del_b
recipe-detail-detail-author,x-test-detail-author,recipe_detail_component_html,delta-sibling,c,Attribute Identifier Modification,SAVED,,LLMR_recipe_detail_component_html_recipe_detail_detail_author_del_c
recipe-detail-detail-author,x-test-detail-author,recipe_detail_component_html,delta-sibling,d,Text Content Modification,SAVED,,LLMR_recipe_detail_component_html_recipe_detail_detail_author_del_d
recipe-detail-detail-author,x-test-detail-author,recipe_detail_component_html,delta-sibling,e,Text Content Removal,SAVED,,LLMR_recipe_detail_component_html_recipe_detail_detail_author_del_e
recipe-detail-detail-author,x-test-detail-author,recipe_detail_component_html,delta-sibling,i,HTML Tag Removal,SAVED,,LLMR_recipe_detail_component_html_recipe_detail_detail_author_del_i
recipe-detail-detail-author,x-test-detail-author,recipe_detail_component_html,delta-sibling,j,HTML Tag Type Modification,SAVED,,LLMR_recipe_detail_component_html_recipe_detail_detail_author_del_j
recipe-detail-detail-author,x-test-detail-author,recipe_detail_component_html,delta-sibling,k,HTML Tag Insertion,SAVED,,LLMR_recipe_detail_component_html_recipe_detail_detail_author_del_k
recipe-detail-detail-author,x-test-detail-author,recipe_detail_component_html,epsilon-component,a,Attribute Value Modification,NA,no-such-role,-
recipe-detail-detail-author,x-test-detail-author,recipe_detail_component_html,epsilon-component,b,Attribute Removal,NA,no-such-role,-
recipe-detail-detail-author,x-test-detail-author,recipe_detail_component_html,epsilon-component,c,Attribute Identifier Modification,NA,no-such-role,-
recipe-detail-detail-author,x-test-detail-author,recipe_detail_component_html,epsilon-component,d,Text Content Modification,NA,no-such-role,-
recipe-detail-detail-author,x-test-detail-author,recipe_detail_component_html,epsilon-component,e,Text Content Removal,NA,no-such-role,-
recipe-detail-detail-author,x-test-detail-author,recipe_detail_component_html,epsilon-component,i,HTML Tag Removal,NA,no-such-role,-
recipe-detail-detail-author,x-test-detail-author,recipe_detail_component_html,epsilon-component,j,HTML Tag Type Modification,NA,no-such-role,-
recipe-detail-detail-author,x-test-detail-author,recipe_detail_component_html,epsilon-component,k,HTML Tag Insertion,NA,no-such-role,-
recipe-detail-servings,x-test-servings,recipe_detail_component_html,alpha-target,d,Text Content Modification,NA,no-text-content,-
recipe-detail-servings,x-test-servings,recipe_detail_component_html,alpha-target,e,Text Content Removal,NA,no-text-content,-
recipe-detail-servings,x-test-servings,recipe_detail_component_html,alpha-target,i,HTML Tag Removal,NA,would-drop-x-test,-
recipe-detail-servings,x-test-servings,recipe_detail_component_html,alpha-target,a,Attribute Value Modification,SAVED,,LLMR_recipe_detail_component_html_recipe_detail_servings_alf_a
recipe-detail-servings,x-test-servings,recipe_detail_component_html,alpha-target,b,Attribute Removal,SAVED,,LLMR_recipe_detail_component_html_recipe_detail_servings_alf_b
recipe-detail-servings,x-test-servings,recipe_detail_component_html,alpha-target,c,Attribute Identifier Modification,SAVED,,LLMR_recipe_detail_component_html_recipe_detail_servings_alf_c
recipe-detail-servings,x-test-servings,recipe_detail_component_html,alpha-target,j,HTML Tag Type Modification,SAVED,,LLMR_recipe_detail_component_html_recipe_detail_servings_alf_j
recipe-detail-servings,x-test-servings,recipe_detail_component_html,alpha-target,k,HTML Tag Insertion,SAVED,,LLMR_recipe_detail_component_html_recipe_detail_servings_alf_k
recipe-detail-servings,x-test-servings,recipe_detail_component_html,beta-parent,d,Text Content Modification,NA,no-text-content,-
recipe-detail-servings,x-test-servings,recipe_detail_component_html,beta-parent,e,Text Content Removal,NA,no-text-content,-
recipe-detail-servings,x-test-servings,recipe_detail_component_html,beta-parent,a,Attribute Value Modification,SAVED,,LLMR_recipe_detail_component_html_recipe_detail_servings_bet_a
recipe-detail-servings,x-test-servings,recipe_detail_component_html,beta-parent,b,Attribute Removal,SAVED,,LLMR_recipe_detail_component_html_recipe_detail_servings_bet_b
recipe-detail-servings,x-test-servings,recipe_detail_component_html,beta-parent,c,Attribute Identifier Modification,SAVED,,LLMR_recipe_detail_component_html_recipe_detail_servings_bet_c
recipe-detail-servings,x-test-servings,recipe_detail_component_html,beta-parent,i,HTML Tag Removal,SAVED,,LLMR_recipe_detail_component_html_recipe_detail_servings_bet_i
recipe-detail-servings,x-test-servings,recipe_detail_component_html,beta-parent,j,HTML Tag Type Modification,SAVED,,LLMR_recipe_detail_component_html_recipe_detail_servings_bet_j
recipe-detail-servings,x-test-servings,recipe_detail_component_html,beta-parent,k,HTML Tag Insertion,SAVED,,LLMR_recipe_detail_component_html_recipe_detail_servings_bet_k
recipe-detail-servings,x-test-servings,recipe_detail_component_html,gamma-ancestor,d,Text Content Modification,NA,no-text-content,-
recipe-detail-servings,x-test-servings,recipe_detail_component_html,gamma-ancestor,e,Text Content Removal,NA,no-text-content,-
recipe-detail-servings,x-test-servings,recipe_detail_component_html,gamma-ancestor,a,Attribute Value Modification,SAVED,,LLMR_recipe_detail_component_html_recipe_detail_servings_gam_a
recipe-detail-servings,x-test-servings,recipe_detail_component_html,gamma-ancestor,b,Attribute Removal,SAVED,,LLMR_recipe_detail_component_html_recipe_detail_servings_gam_b
recipe-detail-servings,x-test-servings,recipe_detail_component_html,gamma-ancestor,c,Attribute Identifier Modification,SAVED,,LLMR_recipe_detail_component_html_recipe_detail_servings_gam_c
recipe-detail-servings,x-test-servings,recipe_detail_component_html,gamma-ancestor,i,HTML Tag Removal,SAVED,,LLMR_recipe_detail_component_html_recipe_detail_servings_gam_i
recipe-detail-servings,x-test-servings,recipe_detail_component_html,gamma-ancestor,j,HTML Tag Type Modification,SAVED,,LLMR_recipe_detail_component_html_recipe_detail_servings_gam_j
recipe-detail-servings,x-test-servings,recipe_detail_component_html,gamma-ancestor,k,HTML Tag Insertion,SAVED,,LLMR_recipe_detail_component_html_recipe_detail_servings_gam_k
recipe-detail-servings,x-test-servings,recipe_detail_component_html,delta-sibling,a,Attribute Value Modification,SAVED,,LLMR_recipe_detail_component_html_recipe_detail_servings_del_a
recipe-detail-servings,x-test-servings,recipe_detail_component_html,delta-sibling,b,Attribute Removal,SAVED,,LLMR_recipe_detail_component_html_recipe_detail_servings_del_b
recipe-detail-servings,x-test-servings,recipe_detail_component_html,delta-sibling,c,Attribute Identifier Modification,SAVED,,LLMR_recipe_detail_component_html_recipe_detail_servings_del_c
recipe-detail-servings,x-test-servings,recipe_detail_component_html,delta-sibling,d,Text Content Modification,SAVED,,LLMR_recipe_detail_component_html_recipe_detail_servings_del_d
recipe-detail-servings,x-test-servings,recipe_detail_component_html,delta-sibling,e,Text Content Removal,SAVED,,LLMR_recipe_detail_component_html_recipe_detail_servings_del_e
recipe-detail-servings,x-test-servings,recipe_detail_component_html,delta-sibling,i,HTML Tag Removal,SAVED,,LLMR_recipe_detail_component_html_recipe_detail_servings_del_i
recipe-detail-servings,x-test-servings,recipe_detail_component_html,delta-sibling,j,HTML Tag Type Modification,SAVED,,LLMR_recipe_detail_component_html_recipe_detail_servings_del_j
recipe-detail-servings,x-test-servings,recipe_detail_component_html,delta-sibling,k,HTML Tag Insertion,SAVED,,LLMR_recipe_detail_component_html_recipe_detail_servings_del_k
recipe-detail-servings,x-test-servings,recipe_detail_component_html,epsilon-component,d,Text Content Modification,NA,no-text-content,-
recipe-detail-servings,x-test-servings,recipe_detail_component_html,epsilon-component,e,Text Content Removal,NA,no-text-content,-
recipe-detail-servings,x-test-servings,recipe_detail_component_html,epsilon-component,a,Attribute Value Modification,SAVED,,LLMR_recipe_detail_component_html_recipe_detail_servings_eps_a
recipe-detail-servings,x-test-servings,recipe_detail_component_html,epsilon-component,b,Attribute Removal,SAVED,,LLMR_recipe_detail_component_html_recipe_detail_servings_eps_b
recipe-detail-servings,x-test-servings,recipe_detail_component_html,epsilon-component,c,Attribute Identifier Modification,SAVED,,LLMR_recipe_detail_component_html_recipe_detail_servings_eps_c
recipe-detail-servings,x-test-servings,recipe_detail_component_html,epsilon-component,i,HTML Tag Removal,SAVED,,LLMR_recipe_detail_component_html_recipe_detail_servings_eps_i
recipe-detail-servings,x-test-servings,recipe_detail_component_html,epsilon-component,j,HTML Tag Type Modification,SAVED,,LLMR_recipe_detail_component_html_recipe_detail_servings_eps_j
recipe-detail-servings,x-test-servings,recipe_detail_component_html,epsilon-component,k,HTML Tag Insertion,SAVED,,LLMR_recipe_detail_component_html_recipe_detail_servings_eps_k
recipe-detail-kcal,x-test-kcal,recipe_detail_component_html,alpha-target,i,HTML Tag Removal,NA,would-drop-x-test,-
recipe-detail-kcal,x-test-kcal,recipe_detail_component_html,alpha-target,a,Attribute Value Modification,SAVED,,LLMR_recipe_detail_component_html_recipe_detail_kcal_alf_a
recipe-detail-kcal,x-test-kcal,recipe_detail_component_html,alpha-target,b,Attribute Removal,SAVED,,LLMR_recipe_detail_component_html_recipe_detail_kcal_alf_b
recipe-detail-kcal,x-test-kcal,recipe_detail_component_html,alpha-target,c,Attribute Identifier Modification,SAVED,,LLMR_recipe_detail_component_html_recipe_detail_kcal_alf_c
recipe-detail-kcal,x-test-kcal,recipe_detail_component_html,alpha-target,d,Text Content Modification,SAVED,,LLMR_recipe_detail_component_html_recipe_detail_kcal_alf_d
recipe-detail-kcal,x-test-kcal,recipe_detail_component_html,alpha-target,e,Text Content Removal,SAVED,,LLMR_recipe_detail_component_html_recipe_detail_kcal_alf_e
recipe-detail-kcal,x-test-kcal,recipe_detail_component_html,alpha-target,j,HTML Tag Type Modification,SAVED,,LLMR_recipe_detail_component_html_recipe_detail_kcal_alf_j
recipe-detail-kcal,x-test-kcal,recipe_detail_component_html,alpha-target,k,HTML Tag Insertion,SAVED,,LLMR_recipe_detail_component_html_recipe_detail_kcal_alf_k
recipe-detail-kcal,x-test-kcal,recipe_detail_component_html,beta-parent,d,Text Content Modification,NA,no-text-content,-
recipe-detail-kcal,x-test-kcal,recipe_detail_component_html,beta-parent,e,Text Content Removal,NA,no-text-content,-
recipe-detail-kcal,x-test-kcal,recipe_detail_component_html,beta-parent,a,Attribute Value Modification,SAVED,,LLMR_recipe_detail_component_html_recipe_detail_kcal_bet_a
recipe-detail-kcal,x-test-kcal,recipe_detail_component_html,beta-parent,b,Attribute Removal,SAVED,,LLMR_recipe_detail_component_html_recipe_detail_kcal_bet_b
recipe-detail-kcal,x-test-kcal,recipe_detail_component_html,beta-parent,c,Attribute Identifier Modification,SAVED,,LLMR_recipe_detail_component_html_recipe_detail_kcal_bet_c
recipe-detail-kcal,x-test-kcal,recipe_detail_component_html,beta-parent,i,HTML Tag Removal,SAVED,,LLMR_recipe_detail_component_html_recipe_detail_kcal_bet_i
recipe-detail-kcal,x-test-kcal,recipe_detail_component_html,beta-parent,j,HTML Tag Type Modification,SAVED,,LLMR_recipe_detail_component_html_recipe_detail_kcal_bet_j
recipe-detail-kcal,x-test-kcal,recipe_detail_component_html,beta-parent,k,HTML Tag Insertion,SAVED,,LLMR_recipe_detail_component_html_recipe_detail_kcal_bet_k
recipe-detail-kcal,x-test-kcal,recipe_detail_component_html,gamma-ancestor,d,Text Content Modification,NA,no-text-content,-
recipe-detail-kcal,x-test-kcal,recipe_detail_component_html,gamma-ancestor,e,Text Content Removal,NA,no-text-content,-
recipe-detail-kcal,x-test-kcal,recipe_detail_component_html,gamma-ancestor,a,Attribute Value Modification,SAVED,,LLMR_recipe_detail_component_html_recipe_detail_kcal_gam_a
recipe-detail-kcal,x-test-kcal,recipe_detail_component_html,gamma-ancestor,b,Attribute Removal,SAVED,,LLMR_recipe_detail_component_html_recipe_detail_kcal_gam_b
recipe-detail-kcal,x-test-kcal,recipe_detail_component_html,gamma-ancestor,c,Attribute Identifier Modification,SAVED,,LLMR_recipe_detail_component_html_recipe_detail_kcal_gam_c
recipe-detail-kcal,x-test-kcal,recipe_detail_component_html,gamma-ancestor,i,HTML Tag Removal,SAVED,,LLMR_recipe_detail_component_html_recipe_detail_kcal_gam_i
recipe-detail-kcal,x-test-kcal,recipe_detail_component_html,gamma-ancestor,j,HTML Tag Type Modification,SAVED,,LLMR_recipe_detail_component_html_recipe_detail_kcal_gam_j
recipe-detail-kcal,x-test-kcal,recipe_detail_component_html,gamma-ancestor,k,HTML Tag Insertion,SAVED,,LLMR_recipe_detail_component_html_recipe_detail_kcal_gam_k
recipe-detail-kcal,x-test-kcal,recipe_detail_component_html,delta-sibling,a,Attribute Value Modification,SAVED,,LLMR_recipe_detail_component_html_recipe_detail_kcal_del_a
recipe-detail-kcal,x-test-kcal,recipe_detail_component_html,delta-sibling,b,Attribute Removal,SAVED,,LLMR_recipe_detail_component_html_recipe_detail_kcal_del_b
recipe-detail-kcal,x-test-kcal,recipe_detail_component_html,delta-sibling,c,Attribute Identifier Modification,SAVED,,LLMR_recipe_detail_component_html_recipe_detail_kcal_del_c
recipe-detail-kcal,x-test-kcal,recipe_detail_component_html,delta-sibling,d,Text Content Modification,SAVED,,LLMR_recipe_detail_component_html_recipe_detail_kcal_del_d
recipe-detail-kcal,x-test-kcal,recipe_detail_component_html,delta-sibling,e,Text Content Removal,SAVED,,LLMR_recipe_detail_component_html_recipe_detail_kcal_del_e
recipe-detail-kcal,x-test-kcal,recipe_detail_component_html,delta-sibling,i,HTML Tag Removal,SAVED,,LLMR_recipe_detail_component_html_recipe_detail_kcal_del_i
recipe-detail-kcal,x-test-kcal,recipe_detail_component_html,delta-sibling,j,HTML Tag Type Modification,SAVED,,LLMR_recipe_detail_component_html_recipe_detail_kcal_del_j
recipe-detail-kcal,x-test-kcal,recipe_detail_component_html,delta-sibling,k,HTML Tag Insertion,SAVED,,LLMR_recipe_detail_component_html_recipe_detail_kcal_del_k
recipe-detail-kcal,x-test-kcal,recipe_detail_component_html,epsilon-component,d,Text Content Modification,NA,no-text-content,-
recipe-detail-kcal,x-test-kcal,recipe_detail_component_html,epsilon-component,e,Text Content Removal,NA,no-text-content,-
recipe-detail-kcal,x-test-kcal,recipe_detail_component_html,epsilon-component,a,Attribute Value Modification,SAVED,,LLMR_recipe_detail_component_html_recipe_detail_kcal_eps_a
recipe-detail-kcal,x-test-kcal,recipe_detail_component_html,epsilon-component,b,Attribute Removal,SAVED,,LLMR_recipe_detail_component_html_recipe_detail_kcal_eps_b
recipe-detail-kcal,x-test-kcal,recipe_detail_component_html,epsilon-component,c,Attribute Identifier Modification,SAVED,,LLMR_recipe_detail_component_html_recipe_detail_kcal_eps_c
recipe-detail-kcal,x-test-kcal,recipe_detail_component_html,epsilon-component,i,HTML Tag Removal,SAVED,,LLMR_recipe_detail_component_html_recipe_detail_kcal_eps_i
recipe-detail-kcal,x-test-kcal,recipe_detail_component_html,epsilon-component,j,HTML Tag Type Modification,SAVED,,LLMR_recipe_detail_component_html_recipe_detail_kcal_eps_j
recipe-detail-kcal,x-test-kcal,recipe_detail_component_html,epsilon-component,k,HTML Tag Insertion,SAVED,,LLMR_recipe_detail_component_html_recipe_detail_kcal_eps_k
recipe-detail-protein,x-test-protein,recipe_detail_component_html,alpha-target,i,HTML Tag Removal,NA,would-drop-x-test,-
recipe-detail-protein,x-test-protein,recipe_detail_component_html,alpha-target,a,Attribute Value Modification,SAVED,,LLMR_recipe_detail_component_html_recipe_detail_protein_alf_a
recipe-detail-protein,x-test-protein,recipe_detail_component_html,alpha-target,b,Attribute Removal,SAVED,,LLMR_recipe_detail_component_html_recipe_detail_protein_alf_b
recipe-detail-protein,x-test-protein,recipe_detail_component_html,alpha-target,c,Attribute Identifier Modification,SAVED,,LLMR_recipe_detail_component_html_recipe_detail_protein_alf_c
recipe-detail-protein,x-test-protein,recipe_detail_component_html,alpha-target,d,Text Content Modification,SAVED,,LLMR_recipe_detail_component_html_recipe_detail_protein_alf_d
recipe-detail-protein,x-test-protein,recipe_detail_component_html,alpha-target,e,Text Content Removal,SAVED,,LLMR_recipe_detail_component_html_recipe_detail_protein_alf_e
recipe-detail-protein,x-test-protein,recipe_detail_component_html,alpha-target,j,HTML Tag Type Modification,SAVED,,LLMR_recipe_detail_component_html_recipe_detail_protein_alf_j
recipe-detail-protein,x-test-protein,recipe_detail_component_html,alpha-target,k,HTML Tag Insertion,SAVED,,LLMR_recipe_detail_component_html_recipe_detail_protein_alf_k
recipe-detail-protein,x-test-protein,recipe_detail_component_html,beta-parent,d,Text Content Modification,NA,no-text-content,-
recipe-detail-protein,x-test-protein,recipe_detail_component_html,beta-parent,e,Text Content Removal,NA,no-text-content,-
recipe-detail-protein,x-test-protein,recipe_detail_component_html,beta-parent,a,Attribute Value Modification,SAVED,,LLMR_recipe_detail_component_html_recipe_detail_protein_bet_a
recipe-detail-protein,x-test-protein,recipe_detail_component_html,beta-parent,b,Attribute Removal,SAVED,,LLMR_recipe_detail_component_html_recipe_detail_protein_bet_b
recipe-detail-protein,x-test-protein,recipe_detail_component_html,beta-parent,c,Attribute Identifier Modification,SAVED,,LLMR_recipe_detail_component_html_recipe_detail_protein_bet_c
recipe-detail-protein,x-test-protein,recipe_detail_component_html,beta-parent,i,HTML Tag Removal,SAVED,,LLMR_recipe_detail_component_html_recipe_detail_protein_bet_i
recipe-detail-protein,x-test-protein,recipe_detail_component_html,beta-parent,j,HTML Tag Type Modification,SAVED,,LLMR_recipe_detail_component_html_recipe_detail_protein_bet_j
recipe-detail-protein,x-test-protein,recipe_detail_component_html,beta-parent,k,HTML Tag Insertion,SAVED,,LLMR_recipe_detail_component_html_recipe_detail_protein_bet_k
recipe-detail-protein,x-test-protein,recipe_detail_component_html,gamma-ancestor,d,Text Content Modification,NA,no-text-content,-
recipe-detail-protein,x-test-protein,recipe_detail_component_html,gamma-ancestor,e,Text Content Removal,NA,no-text-content,-
recipe-detail-protein,x-test-protein,recipe_detail_component_html,gamma-ancestor,a,Attribute Value Modification,SAVED,,LLMR_recipe_detail_component_html_recipe_detail_protein_gam_a
recipe-detail-protein,x-test-protein,recipe_detail_component_html,gamma-ancestor,b,Attribute Removal,REJECTED,duplicate,-
recipe-detail-protein,x-test-protein,recipe_detail_component_html,gamma-ancestor,c,Attribute Identifier Modification,SAVED,,LLMR_recipe_detail_component_html_recipe_detail_protein_gam_c
recipe-detail-protein,x-test-protein,recipe_detail_component_html,gamma-ancestor,i,HTML Tag Removal,REJECTED,duplicate,-
recipe-detail-protein,x-test-protein,recipe_detail_component_html,gamma-ancestor,j,HTML Tag Type Modification,SAVED,,LLMR_recipe_detail_component_html_recipe_detail_protein_gam_j
recipe-detail-protein,x-test-protein,recipe_detail_component_html,gamma-ancestor,k,HTML Tag Insertion,REJECTED,duplicate,-
recipe-detail-protein,x-test-protein,recipe_detail_component_html,delta-sibling,a,Attribute Value Modification,SAVED,,LLMR_recipe_detail_component_html_recipe_detail_protein_del_a
recipe-detail-protein,x-test-protein,recipe_detail_component_html,delta-sibling,b,Attribute Removal,SAVED,,LLMR_recipe_detail_component_html_recipe_detail_protein_del_b
recipe-detail-protein,x-test-protein,recipe_detail_component_html,delta-sibling,c,Attribute Identifier Modification,SAVED,,LLMR_recipe_detail_component_html_recipe_detail_protein_del_c
recipe-detail-protein,x-test-protein,recipe_detail_component_html,delta-sibling,d,Text Content Modification,SAVED,,LLMR_recipe_detail_component_html_recipe_detail_protein_del_d
recipe-detail-protein,x-test-protein,recipe_detail_component_html,delta-sibling,e,Text Content Removal,SAVED,,LLMR_recipe_detail_component_html_recipe_detail_protein_del_e
recipe-detail-protein,x-test-protein,recipe_detail_component_html,delta-sibling,i,HTML Tag Removal,SAVED,,LLMR_recipe_detail_component_html_recipe_detail_protein_del_i
recipe-detail-protein,x-test-protein,recipe_detail_component_html,delta-sibling,j,HTML Tag Type Modification,SAVED,,LLMR_recipe_detail_component_html_recipe_detail_protein_del_j
recipe-detail-protein,x-test-protein,recipe_detail_component_html,delta-sibling,k,HTML Tag Insertion,SAVED,,LLMR_recipe_detail_component_html_recipe_detail_protein_del_k
recipe-detail-protein,x-test-protein,recipe_detail_component_html,epsilon-component,d,Text Content Modification,NA,no-text-content,-
recipe-detail-protein,x-test-protein,recipe_detail_component_html,epsilon-component,e,Text Content Removal,NA,no-text-content,-
recipe-detail-protein,x-test-protein,recipe_detail_component_html,epsilon-component,a,Attribute Value Modification,SAVED,,LLMR_recipe_detail_component_html_recipe_detail_protein_eps_a
recipe-detail-protein,x-test-protein,recipe_detail_component_html,epsilon-component,b,Attribute Removal,REJECTED,duplicate,-
recipe-detail-protein,x-test-protein,recipe_detail_component_html,epsilon-component,c,Attribute Identifier Modification,SAVED,,LLMR_recipe_detail_component_html_recipe_detail_protein_eps_c
recipe-detail-protein,x-test-protein,recipe_detail_component_html,epsilon-component,i,HTML Tag Removal,REJECTED,duplicate,-
recipe-detail-protein,x-test-protein,recipe_detail_component_html,epsilon-component,j,HTML Tag Type Modification,SAVED,,LLMR_recipe_detail_component_html_recipe_detail_protein_eps_j
recipe-detail-protein,x-test-protein,recipe_detail_component_html,epsilon-component,k,HTML Tag Insertion,SAVED,,LLMR_recipe_detail_component_html_recipe_detail_protein_eps_k
recipe-detail-add-shopping,x-test-add-shopping,recipe_detail_component_html,alpha-target,i,HTML Tag Removal,NA,would-drop-x-test,-
recipe-detail-add-shopping,x-test-add-shopping,recipe_detail_component_html,alpha-target,a,Attribute Value Modification,SAVED,,LLMR_recipe_detail_component_html_recipe_detail_add_shopping_alf_a
recipe-detail-add-shopping,x-test-add-shopping,recipe_detail_component_html,alpha-target,b,Attribute Removal,SAVED,,LLMR_recipe_detail_component_html_recipe_detail_add_shopping_alf_b
recipe-detail-add-shopping,x-test-add-shopping,recipe_detail_component_html,alpha-target,c,Attribute Identifier Modification,SAVED,,LLMR_recipe_detail_component_html_recipe_detail_add_shopping_alf_c
recipe-detail-add-shopping,x-test-add-shopping,recipe_detail_component_html,alpha-target,d,Text Content Modification,SAVED,,LLMR_recipe_detail_component_html_recipe_detail_add_shopping_alf_d
recipe-detail-add-shopping,x-test-add-shopping,recipe_detail_component_html,alpha-target,e,Text Content Removal,SAVED,,LLMR_recipe_detail_component_html_recipe_detail_add_shopping_alf_e
recipe-detail-add-shopping,x-test-add-shopping,recipe_detail_component_html,alpha-target,j,HTML Tag Type Modification,SAVED,,LLMR_recipe_detail_component_html_recipe_detail_add_shopping_alf_j
recipe-detail-add-shopping,x-test-add-shopping,recipe_detail_component_html,alpha-target,k,HTML Tag Insertion,SAVED,,LLMR_recipe_detail_component_html_recipe_detail_add_shopping_alf_k
recipe-detail-add-shopping,x-test-add-shopping,recipe_detail_component_html,beta-parent,d,Text Content Modification,NA,no-text-content,-
recipe-detail-add-shopping,x-test-add-shopping,recipe_detail_component_html,beta-parent,e,Text Content Removal,NA,no-text-content,-
recipe-detail-add-shopping,x-test-add-shopping,recipe_detail_component_html,beta-parent,a,Attribute Value Modification,SAVED,,LLMR_recipe_detail_component_html_recipe_detail_add_shopping_bet_a
recipe-detail-add-shopping,x-test-add-shopping,recipe_detail_component_html,beta-parent,b,Attribute Removal,SAVED,,LLMR_recipe_detail_component_html_recipe_detail_add_shopping_bet_b
recipe-detail-add-shopping,x-test-add-shopping,recipe_detail_component_html,beta-parent,c,Attribute Identifier Modification,SAVED,,LLMR_recipe_detail_component_html_recipe_detail_add_shopping_bet_c
recipe-detail-add-shopping,x-test-add-shopping,recipe_detail_component_html,beta-parent,i,HTML Tag Removal,SAVED,,LLMR_recipe_detail_component_html_recipe_detail_add_shopping_bet_i
recipe-detail-add-shopping,x-test-add-shopping,recipe_detail_component_html,beta-parent,j,HTML Tag Type Modification,SAVED,,LLMR_recipe_detail_component_html_recipe_detail_add_shopping_bet_j
recipe-detail-add-shopping,x-test-add-shopping,recipe_detail_component_html,beta-parent,k,HTML Tag Insertion,SAVED,,LLMR_recipe_detail_component_html_recipe_detail_add_shopping_bet_k
recipe-detail-add-shopping,x-test-add-shopping,recipe_detail_component_html,gamma-ancestor,d,Text Content Modification,NA,no-text-content,-
recipe-detail-add-shopping,x-test-add-shopping,recipe_detail_component_html,gamma-ancestor,e,Text Content Removal,NA,no-text-content,-
recipe-detail-add-shopping,x-test-add-shopping,recipe_detail_component_html,gamma-ancestor,a,Attribute Value Modification,SAVED,,LLMR_recipe_detail_component_html_recipe_detail_add_shopping_gam_a
recipe-detail-add-shopping,x-test-add-shopping,recipe_detail_component_html,gamma-ancestor,b,Attribute Removal,SAVED,,LLMR_recipe_detail_component_html_recipe_detail_add_shopping_gam_b
recipe-detail-add-shopping,x-test-add-shopping,recipe_detail_component_html,gamma-ancestor,c,Attribute Identifier Modification,SAVED,,LLMR_recipe_detail_component_html_recipe_detail_add_shopping_gam_c
recipe-detail-add-shopping,x-test-add-shopping,recipe_detail_component_html,gamma-ancestor,i,HTML Tag Removal,SAVED,,LLMR_recipe_detail_component_html_recipe_detail_add_shopping_gam_i
recipe-detail-add-shopping,x-test-add-shopping,recipe_detail_component_html,gamma-ancestor,j,HTML Tag Type Modification,SAVED,,LLMR_recipe_detail_component_html_recipe_detail_add_shopping_gam_j
recipe-detail-add-shopping,x-test-add-shopping,recipe_detail_component_html,gamma-ancestor,k,HTML Tag Insertion,SAVED,,LLMR_recipe_detail_component_html_recipe_detail_add_shopping_gam_k
recipe-detail-add-shopping,x-test-add-shopping,recipe_detail_component_html,delta-sibling,a,Attribute Value Modification,SAVED,,LLMR_recipe_detail_component_html_recipe_detail_add_shopping_del_a
recipe-detail-add-shopping,x-test-add-shopping,recipe_detail_component_html,delta-sibling,b,Attribute Removal,SAVED,,LLMR_recipe_detail_component_html_recipe_detail_add_shopping_del_b
recipe-detail-add-shopping,x-test-add-shopping,recipe_detail_component_html,delta-sibling,c,Attribute Identifier Modification,SAVED,,LLMR_recipe_detail_component_html_recipe_detail_add_shopping_del_c
recipe-detail-add-shopping,x-test-add-shopping,recipe_detail_component_html,delta-sibling,d,Text Content Modification,SAVED,,LLMR_recipe_detail_component_html_recipe_detail_add_shopping_del_d
recipe-detail-add-shopping,x-test-add-shopping,recipe_detail_component_html,delta-sibling,e,Text Content Removal,SAVED,,LLMR_recipe_detail_component_html_recipe_detail_add_shopping_del_e
recipe-detail-add-shopping,x-test-add-shopping,recipe_detail_component_html,delta-sibling,i,HTML Tag Removal,SAVED,,LLMR_recipe_detail_component_html_recipe_detail_add_shopping_del_i
recipe-detail-add-shopping,x-test-add-shopping,recipe_detail_component_html,delta-sibling,j,HTML Tag Type Modification,SAVED,,LLMR_recipe_detail_component_html_recipe_detail_add_shopping_del_j
recipe-detail-add-shopping,x-test-add-shopping,recipe_detail_component_html,delta-sibling,k,HTML Tag Insertion,SAVED,,LLMR_recipe_detail_component_html_recipe_detail_add_shopping_del_k
recipe-detail-add-shopping,x-test-add-shopping,recipe_detail_component_html,epsilon-component,a,Attribute Value Modification,NA,no-such-role,-
recipe-detail-add-shopping,x-test-add-shopping,recipe_detail_component_html,epsilon-component,b,Attribute Removal,NA,no-such-role,-
recipe-detail-add-shopping,x-test-add-shopping,recipe_detail_component_html,epsilon-component,c,Attribute Identifier Modification,NA,no-such-role,-
recipe-detail-add-shopping,x-test-add-shopping,recipe_detail_component_html,epsilon-component,d,Text Content Modification,NA,no-such-role,-
recipe-detail-add-shopping,x-test-add-shopping,recipe_detail_component_html,epsilon-component,e,Text Content Removal,NA,no-such-role,-
recipe-detail-add-shopping,x-test-add-shopping,recipe_detail_component_html,epsilon-component,i,HTML Tag Removal,NA,no-such-role,-
recipe-detail-add-shopping,x-test-add-shopping,recipe_detail_component_html,epsilon-component,j,HTML Tag Type Modification,NA,no-such-role,-
recipe-detail-add-shopping,x-test-add-shopping,recipe_detail_component_html,epsilon-component,k,HTML Tag Insertion,NA,no-such-role,-
recipe-detail-delete,x-test-delete,recipe_detail_component_html,alpha-target,i,HTML Tag Removal,NA,would-drop-x-test,-
recipe-detail-delete,x-test-delete,recipe_detail_component_html,alpha-target,a,Attribute Value Modification,SAVED,,LLMR_recipe_detail_component_html_recipe_detail_delete_alf_a
recipe-detail-delete,x-test-delete,recipe_detail_component_html,alpha-target,b,Attribute Removal,SAVED,,LLMR_recipe_detail_component_html_recipe_detail_delete_alf_b
recipe-detail-delete,x-test-delete,recipe_detail_component_html,alpha-target,c,Attribute Identifier Modification,SAVED,,LLMR_recipe_detail_component_html_recipe_detail_delete_alf_c
recipe-detail-delete,x-test-delete,recipe_detail_component_html,alpha-target,d,Text Content Modification,SAVED,,LLMR_recipe_detail_component_html_recipe_detail_delete_alf_d
recipe-detail-delete,x-test-delete,recipe_detail_component_html,alpha-target,e,Text Content Removal,SAVED,,LLMR_recipe_detail_component_html_recipe_detail_delete_alf_e
recipe-detail-delete,x-test-delete,recipe_detail_component_html,alpha-target,j,HTML Tag Type Modification,SAVED,,LLMR_recipe_detail_component_html_recipe_detail_delete_alf_j
recipe-detail-delete,x-test-delete,recipe_detail_component_html,alpha-target,k,HTML Tag Insertion,SAVED,,LLMR_recipe_detail_component_html_recipe_detail_delete_alf_k
recipe-detail-delete,x-test-delete,recipe_detail_component_html,beta-parent,d,Text Content Modification,NA,no-text-content,-
recipe-detail-delete,x-test-delete,recipe_detail_component_html,beta-parent,e,Text Content Removal,NA,no-text-content,-
recipe-detail-delete,x-test-delete,recipe_detail_component_html,beta-parent,a,Attribute Value Modification,SAVED,,LLMR_recipe_detail_component_html_recipe_detail_delete_bet_a
recipe-detail-delete,x-test-delete,recipe_detail_component_html,beta-parent,b,Attribute Removal,SAVED,,LLMR_recipe_detail_component_html_recipe_detail_delete_bet_b
recipe-detail-delete,x-test-delete,recipe_detail_component_html,beta-parent,c,Attribute Identifier Modification,SAVED,,LLMR_recipe_detail_component_html_recipe_detail_delete_bet_c
recipe-detail-delete,x-test-delete,recipe_detail_component_html,beta-parent,i,HTML Tag Removal,SAVED,,LLMR_recipe_detail_component_html_recipe_detail_delete_bet_i
recipe-detail-delete,x-test-delete,recipe_detail_component_html,beta-parent,j,HTML Tag Type Modification,SAVED,,LLMR_recipe_detail_component_html_recipe_detail_delete_bet_j
recipe-detail-delete,x-test-delete,recipe_detail_component_html,beta-parent,k,HTML Tag Insertion,SAVED,,LLMR_recipe_detail_component_html_recipe_detail_delete_bet_k
recipe-detail-delete,x-test-delete,recipe_detail_component_html,gamma-ancestor,d,Text Content Modification,NA,no-text-content,-
recipe-detail-delete,x-test-delete,recipe_detail_component_html,gamma-ancestor,e,Text Content Removal,NA,no-text-content,-
recipe-detail-delete,x-test-delete,recipe_detail_component_html,gamma-ancestor,a,Attribute Value Modification,SAVED,,LLMR_recipe_detail_component_html_recipe_detail_delete_gam_a
recipe-detail-delete,x-test-delete,recipe_detail_component_html,gamma-ancestor,b,Attribute Removal,REJECTED,duplicate,-
recipe-detail-delete,x-test-delete,recipe_detail_component_html,gamma-ancestor,c,Attribute Identifier Modification,SAVED,,LLMR_recipe_detail_component_html_recipe_detail_delete_gam_c
recipe-detail-delete,x-test-delete,recipe_detail_component_html,gamma-ancestor,i,HTML Tag Removal,REJECTED,duplicate,-
recipe-detail-delete,x-test-delete,recipe_detail_component_html,gamma-ancestor,j,HTML Tag Type Modification,SAVED,,LLMR_recipe_detail_component_html_recipe_detail_delete_gam_j
recipe-detail-delete,x-test-delete,recipe_detail_component_html,gamma-ancestor,k,HTML Tag Insertion,REJECTED,duplicate,-
recipe-detail-delete,x-test-delete,recipe_detail_component_html,delta-sibling,a,Attribute Value Modification,SAVED,,LLMR_recipe_detail_component_html_recipe_detail_delete_del_a
recipe-detail-delete,x-test-delete,recipe_detail_component_html,delta-sibling,b,Attribute Removal,SAVED,,LLMR_recipe_detail_component_html_recipe_detail_delete_del_b
recipe-detail-delete,x-test-delete,recipe_detail_component_html,delta-sibling,c,Attribute Identifier Modification,SAVED,,LLMR_recipe_detail_component_html_recipe_detail_delete_del_c
recipe-detail-delete,x-test-delete,recipe_detail_component_html,delta-sibling,d,Text Content Modification,SAVED,,LLMR_recipe_detail_component_html_recipe_detail_delete_del_d
recipe-detail-delete,x-test-delete,recipe_detail_component_html,delta-sibling,e,Text Content Removal,SAVED,,LLMR_recipe_detail_component_html_recipe_detail_delete_del_e
recipe-detail-delete,x-test-delete,recipe_detail_component_html,delta-sibling,i,HTML Tag Removal,SAVED,,LLMR_recipe_detail_component_html_recipe_detail_delete_del_i
recipe-detail-delete,x-test-delete,recipe_detail_component_html,delta-sibling,j,HTML Tag Type Modification,SAVED,,LLMR_recipe_detail_component_html_recipe_detail_delete_del_j
recipe-detail-delete,x-test-delete,recipe_detail_component_html,delta-sibling,k,HTML Tag Insertion,SAVED,,LLMR_recipe_detail_component_html_recipe_detail_delete_del_k
recipe-detail-delete,x-test-delete,recipe_detail_component_html,epsilon-component,a,Attribute Value Modification,NA,no-such-role,-
recipe-detail-delete,x-test-delete,recipe_detail_component_html,epsilon-component,b,Attribute Removal,NA,no-such-role,-
recipe-detail-delete,x-test-delete,recipe_detail_component_html,epsilon-component,c,Attribute Identifier Modification,NA,no-such-role,-
recipe-detail-delete,x-test-delete,recipe_detail_component_html,epsilon-component,d,Text Content Modification,NA,no-such-role,-
recipe-detail-delete,x-test-delete,recipe_detail_component_html,epsilon-component,e,Text Content Removal,NA,no-such-role,-
recipe-detail-delete,x-test-delete,recipe_detail_component_html,epsilon-component,i,HTML Tag Removal,NA,no-such-role,-
recipe-detail-delete,x-test-delete,recipe_detail_component_html,epsilon-component,j,HTML Tag Type Modification,NA,no-such-role,-
recipe-detail-delete,x-test-delete,recipe_detail_component_html,epsilon-component,k,HTML Tag Insertion,NA,no-such-role,-
recipe-detail-not-found,x-test-not-found,recipe_detail_component_html,alpha-target,i,HTML Tag Removal,NA,would-drop-x-test,-
recipe-detail-not-found,x-test-not-found,recipe_detail_component_html,alpha-target,a,Attribute Value Modification,SAVED,,LLMR_recipe_detail_component_html_recipe_detail_not_found_alf_a
recipe-detail-not-found,x-test-not-found,recipe_detail_component_html,alpha-target,b,Attribute Removal,SAVED,,LLMR_recipe_detail_component_html_recipe_detail_not_found_alf_b
recipe-detail-not-found,x-test-not-found,recipe_detail_component_html,alpha-target,c,Attribute Identifier Modification,SAVED,,LLMR_recipe_detail_component_html_recipe_detail_not_found_alf_c
recipe-detail-not-found,x-test-not-found,recipe_detail_component_html,alpha-target,d,Text Content Modification,SAVED,,LLMR_recipe_detail_component_html_recipe_detail_not_found_alf_d
recipe-detail-not-found,x-test-not-found,recipe_detail_component_html,alpha-target,e,Text Content Removal,SAVED,,LLMR_recipe_detail_component_html_recipe_detail_not_found_alf_e
recipe-detail-not-found,x-test-not-found,recipe_detail_component_html,alpha-target,j,HTML Tag Type Modification,SAVED,,LLMR_recipe_detail_component_html_recipe_detail_not_found_alf_j
recipe-detail-not-found,x-test-not-found,recipe_detail_component_html,alpha-target,k,HTML Tag Insertion,SAVED,,LLMR_recipe_detail_component_html_recipe_detail_not_found_alf_k
recipe-detail-not-found,x-test-not-found,recipe_detail_component_html,beta-parent,d,Text Content Modification,NA,no-text-content,-
recipe-detail-not-found,x-test-not-found,recipe_detail_component_html,beta-parent,e,Text Content Removal,NA,no-text-content,-
recipe-detail-not-found,x-test-not-found,recipe_detail_component_html,beta-parent,a,Attribute Value Modification,SAVED,,LLMR_recipe_detail_component_html_recipe_detail_not_found_bet_a
recipe-detail-not-found,x-test-not-found,recipe_detail_component_html,beta-parent,b,Attribute Removal,SAVED,,LLMR_recipe_detail_component_html_recipe_detail_not_found_bet_b
recipe-detail-not-found,x-test-not-found,recipe_detail_component_html,beta-parent,c,Attribute Identifier Modification,SAVED,,LLMR_recipe_detail_component_html_recipe_detail_not_found_bet_c
recipe-detail-not-found,x-test-not-found,recipe_detail_component_html,beta-parent,i,HTML Tag Removal,SAVED,,LLMR_recipe_detail_component_html_recipe_detail_not_found_bet_i
recipe-detail-not-found,x-test-not-found,recipe_detail_component_html,beta-parent,j,HTML Tag Type Modification,SAVED,,LLMR_recipe_detail_component_html_recipe_detail_not_found_bet_j
recipe-detail-not-found,x-test-not-found,recipe_detail_component_html,beta-parent,k,HTML Tag Insertion,SAVED,,LLMR_recipe_detail_component_html_recipe_detail_not_found_bet_k
recipe-detail-not-found,x-test-not-found,recipe_detail_component_html,gamma-ancestor,d,Text Content Modification,NA,no-text-content,-
recipe-detail-not-found,x-test-not-found,recipe_detail_component_html,gamma-ancestor,e,Text Content Removal,NA,no-text-content,-
recipe-detail-not-found,x-test-not-found,recipe_detail_component_html,gamma-ancestor,i,HTML Tag Removal,NA,root-element,-
recipe-detail-not-found,x-test-not-found,recipe_detail_component_html,gamma-ancestor,a,Attribute Value Modification,SAVED,,LLMR_recipe_detail_component_html_recipe_detail_not_found_gam_a
recipe-detail-not-found,x-test-not-found,recipe_detail_component_html,gamma-ancestor,b,Attribute Removal,SAVED,,LLMR_recipe_detail_component_html_recipe_detail_not_found_gam_b
recipe-detail-not-found,x-test-not-found,recipe_detail_component_html,gamma-ancestor,c,Attribute Identifier Modification,SAVED,,LLMR_recipe_detail_component_html_recipe_detail_not_found_gam_c
recipe-detail-not-found,x-test-not-found,recipe_detail_component_html,gamma-ancestor,j,HTML Tag Type Modification,SAVED,,LLMR_recipe_detail_component_html_recipe_detail_not_found_gam_j
recipe-detail-not-found,x-test-not-found,recipe_detail_component_html,gamma-ancestor,k,HTML Tag Insertion,SAVED,,LLMR_recipe_detail_component_html_recipe_detail_not_found_gam_k
recipe-detail-not-found,x-test-not-found,recipe_detail_component_html,delta-sibling,a,Attribute Value Modification,SAVED,,LLMR_recipe_detail_component_html_recipe_detail_not_found_del_a
recipe-detail-not-found,x-test-not-found,recipe_detail_component_html,delta-sibling,b,Attribute Removal,SAVED,,LLMR_recipe_detail_component_html_recipe_detail_not_found_del_b
recipe-detail-not-found,x-test-not-found,recipe_detail_component_html,delta-sibling,c,Attribute Identifier Modification,SAVED,,LLMR_recipe_detail_component_html_recipe_detail_not_found_del_c
recipe-detail-not-found,x-test-not-found,recipe_detail_component_html,delta-sibling,d,Text Content Modification,SAVED,,LLMR_recipe_detail_component_html_recipe_detail_not_found_del_d
recipe-detail-not-found,x-test-not-found,recipe_detail_component_html,delta-sibling,e,Text Content Removal,SAVED,,LLMR_recipe_detail_component_html_recipe_detail_not_found_del_e
recipe-detail-not-found,x-test-not-found,recipe_detail_component_html,delta-sibling,i,HTML Tag Removal,SAVED,,LLMR_recipe_detail_component_html_recipe_detail_not_found_del_i
recipe-detail-not-found,x-test-not-found,recipe_detail_component_html,delta-sibling,j,HTML Tag Type Modification,SAVED,,LLMR_recipe_detail_component_html_recipe_detail_not_found_del_j
recipe-detail-not-found,x-test-not-found,recipe_detail_component_html,delta-sibling,k,HTML Tag Insertion,SAVED,,LLMR_recipe_detail_component_html_recipe_detail_not_found_del_k
recipe-detail-not-found,x-test-not-found,recipe_detail_component_html,epsilon-component,a,Attribute Value Modification,NA,no-such-role,-
recipe-detail-not-found,x-test-not-found,recipe_detail_component_html,epsilon-component,b,Attribute Removal,NA,no-such-role,-
recipe-detail-not-found,x-test-not-found,recipe_detail_component_html,epsilon-component,c,Attribute Identifier Modification,NA,no-such-role,-
recipe-detail-not-found,x-test-not-found,recipe_detail_component_html,epsilon-component,d,Text Content Modification,NA,no-such-role,-
recipe-detail-not-found,x-test-not-found,recipe_detail_component_html,epsilon-component,e,Text Content Removal,NA,no-such-role,-
recipe-detail-not-found,x-test-not-found,recipe_detail_component_html,epsilon-component,i,HTML Tag Removal,NA,no-such-role,-
recipe-detail-not-found,x-test-not-found,recipe_detail_component_html,epsilon-component,j,HTML Tag Type Modification,NA,no-such-role,-
recipe-detail-not-found,x-test-not-found,recipe_detail_component_html,epsilon-component,k,HTML Tag Insertion,NA,no-such-role,-
ingredient-row-ing-qty,[attr.x-test-ing-qty],ingredient_row_component_html,alpha-target,a,Attribute Value Modification,SAVED,,LLMR_ingredient_row_component_html_ingredient_row_ing_qty_alf_a
ingredient-row-ing-qty,[attr.x-test-ing-qty],ingredient_row_component_html,alpha-target,b,Attribute Removal,SAVED,,LLMR_ingredient_row_component_html_ingredient_row_ing_qty_alf_b
ingredient-row-ing-qty,[attr.x-test-ing-qty],ingredient_row_component_html,alpha-target,c,Attribute Identifier Modification,SAVED,,LLMR_ingredient_row_component_html_ingredient_row_ing_qty_alf_c
ingredient-row-ing-qty,[attr.x-test-ing-qty],ingredient_row_component_html,alpha-target,d,Text Content Modification,SAVED,,LLMR_ingredient_row_component_html_ingredient_row_ing_qty_alf_d
ingredient-row-ing-qty,[attr.x-test-ing-qty],ingredient_row_component_html,alpha-target,e,Text Content Removal,SAVED,,LLMR_ingredient_row_component_html_ingredient_row_ing_qty_alf_e
ingredient-row-ing-qty,[attr.x-test-ing-qty],ingredient_row_component_html,alpha-target,i,HTML Tag Removal,SAVED,,LLMR_ingredient_row_component_html_ingredient_row_ing_qty_alf_i
ingredient-row-ing-qty,[attr.x-test-ing-qty],ingredient_row_component_html,alpha-target,j,HTML Tag Type Modification,SAVED,,LLMR_ingredient_row_component_html_ingredient_row_ing_qty_alf_j
ingredient-row-ing-qty,[attr.x-test-ing-qty],ingredient_row_component_html,alpha-target,k,HTML Tag Insertion,SAVED,,LLMR_ingredient_row_component_html_ingredient_row_ing_qty_alf_k
ingredient-row-ing-qty,[attr.x-test-ing-qty],ingredient_row_component_html,beta-parent,d,Text Content Modification,NA,no-text-content,-
ingredient-row-ing-qty,[attr.x-test-ing-qty],ingredient_row_component_html,beta-parent,e,Text Content Removal,NA,no-text-content,-
ingredient-row-ing-qty,[attr.x-test-ing-qty],ingredient_row_component_html,beta-parent,a,Attribute Value Modification,SAVED,,LLMR_ingredient_row_component_html_ingredient_row_ing_qty_bet_a
ingredient-row-ing-qty,[attr.x-test-ing-qty],ingredient_row_component_html,beta-parent,b,Attribute Removal,SAVED,,LLMR_ingredient_row_component_html_ingredient_row_ing_qty_bet_b
ingredient-row-ing-qty,[attr.x-test-ing-qty],ingredient_row_component_html,beta-parent,c,Attribute Identifier Modification,SAVED,,LLMR_ingredient_row_component_html_ingredient_row_ing_qty_bet_c
ingredient-row-ing-qty,[attr.x-test-ing-qty],ingredient_row_component_html,beta-parent,i,HTML Tag Removal,SAVED,,LLMR_ingredient_row_component_html_ingredient_row_ing_qty_bet_i
ingredient-row-ing-qty,[attr.x-test-ing-qty],ingredient_row_component_html,beta-parent,j,HTML Tag Type Modification,SAVED,,LLMR_ingredient_row_component_html_ingredient_row_ing_qty_bet_j
ingredient-row-ing-qty,[attr.x-test-ing-qty],ingredient_row_component_html,beta-parent,k,HTML Tag Insertion,SAVED,,LLMR_ingredient_row_component_html_ingredient_row_ing_qty_bet_k
ingredient-row-ing-qty,[attr.x-test-ing-qty],ingredient_row_component_html,gamma-ancestor,d,Text Content Modification,NA,no-text-content,-
ingredient-row-ing-qty,[attr.x-test-ing-qty],ingredient_row_component_html,gamma-ancestor,e,Text Content Removal,NA,no-text-content,-
ingredient-row-ing-qty,[attr.x-test-ing-qty],ingredient_row_component_html,gamma-ancestor,i,HTML Tag Removal,NA,root-element,-
ingredient-row-ing-qty,[attr.x-test-ing-qty],ingredient_row_component_html,gamma-ancestor,a,Attribute Value Modification,SAVED,,LLMR_ingredient_row_component_html_ingredient_row_ing_qty_gam_a
ingredient-row-ing-qty,[attr.x-test-ing-qty],ingredient_row_component_html,gamma-ancestor,b,Attribute Removal,SAVED,,LLMR_ingredient_row_component_html_ingredient_row_ing_qty_gam_b
ingredient-row-ing-qty,[attr.x-test-ing-qty],ingredient_row_component_html,gamma-ancestor,c,Attribute Identifier Modification,SAVED,,LLMR_ingredient_row_component_html_ingredient_row_ing_qty_gam_c
ingredient-row-ing-qty,[attr.x-test-ing-qty],ingredient_row_component_html,gamma-ancestor,j,HTML Tag Type Modification,SAVED,,LLMR_ingredient_row_component_html_ingredient_row_ing_qty_gam_j
ingredient-row-ing-qty,[attr.x-test-ing-qty],ingredient_row_component_html,gamma-ancestor,k,HTML Tag Insertion,SAVED,,LLMR_ingredient_row_component_html_ingredient_row_ing_qty_gam_k
ingredient-row-ing-qty,[attr.x-test-ing-qty],ingredient_row_component_html,delta-sibling,a,Attribute Value Modification,SAVED,,LLMR_ingredient_row_component_html_ingredient_row_ing_qty_del_a
ingredient-row-ing-qty,[attr.x-test-ing-qty],ingredient_row_component_html,delta-sibling,b,Attribute Removal,SAVED,,LLMR_ingredient_row_component_html_ingredient_row_ing_qty_del_b
ingredient-row-ing-qty,[attr.x-test-ing-qty],ingredient_row_component_html,delta-sibling,c,Attribute Identifier Modification,SAVED,,LLMR_ingredient_row_component_html_ingredient_row_ing_qty_del_c
ingredient-row-ing-qty,[attr.x-test-ing-qty],ingredient_row_component_html,delta-sibling,d,Text Content Modification,SAVED,,LLMR_ingredient_row_component_html_ingredient_row_ing_qty_del_d
ingredient-row-ing-qty,[attr.x-test-ing-qty],ingredient_row_component_html,delta-sibling,e,Text Content Removal,SAVED,,LLMR_ingredient_row_component_html_ingredient_row_ing_qty_del_e
ingredient-row-ing-qty,[attr.x-test-ing-qty],ingredient_row_component_html,delta-sibling,i,HTML Tag Removal,SAVED,,LLMR_ingredient_row_component_html_ingredient_row_ing_qty_del_i
ingredient-row-ing-qty,[attr.x-test-ing-qty],ingredient_row_component_html,delta-sibling,j,HTML Tag Type Modification,SAVED,,LLMR_ingredient_row_component_html_ingredient_row_ing_qty_del_j
ingredient-row-ing-qty,[attr.x-test-ing-qty],ingredient_row_component_html,delta-sibling,k,HTML Tag Insertion,SAVED,,LLMR_ingredient_row_component_html_ingredient_row_ing_qty_del_k
ingredient-row-ing-qty,[attr.x-test-ing-qty],ingredient_row_component_html,epsilon-component,a,Attribute Value Modification,NA,no-such-role,-
ingredient-row-ing-qty,[attr.x-test-ing-qty],ingredient_row_component_html,epsilon-component,b,Attribute Removal,NA,no-such-role,-
ingredient-row-ing-qty,[attr.x-test-ing-qty],ingredient_row_component_html,epsilon-component,c,Attribute Identifier Modification,NA,no-such-role,-
ingredient-row-ing-qty,[attr.x-test-ing-qty],ingredient_row_component_html,epsilon-component,d,Text Content Modification,NA,no-such-role,-
ingredient-row-ing-qty,[attr.x-test-ing-qty],ingredient_row_component_html,epsilon-component,e,Text Content Removal,NA,no-such-role,-
ingredient-row-ing-qty,[attr.x-test-ing-qty],ingredient_row_component_html,epsilon-component,i,HTML Tag Removal,NA,no-such-role,-
ingredient-row-ing-qty,[attr.x-test-ing-qty],ingredient_row_component_html,epsilon-component,j,HTML Tag Type Modification,NA,no-such-role,-
ingredient-row-ing-qty,[attr.x-test-ing-qty],ingredient_row_component_html,epsilon-component,k,HTML Tag Insertion,NA,no-such-role,-
ingredient-row-ing-name,[attr.x-test-ing-name],ingredient_row_component_html,alpha-target,a,Attribute Value Modification,SAVED,,LLMR_ingredient_row_component_html_ingredient_row_ing_name_alf_a
ingredient-row-ing-name,[attr.x-test-ing-name],ingredient_row_component_html,alpha-target,b,Attribute Removal,SAVED,,LLMR_ingredient_row_component_html_ingredient_row_ing_name_alf_b
ingredient-row-ing-name,[attr.x-test-ing-name],ingredient_row_component_html,alpha-target,c,Attribute Identifier Modification,SAVED,,LLMR_ingredient_row_component_html_ingredient_row_ing_name_alf_c
ingredient-row-ing-name,[attr.x-test-ing-name],ingredient_row_component_html,alpha-target,d,Text Content Modification,SAVED,,LLMR_ingredient_row_component_html_ingredient_row_ing_name_alf_d
ingredient-row-ing-name,[attr.x-test-ing-name],ingredient_row_component_html,alpha-target,e,Text Content Removal,SAVED,,LLMR_ingredient_row_component_html_ingredient_row_ing_name_alf_e
ingredient-row-ing-name,[attr.x-test-ing-name],ingredient_row_component_html,alpha-target,i,HTML Tag Removal,SAVED,,LLMR_ingredient_row_component_html_ingredient_row_ing_name_alf_i
ingredient-row-ing-name,[attr.x-test-ing-name],ingredient_row_component_html,alpha-target,j,HTML Tag Type Modification,SAVED,,LLMR_ingredient_row_component_html_ingredient_row_ing_name_alf_j
ingredient-row-ing-name,[attr.x-test-ing-name],ingredient_row_component_html,alpha-target,k,HTML Tag Insertion,SAVED,,LLMR_ingredient_row_component_html_ingredient_row_ing_name_alf_k
ingredient-row-ing-name,[attr.x-test-ing-name],ingredient_row_component_html,beta-parent,d,Text Content Modification,NA,no-text-content,-
ingredient-row-ing-name,[attr.x-test-ing-name],ingredient_row_component_html,beta-parent,e,Text Content Removal,NA,no-text-content,-
ingredient-row-ing-name,[attr.x-test-ing-name],ingredient_row_component_html,beta-parent,a,Attribute Value Modification,SAVED,,LLMR_ingredient_row_component_html_ingredient_row_ing_name_bet_a
ingredient-row-ing-name,[attr.x-test-ing-name],ingredient_row_component_html,beta-parent,b,Attribute Removal,REJECTED,duplicate,-
ingredient-row-ing-name,[attr.x-test-ing-name],ingredient_row_component_html,beta-parent,c,Attribute Identifier Modification,SAVED,,LLMR_ingredient_row_component_html_ingredient_row_ing_name_bet_c
ingredient-row-ing-name,[attr.x-test-ing-name],ingredient_row_component_html,beta-parent,i,HTML Tag Removal,REJECTED,duplicate,-
ingredient-row-ing-name,[attr.x-test-ing-name],ingredient_row_component_html,beta-parent,j,HTML Tag Type Modification,REJECTED,duplicate,-
ingredient-row-ing-name,[attr.x-test-ing-name],ingredient_row_component_html,beta-parent,k,HTML Tag Insertion,SAVED,,LLMR_ingredient_row_component_html_ingredient_row_ing_name_bet_k
ingredient-row-ing-name,[attr.x-test-ing-name],ingredient_row_component_html,gamma-ancestor,d,Text Content Modification,NA,no-text-content,-
ingredient-row-ing-name,[attr.x-test-ing-name],ingredient_row_component_html,gamma-ancestor,e,Text Content Removal,NA,no-text-content,-
ingredient-row-ing-name,[attr.x-test-ing-name],ingredient_row_component_html,gamma-ancestor,i,HTML Tag Removal,NA,root-element,-
ingredient-row-ing-name,[attr.x-test-ing-name],ingredient_row_component_html,gamma-ancestor,a,Attribute Value Modification,SAVED,,LLMR_ingredient_row_component_html_ingredient_row_ing_name_gam_a
ingredient-row-ing-name,[attr.x-test-ing-name],ingredient_row_component_html,gamma-ancestor,b,Attribute Removal,SAVED,,LLMR_ingredient_row_component_html_ingredient_row_ing_name_gam_b
ingredient-row-ing-name,[attr.x-test-ing-name],ingredient_row_component_html,gamma-ancestor,c,Attribute Identifier Modification,SAVED,,LLMR_ingredient_row_component_html_ingredient_row_ing_name_gam_c
ingredient-row-ing-name,[attr.x-test-ing-name],ingredient_row_component_html,gamma-ancestor,j,HTML Tag Type Modification,SAVED,,LLMR_ingredient_row_component_html_ingredient_row_ing_name_gam_j
ingredient-row-ing-name,[attr.x-test-ing-name],ingredient_row_component_html,gamma-ancestor,k,HTML Tag Insertion,SAVED,,LLMR_ingredient_row_component_html_ingredient_row_ing_name_gam_k
ingredient-row-ing-name,[attr.x-test-ing-name],ingredient_row_component_html,delta-sibling,a,Attribute Value Modification,SAVED,,LLMR_ingredient_row_component_html_ingredient_row_ing_name_del_a
ingredient-row-ing-name,[attr.x-test-ing-name],ingredient_row_component_html,delta-sibling,b,Attribute Removal,SAVED,,LLMR_ingredient_row_component_html_ingredient_row_ing_name_del_b
ingredient-row-ing-name,[attr.x-test-ing-name],ingredient_row_component_html,delta-sibling,c,Attribute Identifier Modification,SAVED,,LLMR_ingredient_row_component_html_ingredient_row_ing_name_del_c
ingredient-row-ing-name,[attr.x-test-ing-name],ingredient_row_component_html,delta-sibling,d,Text Content Modification,SAVED,,LLMR_ingredient_row_component_html_ingredient_row_ing_name_del_d
ingredient-row-ing-name,[attr.x-test-ing-name],ingredient_row_component_html,delta-sibling,e,Text Content Removal,SAVED,,LLMR_ingredient_row_component_html_ingredient_row_ing_name_del_e
ingredient-row-ing-name,[attr.x-test-ing-name],ingredient_row_component_html,delta-sibling,i,HTML Tag Removal,SAVED,,LLMR_ingredient_row_component_html_ingredient_row_ing_name_del_i
ingredient-row-ing-name,[attr.x-test-ing-name],ingredient_row_component_html,delta-sibling,j,HTML Tag Type Modification,SAVED,,LLMR_ingredient_row_component_html_ingredient_row_ing_name_del_j
ingredient-row-ing-name,[attr.x-test-ing-name],ingredient_row_component_html,delta-sibling,k,HTML Tag Insertion,SAVED,,LLMR_ingredient_row_component_html_ingredient_row_ing_name_del_k
ingredient-row-ing-name,[attr.x-test-ing-name],ingredient_row_component_html,epsilon-component,a,Attribute Value Modification,NA,no-such-role,-
ingredient-row-ing-name,[attr.x-test-ing-name],ingredient_row_component_html,epsilon-component,b,Attribute Removal,NA,no-such-role,-
ingredient-row-ing-name,[attr.x-test-ing-name],ingredient_row_component_html,epsilon-component,c,Attribute Identifier Modification,NA,no-such-role,-
ingredient-row-ing-name,[attr.x-test-ing-name],ingredient_row_component_html,epsilon-component,d,Text Content Modification,NA,no-such-role,-
ingredient-row-ing-name,[attr.x-test-ing-name],ingredient_row_component_html,epsilon-component,e,Text Content Removal,NA,no-such-role,-
ingredient-row-ing-name,[attr.x-test-ing-name],ingredient_row_component_html,epsilon-component,i,HTML Tag Removal,NA,no-such-role,-
ingredient-row-ing-name,[attr.x-test-ing-name],ingredient_row_component_html,epsilon-component,j,HTML Tag Type Modification,NA,no-such-role,-
ingredient-row-ing-name,[attr.x-test-ing-name],ingredient_row_component_html,epsilon-component,k,HTML Tag Insertion,NA,no-such-role,-
step-item-step-number,[attr.x-test-step-number],step_item_component_html,alpha-target,a,Attribute Value Modification,SAVED,,LLMR_step_item_component_html_step_item_step_number_alf_a
step-item-step-number,[attr.x-test-step-number],step_item_component_html,alpha-target,b,Attribute Removal,SAVED,,LLMR_step_item_component_html_step_item_step_number_alf_b
step-item-step-number,[attr.x-test-step-number],step_item_component_html,alpha-target,c,Attribute Identifier Modification,SAVED,,LLMR_step_item_component_html_step_item_step_number_alf_c
step-item-step-number,[attr.x-test-step-number],step_item_component_html,alpha-target,d,Text Content Modification,SAVED,,LLMR_step_item_component_html_step_item_step_number_alf_d
step-item-step-number,[attr.x-test-step-number],step_item_component_html,alpha-target,e,Text Content Removal,SAVED,,LLMR_step_item_component_html_step_item_step_number_alf_e
step-item-step-number,[attr.x-test-step-number],step_item_component_html,alpha-target,i,HTML Tag Removal,SAVED,,LLMR_step_item_component_html_step_item_step_number_alf_i
step-item-step-number,[attr.x-test-step-number],step_item_component_html,alpha-target,j,HTML Tag Type Modification,SAVED,,LLMR_step_item_component_html_step_item_step_number_alf_j
step-item-step-number,[attr.x-test-step-number],step_item_component_html,alpha-target,k,HTML Tag Insertion,SAVED,,LLMR_step_item_component_html_step_item_step_number_alf_k
step-item-step-number,[attr.x-test-step-number],step_item_component_html,beta-parent,d,Text Content Modification,NA,no-text-content,-
step-item-step-number,[attr.x-test-step-number],step_item_component_html,beta-parent,e,Text Content Removal,NA,no-text-content,-
step-item-step-number,[attr.x-test-step-number],step_item_component_html,beta-parent,a,Attribute Value Modification,SAVED,,LLMR_step_item_component_html_step_item_step_number_bet_a
step-item-step-number,[attr.x-test-step-number],step_item_component_html,beta-parent,b,Attribute Removal,SAVED,,LLMR_step_item_component_html_step_item_step_number_bet_b
step-item-step-number,[attr.x-test-step-number],step_item_component_html,beta-parent,c,Attribute Identifier Modification,SAVED,,LLMR_step_item_component_html_step_item_step_number_bet_c
step-item-step-number,[attr.x-test-step-number],step_item_component_html,beta-parent,i,HTML Tag Removal,SAVED,,LLMR_step_item_component_html_step_item_step_number_bet_i
step-item-step-number,[attr.x-test-step-number],step_item_component_html,beta-parent,j,HTML Tag Type Modification,SAVED,,LLMR_step_item_component_html_step_item_step_number_bet_j
step-item-step-number,[attr.x-test-step-number],step_item_component_html,beta-parent,k,HTML Tag Insertion,SAVED,,LLMR_step_item_component_html_step_item_step_number_bet_k
step-item-step-number,[attr.x-test-step-number],step_item_component_html,gamma-ancestor,d,Text Content Modification,NA,no-text-content,-
step-item-step-number,[attr.x-test-step-number],step_item_component_html,gamma-ancestor,e,Text Content Removal,NA,no-text-content,-
step-item-step-number,[attr.x-test-step-number],step_item_component_html,gamma-ancestor,i,HTML Tag Removal,NA,root-element,-
step-item-step-number,[attr.x-test-step-number],step_item_component_html,gamma-ancestor,a,Attribute Value Modification,SAVED,,LLMR_step_item_component_html_step_item_step_number_gam_a
step-item-step-number,[attr.x-test-step-number],step_item_component_html,gamma-ancestor,b,Attribute Removal,SAVED,,LLMR_step_item_component_html_step_item_step_number_gam_b
step-item-step-number,[attr.x-test-step-number],step_item_component_html,gamma-ancestor,c,Attribute Identifier Modification,SAVED,,LLMR_step_item_component_html_step_item_step_number_gam_c
step-item-step-number,[attr.x-test-step-number],step_item_component_html,gamma-ancestor,j,HTML Tag Type Modification,SAVED,,LLMR_step_item_component_html_step_item_step_number_gam_j
step-item-step-number,[attr.x-test-step-number],step_item_component_html,gamma-ancestor,k,HTML Tag Insertion,SAVED,,LLMR_step_item_component_html_step_item_step_number_gam_k
step-item-step-number,[attr.x-test-step-number],step_item_component_html,delta-sibling,d,Text Content Modification,NA,no-text-content,-
step-item-step-number,[attr.x-test-step-number],step_item_component_html,delta-sibling,e,Text Content Removal,NA,no-text-content,-
step-item-step-number,[attr.x-test-step-number],step_item_component_html,delta-sibling,a,Attribute Value Modification,SAVED,,LLMR_step_item_component_html_step_item_step_number_del_a
step-item-step-number,[attr.x-test-step-number],step_item_component_html,delta-sibling,b,Attribute Removal,SAVED,,LLMR_step_item_component_html_step_item_step_number_del_b
step-item-step-number,[attr.x-test-step-number],step_item_component_html,delta-sibling,c,Attribute Identifier Modification,SAVED,,LLMR_step_item_component_html_step_item_step_number_del_c
step-item-step-number,[attr.x-test-step-number],step_item_component_html,delta-sibling,i,HTML Tag Removal,REJECTED,missing-in-ingest,-
step-item-step-number,[attr.x-test-step-number],step_item_component_html,delta-sibling,j,HTML Tag Type Modification,SAVED,,LLMR_step_item_component_html_step_item_step_number_del_j
step-item-step-number,[attr.x-test-step-number],step_item_component_html,delta-sibling,k,HTML Tag Insertion,SAVED,,LLMR_step_item_component_html_step_item_step_number_del_k
step-item-step-number,[attr.x-test-step-number],step_item_component_html,epsilon-component,a,Attribute Value Modification,NA,no-such-role,-
step-item-step-number,[attr.x-test-step-number],step_item_component_html,epsilon-component,b,Attribute Removal,NA,no-such-role,-
step-item-step-number,[attr.x-test-step-number],step_item_component_html,epsilon-component,c,Attribute Identifier Modification,NA,no-such-role,-
step-item-step-number,[attr.x-test-step-number],step_item_component_html,epsilon-component,d,Text Content Modification,NA,no-such-role,-
step-item-step-number,[attr.x-test-step-number],step_item_component_html,epsilon-component,e,Text Content Removal,NA,no-such-role,-
step-item-step-number,[attr.x-test-step-number],step_item_component_html,epsilon-component,i,HTML Tag Removal,NA,no-such-role,-
step-item-step-number,[attr.x-test-step-number],step_item_component_html,epsilon-component,j,HTML Tag Type Modification,NA,no-such-role,-
step-item-step-number,[attr.x-test-step-number],step_item_component_html,epsilon-component,k,HTML Tag Insertion,NA,no-such-role,-
step-item-step-text,[attr.x-test-step-text],step_item_component_html,alpha-target,a,Attribute Value Modification,SAVED,,LLMR_step_item_component_html_step_item_step_text_alf_a
step-item-step-text,[attr.x-test-step-text],step_item_component_html,alpha-target,b,Attribute Removal,SAVED,,LLMR_step_item_component_html_step_item_step_text_alf_b
step-item-step-text,[attr.x-test-step-text],step_item_component_html,alpha-target,c,Attribute Identifier Modification,SAVED,,LLMR_step_item_component_html_step_item_step_text_alf_c
step-item-step-text,[attr.x-test-step-text],step_item_component_html,alpha-target,d,Text Content Modification,SAVED,,LLMR_step_item_component_html_step_item_step_text_alf_d
step-item-step-text,[attr.x-test-step-text],step_item_component_html,alpha-target,e,Text Content Removal,SAVED,,LLMR_step_item_component_html_step_item_step_text_alf_e
step-item-step-text,[attr.x-test-step-text],step_item_component_html,alpha-target,i,HTML Tag Removal,SAVED,,LLMR_step_item_component_html_step_item_step_text_alf_i
step-item-step-text,[attr.x-test-step-text],step_item_component_html,alpha-target,j,HTML Tag Type Modification,SAVED,,LLMR_step_item_component_html_step_item_step_text_alf_j
step-item-step-text,[attr.x-test-step-text],step_item_component_html,alpha-target,k,HTML Tag Insertion,SAVED,,LLMR_step_item_component_html_step_item_step_text_alf_k
step-item-step-text,[attr.x-test-step-text],step_item_component_html,beta-parent,d,Text Content Modification,NA,no-text-content,-
step-item-step-text,[attr.x-test-step-text],step_item_component_html,beta-parent,e,Text Content Removal,NA,no-text-content,-
step-item-step-text,[attr.x-test-step-text],step_item_component_html,beta-parent,a,Attribute Value Modification,SAVED,,LLMR_step_item_component_html_step_item_step_text_bet_a
step-item-step-text,[attr.x-test-step-text],step_item_component_html,beta-parent,b,Attribute Removal,SAVED,,LLMR_step_item_component_html_step_item_step_text_bet_b
step-item-step-text,[attr.x-test-step-text],step_item_component_html,beta-parent,c,Attribute Identifier Modification,SAVED,,LLMR_step_item_component_html_step_item_step_text_bet_c
step-item-step-text,[attr.x-test-step-text],step_item_component_html,beta-parent,i,HTML Tag Removal,SAVED,,LLMR_step_item_component_html_step_item_step_text_bet_i
step-item-step-text,[attr.x-test-step-text],step_item_component_html,beta-parent,j,HTML Tag Type Modification,SAVED,,LLMR_step_item_component_html_step_item_step_text_bet_j
step-item-step-text,[attr.x-test-step-text],step_item_component_html,beta-parent,k,HTML Tag Insertion,SAVED,,LLMR_step_item_component_html_step_item_step_text_bet_k
step-item-step-text,[attr.x-test-step-text],step_item_component_html,gamma-ancestor,d,Text Content Modification,NA,no-text-content,-
step-item-step-text,[attr.x-test-step-text],step_item_component_html,gamma-ancestor,e,Text Content Removal,NA,no-text-content,-
step-item-step-text,[attr.x-test-step-text],step_item_component_html,gamma-ancestor,i,HTML Tag Removal,NA,root-element,-
step-item-step-text,[attr.x-test-step-text],step_item_component_html,gamma-ancestor,a,Attribute Value Modification,SAVED,,LLMR_step_item_component_html_step_item_step_text_gam_a
step-item-step-text,[attr.x-test-step-text],step_item_component_html,gamma-ancestor,b,Attribute Removal,REJECTED,duplicate,-
step-item-step-text,[attr.x-test-step-text],step_item_component_html,gamma-ancestor,c,Attribute Identifier Modification,SAVED,,LLMR_step_item_component_html_step_item_step_text_gam_c
step-item-step-text,[attr.x-test-step-text],step_item_component_html,gamma-ancestor,j,HTML Tag Type Modification,SAVED,,LLMR_step_item_component_html_step_item_step_text_gam_j
step-item-step-text,[attr.x-test-step-text],step_item_component_html,gamma-ancestor,k,HTML Tag Insertion,SAVED,,LLMR_step_item_component_html_step_item_step_text_gam_k
step-item-step-text,[attr.x-test-step-text],step_item_component_html,delta-sibling,a,Attribute Value Modification,SAVED,,LLMR_step_item_component_html_step_item_step_text_del_a
step-item-step-text,[attr.x-test-step-text],step_item_component_html,delta-sibling,b,Attribute Removal,SAVED,,LLMR_step_item_component_html_step_item_step_text_del_b
step-item-step-text,[attr.x-test-step-text],step_item_component_html,delta-sibling,c,Attribute Identifier Modification,SAVED,,LLMR_step_item_component_html_step_item_step_text_del_c
step-item-step-text,[attr.x-test-step-text],step_item_component_html,delta-sibling,d,Text Content Modification,SAVED,,LLMR_step_item_component_html_step_item_step_text_del_d
step-item-step-text,[attr.x-test-step-text],step_item_component_html,delta-sibling,e,Text Content Removal,SAVED,,LLMR_step_item_component_html_step_item_step_text_del_e
step-item-step-text,[attr.x-test-step-text],step_item_component_html,delta-sibling,i,HTML Tag Removal,SAVED,,LLMR_step_item_component_html_step_item_step_text_del_i
step-item-step-text,[attr.x-test-step-text],step_item_component_html,delta-sibling,j,HTML Tag Type Modification,SAVED,,LLMR_step_item_component_html_step_item_step_text_del_j
step-item-step-text,[attr.x-test-step-text],step_item_component_html,delta-sibling,k,HTML Tag Insertion,SAVED,,LLMR_step_item_component_html_step_item_step_text_del_k
step-item-step-text,[attr.x-test-step-text],step_item_component_html,epsilon-component,a,Attribute Value Modification,NA,no-such-role,-
step-item-step-text,[attr.x-test-step-text],step_item_component_html,epsilon-component,b,Attribute Removal,NA,no-such-role,-
step-item-step-text,[attr.x-test-step-text],step_item_component_html,epsilon-component,c,Attribute Identifier Modification,NA,no-such-role,-
step-item-step-text,[attr.x-test-step-text],step_item_component_html,epsilon-component,d,Text Content Modification,NA,no-such-role,-
step-item-step-text,[attr.x-test-step-text],step_item_component_html,epsilon-component,e,Text Content Removal,NA,no-such-role,-
step-item-step-text,[attr.x-test-step-text],step_item_component_html,epsilon-component,i,HTML Tag Removal,NA,no-such-role,-
step-item-step-text,[attr.x-test-step-text],step_item_component_html,epsilon-component,j,HTML Tag Type Modification,NA,no-such-role,-
step-item-step-text,[attr.x-test-step-text],step_item_component_html,epsilon-component,k,HTML Tag Insertion,NA,no-such-role,-
recipe-form-form-heading,x-test-form-heading,recipe_form_component_html,alpha-target,i,HTML Tag Removal,NA,would-drop-x-test,-
recipe-form-form-heading,x-test-form-heading,recipe_form_component_html,alpha-target,a,Attribute Value Modification,SAVED,,LLMR_recipe_form_component_html_recipe_form_form_heading_alf_a
recipe-form-form-heading,x-test-form-heading,recipe_form_component_html,alpha-target,b,Attribute Removal,SAVED,,LLMR_recipe_form_component_html_recipe_form_form_heading_alf_b
recipe-form-form-heading,x-test-form-heading,recipe_form_component_html,alpha-target,c,Attribute Identifier Modification,SAVED,,LLMR_recipe_form_component_html_recipe_form_form_heading_alf_c
recipe-form-form-heading,x-test-form-heading,recipe_form_component_html,alpha-target,d,Text Content Modification,SAVED,,LLMR_recipe_form_component_html_recipe_form_form_heading_alf_d
recipe-form-form-heading,x-test-form-heading,recipe_form_component_html,alpha-target,e,Text Content Removal,SAVED,,LLMR_recipe_form_component_html_recipe_form_form_heading_alf_e
recipe-form-form-heading,x-test-form-heading,recipe_form_component_html,alpha-target,j,HTML Tag Type Modification,SAVED,,LLMR_recipe_form_component_html_recipe_form_form_heading_alf_j
recipe-form-form-heading,x-test-form-heading,recipe_form_component_html,alpha-target,k,HTML Tag Insertion,SAVED,,LLMR_recipe_form_component_html_recipe_form_form_heading_alf_k
recipe-form-form-heading,x-test-form-heading,recipe_form_component_html,beta-parent,d,Text Content Modification,NA,no-text-content,-
recipe-form-form-heading,x-test-form-heading,recipe_form_component_html,beta-parent,e,Text Content Removal,NA,no-text-content,-
recipe-form-form-heading,x-test-form-heading,recipe_form_component_html,beta-parent,a,Attribute Value Modification,SAVED,,LLMR_recipe_form_component_html_recipe_form_form_heading_bet_a
recipe-form-form-heading,x-test-form-heading,recipe_form_component_html,beta-parent,b,Attribute Removal,SAVED,,LLMR_recipe_form_component_html_recipe_form_form_heading_bet_b
recipe-form-form-heading,x-test-form-heading,recipe_form_component_html,beta-parent,c,Attribute Identifier Modification,SAVED,,LLMR_recipe_form_component_html_recipe_form_form_heading_bet_c
recipe-form-form-heading,x-test-form-heading,recipe_form_component_html,beta-parent,i,HTML Tag Removal,SAVED,,LLMR_recipe_form_component_html_recipe_form_form_heading_bet_i
recipe-form-form-heading,x-test-form-heading,recipe_form_component_html,beta-parent,j,HTML Tag Type Modification,SAVED,,LLMR_recipe_form_component_html_recipe_form_form_heading_bet_j
recipe-form-form-heading,x-test-form-heading,recipe_form_component_html,beta-parent,k,HTML Tag Insertion,SAVED,,LLMR_recipe_form_component_html_recipe_form_form_heading_bet_k
recipe-form-form-heading,x-test-form-heading,recipe_form_component_html,gamma-ancestor,d,Text Content Modification,NA,no-text-content,-
recipe-form-form-heading,x-test-form-heading,recipe_form_component_html,gamma-ancestor,e,Text Content Removal,NA,no-text-content,-
recipe-form-form-heading,x-test-form-heading,recipe_form_component_html,gamma-ancestor,a,Attribute Value Modification,SAVED,,LLMR_recipe_form_component_html_recipe_form_form_heading_gam_a
recipe-form-form-heading,x-test-form-heading,recipe_form_component_html,gamma-ancestor,b,Attribute Removal,SAVED,,LLMR_recipe_form_component_html_recipe_form_form_heading_gam_b
recipe-form-form-heading,x-test-form-heading,recipe_form_component_html,gamma-ancestor,c,Attribute Identifier Modification,SAVED,,LLMR_recipe_form_component_html_recipe_form_form_heading_gam_c
recipe-form-form-heading,x-test-form-heading,recipe_form_component_html,gamma-ancestor,i,HTML Tag Removal,SAVED,,LLMR_recipe_form_component_html_recipe_form_form_heading_gam_i
recipe-form-form-heading,x-test-form-heading,recipe_form_component_html,gamma-ancestor,j,HTML Tag Type Modification,SAVED,,LLMR_recipe_form_component_html_recipe_form_form_heading_gam_j
recipe-form-form-heading,x-test-form-heading,recipe_form_component_html,gamma-ancestor,k,HTML Tag Insertion,SAVED,,LLMR_recipe_form_component_html_recipe_form_form_heading_gam_k
recipe-form-form-heading,x-test-form-heading,recipe_form_component_html,delta-sibling,a,Attribute Value Modification,SAVED,,LLMR_recipe_form_component_html_recipe_form_form_heading_del_a
recipe-form-form-heading,x-test-form-heading,recipe_form_component_html,delta-sibling,b,Attribute Removal,SAVED,,LLMR_recipe_form_component_html_recipe_form_form_heading_del_b
recipe-form-form-heading,x-test-form-heading,recipe_form_component_html,delta-sibling,c,Attribute Identifier Modification,SAVED,,LLMR_recipe_form_component_html_recipe_form_form_heading_del_c
recipe-form-form-heading,x-test-form-heading,recipe_form_component_html,delta-sibling,d,Text Content Modification,SAVED,,LLMR_recipe_form_component_html_recipe_form_form_heading_del_d
recipe-form-form-heading,x-test-form-heading,recipe_form_component_html,delta-sibling,e,Text Content Removal,SAVED,,LLMR_recipe_form_component_html_recipe_form_form_heading_del_e
recipe-form-form-heading,x-test-form-heading,recipe_form_component_html,delta-sibling,i,HTML Tag Removal,SAVED,,LLMR_recipe_form_component_html_recipe_form_form_heading_del_i
recipe-form-form-heading,x-test-form-heading,recipe_form_component_html,delta-sibling,j,HTML Tag Type Modification,SAVED,,LLMR_recipe_form_component_html_recipe_form_form_heading_del_j
recipe-form-form-heading,x-test-form-heading,recipe_form_component_html,delta-sibling,k,HTML Tag Insertion,SAVED,,LLMR_recipe_form_component_html_recipe_form_form_heading_del_k
recipe-form-form-heading,x-test-form-heading,recipe_form_component_html,epsilon-component,a,Attribute Value Modification,NA,no-such-role,-
recipe-form-form-heading,x-test-form-heading,recipe_form_component_html,epsilon-component,b,Attribute Removal,NA,no-such-role,-
recipe-form-form-heading,x-test-form-heading,recipe_form_component_html,epsilon-component,c,Attribute Identifier Modification,NA,no-such-role,-
recipe-form-form-heading,x-test-form-heading,recipe_form_component_html,epsilon-component,d,Text Content Modification,NA,no-such-role,-
recipe-form-form-heading,x-test-form-heading,recipe_form_component_html,epsilon-component,e,Text Content Removal,NA,no-such-role,-
recipe-form-form-heading,x-test-form-heading,recipe_form_component_html,epsilon-component,i,HTML Tag Removal,NA,no-such-role,-
recipe-form-form-heading,x-test-form-heading,recipe_form_component_html,epsilon-component,j,HTML Tag Type Modification,NA,no-such-role,-
recipe-form-form-heading,x-test-form-heading,recipe_form_component_html,epsilon-component,k,HTML Tag Insertion,NA,no-such-role,-
recipe-form-f-title,x-test-f-title,recipe_form_component_html,alpha-target,d,Text Content Modification,NA,no-text-content,-
recipe-form-f-title,x-test-f-title,recipe_form_component_html,alpha-target,e,Text Content Removal,NA,no-text-content,-
recipe-form-f-title,x-test-f-title,recipe_form_component_html,alpha-target,i,HTML Tag Removal,NA,would-drop-x-test,-
recipe-form-f-title,x-test-f-title,recipe_form_component_html,alpha-target,a,Attribute Value Modification,SAVED,,LLMR_recipe_form_component_html_recipe_form_f_title_alf_a
recipe-form-f-title,x-test-f-title,recipe_form_component_html,alpha-target,b,Attribute Removal,SAVED,,LLMR_recipe_form_component_html_recipe_form_f_title_alf_b
recipe-form-f-title,x-test-f-title,recipe_form_component_html,alpha-target,c,Attribute Identifier Modification,SAVED,,LLMR_recipe_form_component_html_recipe_form_f_title_alf_c
recipe-form-f-title,x-test-f-title,recipe_form_component_html,alpha-target,j,HTML Tag Type Modification,SAVED,,LLMR_recipe_form_component_html_recipe_form_f_title_alf_j
recipe-form-f-title,x-test-f-title,recipe_form_component_html,alpha-target,k,HTML Tag Insertion,SAVED,,LLMR_recipe_form_component_html_recipe_form_f_title_alf_k
recipe-form-f-title,x-test-f-title,recipe_form_component_html,beta-parent,d,Text Content Modification,NA,no-text-content,-
recipe-form-f-title,x-test-f-title,recipe_form_component_html,beta-parent,e,Text Content Removal,NA,no-text-content,-
recipe-form-f-title,x-test-f-title,recipe_form_component_html,beta-parent,a,Attribute Value Modification,SAVED,,LLMR_recipe_form_component_html_recipe_form_f_title_bet_a
recipe-form-f-title,x-test-f-title,recipe_form_component_html,beta-parent,b,Attribute Removal,SAVED,,LLMR_recipe_form_component_html_recipe_form_f_title_bet_b
recipe-form-f-title,x-test-f-title,recipe_form_component_html,beta-parent,c,Attribute Identifier Modification,SAVED,,LLMR_recipe_form_component_html_recipe_form_f_title_bet_c
recipe-form-f-title,x-test-f-title,recipe_form_component_html,beta-parent,i,HTML Tag Removal,SAVED,,LLMR_recipe_form_component_html_recipe_form_f_title_bet_i
recipe-form-f-title,x-test-f-title,recipe_form_component_html,beta-parent,j,HTML Tag Type Modification,SAVED,,LLMR_recipe_form_component_html_recipe_form_f_title_bet_j
recipe-form-f-title,x-test-f-title,recipe_form_component_html,beta-parent,k,HTML Tag Insertion,SAVED,,LLMR_recipe_form_component_html_recipe_form_f_title_bet_k
recipe-form-f-title,x-test-f-title,recipe_form_component_html,gamma-ancestor,d,Text Content Modification,NA,no-text-content,-
recipe-form-f-title,x-test-f-title,recipe_form_component_html,gamma-ancestor,e,Text Content Removal,NA,no-text-content,-
recipe-form-f-title,x-test-f-title,recipe_form_component_html,gamma-ancestor,a,Attribute Value Modification,SAVED,,LLMR_recipe_form_component_html_recipe_form_f_title_gam_a
recipe-form-f-title,x-test-f-title,recipe_form_component_html,gamma-ancestor,b,Attribute Removal,SAVED,,LLMR_recipe_form_component_html_recipe_form_f_title_gam_b
recipe-form-f-title,x-test-f-title,recipe_form_component_html,gamma-ancestor,c,Attribute Identifier Modification,SAVED,,LLMR_recipe_form_component_html_recipe_form_f_title_gam_c
recipe-form-f-title,x-test-f-title,recipe_form_component_html,gamma-ancestor,i,HTML Tag Removal,SAVED,,LLMR_recipe_form_component_html_recipe_form_f_title_gam_i
recipe-form-f-title,x-test-f-title,recipe_form_component_html,gamma-ancestor,j,HTML Tag Type Modification,SAVED,,LLMR_recipe_form_component_html_recipe_form_f_title_gam_j
recipe-form-f-title,x-test-f-title,recipe_form_component_html,gamma-ancestor,k,HTML Tag Insertion,SAVED,,LLMR_recipe_form_component_html_recipe_form_f_title_gam_k
recipe-form-f-title,x-test-f-title,recipe_form_component_html,delta-sibling,a,Attribute Value Modification,SAVED,,LLMR_recipe_form_component_html_recipe_form_f_title_del_a
recipe-form-f-title,x-test-f-title,recipe_form_component_html,delta-sibling,b,Attribute Removal,SAVED,,LLMR_recipe_form_component_html_recipe_form_f_title_del_b
recipe-form-f-title,x-test-f-title,recipe_form_component_html,delta-sibling,c,Attribute Identifier Modification,SAVED,,LLMR_recipe_form_component_html_recipe_form_f_title_del_c
recipe-form-f-title,x-test-f-title,recipe_form_component_html,delta-sibling,d,Text Content Modification,SAVED,,LLMR_recipe_form_component_html_recipe_form_f_title_del_d
recipe-form-f-title,x-test-f-title,recipe_form_component_html,delta-sibling,e,Text Content Removal,SAVED,,LLMR_recipe_form_component_html_recipe_form_f_title_del_e
recipe-form-f-title,x-test-f-title,recipe_form_component_html,delta-sibling,i,HTML Tag Removal,SAVED,,LLMR_recipe_form_component_html_recipe_form_f_title_del_i
recipe-form-f-title,x-test-f-title,recipe_form_component_html,delta-sibling,j,HTML Tag Type Modification,SAVED,,LLMR_recipe_form_component_html_recipe_form_f_title_del_j
recipe-form-f-title,x-test-f-title,recipe_form_component_html,delta-sibling,k,HTML Tag Insertion,SAVED,,LLMR_recipe_form_component_html_recipe_form_f_title_del_k
recipe-form-f-title,x-test-f-title,recipe_form_component_html,epsilon-component,a,Attribute Value Modification,NA,no-such-role,-
recipe-form-f-title,x-test-f-title,recipe_form_component_html,epsilon-component,b,Attribute Removal,NA,no-such-role,-
recipe-form-f-title,x-test-f-title,recipe_form_component_html,epsilon-component,c,Attribute Identifier Modification,NA,no-such-role,-
recipe-form-f-title,x-test-f-title,recipe_form_component_html,epsilon-component,d,Text Content Modification,NA,no-such-role,-
recipe-form-f-title,x-test-f-title,recipe_form_component_html,epsilon-component,e,Text Content Removal,NA,no-such-role,-
recipe-form-f-title,x-test-f-title,recipe_form_component_html,epsilon-component,i,HTML Tag Removal,NA,no-such-role,-
recipe-form-f-title,x-test-f-title,recipe_form_component_html,epsilon-component,j,HTML Tag Type Modification,NA,no-such-role,-
recipe-form-f-title,x-test-f-title,recipe_form_component_html,epsilon-component,k,HTML Tag Insertion,NA,no-such-role,-
recipe-form-f-course,x-test-f-course,recipe_form_component_html,alpha-target,d,Text Content Modification,NA,no-text-content,-
recipe-form-f-course,x-test-f-course,recipe_form_component_html,alpha-target,e,Text Content Removal,NA,no-text-content,-
recipe-form-f-course,x-test-f-course,recipe_form_component_html,alpha-target,i,HTML Tag Removal,NA,would-drop-x-test,-
recipe-form-f-course,x-test-f-course,recipe_form_component_html,alpha-target,a,Attribute Value Modification,SAVED,,LLMR_recipe_form_component_html_recipe_form_f_course_alf_a
recipe-form-f-course,x-test-f-course,recipe_form_component_html,alpha-target,b,Attribute Removal,SAVED,,LLMR_recipe_form_component_html_recipe_form_f_course_alf_b
recipe-form-f-course,x-test-f-course,recipe_form_component_html,alpha-target,c,Attribute Identifier Modification,SAVED,,LLMR_recipe_form_component_html_recipe_form_f_course_alf_c
recipe-form-f-course,x-test-f-course,recipe_form_component_html,alpha-target,j,HTML Tag Type Modification,SAVED,,LLMR_recipe_form_component_html_recipe_form_f_course_alf_j
recipe-form-f-course,x-test-f-course,recipe_form_component_html,alpha-target,k,HTML Tag Insertion,SAVED,,LLMR_recipe_form_component_html_recipe_form_f_course_alf_k
recipe-form-f-course,x-test-f-course,recipe_form_component_html,beta-parent,d,Text Content Modification,NA,no-text-content,-
recipe-form-f-course,x-test-f-course,recipe_form_component_html,beta-parent,e,Text Content Removal,NA,no-text-content,-
recipe-form-f-course,x-test-f-course,recipe_form_component_html,beta-parent,a,Attribute Value Modification,SAVED,,LLMR_recipe_form_component_html_recipe_form_f_course_bet_a
recipe-form-f-course,x-test-f-course,recipe_form_component_html,beta-parent,b,Attribute Removal,SAVED,,LLMR_recipe_form_component_html_recipe_form_f_course_bet_b
recipe-form-f-course,x-test-f-course,recipe_form_component_html,beta-parent,c,Attribute Identifier Modification,SAVED,,LLMR_recipe_form_component_html_recipe_form_f_course_bet_c
recipe-form-f-course,x-test-f-course,recipe_form_component_html,beta-parent,i,HTML Tag Removal,SAVED,,LLMR_recipe_form_component_html_recipe_form_f_course_bet_i
recipe-form-f-course,x-test-f-course,recipe_form_component_html,beta-parent,j,HTML Tag Type Modification,SAVED,,LLMR_recipe_form_component_html_recipe_form_f_course_bet_j
recipe-form-f-course,x-test-f-course,recipe_form_component_html,beta-parent,k,HTML Tag Insertion,SAVED,,LLMR_recipe_form_component_html_recipe_form_f_course_bet_k
recipe-form-f-course,x-test-f-course,recipe_form_component_html,gamma-ancestor,d,Text Content Modification,NA,no-text-content,-
recipe-form-f-course,x-test-f-course,recipe_form_component_html,gamma-ancestor,e,Text Content Removal,NA,no-text-content,-
recipe-form-f-course,x-test-f-course,recipe_form_component_html,gamma-ancestor,a,Attribute Value Modification,SAVED,,LLMR_recipe_form_component_html_recipe_form_f_course_gam_a
recipe-form-f-course,x-test-f-course,recipe_form_component_html,gamma-ancestor,b,Attribute Removal,SAVED,,LLMR_recipe_form_component_html_recipe_form_f_course_gam_b
recipe-form-f-course,x-test-f-course,recipe_form_component_html,gamma-ancestor,c,Attribute Identifier Modification,SAVED,,LLMR_recipe_form_component_html_recipe_form_f_course_gam_c
recipe-form-f-course,x-test-f-course,recipe_form_component_html,gamma-ancestor,i,HTML Tag Removal,SAVED,,LLMR_recipe_form_component_html_recipe_form_f_course_gam_i
recipe-form-f-course,x-test-f-course,recipe_form_component_html,gamma-ancestor,j,HTML Tag Type Modification,SAVED,,LLMR_recipe_form_component_html_recipe_form_f_course_gam_j
recipe-form-f-course,x-test-f-course,recipe_form_component_html,gamma-ancestor,k,HTML Tag Insertion,SAVED,,LLMR_recipe_form_component_html_recipe_form_f_course_gam_k
recipe-form-f-course,x-test-f-course,recipe_form_component_html,delta-sibling,a,Attribute Value Modification,SAVED,,LLMR_recipe_form_component_html_recipe_form_f_course_del_a
recipe-form-f-course,x-test-f-course,recipe_form_component_html,delta-sibling,b,Attribute Removal,SAVED,,LLMR_recipe_form_component_html_recipe_form_f_course_del_b
recipe-form-f-course,x-test-f-course,recipe_form_component_html,delta-sibling,c,Attribute Identifier Modification,SAVED,,LLMR_recipe_form_component_html_recipe_form_f_course_del_c
recipe-form-f-course,x-test-f-course,recipe_form_component_html,delta-sibling,d,Text Content Modification,SAVED,,LLMR_recipe_form_component_html_recipe_form_f_course_del_d
recipe-form-f-course,x-test-f-course,recipe_form_component_html,delta-sibling,e,Text Content Removal,SAVED,,LLMR_recipe_form_component_html_recipe_form_f_course_del_e
recipe-form-f-course,x-test-f-course,recipe_form_component_html,delta-sibling,i,HTML Tag Removal,SAVED,,LLMR_recipe_form_component_html_recipe_form_f_course_del_i
recipe-form-f-course,x-test-f-course,recipe_form_component_html,delta-sibling,j,HTML Tag Type Modification,SAVED,,LLMR_recipe_form_component_html_recipe_form_f_course_del_j
recipe-form-f-course,x-test-f-course,recipe_form_component_html,delta-sibling,k,HTML Tag Insertion,SAVED,,LLMR_recipe_form_component_html_recipe_form_f_course_del_k
recipe-form-f-course,x-test-f-course,recipe_form_component_html,epsilon-component,a,Attribute Value Modification,NA,no-such-role,-
recipe-form-f-course,x-test-f-course,recipe_form_component_html,epsilon-component,b,Attribute Removal,NA,no-such-role,-
recipe-form-f-course,x-test-f-course,recipe_form_component_html,epsilon-component,c,Attribute Identifier Modification,NA,no-such-role,-
recipe-form-f-course,x-test-f-course,recipe_form_component_html,epsilon-component,d,Text Content Modification,NA,no-such-role,-
recipe-form-f-course,x-test-f-course,recipe_form_component_html,epsilon-component,e,Text Content Removal,NA,no-such-role,-
recipe-form-f-course,x-test-f-course,recipe_form_component_html,epsilon-component,i,HTML Tag Removal,NA,no-such-role,-
recipe-form-f-course,x-test-f-course,recipe_form_component_html,epsilon-component,j,HTML Tag Type Modification,NA,no-such-role,-
recipe-form-f-course,x-test-f-course,recipe_form_component_html,epsilon-component,k,HTML Tag Insertion,NA,no-such-role,-
recipe-form-f-servings,x-test-f-servings,recipe_form_component_html,alpha-target,d,Text Content Modification,NA,no-text-content,-
recipe-form-f-servings,x-test-f-servings,recipe_form_component_html,alpha-target,e,Text Content Removal,NA,no-text-content,-
recipe-form-f-servings,x-test-f-servings,recipe_form_component_html,alpha-target,i,HTML Tag Removal,NA,would-drop-x-test,-
recipe-form-f-servings,x-test-f-servings,recipe_form_component_html,alpha-target,a,Attribute Value Modification,SAVED,,LLMR_recipe_form_component_html_recipe_form_f_servings_alf_a
recipe-form-f-servings,x-test-f-servings,recipe_form_component_html,alpha-target,b,Attribute Removal,SAVED,,LLMR_recipe_form_component_html_recipe_form_f_servings_alf_b
recipe-form-f-servings,x-test-f-servings,recipe_form_component_html,alpha-target,c,Attribute Identifier Modification,SAVED,,LLMR_recipe_form_component_html_recipe_form_f_servings_alf_c
recipe-form-f-servings,x-test-f-servings,recipe_form_component_html,alpha-target,j,HTML Tag Type Modification,SAVED,,LLMR_recipe_form_component_html_recipe_form_f_servings_alf_j
recipe-form-f-servings,x-test-f-servings,recipe_form_component_html,alpha-target,k,HTML Tag Insertion,SAVED,,LLMR_recipe_form_component_html_recipe_form_f_servings_alf_k
recipe-form-f-servings,x-test-f-servings,recipe_form_component_html,beta-parent,d,Text Content Modification,NA,no-text-content,-
recipe-form-f-servings,x-test-f-servings,recipe_form_component_html,beta-parent,e,Text Content Removal,NA,no-text-content,-
recipe-form-f-servings,x-test-f-servings,recipe_form_component_html,beta-parent,a,Attribute Value Modification,SAVED,,LLMR_recipe_form_component_html_recipe_form_f_servings_bet_a
recipe-form-f-servings,x-test-f-servings,recipe_form_component_html,beta-parent,b,Attribute Removal,SAVED,,LLMR_recipe_form_component_html_recipe_form_f_servings_bet_b
recipe-form-f-servings,x-test-f-servings,recipe_form_component_html,beta-parent,c,Attribute Identifier Modification,SAVED,,LLMR_recipe_form_component_html_recipe_form_f_servings_bet_c
recipe-form-f-servings,x-test-f-servings,recipe_form_component_html,beta-parent,i,HTML Tag Removal,SAVED,,LLMR_recipe_form_component_html_recipe_form_f_servings_bet_i
recipe-form-f-servings,x-test-f-servings,recipe_form_component_html,beta-parent,j,HTML Tag Type Modification,SAVED,,LLMR_recipe_form_component_html_recipe_form_f_servings_bet_j
recipe-form-f-servings,x-test-f-servings,recipe_form_component_html,beta-parent,k,HTML Tag Insertion,SAVED,,LLMR_recipe_form_component_html_recipe_form_f_servings_bet_k
recipe-form-f-servings,x-test-f-servings,recipe_form_component_html,gamma-ancestor,d,Text Content Modification,NA,no-text-content,-
recipe-form-f-servings,x-test-f-servings,recipe_form_component_html,gamma-ancestor,e,Text Content Removal,NA,no-text-content,-
recipe-form-f-servings,x-test-f-servings,recipe_form_component_html,gamma-ancestor,a,Attribute Value Modification,SAVED,,LLMR_recipe_form_component_html_recipe_form_f_servings_gam_a
recipe-form-f-servings,x-test-f-servings,recipe_form_component_html,gamma-ancestor,b,Attribute Removal,SAVED,,LLMR_recipe_form_component_html_recipe_form_f_servings_gam_b
recipe-form-f-servings,x-test-f-servings,recipe_form_component_html,gamma-ancestor,c,Attribute Identifier Modification,SAVED,,LLMR_recipe_form_component_html_recipe_form_f_servings_gam_c
recipe-form-f-servings,x-test-f-servings,recipe_form_component_html,gamma-ancestor,i,HTML Tag Removal,SAVED,,LLMR_recipe_form_component_html_recipe_form_f_servings_gam_i
recipe-form-f-servings,x-test-f-servings,recipe_form_component_html,gamma-ancestor,j,HTML Tag Type Modification,SAVED,,LLMR_recipe_form_component_html_recipe_form_f_servings_gam_j
recipe-form-f-servings,x-test-f-servings,recipe_form_component_html,gamma-ancestor,k,HTML Tag Insertion,SAVED,,LLMR_recipe_form_component_html_recipe_form_f_servings_gam_k
recipe-form-f-servings,x-test-f-servings,recipe_form_component_html,delta-sibling,a,Attribute Value Modification,SAVED,,LLMR_recipe_form_component_html_recipe_form_f_servings_del_a
recipe-form-f-servings,x-test-f-servings,recipe_form_component_html,delta-sibling,b,Attribute Removal,SAVED,,LLMR_recipe_form_component_html_recipe_form_f_servings_del_b
recipe-form-f-servings,x-test-f-servings,recipe_form_component_html,delta-sibling,c,Attribute Identifier Modification,SAVED,,LLMR_recipe_form_component_html_recipe_form_f_servings_del_c
recipe-form-f-servings,x-test-f-servings,recipe_form_component_html,delta-sibling,d,Text Content Modification,SAVED,,LLMR_recipe_form_component_html_recipe_form_f_servings_del_d
recipe-form-f-servings,x-test-f-servings,recipe_form_component_html,delta-sibling,e,Text Content Removal,SAVED,,LLMR_recipe_form_component_html_recipe_form_f_servings_del_e
recipe-form-f-servings,x-test-f-servings,recipe_form_component_html,delta-sibling,i,HTML Tag Removal,SAVED,,LLMR_recipe_form_component_html_recipe_form_f_servings_del_i
recipe-form-f-servings,x-test-f-servings,recipe_form_component_html,delta-sibling,j,HTML Tag Type Modification,SAVED,,LLMR_recipe_form_component_html_recipe_form_f_servings_del_j
recipe-form-f-servings,x-test-f-servings,recipe_form_component_html,delta-sibling,k,HTML Tag Insertion,SAVED,,LLMR_recipe_form_component_html_recipe_form_f_servings_del_k
recipe-form-f-servings,x-test-f-servings,recipe_form_component_html,epsilon-component,a,Attribute Value Modification,NA,no-such-role,-
recipe-form-f-servings,x-test-f-servings,recipe_form_component_html,epsilon-component,b,Attribute Removal,NA,no-such-role,-
recipe-form-f-servings,x-test-f-servings,recipe_form_component_html,epsilon-component,c,Attribute Identifier Modification,NA,no-such-role,-
recipe-form-f-servings,x-test-f-servings,recipe_form_component_html,epsilon-component,d,Text Content Modification,NA,no-such-role,-
recipe-form-f-servings,x-test-f-servings,recipe_form_component_html,epsilon-component,e,Text Content Removal,NA,no-such-role,-
recipe-form-f-servings,x-test-f-servings,recipe_form_component_html,epsilon-component,i,HTML Tag Removal,NA,no-such-role,-
recipe-form-f-servings,x-test-f-servings,recipe_form_component_html,epsilon-component,j,HTML Tag Type Modification,NA,no-such-role,-
recipe-form-f-servings,x-test-f-servings,recipe_form_component_html,epsilon-component,k,HTML Tag Insertion,NA,no-such-role,-
recipe-form-f-veg,x-test-f-veg,recipe_form_component_html,alpha-target,d,Text Content Modification,NA,no-text-content,-
recipe-form-f-veg,x-test-f-veg,recipe_form_component_html,alpha-target,e,Text Content Removal,NA,no-text-content,-
recipe-form-f-veg,x-test-f-veg,recipe_form_component_html,alpha-target,i,HTML Tag Removal,NA,would-drop-x-test,-
recipe-form-f-veg,x-test-f-veg,recipe_form_component_html,alpha-target,a,Attribute Value Modification,SAVED,,LLMR_recipe_form_component_html_recipe_form_f_veg_alf_a
recipe-form-f-veg,x-test-f-veg,recipe_form_component_html,alpha-target,b,Attribute Removal,SAVED,,LLMR_recipe_form_component_html_recipe_form_f_veg_alf_b
recipe-form-f-veg,x-test-f-veg,recipe_form_component_html,alpha-target,c,Attribute Identifier Modification,SAVED,,LLMR_recipe_form_component_html_recipe_form_f_veg_alf_c
recipe-form-f-veg,x-test-f-veg,recipe_form_component_html,alpha-target,j,HTML Tag Type Modification,SAVED,,LLMR_recipe_form_component_html_recipe_form_f_veg_alf_j
recipe-form-f-veg,x-test-f-veg,recipe_form_component_html,alpha-target,k,HTML Tag Insertion,SAVED,,LLMR_recipe_form_component_html_recipe_form_f_veg_alf_k
recipe-form-f-veg,x-test-f-veg,recipe_form_component_html,beta-parent,d,Text Content Modification,NA,no-text-content,-
recipe-form-f-veg,x-test-f-veg,recipe_form_component_html,beta-parent,e,Text Content Removal,NA,no-text-content,-
recipe-form-f-veg,x-test-f-veg,recipe_form_component_html,beta-parent,a,Attribute Value Modification,SAVED,,LLMR_recipe_form_component_html_recipe_form_f_veg_bet_a
recipe-form-f-veg,x-test-f-veg,recipe_form_component_html,beta-parent,b,Attribute Removal,SAVED,,LLMR_recipe_form_component_html_recipe_form_f_veg_bet_b
recipe-form-f-veg,x-test-f-veg,recipe_form_component_html,beta-parent,c,Attribute Identifier Modification,SAVED,,LLMR_recipe_form_component_html_recipe_form_f_veg_bet_c
recipe-form-f-veg,x-test-f-veg,recipe_form_component_html,beta-parent,i,HTML Tag Removal,SAVED,,LLMR_recipe_form_component_html_recipe_form_f_veg_bet_i
recipe-form-f-veg,x-test-f-veg,recipe_form_component_html,beta-parent,j,HTML Tag Type Modification,SAVED,,LLMR_recipe_form_component_html_recipe_form_f_veg_bet_j
recipe-form-f-veg,x-test-f-veg,recipe_form_component_html,beta-parent,k,HTML Tag Insertion,SAVED,,LLMR_recipe_form_component_html_recipe_form_f_veg_bet_k
recipe-form-f-veg,x-test-f-veg,recipe_form_component_html,gamma-ancestor,d,Text Content Modification,NA,no-text-content,-
recipe-form-f-veg,x-test-f-veg,recipe_form_component_html,gamma-ancestor,e,Text Content Removal,NA,no-text-content,-
recipe-form-f-veg,x-test-f-veg,recipe_form_component_html,gamma-ancestor,a,Attribute Value Modification,SAVED,,LLMR_recipe_form_component_html_recipe_form_f_veg_gam_a
recipe-form-f-veg,x-test-f-veg,recipe_form_component_html,gamma-ancestor,b,Attribute Removal,SAVED,,LLMR_recipe_form_component_html_recipe_form_f_veg_gam_b
recipe-form-f-veg,x-test-f-veg,recipe_form_component_html,gamma-ancestor,c,Attribute Identifier Modification,SAVED,,LLMR_recipe_form_component_html_recipe_form_f_veg_gam_c
recipe-form-f-veg,x-test-f-veg,recipe_form_component_html,gamma-ancestor,i,HTML Tag Removal,SAVED,,LLMR_recipe_form_component_html_recipe_form_f_veg_gam_i
recipe-form-f-veg,x-test-f-veg,recipe_form_component_html,gamma-ancestor,j,HTML Tag Type Modification,SAVED,,LLMR_recipe_form_component_html_recipe_form_f_veg_gam_j
recipe-form-f-veg,x-test-f-veg,recipe_form_component_html,gamma-ancestor,k,HTML Tag Insertion,SAVED,,LLMR_recipe_form_component_html_recipe_form_f_veg_gam_k
recipe-form-f-veg,x-test-f-veg,recipe_form_component_html,delta-sibling,a,Attribute Value Modification,SAVED,,LLMR_recipe_form_component_html_recipe_form_f_veg_del_a
recipe-form-f-veg,x-test-f-veg,recipe_form_component_html,delta-sibling,b,Attribute Removal,SAVED,,LLMR_recipe_form_component_html_recipe_form_f_veg_del_b
recipe-form-f-veg,x-test-f-veg,recipe_form_component_html,delta-sibling,c,Attribute Identifier Modification,SAVED,,LLMR_recipe_form_component_html_recipe_form_f_veg_del_c
recipe-form-f-veg,x-test-f-veg,recipe_form_component_html,delta-sibling,d,Text Content Modification,SAVED,,LLMR_recipe_form_component_html_recipe_form_f_veg_del_d
recipe-form-f-veg,x-test-f-veg,recipe_form_component_html,delta-sibling,e,Text Content Removal,SAVED,,LLMR_recipe_form_component_html_recipe_form_f_veg_del_e
recipe-form-f-veg,x-test-f-veg,recipe_form_component_html,delta-sibling,i,HTML Tag Removal,SAVED,,LLMR_recipe_form_component_html_recipe_form_f_veg_del_i
recipe-form-f-veg,x-test-f-veg,recipe_form_component_html,delta-sibling,j,HTML Tag Type Modification,SAVED,,LLMR_recipe_form_component_html_recipe_form_f_veg_del_j
recipe-form-f-veg,x-test-f-veg,recipe_form_component_html,delta-sibling,k,HTML Tag Insertion,SAVED,,LLMR_recipe_form_component_html_recipe_form_f_veg_del_k
recipe-form-f-veg,x-test-f-veg,recipe_form_component_html,epsilon-component,a,Attribute Value Modification,NA,no-such-role,-
recipe-form-f-veg,x-test-f-veg,recipe_form_component_html,epsilon-component,b,Attribute Removal,NA,no-such-role,-
recipe-form-f-veg,x-test-f-veg,recipe_form_component_html,epsilon-component,c,Attribute Identifier Modification,NA,no-such-role,-
recipe-form-f-veg,x-test-f-veg,recipe_form_component_html,epsilon-component,d,Text Content Modification,NA,no-such-role,-
recipe-form-f-veg,x-test-f-veg,recipe_form_component_html,epsilon-component,e,Text Content Removal,NA,no-such-role,-
recipe-form-f-veg,x-test-f-veg,recipe_form_component_html,epsilon-component,i,HTML Tag Removal,NA,no-such-role,-
recipe-form-f-veg,x-test-f-veg,recipe_form_component_html,epsilon-component,j,HTML Tag Type Modification,NA,no-such-role,-
recipe-form-f-veg,x-test-f-veg,recipe_form_component_html,epsilon-component,k,HTML Tag Insertion,NA,no-such-role,-
recipe-form-f-tags,x-test-f-tags,recipe_form_component_html,alpha-target,d,Text Content Modification,NA,no-text-content,-
recipe-form-f-tags,x-test-f-tags,recipe_form_component_html,alpha-target,e,Text Content Removal,NA,no-text-content,-
recipe-form-f-tags,x-test-f-tags,recipe_form_component_html,alpha-target,i,HTML Tag Removal,NA,would-drop-x-test,-
recipe-form-f-tags,x-test-f-tags,recipe_form_component_html,alpha-target,a,Attribute Value Modification,SAVED,,LLMR_recipe_form_component_html_recipe_form_f_tags_alf_a
recipe-form-f-tags,x-test-f-tags,recipe_form_component_html,alpha-target,b,Attribute Removal,SAVED,,LLMR_recipe_form_component_html_recipe_form_f_tags_alf_b
recipe-form-f-tags,x-test-f-tags,recipe_form_component_html,alpha-target,c,Attribute Identifier Modification,SAVED,,LLMR_recipe_form_component_html_recipe_form_f_tags_alf_c
recipe-form-f-tags,x-test-f-tags,recipe_form_component_html,alpha-target,j,HTML Tag Type Modification,SAVED,,LLMR_recipe_form_component_html_recipe_form_f_tags_alf_j
recipe-form-f-tags,x-test-f-tags,recipe_form_component_html,alpha-target,k,HTML Tag Insertion,SAVED,,LLMR_recipe_form_component_html_recipe_form_f_tags_alf_k
recipe-form-f-tags,x-test-f-tags,recipe_form_component_html,beta-parent,d,Text Content Modification,NA,no-text-content,-
recipe-form-f-tags,x-test-f-tags,recipe_form_component_html,beta-parent,e,Text Content Removal,NA,no-text-content,-
recipe-form-f-tags,x-test-f-tags,recipe_form_component_html,beta-parent,a,Attribute Value Modification,SAVED,,LLMR_recipe_form_component_html_recipe_form_f_tags_bet_a
recipe-form-f-tags,x-test-f-tags,recipe_form_component_html,beta-parent,b,Attribute Removal,SAVED,,LLMR_recipe_form_component_html_recipe_form_f_tags_bet_b
recipe-form-f-tags,x-test-f-tags,recipe_form_component_html,beta-parent,c,Attribute Identifier Modification,SAVED,,LLMR_recipe_form_component_html_recipe_form_f_tags_bet_c
recipe-form-f-tags,x-test-f-tags,recipe_form_component_html,beta-parent,i,HTML Tag Removal,SAVED,,LLMR_recipe_form_component_html_recipe_form_f_tags_bet_i
recipe-form-f-tags,x-test-f-tags,recipe_form_component_html,beta-parent,j,HTML Tag Type Modification,SAVED,,LLMR_recipe_form_component_html_recipe_form_f_tags_bet_j
recipe-form-f-tags,x-test-f-tags,recipe_form_component_html,beta-parent,k,HTML Tag Insertion,SAVED,,LLMR_recipe_form_component_html_recipe_form_f_tags_bet_k
recipe-form-f-tags,x-test-f-tags,recipe_form_component_html,gamma-ancestor,d,Text Content Modification,NA,no-text-content,-
recipe-form-f-tags,x-test-f-tags,recipe_form_component_html,gamma-ancestor,e,Text Content Removal,NA,no-text-content,-
recipe-form-f-tags,x-test-f-tags,recipe_form_component_html,gamma-ancestor,a,Attribute Value Modification,SAVED,,LLMR_recipe_form_component_html_recipe_form_f_tags_gam_a
recipe-form-f-tags,x-test-f-tags,recipe_form_component_html,gamma-ancestor,b,Attribute Removal,SAVED,,LLMR_recipe_form_component_html_recipe_form_f_tags_gam_b
recipe-form-f-tags,x-test-f-tags,recipe_form_component_html,gamma-ancestor,c,Attribute Identifier Modification,SAVED,,LLMR_recipe_form_component_html_recipe_form_f_tags_gam_c
recipe-form-f-tags,x-test-f-tags,recipe_form_component_html,gamma-ancestor,i,HTML Tag Removal,SAVED,,LLMR_recipe_form_component_html_recipe_form_f_tags_gam_i
recipe-form-f-tags,x-test-f-tags,recipe_form_component_html,gamma-ancestor,j,HTML Tag Type Modification,SAVED,,LLMR_recipe_form_component_html_recipe_form_f_tags_gam_j
recipe-form-f-tags,x-test-f-tags,recipe_form_component_html,gamma-ancestor,k,HTML Tag Insertion,SAVED,,LLMR_recipe_form_component_html_recipe_form_f_tags_gam_k
recipe-form-f-tags,x-test-f-tags,recipe_form_component_html,delta-sibling,a,Attribute Value Modification,SAVED,,LLMR_recipe_form_component_html_recipe_form_f_tags_del_a
recipe-form-f-tags,x-test-f-tags,recipe_form_component_html,delta-sibling,b,Attribute Removal,SAVED,,LLMR_recipe_form_component_html_recipe_form_f_tags_del_b
recipe-form-f-tags,x-test-f-tags,recipe_form_component_html,delta-sibling,c,Attribute Identifier Modification,SAVED,,LLMR_recipe_form_component_html_recipe_form_f_tags_del_c
recipe-form-f-tags,x-test-f-tags,recipe_form_component_html,delta-sibling,d,Text Content Modification,SAVED,,LLMR_recipe_form_component_html_recipe_form_f_tags_del_d
recipe-form-f-tags,x-test-f-tags,recipe_form_component_html,delta-sibling,e,Text Content Removal,SAVED,,LLMR_recipe_form_component_html_recipe_form_f_tags_del_e
recipe-form-f-tags,x-test-f-tags,recipe_form_component_html,delta-sibling,i,HTML Tag Removal,SAVED,,LLMR_recipe_form_component_html_recipe_form_f_tags_del_i
recipe-form-f-tags,x-test-f-tags,recipe_form_component_html,delta-sibling,j,HTML Tag Type Modification,SAVED,,LLMR_recipe_form_component_html_recipe_form_f_tags_del_j
recipe-form-f-tags,x-test-f-tags,recipe_form_component_html,delta-sibling,k,HTML Tag Insertion,SAVED,,LLMR_recipe_form_component_html_recipe_form_f_tags_del_k
recipe-form-f-tags,x-test-f-tags,recipe_form_component_html,epsilon-component,a,Attribute Value Modification,NA,no-such-role,-
recipe-form-f-tags,x-test-f-tags,recipe_form_component_html,epsilon-component,b,Attribute Removal,NA,no-such-role,-
recipe-form-f-tags,x-test-f-tags,recipe_form_component_html,epsilon-component,c,Attribute Identifier Modification,NA,no-such-role,-
recipe-form-f-tags,x-test-f-tags,recipe_form_component_html,epsilon-component,d,Text Content Modification,NA,no-such-role,-
recipe-form-f-tags,x-test-f-tags,recipe_form_component_html,epsilon-component,e,Text Content Removal,NA,no-such-role,-
recipe-form-f-tags,x-test-f-tags,recipe_form_component_html,epsilon-component,i,HTML Tag Removal,NA,no-such-role,-
recipe-form-f-tags,x-test-f-tags,recipe_form_component_html,epsilon-component,j,HTML Tag Type Modification,NA,no-such-role,-
recipe-form-f-tags,x-test-f-tags,recipe_form_component_html,epsilon-component,k,HTML Tag Insertion,NA,no-such-role,-
recipe-form-f-ingredients,x-test-f-ingredients,recipe_form_component_html,alpha-target,d,Text Content Modification,NA,no-text-content,-
recipe-form-f-ingredients,x-test-f-ingredients,recipe_form_component_html,alpha-target,e,Text Content Removal,NA,no-text-content,-
recipe-form-f-ingredients,x-test-f-ingredients,recipe_form_component_html,alpha-target,i,HTML Tag Removal,NA,would-drop-x-test,-
recipe-form-f-ingredients,x-test-f-ingredients,recipe_form_component_html,alpha-target,a,Attribute Value Modification,SAVED,,LLMR_recipe_form_component_html_recipe_form_f_ingredients_alf_a
recipe-form-f-ingredients,x-test-f-ingredients,recipe_form_component_html,alpha-target,b,Attribute Removal,SAVED,,LLMR_recipe_form_component_html_recipe_form_f_ingredients_alf_b
recipe-form-f-ingredients,x-test-f-ingredients,recipe_form_component_html,alpha-target,c,Attribute Identifier Modification,SAVED,,LLMR_recipe_form_component_html_recipe_form_f_ingredients_alf_c
recipe-form-f-ingredients,x-test-f-ingredients,recipe_form_component_html,alpha-target,j,HTML Tag Type Modification,SAVED,,LLMR_recipe_form_component_html_recipe_form_f_ingredients_alf_j
recipe-form-f-ingredients,x-test-f-ingredients,recipe_form_component_html,alpha-target,k,HTML Tag Insertion,SAVED,,LLMR_recipe_form_component_html_recipe_form_f_ingredients_alf_k
recipe-form-f-ingredients,x-test-f-ingredients,recipe_form_component_html,beta-parent,d,Text Content Modification,NA,no-text-content,-
recipe-form-f-ingredients,x-test-f-ingredients,recipe_form_component_html,beta-parent,e,Text Content Removal,NA,no-text-content,-
recipe-form-f-ingredients,x-test-f-ingredients,recipe_form_component_html,beta-parent,a,Attribute Value Modification,SAVED,,LLMR_recipe_form_component_html_recipe_form_f_ingredients_bet_a
recipe-form-f-ingredients,x-test-f-ingredients,recipe_form_component_html,beta-parent,b,Attribute Removal,SAVED,,LLMR_recipe_form_component_html_recipe_form_f_ingredients_bet_b
recipe-form-f-ingredients,x-test-f-ingredients,recipe_form_component_html,beta-parent,c,Attribute Identifier Modification,SAVED,,LLMR_recipe_form_component_html_recipe_form_f_ingredients_bet_c
recipe-form-f-ingredients,x-test-f-ingredients,recipe_form_component_html,beta-parent,i,HTML Tag Removal,SAVED,,LLMR_recipe_form_component_html_recipe_form_f_ingredients_bet_i
recipe-form-f-ingredients,x-test-f-ingredients,recipe_form_component_html,beta-parent,j,HTML Tag Type Modification,SAVED,,LLMR_recipe_form_component_html_recipe_form_f_ingredients_bet_j
recipe-form-f-ingredients,x-test-f-ingredients,recipe_form_component_html,beta-parent,k,HTML Tag Insertion,SAVED,,LLMR_recipe_form_component_html_recipe_form_f_ingredients_bet_k
recipe-form-f-ingredients,x-test-f-ingredients,recipe_form_component_html,gamma-ancestor,d,Text Content Modification,NA,no-text-content,-
recipe-form-f-ingredients,x-test-f-ingredients,recipe_form_component_html,gamma-ancestor,e,Text Content Removal,NA,no-text-content,-
recipe-form-f-ingredients,x-test-f-ingredients,recipe_form_component_html,gamma-ancestor,a,Attribute Value Modification,SAVED,,LLMR_recipe_form_component_html_recipe_form_f_ingredients_gam_a
recipe-form-f-ingredients,x-test-f-ingredients,recipe_form_component_html,gamma-ancestor,b,Attribute Removal,SAVED,,LLMR_recipe_form_component_html_recipe_form_f_ingredients_gam_b
recipe-form-f-ingredients,x-test-f-ingredients,recipe_form_component_html,gamma-ancestor,c,Attribute Identifier Modification,SAVED,,LLMR_recipe_form_component_html_recipe_form_f_ingredients_gam_c
recipe-form-f-ingredients,x-test-f-ingredients,recipe_form_component_html,gamma-ancestor,i,HTML Tag Removal,SAVED,,LLMR_recipe_form_component_html_recipe_form_f_ingredients_gam_i
recipe-form-f-ingredients,x-test-f-ingredients,recipe_form_component_html,gamma-ancestor,j,HTML Tag Type Modification,SAVED,,LLMR_recipe_form_component_html_recipe_form_f_ingredients_gam_j
recipe-form-f-ingredients,x-test-f-ingredients,recipe_form_component_html,gamma-ancestor,k,HTML Tag Insertion,SAVED,,LLMR_recipe_form_component_html_recipe_form_f_ingredients_gam_k
recipe-form-f-ingredients,x-test-f-ingredients,recipe_form_component_html,delta-sibling,a,Attribute Value Modification,SAVED,,LLMR_recipe_form_component_html_recipe_form_f_ingredients_del_a
recipe-form-f-ingredients,x-test-f-ingredients,recipe_form_component_html,delta-sibling,b,Attribute Removal,SAVED,,LLMR_recipe_form_component_html_recipe_form_f_ingredients_del_b
recipe-form-f-ingredients,x-test-f-ingredients,recipe_form_component_html,delta-sibling,c,Attribute Identifier Modification,SAVED,,LLMR_recipe_form_component_html_recipe_form_f_ingredients_del_c
recipe-form-f-ingredients,x-test-f-ingredients,recipe_form_component_html,delta-sibling,d,Text Content Modification,SAVED,,LLMR_recipe_form_component_html_recipe_form_f_ingredients_del_d
recipe-form-f-ingredients,x-test-f-ingredients,recipe_form_component_html,delta-sibling,e,Text Content Removal,SAVED,,LLMR_recipe_form_component_html_recipe_form_f_ingredients_del_e
recipe-form-f-ingredients,x-test-f-ingredients,recipe_form_component_html,delta-sibling,i,HTML Tag Removal,SAVED,,LLMR_recipe_form_component_html_recipe_form_f_ingredients_del_i
recipe-form-f-ingredients,x-test-f-ingredients,recipe_form_component_html,delta-sibling,j,HTML Tag Type Modification,SAVED,,LLMR_recipe_form_component_html_recipe_form_f_ingredients_del_j
recipe-form-f-ingredients,x-test-f-ingredients,recipe_form_component_html,delta-sibling,k,HTML Tag Insertion,SAVED,,LLMR_recipe_form_component_html_recipe_form_f_ingredients_del_k
recipe-form-f-ingredients,x-test-f-ingredients,recipe_form_component_html,epsilon-component,d,Text Content Modification,NA,no-text-content,-
recipe-form-f-ingredients,x-test-f-ingredients,recipe_form_component_html,epsilon-component,e,Text Content Removal,NA,no-text-content,-
recipe-form-f-ingredients,x-test-f-ingredients,recipe_form_component_html,epsilon-component,a,Attribute Value Modification,SAVED,,LLMR_recipe_form_component_html_recipe_form_f_ingredients_eps_a
recipe-form-f-ingredients,x-test-f-ingredients,recipe_form_component_html,epsilon-component,b,Attribute Removal,SAVED,,LLMR_recipe_form_component_html_recipe_form_f_ingredients_eps_b
recipe-form-f-ingredients,x-test-f-ingredients,recipe_form_component_html,epsilon-component,c,Attribute Identifier Modification,SAVED,,LLMR_recipe_form_component_html_recipe_form_f_ingredients_eps_c
recipe-form-f-ingredients,x-test-f-ingredients,recipe_form_component_html,epsilon-component,i,HTML Tag Removal,SAVED,,LLMR_recipe_form_component_html_recipe_form_f_ingredients_eps_i
recipe-form-f-ingredients,x-test-f-ingredients,recipe_form_component_html,epsilon-component,j,HTML Tag Type Modification,SAVED,,LLMR_recipe_form_component_html_recipe_form_f_ingredients_eps_j
recipe-form-f-ingredients,x-test-f-ingredients,recipe_form_component_html,epsilon-component,k,HTML Tag Insertion,SAVED,,LLMR_recipe_form_component_html_recipe_form_f_ingredients_eps_k
recipe-form-f-steps,x-test-f-steps,recipe_form_component_html,alpha-target,d,Text Content Modification,NA,no-text-content,-
recipe-form-f-steps,x-test-f-steps,recipe_form_component_html,alpha-target,e,Text Content Removal,NA,no-text-content,-
recipe-form-f-steps,x-test-f-steps,recipe_form_component_html,alpha-target,i,HTML Tag Removal,NA,would-drop-x-test,-
recipe-form-f-steps,x-test-f-steps,recipe_form_component_html,alpha-target,a,Attribute Value Modification,SAVED,,LLMR_recipe_form_component_html_recipe_form_f_steps_alf_a
recipe-form-f-steps,x-test-f-steps,recipe_form_component_html,alpha-target,b,Attribute Removal,SAVED,,LLMR_recipe_form_component_html_recipe_form_f_steps_alf_b
recipe-form-f-steps,x-test-f-steps,recipe_form_component_html,alpha-target,c,Attribute Identifier Modification,SAVED,,LLMR_recipe_form_component_html_recipe_form_f_steps_alf_c
recipe-form-f-steps,x-test-f-steps,recipe_form_component_html,alpha-target,j,HTML Tag Type Modification,SAVED,,LLMR_recipe_form_component_html_recipe_form_f_steps_alf_j
recipe-form-f-steps,x-test-f-steps,recipe_form_component_html,alpha-target,k,HTML Tag Insertion,SAVED,,LLMR_recipe_form_component_html_recipe_form_f_steps_alf_k
recipe-form-f-steps,x-test-f-steps,recipe_form_component_html,beta-parent,d,Text Content Modification,NA,no-text-content,-
recipe-form-f-steps,x-test-f-steps,recipe_form_component_html,beta-parent,e,Text Content Removal,NA,no-text-content,-
recipe-form-f-steps,x-test-f-steps,recipe_form_component_html,beta-parent,a,Attribute Value Modification,SAVED,,LLMR_recipe_form_component_html_recipe_form_f_steps_bet_a
recipe-form-f-steps,x-test-f-steps,recipe_form_component_html,beta-parent,b,Attribute Removal,SAVED,,LLMR_recipe_form_component_html_recipe_form_f_steps_bet_b
recipe-form-f-steps,x-test-f-steps,recipe_form_component_html,beta-parent,c,Attribute Identifier Modification,SAVED,,LLMR_recipe_form_component_html_recipe_form_f_steps_bet_c
recipe-form-f-steps,x-test-f-steps,recipe_form_component_html,beta-parent,i,HTML Tag Removal,SAVED,,LLMR_recipe_form_component_html_recipe_form_f_steps_bet_i
recipe-form-f-steps,x-test-f-steps,recipe_form_component_html,beta-parent,j,HTML Tag Type Modification,SAVED,,LLMR_recipe_form_component_html_recipe_form_f_steps_bet_j
recipe-form-f-steps,x-test-f-steps,recipe_form_component_html,beta-parent,k,HTML Tag Insertion,SAVED,,LLMR_recipe_form_component_html_recipe_form_f_steps_bet_k
recipe-form-f-steps,x-test-f-steps,recipe_form_component_html,gamma-ancestor,d,Text Content Modification,NA,no-text-content,-
recipe-form-f-steps,x-test-f-steps,recipe_form_component_html,gamma-ancestor,e,Text Content Removal,NA,no-text-content,-
recipe-form-f-steps,x-test-f-steps,recipe_form_component_html,gamma-ancestor,a,Attribute Value Modification,SAVED,,LLMR_recipe_form_component_html_recipe_form_f_steps_gam_a
recipe-form-f-steps,x-test-f-steps,recipe_form_component_html,gamma-ancestor,b,Attribute Removal,SAVED,,LLMR_recipe_form_component_html_recipe_form_f_steps_gam_b
recipe-form-f-steps,x-test-f-steps,recipe_form_component_html,gamma-ancestor,c,Attribute Identifier Modification,SAVED,,LLMR_recipe_form_component_html_recipe_form_f_steps_gam_c
recipe-form-f-steps,x-test-f-steps,recipe_form_component_html,gamma-ancestor,i,HTML Tag Removal,SAVED,,LLMR_recipe_form_component_html_recipe_form_f_steps_gam_i
recipe-form-f-steps,x-test-f-steps,recipe_form_component_html,gamma-ancestor,j,HTML Tag Type Modification,SAVED,,LLMR_recipe_form_component_html_recipe_form_f_steps_gam_j
recipe-form-f-steps,x-test-f-steps,recipe_form_component_html,gamma-ancestor,k,HTML Tag Insertion,SAVED,,LLMR_recipe_form_component_html_recipe_form_f_steps_gam_k
recipe-form-f-steps,x-test-f-steps,recipe_form_component_html,delta-sibling,a,Attribute Value Modification,SAVED,,LLMR_recipe_form_component_html_recipe_form_f_steps_del_a
recipe-form-f-steps,x-test-f-steps,recipe_form_component_html,delta-sibling,b,Attribute Removal,SAVED,,LLMR_recipe_form_component_html_recipe_form_f_steps_del_b
recipe-form-f-steps,x-test-f-steps,recipe_form_component_html,delta-sibling,c,Attribute Identifier Modification,SAVED,,LLMR_recipe_form_component_html_recipe_form_f_steps_del_c
recipe-form-f-steps,x-test-f-steps,recipe_form_component_html,delta-sibling,d,Text Content Modification,SAVED,,LLMR_recipe_form_component_html_recipe_form_f_steps_del_d
recipe-form-f-steps,x-test-f-steps,recipe_form_component_html,delta-sibling,e,Text Content Removal,SAVED,,LLMR_recipe_form_component_html_recipe_form_f_steps_del_e
recipe-form-f-steps,x-test-f-steps,recipe_form_component_html,delta-sibling,i,HTML Tag Removal,SAVED,,LLMR_recipe_form_component_html_recipe_form_f_steps_del_i
recipe-form-f-steps,x-test-f-steps,recipe_form_component_html,delta-sibling,j,HTML Tag Type Modification,SAVED,,LLMR_recipe_form_component_html_recipe_form_f_steps_del_j
recipe-form-f-steps,x-test-f-steps,recipe_form_component_html,delta-sibling,k,HTML Tag Insertion,SAVED,,LLMR_recipe_form_component_html_recipe_form_f_steps_del_k
recipe-form-f-steps,x-test-f-steps,recipe_form_component_html,epsilon-component,d,Text Content Modification,NA,no-text-content,-
recipe-form-f-steps,x-test-f-steps,recipe_form_component_html,epsilon-component,e,Text Content Removal,NA,no-text-content,-
recipe-form-f-steps,x-test-f-steps,recipe_form_component_html,epsilon-component,a,Attribute Value Modification,SAVED,,LLMR_recipe_form_component_html_recipe_form_f_steps_eps_a
recipe-form-f-steps,x-test-f-steps,recipe_form_component_html,epsilon-component,b,Attribute Removal,SAVED,,LLMR_recipe_form_component_html_recipe_form_f_steps_eps_b
recipe-form-f-steps,x-test-f-steps,recipe_form_component_html,epsilon-component,c,Attribute Identifier Modification,SAVED,,LLMR_recipe_form_component_html_recipe_form_f_steps_eps_c
recipe-form-f-steps,x-test-f-steps,recipe_form_component_html,epsilon-component,i,HTML Tag Removal,SAVED,,LLMR_recipe_form_component_html_recipe_form_f_steps_eps_i
recipe-form-f-steps,x-test-f-steps,recipe_form_component_html,epsilon-component,j,HTML Tag Type Modification,SAVED,,LLMR_recipe_form_component_html_recipe_form_f_steps_eps_j
recipe-form-f-steps,x-test-f-steps,recipe_form_component_html,epsilon-component,k,HTML Tag Insertion,SAVED,,LLMR_recipe_form_component_html_recipe_form_f_steps_eps_k
recipe-form-f-submit,x-test-f-submit,recipe_form_component_html,alpha-target,i,HTML Tag Removal,NA,would-drop-x-test,-
recipe-form-f-submit,x-test-f-submit,recipe_form_component_html,alpha-target,a,Attribute Value Modification,SAVED,,LLMR_recipe_form_component_html_recipe_form_f_submit_alf_a
recipe-form-f-submit,x-test-f-submit,recipe_form_component_html,alpha-target,b,Attribute Removal,SAVED,,LLMR_recipe_form_component_html_recipe_form_f_submit_alf_b
recipe-form-f-submit,x-test-f-submit,recipe_form_component_html,alpha-target,c,Attribute Identifier Modification,SAVED,,LLMR_recipe_form_component_html_recipe_form_f_submit_alf_c
recipe-form-f-submit,x-test-f-submit,recipe_form_component_html,alpha-target,d,Text Content Modification,SAVED,,LLMR_recipe_form_component_html_recipe_form_f_submit_alf_d
recipe-form-f-submit,x-test-f-submit,recipe_form_component_html,alpha-target,e,Text Content Removal,SAVED,,LLMR_recipe_form_component_html_recipe_form_f_submit_alf_e
recipe-form-f-submit,x-test-f-submit,recipe_form_component_html,alpha-target,j,HTML Tag Type Modification,SAVED,,LLMR_recipe_form_component_html_recipe_form_f_submit_alf_j
recipe-form-f-submit,x-test-f-submit,recipe_form_component_html,alpha-target,k,HTML Tag Insertion,SAVED,,LLMR_recipe_form_component_html_recipe_form_f_submit_alf_k
recipe-form-f-submit,x-test-f-submit,recipe_form_component_html,beta-parent,d,Text Content Modification,NA,no-text-content,-
recipe-form-f-submit,x-test-f-submit,recipe_form_component_html,beta-parent,e,Text Content Removal,NA,no-text-content,-
recipe-form-f-submit,x-test-f-submit,recipe_form_component_html,beta-parent,a,Attribute Value Modification,SAVED,,LLMR_recipe_form_component_html_recipe_form_f_submit_bet_a
recipe-form-f-submit,x-test-f-submit,recipe_form_component_html,beta-parent,b,Attribute Removal,SAVED,,LLMR_recipe_form_component_html_recipe_form_f_submit_bet_b
recipe-form-f-submit,x-test-f-submit,recipe_form_component_html,beta-parent,c,Attribute Identifier Modification,SAVED,,LLMR_recipe_form_component_html_recipe_form_f_submit_bet_c
recipe-form-f-submit,x-test-f-submit,recipe_form_component_html,beta-parent,i,HTML Tag Removal,SAVED,,LLMR_recipe_form_component_html_recipe_form_f_submit_bet_i
recipe-form-f-submit,x-test-f-submit,recipe_form_component_html,beta-parent,j,HTML Tag Type Modification,SAVED,,LLMR_recipe_form_component_html_recipe_form_f_submit_bet_j
recipe-form-f-submit,x-test-f-submit,recipe_form_component_html,beta-parent,k,HTML Tag Insertion,SAVED,,LLMR_recipe_form_component_html_recipe_form_f_submit_bet_k
recipe-form-f-submit,x-test-f-submit,recipe_form_component_html,gamma-ancestor,d,Text Content Modification,NA,no-text-content,-
recipe-form-f-submit,x-test-f-submit,recipe_form_component_html,gamma-ancestor,e,Text Content Removal,NA,no-text-content,-
recipe-form-f-submit,x-test-f-submit,recipe_form_component_html,gamma-ancestor,a,Attribute Value Modification,SAVED,,LLMR_recipe_form_component_html_recipe_form_f_submit_gam_a
recipe-form-f-submit,x-test-f-submit,recipe_form_component_html,gamma-ancestor,b,Attribute Removal,SAVED,,LLMR_recipe_form_component_html_recipe_form_f_submit_gam_b
recipe-form-f-submit,x-test-f-submit,recipe_form_component_html,gamma-ancestor,c,Attribute Identifier Modification,SAVED,,LLMR_recipe_form_component_html_recipe_form_f_submit_gam_c
recipe-form-f-submit,x-test-f-submit,recipe_form_component_html,gamma-ancestor,i,HTML Tag Removal,SAVED,,LLMR_recipe_form_component_html_recipe_form_f_submit_gam_i
recipe-form-f-submit,x-test-f-submit,recipe_form_component_html,gamma-ancestor,j,HTML Tag Type Modification,SAVED,,LLMR_recipe_form_component_html_recipe_form_f_submit_gam_j
recipe-form-f-submit,x-test-f-submit,recipe_form_component_html,gamma-ancestor,k,HTML Tag Insertion,SAVED,,LLMR_recipe_form_component_html_recipe_form_f_submit_gam_k
recipe-form-f-submit,x-test-f-submit,recipe_form_component_html,delta-sibling,a,Attribute Value Modification,SAVED,,LLMR_recipe_form_component_html_recipe_form_f_submit_del_a
recipe-form-f-submit,x-test-f-submit,recipe_form_component_html,delta-sibling,b,Attribute Removal,SAVED,,LLMR_recipe_form_component_html_recipe_form_f_submit_del_b
recipe-form-f-submit,x-test-f-submit,recipe_form_component_html,delta-sibling,c,Attribute Identifier Modification,SAVED,,LLMR_recipe_form_component_html_recipe_form_f_submit_del_c
recipe-form-f-submit,x-test-f-submit,recipe_form_component_html,delta-sibling,d,Text Content Modification,SAVED,,LLMR_recipe_form_component_html_recipe_form_f_submit_del_d
recipe-form-f-submit,x-test-f-submit,recipe_form_component_html,delta-sibling,e,Text Content Removal,SAVED,,LLMR_recipe_form_component_html_recipe_form_f_submit_del_e
recipe-form-f-submit,x-test-f-submit,recipe_form_component_html,delta-sibling,i,HTML Tag Removal,SAVED,,LLMR_recipe_form_component_html_recipe_form_f_submit_del_i
recipe-form-f-submit,x-test-f-submit,recipe_form_component_html,delta-sibling,j,HTML Tag Type Modification,SAVED,,LLMR_recipe_form_component_html_recipe_form_f_submit_del_j
recipe-form-f-submit,x-test-f-submit,recipe_form_component_html,delta-sibling,k,HTML Tag Insertion,SAVED,,LLMR_recipe_form_component_html_recipe_form_f_submit_del_k
recipe-form-f-submit,x-test-f-submit,recipe_form_component_html,epsilon-component,a,Attribute Value Modification,NA,no-such-role,-
recipe-form-f-submit,x-test-f-submit,recipe_form_component_html,epsilon-component,b,Attribute Removal,NA,no-such-role,-
recipe-form-f-submit,x-test-f-submit,recipe_form_component_html,epsilon-component,c,Attribute Identifier Modification,NA,no-such-role,-
recipe-form-f-submit,x-test-f-submit,recipe_form_component_html,epsilon-component,d,Text Content Modification,NA,no-such-role,-
recipe-form-f-submit,x-test-f-submit,recipe_form_component_html,epsilon-component,e,Text Content Removal,NA,no-such-role,-
recipe-form-f-submit,x-test-f-submit,recipe_form_component_html,epsilon-component,i,HTML Tag Removal,NA,no-such-role,-
recipe-form-f-submit,x-test-f-submit,recipe_form_component_html,epsilon-component,j,HTML Tag Type Modification,NA,no-such-role,-
recipe-form-f-submit,x-test-f-submit,recipe_form_component_html,epsilon-component,k,HTML Tag Insertion,NA,no-such-role,-
shopping-list-shopping-title,x-test-shopping-title,shopping_list_component_html,alpha-target,i,HTML Tag Removal,NA,would-drop-x-test,-
shopping-list-shopping-title,x-test-shopping-title,shopping_list_component_html,alpha-target,a,Attribute Value Modification,SAVED,,LLMR_shopping_list_component_html_shopping_list_shopping_title_alf_a
shopping-list-shopping-title,x-test-shopping-title,shopping_list_component_html,alpha-target,b,Attribute Removal,SAVED,,LLMR_shopping_list_component_html_shopping_list_shopping_title_alf_b
shopping-list-shopping-title,x-test-shopping-title,shopping_list_component_html,alpha-target,c,Attribute Identifier Modification,SAVED,,LLMR_shopping_list_component_html_shopping_list_shopping_title_alf_c
shopping-list-shopping-title,x-test-shopping-title,shopping_list_component_html,alpha-target,d,Text Content Modification,SAVED,,LLMR_shopping_list_component_html_shopping_list_shopping_title_alf_d
shopping-list-shopping-title,x-test-shopping-title,shopping_list_component_html,alpha-target,e,Text Content Removal,SAVED,,LLMR_shopping_list_component_html_shopping_list_shopping_title_alf_e
shopping-list-shopping-title,x-test-shopping-title,shopping_list_component_html,alpha-target,j,HTML Tag Type Modification,SAVED,,LLMR_shopping_list_component_html_shopping_list_shopping_title_alf_j
shopping-list-shopping-title,x-test-shopping-title,shopping_list_component_html,alpha-target,k,HTML Tag Insertion,SAVED,,LLMR_shopping_list_component_html_shopping_list_shopping_title_alf_k
shopping-list-shopping-title,x-test-shopping-title,shopping_list_component_html,beta-parent,d,Text Content Modification,NA,no-text-content,-
shopping-list-shopping-title,x-test-shopping-title,shopping_list_component_html,beta-parent,e,Text Content Removal,NA,no-text-content,-
shopping-list-shopping-title,x-test-shopping-title,shopping_list_component_html,beta-parent,a,Attribute Value Modification,SAVED,,LLMR_shopping_list_component_html_shopping_list_shopping_title_bet_a
shopping-list-shopping-title,x-test-shopping-title,shopping_list_component_html,beta-parent,b,Attribute Removal,SAVED,,LLMR_shopping_list_component_html_shopping_list_shopping_title_bet_b
shopping-list-shopping-title,x-test-shopping-title,shopping_list_component_html,beta-parent,c,Attribute Identifier Modification,SAVED,,LLMR_shopping_list_component_html_shopping_list_shopping_title_bet_c
shopping-list-shopping-title,x-test-shopping-title,shopping_list_component_html,beta-parent,i,HTML Tag Removal,SAVED,,LLMR_shopping_list_component_html_shopping_list_shopping_title_bet_i
shopping-list-shopping-title,x-test-shopping-title,shopping_list_component_html,beta-parent,j,HTML Tag Type Modification,SAVED,,LLMR_shopping_list_component_html_shopping_list_shopping_title_bet_j
shopping-list-shopping-title,x-test-shopping-title,shopping_list_component_html,beta-parent,k,HTML Tag Insertion,SAVED,,LLMR_shopping_list_component_html_shopping_list_shopping_title_bet_k
shopping-list-shopping-title,x-test-shopping-title,shopping_list_component_html,gamma-ancestor,d,Text Content Modification,NA,no-text-content,-
shopping-list-shopping-title,x-test-shopping-title,shopping_list_component_html,gamma-ancestor,e,Text Content Removal,NA,no-text-content,-
shopping-list-shopping-title,x-test-shopping-title,shopping_list_component_html,gamma-ancestor,a,Attribute Value Modification,SAVED,,LLMR_shopping_list_component_html_shopping_list_shopping_title_gam_a
shopping-list-shopping-title,x-test-shopping-title,shopping_list_component_html,gamma-ancestor,b,Attribute Removal,SAVED,,LLMR_shopping_list_component_html_shopping_list_shopping_title_gam_b
shopping-list-shopping-title,x-test-shopping-title,shopping_list_component_html,gamma-ancestor,c,Attribute Identifier Modification,SAVED,,LLMR_shopping_list_component_html_shopping_list_shopping_title_gam_c
shopping-list-shopping-title,x-test-shopping-title,shopping_list_component_html,gamma-ancestor,i,HTML Tag Removal,SAVED,,LLMR_shopping_list_component_html_shopping_list_shopping_title_gam_i
shopping-list-shopping-title,x-test-shopping-title,shopping_list_component_html,gamma-ancestor,j,HTML Tag Type Modification,SAVED,,LLMR_shopping_list_component_html_shopping_list_shopping_title_gam_j
shopping-list-shopping-title,x-test-shopping-title,shopping_list_component_html,gamma-ancestor,k,HTML Tag Insertion,SAVED,,LLMR_shopping_list_component_html_shopping_list_shopping_title_gam_k
shopping-list-shopping-title,x-test-shopping-title,shopping_list_component_html,delta-sibling,a,Attribute Value Modification,SAVED,,LLMR_shopping_list_component_html_shopping_list_shopping_title_del_a
shopping-list-shopping-title,x-test-shopping-title,shopping_list_component_html,delta-sibling,b,Attribute Removal,SAVED,,LLMR_shopping_list_component_html_shopping_list_shopping_title_del_b
shopping-list-shopping-title,x-test-shopping-title,shopping_list_component_html,delta-sibling,c,Attribute Identifier Modification,SAVED,,LLMR_shopping_list_component_html_shopping_list_shopping_title_del_c
shopping-list-shopping-title,x-test-shopping-title,shopping_list_component_html,delta-sibling,d,Text Content Modification,SAVED,,LLMR_shopping_list_component_html_shopping_list_shopping_title_del_d
shopping-list-shopping-title,x-test-shopping-title,shopping_list_component_html,delta-sibling,e,Text Content Removal,SAVED,,LLMR_shopping_list_component_html_shopping_list_shopping_title_del_e
shopping-list-shopping-title,x-test-shopping-title,shopping_list_component_html,delta-sibling,i,HTML Tag Removal,SAVED,,LLMR_shopping_list_component_html_shopping_list_shopping_title_del_i
shopping-list-shopping-title,x-test-shopping-title,shopping_list_component_html,delta-sibling,j,HTML Tag Type Modification,SAVED,,LLMR_shopping_list_component_html_shopping_list_shopping_title_del_j
shopping-list-shopping-title,x-test-shopping-title,shopping_list_component_html,delta-sibling,k,HTML Tag Insertion,SAVED,,LLMR_shopping_list_component_html_shopping_list_shopping_title_del_k
shopping-list-shopping-title,x-test-shopping-title,shopping_list_component_html,epsilon-component,a,Attribute Value Modification,NA,no-such-role,-
shopping-list-shopping-title,x-test-shopping-title,shopping_list_component_html,epsilon-component,b,Attribute Removal,NA,no-such-role,-
shopping-list-shopping-title,x-test-shopping-title,shopping_list_component_html,epsilon-component,c,Attribute Identifier Modification,NA,no-such-role,-
shopping-list-shopping-title,x-test-shopping-title,shopping_list_component_html,epsilon-component,d,Text Content Modification,NA,no-such-role,-
shopping-list-shopping-title,x-test-shopping-title,shopping_list_component_html,epsilon-component,e,Text Content Removal,NA,no-such-role,-
shopping-list-shopping-title,x-test-shopping-title,shopping_list_component_html,epsilon-component,i,HTML Tag Removal,NA,no-such-role,-
shopping-list-shopping-title,x-test-shopping-title,shopping_list_component_html,epsilon-component,j,HTML Tag Type Modification,NA,no-such-role,-
shopping-list-shopping-title,x-test-shopping-title,shopping_list_component_html,epsilon-component,k,HTML Tag Insertion,NA,no-such-role,-
shopping-list-open-count,x-test-open-count,shopping_list_component_html,alpha-target,i,HTML Tag Removal,NA,would-drop-x-test,-
shopping-list-open-count,x-test-open-count,shopping_list_component_html,alpha-target,a,Attribute Value Modification,SAVED,,LLMR_shopping_list_component_html_shopping_list_open_count_alf_a
shopping-list-open-count,x-test-open-count,shopping_list_component_html,alpha-target,b,Attribute Removal,SAVED,,LLMR_shopping_list_component_html_shopping_list_open_count_alf_b
shopping-list-open-count,x-test-open-count,shopping_list_component_html,alpha-target,c,Attribute Identifier Modification,SAVED,,LLMR_shopping_list_component_html_shopping_list_open_count_alf_c
shopping-list-open-count,x-test-open-count,shopping_list_component_html,alpha-target,d,Text Content Modification,SAVED,,LLMR_shopping_list_component_html_shopping_list_open_count_alf_d
shopping-list-open-count,x-test-open-count,shopping_list_component_html,alpha-target,e,Text Content Removal,SAVED,,LLMR_shopping_list_component_html_shopping_list_open_count_alf_e
shopping-list-open-count,x-test-open-count,shopping_list_component_html,alpha-target,j,HTML Tag Type Modification,SAVED,,LLMR_shopping_list_component_html_shopping_list_open_count_alf_j
shopping-list-open-count,x-test-open-count,shopping_list_component_html,alpha-target,k,HTML Tag Insertion,SAVED,,LLMR_shopping_list_component_html_shopping_list_open_count_alf_k
shopping-list-open-count,x-test-open-count,shopping_list_component_html,beta-parent,d,Text Content Modification,NA,no-text-content,-
shopping-list-open-count,x-test-open-count,shopping_list_component_html,beta-parent,e,Text Content Removal,NA,no-text-content,-
shopping-list-open-count,x-test-open-count,shopping_list_component_html,beta-parent,a,Attribute Value Modification,SAVED,,LLMR_shopping_list_component_html_shopping_list_open_count_bet_a
shopping-list-open-count,x-test-open-count,shopping_list_component_html,beta-parent,b,Attribute Removal,SAVED,,LLMR_shopping_list_component_html_shopping_list_open_count_bet_b
shopping-list-open-count,x-test-open-count,shopping_list_component_html,beta-parent,c,Attribute Identifier Modification,SAVED,,LLMR_shopping_list_component_html_shopping_list_open_count_bet_c
shopping-list-open-count,x-test-open-count,shopping_list_component_html,beta-parent,i,HTML Tag Removal,SAVED,,LLMR_shopping_list_component_html_shopping_list_open_count_bet_i
shopping-list-open-count,x-test-open-count,shopping_list_component_html,beta-parent,j,HTML Tag Type Modification,SAVED,,LLMR_shopping_list_component_html_shopping_list_open_count_bet_j
shopping-list-open-count,x-test-open-count,shopping_list_component_html,beta-parent,k,HTML Tag Insertion,SAVED,,LLMR_shopping_list_component_html_shopping_list_open_count_bet_k
shopping-list-open-count,x-test-open-count,shopping_list_component_html,gamma-ancestor,d,Text Content Modification,NA,no-text-content,-
shopping-list-open-count,x-test-open-count,shopping_list_component_html,gamma-ancestor,e,Text Content Removal,NA,no-text-content,-
shopping-list-open-count,x-test-open-count,shopping_list_component_html,gamma-ancestor,a,Attribute Value Modification,SAVED,,LLMR_shopping_list_component_html_shopping_list_open_count_gam_a
shopping-list-open-count,x-test-open-count,shopping_list_component_html,gamma-ancestor,b,Attribute Removal,SAVED,,LLMR_shopping_list_component_html_shopping_list_open_count_gam_b
shopping-list-open-count,x-test-open-count,shopping_list_component_html,gamma-ancestor,c,Attribute Identifier Modification,SAVED,,LLMR_shopping_list_component_html_shopping_list_open_count_gam_c
shopping-list-open-count,x-test-open-count,shopping_list_component_html,gamma-ancestor,i,HTML Tag Removal,SAVED,,LLMR_shopping_list_component_html_shopping_list_open_count_gam_i
shopping-list-open-count,x-test-open-count,shopping_list_component_html,gamma-ancestor,j,HTML Tag Type Modification,SAVED,,LLMR_shopping_list_component_html_shopping_list_open_count_gam_j
shopping-list-open-count,x-test-open-count,shopping_list_component_html,gamma-ancestor,k,HTML Tag Insertion,SAVED,,LLMR_shopping_list_component_html_shopping_list_open_count_gam_k
shopping-list-open-count,x-test-open-count,shopping_list_component_html,delta-sibling,a,Attribute Value Modification,SAVED,,LLMR_shopping_list_component_html_shopping_list_open_count_del_a
shopping-list-open-count,x-test-open-count,shopping_list_component_html,delta-sibling,b,Attribute Removal,SAVED,,LLMR_shopping_list_component_html_shopping_list_open_count_del_b
shopping-list-open-count,x-test-open-count,shopping_list_component_html,delta-sibling,c,Attribute Identifier Modification,SAVED,,LLMR_shopping_list_component_html_shopping_list_open_count_del_c
shopping-list-open-count,x-test-open-count,shopping_list_component_html,delta-sibling,d,Text Content Modification,SAVED,,LLMR_shopping_list_component_html_shopping_list_open_count_del_d
shopping-list-open-count,x-test-open-count,shopping_list_component_html,delta-sibling,e,Text Content Removal,SAVED,,LLMR_shopping_list_component_html_shopping_list_open_count_del_e
shopping-list-open-count,x-test-open-count,shopping_list_component_html,delta-sibling,i,HTML Tag Removal,SAVED,,LLMR_shopping_list_component_html_shopping_list_open_count_del_i
shopping-list-open-count,x-test-open-count,shopping_list_component_html,delta-sibling,j,HTML Tag Type Modification,SAVED,,LLMR_shopping_list_component_html_shopping_list_open_count_del_j
shopping-list-open-count,x-test-open-count,shopping_list_component_html,delta-sibling,k,HTML Tag Insertion,SAVED,,LLMR_shopping_list_component_html_shopping_list_open_count_del_k
shopping-list-open-count,x-test-open-count,shopping_list_component_html,epsilon-component,a,Attribute Value Modification,NA,no-such-role,-
shopping-list-open-count,x-test-open-count,shopping_list_component_html,epsilon-component,b,Attribute Removal,NA,no-such-role,-
shopping-list-open-count,x-test-open-count,shopping_list_component_html,epsilon-component,c,Attribute Identifier Modification,NA,no-such-role,-
shopping-list-open-count,x-test-open-count,shopping_list_component_html,epsilon-component,d,Text Content Modification,NA,no-such-role,-
shopping-list-open-count,x-test-open-count,shopping_list_component_html,epsilon-component,e,Text Content Removal,NA,no-such-role,-
shopping-list-open-count,x-test-open-count,shopping_list_component_html,epsilon-component,i,HTML Tag Removal,NA,no-such-role,-
shopping-list-open-count,x-test-open-count,shopping_list_component_html,epsilon-component,j,HTML Tag Type Modification,NA,no-such-role,-
shopping-list-open-count,x-test-open-count,shopping_list_component_html,epsilon-component,k,HTML Tag Insertion,NA,no-such-role,-
shopping-list-done-count,x-test-done-count,shopping_list_component_html,alpha-target,i,HTML Tag Removal,NA,would-drop-x-test,-
shopping-list-done-count,x-test-done-count,shopping_list_component_html,alpha-target,a,Attribute Value Modification,SAVED,,LLMR_shopping_list_component_html_shopping_list_done_count_alf_a
shopping-list-done-count,x-test-done-count,shopping_list_component_html,alpha-target,b,Attribute Removal,SAVED,,LLMR_shopping_list_component_html_shopping_list_done_count_alf_b
shopping-list-done-count,x-test-done-count,shopping_list_component_html,alpha-target,c,Attribute Identifier Modification,SAVED,,LLMR_shopping_list_component_html_shopping_list_done_count_alf_c
shopping-list-done-count,x-test-done-count,shopping_list_component_html,alpha-target,d,Text Content Modification,SAVED,,LLMR_shopping_list_component_html_shopping_list_done_count_alf_d
shopping-list-done-count,x-test-done-count,shopping_list_component_html,alpha-target,e,Text Content Removal,SAVED,,LLMR_shopping_list_component_html_shopping_list_done_count_alf_e
shopping-list-done-count,x-test-done-count,shopping_list_component_html,alpha-target,j,HTML Tag Type Modification,SAVED,,LLMR_shopping_list_component_html_shopping_list_done_count_alf_j
shopping-list-done-count,x-test-done-count,shopping_list_component_html,alpha-target,k,HTML Tag Insertion,SAVED,,LLMR_shopping_list_component_html_shopping_list_done_count_alf_k
shopping-list-done-count,x-test-done-count,shopping_list_component_html,beta-parent,d,Text Content Modification,NA,no-text-content,-
shopping-list-done-count,x-test-done-count,shopping_list_component_html,beta-parent,e,Text Content Removal,NA,no-text-content,-
shopping-list-done-count,x-test-done-count,shopping_list_component_html,beta-parent,a,Attribute Value Modification,SAVED,,LLMR_shopping_list_component_html_shopping_list_done_count_bet_a
shopping-list-done-count,x-test-done-count,shopping_list_component_html,beta-parent,b,Attribute Removal,SAVED,,LLMR_shopping_list_component_html_shopping_list_done_count_bet_b
shopping-list-done-count,x-test-done-count,shopping_list_component_html,beta-parent,c,Attribute Identifier Modification,SAVED,,LLMR_shopping_list_component_html_shopping_list_done_count_bet_c
shopping-list-done-count,x-test-done-count,shopping_list_component_html,beta-parent,i,HTML Tag Removal,SAVED,,LLMR_shopping_list_component_html_shopping_list_done_count_bet_i
shopping-list-done-count,x-test-done-count,shopping_list_component_html,beta-parent,j,HTML Tag Type Modification,SAVED,,LLMR_shopping_list_component_html_shopping_list_done_count_bet_j
shopping-list-done-count,x-test-done-count,shopping_list_component_html,beta-parent,k,HTML Tag Insertion,SAVED,,LLMR_shopping_list_component_html_shopping_list_done_count_bet_k
shopping-list-done-count,x-test-done-count,shopping_list_component_html,gamma-ancestor,d,Text Content Modification,NA,no-text-content,-
shopping-list-done-count,x-test-done-count,shopping_list_component_html,gamma-ancestor,e,Text Content Removal,NA,no-text-content,-
shopping-list-done-count,x-test-done-count,shopping_list_component_html,gamma-ancestor,a,Attribute Value Modification,SAVED,,LLMR_shopping_list_component_html_shopping_list_done_count_gam_a
shopping-list-done-count,x-test-done-count,shopping_list_component_html,gamma-ancestor,b,Attribute Removal,REJECTED,duplicate,-
shopping-list-done-count,x-test-done-count,shopping_list_component_html,gamma-ancestor,c,Attribute Identifier Modification,SAVED,,LLMR_shopping_list_component_html_shopping_list_done_count_gam_c
shopping-list-done-count,x-test-done-count,shopping_list_component_html,gamma-ancestor,i,HTML Tag Removal,REJECTED,duplicate,-
shopping-list-done-count,x-test-done-count,shopping_list_component_html,gamma-ancestor,j,HTML Tag Type Modification,REJECTED,duplicate,-
shopping-list-done-count,x-test-done-count,shopping_list_component_html,gamma-ancestor,k,HTML Tag Insertion,REJECTED,duplicate,-
shopping-list-done-count,x-test-done-count,shopping_list_component_html,delta-sibling,a,Attribute Value Modification,SAVED,,LLMR_shopping_list_component_html_shopping_list_done_count_del_a
shopping-list-done-count,x-test-done-count,shopping_list_component_html,delta-sibling,b,Attribute Removal,SAVED,,LLMR_shopping_list_component_html_shopping_list_done_count_del_b
shopping-list-done-count,x-test-done-count,shopping_list_component_html,delta-sibling,c,Attribute Identifier Modification,SAVED,,LLMR_shopping_list_component_html_shopping_list_done_count_del_c
shopping-list-done-count,x-test-done-count,shopping_list_component_html,delta-sibling,d,Text Content Modification,SAVED,,LLMR_shopping_list_component_html_shopping_list_done_count_del_d
shopping-list-done-count,x-test-done-count,shopping_list_component_html,delta-sibling,e,Text Content Removal,SAVED,,LLMR_shopping_list_component_html_shopping_list_done_count_del_e
shopping-list-done-count,x-test-done-count,shopping_list_component_html,delta-sibling,i,HTML Tag Removal,SAVED,,LLMR_shopping_list_component_html_shopping_list_done_count_del_i
shopping-list-done-count,x-test-done-count,shopping_list_component_html,delta-sibling,j,HTML Tag Type Modification,SAVED,,LLMR_shopping_list_component_html_shopping_list_done_count_del_j
shopping-list-done-count,x-test-done-count,shopping_list_component_html,delta-sibling,k,HTML Tag Insertion,SAVED,,LLMR_shopping_list_component_html_shopping_list_done_count_del_k
shopping-list-done-count,x-test-done-count,shopping_list_component_html,epsilon-component,a,Attribute Value Modification,NA,no-such-role,-
shopping-list-done-count,x-test-done-count,shopping_list_component_html,epsilon-component,b,Attribute Removal,NA,no-such-role,-
shopping-list-done-count,x-test-done-count,shopping_list_component_html,epsilon-component,c,Attribute Identifier Modification,NA,no-such-role,-
shopping-list-done-count,x-test-done-count,shopping_list_component_html,epsilon-component,d,Text Content Modification,NA,no-such-role,-
shopping-list-done-count,x-test-done-count,shopping_list_component_html,epsilon-component,e,Text Content Removal,NA,no-such-role,-
shopping-list-done-count,x-test-done-count,shopping_list_component_html,epsilon-component,i,HTML Tag Removal,NA,no-such-role,-
shopping-list-done-count,x-test-done-count,shopping_list_component_html,epsilon-component,j,HTML Tag Type Modification,NA,no-such-role,-
shopping-list-done-count,x-test-done-count,shopping_list_component_html,epsilon-component,k,HTML Tag Insertion,NA,no-such-role,-
shopping-list-shopping-empty,x-test-shopping-empty,shopping_list_component_html,alpha-target,i,HTML Tag Removal,NA,would-drop-x-test,-
shopping-list-shopping-empty,x-test-shopping-empty,shopping_list_component_html,alpha-target,a,Attribute Value Modification,SAVED,,LLMR_shopping_list_component_html_shopping_list_shopping_empty_alf_a
shopping-list-shopping-empty,x-test-shopping-empty,shopping_list_component_html,alpha-target,b,Attribute Removal,SAVED,,LLMR_shopping_list_component_html_shopping_list_shopping_empty_alf_b
shopping-list-shopping-empty,x-test-shopping-empty,shopping_list_component_html,alpha-target,c,Attribute Identifier Modification,SAVED,,LLMR_shopping_list_component_html_shopping_list_shopping_empty_alf_c
shopping-list-shopping-empty,x-test-shopping-empty,shopping_list_component_html,alpha-target,d,Text Content Modification,SAVED,,LLMR_shopping_list_component_html_shopping_list_shopping_empty_alf_d
shopping-list-shopping-empty,x-test-shopping-empty,shopping_list_component_html,alpha-target,e,Text Content Removal,SAVED,,LLMR_shopping_list_component_html_shopping_list_shopping_empty_alf_e
shopping-list-shopping-empty,x-test-shopping-empty,shopping_list_component_html,alpha-target,j,HTML Tag Type Modification,SAVED,,LLMR_shopping_list_component_html_shopping_list_shopping_empty_alf_j
shopping-list-shopping-empty,x-test-shopping-empty,shopping_list_component_html,alpha-target,k,HTML Tag Insertion,SAVED,,LLMR_shopping_list_component_html_shopping_list_shopping_empty_alf_k
shopping-list-shopping-empty,x-test-shopping-empty,shopping_list_component_html,beta-parent,d,Text Content Modification,NA,no-text-content,-
shopping-list-shopping-empty,x-test-shopping-empty,shopping_list_component_html,beta-parent,e,Text Content Removal,NA,no-text-content,-
shopping-list-shopping-empty,x-test-shopping-empty,shopping_list_component_html,beta-parent,a,Attribute Value Modification,SAVED,,LLMR_shopping_list_component_html_shopping_list_shopping_empty_bet_a
shopping-list-shopping-empty,x-test-shopping-empty,shopping_list_component_html,beta-parent,b,Attribute Removal,SAVED,,LLMR_shopping_list_component_html_shopping_list_shopping_empty_bet_b
shopping-list-shopping-empty,x-test-shopping-empty,shopping_list_component_html,beta-parent,c,Attribute Identifier Modification,SAVED,,LLMR_shopping_list_component_html_shopping_list_shopping_empty_bet_c
shopping-list-shopping-empty,x-test-shopping-empty,shopping_list_component_html,beta-parent,i,HTML Tag Removal,SAVED,,LLMR_shopping_list_component_html_shopping_list_shopping_empty_bet_i
shopping-list-shopping-empty,x-test-shopping-empty,shopping_list_component_html,beta-parent,j,HTML Tag Type Modification,SAVED,,LLMR_shopping_list_component_html_shopping_list_shopping_empty_bet_j
shopping-list-shopping-empty,x-test-shopping-empty,shopping_list_component_html,beta-parent,k,HTML Tag Insertion,SAVED,,LLMR_shopping_list_component_html_shopping_list_shopping_empty_bet_k
shopping-list-shopping-empty,x-test-shopping-empty,shopping_list_component_html,gamma-ancestor,a,Attribute Value Modification,SAVED,,LLMR_shopping_list_component_html_shopping_list_shopping_empty_gam_a
shopping-list-shopping-empty,x-test-shopping-empty,shopping_list_component_html,gamma-ancestor,b,Attribute Removal,SAVED,,LLMR_shopping_list_component_html_shopping_list_shopping_empty_gam_b
shopping-list-shopping-empty,x-test-shopping-empty,shopping_list_component_html,gamma-ancestor,c,Attribute Identifier Modification,SAVED,,LLMR_shopping_list_component_html_shopping_list_shopping_empty_gam_c
shopping-list-shopping-empty,x-test-shopping-empty,shopping_list_component_html,gamma-ancestor,d,Text Content Modification,SAVED,,LLMR_shopping_list_component_html_shopping_list_shopping_empty_gam_d
shopping-list-shopping-empty,x-test-shopping-empty,shopping_list_component_html,gamma-ancestor,e,Text Content Removal,SAVED,,LLMR_shopping_list_component_html_shopping_list_shopping_empty_gam_e
shopping-list-shopping-empty,x-test-shopping-empty,shopping_list_component_html,gamma-ancestor,i,HTML Tag Removal,SAVED,,LLMR_shopping_list_component_html_shopping_list_shopping_empty_gam_i
shopping-list-shopping-empty,x-test-shopping-empty,shopping_list_component_html,gamma-ancestor,j,HTML Tag Type Modification,SAVED,,LLMR_shopping_list_component_html_shopping_list_shopping_empty_gam_j
shopping-list-shopping-empty,x-test-shopping-empty,shopping_list_component_html,gamma-ancestor,k,HTML Tag Insertion,SAVED,,LLMR_shopping_list_component_html_shopping_list_shopping_empty_gam_k
shopping-list-shopping-empty,x-test-shopping-empty,shopping_list_component_html,delta-sibling,a,Attribute Value Modification,SAVED,,LLMR_shopping_list_component_html_shopping_list_shopping_empty_del_a
shopping-list-shopping-empty,x-test-shopping-empty,shopping_list_component_html,delta-sibling,b,Attribute Removal,SAVED,,LLMR_shopping_list_component_html_shopping_list_shopping_empty_del_b
shopping-list-shopping-empty,x-test-shopping-empty,shopping_list_component_html,delta-sibling,c,Attribute Identifier Modification,SAVED,,LLMR_shopping_list_component_html_shopping_list_shopping_empty_del_c
shopping-list-shopping-empty,x-test-shopping-empty,shopping_list_component_html,delta-sibling,d,Text Content Modification,REJECTED,duplicate,-
shopping-list-shopping-empty,x-test-shopping-empty,shopping_list_component_html,delta-sibling,e,Text Content Removal,SAVED,,LLMR_shopping_list_component_html_shopping_list_shopping_empty_del_e
shopping-list-shopping-empty,x-test-shopping-empty,shopping_list_component_html,delta-sibling,i,HTML Tag Removal,SAVED,,LLMR_shopping_list_component_html_shopping_list_shopping_empty_del_i
shopping-list-shopping-empty,x-test-shopping-empty,shopping_list_component_html,delta-sibling,j,HTML Tag Type Modification,SAVED,,LLMR_shopping_list_component_html_shopping_list_shopping_empty_del_j
shopping-list-shopping-empty,x-test-shopping-empty,shopping_list_component_html,delta-sibling,k,HTML Tag Insertion,SAVED,,LLMR_shopping_list_component_html_shopping_list_shopping_empty_del_k
shopping-list-shopping-empty,x-test-shopping-empty,shopping_list_component_html,epsilon-component,a,Attribute Value Modification,NA,no-such-role,-
shopping-list-shopping-empty,x-test-shopping-empty,shopping_list_component_html,epsilon-component,b,Attribute Removal,NA,no-such-role,-
shopping-list-shopping-empty,x-test-shopping-empty,shopping_list_component_html,epsilon-component,c,Attribute Identifier Modification,NA,no-such-role,-
shopping-list-shopping-empty,x-test-shopping-empty,shopping_list_component_html,epsilon-component,d,Text Content Modification,NA,no-such-role,-
shopping-list-shopping-empty,x-test-shopping-empty,shopping_list_component_html,epsilon-component,e,Text Content Removal,NA,no-such-role,-
shopping-list-shopping-empty,x-test-shopping-empty,shopping_list_component_html,epsilon-component,i,HTML Tag Removal,NA,no-such-role,-
shopping-list-shopping-empty,x-test-shopping-empty,shopping_list_component_html,epsilon-component,j,HTML Tag Type Modification,NA,no-such-role,-
shopping-list-shopping-empty,x-test-shopping-empty,shopping_list_component_html,epsilon-component,k,HTML Tag Insertion,NA,no-such-role,-
shopping-list-shop-check,[attr.x-test-shop-check],shopping_list_component_html,alpha-target,d,Text Content Modification,NA,no-text-content,-
shopping-list-shop-check,[attr.x-test-shop-check],shopping_list_component_html,alpha-target,e,Text Content Removal,NA,no-text-content,-
shopping-list-shop-check,[attr.x-test-shop-check],shopping_list_component_html,alpha-target,a,Attribute Value Modification,SAVED,,LLMR_shopping_list_component_html_shopping_list_shop_check_alf_a
shopping-list-shop-check,[attr.x-test-shop-check],shopping_list_component_html,alpha-target,b,Attribute Removal,SAVED,,LLMR_shopping_list_component_html_shopping_list_shop_check_alf_b
shopping-list-shop-check,[attr.x-test-shop-check],shopping_list_component_html,alpha-target,c,Attribute Identifier Modification,SAVED,,LLMR_shopping_list_component_html_shopping_list_shop_check_alf_c
shopping-list-shop-check,[attr.x-test-shop-check],shopping_list_component_html,alpha-target,i,HTML Tag Removal,REJECTED,missing-in-ingest,-
shopping-list-shop-check,[attr.x-test-shop-check],shopping_list_component_html,alpha-target,j,HTML Tag Type Modification,SAVED,,LLMR_shopping_list_component_html_shopping_list_shop_check_alf_j
shopping-list-shop-check,[attr.x-test-shop-check],shopping_list_component_html,alpha-target,k,HTML Tag Insertion,SAVED,,LLMR_shopping_list_component_html_shopping_list_shop_check_alf_k
shopping-list-shop-check,[attr.x-test-shop-check],shopping_list_component_html,beta-parent,d,Text Content Modification,NA,no-text-content,-
shopping-list-shop-check,[attr.x-test-shop-check],shopping_list_component_html,beta-parent,e,Text Content Removal,NA,no-text-content,-
shopping-list-shop-check,[attr.x-test-shop-check],shopping_list_component_html,beta-parent,a,Attribute Value Modification,SAVED,,LLMR_shopping_list_component_html_shopping_list_shop_check_bet_a
shopping-list-shop-check,[attr.x-test-shop-check],shopping_list_component_html,beta-parent,b,Attribute Removal,SAVED,,LLMR_shopping_list_component_html_shopping_list_shop_check_bet_b
shopping-list-shop-check,[attr.x-test-shop-check],shopping_list_component_html,beta-parent,c,Attribute Identifier Modification,SAVED,,LLMR_shopping_list_component_html_shopping_list_shop_check_bet_c
shopping-list-shop-check,[attr.x-test-shop-check],shopping_list_component_html,beta-parent,i,HTML Tag Removal,SAVED,,LLMR_shopping_list_component_html_shopping_list_shop_check_bet_i
shopping-list-shop-check,[attr.x-test-shop-check],shopping_list_component_html,beta-parent,j,HTML Tag Type Modification,SAVED,,LLMR_shopping_list_component_html_shopping_list_shop_check_bet_j
shopping-list-shop-check,[attr.x-test-shop-check],shopping_list_component_html,beta-parent,k,HTML Tag Insertion,SAVED,,LLMR_shopping_list_component_html_shopping_list_shop_check_bet_k
shopping-list-shop-check,[attr.x-test-shop-check],shopping_list_component_html,gamma-ancestor,d,Text Content Modification,NA,no-text-content,-
shopping-list-shop-check,[attr.x-test-shop-check],shopping_list_component_html,gamma-ancestor,e,Text Content Removal,NA,no-text-content,-
shopping-list-shop-check,[attr.x-test-shop-check],shopping_list_component_html,gamma-ancestor,a,Attribute Value Modification,SAVED,,LLMR_shopping_list_component_html_shopping_list_shop_check_gam_a
shopping-list-shop-check,[attr.x-test-shop-check],shopping_list_component_html,gamma-ancestor,b,Attribute Removal,SAVED,,LLMR_shopping_list_component_html_shopping_list_shop_check_gam_b
shopping-list-shop-check,[attr.x-test-shop-check],shopping_list_component_html,gamma-ancestor,c,Attribute Identifier Modification,SAVED,,LLMR_shopping_list_component_html_shopping_list_shop_check_gam_c
shopping-list-shop-check,[attr.x-test-shop-check],shopping_list_component_html,gamma-ancestor,i,HTML Tag Removal,SAVED,,LLMR_shopping_list_component_html_shopping_list_shop_check_gam_i
shopping-list-shop-check,[attr.x-test-shop-check],shopping_list_component_html,gamma-ancestor,j,HTML Tag Type Modification,SAVED,,LLMR_shopping_list_component_html_shopping_list_shop_check_gam_j
shopping-list-shop-check,[attr.x-test-shop-check],shopping_list_component_html,gamma-ancestor,k,HTML Tag Insertion,SAVED,,LLMR_shopping_list_component_html_shopping_list_shop_check_gam_k
shopping-list-shop-check,[attr.x-test-shop-check],shopping_list_component_html,delta-sibling,a,Attribute Value Modification,SAVED,,LLMR_shopping_list_component_html_shopping_list_shop_check_del_a
shopping-list-shop-check,[attr.x-test-shop-check],shopping_list_component_html,delta-sibling,b,Attribute Removal,SAVED,,LLMR_shopping_list_component_html_shopping_list_shop_check_del_b
shopping-list-shop-check,[attr.x-test-shop-check],shopping_list_component_html,delta-sibling,c,Attribute Identifier Modification,SAVED,,LLMR_shopping_list_component_html_shopping_list_shop_check_del_c
shopping-list-shop-check,[attr.x-test-shop-check],shopping_list_component_html,delta-sibling,d,Text Content Modification,SAVED,,LLMR_shopping_list_component_html_shopping_list_shop_check_del_d
shopping-list-shop-check,[attr.x-test-shop-check],shopping_list_component_html,delta-sibling,e,Text Content Removal,SAVED,,LLMR_shopping_list_component_html_shopping_list_shop_check_del_e
shopping-list-shop-check,[attr.x-test-shop-check],shopping_list_component_html,delta-sibling,i,HTML Tag Removal,SAVED,,LLMR_shopping_list_component_html_shopping_list_shop_check_del_i
shopping-list-shop-check,[attr.x-test-shop-check],shopping_list_component_html,delta-sibling,j,HTML Tag Type Modification,SAVED,,LLMR_shopping_list_component_html_shopping_list_shop_check_del_j
shopping-list-shop-check,[attr.x-test-shop-check],shopping_list_component_html,delta-sibling,k,HTML Tag Insertion,SAVED,,LLMR_shopping_list_component_html_shopping_list_shop_check_del_k
shopping-list-shop-check,[attr.x-test-shop-check],shopping_list_component_html,epsilon-component,a,Attribute Value Modification,NA,no-such-role,-
shopping-list-shop-check,[attr.x-test-shop-check],shopping_list_component_html,epsilon-component,b,Attribute Removal,NA,no-such-role,-
shopping-list-shop-check,[attr.x-test-shop-check],shopping_list_component_html,epsilon-component,c,Attribute Identifier Modification,NA,no-such-role,-
shopping-list-shop-check,[attr.x-test-shop-check],shopping_list_component_html,epsilon-component,d,Text Content Modification,NA,no-such-role,-
shopping-list-shop-check,[attr.x-test-shop-check],shopping_list_component_html,epsilon-component,e,Text Content Removal,NA,no-such-role,-
shopping-list-shop-check,[attr.x-test-shop-check],shopping_list_component_html,epsilon-component,i,HTML Tag Removal,NA,no-such-role,-
shopping-list-shop-check,[attr.x-test-shop-check],shopping_list_component_html,epsilon-component,j,HTML Tag Type Modification,NA,no-such-role,-
shopping-list-shop-check,[attr.x-test-shop-check],shopping_list_component_html,epsilon-component,k,HTML Tag Insertion,NA,no-such-role,-
shopping-list-clear-done,x-test-clear-done,shopping_list_component_html,alpha-target,i,HTML Tag Removal,NA,would-drop-x-test,-
shopping-list-clear-done,x-test-clear-done,shopping_list_component_html,alpha-target,a,Attribute Value Modification,SAVED,,LLMR_shopping_list_component_html_shopping_list_clear_done_alf_a
shopping-list-clear-done,x-test-clear-done,shopping_list_component_html,alpha-target,b,Attribute Removal,SAVED,,LLMR_shopping_list_component_html_shopping_list_clear_done_alf_b
shopping-list-clear-done,x-test-clear-done,shopping_list_component_html,alpha-target,c,Attribute Identifier Modification,SAVED,,LLMR_shopping_list_component_html_shopping_list_clear_done_alf_c
shopping-list-clear-done,x-test-clear-done,shopping_list_component_html,alpha-target,d,Text Content Modification,SAVED,,LLMR_shopping_list_component_html_shopping_list_clear_done_alf_d
shopping-list-clear-done,x-test-clear-done,shopping_list_component_html,alpha-target,e,Text Content Removal,SAVED,,LLMR_shopping_list_component_html_shopping_list_clear_done_alf_e
shopping-list-clear-done,x-test-clear-done,shopping_list_component_html,alpha-target,j,HTML Tag Type Modification,SAVED,,LLMR_shopping_list_component_html_shopping_list_clear_done_alf_j
shopping-list-clear-done,x-test-clear-done,shopping_list_component_html,alpha-target,k,HTML Tag Insertion,SAVED,,LLMR_shopping_list_component_html_shopping_list_clear_done_alf_k
shopping-list-clear-done,x-test-clear-done,shopping_list_component_html,beta-parent,d,Text Content Modification,NA,no-text-content,-
shopping-list-clear-done,x-test-clear-done,shopping_list_component_html,beta-parent,e,Text Content Removal,NA,no-text-content,-
shopping-list-clear-done,x-test-clear-done,shopping_list_component_html,beta-parent,a,Attribute Value Modification,SAVED,,LLMR_shopping_list_component_html_shopping_list_clear_done_bet_a
shopping-list-clear-done,x-test-clear-done,shopping_list_component_html,beta-parent,b,Attribute Removal,SAVED,,LLMR_shopping_list_component_html_shopping_list_clear_done_bet_b
shopping-list-clear-done,x-test-clear-done,shopping_list_component_html,beta-parent,c,Attribute Identifier Modification,SAVED,,LLMR_shopping_list_component_html_shopping_list_clear_done_bet_c
shopping-list-clear-done,x-test-clear-done,shopping_list_component_html,beta-parent,i,HTML Tag Removal,SAVED,,LLMR_shopping_list_component_html_shopping_list_clear_done_bet_i
shopping-list-clear-done,x-test-clear-done,shopping_list_component_html,beta-parent,j,HTML Tag Type Modification,SAVED,,LLMR_shopping_list_component_html_shopping_list_clear_done_bet_j
shopping-list-clear-done,x-test-clear-done,shopping_list_component_html,beta-parent,k,HTML Tag Insertion,SAVED,,LLMR_shopping_list_component_html_shopping_list_clear_done_bet_k
shopping-list-clear-done,x-test-clear-done,shopping_list_component_html,gamma-ancestor,d,Text Content Modification,NA,no-text-content,-
shopping-list-clear-done,x-test-clear-done,shopping_list_component_html,gamma-ancestor,e,Text Content Removal,NA,no-text-content,-
shopping-list-clear-done,x-test-clear-done,shopping_list_component_html,gamma-ancestor,a,Attribute Value Modification,SAVED,,LLMR_shopping_list_component_html_shopping_list_clear_done_gam_a
shopping-list-clear-done,x-test-clear-done,shopping_list_component_html,gamma-ancestor,b,Attribute Removal,SAVED,,LLMR_shopping_list_component_html_shopping_list_clear_done_gam_b
shopping-list-clear-done,x-test-clear-done,shopping_list_component_html,gamma-ancestor,c,Attribute Identifier Modification,SAVED,,LLMR_shopping_list_component_html_shopping_list_clear_done_gam_c
shopping-list-clear-done,x-test-clear-done,shopping_list_component_html,gamma-ancestor,i,HTML Tag Removal,SAVED,,LLMR_shopping_list_component_html_shopping_list_clear_done_gam_i
shopping-list-clear-done,x-test-clear-done,shopping_list_component_html,gamma-ancestor,j,HTML Tag Type Modification,SAVED,,LLMR_shopping_list_component_html_shopping_list_clear_done_gam_j
shopping-list-clear-done,x-test-clear-done,shopping_list_component_html,gamma-ancestor,k,HTML Tag Insertion,SAVED,,LLMR_shopping_list_component_html_shopping_list_clear_done_gam_k
shopping-list-clear-done,x-test-clear-done,shopping_list_component_html,delta-sibling,a,Attribute Value Modification,SAVED,,LLMR_shopping_list_component_html_shopping_list_clear_done_del_a
shopping-list-clear-done,x-test-clear-done,shopping_list_component_html,delta-sibling,b,Attribute Removal,SAVED,,LLMR_shopping_list_component_html_shopping_list_clear_done_del_b
shopping-list-clear-done,x-test-clear-done,shopping_list_component_html,delta-sibling,c,Attribute Identifier Modification,SAVED,,LLMR_shopping_list_component_html_shopping_list_clear_done_del_c
shopping-list-clear-done,x-test-clear-done,shopping_list_component_html,delta-sibling,d,Text Content Modification,SAVED,,LLMR_shopping_list_component_html_shopping_list_clear_done_del_d
shopping-list-clear-done,x-test-clear-done,shopping_list_component_html,delta-sibling,e,Text Content Removal,SAVED,,LLMR_shopping_list_component_html_shopping_list_clear_done_del_e
shopping-list-clear-done,x-test-clear-done,shopping_list_component_html,delta-sibling,i,HTML Tag Removal,SAVED,,LLMR_shopping_list_component_html_shopping_list_clear_done_del_i
shopping-list-clear-done,x-test-clear-done,shopping_list_component_html,delta-sibling,j,HTML Tag Type Modification,SAVED,,LLMR_shopping_list_component_html_shopping_list_clear_done_del_j
shopping-list-clear-done,x-test-clear-done,shopping_list_component_html,delta-sibling,k,HTML Tag Insertion,SAVED,,LLMR_shopping_list_component_html_shopping_list_clear_done_del_k
shopping-list-clear-done,x-test-clear-done,shopping_list_component_html,epsilon-component,a,Attribute Value Modification,NA,no-such-role,-
shopping-list-clear-done,x-test-clear-done,shopping_list_component_html,epsilon-component,b,Attribute Removal,NA,no-such-role,-
shopping-list-clear-done,x-test-clear-done,shopping_list_component_html,epsilon-component,c,Attribute Identifier Modification,NA,no-such-role,-
shopping-list-clear-done,x-test-clear-done,shopping_list_component_html,epsilon-component,d,Text Content Modification,NA,no-such-role,-
shopping-list-clear-done,x-test-clear-done,shopping_list_component_html,epsilon-component,e,Text Content Removal,NA,no-such-role,-
shopping-list-clear-done,x-test-clear-done,shopping_list_component_html,epsilon-component,i,HTML Tag Removal,NA,no-such-role,-
shopping-list-clear-done,x-test-clear-done,shopping_list_component_html,epsilon-component,j,HTML Tag Type Modification,NA,no-such-role,-
shopping-list-clear-done,x-test-clear-done,shopping_list_component_html,epsilon-component,k,HTML Tag Insertion,NA,no-such-role,-
stats-stats-title,x-test-stats-title,stats_component_html,alpha-target,i,HTML Tag Removal,NA,would-drop-x-test,-
stats-stats-title,x-test-stats-title,stats_component_html,alpha-target,a,Attribute Value Modification,SAVED,,LLMR_stats_component_html_stats_stats_title_alf_a
stats-stats-title,x-test-stats-title,stats_component_html,alpha-target,b,Attribute Removal,SAVED,,LLMR_stats_component_html_stats_stats_title_alf_b
stats-stats-title,x-test-stats-title,stats_component_html,alpha-target,c,Attribute Identifier Modification,SAVED,,LLMR_stats_component_html_stats_stats_title_alf_c
stats-stats-title,x-test-stats-title,stats_component_html,alpha-target,d,Text Content Modification,SAVED,,LLMR_stats_component_html_stats_stats_title_alf_d
stats-stats-title,x-test-stats-title,stats_component_html,alpha-target,e,Text Content Removal,SAVED,,LLMR_stats_component_html_stats_stats_title_alf_e
stats-stats-title,x-test-stats-title,stats_component_html,alpha-target,j,HTML Tag Type Modification,SAVED,,LLMR_stats_component_html_stats_stats_title_alf_j
stats-stats-title,x-test-stats-title,stats_component_html,alpha-target,k,HTML Tag Insertion,SAVED,,LLMR_stats_component_html_stats_stats_title_alf_k
stats-stats-title,x-test-stats-title,stats_component_html,beta-parent,d,Text Content Modification,NA,no-text-content,-
stats-stats-title,x-test-stats-title,stats_component_html,beta-parent,e,Text Content Removal,NA,no-text-content,-
stats-stats-title,x-test-stats-title,stats_component_html,beta-parent,a,Attribute Value Modification,SAVED,,LLMR_stats_component_html_stats_stats_title_bet_a
stats-stats-title,x-test-stats-title,stats_component_html,beta-parent,b,Attribute Removal,SAVED,,LLMR_stats_component_html_stats_stats_title_bet_b
stats-stats-title,x-test-stats-title,stats_component_html,beta-parent,c,Attribute Identifier Modification,SAVED,,LLMR_stats_component_html_stats_stats_title_bet_c
stats-stats-title,x-test-stats-title,stats_component_html,beta-parent,i,HTML Tag Removal,SAVED,,LLMR_stats_component_html_stats_stats_title_bet_i
stats-stats-title,x-test-stats-title,stats_component_html,beta-parent,j,HTML Tag Type Modification,SAVED,,LLMR_stats_component_html_stats_stats_title_bet_j
stats-stats-title,x-test-stats-title,stats_component_html,beta-parent,k,HTML Tag Insertion,SAVED,,LLMR_stats_component_html_stats_stats_title_bet_k
stats-stats-title,x-test-stats-title,stats_component_html,gamma-ancestor,d,Text Content Modification,NA,no-text-content,-
stats-stats-title,x-test-stats-title,stats_component_html,gamma-ancestor,e,Text Content Removal,NA,no-text-content,-
stats-stats-title,x-test-stats-title,stats_component_html,gamma-ancestor,a,Attribute Value Modification,SAVED,,LLMR_stats_component_html_stats_stats_title_gam_a
stats-stats-title,x-test-stats-title,stats_component_html,gamma-ancestor,b,Attribute Removal,SAVED,,LLMR_stats_component_html_stats_stats_title_gam_b
stats-stats-title,x-test-stats-title,stats_component_html,gamma-ancestor,c,Attribute Identifier Modification,SAVED,,LLMR_stats_component_html_stats_stats_title_gam_c
stats-stats-title,x-test-stats-title,stats_component_html,gamma-ancestor,i,HTML Tag Removal,SAVED,,LLMR_stats_component_html_stats_stats_title_gam_i
stats-stats-title,x-test-stats-title,stats_component_html,gamma-ancestor,j,HTML Tag Type Modification,SAVED,,LLMR_stats_component_html_stats_stats_title_gam_j
stats-stats-title,x-test-stats-title,stats_component_html,gamma-ancestor,k,HTML Tag Insertion,SAVED,,LLMR_stats_component_html_stats_stats_title_gam_k
stats-stats-title,x-test-stats-title,stats_component_html,delta-sibling,a,Attribute Value Modification,SAVED,,LLMR_stats_component_html_stats_stats_title_del_a
stats-stats-title,x-test-stats-title,stats_component_html,delta-sibling,b,Attribute Removal,SAVED,,LLMR_stats_component_html_stats_stats_title_del_b
stats-stats-title,x-test-stats-title,stats_component_html,delta-sibling,c,Attribute Identifier Modification,SAVED,,LLMR_stats_component_html_stats_stats_title_del_c
stats-stats-title,x-test-stats-title,stats_component_html,delta-sibling,d,Text Content Modification,SAVED,,LLMR_stats_component_html_stats_stats_title_del_d
stats-stats-title,x-test-stats-title,stats_component_html,delta-sibling,e,Text Content Removal,SAVED,,LLMR_stats_component_html_stats_stats_title_del_e
stats-stats-title,x-test-stats-title,stats_component_html,delta-sibling,i,HTML Tag Removal,SAVED,,LLMR_stats_component_html_stats_stats_title_del_i
stats-stats-title,x-test-stats-title,stats_component_html,delta-sibling,j,HTML Tag Type Modification,SAVED,,LLMR_stats_component_html_stats_stats_title_del_j
stats-stats-title,x-test-stats-title,stats_component_html,delta-sibling,k,HTML Tag Insertion,SAVED,,LLMR_stats_component_html_stats_stats_title_del_k
stats-stats-title,x-test-stats-title,stats_component_html,epsilon-component,a,Attribute Value Modification,NA,no-such-role,-
stats-stats-title,x-test-stats-title,stats_component_html,epsilon-component,b,Attribute Removal,NA,no-such-role,-
stats-stats-title,x-test-stats-title,stats_component_html,epsilon-component,c,Attribute Identifier Modification,NA,no-such-role,-
stats-stats-title,x-test-stats-title,stats_component_html,epsilon-component,d,Text Content Modification,NA,no-such-role,-
stats-stats-title,x-test-stats-title,stats_component_html,epsilon-component,e,Text Content Removal,NA,no-such-role,-
stats-stats-title,x-test-stats-title,stats_component_html,epsilon-component,i,HTML Tag Removal,NA,no-such-role,-
stats-stats-title,x-test-stats-title,stats_component_html,epsilon-component,j,HTML Tag Type Modification,NA,no-such-role,-
stats-stats-title,x-test-stats-title,stats_component_html,epsilon-component,k,HTML Tag Insertion,NA,no-such-role,-
stats-stat-total,x-test-stat-total,stats_component_html,alpha-target,i,HTML Tag Removal,NA,would-drop-x-test,-
stats-stat-total,x-test-stat-total,stats_component_html,alpha-target,a,Attribute Value Modification,SAVED,,LLMR_stats_component_html_stats_stat_total_alf_a
stats-stat-total,x-test-stat-total,stats_component_html,alpha-target,b,Attribute Removal,SAVED,,LLMR_stats_component_html_stats_stat_total_alf_b
stats-stat-total,x-test-stat-total,stats_component_html,alpha-target,c,Attribute Identifier Modification,SAVED,,LLMR_stats_component_html_stats_stat_total_alf_c
stats-stat-total,x-test-stat-total,stats_component_html,alpha-target,d,Text Content Modification,SAVED,,LLMR_stats_component_html_stats_stat_total_alf_d
stats-stat-total,x-test-stat-total,stats_component_html,alpha-target,e,Text Content Removal,SAVED,,LLMR_stats_component_html_stats_stat_total_alf_e
stats-stat-total,x-test-stat-total,stats_component_html,alpha-target,j,HTML Tag Type Modification,SAVED,,LLMR_stats_component_html_stats_stat_total_alf_j
stats-stat-total,x-test-stat-total,stats_component_html,alpha-target,k,HTML Tag Insertion,SAVED,,LLMR_stats_component_html_stats_stat_total_alf_k
stats-stat-total,x-test-stat-total,stats_component_html,beta-parent,d,Text Content Modification,NA,no-text-content,-
stats-stat-total,x-test-stat-total,stats_component_html,beta-parent,e,Text Content Removal,NA,no-text-content,-
stats-stat-total,x-test-stat-total,stats_component_html,beta-parent,a,Attribute Value Modification,SAVED,,LLMR_stats_component_html_stats_stat_total_bet_a
stats-stat-total,x-test-stat-total,stats_component_html,beta-parent,b,Attribute Removal,SAVED,,LLMR_stats_component_html_stats_stat_total_bet_b
stats-stat-total,x-test-stat-total,stats_component_html,beta-parent,c,Attribute Identifier Modification,SAVED,,LLMR_stats_component_html_stats_stat_total_bet_c
stats-stat-total,x-test-stat-total,stats_component_html,beta-parent,i,HTML Tag Removal,SAVED,,LLMR_stats_component_html_stats_stat_total_bet_i
stats-stat-total,x-test-stat-total,stats_component_html,beta-parent,j,HTML Tag Type Modification,SAVED,,LLMR_stats_component_html_stats_stat_total_bet_j
stats-stat-total,x-test-stat-total,stats_component_html,beta-parent,k,HTML Tag Insertion,SAVED,,LLMR_stats_component_html_stats_stat_total_bet_k
stats-stat-total,x-test-stat-total,stats_component_html,gamma-ancestor,d,Text Content Modification,NA,no-text-content,-
stats-stat-total,x-test-stat-total,stats_component_html,gamma-ancestor,e,Text Content Removal,NA,no-text-content,-
stats-stat-total,x-test-stat-total,stats_component_html,gamma-ancestor,a,Attribute Value Modification,SAVED,,LLMR_stats_component_html_stats_stat_total_gam_a
stats-stat-total,x-test-stat-total,stats_component_html,gamma-ancestor,b,Attribute Removal,SAVED,,LLMR_stats_component_html_stats_stat_total_gam_b
stats-stat-total,x-test-stat-total,stats_component_html,gamma-ancestor,c,Attribute Identifier Modification,SAVED,,LLMR_stats_component_html_stats_stat_total_gam_c
stats-stat-total,x-test-stat-total,stats_component_html,gamma-ancestor,i,HTML Tag Removal,SAVED,,LLMR_stats_component_html_stats_stat_total_gam_i
stats-stat-total,x-test-stat-total,stats_component_html,gamma-ancestor,j,HTML Tag Type Modification,SAVED,,LLMR_stats_component_html_stats_stat_total_gam_j
stats-stat-total,x-test-stat-total,stats_component_html,gamma-ancestor,k,HTML Tag Insertion,SAVED,,LLMR_stats_component_html_stats_stat_total_gam_k
stats-stat-total,x-test-stat-total,stats_component_html,delta-sibling,a,Attribute Value Modification,SAVED,,LLMR_stats_component_html_stats_stat_total_del_a
stats-stat-total,x-test-stat-total,stats_component_html,delta-sibling,b,Attribute Removal,SAVED,,LLMR_stats_component_html_stats_stat_total_del_b
stats-stat-total,x-test-stat-total,stats_component_html,delta-sibling,c,Attribute Identifier Modification,SAVED,,LLMR_stats_component_html_stats_stat_total_del_c
stats-stat-total,x-test-stat-total,stats_component_html,delta-sibling,d,Text Content Modification,SAVED,,LLMR_stats_component_html_stats_stat_total_del_d
stats-stat-total,x-test-stat-total,stats_component_html,delta-sibling,e,Text Content Removal,SAVED,,LLMR_stats_component_html_stats_stat_total_del_e
stats-stat-total,x-test-stat-total,stats_component_html,delta-sibling,i,HTML Tag Removal,SAVED,,LLMR_stats_component_html_stats_stat_total_del_i
stats-stat-total,x-test-stat-total,stats_component_html,delta-sibling,j,HTML Tag Type Modification,SAVED,,LLMR_stats_component_html_stats_stat_total_del_j
stats-stat-total,x-test-stat-total,stats_component_html,delta-sibling,k,HTML Tag Insertion,SAVED,,LLMR_stats_component_html_stats_stat_total_del_k
stats-stat-total,x-test-stat-total,stats_component_html,epsilon-component,a,Attribute Value Modification,NA,no-such-role,-
stats-stat-total,x-test-stat-total,stats_component_html,epsilon-component,b,Attribute Removal,NA,no-such-role,-
stats-stat-total,x-test-stat-total,stats_component_html,epsilon-component,c,Attribute Identifier Modification,NA,no-such-role,-
stats-stat-total,x-test-stat-total,stats_component_html,epsilon-component,d,Text Content Modification,NA,no-such-role,-
stats-stat-total,x-test-stat-total,stats_component_html,epsilon-component,e,Text Content Removal,NA,no-such-role,-
stats-stat-total,x-test-stat-total,stats_component_html,epsilon-component,i,HTML Tag Removal,NA,no-such-role,-
stats-stat-total,x-test-stat-total,stats_component_html,epsilon-component,j,HTML Tag Type Modification,NA,no-such-role,-
stats-stat-total,x-test-stat-total,stats_component_html,epsilon-component,k,HTML Tag Insertion,NA,no-such-role,-
stats-stat-veg,x-test-stat-veg,stats_component_html,alpha-target,i,HTML Tag Removal,NA,would-drop-x-test,-
stats-stat-veg,x-test-stat-veg,stats_component_html,alpha-target,a,Attribute Value Modification,SAVED,,LLMR_stats_component_html_stats_stat_veg_alf_a
stats-stat-veg,x-test-stat-veg,stats_component_html,alpha-target,b,Attribute Removal,SAVED,,LLMR_stats_component_html_stats_stat_veg_alf_b
stats-stat-veg,x-test-stat-veg,stats_component_html,alpha-target,c,Attribute Identifier Modification,SAVED,,LLMR_stats_component_html_stats_stat_veg_alf_c
stats-stat-veg,x-test-stat-veg,stats_component_html,alpha-target,d,Text Content Modification,SAVED,,LLMR_stats_component_html_stats_stat_veg_alf_d
stats-stat-veg,x-test-stat-veg,stats_component_html,alpha-target,e,Text Content Removal,SAVED,,LLMR_stats_component_html_stats_stat_veg_alf_e
stats-stat-veg,x-test-stat-veg,stats_component_html,alpha-target,j,HTML Tag Type Modification,SAVED,,LLMR_stats_component_html_stats_stat_veg_alf_j
stats-stat-veg,x-test-stat-veg,stats_component_html,alpha-target,k,HTML Tag Insertion,SAVED,,LLMR_stats_component_html_stats_stat_veg_alf_k
stats-stat-veg,x-test-stat-veg,stats_component_html,beta-parent,d,Text Content Modification,NA,no-text-content,-
stats-stat-veg,x-test-stat-veg,stats_component_html,beta-parent,e,Text Content Removal,NA,no-text-content,-
stats-stat-veg,x-test-stat-veg,stats_component_html,beta-parent,a,Attribute Value Modification,SAVED,,LLMR_stats_component_html_stats_stat_veg_bet_a
stats-stat-veg,x-test-stat-veg,stats_component_html,beta-parent,b,Attribute Removal,SAVED,,LLMR_stats_component_html_stats_stat_veg_bet_b
stats-stat-veg,x-test-stat-veg,stats_component_html,beta-parent,c,Attribute Identifier Modification,SAVED,,LLMR_stats_component_html_stats_stat_veg_bet_c
stats-stat-veg,x-test-stat-veg,stats_component_html,beta-parent,i,HTML Tag Removal,SAVED,,LLMR_stats_component_html_stats_stat_veg_bet_i
stats-stat-veg,x-test-stat-veg,stats_component_html,beta-parent,j,HTML Tag Type Modification,SAVED,,LLMR_stats_component_html_stats_stat_veg_bet_j
stats-stat-veg,x-test-stat-veg,stats_component_html,beta-parent,k,HTML Tag Insertion,SAVED,,LLMR_stats_component_html_stats_stat_veg_bet_k
stats-stat-veg,x-test-stat-veg,stats_component_html,gamma-ancestor,d,Text Content Modification,NA,no-text-content,-
stats-stat-veg,x-test-stat-veg,stats_component_html,gamma-ancestor,e,Text Content Removal,NA,no-text-content,-
stats-stat-veg,x-test-stat-veg,stats_component_html,gamma-ancestor,a,Attribute Value Modification,SAVED,,LLMR_stats_component_html_stats_stat_veg_gam_a
stats-stat-veg,x-test-stat-veg,stats_component_html,gamma-ancestor,b,Attribute Removal,SAVED,,LLMR_stats_component_html_stats_stat_veg_gam_b
stats-stat-veg,x-test-stat-veg,stats_component_html,gamma-ancestor,c,Attribute Identifier Modification,SAVED,,LLMR_stats_component_html_stats_stat_veg_gam_c
stats-stat-veg,x-test-stat-veg,stats_component_html,gamma-ancestor,i,HTML Tag Removal,SAVED,,LLMR_stats_component_html_stats_stat_veg_gam_i
stats-stat-veg,x-test-stat-veg,stats_component_html,gamma-ancestor,j,HTML Tag Type Modification,SAVED,,LLMR_stats_component_html_stats_stat_veg_gam_j
stats-stat-veg,x-test-stat-veg,stats_component_html,gamma-ancestor,k,HTML Tag Insertion,SAVED,,LLMR_stats_component_html_stats_stat_veg_gam_k
stats-stat-veg,x-test-stat-veg,stats_component_html,delta-sibling,a,Attribute Value Modification,SAVED,,LLMR_stats_component_html_stats_stat_veg_del_a
stats-stat-veg,x-test-stat-veg,stats_component_html,delta-sibling,b,Attribute Removal,SAVED,,LLMR_stats_component_html_stats_stat_veg_del_b
stats-stat-veg,x-test-stat-veg,stats_component_html,delta-sibling,c,Attribute Identifier Modification,SAVED,,LLMR_stats_component_html_stats_stat_veg_del_c
stats-stat-veg,x-test-stat-veg,stats_component_html,delta-sibling,d,Text Content Modification,SAVED,,LLMR_stats_component_html_stats_stat_veg_del_d
stats-stat-veg,x-test-stat-veg,stats_component_html,delta-sibling,e,Text Content Removal,SAVED,,LLMR_stats_component_html_stats_stat_veg_del_e
stats-stat-veg,x-test-stat-veg,stats_component_html,delta-sibling,i,HTML Tag Removal,SAVED,,LLMR_stats_component_html_stats_stat_veg_del_i
stats-stat-veg,x-test-stat-veg,stats_component_html,delta-sibling,j,HTML Tag Type Modification,SAVED,,LLMR_stats_component_html_stats_stat_veg_del_j
stats-stat-veg,x-test-stat-veg,stats_component_html,delta-sibling,k,HTML Tag Insertion,SAVED,,LLMR_stats_component_html_stats_stat_veg_del_k
stats-stat-veg,x-test-stat-veg,stats_component_html,epsilon-component,a,Attribute Value Modification,NA,no-such-role,-
stats-stat-veg,x-test-stat-veg,stats_component_html,epsilon-component,b,Attribute Removal,NA,no-such-role,-
stats-stat-veg,x-test-stat-veg,stats_component_html,epsilon-component,c,Attribute Identifier Modification,NA,no-such-role,-
stats-stat-veg,x-test-stat-veg,stats_component_html,epsilon-component,d,Text Content Modification,NA,no-such-role,-
stats-stat-veg,x-test-stat-veg,stats_component_html,epsilon-component,e,Text Content Removal,NA,no-such-role,-
stats-stat-veg,x-test-stat-veg,stats_component_html,epsilon-component,i,HTML Tag Removal,NA,no-such-role,-
stats-stat-veg,x-test-stat-veg,stats_component_html,epsilon-component,j,HTML Tag Type Modification,NA,no-such-role,-
stats-stat-veg,x-test-stat-veg,stats_component_html,epsilon-component,k,HTML Tag Insertion,NA,no-such-role,-
stats-stat-time,x-test-stat-time,stats_component_html,alpha-target,i,HTML Tag Removal,NA,would-drop-x-test,-
stats-stat-time,x-test-stat-time,stats_component_html,alpha-target,a,Attribute Value Modification,SAVED,,LLMR_stats_component_html_stats_stat_time_alf_a
stats-stat-time,x-test-stat-time,stats_component_html,alpha-target,b,Attribute Removal,SAVED,,LLMR_stats_component_html_stats_stat_time_alf_b
stats-stat-time,x-test-stat-time,stats_component_html,alpha-target,c,Attribute Identifier Modification,SAVED,,LLMR_stats_component_html_stats_stat_time_alf_c
stats-stat-time,x-test-stat-time,stats_component_html,alpha-target,d,Text Content Modification,SAVED,,LLMR_stats_component_html_stats_stat_time_alf_d
stats-stat-time,x-test-stat-time,stats_component_html,alpha-target,e,Text Content Removal,SAVED,,LLMR_stats_component_html_stats_stat_time_alf_e
stats-stat-time,x-test-stat-time,stats_component_html,alpha-target,j,HTML Tag Type Modification,SAVED,,LLMR_stats_component_html_stats_stat_time_alf_j
stats-stat-time,x-test-stat-time,stats_component_html,alpha-target,k,HTML Tag Insertion,SAVED,,LLMR_stats_component_html_stats_stat_time_alf_k
stats-stat-time,x-test-stat-time,stats_component_html,beta-parent,d,Text Content Modification,NA,no-text-content,-
stats-stat-time,x-test-stat-time,stats_component_html,beta-parent,e,Text Content Removal,NA,no-text-content,-
stats-stat-time,x-test-stat-time,stats_component_html,beta-parent,a,Attribute Value Modification,SAVED,,LLMR_stats_component_html_stats_stat_time_bet_a
stats-stat-time,x-test-stat-time,stats_component_html,beta-parent,b,Attribute Removal,SAVED,,LLMR_stats_component_html_stats_stat_time_bet_b
stats-stat-time,x-test-stat-time,stats_component_html,beta-parent,c,Attribute Identifier Modification,SAVED,,LLMR_stats_component_html_stats_stat_time_bet_c
stats-stat-time,x-test-stat-time,stats_component_html,beta-parent,i,HTML Tag Removal,SAVED,,LLMR_stats_component_html_stats_stat_time_bet_i
stats-stat-time,x-test-stat-time,stats_component_html,beta-parent,j,HTML Tag Type Modification,SAVED,,LLMR_stats_component_html_stats_stat_time_bet_j
stats-stat-time,x-test-stat-time,stats_component_html,beta-parent,k,HTML Tag Insertion,SAVED,,LLMR_stats_component_html_stats_stat_time_bet_k
stats-stat-time,x-test-stat-time,stats_component_html,gamma-ancestor,d,Text Content Modification,NA,no-text-content,-
stats-stat-time,x-test-stat-time,stats_component_html,gamma-ancestor,e,Text Content Removal,NA,no-text-content,-
stats-stat-time,x-test-stat-time,stats_component_html,gamma-ancestor,a,Attribute Value Modification,SAVED,,LLMR_stats_component_html_stats_stat_time_gam_a
stats-stat-time,x-test-stat-time,stats_component_html,gamma-ancestor,b,Attribute Removal,SAVED,,LLMR_stats_component_html_stats_stat_time_gam_b
stats-stat-time,x-test-stat-time,stats_component_html,gamma-ancestor,c,Attribute Identifier Modification,SAVED,,LLMR_stats_component_html_stats_stat_time_gam_c
stats-stat-time,x-test-stat-time,stats_component_html,gamma-ancestor,i,HTML Tag Removal,SAVED,,LLMR_stats_component_html_stats_stat_time_gam_i
stats-stat-time,x-test-stat-time,stats_component_html,gamma-ancestor,j,HTML Tag Type Modification,SAVED,,LLMR_stats_component_html_stats_stat_time_gam_j
stats-stat-time,x-test-stat-time,stats_component_html,gamma-ancestor,k,HTML Tag Insertion,SAVED,,LLMR_stats_component_html_stats_stat_time_gam_k
stats-stat-time,x-test-stat-time,stats_component_html,delta-sibling,a,Attribute Value Modification,SAVED,,LLMR_stats_component_html_stats_stat_time_del_a
stats-stat-time,x-test-stat-time,stats_component_html,delta-sibling,b,Attribute Removal,SAVED,,LLMR_stats_component_html_stats_stat_time_del_b
stats-stat-time,x-test-stat-time,stats_component_html,delta-sibling,c,Attribute Identifier Modification,SAVED,,LLMR_stats_component_html_stats_stat_time_del_c
stats-stat-time,x-test-stat-time,stats_component_html,delta-sibling,d,Text Content Modification,SAVED,,LLMR_stats_component_html_stats_stat_time_del_d
stats-stat-time,x-test-stat-time,stats_component_html,delta-sibling,e,Text Content Removal,SAVED,,LLMR_stats_component_html_stats_stat_time_del_e
stats-stat-time,x-test-stat-time,stats_component_html,delta-sibling,i,HTML Tag Removal,SAVED,,LLMR_stats_component_html_stats_stat_time_del_i
stats-stat-time,x-test-stat-time,stats_component_html,delta-sibling,j,HTML Tag Type Modification,SAVED,,LLMR_stats_component_html_stats_stat_time_del_j
stats-stat-time,x-test-stat-time,stats_component_html,delta-sibling,k,HTML Tag Insertion,SAVED,,LLMR_stats_component_html_stats_stat_time_del_k
stats-stat-time,x-test-stat-time,stats_component_html,epsilon-component,a,Attribute Value Modification,NA,no-such-role,-
stats-stat-time,x-test-stat-time,stats_component_html,epsilon-component,b,Attribute Removal,NA,no-such-role,-
stats-stat-time,x-test-stat-time,stats_component_html,epsilon-component,c,Attribute Identifier Modification,NA,no-such-role,-
stats-stat-time,x-test-stat-time,stats_component_html,epsilon-component,d,Text Content Modification,NA,no-such-role,-
stats-stat-time,x-test-stat-time,stats_component_html,epsilon-component,e,Text Content Removal,NA,no-such-role,-
stats-stat-time,x-test-stat-time,stats_component_html,epsilon-component,i,HTML Tag Removal,NA,no-such-role,-
stats-stat-time,x-test-stat-time,stats_component_html,epsilon-component,j,HTML Tag Type Modification,NA,no-such-role,-
stats-stat-time,x-test-stat-time,stats_component_html,epsilon-component,k,HTML Tag Insertion,NA,no-such-role,-
stats-stat-fav,x-test-stat-fav,stats_component_html,alpha-target,i,HTML Tag Removal,NA,would-drop-x-test,-
stats-stat-fav,x-test-stat-fav,stats_component_html,alpha-target,a,Attribute Value Modification,SAVED,,LLMR_stats_component_html_stats_stat_fav_alf_a
stats-stat-fav,x-test-stat-fav,stats_component_html,alpha-target,b,Attribute Removal,SAVED,,LLMR_stats_component_html_stats_stat_fav_alf_b
stats-stat-fav,x-test-stat-fav,stats_component_html,alpha-target,c,Attribute Identifier Modification,SAVED,,LLMR_stats_component_html_stats_stat_fav_alf_c
stats-stat-fav,x-test-stat-fav,stats_component_html,alpha-target,d,Text Content Modification,SAVED,,LLMR_stats_component_html_stats_stat_fav_alf_d
stats-stat-fav,x-test-stat-fav,stats_component_html,alpha-target,e,Text Content Removal,SAVED,,LLMR_stats_component_html_stats_stat_fav_alf_e
stats-stat-fav,x-test-stat-fav,stats_component_html,alpha-target,j,HTML Tag Type Modification,SAVED,,LLMR_stats_component_html_stats_stat_fav_alf_j
stats-stat-fav,x-test-stat-fav,stats_component_html,alpha-target,k,HTML Tag Insertion,SAVED,,LLMR_stats_component_html_stats_stat_fav_alf_k
stats-stat-fav,x-test-stat-fav,stats_component_html,beta-parent,d,Text Content Modification,NA,no-text-content,-
stats-stat-fav,x-test-stat-fav,stats_component_html,beta-parent,e,Text Content Removal,NA,no-text-content,-
stats-stat-fav,x-test-stat-fav,stats_component_html,beta-parent,a,Attribute Value Modification,SAVED,,LLMR_stats_component_html_stats_stat_fav_bet_a
stats-stat-fav,x-test-stat-fav,stats_component_html,beta-parent,b,Attribute Removal,SAVED,,LLMR_stats_component_html_stats_stat_fav_bet_b
stats-stat-fav,x-test-stat-fav,stats_component_html,beta-parent,c,Attribute Identifier Modification,SAVED,,LLMR_stats_component_html_stats_stat_fav_bet_c
stats-stat-fav,x-test-stat-fav,stats_component_html,beta-parent,i,HTML Tag Removal,SAVED,,LLMR_stats_component_html_stats_stat_fav_bet_i
stats-stat-fav,x-test-stat-fav,stats_component_html,beta-parent,j,HTML Tag Type Modification,SAVED,,LLMR_stats_component_html_stats_stat_fav_bet_j
stats-stat-fav,x-test-stat-fav,stats_component_html,beta-parent,k,HTML Tag Insertion,SAVED,,LLMR_stats_component_html_stats_stat_fav_bet_k
stats-stat-fav,x-test-stat-fav,stats_component_html,gamma-ancestor,d,Text Content Modification,NA,no-text-content,-
stats-stat-fav,x-test-stat-fav,stats_component_html,gamma-ancestor,e,Text Content Removal,NA,no-text-content,-
stats-stat-fav,x-test-stat-fav,stats_component_html,gamma-ancestor,a,Attribute Value Modification,SAVED,,LLMR_stats_component_html_stats_stat_fav_gam_a
stats-stat-fav,x-test-stat-fav,stats_component_html,gamma-ancestor,b,Attribute Removal,SAVED,,LLMR_stats_component_html_stats_stat_fav_gam_b
stats-stat-fav,x-test-stat-fav,stats_component_html,gamma-ancestor,c,Attribute Identifier Modification,SAVED,,LLMR_stats_component_html_stats_stat_fav_gam_c
stats-stat-fav,x-test-stat-fav,stats_component_html,gamma-ancestor,i,HTML Tag Removal,SAVED,,LLMR_stats_component_html_stats_stat_fav_gam_i
stats-stat-fav,x-test-stat-fav,stats_component_html,gamma-ancestor,j,HTML Tag Type Modification,SAVED,,LLMR_stats_component_html_stats_stat_fav_gam_j
stats-stat-fav,x-test-stat-fav,stats_component_html,gamma-ancestor,k,HTML Tag Insertion,SAVED,,LLMR_stats_component_html_stats_stat_fav_gam_k
stats-stat-fav,x-test-stat-fav,stats_component_html,delta-sibling,a,Attribute Value Modification,SAVED,,LLMR_stats_component_html_stats_stat_fav_del_a
stats-stat-fav,x-test-stat-fav,stats_component_html,delta-sibling,b,Attribute Removal,SAVED,,LLMR_stats_component_html_stats_stat_fav_del_b
stats-stat-fav,x-test-stat-fav,stats_component_html,delta-sibling,c,Attribute Identifier Modification,SAVED,,LLMR_stats_component_html_stats_stat_fav_del_c
stats-stat-fav,x-test-stat-fav,stats_component_html,delta-sibling,d,Text Content Modification,SAVED,,LLMR_stats_component_html_stats_stat_fav_del_d
stats-stat-fav,x-test-stat-fav,stats_component_html,delta-sibling,e,Text Content Removal,SAVED,,LLMR_stats_component_html_stats_stat_fav_del_e
stats-stat-fav,x-test-stat-fav,stats_component_html,delta-sibling,i,HTML Tag Removal,SAVED,,LLMR_stats_component_html_stats_stat_fav_del_i
stats-stat-fav,x-test-stat-fav,stats_component_html,delta-sibling,j,HTML Tag Type Modification,SAVED,,LLMR_stats_component_html_stats_stat_fav_del_j
stats-stat-fav,x-test-stat-fav,stats_component_html,delta-sibling,k,HTML Tag Insertion,SAVED,,LLMR_stats_component_html_stats_stat_fav_del_k
stats-stat-fav,x-test-stat-fav,stats_component_html,epsilon-component,a,Attribute Value Modification,NA,no-such-role,-
stats-stat-fav,x-test-stat-fav,stats_component_html,epsilon-component,b,Attribute Removal,NA,no-such-role,-
stats-stat-fav,x-test-stat-fav,stats_component_html,epsilon-component,c,Attribute Identifier Modification,NA,no-such-role,-
stats-stat-fav,x-test-stat-fav,stats_component_html,epsilon-component,d,Text Content Modification,NA,no-such-role,-
stats-stat-fav,x-test-stat-fav,stats_component_html,epsilon-component,e,Text Content Removal,NA,no-such-role,-
stats-stat-fav,x-test-stat-fav,stats_component_html,epsilon-component,i,HTML Tag Removal,NA,no-such-role,-
stats-stat-fav,x-test-stat-fav,stats_component_html,epsilon-component,j,HTML Tag Type Modification,NA,no-such-role,-
stats-stat-fav,x-test-stat-fav,stats_component_html,epsilon-component,k,HTML Tag Insertion,NA,no-such-role,-
stats-course-count,[attr.x-test-course-count],stats_component_html,alpha-target,a,Attribute Value Modification,SAVED,,LLMR_stats_component_html_stats_course_count_alf_a
stats-course-count,[attr.x-test-course-count],stats_component_html,alpha-target,b,Attribute Removal,SAVED,,LLMR_stats_component_html_stats_course_count_alf_b
stats-course-count,[attr.x-test-course-count],stats_component_html,alpha-target,c,Attribute Identifier Modification,SAVED,,LLMR_stats_component_html_stats_course_count_alf_c
stats-course-count,[attr.x-test-course-count],stats_component_html,alpha-target,d,Text Content Modification,SAVED,,LLMR_stats_component_html_stats_course_count_alf_d
stats-course-count,[attr.x-test-course-count],stats_component_html,alpha-target,e,Text Content Removal,SAVED,,LLMR_stats_component_html_stats_course_count_alf_e
stats-course-count,[attr.x-test-course-count],stats_component_html,alpha-target,i,HTML Tag Removal,SAVED,,LLMR_stats_component_html_stats_course_count_alf_i
stats-course-count,[attr.x-test-course-count],stats_component_html,alpha-target,j,HTML Tag Type Modification,SAVED,,LLMR_stats_component_html_stats_course_count_alf_j
stats-course-count,[attr.x-test-course-count],stats_component_html,alpha-target,k,HTML Tag Insertion,SAVED,,LLMR_stats_component_html_stats_course_count_alf_k
stats-course-count,[attr.x-test-course-count],stats_component_html,beta-parent,d,Text Content Modification,NA,no-text-content,-
stats-course-count,[attr.x-test-course-count],stats_component_html,beta-parent,e,Text Content Removal,NA,no-text-content,-
stats-course-count,[attr.x-test-course-count],stats_component_html,beta-parent,a,Attribute Value Modification,SAVED,,LLMR_stats_component_html_stats_course_count_bet_a
stats-course-count,[attr.x-test-course-count],stats_component_html,beta-parent,b,Attribute Removal,SAVED,,LLMR_stats_component_html_stats_course_count_bet_b
stats-course-count,[attr.x-test-course-count],stats_component_html,beta-parent,c,Attribute Identifier Modification,SAVED,,LLMR_stats_component_html_stats_course_count_bet_c
stats-course-count,[attr.x-test-course-count],stats_component_html,beta-parent,i,HTML Tag Removal,SAVED,,LLMR_stats_component_html_stats_course_count_bet_i
stats-course-count,[attr.x-test-course-count],stats_component_html,beta-parent,j,HTML Tag Type Modification,SAVED,,LLMR_stats_component_html_stats_course_count_bet_j
stats-course-count,[attr.x-test-course-count],stats_component_html,beta-parent,k,HTML Tag Insertion,SAVED,,LLMR_stats_component_html_stats_course_count_bet_k
stats-course-count,[attr.x-test-course-count],stats_component_html,gamma-ancestor,a,Attribute Value Modification,SAVED,,LLMR_stats_component_html_stats_course_count_gam_a
stats-course-count,[attr.x-test-course-count],stats_component_html,gamma-ancestor,b,Attribute Removal,SAVED,,LLMR_stats_component_html_stats_course_count_gam_b
stats-course-count,[attr.x-test-course-count],stats_component_html,gamma-ancestor,c,Attribute Identifier Modification,SAVED,,LLMR_stats_component_html_stats_course_count_gam_c
stats-course-count,[attr.x-test-course-count],stats_component_html,gamma-ancestor,d,Text Content Modification,SAVED,,LLMR_stats_component_html_stats_course_count_gam_d
stats-course-count,[attr.x-test-course-count],stats_component_html,gamma-ancestor,e,Text Content Removal,SAVED,,LLMR_stats_component_html_stats_course_count_gam_e
stats-course-count,[attr.x-test-course-count],stats_component_html,gamma-ancestor,i,HTML Tag Removal,SAVED,,LLMR_stats_component_html_stats_course_count_gam_i
stats-course-count,[attr.x-test-course-count],stats_component_html,gamma-ancestor,j,HTML Tag Type Modification,SAVED,,LLMR_stats_component_html_stats_course_count_gam_j
stats-course-count,[attr.x-test-course-count],stats_component_html,gamma-ancestor,k,HTML Tag Insertion,SAVED,,LLMR_stats_component_html_stats_course_count_gam_k
stats-course-count,[attr.x-test-course-count],stats_component_html,delta-sibling,a,Attribute Value Modification,SAVED,,LLMR_stats_component_html_stats_course_count_del_a
stats-course-count,[attr.x-test-course-count],stats_component_html,delta-sibling,b,Attribute Removal,SAVED,,LLMR_stats_component_html_stats_course_count_del_b
stats-course-count,[attr.x-test-course-count],stats_component_html,delta-sibling,c,Attribute Identifier Modification,SAVED,,LLMR_stats_component_html_stats_course_count_del_c
stats-course-count,[attr.x-test-course-count],stats_component_html,delta-sibling,d,Text Content Modification,SAVED,,LLMR_stats_component_html_stats_course_count_del_d
stats-course-count,[attr.x-test-course-count],stats_component_html,delta-sibling,e,Text Content Removal,SAVED,,LLMR_stats_component_html_stats_course_count_del_e
stats-course-count,[attr.x-test-course-count],stats_component_html,delta-sibling,i,HTML Tag Removal,SAVED,,LLMR_stats_component_html_stats_course_count_del_i
stats-course-count,[attr.x-test-course-count],stats_component_html,delta-sibling,j,HTML Tag Type Modification,SAVED,,LLMR_stats_component_html_stats_course_count_del_j
stats-course-count,[attr.x-test-course-count],stats_component_html,delta-sibling,k,HTML Tag Insertion,SAVED,,LLMR_stats_component_html_stats_course_count_del_k
stats-course-count,[attr.x-test-course-count],stats_component_html,epsilon-component,d,Text Content Modification,NA,no-text-content,-
stats-course-count,[attr.x-test-course-count],stats_component_html,epsilon-component,e,Text Content Removal,NA,no-text-content,-
stats-course-count,[attr.x-test-course-count],stats_component_html,epsilon-component,a,Attribute Value Modification,SAVED,,LLMR_stats_component_html_stats_course_count_eps_a
stats-course-count,[attr.x-test-course-count],stats_component_html,epsilon-component,b,Attribute Removal,SAVED,,LLMR_stats_component_html_stats_course_count_eps_b
stats-course-count,[attr.x-test-course-count],stats_component_html,epsilon-component,c,Attribute Identifier Modification,SAVED,,LLMR_stats_component_html_stats_course_count_eps_c
stats-course-count,[attr.x-test-course-count],stats_component_html,epsilon-component,i,HTML Tag Removal,SAVED,,LLMR_stats_component_html_stats_course_count_eps_i
stats-course-count,[attr.x-test-course-count],stats_component_html,epsilon-component,j,HTML Tag Type Modification,SAVED,,LLMR_stats_component_html_stats_course_count_eps_j
stats-course-count,[attr.x-test-course-count],stats_component_html,epsilon-component,k,HTML Tag Insertion,SAVED,,LLMR_stats_component_html_stats_course_count_eps_k
stats-top-title,[attr.x-test-top-title],stats_component_html,alpha-target,a,Attribute Value Modification,SAVED,,LLMR_stats_component_html_stats_top_title_alf_a
stats-top-title,[attr.x-test-top-title],stats_component_html,alpha-target,b,Attribute Removal,SAVED,,LLMR_stats_component_html_stats_top_title_alf_b
stats-top-title,[attr.x-test-top-title],stats_component_html,alpha-target,c,Attribute Identifier Modification,SAVED,,LLMR_stats_component_html_stats_top_title_alf_c
stats-top-title,[attr.x-test-top-title],stats_component_html,alpha-target,d,Text Content Modification,SAVED,,LLMR_stats_component_html_stats_top_title_alf_d
stats-top-title,[attr.x-test-top-title],stats_component_html,alpha-target,e,Text Content Removal,SAVED,,LLMR_stats_component_html_stats_top_title_alf_e
stats-top-title,[attr.x-test-top-title],stats_component_html,alpha-target,i,HTML Tag Removal,SAVED,,LLMR_stats_component_html_stats_top_title_alf_i
stats-top-title,[attr.x-test-top-title],stats_component_html,alpha-target,j,HTML Tag Type Modification,SAVED,,LLMR_stats_component_html_stats_top_title_alf_j
stats-top-title,[attr.x-test-top-title],stats_component_html,alpha-target,k,HTML Tag Insertion,SAVED,,LLMR_stats_component_html_stats_top_title_alf_k
stats-top-title,[attr.x-test-top-title],stats_component_html,beta-parent,d,Text Content Modification,NA,no-text-content,-
stats-top-title,[attr.x-test-top-title],stats_component_html,beta-parent,e,Text Content Removal,NA,no-text-content,-
stats-top-title,[attr.x-test-top-title],stats_component_html,beta-parent,a,Attribute Value Modification,SAVED,,LLMR_stats_component_html_stats_top_title_bet_a
stats-top-title,[attr.x-test-top-title],stats_component_html,beta-parent,b,Attribute Removal,SAVED,,LLMR_stats_component_html_stats_top_title_bet_b
stats-top-title,[attr.x-test-top-title],stats_component_html,beta-parent,c,Attribute Identifier Modification,SAVED,,LLMR_stats_component_html_stats_top_title_bet_c
stats-top-title,[attr.x-test-top-title],stats_component_html,beta-parent,i,HTML Tag Removal,SAVED,,LLMR_stats_component_html_stats_top_title_bet_i
stats-top-title,[attr.x-test-top-title],stats_component_html,beta-parent,j,HTML Tag Type Modification,SAVED,,LLMR_stats_component_html_stats_top_title_bet_j
stats-top-title,[attr.x-test-top-title],stats_component_html,beta-parent,k,HTML Tag Insertion,SAVED,,LLMR_stats_component_html_stats_top_title_bet_k
stats-top-title,[attr.x-test-top-title],stats_component_html,gamma-ancestor,a,Attribute Value Modification,SAVED,,LLMR_stats_component_html_stats_top_title_gam_a
stats-top-title,[attr.x-test-top-title],stats_component_html,gamma-ancestor,b,Attribute Removal,SAVED,,LLMR_stats_component_html_stats_top_title_gam_b
stats-top-title,[attr.x-test-top-title],stats_component_html,gamma-ancestor,c,Attribute Identifier Modification,SAVED,,LLMR_stats_component_html_stats_top_title_gam_c
stats-top-title,[attr.x-test-top-title],stats_component_html,gamma-ancestor,d,Text Content Modification,SAVED,,LLMR_stats_component_html_stats_top_title_gam_d
stats-top-title,[attr.x-test-top-title],stats_component_html,gamma-ancestor,e,Text Content Removal,SAVED,,LLMR_stats_component_html_stats_top_title_gam_e
stats-top-title,[attr.x-test-top-title],stats_component_html,gamma-ancestor,i,HTML Tag Removal,SAVED,,LLMR_stats_component_html_stats_top_title_gam_i
stats-top-title,[attr.x-test-top-title],stats_component_html,gamma-ancestor,j,HTML Tag Type Modification,SAVED,,LLMR_stats_component_html_stats_top_title_gam_j
stats-top-title,[attr.x-test-top-title],stats_component_html,gamma-ancestor,k,HTML Tag Insertion,SAVED,,LLMR_stats_component_html_stats_top_title_gam_k
stats-top-title,[attr.x-test-top-title],stats_component_html,delta-sibling,a,Attribute Value Modification,SAVED,,LLMR_stats_component_html_stats_top_title_del_a
stats-top-title,[attr.x-test-top-title],stats_component_html,delta-sibling,b,Attribute Removal,SAVED,,LLMR_stats_component_html_stats_top_title_del_b
stats-top-title,[attr.x-test-top-title],stats_component_html,delta-sibling,c,Attribute Identifier Modification,SAVED,,LLMR_stats_component_html_stats_top_title_del_c
stats-top-title,[attr.x-test-top-title],stats_component_html,delta-sibling,d,Text Content Modification,SAVED,,LLMR_stats_component_html_stats_top_title_del_d
stats-top-title,[attr.x-test-top-title],stats_component_html,delta-sibling,e,Text Content Removal,SAVED,,LLMR_stats_component_html_stats_top_title_del_e
stats-top-title,[attr.x-test-top-title],stats_component_html,delta-sibling,i,HTML Tag Removal,SAVED,,LLMR_stats_component_html_stats_top_title_del_i
stats-top-title,[attr.x-test-top-title],stats_component_html,delta-sibling,j,HTML Tag Type Modification,SAVED,,LLMR_stats_component_html_stats_top_title_del_j
stats-top-title,[attr.x-test-top-title],stats_component_html,delta-sibling,k,HTML Tag Insertion,SAVED,,LLMR_stats_component_html_stats_top_title_del_k
stats-top-title,[attr.x-test-top-title],stats_component_html,epsilon-component,d,Text Content Modification,NA,no-text-content,-
stats-top-title,[attr.x-test-top-title],stats_component_html,epsilon-component,e,Text Content Removal,NA,no-text-content,-
stats-top-title,[attr.x-test-top-title],stats_component_html,epsilon-component,a,Attribute Value Modification,SAVED,,LLMR_stats_component_html_stats_top_title_eps_a
stats-top-title,[attr.x-test-top-title],stats_component_html,epsilon-component,b,Attribute Removal,SAVED,,LLMR_stats_component_html_stats_top_title_eps_b
stats-top-title,[attr.x-test-top-title],stats_component_html,epsilon-component,c,Attribute Identifier Modification,SAVED,,LLMR_stats_component_html_stats_top_title_eps_c
stats-top-title,[attr.x-test-top-title],stats_component_html,epsilon-component,i,HTML Tag Removal,SAVED,,LLMR_stats_component_html_stats_top_title_eps_i
stats-top-title,[attr.x-test-top-title],stats_component_html,epsilon-component,j,HTML Tag Type Modification,SAVED,,LLMR_stats_component_html_stats_top_title_eps_j
stats-top-title,[attr.x-test-top-title],stats_component_html,epsilon-component,k,HTML Tag Insertion,SAVED,,LLMR_stats_component_html_stats_top_title_eps_k
