MutationId,Element,Name,Type,Status,Files,ExportFile
LLMR_app_component_html_app_footer_brand_alf_a,app_component_html,a,LLM_ROLE,COMPLETE,1,app_component_html__LLMR_app_component_html_app_footer_brand_alf_a.mut
LLMR_app_component_html_app_footer_brand_alf_b,app_component_html,b,LLM_ROLE,COMPLETE,1,app_component_html__LLMR_app_component_html_app_footer_brand_alf_b.mut
LLMR_app_component_html_app_footer_brand_alf_c,app_component_html,c,LLM_ROLE,COMPLETE,1,app_component_html__LLMR_app_component_html_app_footer_brand_alf_c.mut
LLMR_app_component_html_app_footer_brand_alf_d,app_component_html,d,LLM_ROLE,COMPLETE,1,app_component_html__LLMR_app_component_html_app_footer_brand_alf_d.mut
LLMR_app_component_html_app_footer_brand_alf_e,app_component_html,e,LLM_ROLE,COMPLETE,1,app_component_html__LLMR_app_component_html_app_footer_brand_alf_e.mut
LLMR_app_component_html_app_footer_brand_alf_f,app_component_html,f,LLM_ROLE,COMPLETE,1,app_component_html__LLMR_app_component_html_app_footer_brand_alf_f.mut
LLMR_app_component_html_app_footer_brand_alf_g,app_component_html,g,LLM_ROLE,COMPLETE,1,app_component_html__LLMR_app_component_html_app_footer_brand_alf_g.mut
LLMR_app_component_html_app_footer_brand_alf_j,app_component_html,j,LLM_ROLE,COMPLETE,1,app_component_html__LLMR_app_component_html_app_footer_brand_alf_j.mut
LLMR_app_component_html_app_footer_brand_alf_k,app_component_html,k,LLM_ROLE,COMPLETE,1,app_component_html__LLMR_app_component_html_app_footer_brand_alf_k.mut
LLMR_app_component_html_app_footer_brand_bet_a,app_component_html,a,LLM_ROLE,COMPLETE,1,app_component_html__LLMR_app_component_html_app_footer_brand_bet_a.mut
LLMR_app_component_html_app_footer_brand_bet_b,app_component_html,b,LLM_ROLE,COMPLETE,1,app_component_html__LLMR_app_component_html_app_footer_brand_bet_b.mut
LLMR_app_component_html_app_footer_brand_bet_c,app_component_html,c,LLM_ROLE,COMPLETE,1,app_component_html__LLMR_app_component_html_app_footer_brand_bet_c.mut
LLMR_app_component_html_app_footer_brand_bet_f,app_component_html,f,LLM_ROLE,COMPLETE,1,app_component_html__LLMR_app_component_html_app_footer_brand_bet_f.mut
LLMR_app_component_html_app_footer_brand_bet_g,app_component_html,g,LLM_ROLE,COMPLETE,1,app_component_html__LLMR_app_component_html_app_footer_brand_bet_g.mut
LLMR_app_component_html_app_footer_brand_bet_i,app_component_html,i,LLM_ROLE,COMPLETE,1,app_component_html__LLMR_app_component_html_app_footer_brand_bet_i.mut
LLMR_app_component_html_app_footer_brand_bet_j,app_component_html,j,LLM_ROLE,COMPLETE,1,app_component_html__LLMR_app_component_html_app_footer_brand_bet_j.mut
LLMR_app_component_html_app_footer_brand_bet_k,app_component_html,k,LLM_ROLE,COMPLETE,1,app_component_html__LLMR_app_component_html_app_footer_brand_bet_k.mut
LLMR_app_component_html_app_footer_brand_del_a,app_component_html,a,LLM_ROLE,COMPLETE,1,app_component_html__LLMR_app_component_html_app_footer_brand_del_a.mut
LLMR_app_component_html_app_footer_brand_del_b,app_component_html,b,LLM_ROLE,COMPLETE,1,app_component_html__LLMR_app_component_html_app_footer_brand_del_b.mut
LLMR_app_component_html_app_footer_brand_del_c,app_component_html,c,LLM_ROLE,COMPLETE,1,app_component_html__LLMR_app_component_html_app_footer_brand_del_c.mut
LLMR_app_component_html_app_footer_brand_del_d,app_component_html,d,LLM_ROLE,COMPLETE,1,app_component_html__LLMR_app_component_html_app_footer_brand_del_d.mut
LLMR_app_component_html_app_footer_brand_del_e,app_component_html,e,LLM_ROLE,COMPLETE,1,app_component_html__LLMR_app_component_html_app_footer_brand_del_e.mut
LLMR_app_component_html_app_footer_brand_del_f,app_component_html,f,LLM_ROLE,COMPLETE,1,app_component_html__LLMR_app_component_html_app_footer_brand_del_f.mut
LLMR_app_component_html_app_footer_brand_del_g,app_component_html,g,LLM_ROLE,COMPLETE,1,app_component_html__LLMR_app_component_html_app_footer_brand_del_g.mut
LLMR_app_component_html_app_footer_brand_del_i,app_component_html,i,LLM_ROLE,COMPLETE,1,app_component_html__LLMR_app_component_html_app_footer_brand_del_i.mut
LLMR_app_component_html_app_footer_brand_del_j,app_component_html,j,LLM_ROLE,COMPLETE,1,app_component_html__LLMR_app_component_html_app_footer_brand_del_j.mut
LLMR_app_component_html_app_footer_brand_del_k,app_component_html,k,LLM_ROLE,COMPLETE,1,app_component_html__LLMR_app_component_html_app_footer_brand_del_k.mut
LLMR_app_component_html_app_footer_brand_gam_a,app_component_html,a,LLM_ROLE,COMPLETE,1,app_component_html__LLMR_app_component_html_app_footer_brand_gam_a.mut
LLMR_app_component_html_app_footer_brand_gam_b,app_component_html,b,LLM_ROLE,COMPLETE,1,app_component_html__LLMR_app_component_html_app_footer_brand_gam_b.mut
LLMR_app_component_html_app_footer_brand_gam_c,app_component_html,c,LLM_ROLE,COMPLETE,1,app_component_html__LLMR_app_component_html_app_footer_brand_gam_c.mut
LLMR_app_component_html_app_footer_brand_gam_g,app_component_html,g,LLM_ROLE,COMPLETE,1,app_component_html__LLMR_app_component_html_app_footer_brand_gam_g.mut
LLMR_app_component_html_app_footer_brand_gam_i,app_component_html,i,LLM_ROLE,COMPLETE,1,app_component_html__LLMR_app_component_html_app_footer_brand_gam_i.mut
LLMR_app_component_html_app_footer_brand_gam_j,app_component_html,j,LLM_ROLE,COMPLETE,1,app_component_html__LLMR_app_component_html_app_footer_brand_gam_j.mut
LLMR_app_component_html_app_footer_brand_gam_k,app_component_html,k,LLM_ROLE,COMPLETE,1,app_component_html__LLMR_app_component_html_app_footer_brand_gam_k.mut
LLMR_app_component_html_app_footer_version_alf_a,app_component_html,a,LLM_ROLE,COMPLETE,1,app_component_html__LLMR_app_component_html_app_footer_version_alf_a.mut
LLMR_app_component_html_app_footer_version_alf_b,app_component_html,b,LLM_ROLE,COMPLETE,1,app_component_html__LLMR_app_component_html_app_footer_version_alf_b.mut
LLMR_app_component_html_app_footer_version_alf_c,app_component_html,c,LLM_ROLE,COMPLETE,1,app_component_html__LLMR_app_component_html_app_footer_version_alf_c.mut
LLMR_app_component_html_app_footer_version_alf_d,app_component_html,d,LLM_ROLE,COMPLETE,1,app_component_html__LLMR_app_component_html_app_footer_version_alf_d.mut
LLMR_app_component_html_app_footer_version_alf_e,app_component_html,e,LLM_ROLE,COMPLETE,1,app_component_html__LLMR_app_component_html_app_footer_version_alf_e.mut
LLMR_app_component_html_app_footer_version_alf_f,app_component_html,f,LLM_ROLE,COMPLETE,1,app_component_html__LLMR_app_component_html_app_footer_version_alf_f.mut
LLMR_app_component_html_app_footer_version_alf_g,app_component_html,g,LLM_ROLE,COMPLETE,1,app_component_html__LLMR_app_component_html_app_footer_version_alf_g.mut
LLMR_app_component_html_app_footer_version_alf_j,app_component_html,j,LLM_ROLE,COMPLETE,1,app_component_html__LLMR_app_component_html_app_footer_version_alf_j.mut
LLMR_app_component_html_app_footer_version_alf_k,app_component_html,k,LLM_ROLE,COMPLETE,1,app_component_html__LLMR_app_component_html_app_footer_version_alf_k.mut
LLMR_app_component_html_app_footer_version_bet_a,app_component_html,a,LLM_ROLE,COMPLETE,1,app_component_html__LLMR_app_component_html_app_footer_version_bet_a.mut
LLMR_app_component_html_app_footer_version_bet_b,app_component_html,b,LLM_ROLE,COMPLETE,1,app_component_html__LLMR_app_component_html_app_footer_version_bet_b.mut
LLMR_app_component_html_app_footer_version_bet_c,app_component_html,c,LLM_ROLE,COMPLETE,1,app_component_html__LLMR_app_component_html_app_footer_version_bet_c.mut
LLMR_app_component_html_app_footer_version_bet_f,app_component_html,f,LLM_ROLE,COMPLETE,1,app_component_html__LLMR_app_component_html_app_footer_version_bet_f.mut
LLMR_app_component_html_app_footer_version_bet_g,app_component_html,g,LLM_ROLE,COMPLETE,1,app_component_html__LLMR_app_component_html_app_footer_version_bet_g.mut
LLMR_app_component_html_app_footer_version_bet_i,app_component_html,i,LLM_ROLE,COMPLETE,1,app_component_html__LLMR_app_component_html_app_footer_version_bet_i.mut
LLMR_app_component_html_app_footer_version_bet_j,app_component_html,j,LLM_ROLE,COMPLETE,1,app_component_html__LLMR_app_component_html_app_footer_version_bet_j.mut
LLMR_app_component_html_app_footer_version_bet_k,app_component_html,k,LLM_ROLE,COMPLETE,1,app_component_html__LLMR_app_component_html_app_footer_version_bet_k.mut
LLMR_app_component_html_app_footer_version_del_a,app_component_html,a,LLM_ROLE,COMPLETE,1,app_component_html__LLMR_app_component_html_app_footer_version_del_a.mut
LLMR_app_component_html_app_footer_version_del_b,app_component_html,b,LLM_ROLE,COMPLETE,1,app_component_html__LLMR_app_component_html_app_footer_version_del_b.mut
LLMR_app_component_html_app_footer_version_del_c,app_component_html,c,LLM_ROLE,COMPLETE,1,app_component_html__LLMR_app_component_html_app_footer_version_del_c.mut
LLMR_app_component_html_app_footer_version_del_d,app_component_html,d,LLM_ROLE,COMPLETE,1,app_component_html__LLMR_app_component_html_app_footer_version_del_d.mut
LLMR_app_component_html_app_footer_version_del_e,app_component_html,e,LLM_ROLE,COMPLETE,1,app_component_html__LLMR_app_component_html_app_footer_version_del_e.mut
LLMR_app_component_html_app_footer_version_del_f,app_component_html,f,LLM_ROLE,COMPLETE,1,app_component_html__LLMR_app_component_html_app_footer_version_del_f.mut
LLMR_app_component_html_app_footer_version_del_g,app_component_html,g,LLM_ROLE,COMPLETE,1,app_component_html__LLMR_app_component_html_app_footer_version_del_g.mut
LLMR_app_component_html_app_footer_version_del_i,app_component_html,i,LLM_ROLE,COMPLETE,1,app_component_html__LLMR_app_component_html_app_footer_version_del_i.mut
LLMR_app_component_html_app_footer_version_del_j,app_component_html,j,LLM_ROLE,COMPLETE,1,app_component_html__LLMR_app_component_html_app_footer_version_del_j.mut
LLMR_app_component_html_app_footer_version_del_k,app_component_html,k,LLM_ROLE,COMPLETE,1,app_component_html__LLMR_app_component_html_app_footer_version_del_k.mut
LLMR_app_component_html_app_footer_version_gam_a,app_component_html,a,LLM_ROLE,COMPLETE,1,app_component_html__LLMR_app_component_html_app_footer_version_gam_a.mut
LLMR_app_component_html_app_footer_version_gam_c,app_component_html,c,LLM_ROLE,COMPLETE,1,app_component_html__LLMR_app_component_html_app_footer_version_gam_c.mut
LLMR_app_component_html_app_footer_version_gam_j,app_component_html,j,LLM_ROLE,COMPLETE,1,app_component_html__LLMR_app_component_html_app_footer_version_gam_j.mut
LLMR_app_component_html_app_footer_version_gam_k,app_component_html,k,LLM_ROLE,COMPLETE,1,app_component_html__LLMR_app_component_html_app_footer_version_gam_k.mut
LLMR_h_app_footer_brand_alf,app_component_html,h,LLM_ROLE,COMPLETE,2,app_component_html__LLMR_h_app_footer_brand_alf.mut
LLMR_h_app_footer_brand_bet,app_component_html,h,LLM_ROLE,COMPLETE,2,app_component_html__LLMR_h_app_footer_brand_bet.mut
LLMR_h_app_footer_brand_del,app_component_html,h,LLM_ROLE,COMPLETE,2,app_component_html__LLMR_h_app_footer_brand_del.mut
LLMR_h_app_footer_brand_gam,app_component_html,h,LLM_ROLE,COMPLETE,2,app_component_html__LLMR_h_app_footer_brand_gam.mut
LLMR_h_app_footer_version_alf,app_component_html,h,LLM_ROLE,COMPLETE,2,app_component_html__LLMR_h_app_footer_version_alf.mut
LLMR_h_app_footer_version_bet,app_component_html,h,LLM_ROLE,COMPLETE,2,app_component_html__LLMR_h_app_footer_version_bet.mut
LLMR_h_app_footer_version_del,app_component_html,h,LLM_ROLE,COMPLETE,2,app_component_html__LLMR_h_app_footer_version_del.mut
LLMR_h_header_brand_name_alf,header_component_html,h,LLM_ROLE,COMPLETE,2,header_component_html__LLMR_h_header_brand_name_alf.mut
LLMR_h_header_brand_name_bet,header_component_html,h,LLM_ROLE,COMPLETE,2,header_component_html__LLMR_h_header_brand_name_bet.mut
LLMR_h_header_brand_name_del,header_component_html,h,LLM_ROLE,COMPLETE,2,header_component_html__LLMR_h_header_brand_name_del.mut
LLMR_h_header_brand_name_gam,header_component_html,h,LLM_ROLE,COMPLETE,2,header_component_html__LLMR_h_header_brand_name_gam.mut
LLMR_h_header_nav_shopping_alf,header_component_html,h,LLM_ROLE,COMPLETE,2,header_component_html__LLMR_h_header_nav_shopping_alf.mut
LLMR_h_header_nav_shopping_bet,header_component_html,h,LLM_ROLE,COMPLETE,2,header_component_html__LLMR_h_header_nav_shopping_bet.mut
LLMR_h_header_nav_shopping_del,header_component_html,h,LLM_ROLE,COMPLETE,2,header_component_html__LLMR_h_header_nav_shopping_del.mut
LLMR_h_header_nav_shopping_gam,header_component_html,h,LLM_ROLE,COMPLETE,2,header_component_html__LLMR_h_header_nav_shopping_gam.mut
LLMR_h_header_nav_stats_alf,header_component_html,h,LLM_ROLE,COMPLETE,2,header_component_html__LLMR_h_header_nav_stats_alf.mut
LLMR_h_header_nav_stats_bet,header_component_html,h,LLM_ROLE,COMPLETE,2,header_component_html__LLMR_h_header_nav_stats_bet.mut
LLMR_h_header_nav_stats_del,header_component_html,h,LLM_ROLE,COMPLETE,2,header_component_html__LLMR_h_header_nav_stats_del.mut
LLMR_header_component_html_header_brand_name_alf_a,header_component_html,a,LLM_ROLE,COMPLETE,1,header_component_html__LLMR_header_component_html_header_brand_name_alf_a.mut
LLMR_header_component_html_header_brand_name_alf_b,header_component_html,b,LLM_ROLE,COMPLETE,1,header_component_html__LLMR_header_component_html_header_brand_name_alf_b.mut
LLMR_header_component_html_header_brand_name_alf_c,header_component_html,c,LLM_ROLE,COMPLETE,1,header_component_html__LLMR_header_component_html_header_brand_name_alf_c.mut
LLMR_header_component_html_header_brand_name_alf_d,header_component_html,d,LLM_ROLE,COMPLETE,1,header_component_html__LLMR_header_component_html_header_brand_name_alf_d.mut
LLMR_header_component_html_header_brand_name_alf_e,header_component_html,e,LLM_ROLE,COMPLETE,1,header_component_html__LLMR_header_component_html_header_brand_name_alf_e.mut
LLMR_header_component_html_header_brand_name_alf_f,header_component_html,f,LLM_ROLE,COMPLETE,1,header_component_html__LLMR_header_component_html_header_brand_name_alf_f.mut
LLMR_header_component_html_header_brand_name_alf_g,header_component_html,g,LLM_ROLE,COMPLETE,1,header_component_html__LLMR_header_component_html_header_brand_name_alf_g.mut
LLMR_header_component_html_header_brand_name_alf_j,header_component_html,j,LLM_ROLE,COMPLETE,1,header_component_html__LLMR_header_component_html_header_brand_name_alf_j.mut
LLMR_header_component_html_header_brand_name_alf_k,header_component_html,k,LLM_ROLE,COMPLETE,1,header_component_html__LLMR_header_component_html_header_brand_name_alf_k.mut
LLMR_header_component_html_header_brand_name_bet_a,header_component_html,a,LLM_ROLE,COMPLETE,1,header_component_html__LLMR_header_component_html_header_brand_name_bet_a.mut
LLMR_header_component_html_header_brand_name_bet_b,header_component_html,b,LLM_ROLE,COMPLETE,1,header_component_html__LLMR_header_component_html_header_brand_name_bet_b.mut
LLMR_header_component_html_header_brand_name_bet_c,header_component_html,c,LLM_ROLE,COMPLETE,1,header_component_html__LLMR_header_component_html_header_brand_name_bet_c.mut
LLMR_header_component_html_header_brand_name_bet_f,header_component_html,f,LLM_ROLE,COMPLETE,1,header_component_html__LLMR_header_component_html_header_brand_name_bet_f.mut
LLMR_header_component_html_header_brand_name_bet_g,header_component_html,g,LLM_ROLE,COMPLETE,1,header_component_html__LLMR_header_component_html_header_brand_name_bet_g.mut
LLMR_header_component_html_header_brand_name_bet_i,header_component_html,i,LLM_ROLE,COMPLETE,1,header_component_html__LLMR_header_component_html_header_brand_name_bet_i.mut
LLMR_header_component_html_header_brand_name_bet_j,header_component_html,j,LLM_ROLE,COMPLETE,1,header_component_html__LLMR_header_component_html_header_brand_name_bet_j.mut
LLMR_header_component_html_header_brand_name_bet_k,header_component_html,k,LLM_ROLE,COMPLETE,1,header_component_html__LLMR_header_component_html_header_brand_name_bet_k.mut
LLMR_header_component_html_header_brand_name_del_a,header_component_html,a,LLM_ROLE,COMPLETE,1,header_component_html__LLMR_header_component_html_header_brand_name_del_a.mut
LLMR_header_component_html_header_brand_name_del_b,header_component_html,b,LLM_ROLE,COMPLETE,1,header_component_html__LLMR_header_component_html_header_brand_name_del_b.mut
LLMR_header_component_html_header_brand_name_del_c,header_component_html,c,LLM_ROLE,COMPLETE,1,header_component_html__LLMR_header_component_html_header_brand_name_del_c.mut
LLMR_header_component_html_header_brand_name_del_d,header_component_html,d,LLM_ROLE,COMPLETE,1,header_component_html__LLMR_header_component_html_header_brand_name_del_d.mut
LLMR_header_component_html_header_brand_name_del_e,header_component_html,e,LLM_ROLE,COMPLETE,1,header_component_html__LLMR_header_component_html_header_brand_name_del_e.mut
LLMR_header_component_html_header_brand_name_del_f,header_component_html,f,LLM_ROLE,COMPLETE,1,header_component_html__LLMR_header_component_html_header_brand_name_del_f.mut
LLMR_header_component_html_header_brand_name_del_g,header_component_html,g,LLM_ROLE,COMPLETE,1,header_component_html__LLMR_header_component_html_header_brand_name_del_g.mut
LLMR_header_component_html_header_brand_name_del_i,header_component_html,i,LLM_ROLE,COMPLETE,1,header_component_html__LLMR_header_component_html_header_brand_name_del_i.mut
LLMR_header_component_html_header_brand_name_del_j,header_component_html,j,LLM_ROLE,COMPLETE,1,header_component_html__LLMR_header_component_html_header_brand_name_del_j.mut
LLMR_header_component_html_header_brand_name_del_k,header_component_html,k,LLM_ROLE,COMPLETE,1,header_component_html__LLMR_header_component_html_header_brand_name_del_k.mut
LLMR_header_component_html_header_brand_name_gam_a,header_component_html,a,LLM_ROLE,COMPLETE,1,header_component_html__LLMR_header_component_html_header_brand_name_gam_a.mut
LLMR_header_component_html_header_brand_name_gam_b,header_component_html,b,LLM_ROLE,COMPLETE,1,header_component_html__LLMR_header_component_html_header_brand_name_gam_b.mut
LLMR_header_component_html_header_brand_name_gam_c,header_component_html,c,LLM_ROLE,COMPLETE,1,header_component_html__LLMR_header_component_html_header_brand_name_gam_c.mut
LLMR_header_component_html_header_brand_name_gam_f,header_component_html,f,LLM_ROLE,COMPLETE,1,header_component_html__LLMR_header_component_html_header_brand_name_gam_f.mut
LLMR_header_component_html_header_brand_name_gam_g,header_component_html,g,LLM_ROLE,COMPLETE,1,header_component_html__LLMR_header_component_html_header_brand_name_gam_g.mut
LLMR_header_component_html_header_brand_name_gam_i,header_component_html,i,LLM_ROLE,COMPLETE,1,header_component_html__LLMR_header_component_html_header_brand_name_gam_i.mut
LLMR_header_component_html_header_brand_name_gam_j,header_component_html,j,LLM_ROLE,COMPLETE,1,header_component_html__LLMR_header_component_html_header_brand_name_gam_j.mut
LLMR_header_component_html_header_brand_name_gam_k,header_component_html,k,LLM_ROLE,COMPLETE,1,header_component_html__LLMR_header_component_html_header_brand_name_gam_k.mut
LLMR_header_component_html_header_nav_shopping_alf_a,header_component_html,a,LLM_ROLE,COMPLETE,1,header_component_html__LLMR_header_component_html_header_nav_shopping_alf_a.mut
LLMR_header_component_html_header_nav_shopping_alf_b,header_component_html,b,LLM_ROLE,COMPLETE,1,header_component_html__LLMR_header_component_html_header_nav_shopping_alf_b.mut
LLMR_header_component_html_header_nav_shopping_alf_c,header_component_html,c,LLM_ROLE,COMPLETE,1,header_component_html__LLMR_header_component_html_header_nav_shopping_alf_c.mut
LLMR_header_component_html_header_nav_shopping_alf_d,header_component_html,d,LLM_ROLE,COMPLETE,1,header_component_html__LLMR_header_component_html_header_nav_shopping_alf_d.mut
LLMR_header_component_html_header_nav_shopping_alf_e,header_component_html,e,LLM_ROLE,COMPLETE,1,header_component_html__LLMR_header_component_html_header_nav_shopping_alf_e.mut
LLMR_header_component_html_header_nav_shopping_alf_f,header_component_html,f,LLM_ROLE,COMPLETE,1,header_component_html__LLMR_header_component_html_header_nav_shopping_alf_f.mut
LLMR_header_component_html_header_nav_shopping_alf_g,header_component_html,g,LLM_ROLE,COMPLETE,1,header_component_html__LLMR_header_component_html_header_nav_shopping_alf_g.mut
LLMR_header_component_html_header_nav_shopping_alf_j,header_component_html,j,LLM_ROLE,COMPLETE,1,header_component_html__LLMR_header_component_html_header_nav_shopping_alf_j.mut
LLMR_header_component_html_header_nav_shopping_alf_k,header_component_html,k,LLM_ROLE,COMPLETE,1,header_component_html__LLMR_header_component_html_header_nav_shopping_alf_k.mut
LLMR_header_component_html_header_nav_shopping_bet_a,header_component_html,a,LLM_ROLE,COMPLETE,1,header_component_html__LLMR_header_component_html_header_nav_shopping_bet_a.mut
LLMR_header_component_html_header_nav_shopping_bet_b,header_component_html,b,LLM_ROLE,COMPLETE,1,header_component_html__LLMR_header_component_html_header_nav_shopping_bet_b.mut
LLMR_header_component_html_header_nav_shopping_bet_c,header_component_html,c,LLM_ROLE,COMPLETE,1,header_component_html__LLMR_header_component_html_header_nav_shopping_bet_c.mut
LLMR_header_component_html_header_nav_shopping_bet_f,header_component_html,f,LLM_ROLE,COMPLETE,1,header_component_html__LLMR_header_component_html_header_nav_shopping_bet_f.mut
LLMR_header_component_html_header_nav_shopping_bet_g,header_component_html,g,LLM_ROLE,COMPLETE,1,header_component_html__LLMR_header_component_html_header_nav_shopping_bet_g.mut
LLMR_header_component_html_header_nav_shopping_bet_i,header_component_html,i,LLM_ROLE,COMPLETE,1,header_component_html__LLMR_header_component_html_header_nav_shopping_bet_i.mut
LLMR_header_component_html_header_nav_shopping_bet_j,header_component_html,j,LLM_ROLE,COMPLETE,1,header_component_html__LLMR_header_component_html_header_nav_shopping_bet_j.mut
LLMR_header_component_html_header_nav_shopping_bet_k,header_component_html,k,LLM_ROLE,COMPLETE,1,header_component_html__LLMR_header_component_html_header_nav_shopping_bet_k.mut
LLMR_header_component_html_header_nav_shopping_del_a,header_component_html,a,LLM_ROLE,COMPLETE,1,header_component_html__LLMR_header_component_html_header_nav_shopping_del_a.mut
LLMR_header_component_html_header_nav_shopping_del_b,header_component_html,b,LLM_ROLE,COMPLETE,1,header_component_html__LLMR_header_component_html_header_nav_shopping_del_b.mut
LLMR_header_component_html_header_nav_shopping_del_c,header_component_html,c,LLM_ROLE,COMPLETE,1,header_component_html__LLMR_header_component_html_header_nav_shopping_del_c.mut
LLMR_header_component_html_header_nav_shopping_del_d,header_component_html,d,LLM_ROLE,COMPLETE,1,header_component_html__LLMR_header_component_html_header_nav_shopping_del_d.mut
LLMR_header_component_html_header_nav_shopping_del_e,header_component_html,e,LLM_ROLE,COMPLETE,1,header_component_html__LLMR_header_component_html_header_nav_shopping_del_e.mut
LLMR_header_component_html_header_nav_shopping_del_f,header_component_html,f,LLM_ROLE,COMPLETE,1,header_component_html__LLMR_header_component_html_header_nav_shopping_del_f.mut
LLMR_header_component_html_header_nav_shopping_del_g,header_component_html,g,LLM_ROLE,COMPLETE,1,header_component_html__LLMR_header_component_html_header_nav_shopping_del_g.mut
LLMR_header_component_html_header_nav_shopping_del_i,header_component_html,i,LLM_ROLE,COMPLETE,1,header_component_html__LLMR_header_component_html_header_nav_shopping_del_i.mut
LLMR_header_component_html_header_nav_shopping_del_j,header_component_html,j,LLM_ROLE,COMPLETE,1,header_component_html__LLMR_header_component_html_header_nav_shopping_del_j.mut
LLMR_header_component_html_header_nav_shopping_del_k,header_component_html,k,LLM_ROLE,COMPLETE,1,header_component_html__LLMR_header_component_html_header_nav_shopping_del_k.mut
LLMR_header_component_html_header_nav_shopping_gam_a,header_component_html,a,LLM_ROLE,COMPLETE,1,header_component_html__LLMR_header_component_html_header_nav_shopping_gam_a.mut
LLMR_header_component_html_header_nav_shopping_gam_b,header_component_html,b,LLM_ROLE,COMPLETE,1,header_component_html__LLMR_header_component_html_header_nav_shopping_gam_b.mut
LLMR_header_component_html_header_nav_shopping_gam_c,header_component_html,c,LLM_ROLE,COMPLETE,1,header_component_html__LLMR_header_component_html_header_nav_shopping_gam_c.mut
LLMR_header_component_html_header_nav_shopping_gam_g,header_component_html,g,LLM_ROLE,COMPLETE,1,header_component_html__LLMR_header_component_html_header_nav_shopping_gam_g.mut
LLMR_header_component_html_header_nav_shopping_gam_i,header_component_html,i,LLM_ROLE,COMPLETE,1,header_component_html__LLMR_header_component_html_header_nav_shopping_gam_i.mut
LLMR_header_component_html_header_nav_shopping_gam_j,header_component_html,j,LLM_ROLE,COMPLETE,1,header_component_html__LLMR_header_component_html_header_nav_shopping_gam_j.mut
LLMR_header_component_html_header_nav_shopping_gam_k,header_component_html,k,LLM_ROLE,COMPLETE,1,header_component_html__LLMR_header_component_html_header_nav_shopping_gam_k.mut
LLMR_header_component_html_header_nav_stats_alf_a,header_component_html,a,LLM_ROLE,COMPLETE,1,header_component_html__LLMR_header_component_html_header_nav_stats_alf_a.mut
LLMR_header_component_html_header_nav_stats_alf_b,header_component_html,b,LLM_ROLE,COMPLETE,1,header_component_html__LLMR_header_component_html_header_nav_stats_alf_b.mut
LLMR_header_component_html_header_nav_stats_alf_c,header_component_html,c,LLM_ROLE,COMPLETE,1,header_component_html__LLMR_header_component_html_header_nav_stats_alf_c.mut
LLMR_header_component_html_header_nav_stats_alf_d,header_component_html,d,LLM_ROLE,COMPLETE,1,header_component_html__LLMR_header_component_html_header_nav_stats_alf_d.mut
LLMR_header_component_html_header_nav_stats_alf_e,header_component_html,e,LLM_ROLE,COMPLETE,1,header_component_html__LLMR_header_component_html_header_nav_stats_alf_e.mut
LLMR_header_component_html_header_nav_stats_alf_f,header_component_html,f,LLM_ROLE,COMPLETE,1,header_component_html__LLMR_header_component_html_header_nav_stats_alf_f.mut
LLMR_header_component_html_header_nav_stats_alf_g,header_component_html,g,LLM_ROLE,COMPLETE,1,header_component_html__LLMR_header_component_html_header_nav_stats_alf_g.mut
LLMR_header_component_html_header_nav_stats_alf_j,header_component_html,j,LLM_ROLE,COMPLETE,1,header_component_html__LLMR_header_component_html_header_nav_stats_alf_j.mut
LLMR_header_component_html_header_nav_stats_alf_k,header_component_html,k,LLM_ROLE,COMPLETE,1,header_component_html__LLMR_header_component_html_header_nav_stats_alf_k.mut
LLMR_header_component_html_header_nav_stats_bet_a,header_component_html,a,LLM_ROLE,COMPLETE,1,header_component_html__LLMR_header_component_html_header_nav_stats_bet_a.mut
LLMR_header_component_html_header_nav_stats_bet_b,header_component_html,b,LLM_ROLE,COMPLETE,1,header_component_html__LLMR_header_component_html_header_nav_stats_bet_b.mut
LLMR_header_component_html_header_nav_stats_bet_c,header_component_html,c,LLM_ROLE,COMPLETE,1,header_component_html__LLMR_header_component_html_header_nav_stats_bet_c.mut
LLMR_header_component_html_header_nav_stats_bet_f,header_component_html,f,LLM_ROLE,COMPLETE,1,header_component_html__LLMR_header_component_html_header_nav_stats_bet_f.mut
LLMR_header_component_html_header_nav_stats_bet_g,header_component_html,g,LLM_ROLE,COMPLETE,1,header_component_html__LLMR_header_component_html_header_nav_stats_bet_g.mut
LLMR_header_component_html_header_nav_stats_bet_i,header_component_html,i,LLM_ROLE,COMPLETE,1,header_component_html__LLMR_header_component_html_header_nav_stats_bet_i.mut
LLMR_header_component_html_header_nav_stats_bet_j,header_component_html,j,LLM_ROLE,COMPLETE,1,header_component_html__LLMR_header_component_html_header_nav_stats_bet_j.mut
LLMR_header_component_html_header_nav_stats_bet_k,header_component_html,k,LLM_ROLE,COMPLETE,1,header_component_html__LLMR_header_component_html_header_nav_stats_bet_k.mut
LLMR_header_component_html_header_nav_stats_del_a,header_component_html,a,LLM_ROLE,COMPLETE,1,header_component_html__LLMR_header_component_html_header_nav_stats_del_a.mut
LLMR_header_component_html_header_nav_stats_del_b,header_component_html,b,LLM_ROLE,COMPLETE,1,header_component_html__LLMR_header_component_html_header_nav_stats_del_b.mut
LLMR_header_component_html_header_nav_stats_del_c,header_component_html,c,LLM_ROLE,COMPLETE,1,header_component_html__LLMR_header_component_html_header_nav_stats_del_c.mut
LLMR_header_component_html_header_nav_stats_del_d,header_component_html,d,LLM_ROLE,COMPLETE,1,header_component_html__LLMR_header_component_html_header_nav_stats_del_d.mut
LLMR_header_component_html_header_nav_stats_del_e,header_component_html,e,LLM_ROLE,COMPLETE,1,header_component_html__LLMR_header_component_html_header_nav_stats_del_e.mut
LLMR_header_component_html_header_nav_stats_del_f,header_component_html,f,LLM_ROLE,COMPLETE,1,header_component_html__LLMR_header_component_html_header_nav_stats_del_f.mut
LLMR_header_component_html_header_nav_stats_del_g,header_component_html,g,LLM_ROLE,COMPLETE,1,header_component_html__LLMR_header_component_html_header_nav_stats_del_g.mut
LLMR_header_component_html_header_nav_stats_del_i,header_component_html,i,LLM_ROLE,COMPLETE,1,header_component_html__LLMR_header_component_html_header_nav_stats_del_i.mut
LLMR_header_component_html_header_nav_stats_del_j,header_component_html,j,LLM_ROLE,COMPLETE,1,header_component_html__LLMR_header_component_html_header_nav_stats_del_j.mut
LLMR_header_component_html_header_nav_stats_del_k,header_component_html,k,LLM_ROLE,COMPLETE,1,header_component_html__LLMR_header_component_html_header_nav_stats_del_k.mut
LLMR_header_component_html_header_nav_stats_gam_a,header_component_html,a,LLM_ROLE,COMPLETE,1,header_component_html__LLMR_header_component_html_header_nav_stats_gam_a.mut
LLMR_header_component_html_header_nav_stats_gam_c,header_component_html,c,LLM_ROLE,COMPLETE,1,header_component_html__LLMR_header_component_html_header_nav_stats_gam_c.mut
LLMR_h_ingredient_row_ing_name_alf,ingredient_row_component_html,h,LLM_ROLE,HELD,2,ingredient_row_component_html__LLMR_h_ingredient_row_ing_name_alf.mut
LLMR_h_ingredient_row_ing_name_del,ingredient_row_component_html,h,LLM_ROLE,HELD,2,ingredient_row_component_html__LLMR_h_ingredient_row_ing_name_del.mut
LLMR_h_ingredient_row_ing_qty_alf,ingredient_row_component_html,h,LLM_ROLE,HELD,2,ingredient_row_component_html__LLMR_h_ingredient_row_ing_qty_alf.mut
LLMR_h_ingredient_row_ing_qty_bet,ingredient_row_component_html,h,LLM_ROLE,HELD,2,ingredient_row_component_html__LLMR_h_ingredient_row_ing_qty_bet.mut
LLMR_h_ingredient_row_ing_qty_del,ingredient_row_component_html,h,LLM_ROLE,HELD,2,ingredient_row_component_html__LLMR_h_ingredient_row_ing_qty_del.mut
LLMR_h_ingredient_row_ing_qty_gam,ingredient_row_component_html,h,LLM_ROLE,HELD,2,ingredient_row_component_html__LLMR_h_ingredient_row_ing_qty_gam.mut
LLMR_ingredient_row_component_html_ingredient_row_ing_name_alf_a,ingredient_row_component_html,a,LLM_ROLE,HELD,1,ingredient_row_component_html__LLMR_ingredient_row_component_html_ingredient_row_ing_name_alf_a.mut
LLMR_ingredient_row_component_html_ingredient_row_ing_name_alf_b,ingredient_row_component_html,b,LLM_ROLE,HELD,1,ingredient_row_component_html__LLMR_ingredient_row_component_html_ingredient_row_ing_name_alf_b.mut
LLMR_ingredient_row_component_html_ingredient_row_ing_name_alf_c,ingredient_row_component_html,c,LLM_ROLE,HELD,1,ingredient_row_component_html__LLMR_ingredient_row_component_html_ingredient_row_ing_name_alf_c.mut
LLMR_ingredient_row_component_html_ingredient_row_ing_name_alf_d,ingredient_row_component_html,d,LLM_ROLE,HELD,1,ingredient_row_component_html__LLMR_ingredient_row_component_html_ingredient_row_ing_name_alf_d.mut
LLMR_ingredient_row_component_html_ingredient_row_ing_name_alf_e,ingredient_row_component_html,e,LLM_ROLE,HELD,1,ingredient_row_component_html__LLMR_ingredient_row_component_html_ingredient_row_ing_name_alf_e.mut
LLMR_ingredient_row_component_html_ingredient_row_ing_name_alf_f,ingredient_row_component_html,f,LLM_ROLE,HELD,1,ingredient_row_component_html__LLMR_ingredient_row_component_html_ingredient_row_ing_name_alf_f.mut
LLMR_ingredient_row_component_html_ingredient_row_ing_name_alf_g,ingredient_row_component_html,g,LLM_ROLE,HELD,1,ingredient_row_component_html__LLMR_ingredient_row_component_html_ingredient_row_ing_name_alf_g.mut
LLMR_ingredient_row_component_html_ingredient_row_ing_name_alf_j,ingredient_row_component_html,j,LLM_ROLE,HELD,1,ingredient_row_component_html__LLMR_ingredient_row_component_html_ingredient_row_ing_name_alf_j.mut
LLMR_ingredient_row_component_html_ingredient_row_ing_name_alf_k,ingredient_row_component_html,k,LLM_ROLE,HELD,1,ingredient_row_component_html__LLMR_ingredient_row_component_html_ingredient_row_ing_name_alf_k.mut
LLMR_ingredient_row_component_html_ingredient_row_ing_name_bet_a,ingredient_row_component_html,a,LLM_ROLE,HELD,1,ingredient_row_component_html__LLMR_ingredient_row_component_html_ingredient_row_ing_name_bet_a.mut
LLMR_ingredient_row_component_html_ingredient_row_ing_name_bet_c,ingredient_row_component_html,c,LLM_ROLE,HELD,1,ingredient_row_component_html__LLMR_ingredient_row_component_html_ingredient_row_ing_name_bet_c.mut
LLMR_ingredient_row_component_html_ingredient_row_ing_name_bet_k,ingredient_row_component_html,k,LLM_ROLE,HELD,1,ingredient_row_component_html__LLMR_ingredient_row_component_html_ingredient_row_ing_name_bet_k.mut
LLMR_ingredient_row_component_html_ingredient_row_ing_name_del_a,ingredient_row_component_html,a,LLM_ROLE,HELD,1,ingredient_row_component_html__LLMR_ingredient_row_component_html_ingredient_row_ing_name_del_a.mut
LLMR_ingredient_row_component_html_ingredient_row_ing_name_del_b,ingredient_row_component_html,b,LLM_ROLE,HELD,1,ingredient_row_component_html__LLMR_ingredient_row_component_html_ingredient_row_ing_name_del_b.mut
LLMR_ingredient_row_component_html_ingredient_row_ing_name_del_c,ingredient_row_component_html,c,LLM_ROLE,HELD,1,ingredient_row_component_html__LLMR_ingredient_row_component_html_ingredient_row_ing_name_del_c.mut
LLMR_ingredient_row_component_html_ingredient_row_ing_name_del_d,ingredient_row_component_html,d,LLM_ROLE,HELD,1,ingredient_row_component_html__LLMR_ingredient_row_component_html_ingredient_row_ing_name_del_d.mut
LLMR_ingredient_row_component_html_ingredient_row_ing_name_del_e,ingredient_row_component_html,e,LLM_ROLE,HELD,1,ingredient_row_component_html__LLMR_ingredient_row_component_html_ingredient_row_ing_name_del_e.mut
LLMR_ingredient_row_component_html_ingredient_row_ing_name_del_f,ingredient_row_component_html,f,LLM_ROLE,HELD,1,ingredient_row_component_html__LLMR_ingredient_row_component_html_ingredient_row_ing_name_del_f.mut
LLMR_ingredient_row_component_html_ingredient_row_ing_name_del_g,ingredient_row_component_html,g,LLM_ROLE,HELD,1,ingredient_row_component_html__LLMR_ingredient_row_component_html_ingredient_row_ing_name_del_g.mut
LLMR_ingredient_row_component_html_ingredient_row_ing_name_del_i,ingredient_row_component_html,i,LLM_ROLE,HELD,1,ingredient_row_component_html__LLMR_ingredient_row_component_html_ingredient_row_ing_name_del_i.mut
LLMR_ingredient_row_component_html_ingredient_row_ing_name_del_j,ingredient_row_component_html,j,LLM_ROLE,HELD,1,ingredient_row_component_html__LLMR_ingredient_row_component_html_ingredient_row_ing_name_del_j.mut
LLMR_ingredient_row_component_html_ingredient_row_ing_name_del_k,ingredient_row_component_html,k,LLM_ROLE,HELD,1,ingredient_row_component_html__LLMR_ingredient_row_component_html_ingredient_row_ing_name_del_k.mut
LLMR_ingredient_row_component_html_ingredient_row_ing_name_gam_a,ingredient_row_component_html,a,LLM_ROLE,HELD,1,ingredient_row_component_html__LLMR_ingredient_row_component_html_ingredient_row_ing_name_gam_a.mut
LLMR_ingredient_row_component_html_ingredient_row_ing_name_gam_b,ingredient_row_component_html,b,LLM_ROLE,HELD,1,ingredient_row_component_html__LLMR_ingredient_row_component_html_ingredient_row_ing_name_gam_b.mut
LLMR_ingredient_row_component_html_ingredient_row_ing_name_gam_c,ingredient_row_component_html,c,LLM_ROLE,HELD,1,ingredient_row_component_html__LLMR_ingredient_row_component_html_ingredient_row_ing_name_gam_c.mut
LLMR_ingredient_row_component_html_ingredient_row_ing_name_gam_j,ingredient_row_component_html,j,LLM_ROLE,HELD,1,ingredient_row_component_html__LLMR_ingredient_row_component_html_ingredient_row_ing_name_gam_j.mut
LLMR_ingredient_row_component_html_ingredient_row_ing_name_gam_k,ingredient_row_component_html,k,LLM_ROLE,HELD,1,ingredient_row_component_html__LLMR_ingredient_row_component_html_ingredient_row_ing_name_gam_k.mut
LLMR_ingredient_row_component_html_ingredient_row_ing_qty_alf_a,ingredient_row_component_html,a,LLM_ROLE,HELD,1,ingredient_row_component_html__LLMR_ingredient_row_component_html_ingredient_row_ing_qty_alf_a.mut
LLMR_ingredient_row_component_html_ingredient_row_ing_qty_alf_b,ingredient_row_component_html,b,LLM_ROLE,HELD,1,ingredient_row_component_html__LLMR_ingredient_row_component_html_ingredient_row_ing_qty_alf_b.mut
LLMR_ingredient_row_component_html_ingredient_row_ing_qty_alf_c,ingredient_row_component_html,c,LLM_ROLE,HELD,1,ingredient_row_component_html__LLMR_ingredient_row_component_html_ingredient_row_ing_qty_alf_c.mut
LLMR_ingredient_row_component_html_ingredient_row_ing_qty_alf_d,ingredient_row_component_html,d,LLM_ROLE,HELD,1,ingredient_row_component_html__LLMR_ingredient_row_component_html_ingredient_row_ing_qty_alf_d.mut
LLMR_ingredient_row_component_html_ingredient_row_ing_qty_alf_e,ingredient_row_component_html,e,LLM_ROLE,HELD,1,ingredient_row_component_html__LLMR_ingredient_row_component_html_ingredient_row_ing_qty_alf_e.mut
LLMR_ingredient_row_component_html_ingredient_row_ing_qty_alf_f,ingredient_row_component_html,f,LLM_ROLE,HELD,1,ingredient_row_component_html__LLMR_ingredient_row_component_html_ingredient_row_ing_qty_alf_f.mut
LLMR_ingredient_row_component_html_ingredient_row_ing_qty_alf_g,ingredient_row_component_html,g,LLM_ROLE,HELD,1,ingredient_row_component_html__LLMR_ingredient_row_component_html_ingredient_row_ing_qty_alf_g.mut
LLMR_ingredient_row_component_html_ingredient_row_ing_qty_alf_j,ingredient_row_component_html,j,LLM_ROLE,HELD,1,ingredient_row_component_html__LLMR_ingredient_row_component_html_ingredient_row_ing_qty_alf_j.mut
LLMR_ingredient_row_component_html_ingredient_row_ing_qty_alf_k,ingredient_row_component_html,k,LLM_ROLE,HELD,1,ingredient_row_component_html__LLMR_ingredient_row_component_html_ingredient_row_ing_qty_alf_k.mut
LLMR_ingredient_row_component_html_ingredient_row_ing_qty_bet_a,ingredient_row_component_html,a,LLM_ROLE,HELD,1,ingredient_row_component_html__LLMR_ingredient_row_component_html_ingredient_row_ing_qty_bet_a.mut
LLMR_ingredient_row_component_html_ingredient_row_ing_qty_bet_b,ingredient_row_component_html,b,LLM_ROLE,HELD,1,ingredient_row_component_html__LLMR_ingredient_row_component_html_ingredient_row_ing_qty_bet_b.mut
LLMR_ingredient_row_component_html_ingredient_row_ing_qty_bet_c,ingredient_row_component_html,c,LLM_ROLE,HELD,1,ingredient_row_component_html__LLMR_ingredient_row_component_html_ingredient_row_ing_qty_bet_c.mut
LLMR_ingredient_row_component_html_ingredient_row_ing_qty_bet_f,ingredient_row_component_html,f,LLM_ROLE,HELD,1,ingredient_row_component_html__LLMR_ingredient_row_component_html_ingredient_row_ing_qty_bet_f.mut
LLMR_ingredient_row_component_html_ingredient_row_ing_qty_bet_i,ingredient_row_component_html,i,LLM_ROLE,HELD,1,ingredient_row_component_html__LLMR_ingredient_row_component_html_ingredient_row_ing_qty_bet_i.mut
LLMR_ingredient_row_component_html_ingredient_row_ing_qty_bet_j,ingredient_row_component_html,j,LLM_ROLE,HELD,1,ingredient_row_component_html__LLMR_ingredient_row_component_html_ingredient_row_ing_qty_bet_j.mut
LLMR_ingredient_row_component_html_ingredient_row_ing_qty_bet_k,ingredient_row_component_html,k,LLM_ROLE,HELD,1,ingredient_row_component_html__LLMR_ingredient_row_component_html_ingredient_row_ing_qty_bet_k.mut
LLMR_ingredient_row_component_html_ingredient_row_ing_qty_del_a,ingredient_row_component_html,a,LLM_ROLE,HELD,1,ingredient_row_component_html__LLMR_ingredient_row_component_html_ingredient_row_ing_qty_del_a.mut
LLMR_ingredient_row_component_html_ingredient_row_ing_qty_del_b,ingredient_row_component_html,b,LLM_ROLE,HELD,1,ingredient_row_component_html__LLMR_ingredient_row_component_html_ingredient_row_ing_qty_del_b.mut
LLMR_ingredient_row_component_html_ingredient_row_ing_qty_del_c,ingredient_row_component_html,c,LLM_ROLE,HELD,1,ingredient_row_component_html__LLMR_ingredient_row_component_html_ingredient_row_ing_qty_del_c.mut
LLMR_ingredient_row_component_html_ingredient_row_ing_qty_del_d,ingredient_row_component_html,d,LLM_ROLE,HELD,1,ingredient_row_component_html__LLMR_ingredient_row_component_html_ingredient_row_ing_qty_del_d.mut
LLMR_ingredient_row_component_html_ingredient_row_ing_qty_del_e,ingredient_row_component_html,e,LLM_ROLE,HELD,1,ingredient_row_component_html__LLMR_ingredient_row_component_html_ingredient_row_ing_qty_del_e.mut
LLMR_ingredient_row_component_html_ingredient_row_ing_qty_del_f,ingredient_row_component_html,f,LLM_ROLE,HELD,1,ingredient_row_component_html__LLMR_ingredient_row_component_html_ingredient_row_ing_qty_del_f.mut
LLMR_ingredient_row_component_html_ingredient_row_ing_qty_del_g,ingredient_row_component_html,g,LLM_ROLE,HELD,1,ingredient_row_component_html__LLMR_ingredient_row_component_html_ingredient_row_ing_qty_del_g.mut
LLMR_ingredient_row_component_html_ingredient_row_ing_qty_del_i,ingredient_row_component_html,i,LLM_ROLE,HELD,1,ingredient_row_component_html__LLMR_ingredient_row_component_html_ingredient_row_ing_qty_del_i.mut
LLMR_ingredient_row_component_html_ingredient_row_ing_qty_del_j,ingredient_row_component_html,j,LLM_ROLE,HELD,1,ingredient_row_component_html__LLMR_ingredient_row_component_html_ingredient_row_ing_qty_del_j.mut
LLMR_ingredient_row_component_html_ingredient_row_ing_qty_del_k,ingredient_row_component_html,k,LLM_ROLE,HELD,1,ingredient_row_component_html__LLMR_ingredient_row_component_html_ingredient_row_ing_qty_del_k.mut
LLMR_ingredient_row_component_html_ingredient_row_ing_qty_gam_a,ingredient_row_component_html,a,LLM_ROLE,HELD,1,ingredient_row_component_html__LLMR_ingredient_row_component_html_ingredient_row_ing_qty_gam_a.mut
LLMR_ingredient_row_component_html_ingredient_row_ing_qty_gam_b,ingredient_row_component_html,b,LLM_ROLE,HELD,1,ingredient_row_component_html__LLMR_ingredient_row_component_html_ingredient_row_ing_qty_gam_b.mut
LLMR_ingredient_row_component_html_ingredient_row_ing_qty_gam_c,ingredient_row_component_html,c,LLM_ROLE,HELD,1,ingredient_row_component_html__LLMR_ingredient_row_component_html_ingredient_row_ing_qty_gam_c.mut
LLMR_ingredient_row_component_html_ingredient_row_ing_qty_gam_j,ingredient_row_component_html,j,LLM_ROLE,HELD,1,ingredient_row_component_html__LLMR_ingredient_row_component_html_ingredient_row_ing_qty_gam_j.mut
LLMR_ingredient_row_component_html_ingredient_row_ing_qty_gam_k,ingredient_row_component_html,k,LLM_ROLE,HELD,1,ingredient_row_component_html__LLMR_ingredient_row_component_html_ingredient_row_ing_qty_gam_k.mut
LLMR_h_recipe_card_card_alf,recipe_card_component_html,h,LLM_ROLE,HELD,2,recipe_card_component_html__LLMR_h_recipe_card_card_alf.mut
LLMR_h_recipe_card_card_bet,recipe_card_component_html,h,LLM_ROLE,HELD,2,recipe_card_component_html__LLMR_h_recipe_card_card_bet.mut
LLMR_h_recipe_card_card_del,recipe_card_component_html,h,LLM_ROLE,HELD,2,recipe_card_component_html__LLMR_h_recipe_card_card_del.mut
LLMR_h_recipe_card_card_fav_alf,recipe_card_component_html,h,LLM_ROLE,HELD,2,recipe_card_component_html__LLMR_h_recipe_card_card_fav_alf.mut
LLMR_h_recipe_card_card_fav_gam,recipe_card_component_html,h,LLM_ROLE,HELD,2,recipe_card_component_html__LLMR_h_recipe_card_card_fav_gam.mut
LLMR_h_recipe_card_card_gam,recipe_card_component_html,h,LLM_ROLE,HELD,2,recipe_card_component_html__LLMR_h_recipe_card_card_gam.mut
LLMR_h_recipe_card_card_time_alf,recipe_card_component_html,h,LLM_ROLE,HELD,2,recipe_card_component_html__LLMR_h_recipe_card_card_time_alf.mut
LLMR_h_recipe_card_card_time_bet,recipe_card_component_html,h,LLM_ROLE,HELD,2,recipe_card_component_html__LLMR_h_recipe_card_card_time_bet.mut
LLMR_h_recipe_card_card_time_del,recipe_card_component_html,h,LLM_ROLE,HELD,2,recipe_card_component_html__LLMR_h_recipe_card_card_time_del.mut
LLMR_h_recipe_card_card_time_gam,recipe_card_component_html,h,LLM_ROLE,HELD,2,recipe_card_component_html__LLMR_h_recipe_card_card_time_gam.mut
LLMR_h_recipe_card_card_title_alf,recipe_card_component_html,h,LLM_ROLE,HELD,2,recipe_card_component_html__LLMR_h_recipe_card_card_title_alf.mut
LLMR_h_recipe_card_card_title_bet,recipe_card_component_html,h,LLM_ROLE,HELD,2,recipe_card_component_html__LLMR_h_recipe_card_card_title_bet.mut
LLMR_h_recipe_card_card_title_del,recipe_card_component_html,h,LLM_ROLE,HELD,2,recipe_card_component_html__LLMR_h_recipe_card_card_title_del.mut
LLMR_h_recipe_card_card_title_gam,recipe_card_component_html,h,LLM_ROLE,HELD,2,recipe_card_component_html__LLMR_h_recipe_card_card_title_gam.mut
LLMR_recipe_card_component_html_recipe_card_card_alf_a,recipe_card_component_html,a,LLM_ROLE,HELD,1,recipe_card_component_html__LLMR_recipe_card_component_html_recipe_card_card_alf_a.mut
LLMR_recipe_card_component_html_recipe_card_card_alf_b,recipe_card_component_html,b,LLM_ROLE,HELD,1,recipe_card_component_html__LLMR_recipe_card_component_html_recipe_card_card_alf_b.mut
LLMR_recipe_card_component_html_recipe_card_card_alf_c,recipe_card_component_html,c,LLM_ROLE,HELD,1,recipe_card_component_html__LLMR_recipe_card_component_html_recipe_card_card_alf_c.mut
LLMR_recipe_card_component_html_recipe_card_card_alf_f,recipe_card_component_html,f,LLM_ROLE,HELD,1,recipe_card_component_html__LLMR_recipe_card_component_html_recipe_card_card_alf_f.mut
LLMR_recipe_card_component_html_recipe_card_card_alf_g,recipe_card_component_html,g,LLM_ROLE,HELD,1,recipe_card_component_html__LLMR_recipe_card_component_html_recipe_card_card_alf_g.mut
LLMR_recipe_card_component_html_recipe_card_card_alf_j,recipe_card_component_html,j,LLM_ROLE,HELD,1,recipe_card_component_html__LLMR_recipe_card_component_html_recipe_card_card_alf_j.mut
LLMR_recipe_card_component_html_recipe_card_card_alf_k,recipe_card_component_html,k,LLM_ROLE,HELD,1,recipe_card_component_html__LLMR_recipe_card_component_html_recipe_card_card_alf_k.mut
LLMR_recipe_card_component_html_recipe_card_card_bet_a,recipe_card_component_html,a,LLM_ROLE,HELD,1,recipe_card_component_html__LLMR_recipe_card_component_html_recipe_card_card_bet_a.mut
LLMR_recipe_card_component_html_recipe_card_card_bet_b,recipe_card_component_html,b,LLM_ROLE,HELD,1,recipe_card_component_html__LLMR_recipe_card_component_html_recipe_card_card_bet_b.mut
LLMR_recipe_card_component_html_recipe_card_card_bet_c,recipe_card_component_html,c,LLM_ROLE,HELD,1,recipe_card_component_html__LLMR_recipe_card_component_html_recipe_card_card_bet_c.mut
LLMR_recipe_card_component_html_recipe_card_card_bet_i,recipe_card_component_html,i,LLM_ROLE,HELD,1,recipe_card_component_html__LLMR_recipe_card_component_html_recipe_card_card_bet_i.mut
LLMR_recipe_card_component_html_recipe_card_card_bet_j,recipe_card_component_html,j,LLM_ROLE,HELD,1,recipe_card_component_html__LLMR_recipe_card_component_html_recipe_card_card_bet_j.mut
LLMR_recipe_card_component_html_recipe_card_card_bet_k,recipe_card_component_html,k,LLM_ROLE,HELD,1,recipe_card_component_html__LLMR_recipe_card_component_html_recipe_card_card_bet_k.mut
LLMR_recipe_card_component_html_recipe_card_card_del_a,recipe_card_component_html,a,LLM_ROLE,HELD,1,recipe_card_component_html__LLMR_recipe_card_component_html_recipe_card_card_del_a.mut
LLMR_recipe_card_component_html_recipe_card_card_del_b,recipe_card_component_html,b,LLM_ROLE,HELD,1,recipe_card_component_html__LLMR_recipe_card_component_html_recipe_card_card_del_b.mut
LLMR_recipe_card_component_html_recipe_card_card_del_c,recipe_card_component_html,c,LLM_ROLE,HELD,1,recipe_card_component_html__LLMR_recipe_card_component_html_recipe_card_card_del_c.mut
LLMR_recipe_card_component_html_recipe_card_card_del_d,recipe_card_component_html,d,LLM_ROLE,HELD,1,recipe_card_component_html__LLMR_recipe_card_component_html_recipe_card_card_del_d.mut
LLMR_recipe_card_component_html_recipe_card_card_del_e,recipe_card_component_html,e,LLM_ROLE,HELD,1,recipe_card_component_html__LLMR_recipe_card_component_html_recipe_card_card_del_e.mut
LLMR_recipe_card_component_html_recipe_card_card_del_f,recipe_card_component_html,f,LLM_ROLE,HELD,1,recipe_card_component_html__LLMR_recipe_card_component_html_recipe_card_card_del_f.mut
LLMR_recipe_card_component_html_recipe_card_card_del_g,recipe_card_component_html,g,LLM_ROLE,HELD,1,recipe_card_component_html__LLMR_recipe_card_component_html_recipe_card_card_del_g.mut
LLMR_recipe_card_component_html_recipe_card_card_del_i,recipe_card_component_html,i,LLM_ROLE,HELD,1,recipe_card_component_html__LLMR_recipe_card_component_html_recipe_card_card_del_i.mut
LLMR_recipe_card_component_html_recipe_card_card_del_j,recipe_card_component_html,j,LLM_ROLE,HELD,1,recipe_card_component_html__LLMR_recipe_card_component_html_recipe_card_card_del_j.mut
LLMR_recipe_card_component_html_recipe_card_card_del_k,recipe_card_component_html,k,LLM_ROLE,HELD,1,recipe_card_component_html__LLMR_recipe_card_component_html_recipe_card_card_del_k.mut
LLMR_recipe_card_component_html_recipe_card_card_fav_alf_a,recipe_card_component_html,a,LLM_ROLE,HELD,1,recipe_card_component_html__LLMR_recipe_card_component_html_recipe_card_card_fav_alf_a.mut
LLMR_recipe_card_component_html_recipe_card_card_fav_alf_b,recipe_card_component_html,b,LLM_ROLE,HELD,1,recipe_card_component_html__LLMR_recipe_card_component_html_recipe_card_card_fav_alf_b.mut
LLMR_recipe_card_component_html_recipe_card_card_fav_alf_c,recipe_card_component_html,c,LLM_ROLE,HELD,1,recipe_card_component_html__LLMR_recipe_card_component_html_recipe_card_card_fav_alf_c.mut
LLMR_recipe_card_component_html_recipe_card_card_fav_alf_d,recipe_card_component_html,d,LLM_ROLE,HELD,1,recipe_card_component_html__LLMR_recipe_card_component_html_recipe_card_card_fav_alf_d.mut
LLMR_recipe_card_component_html_recipe_card_card_fav_alf_e,recipe_card_component_html,e,LLM_ROLE,HELD,1,recipe_card_component_html__LLMR_recipe_card_component_html_recipe_card_card_fav_alf_e.mut
LLMR_recipe_card_component_html_recipe_card_card_fav_alf_f,recipe_card_component_html,f,LLM_ROLE,HELD,1,recipe_card_component_html__LLMR_recipe_card_component_html_recipe_card_card_fav_alf_f.mut
LLMR_recipe_card_component_html_recipe_card_card_fav_alf_g,recipe_card_component_html,g,LLM_ROLE,HELD,1,recipe_card_component_html__LLMR_recipe_card_component_html_recipe_card_card_fav_alf_g.mut
LLMR_recipe_card_component_html_recipe_card_card_fav_alf_j,recipe_card_component_html,j,LLM_ROLE,HELD,1,recipe_card_component_html__LLMR_recipe_card_component_html_recipe_card_card_fav_alf_j.mut
LLMR_recipe_card_component_html_recipe_card_card_fav_alf_k,recipe_card_component_html,k,LLM_ROLE,HELD,1,recipe_card_component_html__LLMR_recipe_card_component_html_recipe_card_card_fav_alf_k.mut
LLMR_recipe_card_component_html_recipe_card_card_fav_bet_a,recipe_card_component_html,a,LLM_ROLE,HELD,1,recipe_card_component_html__LLMR_recipe_card_component_html_recipe_card_card_fav_bet_a.mut
LLMR_recipe_card_component_html_recipe_card_card_fav_bet_c,recipe_card_component_html,c,LLM_ROLE,HELD,1,recipe_card_component_html__LLMR_recipe_card_component_html_recipe_card_card_fav_bet_c.mut
LLMR_recipe_card_component_html_recipe_card_card_fav_bet_j,recipe_card_component_html,j,LLM_ROLE,HELD,1,recipe_card_component_html__LLMR_recipe_card_component_html_recipe_card_card_fav_bet_j.mut
LLMR_recipe_card_component_html_recipe_card_card_fav_del_a,recipe_card_component_html,a,LLM_ROLE,HELD,1,recipe_card_component_html__LLMR_recipe_card_component_html_recipe_card_card_fav_del_a.mut
LLMR_recipe_card_component_html_recipe_card_card_fav_del_c,recipe_card_component_html,c,LLM_ROLE,HELD,1,recipe_card_component_html__LLMR_recipe_card_component_html_recipe_card_card_fav_del_c.mut
LLMR_recipe_card_component_html_recipe_card_card_fav_del_k,recipe_card_component_html,k,LLM_ROLE,HELD,1,recipe_card_component_html__LLMR_recipe_card_component_html_recipe_card_card_fav_del_k.mut
LLMR_recipe_card_component_html_recipe_card_card_fav_gam_a,recipe_card_component_html,a,LLM_ROLE,HELD,1,recipe_card_component_html__LLMR_recipe_card_component_html_recipe_card_card_fav_gam_a.mut
LLMR_recipe_card_component_html_recipe_card_card_fav_gam_b,recipe_card_component_html,b,LLM_ROLE,HELD,1,recipe_card_component_html__LLMR_recipe_card_component_html_recipe_card_card_fav_gam_b.mut
LLMR_recipe_card_component_html_recipe_card_card_fav_gam_c,recipe_card_component_html,c,LLM_ROLE,HELD,1,recipe_card_component_html__LLMR_recipe_card_component_html_recipe_card_card_fav_gam_c.mut
LLMR_recipe_card_component_html_recipe_card_card_fav_gam_f,recipe_card_component_html,f,LLM_ROLE,HELD,1,recipe_card_component_html__LLMR_recipe_card_component_html_recipe_card_card_fav_gam_f.mut
LLMR_recipe_card_component_html_recipe_card_card_fav_gam_g,recipe_card_component_html,g,LLM_ROLE,HELD,1,recipe_card_component_html__LLMR_recipe_card_component_html_recipe_card_card_fav_gam_g.mut
LLMR_recipe_card_component_html_recipe_card_card_fav_gam_i,recipe_card_component_html,i,LLM_ROLE,HELD,1,recipe_card_component_html__LLMR_recipe_card_component_html_recipe_card_card_fav_gam_i.mut
LLMR_recipe_card_component_html_recipe_card_card_fav_gam_j,recipe_card_component_html,j,LLM_ROLE,HELD,1,recipe_card_component_html__LLMR_recipe_card_component_html_recipe_card_card_fav_gam_j.mut
LLMR_recipe_card_component_html_recipe_card_card_fav_gam_k,recipe_card_component_html,k,LLM_ROLE,HELD,1,recipe_card_component_html__LLMR_recipe_card_component_html_recipe_card_card_fav_gam_k.mut
LLMR_recipe_card_component_html_recipe_card_card_gam_a,recipe_card_component_html,a,LLM_ROLE,HELD,1,recipe_card_component_html__LLMR_recipe_card_component_html_recipe_card_card_gam_a.mut
LLMR_recipe_card_component_html_recipe_card_card_gam_b,recipe_card_component_html,b,LLM_ROLE,HELD,1,recipe_card_component_html__LLMR_recipe_card_component_html_recipe_card_card_gam_b.mut
LLMR_recipe_card_component_html_recipe_card_card_gam_c,recipe_card_component_html,c,LLM_ROLE,HELD,1,recipe_card_component_html__LLMR_recipe_card_component_html_recipe_card_card_gam_c.mut
LLMR_recipe_card_component_html_recipe_card_card_gam_j,recipe_card_component_html,j,LLM_ROLE,HELD,1,recipe_card_component_html__LLMR_recipe_card_component_html_recipe_card_card_gam_j.mut
LLMR_recipe_card_component_html_recipe_card_card_gam_k,recipe_card_component_html,k,LLM_ROLE,HELD,1,recipe_card_component_html__LLMR_recipe_card_component_html_recipe_card_card_gam_k.mut
LLMR_recipe_card_component_html_recipe_card_card_time_alf_a,recipe_card_component_html,a,LLM_ROLE,HELD,1,recipe_card_component_html__LLMR_recipe_card_component_html_recipe_card_card_time_alf_a.mut
LLMR_recipe_card_component_html_recipe_card_card_time_alf_b,recipe_card_component_html,b,LLM_ROLE,HELD,1,recipe_card_component_html__LLMR_recipe_card_component_html_recipe_card_card_time_alf_b.mut
LLMR_recipe_card_component_html_recipe_card_card_time_alf_c,recipe_card_component_html,c,LLM_ROLE,HELD,1,recipe_card_component_html__LLMR_recipe_card_component_html_recipe_card_card_time_alf_c.mut
LLMR_recipe_card_component_html_recipe_card_card_time_alf_d,recipe_card_component_html,d,LLM_ROLE,HELD,1,recipe_card_component_html__LLMR_recipe_card_component_html_recipe_card_card_time_alf_d.mut
LLMR_recipe_card_component_html_recipe_card_card_time_alf_e,recipe_card_component_html,e,LLM_ROLE,HELD,1,recipe_card_component_html__LLMR_recipe_card_component_html_recipe_card_card_time_alf_e.mut
LLMR_recipe_card_component_html_recipe_card_card_time_alf_f,recipe_card_component_html,f,LLM_ROLE,HELD,1,recipe_card_component_html__LLMR_recipe_card_component_html_recipe_card_card_time_alf_f.mut
LLMR_recipe_card_component_html_recipe_card_card_time_alf_g,recipe_card_component_html,g,LLM_ROLE,HELD,1,recipe_card_component_html__LLMR_recipe_card_component_html_recipe_card_card_time_alf_g.mut
LLMR_recipe_card_component_html_recipe_card_card_time_alf_j,recipe_card_component_html,j,LLM_ROLE,HELD,1,recipe_card_component_html__LLMR_recipe_card_component_html_recipe_card_card_time_alf_j.mut
LLMR_recipe_card_component_html_recipe_card_card_time_alf_k,recipe_card_component_html,k,LLM_ROLE,HELD,1,recipe_card_component_html__LLMR_recipe_card_component_html_recipe_card_card_time_alf_k.mut
LLMR_recipe_card_component_html_recipe_card_card_time_bet_a,recipe_card_component_html,a,LLM_ROLE,HELD,1,recipe_card_component_html__LLMR_recipe_card_component_html_recipe_card_card_time_bet_a.mut
LLMR_recipe_card_component_html_recipe_card_card_time_bet_b,recipe_card_component_html,b,LLM_ROLE,HELD,1,recipe_card_component_html__LLMR_recipe_card_component_html_recipe_card_card_time_bet_b.mut
LLMR_recipe_card_component_html_recipe_card_card_time_bet_c,recipe_card_component_html,c,LLM_ROLE,HELD,1,recipe_card_component_html__LLMR_recipe_card_component_html_recipe_card_card_time_bet_c.mut
LLMR_recipe_card_component_html_recipe_card_card_time_bet_f,recipe_card_component_html,f,LLM_ROLE,HELD,1,recipe_card_component_html__LLMR_recipe_card_component_html_recipe_card_card_time_bet_f.mut
LLMR_recipe_card_component_html_recipe_card_card_time_bet_g,recipe_card_component_html,g,LLM_ROLE,HELD,1,recipe_card_component_html__LLMR_recipe_card_component_html_recipe_card_card_time_bet_g.mut
LLMR_recipe_card_component_html_recipe_card_card_time_bet_i,recipe_card_component_html,i,LLM_ROLE,HELD,1,recipe_card_component_html__LLMR_recipe_card_component_html_recipe_card_card_time_bet_i.mut
LLMR_recipe_card_component_html_recipe_card_card_time_bet_j,recipe_card_component_html,j,LLM_ROLE,HELD,1,recipe_card_component_html__LLMR_recipe_card_component_html_recipe_card_card_time_bet_j.mut
LLMR_recipe_card_component_html_recipe_card_card_time_bet_k,recipe_card_component_html,k,LLM_ROLE,HELD,1,recipe_card_component_html__LLMR_recipe_card_component_html_recipe_card_card_time_bet_k.mut
LLMR_recipe_card_component_html_recipe_card_card_time_del_a,recipe_card_component_html,a,LLM_ROLE,HELD,1,recipe_card_component_html__LLMR_recipe_card_component_html_recipe_card_card_time_del_a.mut
LLMR_recipe_card_component_html_recipe_card_card_time_del_b,recipe_card_component_html,b,LLM_ROLE,HELD,1,recipe_card_component_html__LLMR_recipe_card_component_html_recipe_card_card_time_del_b.mut
LLMR_recipe_card_component_html_recipe_card_card_time_del_c,recipe_card_component_html,c,LLM_ROLE,HELD,1,recipe_card_component_html__LLMR_recipe_card_component_html_recipe_card_card_time_del_c.mut
LLMR_recipe_card_component_html_recipe_card_card_time_del_d,recipe_card_component_html,d,LLM_ROLE,HELD,1,recipe_card_component_html__LLMR_recipe_card_component_html_recipe_card_card_time_del_d.mut
LLMR_recipe_card_component_html_recipe_card_card_time_del_e,recipe_card_component_html,e,LLM_ROLE,HELD,1,recipe_card_component_html__LLMR_recipe_card_component_html_recipe_card_card_time_del_e.mut
LLMR_recipe_card_component_html_recipe_card_card_time_del_f,recipe_card_component_html,f,LLM_ROLE,HELD,1,recipe_card_component_html__LLMR_recipe_card_component_html_recipe_card_card_time_del_f.mut
LLMR_recipe_card_component_html_recipe_card_card_time_del_g,recipe_card_component_html,g,LLM_ROLE,HELD,1,recipe_card_component_html__LLMR_recipe_card_component_html_recipe_card_card_time_del_g.mut
LLMR_recipe_card_component_html_recipe_card_card_time_del_i,recipe_card_component_html,i,LLM_ROLE,HELD,1,recipe_card_component_html__LLMR_recipe_card_component_html_recipe_card_card_time_del_i.mut
LLMR_recipe_card_component_html_recipe_card_card_time_del_j,recipe_card_component_html,j,LLM_ROLE,HELD,1,recipe_card_component_html__LLMR_recipe_card_component_html_recipe_card_card_time_del_j.mut
LLMR_recipe_card_component_html_recipe_card_card_time_del_k,recipe_card_component_html,k,LLM_ROLE,HELD,1,recipe_card_component_html__LLMR_recipe_card_component_html_recipe_card_card_time_del_k.mut
LLMR_recipe_card_component_html_recipe_card_card_time_gam_a,recipe_card_component_html,a,LLM_ROLE,HELD,1,recipe_card_component_html__LLMR_recipe_card_component_html_recipe_card_card_time_gam_a.mut
LLMR_recipe_card_component_html_recipe_card_card_time_gam_b,recipe_card_component_html,b,LLM_ROLE,HELD,1,recipe_card_component_html__LLMR_recipe_card_component_html_recipe_card_card_time_gam_b.mut
LLMR_recipe_card_component_html_recipe_card_card_time_gam_c,recipe_card_component_html,c,LLM_ROLE,HELD,1,recipe_card_component_html__LLMR_recipe_card_component_html_recipe_card_card_time_gam_c.mut
LLMR_recipe_card_component_html_recipe_card_card_time_gam_f,recipe_card_component_html,f,LLM_ROLE,HELD,1,recipe_card_component_html__LLMR_recipe_card_component_html_recipe_card_card_time_gam_f.mut
LLMR_recipe_card_component_html_recipe_card_card_time_gam_g,recipe_card_component_html,g,LLM_ROLE,HELD,1,recipe_card_component_html__LLMR_recipe_card_component_html_recipe_card_card_time_gam_g.mut
LLMR_recipe_card_component_html_recipe_card_card_time_gam_i,recipe_card_component_html,i,LLM_ROLE,HELD,1,recipe_card_component_html__LLMR_recipe_card_component_html_recipe_card_card_time_gam_i.mut
LLMR_recipe_card_component_html_recipe_card_card_time_gam_j,recipe_card_component_html,j,LLM_ROLE,HELD,1,recipe_card_component_html__LLMR_recipe_card_component_html_recipe_card_card_time_gam_j.mut
LLMR_recipe_card_component_html_recipe_card_card_time_gam_k,recipe_card_component_html,k,LLM_ROLE,HELD,1,recipe_card_component_html__LLMR_recipe_card_component_html_recipe_card_card_time_gam_k.mut
LLMR_recipe_card_component_html_recipe_card_card_title_alf_a,recipe_card_component_html,a,LLM_ROLE,HELD,1,recipe_card_component_html__LLMR_recipe_card_component_html_recipe_card_card_title_alf_a.mut
LLMR_recipe_card_component_html_recipe_card_card_title_alf_b,recipe_card_component_html,b,LLM_ROLE,HELD,1,recipe_card_component_html__LLMR_recipe_card_component_html_recipe_card_card_title_alf_b.mut
LLMR_recipe_card_component_html_recipe_card_card_title_alf_c,recipe_card_component_html,c,LLM_ROLE,HELD,1,recipe_card_component_html__LLMR_recipe_card_component_html_recipe_card_card_title_alf_c.mut
LLMR_recipe_card_component_html_recipe_card_card_title_alf_d,recipe_card_component_html,d,LLM_ROLE,HELD,1,recipe_card_component_html__LLMR_recipe_card_component_html_recipe_card_card_title_alf_d.mut
LLMR_recipe_card_component_html_recipe_card_card_title_alf_e,recipe_card_component_html,e,LLM_ROLE,HELD,1,recipe_card_component_html__LLMR_recipe_card_component_html_recipe_card_card_title_alf_e.mut
LLMR_recipe_card_component_html_recipe_card_card_title_alf_f,recipe_card_component_html,f,LLM_ROLE,HELD,1,recipe_card_component_html__LLMR_recipe_card_component_html_recipe_card_card_title_alf_f.mut
LLMR_recipe_card_component_html_recipe_card_card_title_alf_g,recipe_card_component_html,g,LLM_ROLE,HELD,1,recipe_card_component_html__LLMR_recipe_card_component_html_recipe_card_card_title_alf_g.mut
LLMR_recipe_card_component_html_recipe_card_card_title_alf_j,recipe_card_component_html,j,LLM_ROLE,HELD,1,recipe_card_component_html__LLMR_recipe_card_component_html_recipe_card_card_title_alf_j.mut
LLMR_recipe_card_component_html_recipe_card_card_title_alf_k,recipe_card_component_html,k,LLM_ROLE,HELD,1,recipe_card_component_html__LLMR_recipe_card_component_html_recipe_card_card_title_alf_k.mut
LLMR_recipe_card_component_html_recipe_card_card_title_bet_a,recipe_card_component_html,a,LLM_ROLE,HELD,1,recipe_card_component_html__LLMR_recipe_card_component_html_recipe_card_card_title_bet_a.mut
LLMR_recipe_card_component_html_recipe_card_card_title_bet_b,recipe_card_component_html,b,LLM_ROLE,HELD,1,recipe_card_component_html__LLMR_recipe_card_component_html_recipe_card_card_title_bet_b.mut
LLMR_recipe_card_component_html_recipe_card_card_title_bet_c,recipe_card_component_html,c,LLM_ROLE,HELD,1,recipe_card_component_html__LLMR_recipe_card_component_html_recipe_card_card_title_bet_c.mut
LLMR_recipe_card_component_html_recipe_card_card_title_bet_f,recipe_card_component_html,f,LLM_ROLE,HELD,1,recipe_card_component_html__LLMR_recipe_card_component_html_recipe_card_card_title_bet_f.mut
LLMR_recipe_card_component_html_recipe_card_card_title_bet_g,recipe_card_component_html,g,LLM_ROLE,HELD,1,recipe_card_component_html__LLMR_recipe_card_component_html_recipe_card_card_title_bet_g.mut
LLMR_recipe_card_component_html_recipe_card_card_title_bet_i,recipe_card_component_html,i,LLM_ROLE,HELD,1,recipe_card_component_html__LLMR_recipe_card_component_html_recipe_card_card_title_bet_i.mut
LLMR_recipe_card_component_html_recipe_card_card_title_bet_j,recipe_card_component_html,j,LLM_ROLE,HELD,1,recipe_card_component_html__LLMR_recipe_card_component_html_recipe_card_card_title_bet_j.mut
LLMR_recipe_card_component_html_recipe_card_card_title_bet_k,recipe_card_component_html,k,LLM_ROLE,HELD,1,recipe_card_component_html__LLMR_recipe_card_component_html_recipe_card_card_title_bet_k.mut
LLMR_recipe_card_component_html_recipe_card_card_title_del_a,recipe_card_component_html,a,LLM_ROLE,HELD,1,recipe_card_component_html__LLMR_recipe_card_component_html_recipe_card_card_title_del_a.mut
LLMR_recipe_card_component_html_recipe_card_card_title_del_b,recipe_card_component_html,b,LLM_ROLE,HELD,1,recipe_card_component_html__LLMR_recipe_card_component_html_recipe_card_card_title_del_b.mut
LLMR_recipe_card_component_html_recipe_card_card_title_del_c,recipe_card_component_html,c,LLM_ROLE,HELD,1,recipe_card_component_html__LLMR_recipe_card_component_html_recipe_card_card_title_del_c.mut
LLMR_recipe_card_component_html_recipe_card_card_title_del_d,recipe_card_component_html,d,LLM_ROLE,HELD,1,recipe_card_component_html__LLMR_recipe_card_component_html_recipe_card_card_title_del_d.mut
LLMR_recipe_card_component_html_recipe_card_card_title_del_e,recipe_card_component_html,e,LLM_ROLE,HELD,1,recipe_card_component_html__LLMR_recipe_card_component_html_recipe_card_card_title_del_e.mut
LLMR_recipe_card_component_html_recipe_card_card_title_del_f,recipe_card_component_html,f,LLM_ROLE,HELD,1,recipe_card_component_html__LLMR_recipe_card_component_html_recipe_card_card_title_del_f.mut
LLMR_recipe_card_component_html_recipe_card_card_title_del_g,recipe_card_component_html,g,LLM_ROLE,HELD,1,recipe_card_component_html__LLMR_recipe_card_component_html_recipe_card_card_title_del_g.mut
LLMR_recipe_card_component_html_recipe_card_card_title_del_i,recipe_card_component_html,i,LLM_ROLE,HELD,1,recipe_card_component_html__LLMR_recipe_card_component_html_recipe_card_card_title_del_i.mut
LLMR_recipe_card_component_html_recipe_card_card_title_del_j,recipe_card_component_html,j,LLM_ROLE,HELD,1,recipe_card_component_html__LLMR_recipe_card_component_html_recipe_card_card_title_del_j.mut
LLMR_recipe_card_component_html_recipe_card_card_title_del_k,recipe_card_component_html,k,LLM_ROLE,HELD,1,recipe_card_component_html__LLMR_recipe_card_component_html_recipe_card_card_title_del_k.mut
LLMR_recipe_card_component_html_recipe_card_card_title_gam_a,recipe_card_component_html,a,LLM_ROLE,HELD,1,recipe_card_component_html__LLMR_recipe_card_component_html_recipe_card_card_title_gam_a.mut
LLMR_recipe_card_component_html_recipe_card_card_title_gam_b,recipe_card_component_html,b,LLM_ROLE,HELD,1,recipe_card_component_html__LLMR_recipe_card_component_html_recipe_card_card_title_gam_b.mut
LLMR_recipe_card_component_html_recipe_card_card_title_gam_c,recipe_card_component_html,c,LLM_ROLE,HELD,1,recipe_card_component_html__LLMR_recipe_card_component_html_recipe_card_card_title_gam_c.mut
LLMR_recipe_card_component_html_recipe_card_card_title_gam_g,recipe_card_component_html,g,LLM_ROLE,HELD,1,recipe_card_component_html__LLMR_recipe_card_component_html_recipe_card_card_title_gam_g.mut
LLMR_recipe_card_component_html_recipe_card_card_title_gam_i,recipe_card_component_html,i,LLM_ROLE,HELD,1,recipe_card_component_html__LLMR_recipe_card_component_html_recipe_card_card_title_gam_i.mut
LLMR_recipe_card_component_html_recipe_card_card_title_gam_j,recipe_card_component_html,j,LLM_ROLE,HELD,1,recipe_card_component_html__LLMR_recipe_card_component_html_recipe_card_card_title_gam_j.mut
LLMR_recipe_card_component_html_recipe_card_card_title_gam_k,recipe_card_component_html,k,LLM_ROLE,HELD,1,recipe_card_component_html__LLMR_recipe_card_component_html_recipe_card_card_title_gam_k.mut
LLMR_h_recipe_detail_add_shopping_alf,recipe_detail_component_html,h,LLM_ROLE,HELD,2,recipe_detail_component_html__LLMR_h_recipe_detail_add_shopping_alf.mut
LLMR_h_recipe_detail_add_shopping_bet,recipe_detail_component_html,h,LLM_ROLE,HELD,2,recipe_detail_component_html__LLMR_h_recipe_detail_add_shopping_bet.mut
LLMR_h_recipe_detail_add_shopping_del,recipe_detail_component_html,h,LLM_ROLE,HELD,2,recipe_detail_component_html__LLMR_h_recipe_detail_add_shopping_del.mut
LLMR_h_recipe_detail_add_shopping_gam,recipe_detail_component_html,h,LLM_ROLE,HELD,2,recipe_detail_component_html__LLMR_h_recipe_detail_add_shopping_gam.mut
LLMR_h_recipe_detail_delete_alf,recipe_detail_component_html,h,LLM_ROLE,HELD,2,recipe_detail_component_html__LLMR_h_recipe_detail_delete_alf.mut
LLMR_h_recipe_detail_delete_bet,recipe_detail_component_html,h,LLM_ROLE,HELD,2,recipe_detail_component_html__LLMR_h_recipe_detail_delete_bet.mut
LLMR_h_recipe_detail_delete_del,recipe_detail_component_html,h,LLM_ROLE,HELD,2,recipe_detail_component_html__LLMR_h_recipe_detail_delete_del.mut
LLMR_h_recipe_detail_detail_author_alf,recipe_detail_component_html,h,LLM_ROLE,HELD,2,recipe_detail_component_html__LLMR_h_recipe_detail_detail_author_alf.mut
LLMR_h_recipe_detail_detail_author_bet,recipe_detail_component_html,h,LLM_ROLE,HELD,2,recipe_detail_component_html__LLMR_h_recipe_detail_detail_author_bet.mut
LLMR_h_recipe_detail_detail_author_del,recipe_detail_component_html,h,LLM_ROLE,HELD,2,recipe_detail_component_html__LLMR_h_recipe_detail_detail_author_del.mut
LLMR_h_recipe_detail_detail_title_alf,recipe_detail_component_html,h,LLM_ROLE,HELD,2,recipe_detail_component_html__LLMR_h_recipe_detail_detail_title_alf.mut
LLMR_h_recipe_detail_detail_title_bet,recipe_detail_component_html,h,LLM_ROLE,HELD,2,recipe_detail_component_html__LLMR_h_recipe_detail_detail_title_bet.mut
LLMR_h_recipe_detail_detail_title_del,recipe_detail_component_html,h,LLM_ROLE,HELD,2,recipe_detail_component_html__LLMR_h_recipe_detail_detail_title_del.mut
LLMR_h_recipe_detail_detail_title_gam,recipe_detail_component_html,h,LLM_ROLE,HELD,2,recipe_detail_component_html__LLMR_h_recipe_detail_detail_title_gam.mut
LLMR_h_recipe_detail_kcal_alf,recipe_detail_component_html,h,LLM_ROLE,HELD,2,recipe_detail_component_html__LLMR_h_recipe_detail_kcal_alf.mut
LLMR_h_recipe_detail_kcal_bet,recipe_detail_component_html,h,LLM_ROLE,HELD,2,recipe_detail_component_html__LLMR_h_recipe_detail_kcal_bet.mut
LLMR_h_recipe_detail_kcal_del,recipe_detail_component_html,h,LLM_ROLE,HELD,2,recipe_detail_component_html__LLMR_h_recipe_detail_kcal_del.mut
LLMR_h_recipe_detail_kcal_eps,recipe_detail_component_html,h,LLM_ROLE,HELD,2,recipe_detail_component_html__LLMR_h_recipe_detail_kcal_eps.mut
LLMR_h_recipe_detail_kcal_gam,recipe_detail_component_html,h,LLM_ROLE,HELD,2,recipe_detail_component_html__LLMR_h_recipe_detail_kcal_gam.mut
LLMR_h_recipe_detail_not_found_alf,recipe_detail_component_html,h,LLM_ROLE,HELD,2,recipe_detail_component_html__LLMR_h_recipe_detail_not_found_alf.mut
LLMR_h_recipe_detail_not_found_bet,recipe_detail_component_html,h,LLM_ROLE,HELD,2,recipe_detail_component_html__LLMR_h_recipe_detail_not_found_bet.mut
LLMR_h_recipe_detail_not_found_del,recipe_detail_component_html,h,LLM_ROLE,HELD,2,recipe_detail_component_html__LLMR_h_recipe_detail_not_found_del.mut
LLMR_h_recipe_detail_not_found_gam,recipe_detail_component_html,h,LLM_ROLE,HELD,2,recipe_detail_component_html__LLMR_h_recipe_detail_not_found_gam.mut
LLMR_h_recipe_detail_protein_alf,recipe_detail_component_html,h,LLM_ROLE,HELD,2,recipe_detail_component_html__LLMR_h_recipe_detail_protein_alf.mut
LLMR_h_recipe_detail_protein_bet,recipe_detail_component_html,h,LLM_ROLE,HELD,2,recipe_detail_component_html__LLMR_h_recipe_detail_protein_bet.mut
LLMR_h_recipe_detail_protein_del,recipe_detail_component_html,h,LLM_ROLE,HELD,2,recipe_detail_component_html__LLMR_h_recipe_detail_protein_del.mut
LLMR_h_recipe_detail_servings_alf,recipe_detail_component_html,h,LLM_ROLE,HELD,2,recipe_detail_component_html__LLMR_h_recipe_detail_servings_alf.mut
LLMR_h_recipe_detail_servings_bet,recipe_detail_component_html,h,LLM_ROLE,HELD,2,recipe_detail_component_html__LLMR_h_recipe_detail_servings_bet.mut
LLMR_h_recipe_detail_servings_del,recipe_detail_component_html,h,LLM_ROLE,HELD,2,recipe_detail_component_html__LLMR_h_recipe_detail_servings_del.mut
LLMR_h_recipe_detail_servings_eps,recipe_detail_component_html,h,LLM_ROLE,HELD,2,recipe_detail_component_html__LLMR_h_recipe_detail_servings_eps.mut
LLMR_h_recipe_detail_servings_gam,recipe_detail_component_html,h,LLM_ROLE,HELD,2,recipe_detail_component_html__LLMR_h_recipe_detail_servings_gam.mut
LLMR_recipe_detail_component_html_recipe_detail_add_shopping_alf_a,recipe_detail_component_html,a,LLM_ROLE,HELD,1,recipe_detail_component_html__LLMR_recipe_detail_component_html_recipe_detail_add_shopping_alf_a.mut
LLMR_recipe_detail_component_html_recipe_detail_add_shopping_alf_b,recipe_detail_component_html,b,LLM_ROLE,HELD,1,recipe_detail_component_html__LLMR_recipe_detail_component_html_recipe_detail_add_shopping_alf_b.mut
LLMR_recipe_detail_component_html_recipe_detail_add_shopping_alf_c,recipe_detail_component_html,c,LLM_ROLE,HELD,1,recipe_detail_component_html__LLMR_recipe_detail_component_html_recipe_detail_add_shopping_alf_c.mut
LLMR_recipe_detail_component_html_recipe_detail_add_shopping_alf_d,recipe_detail_component_html,d,LLM_ROLE,HELD,1,recipe_detail_component_html__LLMR_recipe_detail_component_html_recipe_detail_add_shopping_alf_d.mut
LLMR_recipe_detail_component_html_recipe_detail_add_shopping_alf_e,recipe_detail_component_html,e,LLM_ROLE,HELD,1,recipe_detail_component_html__LLMR_recipe_detail_component_html_recipe_detail_add_shopping_alf_e.mut
LLMR_recipe_detail_component_html_recipe_detail_add_shopping_alf_f,recipe_detail_component_html,f,LLM_ROLE,HELD,1,recipe_detail_component_html__LLMR_recipe_detail_component_html_recipe_detail_add_shopping_alf_f.mut
LLMR_recipe_detail_component_html_recipe_detail_add_shopping_alf_g,recipe_detail_component_html,g,LLM_ROLE,HELD,1,recipe_detail_component_html__LLMR_recipe_detail_component_html_recipe_detail_add_shopping_alf_g.mut
LLMR_recipe_detail_component_html_recipe_detail_add_shopping_alf_j,recipe_detail_component_html,j,LLM_ROLE,HELD,1,recipe_detail_component_html__LLMR_recipe_detail_component_html_recipe_detail_add_shopping_alf_j.mut
LLMR_recipe_detail_component_html_recipe_detail_add_shopping_alf_k,recipe_detail_component_html,k,LLM_ROLE,HELD,1,recipe_detail_component_html__LLMR_recipe_detail_component_html_recipe_detail_add_shopping_alf_k.mut
LLMR_recipe_detail_component_html_recipe_detail_add_shopping_bet_a,recipe_detail_component_html,a,LLM_ROLE,HELD,1,recipe_detail_component_html__LLMR_recipe_detail_component_html_recipe_detail_add_shopping_bet_a.mut
LLMR_recipe_detail_component_html_recipe_detail_add_shopping_bet_b,recipe_detail_component_html,b,LLM_ROLE,HELD,1,recipe_detail_component_html__LLMR_recipe_detail_component_html_recipe_detail_add_shopping_bet_b.mut
LLMR_recipe_detail_component_html_recipe_detail_add_shopping_bet_c,recipe_detail_component_html,c,LLM_ROLE,HELD,1,recipe_detail_component_html__LLMR_recipe_detail_component_html_recipe_detail_add_shopping_bet_c.mut
LLMR_recipe_detail_component_html_recipe_detail_add_shopping_bet_f,recipe_detail_component_html,f,LLM_ROLE,HELD,1,recipe_detail_component_html__LLMR_recipe_detail_component_html_recipe_detail_add_shopping_bet_f.mut
LLMR_recipe_detail_component_html_recipe_detail_add_shopping_bet_g,recipe_detail_component_html,g,LLM_ROLE,HELD,1,recipe_detail_component_html__LLMR_recipe_detail_component_html_recipe_detail_add_shopping_bet_g.mut
LLMR_recipe_detail_component_html_recipe_detail_add_shopping_bet_i,recipe_detail_component_html,i,LLM_ROLE,HELD,1,recipe_detail_component_html__LLMR_recipe_detail_component_html_recipe_detail_add_shopping_bet_i.mut
LLMR_recipe_detail_component_html_recipe_detail_add_shopping_bet_j,recipe_detail_component_html,j,LLM_ROLE,HELD,1,recipe_detail_component_html__LLMR_recipe_detail_component_html_recipe_detail_add_shopping_bet_j.mut
LLMR_recipe_detail_component_html_recipe_detail_add_shopping_bet_k,recipe_detail_component_html,k,LLM_ROLE,HELD,1,recipe_detail_component_html__LLMR_recipe_detail_component_html_recipe_detail_add_shopping_bet_k.mut
LLMR_recipe_detail_component_html_recipe_detail_add_shopping_del_a,recipe_detail_component_html,a,LLM_ROLE,HELD,1,recipe_detail_component_html__LLMR_recipe_detail_component_html_recipe_detail_add_shopping_del_a.mut
LLMR_recipe_detail_component_html_recipe_detail_add_shopping_del_b,recipe_detail_component_html,b,LLM_ROLE,HELD,1,recipe_detail_component_html__LLMR_recipe_detail_component_html_recipe_detail_add_shopping_del_b.mut
LLMR_recipe_detail_component_html_recipe_detail_add_shopping_del_c,recipe_detail_component_html,c,LLM_ROLE,HELD,1,recipe_detail_component_html__LLMR_recipe_detail_component_html_recipe_detail_add_shopping_del_c.mut
LLMR_recipe_detail_component_html_recipe_detail_add_shopping_del_d,recipe_detail_component_html,d,LLM_ROLE,HELD,1,recipe_detail_component_html__LLMR_recipe_detail_component_html_recipe_detail_add_shopping_del_d.mut
LLMR_recipe_detail_component_html_recipe_detail_add_shopping_del_e,recipe_detail_component_html,e,LLM_ROLE,HELD,1,recipe_detail_component_html__LLMR_recipe_detail_component_html_recipe_detail_add_shopping_del_e.mut
LLMR_recipe_detail_component_html_recipe_detail_add_shopping_del_f,recipe_detail_component_html,f,LLM_ROLE,HELD,1,recipe_detail_component_html__LLMR_recipe_detail_component_html_recipe_detail_add_shopping_del_f.mut
LLMR_recipe_detail_component_html_recipe_detail_add_shopping_del_g,recipe_detail_component_html,g,LLM_ROLE,HELD,1,recipe_detail_component_html__LLMR_recipe_detail_component_html_recipe_detail_add_shopping_del_g.mut
LLMR_recipe_detail_component_html_recipe_detail_add_shopping_del_i,recipe_detail_component_html,i,LLM_ROLE,HELD,1,recipe_detail_component_html__LLMR_recipe_detail_component_html_recipe_detail_add_shopping_del_i.mut
LLMR_recipe_detail_component_html_recipe_detail_add_shopping_del_j,recipe_detail_component_html,j,LLM_ROLE,HELD,1,recipe_detail_component_html__LLMR_recipe_detail_component_html_recipe_detail_add_shopping_del_j.mut
LLMR_recipe_detail_component_html_recipe_detail_add_shopping_del_k,recipe_detail_component_html,k,LLM_ROLE,HELD,1,recipe_detail_component_html__LLMR_recipe_detail_component_html_recipe_detail_add_shopping_del_k.mut
LLMR_recipe_detail_component_html_recipe_detail_add_shopping_gam_a,recipe_detail_component_html,a,LLM_ROLE,HELD,1,recipe_detail_component_html__LLMR_recipe_detail_component_html_recipe_detail_add_shopping_gam_a.mut
LLMR_recipe_detail_component_html_recipe_detail_add_shopping_gam_b,recipe_detail_component_html,b,LLM_ROLE,HELD,1,recipe_detail_component_html__LLMR_recipe_detail_component_html_recipe_detail_add_shopping_gam_b.mut
LLMR_recipe_detail_component_html_recipe_detail_add_shopping_gam_c,recipe_detail_component_html,c,LLM_ROLE,HELD,1,recipe_detail_component_html__LLMR_recipe_detail_component_html_recipe_detail_add_shopping_gam_c.mut
LLMR_recipe_detail_component_html_recipe_detail_add_shopping_gam_f,recipe_detail_component_html,f,LLM_ROLE,HELD,1,recipe_detail_component_html__LLMR_recipe_detail_component_html_recipe_detail_add_shopping_gam_f.mut
LLMR_recipe_detail_component_html_recipe_detail_add_shopping_gam_i,recipe_detail_component_html,i,LLM_ROLE,HELD,1,recipe_detail_component_html__LLMR_recipe_detail_component_html_recipe_detail_add_shopping_gam_i.mut
LLMR_recipe_detail_component_html_recipe_detail_add_shopping_gam_j,recipe_detail_component_html,j,LLM_ROLE,HELD,1,recipe_detail_component_html__LLMR_recipe_detail_component_html_recipe_detail_add_shopping_gam_j.mut
LLMR_recipe_detail_component_html_recipe_detail_add_shopping_gam_k,recipe_detail_component_html,k,LLM_ROLE,HELD,1,recipe_detail_component_html__LLMR_recipe_detail_component_html_recipe_detail_add_shopping_gam_k.mut
LLMR_recipe_detail_component_html_recipe_detail_delete_alf_a,recipe_detail_component_html,a,LLM_ROLE,HELD,1,recipe_detail_component_html__LLMR_recipe_detail_component_html_recipe_detail_delete_alf_a.mut
LLMR_recipe_detail_component_html_recipe_detail_delete_alf_b,recipe_detail_component_html,b,LLM_ROLE,HELD,1,recipe_detail_component_html__LLMR_recipe_detail_component_html_recipe_detail_delete_alf_b.mut
LLMR_recipe_detail_component_html_recipe_detail_delete_alf_c,recipe_detail_component_html,c,LLM_ROLE,HELD,1,recipe_detail_component_html__LLMR_recipe_detail_component_html_recipe_detail_delete_alf_c.mut
LLMR_recipe_detail_component_html_recipe_detail_delete_alf_d,recipe_detail_component_html,d,LLM_ROLE,HELD,1,recipe_detail_component_html__LLMR_recipe_detail_component_html_recipe_detail_delete_alf_d.mut
LLMR_recipe_detail_component_html_recipe_detail_delete_alf_e,recipe_detail_component_html,e,LLM_ROLE,HELD,1,recipe_detail_component_html__LLMR_recipe_detail_component_html_recipe_detail_delete_alf_e.mut
LLMR_recipe_detail_component_html_recipe_detail_delete_alf_f,recipe_detail_component_html,f,LLM_ROLE,HELD,1,recipe_detail_component_html__LLMR_recipe_detail_component_html_recipe_detail_delete_alf_f.mut
LLMR_recipe_detail_component_html_recipe_detail_delete_alf_g,recipe_detail_component_html,g,LLM_ROLE,HELD,1,recipe_detail_component_html__LLMR_recipe_detail_component_html_recipe_detail_delete_alf_g.mut
LLMR_recipe_detail_component_html_recipe_detail_delete_alf_j,recipe_detail_component_html,j,LLM_ROLE,HELD,1,recipe_detail_component_html__LLMR_recipe_detail_component_html_recipe_detail_delete_alf_j.mut
LLMR_recipe_detail_component_html_recipe_detail_delete_alf_k,recipe_detail_component_html,k,LLM_ROLE,HELD,1,recipe_detail_component_html__LLMR_recipe_detail_component_html_recipe_detail_delete_alf_k.mut
LLMR_recipe_detail_component_html_recipe_detail_delete_bet_a,recipe_detail_component_html,a,LLM_ROLE,HELD,1,recipe_detail_component_html__LLMR_recipe_detail_component_html_recipe_detail_delete_bet_a.mut
LLMR_recipe_detail_component_html_recipe_detail_delete_bet_b,recipe_detail_component_html,b,LLM_ROLE,HELD,1,recipe_detail_component_html__LLMR_recipe_detail_component_html_recipe_detail_delete_bet_b.mut
LLMR_recipe_detail_component_html_recipe_detail_delete_bet_c,recipe_detail_component_html,c,LLM_ROLE,HELD,1,recipe_detail_component_html__LLMR_recipe_detail_component_html_recipe_detail_delete_bet_c.mut
LLMR_recipe_detail_component_html_recipe_detail_delete_bet_f,recipe_detail_component_html,f,LLM_ROLE,HELD,1,recipe_detail_component_html__LLMR_recipe_detail_component_html_recipe_detail_delete_bet_f.mut
LLMR_recipe_detail_component_html_recipe_detail_delete_bet_g,recipe_detail_component_html,g,LLM_ROLE,HELD,1,recipe_detail_component_html__LLMR_recipe_detail_component_html_recipe_detail_delete_bet_g.mut
LLMR_recipe_detail_component_html_recipe_detail_delete_bet_i,recipe_detail_component_html,i,LLM_ROLE,HELD,1,recipe_detail_component_html__LLMR_recipe_detail_component_html_recipe_detail_delete_bet_i.mut
LLMR_recipe_detail_component_html_recipe_detail_delete_bet_j,recipe_detail_component_html,j,LLM_ROLE,HELD,1,recipe_detail_component_html__LLMR_recipe_detail_component_html_recipe_detail_delete_bet_j.mut
LLMR_recipe_detail_component_html_recipe_detail_delete_bet_k,recipe_detail_component_html,k,LLM_ROLE,HELD,1,recipe_detail_component_html__LLMR_recipe_detail_component_html_recipe_detail_delete_bet_k.mut
LLMR_recipe_detail_component_html_recipe_detail_delete_del_a,recipe_detail_component_html,a,LLM_ROLE,HELD,1,recipe_detail_component_html__LLMR_recipe_detail_component_html_recipe_detail_delete_del_a.mut
LLMR_recipe_detail_component_html_recipe_detail_delete_del_b,recipe_detail_component_html,b,LLM_ROLE,HELD,1,recipe_detail_component_html__LLMR_recipe_detail_component_html_recipe_detail_delete_del_b.mut
LLMR_recipe_detail_component_html_recipe_detail_delete_del_c,recipe_detail_component_html,c,LLM_ROLE,HELD,1,recipe_detail_component_html__LLMR_recipe_detail_component_html_recipe_detail_delete_del_c.mut
LLMR_recipe_detail_component_html_recipe_detail_delete_del_d,recipe_detail_component_html,d,LLM_ROLE,HELD,1,recipe_detail_component_html__LLMR_recipe_detail_component_html_recipe_detail_delete_del_d.mut
LLMR_recipe_detail_component_html_recipe_detail_delete_del_e,recipe_detail_component_html,e,LLM_ROLE,HELD,1,recipe_detail_component_html__LLMR_recipe_detail_component_html_recipe_detail_delete_del_e.mut
LLMR_recipe_detail_component_html_recipe_detail_delete_del_f,recipe_detail_component_html,f,LLM_ROLE,HELD,1,recipe_detail_component_html__LLMR_recipe_detail_component_html_recipe_detail_delete_del_f.mut
LLMR_recipe_detail_component_html_recipe_detail_delete_del_g,recipe_detail_component_html,g,LLM_ROLE,HELD,1,recipe_detail_component_html__LLMR_recipe_detail_component_html_recipe_detail_delete_del_g.mut
LLMR_recipe_detail_component_html_recipe_detail_delete_del_i,recipe_detail_component_html,i,LLM_ROLE,HELD,1,recipe_detail_component_html__LLMR_recipe_detail_component_html_recipe_detail_delete_del_i.mut
LLMR_recipe_detail_component_html_recipe_detail_delete_del_j,recipe_detail_component_html,j,LLM_ROLE,HELD,1,recipe_detail_component_html__LLMR_recipe_detail_component_html_recipe_detail_delete_del_j.mut
LLMR_recipe_detail_component_html_recipe_detail_delete_del_k,recipe_detail_component_html,k,LLM_ROLE,HELD,1,recipe_detail_component_html__LLMR_recipe_detail_component_html_recipe_detail_delete_del_k.mut
LLMR_recipe_detail_component_html_recipe_detail_delete_gam_a,recipe_detail_component_html,a,LLM_ROLE,HELD,1,recipe_detail_component_html__LLMR_recipe_detail_component_html_recipe_detail_delete_gam_a.mut
LLMR_recipe_detail_component_html_recipe_detail_delete_gam_c,recipe_detail_component_html,c,LLM_ROLE,HELD,1,recipe_detail_component_html__LLMR_recipe_detail_component_html_recipe_detail_delete_gam_c.mut
LLMR_recipe_detail_component_html_recipe_detail_delete_gam_j,recipe_detail_component_html,j,LLM_ROLE,HELD,1,recipe_detail_component_html__LLMR_recipe_detail_component_html_recipe_detail_delete_gam_j.mut
LLMR_recipe_detail_component_html_recipe_detail_detail_author_alf_a,recipe_detail_component_html,a,LLM_ROLE,HELD,1,recipe_detail_component_html__LLMR_recipe_detail_component_html_recipe_detail_detail_author_alf_a.mut
LLMR_recipe_detail_component_html_recipe_detail_detail_author_alf_b,recipe_detail_component_html,b,LLM_ROLE,HELD,1,recipe_detail_component_html__LLMR_recipe_detail_component_html_recipe_detail_detail_author_alf_b.mut
LLMR_recipe_detail_component_html_recipe_detail_detail_author_alf_c,recipe_detail_component_html,c,LLM_ROLE,HELD,1,recipe_detail_component_html__LLMR_recipe_detail_component_html_recipe_detail_detail_author_alf_c.mut
LLMR_recipe_detail_component_html_recipe_detail_detail_author_alf_d,recipe_detail_component_html,d,LLM_ROLE,HELD,1,recipe_detail_component_html__LLMR_recipe_detail_component_html_recipe_detail_detail_author_alf_d.mut
LLMR_recipe_detail_component_html_recipe_detail_detail_author_alf_e,recipe_detail_component_html,e,LLM_ROLE,HELD,1,recipe_detail_component_html__LLMR_recipe_detail_component_html_recipe_detail_detail_author_alf_e.mut
LLMR_recipe_detail_component_html_recipe_detail_detail_author_alf_f,recipe_detail_component_html,f,LLM_ROLE,HELD,1,recipe_detail_component_html__LLMR_recipe_detail_component_html_recipe_detail_detail_author_alf_f.mut
LLMR_recipe_detail_component_html_recipe_detail_detail_author_alf_g,recipe_detail_component_html,g,LLM_ROLE,HELD,1,recipe_detail_component_html__LLMR_recipe_detail_component_html_recipe_detail_detail_author_alf_g.mut
LLMR_recipe_detail_component_html_recipe_detail_detail_author_alf_j,recipe_detail_component_html,j,LLM_ROLE,HELD,1,recipe_detail_component_html__LLMR_recipe_detail_component_html_recipe_detail_detail_author_alf_j.mut
LLMR_recipe_detail_component_html_recipe_detail_detail_author_alf_k,recipe_detail_component_html,k,LLM_ROLE,HELD,1,recipe_detail_component_html__LLMR_recipe_detail_component_html_recipe_detail_detail_author_alf_k.mut
LLMR_recipe_detail_component_html_recipe_detail_detail_author_bet_a,recipe_detail_component_html,a,LLM_ROLE,HELD,1,recipe_detail_component_html__LLMR_recipe_detail_component_html_recipe_detail_detail_author_bet_a.mut
LLMR_recipe_detail_component_html_recipe_detail_detail_author_bet_b,recipe_detail_component_html,b,LLM_ROLE,HELD,1,recipe_detail_component_html__LLMR_recipe_detail_component_html_recipe_detail_detail_author_bet_b.mut
LLMR_recipe_detail_component_html_recipe_detail_detail_author_bet_c,recipe_detail_component_html,c,LLM_ROLE,HELD,1,recipe_detail_component_html__LLMR_recipe_detail_component_html_recipe_detail_detail_author_bet_c.mut
LLMR_recipe_detail_component_html_recipe_detail_detail_author_bet_f,recipe_detail_component_html,f,LLM_ROLE,HELD,1,recipe_detail_component_html__LLMR_recipe_detail_component_html_recipe_detail_detail_author_bet_f.mut
LLMR_recipe_detail_component_html_recipe_detail_detail_author_bet_g,recipe_detail_component_html,g,LLM_ROLE,HELD,1,recipe_detail_component_html__LLMR_recipe_detail_component_html_recipe_detail_detail_author_bet_g.mut
LLMR_recipe_detail_component_html_recipe_detail_detail_author_bet_i,recipe_detail_component_html,i,LLM_ROLE,HELD,1,recipe_detail_component_html__LLMR_recipe_detail_component_html_recipe_detail_detail_author_bet_i.mut
LLMR_recipe_detail_component_html_recipe_detail_detail_author_bet_j,recipe_detail_component_html,j,LLM_ROLE,HELD,1,recipe_detail_component_html__LLMR_recipe_detail_component_html_recipe_detail_detail_author_bet_j.mut
LLMR_recipe_detail_component_html_recipe_detail_detail_author_bet_k,recipe_detail_component_html,k,LLM_ROLE,HELD,1,recipe_detail_component_html__LLMR_recipe_detail_component_html_recipe_detail_detail_author_bet_k.mut
LLMR_recipe_detail_component_html_recipe_detail_detail_author_del_a,recipe_detail_component_html,a,LLM_ROLE,HELD,1,recipe_detail_component_html__LLMR_recipe_detail_component_html_recipe_detail_detail_author_del_a.mut
LLMR_recipe_detail_component_html_recipe_detail_detail_author_del_b,recipe_detail_component_html,b,LLM_ROLE,HELD,1,recipe_detail_component_html__LLMR_recipe_detail_component_html_recipe_detail_detail_author_del_b.mut
LLMR_recipe_detail_component_html_recipe_detail_detail_author_del_c,recipe_detail_component_html,c,LLM_ROLE,HELD,1,recipe_detail_component_html__LLMR_recipe_detail_component_html_recipe_detail_detail_author_del_c.mut
LLMR_recipe_detail_component_html_recipe_detail_detail_author_del_d,recipe_detail_component_html,d,LLM_ROLE,HELD,1,recipe_detail_component_html__LLMR_recipe_detail_component_html_recipe_detail_detail_author_del_d.mut
LLMR_recipe_detail_component_html_recipe_detail_detail_author_del_e,recipe_detail_component_html,e,LLM_ROLE,HELD,1,recipe_detail_component_html__LLMR_recipe_detail_component_html_recipe_detail_detail_author_del_e.mut
LLMR_recipe_detail_component_html_recipe_detail_detail_author_del_f,recipe_detail_component_html,f,LLM_ROLE,HELD,1,recipe_detail_component_html__LLMR_recipe_detail_component_html_recipe_detail_detail_author_del_f.mut
LLMR_recipe_detail_component_html_recipe_detail_detail_author_del_g,recipe_detail_component_html,g,LLM_ROLE,HELD,1,recipe_detail_component_html__LLMR_recipe_detail_component_html_recipe_detail_detail_author_del_g.mut
LLMR_recipe_detail_component_html_recipe_detail_detail_author_del_i,recipe_detail_component_html,i,LLM_ROLE,HELD,1,recipe_detail_component_html__LLMR_recipe_detail_component_html_recipe_detail_detail_author_del_i.mut
LLMR_recipe_detail_component_html_recipe_detail_detail_author_del_j,recipe_detail_component_html,j,LLM_ROLE,HELD,1,recipe_detail_component_html__LLMR_recipe_detail_component_html_recipe_detail_detail_author_del_j.mut
LLMR_recipe_detail_component_html_recipe_detail_detail_author_del_k,recipe_detail_component_html,k,LLM_ROLE,HELD,1,recipe_detail_component_html__LLMR_recipe_detail_component_html_recipe_detail_detail_author_del_k.mut
LLMR_recipe_detail_component_html_recipe_detail_detail_author_gam_a,recipe_detail_component_html,a,LLM_ROLE,HELD,1,recipe_detail_component_html__LLMR_recipe_detail_component_html_recipe_detail_detail_author_gam_a.mut
LLMR_recipe_detail_component_html_recipe_detail_detail_author_gam_c,recipe_detail_component_html,c,LLM_ROLE,HELD,1,recipe_detail_component_html__LLMR_recipe_detail_component_html_recipe_detail_detail_author_gam_c.mut
LLMR_recipe_detail_component_html_recipe_detail_detail_author_gam_j,recipe_detail_component_html,j,LLM_ROLE,HELD,1,recipe_detail_component_html__LLMR_recipe_detail_component_html_recipe_detail_detail_author_gam_j.mut
LLMR_recipe_detail_component_html_recipe_detail_detail_title_alf_a,recipe_detail_component_html,a,LLM_ROLE,HELD,1,recipe_detail_component_html__LLMR_recipe_detail_component_html_recipe_detail_detail_title_alf_a.mut
LLMR_recipe_detail_component_html_recipe_detail_detail_title_alf_b,recipe_detail_component_html,b,LLM_ROLE,HELD,1,recipe_detail_component_html__LLMR_recipe_detail_component_html_recipe_detail_detail_title_alf_b.mut
LLMR_recipe_detail_component_html_recipe_detail_detail_title_alf_c,recipe_detail_component_html,c,LLM_ROLE,HELD,1,recipe_detail_component_html__LLMR_recipe_detail_component_html_recipe_detail_detail_title_alf_c.mut
LLMR_recipe_detail_component_html_recipe_detail_detail_title_alf_d,recipe_detail_component_html,d,LLM_ROLE,HELD,1,recipe_detail_component_html__LLMR_recipe_detail_component_html_recipe_detail_detail_title_alf_d.mut
LLMR_recipe_detail_component_html_recipe_detail_detail_title_alf_e,recipe_detail_component_html,e,LLM_ROLE,HELD,1,recipe_detail_component_html__LLMR_recipe_detail_component_html_recipe_detail_detail_title_alf_e.mut
LLMR_recipe_detail_component_html_recipe_detail_detail_title_alf_f,recipe_detail_component_html,f,LLM_ROLE,HELD,1,recipe_detail_component_html__LLMR_recipe_detail_component_html_recipe_detail_detail_title_alf_f.mut
LLMR_recipe_detail_component_html_recipe_detail_detail_title_alf_g,recipe_detail_component_html,g,LLM_ROLE,HELD,1,recipe_detail_component_html__LLMR_recipe_detail_component_html_recipe_detail_detail_title_alf_g.mut
LLMR_recipe_detail_component_html_recipe_detail_detail_title_alf_j,recipe_detail_component_html,j,LLM_ROLE,HELD,1,recipe_detail_component_html__LLMR_recipe_detail_component_html_recipe_detail_detail_title_alf_j.mut
LLMR_recipe_detail_component_html_recipe_detail_detail_title_alf_k,recipe_detail_component_html,k,LLM_ROLE,HELD,1,recipe_detail_component_html__LLMR_recipe_detail_component_html_recipe_detail_detail_title_alf_k.mut
LLMR_recipe_detail_component_html_recipe_detail_detail_title_bet_a,recipe_detail_component_html,a,LLM_ROLE,HELD,1,recipe_detail_component_html__LLMR_recipe_detail_component_html_recipe_detail_detail_title_bet_a.mut
LLMR_recipe_detail_component_html_recipe_detail_detail_title_bet_b,recipe_detail_component_html,b,LLM_ROLE,HELD,1,recipe_detail_component_html__LLMR_recipe_detail_component_html_recipe_detail_detail_title_bet_b.mut
LLMR_recipe_detail_component_html_recipe_detail_detail_title_bet_c,recipe_detail_component_html,c,LLM_ROLE,HELD,1,recipe_detail_component_html__LLMR_recipe_detail_component_html_recipe_detail_detail_title_bet_c.mut
LLMR_recipe_detail_component_html_recipe_detail_detail_title_bet_f,recipe_detail_component_html,f,LLM_ROLE,HELD,1,recipe_detail_component_html__LLMR_recipe_detail_component_html_recipe_detail_detail_title_bet_f.mut
LLMR_recipe_detail_component_html_recipe_detail_detail_title_bet_g,recipe_detail_component_html,g,LLM_ROLE,HELD,1,recipe_detail_component_html__LLMR_recipe_detail_component_html_recipe_detail_detail_title_bet_g.mut
LLMR_recipe_detail_component_html_recipe_detail_detail_title_bet_i,recipe_detail_component_html,i,LLM_ROLE,HELD,1,recipe_detail_component_html__LLMR_recipe_detail_component_html_recipe_detail_detail_title_bet_i.mut
LLMR_recipe_detail_component_html_recipe_detail_detail_title_bet_j,recipe_detail_component_html,j,LLM_ROLE,HELD,1,recipe_detail_component_html__LLMR_recipe_detail_component_html_recipe_detail_detail_title_bet_j.mut
LLMR_recipe_detail_component_html_recipe_detail_detail_title_bet_k,recipe_detail_component_html,k,LLM_ROLE,HELD,1,recipe_detail_component_html__LLMR_recipe_detail_component_html_recipe_detail_detail_title_bet_k.mut
LLMR_recipe_detail_component_html_recipe_detail_detail_title_del_a,recipe_detail_component_html,a,LLM_ROLE,HELD,1,recipe_detail_component_html__LLMR_recipe_detail_component_html_recipe_detail_detail_title_del_a.mut
LLMR_recipe_detail_component_html_recipe_detail_detail_title_del_b,recipe_detail_component_html,b,LLM_ROLE,HELD,1,recipe_detail_component_html__LLMR_recipe_detail_component_html_recipe_detail_detail_title_del_b.mut
LLMR_recipe_detail_component_html_recipe_detail_detail_title_del_c,recipe_detail_component_html,c,LLM_ROLE,HELD,1,recipe_detail_component_html__LLMR_recipe_detail_component_html_recipe_detail_detail_title_del_c.mut
LLMR_recipe_detail_component_html_recipe_detail_detail_title_del_d,recipe_detail_component_html,d,LLM_ROLE,HELD,1,recipe_detail_component_html__LLMR_recipe_detail_component_html_recipe_detail_detail_title_del_d.mut
LLMR_recipe_detail_component_html_recipe_detail_detail_title_del_e,recipe_detail_component_html,e,LLM_ROLE,HELD,1,recipe_detail_component_html__LLMR_recipe_detail_component_html_recipe_detail_detail_title_del_e.mut
LLMR_recipe_detail_component_html_recipe_detail_detail_title_del_f,recipe_detail_component_html,f,LLM_ROLE,HELD,1,recipe_detail_component_html__LLMR_recipe_detail_component_html_recipe_detail_detail_title_del_f.mut
LLMR_recipe_detail_component_html_recipe_detail_detail_title_del_g,recipe_detail_component_html,g,LLM_ROLE,HELD,1,recipe_detail_component_html__LLMR_recipe_detail_component_html_recipe_detail_detail_title_del_g.mut
LLMR_recipe_detail_component_html_recipe_detail_detail_title_del_i,recipe_detail_component_html,i,LLM_ROLE,HELD,1,recipe_detail_component_html__LLMR_recipe_detail_component_html_recipe_detail_detail_title_del_i.mut
LLMR_recipe_detail_component_html_recipe_detail_detail_title_del_j,recipe_detail_component_html,j,LLM_ROLE,HELD,1,recipe_detail_component_html__LLMR_recipe_detail_component_html_recipe_detail_detail_title_del_j.mut
LLMR_recipe_detail_component_html_recipe_detail_detail_title_del_k,recipe_detail_component_html,k,LLM_ROLE,HELD,1,recipe_detail_component_html__LLMR_recipe_detail_component_html_recipe_detail_detail_title_del_k.mut
LLMR_recipe_detail_component_html_recipe_detail_detail_title_gam_a,recipe_detail_component_html,a,LLM_ROLE,HELD,1,recipe_detail_component_html__LLMR_recipe_detail_component_html_recipe_detail_detail_title_gam_a.mut
LLMR_recipe_detail_component_html_recipe_detail_detail_title_gam_b,recipe_detail_component_html,b,LLM_ROLE,HELD,1,recipe_detail_component_html__LLMR_recipe_detail_component_html_recipe_detail_detail_title_gam_b.mut
LLMR_recipe_detail_component_html_recipe_detail_detail_title_gam_c,recipe_detail_component_html,c,LLM_ROLE,HELD,1,recipe_detail_component_html__LLMR_recipe_detail_component_html_recipe_detail_detail_title_gam_c.mut
LLMR_recipe_detail_component_html_recipe_detail_detail_title_gam_f,recipe_detail_component_html,f,LLM_ROLE,HELD,1,recipe_detail_component_html__LLMR_recipe_detail_component_html_recipe_detail_detail_title_gam_f.mut
LLMR_recipe_detail_component_html_recipe_detail_detail_title_gam_i,recipe_detail_component_html,i,LLM_ROLE,HELD,1,recipe_detail_component_html__LLMR_recipe_detail_component_html_recipe_detail_detail_title_gam_i.mut
LLMR_recipe_detail_component_html_recipe_detail_detail_title_gam_j,recipe_detail_component_html,j,LLM_ROLE,HELD,1,recipe_detail_component_html__LLMR_recipe_detail_component_html_recipe_detail_detail_title_gam_j.mut
LLMR_recipe_detail_component_html_recipe_detail_detail_title_gam_k,recipe_detail_component_html,k,LLM_ROLE,HELD,1,recipe_detail_component_html__LLMR_recipe_detail_component_html_recipe_detail_detail_title_gam_k.mut
LLMR_recipe_detail_component_html_recipe_detail_kcal_alf_a,recipe_detail_component_html,a,LLM_ROLE,HELD,1,recipe_detail_component_html__LLMR_recipe_detail_component_html_recipe_detail_kcal_alf_a.mut
LLMR_recipe_detail_component_html_recipe_detail_kcal_alf_b,recipe_detail_component_html,b,LLM_ROLE,HELD,1,recipe_detail_component_html__LLMR_recipe_detail_component_html_recipe_detail_kcal_alf_b.mut
LLMR_recipe_detail_component_html_recipe_detail_kcal_alf_c,recipe_detail_component_html,c,LLM_ROLE,HELD,1,recipe_detail_component_html__LLMR_recipe_detail_component_html_recipe_detail_kcal_alf_c.mut
LLMR_recipe_detail_component_html_recipe_detail_kcal_alf_d,recipe_detail_component_html,d,LLM_ROLE,HELD,1,recipe_detail_component_html__LLMR_recipe_detail_component_html_recipe_detail_kcal_alf_d.mut
LLMR_recipe_detail_component_html_recipe_detail_kcal_alf_e,recipe_detail_component_html,e,LLM_ROLE,HELD,1,recipe_detail_component_html__LLMR_recipe_detail_component_html_recipe_detail_kcal_alf_e.mut
LLMR_recipe_detail_component_html_recipe_detail_kcal_alf_f,recipe_detail_component_html,f,LLM_ROLE,HELD,1,recipe_detail_component_html__LLMR_recipe_detail_component_html_recipe_detail_kcal_alf_f.mut
LLMR_recipe_detail_component_html_recipe_detail_kcal_alf_g,recipe_detail_component_html,g,LLM_ROLE,HELD,1,recipe_detail_component_html__LLMR_recipe_detail_component_html_recipe_detail_kcal_alf_g.mut
LLMR_recipe_detail_component_html_recipe_detail_kcal_alf_j,recipe_detail_component_html,j,LLM_ROLE,HELD,1,recipe_detail_component_html__LLMR_recipe_detail_component_html_recipe_detail_kcal_alf_j.mut
LLMR_recipe_detail_component_html_recipe_detail_kcal_alf_k,recipe_detail_component_html,k,LLM_ROLE,HELD,1,recipe_detail_component_html__LLMR_recipe_detail_component_html_recipe_detail_kcal_alf_k.mut
LLMR_recipe_detail_component_html_recipe_detail_kcal_bet_a,recipe_detail_component_html,a,LLM_ROLE,HELD,1,recipe_detail_component_html__LLMR_recipe_detail_component_html_recipe_detail_kcal_bet_a.mut
LLMR_recipe_detail_component_html_recipe_detail_kcal_bet_b,recipe_detail_component_html,b,LLM_ROLE,HELD,1,recipe_detail_component_html__LLMR_recipe_detail_component_html_recipe_detail_kcal_bet_b.mut
LLMR_recipe_detail_component_html_recipe_detail_kcal_bet_c,recipe_detail_component_html,c,LLM_ROLE,HELD,1,recipe_detail_component_html__LLMR_recipe_detail_component_html_recipe_detail_kcal_bet_c.mut
LLMR_recipe_detail_component_html_recipe_detail_kcal_bet_f,recipe_detail_component_html,f,LLM_ROLE,HELD,1,recipe_detail_component_html__LLMR_recipe_detail_component_html_recipe_detail_kcal_bet_f.mut
LLMR_recipe_detail_component_html_recipe_detail_kcal_bet_g,recipe_detail_component_html,g,LLM_ROLE,HELD,1,recipe_detail_component_html__LLMR_recipe_detail_component_html_recipe_detail_kcal_bet_g.mut
LLMR_recipe_detail_component_html_recipe_detail_kcal_bet_i,recipe_detail_component_html,i,LLM_ROLE,HELD,1,recipe_detail_component_html__LLMR_recipe_detail_component_html_recipe_detail_kcal_bet_i.mut
LLMR_recipe_detail_component_html_recipe_detail_kcal_bet_j,recipe_detail_component_html,j,LLM_ROLE,HELD,1,recipe_detail_component_html__LLMR_recipe_detail_component_html_recipe_detail_kcal_bet_j.mut
LLMR_recipe_detail_component_html_recipe_detail_kcal_bet_k,recipe_detail_component_html,k,LLM_ROLE,HELD,1,recipe_detail_component_html__LLMR_recipe_detail_component_html_recipe_detail_kcal_bet_k.mut
LLMR_recipe_detail_component_html_recipe_detail_kcal_del_a,recipe_detail_component_html,a,LLM_ROLE,HELD,1,recipe_detail_component_html__LLMR_recipe_detail_component_html_recipe_detail_kcal_del_a.mut
LLMR_recipe_detail_component_html_recipe_detail_kcal_del_b,recipe_detail_component_html,b,LLM_ROLE,HELD,1,recipe_detail_component_html__LLMR_recipe_detail_component_html_recipe_detail_kcal_del_b.mut
LLMR_recipe_detail_component_html_recipe_detail_kcal_del_c,recipe_detail_component_html,c,LLM_ROLE,HELD,1,recipe_detail_component_html__LLMR_recipe_detail_component_html_recipe_detail_kcal_del_c.mut
LLMR_recipe_detail_component_html_recipe_detail_kcal_del_d,recipe_detail_component_html,d,LLM_ROLE,HELD,1,recipe_detail_component_html__LLMR_recipe_detail_component_html_recipe_detail_kcal_del_d.mut
LLMR_recipe_detail_component_html_recipe_detail_kcal_del_e,recipe_detail_component_html,e,LLM_ROLE,HELD,1,recipe_detail_component_html__LLMR_recipe_detail_component_html_recipe_detail_kcal_del_e.mut
LLMR_recipe_detail_component_html_recipe_detail_kcal_del_f,recipe_detail_component_html,f,LLM_ROLE,HELD,1,recipe_detail_component_html__LLMR_recipe_detail_component_html_recipe_detail_kcal_del_f.mut
LLMR_recipe_detail_component_html_recipe_detail_kcal_del_g,recipe_detail_component_html,g,LLM_ROLE,HELD,1,recipe_detail_component_html__LLMR_recipe_detail_component_html_recipe_detail_kcal_del_g.mut
LLMR_recipe_detail_component_html_recipe_detail_kcal_del_i,recipe_detail_component_html,i,LLM_ROLE,HELD,1,recipe_detail_component_html__LLMR_recipe_detail_component_html_recipe_detail_kcal_del_i.mut
LLMR_recipe_detail_component_html_recipe_detail_kcal_del_j,recipe_detail_component_html,j,LLM_ROLE,HELD,1,recipe_detail_component_html__LLMR_recipe_detail_component_html_recipe_detail_kcal_del_j.mut
LLMR_recipe_detail_component_html_recipe_detail_kcal_del_k,recipe_detail_component_html,k,LLM_ROLE,HELD,1,recipe_detail_component_html__LLMR_recipe_detail_component_html_recipe_detail_kcal_del_k.mut
LLMR_recipe_detail_component_html_recipe_detail_kcal_eps_a,recipe_detail_component_html,a,LLM_ROLE,HELD,1,recipe_detail_component_html__LLMR_recipe_detail_component_html_recipe_detail_kcal_eps_a.mut
LLMR_recipe_detail_component_html_recipe_detail_kcal_eps_b,recipe_detail_component_html,b,LLM_ROLE,HELD,1,recipe_detail_component_html__LLMR_recipe_detail_component_html_recipe_detail_kcal_eps_b.mut
LLMR_recipe_detail_component_html_recipe_detail_kcal_eps_c,recipe_detail_component_html,c,LLM_ROLE,HELD,1,recipe_detail_component_html__LLMR_recipe_detail_component_html_recipe_detail_kcal_eps_c.mut
LLMR_recipe_detail_component_html_recipe_detail_kcal_eps_f,recipe_detail_component_html,f,LLM_ROLE,HELD,1,recipe_detail_component_html__LLMR_recipe_detail_component_html_recipe_detail_kcal_eps_f.mut
LLMR_recipe_detail_component_html_recipe_detail_kcal_eps_g,recipe_detail_component_html,g,LLM_ROLE,HELD,1,recipe_detail_component_html__LLMR_recipe_detail_component_html_recipe_detail_kcal_eps_g.mut
LLMR_recipe_detail_component_html_recipe_detail_kcal_eps_i,recipe_detail_component_html,i,LLM_ROLE,HELD,1,recipe_detail_component_html__LLMR_recipe_detail_component_html_recipe_detail_kcal_eps_i.mut
LLMR_recipe_detail_component_html_recipe_detail_kcal_eps_j,recipe_detail_component_html,j,LLM_ROLE,HELD,1,recipe_detail_component_html__LLMR_recipe_detail_component_html_recipe_detail_kcal_eps_j.mut
LLMR_recipe_detail_component_html_recipe_detail_kcal_eps_k,recipe_detail_component_html,k,LLM_ROLE,HELD,1,recipe_detail_component_html__LLMR_recipe_detail_component_html_recipe_detail_kcal_eps_k.mut
LLMR_recipe_detail_component_html_recipe_detail_kcal_gam_a,recipe_detail_component_html,a,LLM_ROLE,HELD,1,recipe_detail_component_html__LLMR_recipe_detail_component_html_recipe_detail_kcal_gam_a.mut
LLMR_recipe_detail_component_html_recipe_detail_kcal_gam_b,recipe_detail_component_html,b,LLM_ROLE,HELD,1,recipe_detail_component_html__LLMR_recipe_detail_component_html_recipe_detail_kcal_gam_b.mut
LLMR_recipe_detail_component_html_recipe_detail_kcal_gam_c,recipe_detail_component_html,c,LLM_ROLE,HELD,1,recipe_detail_component_html__LLMR_recipe_detail_component_html_recipe_detail_kcal_gam_c.mut
LLMR_recipe_detail_component_html_recipe_detail_kcal_gam_g,recipe_detail_component_html,g,LLM_ROLE,HELD,1,recipe_detail_component_html__LLMR_recipe_detail_component_html_recipe_detail_kcal_gam_g.mut
LLMR_recipe_detail_component_html_recipe_detail_kcal_gam_i,recipe_detail_component_html,i,LLM_ROLE,HELD,1,recipe_detail_component_html__LLMR_recipe_detail_component_html_recipe_detail_kcal_gam_i.mut
LLMR_recipe_detail_component_html_recipe_detail_kcal_gam_j,recipe_detail_component_html,j,LLM_ROLE,HELD,1,recipe_detail_component_html__LLMR_recipe_detail_component_html_recipe_detail_kcal_gam_j.mut
LLMR_recipe_detail_component_html_recipe_detail_kcal_gam_k,recipe_detail_component_html,k,LLM_ROLE,HELD,1,recipe_detail_component_html__LLMR_recipe_detail_component_html_recipe_detail_kcal_gam_k.mut
LLMR_recipe_detail_component_html_recipe_detail_not_found_alf_a,recipe_detail_component_html,a,LLM_ROLE,HELD,1,recipe_detail_component_html__LLMR_recipe_detail_component_html_recipe_detail_not_found_alf_a.mut
LLMR_recipe_detail_component_html_recipe_detail_not_found_alf_b,recipe_detail_component_html,b,LLM_ROLE,HELD,1,recipe_detail_component_html__LLMR_recipe_detail_component_html_recipe_detail_not_found_alf_b.mut
LLMR_recipe_detail_component_html_recipe_detail_not_found_alf_c,recipe_detail_component_html,c,LLM_ROLE,HELD,1,recipe_detail_component_html__LLMR_recipe_detail_component_html_recipe_detail_not_found_alf_c.mut
LLMR_recipe_detail_component_html_recipe_detail_not_found_alf_d,recipe_detail_component_html,d,LLM_ROLE,HELD,1,recipe_detail_component_html__LLMR_recipe_detail_component_html_recipe_detail_not_found_alf_d.mut
LLMR_recipe_detail_component_html_recipe_detail_not_found_alf_e,recipe_detail_component_html,e,LLM_ROLE,HELD,1,recipe_detail_component_html__LLMR_recipe_detail_component_html_recipe_detail_not_found_alf_e.mut
LLMR_recipe_detail_component_html_recipe_detail_not_found_alf_f,recipe_detail_component_html,f,LLM_ROLE,HELD,1,recipe_detail_component_html__LLMR_recipe_detail_component_html_recipe_detail_not_found_alf_f.mut
LLMR_recipe_detail_component_html_recipe_detail_not_found_alf_g,recipe_detail_component_html,g,LLM_ROLE,HELD,1,recipe_detail_component_html__LLMR_recipe_detail_component_html_recipe_detail_not_found_alf_g.mut
LLMR_recipe_detail_component_html_recipe_detail_not_found_alf_j,recipe_detail_component_html,j,LLM_ROLE,HELD,1,recipe_detail_component_html__LLMR_recipe_detail_component_html_recipe_detail_not_found_alf_j.mut
LLMR_recipe_detail_component_html_recipe_detail_not_found_alf_k,recipe_detail_component_html,k,LLM_ROLE,HELD,1,recipe_detail_component_html__LLMR_recipe_detail_component_html_recipe_detail_not_found_alf_k.mut
LLMR_recipe_detail_component_html_recipe_detail_not_found_bet_a,recipe_detail_component_html,a,LLM_ROLE,HELD,1,recipe_detail_component_html__LLMR_recipe_detail_component_html_recipe_detail_not_found_bet_a.mut
LLMR_recipe_detail_component_html_recipe_detail_not_found_bet_b,recipe_detail_component_html,b,LLM_ROLE,HELD,1,recipe_detail_component_html__LLMR_recipe_detail_component_html_recipe_detail_not_found_bet_b.mut
LLMR_recipe_detail_component_html_recipe_detail_not_found_bet_c,recipe_detail_component_html,c,LLM_ROLE,HELD,1,recipe_detail_component_html__LLMR_recipe_detail_component_html_recipe_detail_not_found_bet_c.mut
LLMR_recipe_detail_component_html_recipe_detail_not_found_bet_i,recipe_detail_component_html,i,LLM_ROLE,HELD,1,recipe_detail_component_html__LLMR_recipe_detail_component_html_recipe_detail_not_found_bet_i.mut
LLMR_recipe_detail_component_html_recipe_detail_not_found_bet_j,recipe_detail_component_html,j,LLM_ROLE,HELD,1,recipe_detail_component_html__LLMR_recipe_detail_component_html_recipe_detail_not_found_bet_j.mut
LLMR_recipe_detail_component_html_recipe_detail_not_found_bet_k,recipe_detail_component_html,k,LLM_ROLE,HELD,1,recipe_detail_component_html__LLMR_recipe_detail_component_html_recipe_detail_not_found_bet_k.mut
LLMR_recipe_detail_component_html_recipe_detail_not_found_del_a,recipe_detail_component_html,a,LLM_ROLE,HELD,1,recipe_detail_component_html__LLMR_recipe_detail_component_html_recipe_detail_not_found_del_a.mut
LLMR_recipe_detail_component_html_recipe_detail_not_found_del_b,recipe_detail_component_html,b,LLM_ROLE,HELD,1,recipe_detail_component_html__LLMR_recipe_detail_component_html_recipe_detail_not_found_del_b.mut
LLMR_recipe_detail_component_html_recipe_detail_not_found_del_c,recipe_detail_component_html,c,LLM_ROLE,HELD,1,recipe_detail_component_html__LLMR_recipe_detail_component_html_recipe_detail_not_found_del_c.mut
LLMR_recipe_detail_component_html_recipe_detail_not_found_del_d,recipe_detail_component_html,d,LLM_ROLE,HELD,1,recipe_detail_component_html__LLMR_recipe_detail_component_html_recipe_detail_not_found_del_d.mut
LLMR_recipe_detail_component_html_recipe_detail_not_found_del_e,recipe_detail_component_html,e,LLM_ROLE,HELD,1,recipe_detail_component_html__LLMR_recipe_detail_component_html_recipe_detail_not_found_del_e.mut
LLMR_recipe_detail_component_html_recipe_detail_not_found_del_f,recipe_detail_component_html,f,LLM_ROLE,HELD,1,recipe_detail_component_html__LLMR_recipe_detail_component_html_recipe_detail_not_found_del_f.mut
LLMR_recipe_detail_component_html_recipe_detail_not_found_del_g,recipe_detail_component_html,g,LLM_ROLE,HELD,1,recipe_detail_component_html__LLMR_recipe_detail_component_html_recipe_detail_not_found_del_g.mut
LLMR_recipe_detail_component_html_recipe_detail_not_found_del_i,recipe_detail_component_html,i,LLM_ROLE,HELD,1,recipe_detail_component_html__LLMR_recipe_detail_component_html_recipe_detail_not_found_del_i.mut
LLMR_recipe_detail_component_html_recipe_detail_not_found_del_j,recipe_detail_component_html,j,LLM_ROLE,HELD,1,recipe_detail_component_html__LLMR_recipe_detail_component_html_recipe_detail_not_found_del_j.mut
LLMR_recipe_detail_component_html_recipe_detail_not_found_del_k,recipe_detail_component_html,k,LLM_ROLE,HELD,1,recipe_detail_component_html__LLMR_recipe_detail_component_html_recipe_detail_not_found_del_k.mut
LLMR_recipe_detail_component_html_recipe_detail_not_found_gam_a,recipe_detail_component_html,a,LLM_ROLE,HELD,1,recipe_detail_component_html__LLMR_recipe_detail_component_html_recipe_detail_not_found_gam_a.mut
LLMR_recipe_detail_component_html_recipe_detail_not_found_gam_b,recipe_detail_component_html,b,LLM_ROLE,HELD,1,recipe_detail_component_html__LLMR_recipe_detail_component_html_recipe_detail_not_found_gam_b.mut
LLMR_recipe_detail_component_html_recipe_detail_not_found_gam_c,recipe_detail_component_html,c,LLM_ROLE,HELD,1,recipe_detail_component_html__LLMR_recipe_detail_component_html_recipe_detail_not_found_gam_c.mut
LLMR_recipe_detail_component_html_recipe_detail_not_found_gam_f,recipe_detail_component_html,f,LLM_ROLE,HELD,1,recipe_detail_component_html__LLMR_recipe_detail_component_html_recipe_detail_not_found_gam_f.mut
LLMR_recipe_detail_component_html_recipe_detail_not_found_gam_j,recipe_detail_component_html,j,LLM_ROLE,HELD,1,recipe_detail_component_html__LLMR_recipe_detail_component_html_recipe_detail_not_found_gam_j.mut
LLMR_recipe_detail_component_html_recipe_detail_not_found_gam_k,recipe_detail_component_html,k,LLM_ROLE,HELD,1,recipe_detail_component_html__LLMR_recipe_detail_component_html_recipe_detail_not_found_gam_k.mut
LLMR_recipe_detail_component_html_recipe_detail_protein_alf_a,recipe_detail_component_html,a,LLM_ROLE,HELD,1,recipe_detail_component_html__LLMR_recipe_detail_component_html_recipe_detail_protein_alf_a.mut
LLMR_recipe_detail_component_html_recipe_detail_protein_alf_b,recipe_detail_component_html,b,LLM_ROLE,HELD,1,recipe_detail_component_html__LLMR_recipe_detail_component_html_recipe_detail_protein_alf_b.mut
LLMR_recipe_detail_component_html_recipe_detail_protein_alf_c,recipe_detail_component_html,c,LLM_ROLE,HELD,1,recipe_detail_component_html__LLMR_recipe_detail_component_html_recipe_detail_protein_alf_c.mut
LLMR_recipe_detail_component_html_recipe_detail_protein_alf_d,recipe_detail_component_html,d,LLM_ROLE,HELD,1,recipe_detail_component_html__LLMR_recipe_detail_component_html_recipe_detail_protein_alf_d.mut
LLMR_recipe_detail_component_html_recipe_detail_protein_alf_e,recipe_detail_component_html,e,LLM_ROLE,HELD,1,recipe_detail_component_html__LLMR_recipe_detail_component_html_recipe_detail_protein_alf_e.mut
LLMR_recipe_detail_component_html_recipe_detail_protein_alf_f,recipe_detail_component_html,f,LLM_ROLE,HELD,1,recipe_detail_component_html__LLMR_recipe_detail_component_html_recipe_detail_protein_alf_f.mut
LLMR_recipe_detail_component_html_recipe_detail_protein_alf_g,recipe_detail_component_html,g,LLM_ROLE,HELD,1,recipe_detail_component_html__LLMR_recipe_detail_component_html_recipe_detail_protein_alf_g.mut
LLMR_recipe_detail_component_html_recipe_detail_protein_alf_j,recipe_detail_component_html,j,LLM_ROLE,HELD,1,recipe_detail_component_html__LLMR_recipe_detail_component_html_recipe_detail_protein_alf_j.mut
LLMR_recipe_detail_component_html_recipe_detail_protein_alf_k,recipe_detail_component_html,k,LLM_ROLE,HELD,1,recipe_detail_component_html__LLMR_recipe_detail_component_html_recipe_detail_protein_alf_k.mut
LLMR_recipe_detail_component_html_recipe_detail_protein_bet_a,recipe_detail_component_html,a,LLM_ROLE,HELD,1,recipe_detail_component_html__LLMR_recipe_detail_component_html_recipe_detail_protein_bet_a.mut
LLMR_recipe_detail_component_html_recipe_detail_protein_bet_b,recipe_detail_component_html,b,LLM_ROLE,HELD,1,recipe_detail_component_html__LLMR_recipe_detail_component_html_recipe_detail_protein_bet_b.mut
LLMR_recipe_detail_component_html_recipe_detail_protein_bet_c,recipe_detail_component_html,c,LLM_ROLE,HELD,1,recipe_detail_component_html__LLMR_recipe_detail_component_html_recipe_detail_protein_bet_c.mut
LLMR_recipe_detail_component_html_recipe_detail_protein_bet_f,recipe_detail_component_html,f,LLM_ROLE,HELD,1,recipe_detail_component_html__LLMR_recipe_detail_component_html_recipe_detail_protein_bet_f.mut
LLMR_recipe_detail_component_html_recipe_detail_protein_bet_g,recipe_detail_component_html,g,LLM_ROLE,HELD,1,recipe_detail_component_html__LLMR_recipe_detail_component_html_recipe_detail_protein_bet_g.mut
LLMR_recipe_detail_component_html_recipe_detail_protein_bet_i,recipe_detail_component_html,i,LLM_ROLE,HELD,1,recipe_detail_component_html__LLMR_recipe_detail_component_html_recipe_detail_protein_bet_i.mut
LLMR_recipe_detail_component_html_recipe_detail_protein_bet_j,recipe_detail_component_html,j,LLM_ROLE,HELD,1,recipe_detail_component_html__LLMR_recipe_detail_component_html_recipe_detail_protein_bet_j.mut
LLMR_recipe_detail_component_html_recipe_detail_protein_bet_k,recipe_detail_component_html,k,LLM_ROLE,HELD,1,recipe_detail_component_html__LLMR_recipe_detail_component_html_recipe_detail_protein_bet_k.mut
LLMR_recipe_detail_component_html_recipe_detail_protein_del_a,recipe_detail_component_html,a,LLM_ROLE,HELD,1,recipe_detail_component_html__LLMR_recipe_detail_component_html_recipe_detail_protein_del_a.mut
LLMR_recipe_detail_component_html_recipe_detail_protein_del_b,recipe_detail_component_html,b,LLM_ROLE,HELD,1,recipe_detail_component_html__LLMR_recipe_detail_component_html_recipe_detail_protein_del_b.mut
LLMR_recipe_detail_component_html_recipe_detail_protein_del_c,recipe_detail_component_html,c,LLM_ROLE,HELD,1,recipe_detail_component_html__LLMR_recipe_detail_component_html_recipe_detail_protein_del_c.mut
LLMR_recipe_detail_component_html_recipe_detail_protein_del_d,recipe_detail_component_html,d,LLM_ROLE,HELD,1,recipe_detail_component_html__LLMR_recipe_detail_component_html_recipe_detail_protein_del_d.mut
LLMR_recipe_detail_component_html_recipe_detail_protein_del_e,recipe_detail_component_html,e,LLM_ROLE,HELD,1,recipe_detail_component_html__LLMR_recipe_detail_component_html_recipe_detail_protein_del_e.mut
LLMR_recipe_detail_component_html_recipe_detail_protein_del_f,recipe_detail_component_html,f,LLM_ROLE,HELD,1,recipe_detail_component_html__LLMR_recipe_detail_component_html_recipe_detail_protein_del_f.mut
LLMR_recipe_detail_component_html_recipe_detail_protein_del_g,recipe_detail_component_html,g,LLM_ROLE,HELD,1,recipe_detail_component_html__LLMR_recipe_detail_component_html_recipe_detail_protein_del_g.mut
LLMR_recipe_detail_component_html_recipe_detail_protein_del_i,recipe_detail_component_html,i,LLM_ROLE,HELD,1,recipe_detail_component_html__LLMR_recipe_detail_component_html_recipe_detail_protein_del_i.mut
LLMR_recipe_detail_component_html_recipe_detail_protein_del_j,recipe_detail_component_html,j,LLM_ROLE,HELD,1,recipe_detail_component_html__LLMR_recipe_detail_component_html_recipe_detail_protein_del_j.mut
LLMR_recipe_detail_component_html_recipe_detail_protein_del_k,recipe_detail_component_html,k,LLM_ROLE,HELD,1,recipe_detail_component_html__LLMR_recipe_detail_component_html_recipe_detail_protein_del_k.mut
LLMR_recipe_detail_component_html_recipe_detail_protein_eps_a,recipe_detail_component_html,a,LLM_ROLE,HELD,1,recipe_detail_component_html__LLMR_recipe_detail_component_html_recipe_detail_protein_eps_a.mut
LLMR_recipe_detail_component_html_recipe_detail_protein_eps_c,recipe_detail_component_html,c,LLM_ROLE,HELD,1,recipe_detail_component_html__LLMR_recipe_detail_component_html_recipe_detail_protein_eps_c.mut
LLMR_recipe_detail_component_html_recipe_detail_protein_eps_j,recipe_detail_component_html,j,LLM_ROLE,HELD,1,recipe_detail_component_html__LLMR_recipe_detail_component_html_recipe_detail_protein_eps_j.mut
LLMR_recipe_detail_component_html_recipe_detail_protein_eps_k,recipe_detail_component_html,k,LLM_ROLE,HELD,1,recipe_detail_component_html__LLMR_recipe_detail_component_html_recipe_detail_protein_eps_k.mut
LLMR_recipe_detail_component_html_recipe_detail_protein_gam_a,recipe_detail_component_html,a,LLM_ROLE,HELD,1,recipe_detail_component_html__LLMR_recipe_detail_component_html_recipe_detail_protein_gam_a.mut
LLMR_recipe_detail_component_html_recipe_detail_protein_gam_c,recipe_detail_component_html,c,LLM_ROLE,HELD,1,recipe_detail_component_html__LLMR_recipe_detail_component_html_recipe_detail_protein_gam_c.mut
LLMR_recipe_detail_component_html_recipe_detail_protein_gam_j,recipe_detail_component_html,j,LLM_ROLE,HELD,1,recipe_detail_component_html__LLMR_recipe_detail_component_html_recipe_detail_protein_gam_j.mut
LLMR_recipe_detail_component_html_recipe_detail_servings_alf_a,recipe_detail_component_html,a,LLM_ROLE,HELD,1,recipe_detail_component_html__LLMR_recipe_detail_component_html_recipe_detail_servings_alf_a.mut
LLMR_recipe_detail_component_html_recipe_detail_servings_alf_b,recipe_detail_component_html,b,LLM_ROLE,HELD,1,recipe_detail_component_html__LLMR_recipe_detail_component_html_recipe_detail_servings_alf_b.mut
LLMR_recipe_detail_component_html_recipe_detail_servings_alf_c,recipe_detail_component_html,c,LLM_ROLE,HELD,1,recipe_detail_component_html__LLMR_recipe_detail_component_html_recipe_detail_servings_alf_c.mut
LLMR_recipe_detail_component_html_recipe_detail_servings_alf_f,recipe_detail_component_html,f,LLM_ROLE,HELD,1,recipe_detail_component_html__LLMR_recipe_detail_component_html_recipe_detail_servings_alf_f.mut
LLMR_recipe_detail_component_html_recipe_detail_servings_alf_g,recipe_detail_component_html,g,LLM_ROLE,HELD,1,recipe_detail_component_html__LLMR_recipe_detail_component_html_recipe_detail_servings_alf_g.mut
LLMR_recipe_detail_component_html_recipe_detail_servings_alf_j,recipe_detail_component_html,j,LLM_ROLE,HELD,1,recipe_detail_component_html__LLMR_recipe_detail_component_html_recipe_detail_servings_alf_j.mut
LLMR_recipe_detail_component_html_recipe_detail_servings_alf_k,recipe_detail_component_html,k,LLM_ROLE,HELD,1,recipe_detail_component_html__LLMR_recipe_detail_component_html_recipe_detail_servings_alf_k.mut
LLMR_recipe_detail_component_html_recipe_detail_servings_bet_a,recipe_detail_component_html,a,LLM_ROLE,HELD,1,recipe_detail_component_html__LLMR_recipe_detail_component_html_recipe_detail_servings_bet_a.mut
LLMR_recipe_detail_component_html_recipe_detail_servings_bet_b,recipe_detail_component_html,b,LLM_ROLE,HELD,1,recipe_detail_component_html__LLMR_recipe_detail_component_html_recipe_detail_servings_bet_b.mut
LLMR_recipe_detail_component_html_recipe_detail_servings_bet_c,recipe_detail_component_html,c,LLM_ROLE,HELD,1,recipe_detail_component_html__LLMR_recipe_detail_component_html_recipe_detail_servings_bet_c.mut
LLMR_recipe_detail_component_html_recipe_detail_servings_bet_g,recipe_detail_component_html,g,LLM_ROLE,HELD,1,recipe_detail_component_html__LLMR_recipe_detail_component_html_recipe_detail_servings_bet_g.mut
LLMR_recipe_detail_component_html_recipe_detail_servings_bet_i,recipe_detail_component_html,i,LLM_ROLE,HELD,1,recipe_detail_component_html__LLMR_recipe_detail_component_html_recipe_detail_servings_bet_i.mut
LLMR_recipe_detail_component_html_recipe_detail_servings_bet_j,recipe_detail_component_html,j,LLM_ROLE,HELD,1,recipe_detail_component_html__LLMR_recipe_detail_component_html_recipe_detail_servings_bet_j.mut
LLMR_recipe_detail_component_html_recipe_detail_servings_bet_k,recipe_detail_component_html,k,LLM_ROLE,HELD,1,recipe_detail_component_html__LLMR_recipe_detail_component_html_recipe_detail_servings_bet_k.mut
LLMR_recipe_detail_component_html_recipe_detail_servings_del_a,recipe_detail_component_html,a,LLM_ROLE,HELD,1,recipe_detail_component_html__LLMR_recipe_detail_component_html_recipe_detail_servings_del_a.mut
LLMR_recipe_detail_component_html_recipe_detail_servings_del_b,recipe_detail_component_html,b,LLM_ROLE,HELD,1,recipe_detail_component_html__LLMR_recipe_detail_component_html_recipe_detail_servings_del_b.mut
LLMR_recipe_detail_component_html_recipe_detail_servings_del_c,recipe_detail_component_html,c,LLM_ROLE,HELD,1,recipe_detail_component_html__LLMR_recipe_detail_component_html_recipe_detail_servings_del_c.mut
LLMR_recipe_detail_component_html_recipe_detail_servings_del_d,recipe_detail_component_html,d,LLM_ROLE,HELD,1,recipe_detail_component_html__LLMR_recipe_detail_component_html_recipe_detail_servings_del_d.mut
LLMR_recipe_detail_component_html_recipe_detail_servings_del_e,recipe_detail_component_html,e,LLM_ROLE,HELD,1,recipe_detail_component_html__LLMR_recipe_detail_component_html_recipe_detail_servings_del_e.mut
LLMR_recipe_detail_component_html_recipe_detail_servings_del_f,recipe_detail_component_html,f,LLM_ROLE,HELD,1,recipe_detail_component_html__LLMR_recipe_detail_component_html_recipe_detail_servings_del_f.mut
LLMR_recipe_detail_component_html_recipe_detail_servings_del_g,recipe_detail_component_html,g,LLM_ROLE,HELD,1,recipe_detail_component_html__LLMR_recipe_detail_component_html_recipe_detail_servings_del_g.mut
LLMR_recipe_detail_component_html_recipe_detail_servings_del_i,recipe_detail_component_html,i,LLM_ROLE,HELD,1,recipe_detail_component_html__LLMR_recipe_detail_component_html_recipe_detail_servings_del_i.mut
LLMR_recipe_detail_component_html_recipe_detail_servings_del_j,recipe_detail_component_html,j,LLM_ROLE,HELD,1,recipe_detail_component_html__LLMR_recipe_detail_component_html_recipe_detail_servings_del_j.mut
LLMR_recipe_detail_component_html_recipe_detail_servings_del_k,recipe_detail_component_html,k,LLM_ROLE,HELD,1,recipe_detail_component_html__LLMR_recipe_detail_component_html_recipe_detail_servings_del_k.mut
LLMR_recipe_detail_component_html_recipe_detail_servings_eps_a,recipe_detail_component_html,a,LLM_ROLE,HELD,1,recipe_detail_component_html__LLMR_recipe_detail_component_html_recipe_detail_servings_eps_a.mut
LLMR_recipe_detail_component_html_recipe_detail_servings_eps_b,recipe_detail_component_html,b,LLM_ROLE,HELD,1,recipe_detail_component_html__LLMR_recipe_detail_component_html_recipe_detail_servings_eps_b.mut
LLMR_recipe_detail_component_html_recipe_detail_servings_eps_c,recipe_detail_component_html,c,LLM_ROLE,HELD,1,recipe_detail_component_html__LLMR_recipe_detail_component_html_recipe_detail_servings_eps_c.mut
LLMR_recipe_detail_component_html_recipe_detail_servings_eps_f,recipe_detail_component_html,f,LLM_ROLE,HELD,1,recipe_detail_component_html__LLMR_recipe_detail_component_html_recipe_detail_servings_eps_f.mut
LLMR_recipe_detail_component_html_recipe_detail_servings_eps_g,recipe_detail_component_html,g,LLM_ROLE,HELD,1,recipe_detail_component_html__LLMR_recipe_detail_component_html_recipe_detail_servings_eps_g.mut
LLMR_recipe_detail_component_html_recipe_detail_servings_eps_i,recipe_detail_component_html,i,LLM_ROLE,HELD,1,recipe_detail_component_html__LLMR_recipe_detail_component_html_recipe_detail_servings_eps_i.mut
LLMR_recipe_detail_component_html_recipe_detail_servings_eps_j,recipe_detail_component_html,j,LLM_ROLE,HELD,1,recipe_detail_component_html__LLMR_recipe_detail_component_html_recipe_detail_servings_eps_j.mut
LLMR_recipe_detail_component_html_recipe_detail_servings_eps_k,recipe_detail_component_html,k,LLM_ROLE,HELD,1,recipe_detail_component_html__LLMR_recipe_detail_component_html_recipe_detail_servings_eps_k.mut
LLMR_recipe_detail_component_html_recipe_detail_servings_gam_a,recipe_detail_component_html,a,LLM_ROLE,HELD,1,recipe_detail_component_html__LLMR_recipe_detail_component_html_recipe_detail_servings_gam_a.mut
LLMR_recipe_detail_component_html_recipe_detail_servings_gam_b,recipe_detail_component_html,b,LLM_ROLE,HELD,1,recipe_detail_component_html__LLMR_recipe_detail_component_html_recipe_detail_servings_gam_b.mut
LLMR_recipe_detail_component_html_recipe_detail_servings_gam_c,recipe_detail_component_html,c,LLM_ROLE,HELD,1,recipe_detail_component_html__LLMR_recipe_detail_component_html_recipe_detail_servings_gam_c.mut
LLMR_recipe_detail_component_html_recipe_detail_servings_gam_f,recipe_detail_component_html,f,LLM_ROLE,HELD,1,recipe_detail_component_html__LLMR_recipe_detail_component_html_recipe_detail_servings_gam_f.mut
LLMR_recipe_detail_component_html_recipe_detail_servings_gam_g,recipe_detail_component_html,g,LLM_ROLE,HELD,1,recipe_detail_component_html__LLMR_recipe_detail_component_html_recipe_detail_servings_gam_g.mut
LLMR_recipe_detail_component_html_recipe_detail_servings_gam_i,recipe_detail_component_html,i,LLM_ROLE,HELD,1,recipe_detail_component_html__LLMR_recipe_detail_component_html_recipe_detail_servings_gam_i.mut
LLMR_recipe_detail_component_html_recipe_detail_servings_gam_j,recipe_detail_component_html,j,LLM_ROLE,HELD,1,recipe_detail_component_html__LLMR_recipe_detail_component_html_recipe_detail_servings_gam_j.mut
LLMR_recipe_detail_component_html_recipe_detail_servings_gam_k,recipe_detail_component_html,k,LLM_ROLE,HELD,1,recipe_detail_component_html__LLMR_recipe_detail_component_html_recipe_detail_servings_gam_k.mut
LLMR_h_recipe_form_f_course_alf,recipe_form_component_html,h,LLM_ROLE,HELD,2,recipe_form_component_html__LLMR_h_recipe_form_f_course_alf.mut
LLMR_h_recipe_form_f_course_bet,recipe_form_component_html,h,LLM_ROLE,HELD,2,recipe_form_component_html__LLMR_h_recipe_form_f_course_bet.mut
LLMR_h_recipe_form_f_course_del,recipe_form_component_html,h,LLM_ROLE,HELD,2,recipe_form_component_html__LLMR_h_recipe_form_f_course_del.mut
LLMR_h_recipe_form_f_course_gam,recipe_form_component_html,h,LLM_ROLE,HELD,2,recipe_form_component_html__LLMR_h_recipe_form_f_course_gam.mut
LLMR_h_recipe_form_f_ingredients_alf,recipe_form_component_html,h,LLM_ROLE,HELD,2,recipe_form_component_html__LLMR_h_recipe_form_f_ingredients_alf.mut
LLMR_h_recipe_form_f_ingredients_bet,recipe_form_component_html,h,LLM_ROLE,HELD,2,recipe_form_component_html__LLMR_h_recipe_form_f_ingredients_bet.mut
LLMR_h_recipe_form_f_ingredients_del,recipe_form_component_html,h,LLM_ROLE,HELD,2,recipe_form_component_html__LLMR_h_recipe_form_f_ingredients_del.mut
LLMR_h_recipe_form_f_ingredients_eps,recipe_form_component_html,h,LLM_ROLE,HELD,2,recipe_form_component_html__LLMR_h_recipe_form_f_ingredients_eps.mut
LLMR_h_recipe_form_f_ingredients_gam,recipe_form_component_html,h,LLM_ROLE,HELD,2,recipe_form_component_html__LLMR_h_recipe_form_f_ingredients_gam.mut
LLMR_h_recipe_form_f_servings_alf,recipe_form_component_html,h,LLM_ROLE,HELD,2,recipe_form_component_html__LLMR_h_recipe_form_f_servings_alf.mut
LLMR_h_recipe_form_f_servings_bet,recipe_form_component_html,h,LLM_ROLE,HELD,2,recipe_form_component_html__LLMR_h_recipe_form_f_servings_bet.mut
LLMR_h_recipe_form_f_servings_del,recipe_form_component_html,h,LLM_ROLE,HELD,2,recipe_form_component_html__LLMR_h_recipe_form_f_servings_del.mut
LLMR_h_recipe_form_f_servings_gam,recipe_form_component_html,h,LLM_ROLE,HELD,2,recipe_form_component_html__LLMR_h_recipe_form_f_servings_gam.mut
LLMR_h_recipe_form_f_steps_alf,recipe_form_component_html,h,LLM_ROLE,HELD,2,recipe_form_component_html__LLMR_h_recipe_form_f_steps_alf.mut
LLMR_h_recipe_form_f_steps_bet,recipe_form_component_html,h,LLM_ROLE,HELD,2,recipe_form_component_html__LLMR_h_recipe_form_f_steps_bet.mut
LLMR_h_recipe_form_f_steps_del,recipe_form_component_html,h,LLM_ROLE,HELD,2,recipe_form_component_html__LLMR_h_recipe_form_f_steps_del.mut
LLMR_h_recipe_form_f_steps_eps,recipe_form_component_html,h,LLM_ROLE,HELD,2,recipe_form_component_html__LLMR_h_recipe_form_f_steps_eps.mut
LLMR_h_recipe_form_f_steps_gam,recipe_form_component_html,h,LLM_ROLE,HELD,2,recipe_form_component_html__LLMR_h_recipe_form_f_steps_gam.mut
LLMR_h_recipe_form_f_submit_alf,recipe_form_component_html,h,LLM_ROLE,HELD,2,recipe_form_component_html__LLMR_h_recipe_form_f_submit_alf.mut
LLMR_h_recipe_form_f_submit_bet,recipe_form_component_html,h,LLM_ROLE,HELD,2,recipe_form_component_html__LLMR_h_recipe_form_f_submit_bet.mut
LLMR_h_recipe_form_f_submit_del,recipe_form_component_html,h,LLM_ROLE,HELD,2,recipe_form_component_html__LLMR_h_recipe_form_f_submit_del.mut
LLMR_h_recipe_form_f_submit_gam,recipe_form_component_html,h,LLM_ROLE,HELD,2,recipe_form_component_html__LLMR_h_recipe_form_f_submit_gam.mut
LLMR_h_recipe_form_f_tags_alf,recipe_form_component_html,h,LLM_ROLE,HELD,2,recipe_form_component_html__LLMR_h_recipe_form_f_tags_alf.mut
LLMR_h_recipe_form_f_tags_bet,recipe_form_component_html,h,LLM_ROLE,HELD,2,recipe_form_component_html__LLMR_h_recipe_form_f_tags_bet.mut
LLMR_h_recipe_form_f_tags_del,recipe_form_component_html,h,LLM_ROLE,HELD,2,recipe_form_component_html__LLMR_h_recipe_form_f_tags_del.mut
LLMR_h_recipe_form_f_tags_gam,recipe_form_component_html,h,LLM_ROLE,HELD,2,recipe_form_component_html__LLMR_h_recipe_form_f_tags_gam.mut
LLMR_h_recipe_form_f_title_alf,recipe_form_component_html,h,LLM_ROLE,HELD,2,recipe_form_component_html__LLMR_h_recipe_form_f_title_alf.mut
LLMR_h_recipe_form_f_title_bet,recipe_form_component_html,h,LLM_ROLE,HELD,2,recipe_form_component_html__LLMR_h_recipe_form_f_title_bet.mut
LLMR_h_recipe_form_f_title_del,recipe_form_component_html,h,LLM_ROLE,HELD,2,recipe_form_component_html__LLMR_h_recipe_form_f_title_del.mut
LLMR_h_recipe_form_f_title_gam,recipe_form_component_html,h,LLM_ROLE,HELD,2,recipe_form_component_html__LLMR_h_recipe_form_f_title_gam.mut
LLMR_h_recipe_form_f_veg_alf,recipe_form_component_html,h,LLM_ROLE,HELD,2,recipe_form_component_html__LLMR_h_recipe_form_f_veg_alf.mut
LLMR_h_recipe_form_f_veg_bet,recipe_form_component_html,h,LLM_ROLE,HELD,2,recipe_form_component_html__LLMR_h_recipe_form_f_veg_bet.mut
LLMR_h_recipe_form_f_veg_del,recipe_form_component_html,h,LLM_ROLE,HELD,2,recipe_form_component_html__LLMR_h_recipe_form_f_veg_del.mut
LLMR_h_recipe_form_f_veg_gam,recipe_form_component_html,h,LLM_ROLE,HELD,2,recipe_form_component_html__LLMR_h_recipe_form_f_veg_gam.mut
LLMR_h_recipe_form_form_heading_alf,recipe_form_component_html,h,LLM_ROLE,HELD,2,recipe_form_component_html__LLMR_h_recipe_form_form_heading_alf.mut
LLMR_h_recipe_form_form_heading_bet,recipe_form_component_html,h,LLM_ROLE,HELD,2,recipe_form_component_html__LLMR_h_recipe_form_form_heading_bet.mut
LLMR_h_recipe_form_form_heading_del,recipe_form_component_html,h,LLM_ROLE,HELD,2,recipe_form_component_html__LLMR_h_recipe_form_form_heading_del.mut
LLMR_h_recipe_form_form_heading_gam,recipe_form_component_html,h,LLM_ROLE,HELD,2,recipe_form_component_html__LLMR_h_recipe_form_form_heading_gam.mut
LLMR_recipe_form_component_html_recipe_form_f_course_alf_a,recipe_form_component_html,a,LLM_ROLE,HELD,1,recipe_form_component_html__LLMR_recipe_form_component_html_recipe_form_f_course_alf_a.mut
LLMR_recipe_form_component_html_recipe_form_f_course_alf_b,recipe_form_component_html,b,LLM_ROLE,HELD,1,recipe_form_component_html__LLMR_recipe_form_component_html_recipe_form_f_course_alf_b.mut
LLMR_recipe_form_component_html_recipe_form_f_course_alf_c,recipe_form_component_html,c,LLM_ROLE,HELD,1,recipe_form_component_html__LLMR_recipe_form_component_html_recipe_form_f_course_alf_c.mut
LLMR_recipe_form_component_html_recipe_form_f_course_alf_f,recipe_form_component_html,f,LLM_ROLE,HELD,1,recipe_form_component_html__LLMR_recipe_form_component_html_recipe_form_f_course_alf_f.mut
LLMR_recipe_form_component_html_recipe_form_f_course_alf_g,recipe_form_component_html,g,LLM_ROLE,HELD,1,recipe_form_component_html__LLMR_recipe_form_component_html_recipe_form_f_course_alf_g.mut
LLMR_recipe_form_component_html_recipe_form_f_course_alf_j,recipe_form_component_html,j,LLM_ROLE,HELD,1,recipe_form_component_html__LLMR_recipe_form_component_html_recipe_form_f_course_alf_j.mut
LLMR_recipe_form_component_html_recipe_form_f_course_alf_k,recipe_form_component_html,k,LLM_ROLE,HELD,1,recipe_form_component_html__LLMR_recipe_form_component_html_recipe_form_f_course_alf_k.mut
LLMR_recipe_form_component_html_recipe_form_f_course_bet_a,recipe_form_component_html,a,LLM_ROLE,HELD,1,recipe_form_component_html__LLMR_recipe_form_component_html_recipe_form_f_course_bet_a.mut
LLMR_recipe_form_component_html_recipe_form_f_course_bet_b,recipe_form_component_html,b,LLM_ROLE,HELD,1,recipe_form_component_html__LLMR_recipe_form_component_html_recipe_form_f_course_bet_b.mut
LLMR_recipe_form_component_html_recipe_form_f_course_bet_c,recipe_form_component_html,c,LLM_ROLE,HELD,1,recipe_form_component_html__LLMR_recipe_form_component_html_recipe_form_f_course_bet_c.mut
LLMR_recipe_form_component_html_recipe_form_f_course_bet_f,recipe_form_component_html,f,LLM_ROLE,HELD,1,recipe_form_component_html__LLMR_recipe_form_component_html_recipe_form_f_course_bet_f.mut
LLMR_recipe_form_component_html_recipe_form_f_course_bet_g,recipe_form_component_html,g,LLM_ROLE,HELD,1,recipe_form_component_html__LLMR_recipe_form_component_html_recipe_form_f_course_bet_g.mut
LLMR_recipe_form_component_html_recipe_form_f_course_bet_i,recipe_form_component_html,i,LLM_ROLE,HELD,1,recipe_form_component_html__LLMR_recipe_form_component_html_recipe_form_f_course_bet_i.mut
LLMR_recipe_form_component_html_recipe_form_f_course_bet_j,recipe_form_component_html,j,LLM_ROLE,HELD,1,recipe_form_component_html__LLMR_recipe_form_component_html_recipe_form_f_course_bet_j.mut
LLMR_recipe_form_component_html_recipe_form_f_course_bet_k,recipe_form_component_html,k,LLM_ROLE,HELD,1,recipe_form_component_html__LLMR_recipe_form_component_html_recipe_form_f_course_bet_k.mut
LLMR_recipe_form_component_html_recipe_form_f_course_del_a,recipe_form_component_html,a,LLM_ROLE,HELD,1,recipe_form_component_html__LLMR_recipe_form_component_html_recipe_form_f_course_del_a.mut
LLMR_recipe_form_component_html_recipe_form_f_course_del_b,recipe_form_component_html,b,LLM_ROLE,HELD,1,recipe_form_component_html__LLMR_recipe_form_component_html_recipe_form_f_course_del_b.mut
LLMR_recipe_form_component_html_recipe_form_f_course_del_c,recipe_form_component_html,c,LLM_ROLE,HELD,1,recipe_form_component_html__LLMR_recipe_form_component_html_recipe_form_f_course_del_c.mut
LLMR_recipe_form_component_html_recipe_form_f_course_del_d,recipe_form_component_html,d,LLM_ROLE,HELD,1,recipe_form_component_html__LLMR_recipe_form_component_html_recipe_form_f_course_del_d.mut
LLMR_recipe_form_component_html_recipe_form_f_course_del_e,recipe_form_component_html,e,LLM_ROLE,HELD,1,recipe_form_component_html__LLMR_recipe_form_component_html_recipe_form_f_course_del_e.mut
LLMR_recipe_form_component_html_recipe_form_f_course_del_f,recipe_form_component_html,f,LLM_ROLE,HELD,1,recipe_form_component_html__LLMR_recipe_form_component_html_recipe_form_f_course_del_f.mut
LLMR_recipe_form_component_html_recipe_form_f_course_del_g,recipe_form_component_html,g,LLM_ROLE,HELD,1,recipe_form_component_html__LLMR_recipe_form_component_html_recipe_form_f_course_del_g.mut
LLMR_recipe_form_component_html_recipe_form_f_course_del_i,recipe_form_component_html,i,LLM_ROLE,HELD,1,recipe_form_component_html__LLMR_recipe_form_component_html_recipe_form_f_course_del_i.mut
LLMR_recipe_form_component_html_recipe_form_f_course_del_j,recipe_form_component_html,j,LLM_ROLE,HELD,1,recipe_form_component_html__LLMR_recipe_form_component_html_recipe_form_f_course_del_j.mut
LLMR_recipe_form_component_html_recipe_form_f_course_del_k,recipe_form_component_html,k,LLM_ROLE,HELD,1,recipe_form_component_html__LLMR_recipe_form_component_html_recipe_form_f_course_del_k.mut
LLMR_recipe_form_component_html_recipe_form_f_course_gam_a,recipe_form_component_html,a,LLM_ROLE,HELD,1,recipe_form_component_html__LLMR_recipe_form_component_html_recipe_form_f_course_gam_a.mut
LLMR_recipe_form_component_html_recipe_form_f_course_gam_b,recipe_form_component_html,b,LLM_ROLE,HELD,1,recipe_form_component_html__LLMR_recipe_form_component_html_recipe_form_f_course_gam_b.mut
LLMR_recipe_form_component_html_recipe_form_f_course_gam_c,recipe_form_component_html,c,LLM_ROLE,HELD,1,recipe_form_component_html__LLMR_recipe_form_component_html_recipe_form_f_course_gam_c.mut
LLMR_recipe_form_component_html_recipe_form_f_course_gam_f,recipe_form_component_html,f,LLM_ROLE,HELD,1,recipe_form_component_html__LLMR_recipe_form_component_html_recipe_form_f_course_gam_f.mut
LLMR_recipe_form_component_html_recipe_form_f_course_gam_g,recipe_form_component_html,g,LLM_ROLE,HELD,1,recipe_form_component_html__LLMR_recipe_form_component_html_recipe_form_f_course_gam_g.mut
LLMR_recipe_form_component_html_recipe_form_f_course_gam_i,recipe_form_component_html,i,LLM_ROLE,HELD,1,recipe_form_component_html__LLMR_recipe_form_component_html_recipe_form_f_course_gam_i.mut
LLMR_recipe_form_component_html_recipe_form_f_course_gam_j,recipe_form_component_html,j,LLM_ROLE,HELD,1,recipe_form_component_html__LLMR_recipe_form_component_html_recipe_form_f_course_gam_j.mut
LLMR_recipe_form_component_html_recipe_form_f_course_gam_k,recipe_form_component_html,k,LLM_ROLE,HELD,1,recipe_form_component_html__LLMR_recipe_form_component_html_recipe_form_f_course_gam_k.mut
LLMR_recipe_form_component_html_recipe_form_f_ingredients_alf_a,recipe_form_component_html,a,LLM_ROLE,HELD,1,recipe_form_component_html__LLMR_recipe_form_component_html_recipe_form_f_ingredients_alf_a.mut
LLMR_recipe_form_component_html_recipe_form_f_ingredients_alf_b,recipe_form_component_html,b,LLM_ROLE,HELD,1,recipe_form_component_html__LLMR_recipe_form_component_html_recipe_form_f_ingredients_alf_b.mut
LLMR_recipe_form_component_html_recipe_form_f_ingredients_alf_c,recipe_form_component_html,c,LLM_ROLE,HELD,1,recipe_form_component_html__LLMR_recipe_form_component_html_recipe_form_f_ingredients_alf_c.mut
LLMR_recipe_form_component_html_recipe_form_f_ingredients_alf_f,recipe_form_component_html,f,LLM_ROLE,HELD,1,recipe_form_component_html__LLMR_recipe_form_component_html_recipe_form_f_ingredients_alf_f.mut
LLMR_recipe_form_component_html_recipe_form_f_ingredients_alf_g,recipe_form_component_html,g,LLM_ROLE,HELD,1,recipe_form_component_html__LLMR_recipe_form_component_html_recipe_form_f_ingredients_alf_g.mut
LLMR_recipe_form_component_html_recipe_form_f_ingredients_alf_j,recipe_form_component_html,j,LLM_ROLE,HELD,1,recipe_form_component_html__LLMR_recipe_form_component_html_recipe_form_f_ingredients_alf_j.mut
LLMR_recipe_form_component_html_recipe_form_f_ingredients_alf_k,recipe_form_component_html,k,LLM_ROLE,HELD,1,recipe_form_component_html__LLMR_recipe_form_component_html_recipe_form_f_ingredients_alf_k.mut
LLMR_recipe_form_component_html_recipe_form_f_ingredients_bet_a,recipe_form_component_html,a,LLM_ROLE,HELD,1,recipe_form_component_html__LLMR_recipe_form_component_html_recipe_form_f_ingredients_bet_a.mut
LLMR_recipe_form_component_html_recipe_form_f_ingredients_bet_b,recipe_form_component_html,b,LLM_ROLE,HELD,1,recipe_form_component_html__LLMR_recipe_form_component_html_recipe_form_f_ingredients_bet_b.mut
LLMR_recipe_form_component_html_recipe_form_f_ingredients_bet_c,recipe_form_component_html,c,LLM_ROLE,HELD,1,recipe_form_component_html__LLMR_recipe_form_component_html_recipe_form_f_ingredients_bet_c.mut
LLMR_recipe_form_component_html_recipe_form_f_ingredients_bet_f,recipe_form_component_html,f,LLM_ROLE,HELD,1,recipe_form_component_html__LLMR_recipe_form_component_html_recipe_form_f_ingredients_bet_f.mut
LLMR_recipe_form_component_html_recipe_form_f_ingredients_bet_g,recipe_form_component_html,g,LLM_ROLE,HELD,1,recipe_form_component_html__LLMR_recipe_form_component_html_recipe_form_f_ingredients_bet_g.mut
LLMR_recipe_form_component_html_recipe_form_f_ingredients_bet_i,recipe_form_component_html,i,LLM_ROLE,HELD,1,recipe_form_component_html__LLMR_recipe_form_component_html_recipe_form_f_ingredients_bet_i.mut
LLMR_recipe_form_component_html_recipe_form_f_ingredients_bet_j,recipe_form_component_html,j,LLM_ROLE,HELD,1,recipe_form_component_html__LLMR_recipe_form_component_html_recipe_form_f_ingredients_bet_j.mut
LLMR_recipe_form_component_html_recipe_form_f_ingredients_bet_k,recipe_form_component_html,k,LLM_ROLE,HELD,1,recipe_form_component_html__LLMR_recipe_form_component_html_recipe_form_f_ingredients_bet_k.mut
LLMR_recipe_form_component_html_recipe_form_f_ingredients_del_a,recipe_form_component_html,a,LLM_ROLE,HELD,1,recipe_form_component_html__LLMR_recipe_form_component_html_recipe_form_f_ingredients_del_a.mut
LLMR_recipe_form_component_html_recipe_form_f_ingredients_del_b,recipe_form_component_html,b,LLM_ROLE,HELD,1,recipe_form_component_html__LLMR_recipe_form_component_html_recipe_form_f_ingredients_del_b.mut
LLMR_recipe_form_component_html_recipe_form_f_ingredients_del_c,recipe_form_component_html,c,LLM_ROLE,HELD,1,recipe_form_component_html__LLMR_recipe_form_component_html_recipe_form_f_ingredients_del_c.mut
LLMR_recipe_form_component_html_recipe_form_f_ingredients_del_d,recipe_form_component_html,d,LLM_ROLE,HELD,1,recipe_form_component_html__LLMR_recipe_form_component_html_recipe_form_f_ingredients_del_d.mut
LLMR_recipe_form_component_html_recipe_form_f_ingredients_del_e,recipe_form_component_html,e,LLM_ROLE,HELD,1,recipe_form_component_html__LLMR_recipe_form_component_html_recipe_form_f_ingredients_del_e.mut
LLMR_recipe_form_component_html_recipe_form_f_ingredients_del_f,recipe_form_component_html,f,LLM_ROLE,HELD,1,recipe_form_component_html__LLMR_recipe_form_component_html_recipe_form_f_ingredients_del_f.mut
LLMR_recipe_form_component_html_recipe_form_f_ingredients_del_g,recipe_form_component_html,g,LLM_ROLE,HELD,1,recipe_form_component_html__LLMR_recipe_form_component_html_recipe_form_f_ingredients_del_g.mut
LLMR_recipe_form_component_html_recipe_form_f_ingredients_del_i,recipe_form_component_html,i,LLM_ROLE,HELD,1,recipe_form_component_html__LLMR_recipe_form_component_html_recipe_form_f_ingredients_del_i.mut
LLMR_recipe_form_component_html_recipe_form_f_ingredients_del_j,recipe_form_component_html,j,LLM_ROLE,HELD,1,recipe_form_component_html__LLMR_recipe_form_component_html_recipe_form_f_ingredients_del_j.mut
LLMR_recipe_form_component_html_recipe_form_f_ingredients_del_k,recipe_form_component_html,k,LLM_ROLE,HELD,1,recipe_form_component_html__LLMR_recipe_form_component_html_recipe_form_f_ingredients_del_k.mut
LLMR_recipe_form_component_html_recipe_form_f_ingredients_eps_a,recipe_form_component_html,a,LLM_ROLE,HELD,1,recipe_form_component_html__LLMR_recipe_form_component_html_recipe_form_f_ingredients_eps_a.mut
LLMR_recipe_form_component_html_recipe_form_f_ingredients_eps_b,recipe_form_component_html,b,LLM_ROLE,HELD,1,recipe_form_component_html__LLMR_recipe_form_component_html_recipe_form_f_ingredients_eps_b.mut
LLMR_recipe_form_component_html_recipe_form_f_ingredients_eps_c,recipe_form_component_html,c,LLM_ROLE,HELD,1,recipe_form_component_html__LLMR_recipe_form_component_html_recipe_form_f_ingredients_eps_c.mut
LLMR_recipe_form_component_html_recipe_form_f_ingredients_eps_f,recipe_form_component_html,f,LLM_ROLE,HELD,1,recipe_form_component_html__LLMR_recipe_form_component_html_recipe_form_f_ingredients_eps_f.mut
LLMR_recipe_form_component_html_recipe_form_f_ingredients_eps_g,recipe_form_component_html,g,LLM_ROLE,HELD,1,recipe_form_component_html__LLMR_recipe_form_component_html_recipe_form_f_ingredients_eps_g.mut
LLMR_recipe_form_component_html_recipe_form_f_ingredients_eps_i,recipe_form_component_html,i,LLM_ROLE,HELD,1,recipe_form_component_html__LLMR_recipe_form_component_html_recipe_form_f_ingredients_eps_i.mut
LLMR_recipe_form_component_html_recipe_form_f_ingredients_eps_j,recipe_form_component_html,j,LLM_ROLE,HELD,1,recipe_form_component_html__LLMR_recipe_form_component_html_recipe_form_f_ingredients_eps_j.mut
LLMR_recipe_form_component_html_recipe_form_f_ingredients_eps_k,recipe_form_component_html,k,LLM_ROLE,HELD,1,recipe_form_component_html__LLMR_recipe_form_component_html_recipe_form_f_ingredients_eps_k.mut
LLMR_recipe_form_component_html_recipe_form_f_ingredients_gam_a,recipe_form_component_html,a,LLM_ROLE,HELD,1,recipe_form_component_html__LLMR_recipe_form_component_html_recipe_form_f_ingredients_gam_a.mut
LLMR_recipe_form_component_html_recipe_form_f_ingredients_gam_b,recipe_form_component_html,b,LLM_ROLE,HELD,1,recipe_form_component_html__LLMR_recipe_form_component_html_recipe_form_f_ingredients_gam_b.mut
LLMR_recipe_form_component_html_recipe_form_f_ingredients_gam_c,recipe_form_component_html,c,LLM_ROLE,HELD,1,recipe_form_component_html__LLMR_recipe_form_component_html_recipe_form_f_ingredients_gam_c.mut
LLMR_recipe_form_component_html_recipe_form_f_ingredients_gam_g,recipe_form_component_html,g,LLM_ROLE,HELD,1,recipe_form_component_html__LLMR_recipe_form_component_html_recipe_form_f_ingredients_gam_g.mut
LLMR_recipe_form_component_html_recipe_form_f_ingredients_gam_i,recipe_form_component_html,i,LLM_ROLE,HELD,1,recipe_form_component_html__LLMR_recipe_form_component_html_recipe_form_f_ingredients_gam_i.mut
LLMR_recipe_form_component_html_recipe_form_f_ingredients_gam_j,recipe_form_component_html,j,LLM_ROLE,HELD,1,recipe_form_component_html__LLMR_recipe_form_component_html_recipe_form_f_ingredients_gam_j.mut
LLMR_recipe_form_component_html_recipe_form_f_ingredients_gam_k,recipe_form_component_html,k,LLM_ROLE,HELD,1,recipe_form_component_html__LLMR_recipe_form_component_html_recipe_form_f_ingredients_gam_k.mut
LLMR_recipe_form_component_html_recipe_form_f_servings_alf_a,recipe_form_component_html,a,LLM_ROLE,HELD,1,recipe_form_component_html__LLMR_recipe_form_component_html_recipe_form_f_servings_alf_a.mut
LLMR_recipe_form_component_html_recipe_form_f_servings_alf_b,recipe_form_component_html,b,LLM_ROLE,HELD,1,recipe_form_component_html__LLMR_recipe_form_component_html_recipe_form_f_servings_alf_b.mut
LLMR_recipe_form_component_html_recipe_form_f_servings_alf_c,recipe_form_component_html,c,LLM_ROLE,HELD,1,recipe_form_component_html__LLMR_recipe_form_component_html_recipe_form_f_servings_alf_c.mut
LLMR_recipe_form_component_html_recipe_form_f_servings_alf_f,recipe_form_component_html,f,LLM_ROLE,HELD,1,recipe_form_component_html__LLMR_recipe_form_component_html_recipe_form_f_servings_alf_f.mut
LLMR_recipe_form_component_html_recipe_form_f_servings_alf_g,recipe_form_component_html,g,LLM_ROLE,HELD,1,recipe_form_component_html__LLMR_recipe_form_component_html_recipe_form_f_servings_alf_g.mut
LLMR_recipe_form_component_html_recipe_form_f_servings_alf_j,recipe_form_component_html,j,LLM_ROLE,HELD,1,recipe_form_component_html__LLMR_recipe_form_component_html_recipe_form_f_servings_alf_j.mut
LLMR_recipe_form_component_html_recipe_form_f_servings_alf_k,recipe_form_component_html,k,LLM_ROLE,HELD,1,recipe_form_component_html__LLMR_recipe_form_component_html_recipe_form_f_servings_alf_k.mut
LLMR_recipe_form_component_html_recipe_form_f_servings_bet_a,recipe_form_component_html,a,LLM_ROLE,HELD,1,recipe_form_component_html__LLMR_recipe_form_component_html_recipe_form_f_servings_bet_a.mut
LLMR_recipe_form_component_html_recipe_form_f_servings_bet_b,recipe_form_component_html,b,LLM_ROLE,HELD,1,recipe_form_component_html__LLMR_recipe_form_component_html_recipe_form_f_servings_bet_b.mut
LLMR_recipe_form_component_html_recipe_form_f_servings_bet_c,recipe_form_component_html,c,LLM_ROLE,HELD,1,recipe_form_component_html__LLMR_recipe_form_component_html_recipe_form_f_servings_bet_c.mut
LLMR_recipe_form_component_html_recipe_form_f_servings_bet_f,recipe_form_component_html,f,LLM_ROLE,HELD,1,recipe_form_component_html__LLMR_recipe_form_component_html_recipe_form_f_servings_bet_f.mut
LLMR_recipe_form_component_html_recipe_form_f_servings_bet_g,recipe_form_component_html,g,LLM_ROLE,HELD,1,recipe_form_component_html__LLMR_recipe_form_component_html_recipe_form_f_servings_bet_g.mut
LLMR_recipe_form_component_html_recipe_form_f_servings_bet_i,recipe_form_component_html,i,LLM_ROLE,HELD,1,recipe_form_component_html__LLMR_recipe_form_component_html_recipe_form_f_servings_bet_i.mut
LLMR_recipe_form_component_html_recipe_form_f_servings_bet_j,recipe_form_component_html,j,LLM_ROLE,HELD,1,recipe_form_component_html__LLMR_recipe_form_component_html_recipe_form_f_servings_bet_j.mut
LLMR_recipe_form_component_html_recipe_form_f_servings_bet_k,recipe_form_component_html,k,LLM_ROLE,HELD,1,recipe_form_component_html__LLMR_recipe_form_component_html_recipe_form_f_servings_bet_k.mut
LLMR_recipe_form_component_html_recipe_form_f_servings_del_a,recipe_form_component_html,a,LLM_ROLE,HELD,1,recipe_form_component_html__LLMR_recipe_form_component_html_recipe_form_f_servings_del_a.mut
LLMR_recipe_form_component_html_recipe_form_f_servings_del_b,recipe_form_component_html,b,LLM_ROLE,HELD,1,recipe_form_component_html__LLMR_recipe_form_component_html_recipe_form_f_servings_del_b.mut
LLMR_recipe_form_component_html_recipe_form_f_servings_del_c,recipe_form_component_html,c,LLM_ROLE,HELD,1,recipe_form_component_html__LLMR_recipe_form_component_html_recipe_form_f_servings_del_c.mut
LLMR_recipe_form_component_html_recipe_form_f_servings_del_d,recipe_form_component_html,d,LLM_ROLE,HELD,1,recipe_form_component_html__LLMR_recipe_form_component_html_recipe_form_f_servings_del_d.mut
LLMR_recipe_form_component_html_recipe_form_f_servings_del_e,recipe_form_component_html,e,LLM_ROLE,HELD,1,recipe_form_component_html__LLMR_recipe_form_component_html_recipe_form_f_servings_del_e.mut
LLMR_recipe_form_component_html_recipe_form_f_servings_del_f,recipe_form_component_html,f,LLM_ROLE,HELD,1,recipe_form_component_html__LLMR_recipe_form_component_html_recipe_form_f_servings_del_f.mut
LLMR_recipe_form_component_html_recipe_form_f_servings_del_g,recipe_form_component_html,g,LLM_ROLE,HELD,1,recipe_form_component_html__LLMR_recipe_form_component_html_recipe_form_f_servings_del_g.mut
LLMR_recipe_form_component_html_recipe_form_f_servings_del_i,recipe_form_component_html,i,LLM_ROLE,HELD,1,recipe_form_component_html__LLMR_recipe_form_component_html_recipe_form_f_servings_del_i.mut
LLMR_recipe_form_component_html_recipe_form_f_servings_del_j,recipe_form_component_html,j,LLM_ROLE,HELD,1,recipe_form_component_html__LLMR_recipe_form_component_html_recipe_form_f_servings_del_j.mut
LLMR_recipe_form_component_html_recipe_form_f_servings_del_k,recipe_form_component_html,k,LLM_ROLE,HELD,1,recipe_form_component_html__LLMR_recipe_form_component_html_recipe_form_f_servings_del_k.mut
LLMR_recipe_form_component_html_recipe_form_f_servings_gam_a,recipe_form_component_html,a,LLM_ROLE,HELD,1,recipe_form_component_html__LLMR_recipe_form_component_html_recipe_form_f_servings_gam_a.mut
LLMR_recipe_form_component_html_recipe_form_f_servings_gam_b,recipe_form_component_html,b,LLM_ROLE,HELD,1,recipe_form_component_html__LLMR_recipe_form_component_html_recipe_form_f_servings_gam_b.mut
LLMR_recipe_form_component_html_recipe_form_f_servings_gam_c,recipe_form_component_html,c,LLM_ROLE,HELD,1,recipe_form_component_html__LLMR_recipe_form_component_html_recipe_form_f_servings_gam_c.mut
LLMR_recipe_form_component_html_recipe_form_f_servings_gam_f,recipe_form_component_html,f,LLM_ROLE,HELD,1,recipe_form_component_html__LLMR_recipe_form_component_html_recipe_form_f_servings_gam_f.mut
LLMR_recipe_form_component_html_recipe_form_f_servings_gam_g,recipe_form_component_html,g,LLM_ROLE,HELD,1,recipe_form_component_html__LLMR_recipe_form_component_html_recipe_form_f_servings_gam_g.mut
LLMR_recipe_form_component_html_recipe_form_f_servings_gam_i,recipe_form_component_html,i,LLM_ROLE,HELD,1,recipe_form_component_html__LLMR_recipe_form_component_html_recipe_form_f_servings_gam_i.mut
LLMR_recipe_form_component_html_recipe_form_f_servings_gam_j,recipe_form_component_html,j,LLM_ROLE,HELD,1,recipe_form_component_html__LLMR_recipe_form_component_html_recipe_form_f_servings_gam_j.mut
LLMR_recipe_form_component_html_recipe_form_f_servings_gam_k,recipe_form_component_html,k,LLM_ROLE,HELD,1,recipe_form_component_html__LLMR_recipe_form_component_html_recipe_form_f_servings_gam_k.mut
LLMR_recipe_form_component_html_recipe_form_f_steps_alf_a,recipe_form_component_html,a,LLM_ROLE,HELD,1,recipe_form_component_html__LLMR_recipe_form_component_html_recipe_form_f_steps_alf_a.mut
LLMR_recipe_form_component_html_recipe_form_f_steps_alf_b,recipe_form_component_html,b,LLM_ROLE,HELD,1,recipe_form_component_html__LLMR_recipe_form_component_html_recipe_form_f_steps_alf_b.mut
LLMR_recipe_form_component_html_recipe_form_f_steps_alf_c,recipe_form_component_html,c,LLM_ROLE,HELD,1,recipe_form_component_html__LLMR_recipe_form_component_html_recipe_form_f_steps_alf_c.mut
LLMR_recipe_form_component_html_recipe_form_f_steps_alf_f,recipe_form_component_html,f,LLM_ROLE,HELD,1,recipe_form_component_html__LLMR_recipe_form_component_html_recipe_form_f_steps_alf_f.mut
LLMR_recipe_form_component_html_recipe_form_f_steps_alf_g,recipe_form_component_html,g,LLM_ROLE,HELD,1,recipe_form_component_html__LLMR_recipe_form_component_html_recipe_form_f_steps_alf_g.mut
LLMR_recipe_form_component_html_recipe_form_f_steps_alf_j,recipe_form_component_html,j,LLM_ROLE,HELD,1,recipe_form_component_html__LLMR_recipe_form_component_html_recipe_form_f_steps_alf_j.mut
LLMR_recipe_form_component_html_recipe_form_f_steps_alf_k,recipe_form_component_html,k,LLM_ROLE,HELD,1,recipe_form_component_html__LLMR_recipe_form_component_html_recipe_form_f_steps_alf_k.mut
LLMR_recipe_form_component_html_recipe_form_f_steps_bet_a,recipe_form_component_html,a,LLM_ROLE,HELD,1,recipe_form_component_html__LLMR_recipe_form_component_html_recipe_form_f_steps_bet_a.mut
LLMR_recipe_form_component_html_recipe_form_f_steps_bet_b,recipe_form_component_html,b,LLM_ROLE,HELD,1,recipe_form_component_html__LLMR_recipe_form_component_html_recipe_form_f_steps_bet_b.mut
LLMR_recipe_form_component_html_recipe_form_f_steps_bet_c,recipe_form_component_html,c,LLM_ROLE,HELD,1,recipe_form_component_html__LLMR_recipe_form_component_html_recipe_form_f_steps_bet_c.mut
LLMR_recipe_form_component_html_recipe_form_f_steps_bet_f,recipe_form_component_html,f,LLM_ROLE,HELD,1,recipe_form_component_html__LLMR_recipe_form_component_html_recipe_form_f_steps_bet_f.mut
LLMR_recipe_form_component_html_recipe_form_f_steps_bet_g,recipe_form_component_html,g,LLM_ROLE,HELD,1,recipe_form_component_html__LLMR_recipe_form_component_html_recipe_form_f_steps_bet_g.mut
LLMR_recipe_form_component_html_recipe_form_f_steps_bet_i,recipe_form_component_html,i,LLM_ROLE,HELD,1,recipe_form_component_html__LLMR_recipe_form_component_html_recipe_form_f_steps_bet_i.mut
LLMR_recipe_form_component_html_recipe_form_f_steps_bet_j,recipe_form_component_html,j,LLM_ROLE,HELD,1,recipe_form_component_html__LLMR_recipe_form_component_html_recipe_form_f_steps_bet_j.mut
LLMR_recipe_form_component_html_recipe_form_f_steps_bet_k,recipe_form_component_html,k,LLM_ROLE,HELD,1,recipe_form_component_html__LLMR_recipe_form_component_html_recipe_form_f_steps_bet_k.mut
LLMR_recipe_form_component_html_recipe_form_f_steps_del_a,recipe_form_component_html,a,LLM_ROLE,HELD,1,recipe_form_component_html__LLMR_recipe_form_component_html_recipe_form_f_steps_del_a.mut
LLMR_recipe_form_component_html_recipe_form_f_steps_del_b,recipe_form_component_html,b,LLM_ROLE,HELD,1,recipe_form_component_html__LLMR_recipe_form_component_html_recipe_form_f_steps_del_b.mut
LLMR_recipe_form_component_html_recipe_form_f_steps_del_c,recipe_form_component_html,c,LLM_ROLE,HELD,1,recipe_form_component_html__LLMR_recipe_form_component_html_recipe_form_f_steps_del_c.mut
LLMR_recipe_form_component_html_recipe_form_f_steps_del_d,recipe_form_component_html,d,LLM_ROLE,HELD,1,recipe_form_component_html__LLMR_recipe_form_component_html_recipe_form_f_steps_del_d.mut
LLMR_recipe_form_component_html_recipe_form_f_steps_del_e,recipe_form_component_html,e,LLM_ROLE,HELD,1,recipe_form_component_html__LLMR_recipe_form_component_html_recipe_form_f_steps_del_e.mut
LLMR_recipe_form_component_html_recipe_form_f_steps_del_f,recipe_form_component_html,f,LLM_ROLE,HELD,1,recipe_form_component_html__LLMR_recipe_form_component_html_recipe_form_f_steps_del_f.mut
LLMR_recipe_form_component_html_recipe_form_f_steps_del_g,recipe_form_component_html,g,LLM_ROLE,HELD,1,recipe_form_component_html__LLMR_recipe_form_component_html_recipe_form_f_steps_del_g.mut
LLMR_recipe_form_component_html_recipe_form_f_steps_del_i,recipe_form_component_html,i,LLM_ROLE,HELD,1,recipe_form_component_html__LLMR_recipe_form_component_html_recipe_form_f_steps_del_i.mut
LLMR_recipe_form_component_html_recipe_form_f_steps_del_j,recipe_form_component_html,j,LLM_ROLE,HELD,1,recipe_form_component_html__LLMR_recipe_form_component_html_recipe_form_f_steps_del_j.mut
LLMR_recipe_form_component_html_recipe_form_f_steps_del_k,recipe_form_component_html,k,LLM_ROLE,HELD,1,recipe_form_component_html__LLMR_recipe_form_component_html_recipe_form_f_steps_del_k.mut
LLMR_recipe_form_component_html_recipe_form_f_steps_eps_a,recipe_form_component_html,a,LLM_ROLE,HELD,1,recipe_form_component_html__LLMR_recipe_form_component_html_recipe_form_f_steps_eps_a.mut
LLMR_recipe_form_component_html_recipe_form_f_steps_eps_b,recipe_form_component_html,b,LLM_ROLE,HELD,1,recipe_form_component_html__LLMR_recipe_form_component_html_recipe_form_f_steps_eps_b.mut
LLMR_recipe_form_component_html_recipe_form_f_steps_eps_c,recipe_form_component_html,c,LLM_ROLE,HELD,1,recipe_form_component_html__LLMR_recipe_form_component_html_recipe_form_f_steps_eps_c.mut
LLMR_recipe_form_component_html_recipe_form_f_steps_eps_f,recipe_form_component_html,f,LLM_ROLE,HELD,1,recipe_form_component_html__LLMR_recipe_form_component_html_recipe_form_f_steps_eps_f.mut
LLMR_recipe_form_component_html_recipe_form_f_steps_eps_g,recipe_form_component_html,g,LLM_ROLE,HELD,1,recipe_form_component_html__LLMR_recipe_form_component_html_recipe_form_f_steps_eps_g.mut
LLMR_recipe_form_component_html_recipe_form_f_steps_eps_i,recipe_form_component_html,i,LLM_ROLE,HELD,1,recipe_form_component_html__LLMR_recipe_form_component_html_recipe_form_f_steps_eps_i.mut
LLMR_recipe_form_component_html_recipe_form_f_steps_eps_j,recipe_form_component_html,j,LLM_ROLE,HELD,1,recipe_form_component_html__LLMR_recipe_form_component_html_recipe_form_f_steps_eps_j.mut
LLMR_recipe_form_component_html_recipe_form_f_steps_eps_k,recipe_form_component_html,k,LLM_ROLE,HELD,1,recipe_form_component_html__LLMR_recipe_form_component_html_recipe_form_f_steps_eps_k.mut
LLMR_recipe_form_component_html_recipe_form_f_steps_gam_a,recipe_form_component_html,a,LLM_ROLE,HELD,1,recipe_form_component_html__LLMR_recipe_form_component_html_recipe_form_f_steps_gam_a.mut
LLMR_recipe_form_component_html_recipe_form_f_steps_gam_b,recipe_form_component_html,b,LLM_ROLE,HELD,1,recipe_form_component_html__LLMR_recipe_form_component_html_recipe_form_f_steps_gam_b.mut
LLMR_recipe_form_component_html_recipe_form_f_steps_gam_c,recipe_form_component_html,c,LLM_ROLE,HELD,1,recipe_form_component_html__LLMR_recipe_form_component_html_recipe_form_f_steps_gam_c.mut
LLMR_recipe_form_component_html_recipe_form_f_steps_gam_g,recipe_form_component_html,g,LLM_ROLE,HELD,1,recipe_form_component_html__LLMR_recipe_form_component_html_recipe_form_f_steps_gam_g.mut
LLMR_recipe_form_component_html_recipe_form_f_steps_gam_i,recipe_form_component_html,i,LLM_ROLE,HELD,1,recipe_form_component_html__LLMR_recipe_form_component_html_recipe_form_f_steps_gam_i.mut
LLMR_recipe_form_component_html_recipe_form_f_steps_gam_j,recipe_form_component_html,j,LLM_ROLE,HELD,1,recipe_form_component_html__LLMR_recipe_form_component_html_recipe_form_f_steps_gam_j.mut
LLMR_recipe_form_component_html_recipe_form_f_steps_gam_k,recipe_form_component_html,k,LLM_ROLE,HELD,1,recipe_form_component_html__LLMR_recipe_form_component_html_recipe_form_f_steps_gam_k.mut
LLMR_recipe_form_component_html_recipe_form_f_submit_alf_a,recipe_form_component_html,a,LLM_ROLE,HELD,1,recipe_form_component_html__LLMR_recipe_form_component_html_recipe_form_f_submit_alf_a.mut
LLMR_recipe_form_component_html_recipe_form_f_submit_alf_b,recipe_form_component_html,b,LLM_ROLE,HELD,1,recipe_form_component_html__LLMR_recipe_form_component_html_recipe_form_f_submit_alf_b.mut
LLMR_recipe_form_component_html_recipe_form_f_submit_alf_c,recipe_form_component_html,c,LLM_ROLE,HELD,1,recipe_form_component_html__LLMR_recipe_form_component_html_recipe_form_f_submit_alf_c.mut
LLMR_recipe_form_component_html_recipe_form_f_submit_alf_d,recipe_form_component_html,d,LLM_ROLE,HELD,1,recipe_form_component_html__LLMR_recipe_form_component_html_recipe_form_f_submit_alf_d.mut
LLMR_recipe_form_component_html_recipe_form_f_submit_alf_e,recipe_form_component_html,e,LLM_ROLE,HELD,1,recipe_form_component_html__LLMR_recipe_form_component_html_recipe_form_f_submit_alf_e.mut
LLMR_recipe_form_component_html_recipe_form_f_submit_alf_f,recipe_form_component_html,f,LLM_ROLE,HELD,1,recipe_form_component_html__LLMR_recipe_form_component_html_recipe_form_f_submit_alf_f.mut
LLMR_recipe_form_component_html_recipe_form_f_submit_alf_g,recipe_form_component_html,g,LLM_ROLE,HELD,1,recipe_form_component_html__LLMR_recipe_form_component_html_recipe_form_f_submit_alf_g.mut
LLMR_recipe_form_component_html_recipe_form_f_submit_alf_j,recipe_form_component_html,j,LLM_ROLE,HELD,1,recipe_form_component_html__LLMR_recipe_form_component_html_recipe_form_f_submit_alf_j.mut
LLMR_recipe_form_component_html_recipe_form_f_submit_alf_k,recipe_form_component_html,k,LLM_ROLE,HELD,1,recipe_form_component_html__LLMR_recipe_form_component_html_recipe_form_f_submit_alf_k.mut
LLMR_recipe_form_component_html_recipe_form_f_submit_bet_a,recipe_form_component_html,a,LLM_ROLE,HELD,1,recipe_form_component_html__LLMR_recipe_form_component_html_recipe_form_f_submit_bet_a.mut
LLMR_recipe_form_component_html_recipe_form_f_submit_bet_b,recipe_form_component_html,b,LLM_ROLE,HELD,1,recipe_form_component_html__LLMR_recipe_form_component_html_recipe_form_f_submit_bet_b.mut
LLMR_recipe_form_component_html_recipe_form_f_submit_bet_c,recipe_form_component_html,c,LLM_ROLE,HELD,1,recipe_form_component_html__LLMR_recipe_form_component_html_recipe_form_f_submit_bet_c.mut
LLMR_recipe_form_component_html_recipe_form_f_submit_bet_f,recipe_form_component_html,f,LLM_ROLE,HELD,1,recipe_form_component_html__LLMR_recipe_form_component_html_recipe_form_f_submit_bet_f.mut
LLMR_recipe_form_component_html_recipe_form_f_submit_bet_g,recipe_form_component_html,g,LLM_ROLE,HELD,1,recipe_form_component_html__LLMR_recipe_form_component_html_recipe_form_f_submit_bet_g.mut
LLMR_recipe_form_component_html_recipe_form_f_submit_bet_i,recipe_form_component_html,i,LLM_ROLE,HELD,1,recipe_form_component_html__LLMR_recipe_form_component_html_recipe_form_f_submit_bet_i.mut
LLMR_recipe_form_component_html_recipe_form_f_submit_bet_j,recipe_form_component_html,j,LLM_ROLE,HELD,1,recipe_form_component_html__LLMR_recipe_form_component_html_recipe_form_f_submit_bet_j.mut
LLMR_recipe_form_component_html_recipe_form_f_submit_bet_k,recipe_form_component_html,k,LLM_ROLE,HELD,1,recipe_form_component_html__LLMR_recipe_form_component_html_recipe_form_f_submit_bet_k.mut
LLMR_recipe_form_component_html_recipe_form_f_submit_del_a,recipe_form_component_html,a,LLM_ROLE,HELD,1,recipe_form_component_html__LLMR_recipe_form_component_html_recipe_form_f_submit_del_a.mut
LLMR_recipe_form_component_html_recipe_form_f_submit_del_b,recipe_form_component_html,b,LLM_ROLE,HELD,1,recipe_form_component_html__LLMR_recipe_form_component_html_recipe_form_f_submit_del_b.mut
LLMR_recipe_form_component_html_recipe_form_f_submit_del_c,recipe_form_component_html,c,LLM_ROLE,HELD,1,recipe_form_component_html__LLMR_recipe_form_component_html_recipe_form_f_submit_del_c.mut
LLMR_recipe_form_component_html_recipe_form_f_submit_del_d,recipe_form_component_html,d,LLM_ROLE,HELD,1,recipe_form_component_html__LLMR_recipe_form_component_html_recipe_form_f_submit_del_d.mut
LLMR_recipe_form_component_html_recipe_form_f_submit_del_e,recipe_form_component_html,e,LLM_ROLE,HELD,1,recipe_form_component_html__LLMR_recipe_form_component_html_recipe_form_f_submit_del_e.mut
LLMR_recipe_form_component_html_recipe_form_f_submit_del_f,recipe_form_component_html,f,LLM_ROLE,HELD,1,recipe_form_component_html__LLMR_recipe_form_component_html_recipe_form_f_submit_del_f.mut
LLMR_recipe_form_component_html_recipe_form_f_submit_del_g,recipe_form_component_html,g,LLM_ROLE,HELD,1,recipe_form_component_html__LLMR_recipe_form_component_html_recipe_form_f_submit_del_g.mut
LLMR_recipe_form_component_html_recipe_form_f_submit_del_i,recipe_form_component_html,i,LLM_ROLE,HELD,1,recipe_form_component_html__LLMR_recipe_form_component_html_recipe_form_f_submit_del_i.mut
LLMR_recipe_form_component_html_recipe_form_f_submit_del_j,recipe_form_component_html,j,LLM_ROLE,HELD,1,recipe_form_component_html__LLMR_recipe_form_component_html_recipe_form_f_submit_del_j.mut
LLMR_recipe_form_component_html_recipe_form_f_submit_del_k,recipe_form_component_html,k,LLM_ROLE,HELD,1,recipe_form_component_html__LLMR_recipe_form_component_html_recipe_form_f_submit_del_k.mut
LLMR_recipe_form_component_html_recipe_form_f_submit_gam_a,recipe_form_component_html,a,LLM_ROLE,HELD,1,recipe_form_component_html__LLMR_recipe_form_component_html_recipe_form_f_submit_gam_a.mut
LLMR_recipe_form_component_html_recipe_form_f_submit_gam_b,recipe_form_component_html,b,LLM_ROLE,HELD,1,recipe_form_component_html__LLMR_recipe_form_component_html_recipe_form_f_submit_gam_b.mut
LLMR_recipe_form_component_html_recipe_form_f_submit_gam_c,recipe_form_component_html,c,LLM_ROLE,HELD,1,recipe_form_component_html__LLMR_recipe_form_component_html_recipe_form_f_submit_gam_c.mut
LLMR_recipe_form_component_html_recipe_form_f_submit_gam_f,recipe_form_component_html,f,LLM_ROLE,HELD,1,recipe_form_component_html__LLMR_recipe_form_component_html_recipe_form_f_submit_gam_f.mut
LLMR_recipe_form_component_html_recipe_form_f_submit_gam_g,recipe_form_component_html,g,LLM_ROLE,HELD,1,recipe_form_component_html__LLMR_recipe_form_component_html_recipe_form_f_submit_gam_g.mut
LLMR_recipe_form_component_html_recipe_form_f_submit_gam_i,recipe_form_component_html,i,LLM_ROLE,HELD,1,recipe_form_component_html__LLMR_recipe_form_component_html_recipe_form_f_submit_gam_i.mut
LLMR_recipe_form_component_html_recipe_form_f_submit_gam_j,recipe_form_component_html,j,LLM_ROLE,HELD,1,recipe_form_component_html__LLMR_recipe_form_component_html_recipe_form_f_submit_gam_j.mut
LLMR_recipe_form_component_html_recipe_form_f_submit_gam_k,recipe_form_component_html,k,LLM_ROLE,HELD,1,recipe_form_component_html__LLMR_recipe_form_component_html_recipe_form_f_submit_gam_k.mut
LLMR_recipe_form_component_html_recipe_form_f_tags_alf_a,recipe_form_component_html,a,LLM_ROLE,HELD,1,recipe_form_component_html__LLMR_recipe_form_component_html_recipe_form_f_tags_alf_a.mut
LLMR_recipe_form_component_html_recipe_form_f_tags_alf_b,recipe_form_component_html,b,LLM_ROLE,HELD,1,recipe_form_component_html__LLMR_recipe_form_component_html_recipe_form_f_tags_alf_b.mut
LLMR_recipe_form_component_html_recipe_form_f_tags_alf_c,recipe_form_component_html,c,LLM_ROLE,HELD,1,recipe_form_component_html__LLMR_recipe_form_component_html_recipe_form_f_tags_alf_c.mut
LLMR_recipe_form_component_html_recipe_form_f_tags_alf_f,recipe_form_component_html,f,LLM_ROLE,HELD,1,recipe_form_component_html__LLMR_recipe_form_component_html_recipe_form_f_tags_alf_f.mut
LLMR_recipe_form_component_html_recipe_form_f_tags_alf_g,recipe_form_component_html,g,LLM_ROLE,HELD,1,recipe_form_component_html__LLMR_recipe_form_component_html_recipe_form_f_tags_alf_g.mut
LLMR_recipe_form_component_html_recipe_form_f_tags_alf_j,recipe_form_component_html,j,LLM_ROLE,HELD,1,recipe_form_component_html__LLMR_recipe_form_component_html_recipe_form_f_tags_alf_j.mut
LLMR_recipe_form_component_html_recipe_form_f_tags_alf_k,recipe_form_component_html,k,LLM_ROLE,HELD,1,recipe_form_component_html__LLMR_recipe_form_component_html_recipe_form_f_tags_alf_k.mut
LLMR_recipe_form_component_html_recipe_form_f_tags_bet_a,recipe_form_component_html,a,LLM_ROLE,HELD,1,recipe_form_component_html__LLMR_recipe_form_component_html_recipe_form_f_tags_bet_a.mut
LLMR_recipe_form_component_html_recipe_form_f_tags_bet_b,recipe_form_component_html,b,LLM_ROLE,HELD,1,recipe_form_component_html__LLMR_recipe_form_component_html_recipe_form_f_tags_bet_b.mut
LLMR_recipe_form_component_html_recipe_form_f_tags_bet_c,recipe_form_component_html,c,LLM_ROLE,HELD,1,recipe_form_component_html__LLMR_recipe_form_component_html_recipe_form_f_tags_bet_c.mut
LLMR_recipe_form_component_html_recipe_form_f_tags_bet_f,recipe_form_component_html,f,LLM_ROLE,HELD,1,recipe_form_component_html__LLMR_recipe_form_component_html_recipe_form_f_tags_bet_f.mut
LLMR_recipe_form_component_html_recipe_form_f_tags_bet_g,recipe_form_component_html,g,LLM_ROLE,HELD,1,recipe_form_component_html__LLMR_recipe_form_component_html_recipe_form_f_tags_bet_g.mut
LLMR_recipe_form_component_html_recipe_form_f_tags_bet_i,recipe_form_component_html,i,LLM_ROLE,HELD,1,recipe_form_component_html__LLMR_recipe_form_component_html_recipe_form_f_tags_bet_i.mut
LLMR_recipe_form_component_html_recipe_form_f_tags_bet_j,recipe_form_component_html,j,LLM_ROLE,HELD,1,recipe_form_component_html__LLMR_recipe_form_component_html_recipe_form_f_tags_bet_j.mut
LLMR_recipe_form_component_html_recipe_form_f_tags_bet_k,recipe_form_component_html,k,LLM_ROLE,HELD,1,recipe_form_component_html__LLMR_recipe_form_component_html_recipe_form_f_tags_bet_k.mut
LLMR_recipe_form_component_html_recipe_form_f_tags_del_a,recipe_form_component_html,a,LLM_ROLE,HELD,1,recipe_form_component_html__LLMR_recipe_form_component_html_recipe_form_f_tags_del_a.mut
LLMR_recipe_form_component_html_recipe_form_f_tags_del_b,recipe_form_component_html,b,LLM_ROLE,HELD,1,recipe_form_component_html__LLMR_recipe_form_component_html_recipe_form_f_tags_del_b.mut
LLMR_recipe_form_component_html_recipe_form_f_tags_del_c,recipe_form_component_html,c,LLM_ROLE,HELD,1,recipe_form_component_html__LLMR_recipe_form_component_html_recipe_form_f_tags_del_c.mut
LLMR_recipe_form_component_html_recipe_form_f_tags_del_d,recipe_form_component_html,d,LLM_ROLE,HELD,1,recipe_form_component_html__LLMR_recipe_form_component_html_recipe_form_f_tags_del_d.mut
LLMR_recipe_form_component_html_recipe_form_f_tags_del_e,recipe_form_component_html,e,LLM_ROLE,HELD,1,recipe_form_component_html__LLMR_recipe_form_component_html_recipe_form_f_tags_del_e.mut
LLMR_recipe_form_component_html_recipe_form_f_tags_del_f,recipe_form_component_html,f,LLM_ROLE,HELD,1,recipe_form_component_html__LLMR_recipe_form_component_html_recipe_form_f_tags_del_f.mut
LLMR_recipe_form_component_html_recipe_form_f_tags_del_g,recipe_form_component_html,g,LLM_ROLE,HELD,1,recipe_form_component_html__LLMR_recipe_form_component_html_recipe_form_f_tags_del_g.mut
LLMR_recipe_form_component_html_recipe_form_f_tags_del_i,recipe_form_component_html,i,LLM_ROLE,HELD,1,recipe_form_component_html__LLMR_recipe_form_component_html_recipe_form_f_tags_del_i.mut
LLMR_recipe_form_component_html_recipe_form_f_tags_del_j,recipe_form_component_html,j,LLM_ROLE,HELD,1,recipe_form_component_html__LLMR_recipe_form_component_html_recipe_form_f_tags_del_j.mut
LLMR_recipe_form_component_html_recipe_form_f_tags_del_k,recipe_form_component_html,k,LLM_ROLE,HELD,1,recipe_form_component_html__LLMR_recipe_form_component_html_recipe_form_f_tags_del_k.mut
LLMR_recipe_form_component_html_recipe_form_f_tags_gam_a,recipe_form_component_html,a,LLM_ROLE,HELD,1,recipe_form_component_html__LLMR_recipe_form_component_html_recipe_form_f_tags_gam_a.mut
LLMR_recipe_form_component_html_recipe_form_f_tags_gam_b,recipe_form_component_html,b,LLM_ROLE,HELD,1,recipe_form_component_html__LLMR_recipe_form_component_html_recipe_form_f_tags_gam_b.mut
LLMR_recipe_form_component_html_recipe_form_f_tags_gam_c,recipe_form_component_html,c,LLM_ROLE,HELD,1,recipe_form_component_html__LLMR_recipe_form_component_html_recipe_form_f_tags_gam_c.mut
LLMR_recipe_form_component_html_recipe_form_f_tags_gam_f,recipe_form_component_html,f,LLM_ROLE,HELD,1,recipe_form_component_html__LLMR_recipe_form_component_html_recipe_form_f_tags_gam_f.mut
LLMR_recipe_form_component_html_recipe_form_f_tags_gam_g,recipe_form_component_html,g,LLM_ROLE,HELD,1,recipe_form_component_html__LLMR_recipe_form_component_html_recipe_form_f_tags_gam_g.mut
LLMR_recipe_form_component_html_recipe_form_f_tags_gam_i,recipe_form_component_html,i,LLM_ROLE,HELD,1,recipe_form_component_html__LLMR_recipe_form_component_html_recipe_form_f_tags_gam_i.mut
LLMR_recipe_form_component_html_recipe_form_f_tags_gam_j,recipe_form_component_html,j,LLM_ROLE,HELD,1,recipe_form_component_html__LLMR_recipe_form_component_html_recipe_form_f_tags_gam_j.mut
LLMR_recipe_form_component_html_recipe_form_f_tags_gam_k,recipe_form_component_html,k,LLM_ROLE,HELD,1,recipe_form_component_html__LLMR_recipe_form_component_html_recipe_form_f_tags_gam_k.mut
LLMR_recipe_form_component_html_recipe_form_f_title_alf_a,recipe_form_component_html,a,LLM_ROLE,HELD,1,recipe_form_component_html__LLMR_recipe_form_component_html_recipe_form_f_title_alf_a.mut
LLMR_recipe_form_component_html_recipe_form_f_title_alf_b,recipe_form_component_html,b,LLM_ROLE,HELD,1,recipe_form_component_html__LLMR_recipe_form_component_html_recipe_form_f_title_alf_b.mut
LLMR_recipe_form_component_html_recipe_form_f_title_alf_c,recipe_form_component_html,c,LLM_ROLE,HELD,1,recipe_form_component_html__LLMR_recipe_form_component_html_recipe_form_f_title_alf_c.mut
LLMR_recipe_form_component_html_recipe_form_f_title_alf_f,recipe_form_component_html,f,LLM_ROLE,HELD,1,recipe_form_component_html__LLMR_recipe_form_component_html_recipe_form_f_title_alf_f.mut
LLMR_recipe_form_component_html_recipe_form_f_title_alf_g,recipe_form_component_html,g,LLM_ROLE,HELD,1,recipe_form_component_html__LLMR_recipe_form_component_html_recipe_form_f_title_alf_g.mut
LLMR_recipe_form_component_html_recipe_form_f_title_alf_j,recipe_form_component_html,j,LLM_ROLE,HELD,1,recipe_form_component_html__LLMR_recipe_form_component_html_recipe_form_f_title_alf_j.mut
LLMR_recipe_form_component_html_recipe_form_f_title_alf_k,recipe_form_component_html,k,LLM_ROLE,HELD,1,recipe_form_component_html__LLMR_recipe_form_component_html_recipe_form_f_title_alf_k.mut
LLMR_recipe_form_component_html_recipe_form_f_title_bet_a,recipe_form_component_html,a,LLM_ROLE,HELD,1,recipe_form_component_html__LLMR_recipe_form_component_html_recipe_form_f_title_bet_a.mut
LLMR_recipe_form_component_html_recipe_form_f_title_bet_b,recipe_form_component_html,b,LLM_ROLE,HELD,1,recipe_form_component_html__LLMR_recipe_form_component_html_recipe_form_f_title_bet_b.mut
LLMR_recipe_form_component_html_recipe_form_f_title_bet_c,recipe_form_component_html,c,LLM_ROLE,HELD,1,recipe_form_component_html__LLMR_recipe_form_component_html_recipe_form_f_title_bet_c.mut
LLMR_recipe_form_component_html_recipe_form_f_title_bet_f,recipe_form_component_html,f,LLM_ROLE,HELD,1,recipe_form_component_html__LLMR_recipe_form_component_html_recipe_form_f_title_bet_f.mut
LLMR_recipe_form_component_html_recipe_form_f_title_bet_g,recipe_form_component_html,g,LLM_ROLE,HELD,1,recipe_form_component_html__LLMR_recipe_form_component_html_recipe_form_f_title_bet_g.mut
LLMR_recipe_form_component_html_recipe_form_f_title_bet_i,recipe_form_component_html,i,LLM_ROLE,HELD,1,recipe_form_component_html__LLMR_recipe_form_component_html_recipe_form_f_title_bet_i.mut
LLMR_recipe_form_component_html_recipe_form_f_title_bet_j,recipe_form_component_html,j,LLM_ROLE,HELD,1,recipe_form_component_html__LLMR_recipe_form_component_html_recipe_form_f_title_bet_j.mut
LLMR_recipe_form_component_html_recipe_form_f_title_bet_k,recipe_form_component_html,k,LLM_ROLE,HELD,1,recipe_form_component_html__LLMR_recipe_form_component_html_recipe_form_f_title_bet_k.mut
LLMR_recipe_form_component_html_recipe_form_f_title_del_a,recipe_form_component_html,a,LLM_ROLE,HELD,1,recipe_form_component_html__LLMR_recipe_form_component_html_recipe_form_f_title_del_a.mut
LLMR_recipe_form_component_html_recipe_form_f_title_del_b,recipe_form_component_html,b,LLM_ROLE,HELD,1,recipe_form_component_html__LLMR_recipe_form_component_html_recipe_form_f_title_del_b.mut
LLMR_recipe_form_component_html_recipe_form_f_title_del_c,recipe_form_component_html,c,LLM_ROLE,HELD,1,recipe_form_component_html__LLMR_recipe_form_component_html_recipe_form_f_title_del_c.mut
LLMR_recipe_form_component_html_recipe_form_f_title_del_d,recipe_form_component_html,d,LLM_ROLE,HELD,1,recipe_form_component_html__LLMR_recipe_form_component_html_recipe_form_f_title_del_d.mut
LLMR_recipe_form_component_html_recipe_form_f_title_del_e,recipe_form_component_html,e,LLM_ROLE,HELD,1,recipe_form_component_html__LLMR_recipe_form_component_html_recipe_form_f_title_del_e.mut
LLMR_recipe_form_component_html_recipe_form_f_title_del_f,recipe_form_component_html,f,LLM_ROLE,HELD,1,recipe_form_component_html__LLMR_recipe_form_component_html_recipe_form_f_title_del_f.mut
LLMR_recipe_form_component_html_recipe_form_f_title_del_g,recipe_form_component_html,g,LLM_ROLE,HELD,1,recipe_form_component_html__LLMR_recipe_form_component_html_recipe_form_f_title_del_g.mut
LLMR_recipe_form_component_html_recipe_form_f_title_del_i,recipe_form_component_html,i,LLM_ROLE,HELD,1,recipe_form_component_html__LLMR_recipe_form_component_html_recipe_form_f_title_del_i.mut
LLMR_recipe_form_component_html_recipe_form_f_title_del_j,recipe_form_component_html,j,LLM_ROLE,HELD,1,recipe_form_component_html__LLMR_recipe_form_component_html_recipe_form_f_title_del_j.mut
LLMR_recipe_form_component_html_recipe_form_f_title_del_k,recipe_form_component_html,k,LLM_ROLE,HELD,1,recipe_form_component_html__LLMR_recipe_form_component_html_recipe_form_f_title_del_k.mut
LLMR_recipe_form_component_html_recipe_form_f_title_gam_a,recipe_form_component_html,a,LLM_ROLE,HELD,1,recipe_form_component_html__LLMR_recipe_form_component_html_recipe_form_f_title_gam_a.mut
LLMR_recipe_form_component_html_recipe_form_f_title_gam_b,recipe_form_component_html,b,LLM_ROLE,HELD,1,recipe_form_component_html__LLMR_recipe_form_component_html_recipe_form_f_title_gam_b.mut
LLMR_recipe_form_component_html_recipe_form_f_title_gam_c,recipe_form_component_html,c,LLM_ROLE,HELD,1,recipe_form_component_html__LLMR_recipe_form_component_html_recipe_form_f_title_gam_c.mut
LLMR_recipe_form_component_html_recipe_form_f_title_gam_f,recipe_form_component_html,f,LLM_ROLE,HELD,1,recipe_form_component_html__LLMR_recipe_form_component_html_recipe_form_f_title_gam_f.mut
LLMR_recipe_form_component_html_recipe_form_f_title_gam_g,recipe_form_component_html,g,LLM_ROLE,HELD,1,recipe_form_component_html__LLMR_recipe_form_component_html_recipe_form_f_title_gam_g.mut
LLMR_recipe_form_component_html_recipe_form_f_title_gam_i,recipe_form_component_html,i,LLM_ROLE,HELD,1,recipe_form_component_html__LLMR_recipe_form_component_html_recipe_form_f_title_gam_i.mut
LLMR_recipe_form_component_html_recipe_form_f_title_gam_j,recipe_form_component_html,j,LLM_ROLE,HELD,1,recipe_form_component_html__LLMR_recipe_form_component_html_recipe_form_f_title_gam_j.mut
LLMR_recipe_form_component_html_recipe_form_f_title_gam_k,recipe_form_component_html,k,LLM_ROLE,HELD,1,recipe_form_component_html__LLMR_recipe_form_component_html_recipe_form_f_title_gam_k.mut
LLMR_recipe_form_component_html_recipe_form_f_veg_alf_a,recipe_form_component_html,a,LLM_ROLE,HELD,1,recipe_form_component_html__LLMR_recipe_form_component_html_recipe_form_f_veg_alf_a.mut
LLMR_recipe_form_component_html_recipe_form_f_veg_alf_b,recipe_form_component_html,b,LLM_ROLE,HELD,1,recipe_form_component_html__LLMR_recipe_form_component_html_recipe_form_f_veg_alf_b.mut
LLMR_recipe_form_component_html_recipe_form_f_veg_alf_c,recipe_form_component_html,c,LLM_ROLE,HELD,1,recipe_form_component_html__LLMR_recipe_form_component_html_recipe_form_f_veg_alf_c.mut
LLMR_recipe_form_component_html_recipe_form_f_veg_alf_f,recipe_form_component_html,f,LLM_ROLE,HELD,1,recipe_form_component_html__LLMR_recipe_form_component_html_recipe_form_f_veg_alf_f.mut
LLMR_recipe_form_component_html_recipe_form_f_veg_alf_g,recipe_form_component_html,g,LLM_ROLE,HELD,1,recipe_form_component_html__LLMR_recipe_form_component_html_recipe_form_f_veg_alf_g.mut
LLMR_recipe_form_component_html_recipe_form_f_veg_alf_j,recipe_form_component_html,j,LLM_ROLE,HELD,1,recipe_form_component_html__LLMR_recipe_form_component_html_recipe_form_f_veg_alf_j.mut
LLMR_recipe_form_component_html_recipe_form_f_veg_alf_k,recipe_form_component_html,k,LLM_ROLE,HELD,1,recipe_form_component_html__LLMR_recipe_form_component_html_recipe_form_f_veg_alf_k.mut
LLMR_recipe_form_component_html_recipe_form_f_veg_bet_a,recipe_form_component_html,a,LLM_ROLE,HELD,1,recipe_form_component_html__LLMR_recipe_form_component_html_recipe_form_f_veg_bet_a.mut
LLMR_recipe_form_component_html_recipe_form_f_veg_bet_b,recipe_form_component_html,b,LLM_ROLE,HELD,1,recipe_form_component_html__LLMR_recipe_form_component_html_recipe_form_f_veg_bet_b.mut
LLMR_recipe_form_component_html_recipe_form_f_veg_bet_c,recipe_form_component_html,c,LLM_ROLE,HELD,1,recipe_form_component_html__LLMR_recipe_form_component_html_recipe_form_f_veg_bet_c.mut
LLMR_recipe_form_component_html_recipe_form_f_veg_bet_f,recipe_form_component_html,f,LLM_ROLE,HELD,1,recipe_form_component_html__LLMR_recipe_form_component_html_recipe_form_f_veg_bet_f.mut
LLMR_recipe_form_component_html_recipe_form_f_veg_bet_g,recipe_form_component_html,g,LLM_ROLE,HELD,1,recipe_form_component_html__LLMR_recipe_form_component_html_recipe_form_f_veg_bet_g.mut
LLMR_recipe_form_component_html_recipe_form_f_veg_bet_i,recipe_form_component_html,i,LLM_ROLE,HELD,1,recipe_form_component_html__LLMR_recipe_form_component_html_recipe_form_f_veg_bet_i.mut
LLMR_recipe_form_component_html_recipe_form_f_veg_bet_j,recipe_form_component_html,j,LLM_ROLE,HELD,1,recipe_form_component_html__LLMR_recipe_form_component_html_recipe_form_f_veg_bet_j.mut
LLMR_recipe_form_component_html_recipe_form_f_veg_bet_k,recipe_form_component_html,k,LLM_ROLE,HELD,1,recipe_form_component_html__LLMR_recipe_form_component_html_recipe_form_f_veg_bet_k.mut
LLMR_recipe_form_component_html_recipe_form_f_veg_del_a,recipe_form_component_html,a,LLM_ROLE,HELD,1,recipe_form_component_html__LLMR_recipe_form_component_html_recipe_form_f_veg_del_a.mut
LLMR_recipe_form_component_html_recipe_form_f_veg_del_b,recipe_form_component_html,b,LLM_ROLE,HELD,1,recipe_form_component_html__LLMR_recipe_form_component_html_recipe_form_f_veg_del_b.mut
LLMR_recipe_form_component_html_recipe_form_f_veg_del_c,recipe_form_component_html,c,LLM_ROLE,HELD,1,recipe_form_component_html__LLMR_recipe_form_component_html_recipe_form_f_veg_del_c.mut
LLMR_recipe_form_component_html_recipe_form_f_veg_del_d,recipe_form_component_html,d,LLM_ROLE,HELD,1,recipe_form_component_html__LLMR_recipe_form_component_html_recipe_form_f_veg_del_d.mut
LLMR_recipe_form_component_html_recipe_form_f_veg_del_e,recipe_form_component_html,e,LLM_ROLE,HELD,1,recipe_form_component_html__LLMR_recipe_form_component_html_recipe_form_f_veg_del_e.mut
LLMR_recipe_form_component_html_recipe_form_f_veg_del_f,recipe_form_component_html,f,LLM_ROLE,HELD,1,recipe_form_component_html__LLMR_recipe_form_component_html_recipe_form_f_veg_del_f.mut
LLMR_recipe_form_component_html_recipe_form_f_veg_del_g,recipe_form_component_html,g,LLM_ROLE,HELD,1,recipe_form_component_html__LLMR_recipe_form_component_html_recipe_form_f_veg_del_g.mut
LLMR_recipe_form_component_html_recipe_form_f_veg_del_i,recipe_form_component_html,i,LLM_ROLE,HELD,1,recipe_form_component_html__LLMR_recipe_form_component_html_recipe_form_f_veg_del_i.mut
LLMR_recipe_form_component_html_recipe_form_f_veg_del_j,recipe_form_component_html,j,LLM_ROLE,HELD,1,recipe_form_component_html__LLMR_recipe_form_component_html_recipe_form_f_veg_del_j.mut
LLMR_recipe_form_component_html_recipe_form_f_veg_del_k,recipe_form_component_html,k,LLM_ROLE,HELD,1,recipe_form_component_html__LLMR_recipe_form_component_html_recipe_form_f_veg_del_k.mut
LLMR_recipe_form_component_html_recipe_form_f_veg_gam_a,recipe_form_component_html,a,LLM_ROLE,HELD,1,recipe_form_component_html__LLMR_recipe_form_component_html_recipe_form_f_veg_gam_a.mut
LLMR_recipe_form_component_html_recipe_form_f_veg_gam_b,recipe_form_component_html,b,LLM_ROLE,HELD,1,recipe_form_component_html__LLMR_recipe_form_component_html_recipe_form_f_veg_gam_b.mut
LLMR_recipe_form_component_html_recipe_form_f_veg_gam_c,recipe_form_component_html,c,LLM_ROLE,HELD,1,recipe_form_component_html__LLMR_recipe_form_component_html_recipe_form_f_veg_gam_c.mut
LLMR_recipe_form_component_html_recipe_form_f_veg_gam_f,recipe_form_component_html,f,LLM_ROLE,HELD,1,recipe_form_component_html__LLMR_recipe_form_component_html_recipe_form_f_veg_gam_f.mut
LLMR_recipe_form_component_html_recipe_form_f_veg_gam_g,recipe_form_component_html,g,LLM_ROLE,HELD,1,recipe_form_component_html__LLMR_recipe_form_component_html_recipe_form_f_veg_gam_g.mut
LLMR_recipe_form_component_html_recipe_form_f_veg_gam_i,recipe_form_component_html,i,LLM_ROLE,HELD,1,recipe_form_component_html__LLMR_recipe_form_component_html_recipe_form_f_veg_gam_i.mut
LLMR_recipe_form_component_html_recipe_form_f_veg_gam_j,recipe_form_component_html,j,LLM_ROLE,HELD,1,recipe_form_component_html__LLMR_recipe_form_component_html_recipe_form_f_veg_gam_j.mut
LLMR_recipe_form_component_html_recipe_form_f_veg_gam_k,recipe_form_component_html,k,LLM_ROLE,HELD,1,recipe_form_component_html__LLMR_recipe_form_component_html_recipe_form_f_veg_gam_k.mut
LLMR_recipe_form_component_html_recipe_form_form_heading_alf_a,recipe_form_component_html,a,LLM_ROLE,HELD,1,recipe_form_component_html__LLMR_recipe_form_component_html_recipe_form_form_heading_alf_a.mut
LLMR_recipe_form_component_html_recipe_form_form_heading_alf_b,recipe_form_component_html,b,LLM_ROLE,HELD,1,recipe_form_component_html__LLMR_recipe_form_component_html_recipe_form_form_heading_alf_b.mut
LLMR_recipe_form_component_html_recipe_form_form_heading_alf_c,recipe_form_component_html,c,LLM_ROLE,HELD,1,recipe_form_component_html__LLMR_recipe_form_component_html_recipe_form_form_heading_alf_c.mut
LLMR_recipe_form_component_html_recipe_form_form_heading_alf_d,recipe_form_component_html,d,LLM_ROLE,HELD,1,recipe_form_component_html__LLMR_recipe_form_component_html_recipe_form_form_heading_alf_d.mut
LLMR_recipe_form_component_html_recipe_form_form_heading_alf_e,recipe_form_component_html,e,LLM_ROLE,HELD,1,recipe_form_component_html__LLMR_recipe_form_component_html_recipe_form_form_heading_alf_e.mut
LLMR_recipe_form_component_html_recipe_form_form_heading_alf_f,recipe_form_component_html,f,LLM_ROLE,HELD,1,recipe_form_component_html__LLMR_recipe_form_component_html_recipe_form_form_heading_alf_f.mut
LLMR_recipe_form_component_html_recipe_form_form_heading_alf_g,recipe_form_component_html,g,LLM_ROLE,HELD,1,recipe_form_component_html__LLMR_recipe_form_component_html_recipe_form_form_heading_alf_g.mut
LLMR_recipe_form_component_html_recipe_form_form_heading_alf_j,recipe_form_component_html,j,LLM_ROLE,HELD,1,recipe_form_component_html__LLMR_recipe_form_component_html_recipe_form_form_heading_alf_j.mut
LLMR_recipe_form_component_html_recipe_form_form_heading_alf_k,recipe_form_component_html,k,LLM_ROLE,HELD,1,recipe_form_component_html__LLMR_recipe_form_component_html_recipe_form_form_heading_alf_k.mut
LLMR_recipe_form_component_html_recipe_form_form_heading_bet_a,recipe_form_component_html,a,LLM_ROLE,HELD,1,recipe_form_component_html__LLMR_recipe_form_component_html_recipe_form_form_heading_bet_a.mut
LLMR_recipe_form_component_html_recipe_form_form_heading_bet_b,recipe_form_component_html,b,LLM_ROLE,HELD,1,recipe_form_component_html__LLMR_recipe_form_component_html_recipe_form_form_heading_bet_b.mut
LLMR_recipe_form_component_html_recipe_form_form_heading_bet_c,recipe_form_component_html,c,LLM_ROLE,HELD,1,recipe_form_component_html__LLMR_recipe_form_component_html_recipe_form_form_heading_bet_c.mut
LLMR_recipe_form_component_html_recipe_form_form_heading_bet_g,recipe_form_component_html,g,LLM_ROLE,HELD,1,recipe_form_component_html__LLMR_recipe_form_component_html_recipe_form_form_heading_bet_g.mut
LLMR_recipe_form_component_html_recipe_form_form_heading_bet_i,recipe_form_component_html,i,LLM_ROLE,HELD,1,recipe_form_component_html__LLMR_recipe_form_component_html_recipe_form_form_heading_bet_i.mut
LLMR_recipe_form_component_html_recipe_form_form_heading_bet_j,recipe_form_component_html,j,LLM_ROLE,HELD,1,recipe_form_component_html__LLMR_recipe_form_component_html_recipe_form_form_heading_bet_j.mut
LLMR_recipe_form_component_html_recipe_form_form_heading_bet_k,recipe_form_component_html,k,LLM_ROLE,HELD,1,recipe_form_component_html__LLMR_recipe_form_component_html_recipe_form_form_heading_bet_k.mut
LLMR_recipe_form_component_html_recipe_form_form_heading_del_a,recipe_form_component_html,a,LLM_ROLE,HELD,1,recipe_form_component_html__LLMR_recipe_form_component_html_recipe_form_form_heading_del_a.mut
LLMR_recipe_form_component_html_recipe_form_form_heading_del_b,recipe_form_component_html,b,LLM_ROLE,HELD,1,recipe_form_component_html__LLMR_recipe_form_component_html_recipe_form_form_heading_del_b.mut
LLMR_recipe_form_component_html_recipe_form_form_heading_del_c,recipe_form_component_html,c,LLM_ROLE,HELD,1,recipe_form_component_html__LLMR_recipe_form_component_html_recipe_form_form_heading_del_c.mut
LLMR_recipe_form_component_html_recipe_form_form_heading_del_d,recipe_form_component_html,d,LLM_ROLE,HELD,1,recipe_form_component_html__LLMR_recipe_form_component_html_recipe_form_form_heading_del_d.mut
LLMR_recipe_form_component_html_recipe_form_form_heading_del_e,recipe_form_component_html,e,LLM_ROLE,HELD,1,recipe_form_component_html__LLMR_recipe_form_component_html_recipe_form_form_heading_del_e.mut
LLMR_recipe_form_component_html_recipe_form_form_heading_del_f,recipe_form_component_html,f,LLM_ROLE,HELD,1,recipe_form_component_html__LLMR_recipe_form_component_html_recipe_form_form_heading_del_f.mut
LLMR_recipe_form_component_html_recipe_form_form_heading_del_g,recipe_form_component_html,g,LLM_ROLE,HELD,1,recipe_form_component_html__LLMR_recipe_form_component_html_recipe_form_form_heading_del_g.mut
LLMR_recipe_form_component_html_recipe_form_form_heading_del_i,recipe_form_component_html,i,LLM_ROLE,HELD,1,recipe_form_component_html__LLMR_recipe_form_component_html_recipe_form_form_heading_del_i.mut
LLMR_recipe_form_component_html_recipe_form_form_heading_del_j,recipe_form_component_html,j,LLM_ROLE,HELD,1,recipe_form_component_html__LLMR_recipe_form_component_html_recipe_form_form_heading_del_j.mut
LLMR_recipe_form_component_html_recipe_form_form_heading_del_k,recipe_form_component_html,k,LLM_ROLE,HELD,1,recipe_form_component_html__LLMR_recipe_form_component_html_recipe_form_form_heading_del_k.mut
LLMR_recipe_form_component_html_recipe_form_form_heading_gam_a,recipe_form_component_html,a,LLM_ROLE,HELD,1,recipe_form_component_html__LLMR_recipe_form_component_html_recipe_form_form_heading_gam_a.mut
LLMR_recipe_form_component_html_recipe_form_form_heading_gam_b,recipe_form_component_html,b,LLM_ROLE,HELD,1,recipe_form_component_html__LLMR_recipe_form_component_html_recipe_form_form_heading_gam_b.mut
LLMR_recipe_form_component_html_recipe_form_form_heading_gam_c,recipe_form_component_html,c,LLM_ROLE,HELD,1,recipe_form_component_html__LLMR_recipe_form_component_html_recipe_form_form_heading_gam_c.mut
LLMR_recipe_form_component_html_recipe_form_form_heading_gam_f,recipe_form_component_html,f,LLM_ROLE,HELD,1,recipe_form_component_html__LLMR_recipe_form_component_html_recipe_form_form_heading_gam_f.mut
LLMR_recipe_form_component_html_recipe_form_form_heading_gam_i,recipe_form_component_html,i,LLM_ROLE,HELD,1,recipe_form_component_html__LLMR_recipe_form_component_html_recipe_form_form_heading_gam_i.mut
LLMR_recipe_form_component_html_recipe_form_form_heading_gam_j,recipe_form_component_html,j,LLM_ROLE,HELD,1,recipe_form_component_html__LLMR_recipe_form_component_html_recipe_form_form_heading_gam_j.mut
LLMR_recipe_form_component_html_recipe_form_form_heading_gam_k,recipe_form_component_html,k,LLM_ROLE,HELD,1,recipe_form_component_html__LLMR_recipe_form_component_html_recipe_form_form_heading_gam_k.mut
LLMR_h_recipe_list_add_recipe_alf,recipe_list_component_html,h,LLM_ROLE,HELD,2,recipe_list_component_html__LLMR_h_recipe_list_add_recipe_alf.mut
LLMR_h_recipe_list_add_recipe_bet,recipe_list_component_html,h,LLM_ROLE,HELD,2,recipe_list_component_html__LLMR_h_recipe_list_add_recipe_bet.mut
LLMR_h_recipe_list_add_recipe_del,recipe_list_component_html,h,LLM_ROLE,HELD,2,recipe_list_component_html__LLMR_h_recipe_list_add_recipe_del.mut
LLMR_h_recipe_list_course_filter_alf,recipe_list_component_html,h,LLM_ROLE,HELD,2,recipe_list_component_html__LLMR_h_recipe_list_course_filter_alf.mut
LLMR_h_recipe_list_course_filter_bet,recipe_list_component_html,h,LLM_ROLE,HELD,2,recipe_list_component_html__LLMR_h_recipe_list_course_filter_bet.mut
LLMR_h_recipe_list_course_filter_del,recipe_list_component_html,h,LLM_ROLE,HELD,2,recipe_list_component_html__LLMR_h_recipe_list_course_filter_del.mut
LLMR_h_recipe_list_course_filter_gam,recipe_list_component_html,h,LLM_ROLE,HELD,2,recipe_list_component_html__LLMR_h_recipe_list_course_filter_gam.mut
LLMR_h_recipe_list_empty_alf,recipe_list_component_html,h,LLM_ROLE,HELD,2,recipe_list_component_html__LLMR_h_recipe_list_empty_alf.mut
LLMR_h_recipe_list_empty_bet,recipe_list_component_html,h,LLM_ROLE,HELD,2,recipe_list_component_html__LLMR_h_recipe_list_empty_bet.mut
LLMR_h_recipe_list_empty_del,recipe_list_component_html,h,LLM_ROLE,HELD,2,recipe_list_component_html__LLMR_h_recipe_list_empty_del.mut
LLMR_h_recipe_list_empty_gam,recipe_list_component_html,h,LLM_ROLE,HELD,2,recipe_list_component_html__LLMR_h_recipe_list_empty_gam.mut
LLMR_h_recipe_list_list_title_alf,recipe_list_component_html,h,LLM_ROLE,HELD,2,recipe_list_component_html__LLMR_h_recipe_list_list_title_alf.mut
LLMR_h_recipe_list_list_title_bet,recipe_list_component_html,h,LLM_ROLE,HELD,2,recipe_list_component_html__LLMR_h_recipe_list_list_title_bet.mut
LLMR_h_recipe_list_list_title_del,recipe_list_component_html,h,LLM_ROLE,HELD,2,recipe_list_component_html__LLMR_h_recipe_list_list_title_del.mut
LLMR_h_recipe_list_list_title_gam,recipe_list_component_html,h,LLM_ROLE,HELD,2,recipe_list_component_html__LLMR_h_recipe_list_list_title_gam.mut
LLMR_h_recipe_list_result_count_alf,recipe_list_component_html,h,LLM_ROLE,HELD,2,recipe_list_component_html__LLMR_h_recipe_list_result_count_alf.mut
LLMR_h_recipe_list_result_count_bet,recipe_list_component_html,h,LLM_ROLE,HELD,2,recipe_list_component_html__LLMR_h_recipe_list_result_count_bet.mut
LLMR_h_recipe_list_result_count_del,recipe_list_component_html,h,LLM_ROLE,HELD,2,recipe_list_component_html__LLMR_h_recipe_list_result_count_del.mut
LLMR_h_recipe_list_result_count_gam,recipe_list_component_html,h,LLM_ROLE,HELD,2,recipe_list_component_html__LLMR_h_recipe_list_result_count_gam.mut
LLMR_h_recipe_list_search_alf,recipe_list_component_html,h,LLM_ROLE,HELD,2,recipe_list_component_html__LLMR_h_recipe_list_search_alf.mut
LLMR_h_recipe_list_search_bet,recipe_list_component_html,h,LLM_ROLE,HELD,2,recipe_list_component_html__LLMR_h_recipe_list_search_bet.mut
LLMR_h_recipe_list_search_del,recipe_list_component_html,h,LLM_ROLE,HELD,2,recipe_list_component_html__LLMR_h_recipe_list_search_del.mut
LLMR_h_recipe_list_search_gam,recipe_list_component_html,h,LLM_ROLE,HELD,2,recipe_list_component_html__LLMR_h_recipe_list_search_gam.mut
LLMR_h_recipe_list_sort_alf,recipe_list_component_html,h,LLM_ROLE,HELD,2,recipe_list_component_html__LLMR_h_recipe_list_sort_alf.mut
LLMR_h_recipe_list_sort_bet,recipe_list_component_html,h,LLM_ROLE,HELD,2,recipe_list_component_html__LLMR_h_recipe_list_sort_bet.mut
LLMR_h_recipe_list_sort_del,recipe_list_component_html,h,LLM_ROLE,HELD,2,recipe_list_component_html__LLMR_h_recipe_list_sort_del.mut
LLMR_h_recipe_list_sort_gam,recipe_list_component_html,h,LLM_ROLE,HELD,2,recipe_list_component_html__LLMR_h_recipe_list_sort_gam.mut
LLMR_h_recipe_list_veg_only_alf,recipe_list_component_html,h,LLM_ROLE,HELD,2,recipe_list_component_html__LLMR_h_recipe_list_veg_only_alf.mut
LLMR_h_recipe_list_veg_only_bet,recipe_list_component_html,h,LLM_ROLE,HELD,2,recipe_list_component_html__LLMR_h_recipe_list_veg_only_bet.mut
LLMR_h_recipe_list_veg_only_del,recipe_list_component_html,h,LLM_ROLE,HELD,2,recipe_list_component_html__LLMR_h_recipe_list_veg_only_del.mut
LLMR_h_recipe_list_veg_only_gam,recipe_list_component_html,h,LLM_ROLE,HELD,2,recipe_list_component_html__LLMR_h_recipe_list_veg_only_gam.mut
LLMR_recipe_list_component_html_recipe_list_add_recipe_alf_a,recipe_list_component_html,a,LLM_ROLE,HELD,1,recipe_list_component_html__LLMR_recipe_list_component_html_recipe_list_add_recipe_alf_a.mut
LLMR_recipe_list_component_html_recipe_list_add_recipe_alf_b,recipe_list_component_html,b,LLM_ROLE,HELD,1,recipe_list_component_html__LLMR_recipe_list_component_html_recipe_list_add_recipe_alf_b.mut
LLMR_recipe_list_component_html_recipe_list_add_recipe_alf_c,recipe_list_component_html,c,LLM_ROLE,HELD,1,recipe_list_component_html__LLMR_recipe_list_component_html_recipe_list_add_recipe_alf_c.mut
LLMR_recipe_list_component_html_recipe_list_add_recipe_alf_d,recipe_list_component_html,d,LLM_ROLE,HELD,1,recipe_list_component_html__LLMR_recipe_list_component_html_recipe_list_add_recipe_alf_d.mut
LLMR_recipe_list_component_html_recipe_list_add_recipe_alf_e,recipe_list_component_html,e,LLM_ROLE,HELD,1,recipe_list_component_html__LLMR_recipe_list_component_html_recipe_list_add_recipe_alf_e.mut
LLMR_recipe_list_component_html_recipe_list_add_recipe_alf_f,recipe_list_component_html,f,LLM_ROLE,HELD,1,recipe_list_component_html__LLMR_recipe_list_component_html_recipe_list_add_recipe_alf_f.mut
LLMR_recipe_list_component_html_recipe_list_add_recipe_alf_g,recipe_list_component_html,g,LLM_ROLE,HELD,1,recipe_list_component_html__LLMR_recipe_list_component_html_recipe_list_add_recipe_alf_g.mut
LLMR_recipe_list_component_html_recipe_list_add_recipe_alf_j,recipe_list_component_html,j,LLM_ROLE,HELD,1,recipe_list_component_html__LLMR_recipe_list_component_html_recipe_list_add_recipe_alf_j.mut
LLMR_recipe_list_component_html_recipe_list_add_recipe_alf_k,recipe_list_component_html,k,LLM_ROLE,HELD,1,recipe_list_component_html__LLMR_recipe_list_component_html_recipe_list_add_recipe_alf_k.mut
LLMR_recipe_list_component_html_recipe_list_add_recipe_bet_a,recipe_list_component_html,a,LLM_ROLE,HELD,1,recipe_list_component_html__LLMR_recipe_list_component_html_recipe_list_add_recipe_bet_a.mut
LLMR_recipe_list_component_html_recipe_list_add_recipe_bet_b,recipe_list_component_html,b,LLM_ROLE,HELD,1,recipe_list_component_html__LLMR_recipe_list_component_html_recipe_list_add_recipe_bet_b.mut
LLMR_recipe_list_component_html_recipe_list_add_recipe_bet_c,recipe_list_component_html,c,LLM_ROLE,HELD,1,recipe_list_component_html__LLMR_recipe_list_component_html_recipe_list_add_recipe_bet_c.mut
LLMR_recipe_list_component_html_recipe_list_add_recipe_bet_f,recipe_list_component_html,f,LLM_ROLE,HELD,1,recipe_list_component_html__LLMR_recipe_list_component_html_recipe_list_add_recipe_bet_f.mut
LLMR_recipe_list_component_html_recipe_list_add_recipe_bet_g,recipe_list_component_html,g,LLM_ROLE,HELD,1,recipe_list_component_html__LLMR_recipe_list_component_html_recipe_list_add_recipe_bet_g.mut
LLMR_recipe_list_component_html_recipe_list_add_recipe_bet_i,recipe_list_component_html,i,LLM_ROLE,HELD,1,recipe_list_component_html__LLMR_recipe_list_component_html_recipe_list_add_recipe_bet_i.mut
LLMR_recipe_list_component_html_recipe_list_add_recipe_bet_j,recipe_list_component_html,j,LLM_ROLE,HELD,1,recipe_list_component_html__LLMR_recipe_list_component_html_recipe_list_add_recipe_bet_j.mut
LLMR_recipe_list_component_html_recipe_list_add_recipe_bet_k,recipe_list_component_html,k,LLM_ROLE,HELD,1,recipe_list_component_html__LLMR_recipe_list_component_html_recipe_list_add_recipe_bet_k.mut
LLMR_recipe_list_component_html_recipe_list_add_recipe_del_a,recipe_list_component_html,a,LLM_ROLE,HELD,1,recipe_list_component_html__LLMR_recipe_list_component_html_recipe_list_add_recipe_del_a.mut
LLMR_recipe_list_component_html_recipe_list_add_recipe_del_b,recipe_list_component_html,b,LLM_ROLE,HELD,1,recipe_list_component_html__LLMR_recipe_list_component_html_recipe_list_add_recipe_del_b.mut
LLMR_recipe_list_component_html_recipe_list_add_recipe_del_c,recipe_list_component_html,c,LLM_ROLE,HELD,1,recipe_list_component_html__LLMR_recipe_list_component_html_recipe_list_add_recipe_del_c.mut
LLMR_recipe_list_component_html_recipe_list_add_recipe_del_d,recipe_list_component_html,d,LLM_ROLE,HELD,1,recipe_list_component_html__LLMR_recipe_list_component_html_recipe_list_add_recipe_del_d.mut
LLMR_recipe_list_component_html_recipe_list_add_recipe_del_e,recipe_list_component_html,e,LLM_ROLE,HELD,1,recipe_list_component_html__LLMR_recipe_list_component_html_recipe_list_add_recipe_del_e.mut
LLMR_recipe_list_component_html_recipe_list_add_recipe_del_f,recipe_list_component_html,f,LLM_ROLE,HELD,1,recipe_list_component_html__LLMR_recipe_list_component_html_recipe_list_add_recipe_del_f.mut
LLMR_recipe_list_component_html_recipe_list_add_recipe_del_g,recipe_list_component_html,g,LLM_ROLE,HELD,1,recipe_list_component_html__LLMR_recipe_list_component_html_recipe_list_add_recipe_del_g.mut
LLMR_recipe_list_component_html_recipe_list_add_recipe_del_i,recipe_list_component_html,i,LLM_ROLE,HELD,1,recipe_list_component_html__LLMR_recipe_list_component_html_recipe_list_add_recipe_del_i.mut
LLMR_recipe_list_component_html_recipe_list_add_recipe_del_j,recipe_list_component_html,j,LLM_ROLE,HELD,1,recipe_list_component_html__LLMR_recipe_list_component_html_recipe_list_add_recipe_del_j.mut
LLMR_recipe_list_component_html_recipe_list_add_recipe_del_k,recipe_list_component_html,k,LLM_ROLE,HELD,1,recipe_list_component_html__LLMR_recipe_list_component_html_recipe_list_add_recipe_del_k.mut
LLMR_recipe_list_component_html_recipe_list_add_recipe_gam_a,recipe_list_component_html,a,LLM_ROLE,HELD,1,recipe_list_component_html__LLMR_recipe_list_component_html_recipe_list_add_recipe_gam_a.mut
LLMR_recipe_list_component_html_recipe_list_add_recipe_gam_c,recipe_list_component_html,c,LLM_ROLE,HELD,1,recipe_list_component_html__LLMR_recipe_list_component_html_recipe_list_add_recipe_gam_c.mut
LLMR_recipe_list_component_html_recipe_list_course_filter_alf_a,recipe_list_component_html,a,LLM_ROLE,HELD,1,recipe_list_component_html__LLMR_recipe_list_component_html_recipe_list_course_filter_alf_a.mut
LLMR_recipe_list_component_html_recipe_list_course_filter_alf_b,recipe_list_component_html,b,LLM_ROLE,HELD,1,recipe_list_component_html__LLMR_recipe_list_component_html_recipe_list_course_filter_alf_b.mut
LLMR_recipe_list_component_html_recipe_list_course_filter_alf_c,recipe_list_component_html,c,LLM_ROLE,HELD,1,recipe_list_component_html__LLMR_recipe_list_component_html_recipe_list_course_filter_alf_c.mut
LLMR_recipe_list_component_html_recipe_list_course_filter_alf_f,recipe_list_component_html,f,LLM_ROLE,HELD,1,recipe_list_component_html__LLMR_recipe_list_component_html_recipe_list_course_filter_alf_f.mut
LLMR_recipe_list_component_html_recipe_list_course_filter_alf_g,recipe_list_component_html,g,LLM_ROLE,HELD,1,recipe_list_component_html__LLMR_recipe_list_component_html_recipe_list_course_filter_alf_g.mut
LLMR_recipe_list_component_html_recipe_list_course_filter_alf_j,recipe_list_component_html,j,LLM_ROLE,HELD,1,recipe_list_component_html__LLMR_recipe_list_component_html_recipe_list_course_filter_alf_j.mut
LLMR_recipe_list_component_html_recipe_list_course_filter_alf_k,recipe_list_component_html,k,LLM_ROLE,HELD,1,recipe_list_component_html__LLMR_recipe_list_component_html_recipe_list_course_filter_alf_k.mut
LLMR_recipe_list_component_html_recipe_list_course_filter_bet_a,recipe_list_component_html,a,LLM_ROLE,HELD,1,recipe_list_component_html__LLMR_recipe_list_component_html_recipe_list_course_filter_bet_a.mut
LLMR_recipe_list_component_html_recipe_list_course_filter_bet_b,recipe_list_component_html,b,LLM_ROLE,HELD,1,recipe_list_component_html__LLMR_recipe_list_component_html_recipe_list_course_filter_bet_b.mut
LLMR_recipe_list_component_html_recipe_list_course_filter_bet_c,recipe_list_component_html,c,LLM_ROLE,HELD,1,recipe_list_component_html__LLMR_recipe_list_component_html_recipe_list_course_filter_bet_c.mut
LLMR_recipe_list_component_html_recipe_list_course_filter_bet_g,recipe_list_component_html,g,LLM_ROLE,HELD,1,recipe_list_component_html__LLMR_recipe_list_component_html_recipe_list_course_filter_bet_g.mut
LLMR_recipe_list_component_html_recipe_list_course_filter_bet_i,recipe_list_component_html,i,LLM_ROLE,HELD,1,recipe_list_component_html__LLMR_recipe_list_component_html_recipe_list_course_filter_bet_i.mut
LLMR_recipe_list_component_html_recipe_list_course_filter_bet_j,recipe_list_component_html,j,LLM_ROLE,HELD,1,recipe_list_component_html__LLMR_recipe_list_component_html_recipe_list_course_filter_bet_j.mut
LLMR_recipe_list_component_html_recipe_list_course_filter_bet_k,recipe_list_component_html,k,LLM_ROLE,HELD,1,recipe_list_component_html__LLMR_recipe_list_component_html_recipe_list_course_filter_bet_k.mut
LLMR_recipe_list_component_html_recipe_list_course_filter_del_a,recipe_list_component_html,a,LLM_ROLE,HELD,1,recipe_list_component_html__LLMR_recipe_list_component_html_recipe_list_course_filter_del_a.mut
LLMR_recipe_list_component_html_recipe_list_course_filter_del_b,recipe_list_component_html,b,LLM_ROLE,HELD,1,recipe_list_component_html__LLMR_recipe_list_component_html_recipe_list_course_filter_del_b.mut
LLMR_recipe_list_component_html_recipe_list_course_filter_del_c,recipe_list_component_html,c,LLM_ROLE,HELD,1,recipe_list_component_html__LLMR_recipe_list_component_html_recipe_list_course_filter_del_c.mut
LLMR_recipe_list_component_html_recipe_list_course_filter_del_d,recipe_list_component_html,d,LLM_ROLE,HELD,1,recipe_list_component_html__LLMR_recipe_list_component_html_recipe_list_course_filter_del_d.mut
LLMR_recipe_list_component_html_recipe_list_course_filter_del_e,recipe_list_component_html,e,LLM_ROLE,HELD,1,recipe_list_component_html__LLMR_recipe_list_component_html_recipe_list_course_filter_del_e.mut
LLMR_recipe_list_component_html_recipe_list_course_filter_del_f,recipe_list_component_html,f,LLM_ROLE,HELD,1,recipe_list_component_html__LLMR_recipe_list_component_html_recipe_list_course_filter_del_f.mut
LLMR_recipe_list_component_html_recipe_list_course_filter_del_g,recipe_list_component_html,g,LLM_ROLE,HELD,1,recipe_list_component_html__LLMR_recipe_list_component_html_recipe_list_course_filter_del_g.mut
LLMR_recipe_list_component_html_recipe_list_course_filter_del_i,recipe_list_component_html,i,LLM_ROLE,HELD,1,recipe_list_component_html__LLMR_recipe_list_component_html_recipe_list_course_filter_del_i.mut
LLMR_recipe_list_component_html_recipe_list_course_filter_del_j,recipe_list_component_html,j,LLM_ROLE,HELD,1,recipe_list_component_html__LLMR_recipe_list_component_html_recipe_list_course_filter_del_j.mut
LLMR_recipe_list_component_html_recipe_list_course_filter_del_k,recipe_list_component_html,k,LLM_ROLE,HELD,1,recipe_list_component_html__LLMR_recipe_list_component_html_recipe_list_course_filter_del_k.mut
LLMR_recipe_list_component_html_recipe_list_course_filter_gam_a,recipe_list_component_html,a,LLM_ROLE,HELD,1,recipe_list_component_html__LLMR_recipe_list_component_html_recipe_list_course_filter_gam_a.mut
LLMR_recipe_list_component_html_recipe_list_course_filter_gam_b,recipe_list_component_html,b,LLM_ROLE,HELD,1,recipe_list_component_html__LLMR_recipe_list_component_html_recipe_list_course_filter_gam_b.mut
LLMR_recipe_list_component_html_recipe_list_course_filter_gam_c,recipe_list_component_html,c,LLM_ROLE,HELD,1,recipe_list_component_html__LLMR_recipe_list_component_html_recipe_list_course_filter_gam_c.mut
LLMR_recipe_list_component_html_recipe_list_course_filter_gam_f,recipe_list_component_html,f,LLM_ROLE,HELD,1,recipe_list_component_html__LLMR_recipe_list_component_html_recipe_list_course_filter_gam_f.mut
LLMR_recipe_list_component_html_recipe_list_course_filter_gam_g,recipe_list_component_html,g,LLM_ROLE,HELD,1,recipe_list_component_html__LLMR_recipe_list_component_html_recipe_list_course_filter_gam_g.mut
LLMR_recipe_list_component_html_recipe_list_course_filter_gam_i,recipe_list_component_html,i,LLM_ROLE,HELD,1,recipe_list_component_html__LLMR_recipe_list_component_html_recipe_list_course_filter_gam_i.mut
LLMR_recipe_list_component_html_recipe_list_course_filter_gam_j,recipe_list_component_html,j,LLM_ROLE,HELD,1,recipe_list_component_html__LLMR_recipe_list_component_html_recipe_list_course_filter_gam_j.mut
LLMR_recipe_list_component_html_recipe_list_course_filter_gam_k,recipe_list_component_html,k,LLM_ROLE,HELD,1,recipe_list_component_html__LLMR_recipe_list_component_html_recipe_list_course_filter_gam_k.mut
LLMR_recipe_list_component_html_recipe_list_empty_alf_a,recipe_list_component_html,a,LLM_ROLE,HELD,1,recipe_list_component_html__LLMR_recipe_list_component_html_recipe_list_empty_alf_a.mut
LLMR_recipe_list_component_html_recipe_list_empty_alf_b,recipe_list_component_html,b,LLM_ROLE,HELD,1,recipe_list_component_html__LLMR_recipe_list_component_html_recipe_list_empty_alf_b.mut
LLMR_recipe_list_component_html_recipe_list_empty_alf_c,recipe_list_component_html,c,LLM_ROLE,HELD,1,recipe_list_component_html__LLMR_recipe_list_component_html_recipe_list_empty_alf_c.mut
LLMR_recipe_list_component_html_recipe_list_empty_alf_d,recipe_list_component_html,d,LLM_ROLE,HELD,1,recipe_list_component_html__LLMR_recipe_list_component_html_recipe_list_empty_alf_d.mut
LLMR_recipe_list_component_html_recipe_list_empty_alf_e,recipe_list_component_html,e,LLM_ROLE,HELD,1,recipe_list_component_html__LLMR_recipe_list_component_html_recipe_list_empty_alf_e.mut
LLMR_recipe_list_component_html_recipe_list_empty_alf_f,recipe_list_component_html,f,LLM_ROLE,HELD,1,recipe_list_component_html__LLMR_recipe_list_component_html_recipe_list_empty_alf_f.mut
LLMR_recipe_list_component_html_recipe_list_empty_alf_g,recipe_list_component_html,g,LLM_ROLE,HELD,1,recipe_list_component_html__LLMR_recipe_list_component_html_recipe_list_empty_alf_g.mut
LLMR_recipe_list_component_html_recipe_list_empty_alf_j,recipe_list_component_html,j,LLM_ROLE,HELD,1,recipe_list_component_html__LLMR_recipe_list_component_html_recipe_list_empty_alf_j.mut
LLMR_recipe_list_component_html_recipe_list_empty_alf_k,recipe_list_component_html,k,LLM_ROLE,HELD,1,recipe_list_component_html__LLMR_recipe_list_component_html_recipe_list_empty_alf_k.mut
LLMR_recipe_list_component_html_recipe_list_empty_bet_a,recipe_list_component_html,a,LLM_ROLE,HELD,1,recipe_list_component_html__LLMR_recipe_list_component_html_recipe_list_empty_bet_a.mut
LLMR_recipe_list_component_html_recipe_list_empty_bet_b,recipe_list_component_html,b,LLM_ROLE,HELD,1,recipe_list_component_html__LLMR_recipe_list_component_html_recipe_list_empty_bet_b.mut
LLMR_recipe_list_component_html_recipe_list_empty_bet_c,recipe_list_component_html,c,LLM_ROLE,HELD,1,recipe_list_component_html__LLMR_recipe_list_component_html_recipe_list_empty_bet_c.mut
LLMR_recipe_list_component_html_recipe_list_empty_bet_f,recipe_list_component_html,f,LLM_ROLE,HELD,1,recipe_list_component_html__LLMR_recipe_list_component_html_recipe_list_empty_bet_f.mut
LLMR_recipe_list_component_html_recipe_list_empty_bet_g,recipe_list_component_html,g,LLM_ROLE,HELD,1,recipe_list_component_html__LLMR_recipe_list_component_html_recipe_list_empty_bet_g.mut
LLMR_recipe_list_component_html_recipe_list_empty_bet_i,recipe_list_component_html,i,LLM_ROLE,HELD,1,recipe_list_component_html__LLMR_recipe_list_component_html_recipe_list_empty_bet_i.mut
LLMR_recipe_list_component_html_recipe_list_empty_bet_j,recipe_list_component_html,j,LLM_ROLE,HELD,1,recipe_list_component_html__LLMR_recipe_list_component_html_recipe_list_empty_bet_j.mut
LLMR_recipe_list_component_html_recipe_list_empty_bet_k,recipe_list_component_html,k,LLM_ROLE,HELD,1,recipe_list_component_html__LLMR_recipe_list_component_html_recipe_list_empty_bet_k.mut
LLMR_recipe_list_component_html_recipe_list_empty_del_a,recipe_list_component_html,a,LLM_ROLE,HELD,1,recipe_list_component_html__LLMR_recipe_list_component_html_recipe_list_empty_del_a.mut
LLMR_recipe_list_component_html_recipe_list_empty_del_b,recipe_list_component_html,b,LLM_ROLE,HELD,1,recipe_list_component_html__LLMR_recipe_list_component_html_recipe_list_empty_del_b.mut
LLMR_recipe_list_component_html_recipe_list_empty_del_c,recipe_list_component_html,c,LLM_ROLE,HELD,1,recipe_list_component_html__LLMR_recipe_list_component_html_recipe_list_empty_del_c.mut
LLMR_recipe_list_component_html_recipe_list_empty_del_d,recipe_list_component_html,d,LLM_ROLE,HELD,1,recipe_list_component_html__LLMR_recipe_list_component_html_recipe_list_empty_del_d.mut
LLMR_recipe_list_component_html_recipe_list_empty_del_e,recipe_list_component_html,e,LLM_ROLE,HELD,1,recipe_list_component_html__LLMR_recipe_list_component_html_recipe_list_empty_del_e.mut
LLMR_recipe_list_component_html_recipe_list_empty_del_f,recipe_list_component_html,f,LLM_ROLE,HELD,1,recipe_list_component_html__LLMR_recipe_list_component_html_recipe_list_empty_del_f.mut
LLMR_recipe_list_component_html_recipe_list_empty_del_g,recipe_list_component_html,g,LLM_ROLE,HELD,1,recipe_list_component_html__LLMR_recipe_list_component_html_recipe_list_empty_del_g.mut
LLMR_recipe_list_component_html_recipe_list_empty_del_i,recipe_list_component_html,i,LLM_ROLE,HELD,1,recipe_list_component_html__LLMR_recipe_list_component_html_recipe_list_empty_del_i.mut
LLMR_recipe_list_component_html_recipe_list_empty_del_j,recipe_list_component_html,j,LLM_ROLE,HELD,1,recipe_list_component_html__LLMR_recipe_list_component_html_recipe_list_empty_del_j.mut
LLMR_recipe_list_component_html_recipe_list_empty_del_k,recipe_list_component_html,k,LLM_ROLE,HELD,1,recipe_list_component_html__LLMR_recipe_list_component_html_recipe_list_empty_del_k.mut
LLMR_recipe_list_component_html_recipe_list_empty_gam_a,recipe_list_component_html,a,LLM_ROLE,HELD,1,recipe_list_component_html__LLMR_recipe_list_component_html_recipe_list_empty_gam_a.mut
LLMR_recipe_list_component_html_recipe_list_empty_gam_b,recipe_list_component_html,b,LLM_ROLE,HELD,1,recipe_list_component_html__LLMR_recipe_list_component_html_recipe_list_empty_gam_b.mut
LLMR_recipe_list_component_html_recipe_list_empty_gam_c,recipe_list_component_html,c,LLM_ROLE,HELD,1,recipe_list_component_html__LLMR_recipe_list_component_html_recipe_list_empty_gam_c.mut
LLMR_recipe_list_component_html_recipe_list_empty_gam_d,recipe_list_component_html,d,LLM_ROLE,HELD,1,recipe_list_component_html__LLMR_recipe_list_component_html_recipe_list_empty_gam_d.mut
LLMR_recipe_list_component_html_recipe_list_empty_gam_e,recipe_list_component_html,e,LLM_ROLE,HELD,1,recipe_list_component_html__LLMR_recipe_list_component_html_recipe_list_empty_gam_e.mut
LLMR_recipe_list_component_html_recipe_list_empty_gam_f,recipe_list_component_html,f,LLM_ROLE,HELD,1,recipe_list_component_html__LLMR_recipe_list_component_html_recipe_list_empty_gam_f.mut
LLMR_recipe_list_component_html_recipe_list_empty_gam_i,recipe_list_component_html,i,LLM_ROLE,HELD,1,recipe_list_component_html__LLMR_recipe_list_component_html_recipe_list_empty_gam_i.mut
LLMR_recipe_list_component_html_recipe_list_empty_gam_j,recipe_list_component_html,j,LLM_ROLE,HELD,1,recipe_list_component_html__LLMR_recipe_list_component_html_recipe_list_empty_gam_j.mut
LLMR_recipe_list_component_html_recipe_list_empty_gam_k,recipe_list_component_html,k,LLM_ROLE,HELD,1,recipe_list_component_html__LLMR_recipe_list_component_html_recipe_list_empty_gam_k.mut
LLMR_recipe_list_component_html_recipe_list_list_title_alf_a,recipe_list_component_html,a,LLM_ROLE,HELD,1,recipe_list_component_html__LLMR_recipe_list_component_html_recipe_list_list_title_alf_a.mut
LLMR_recipe_list_component_html_recipe_list_list_title_alf_b,recipe_list_component_html,b,LLM_ROLE,HELD,1,recipe_list_component_html__LLMR_recipe_list_component_html_recipe_list_list_title_alf_b.mut
LLMR_recipe_list_component_html_recipe_list_list_title_alf_c,recipe_list_component_html,c,LLM_ROLE,HELD,1,recipe_list_component_html__LLMR_recipe_list_component_html_recipe_list_list_title_alf_c.mut
LLMR_recipe_list_component_html_recipe_list_list_title_alf_d,recipe_list_component_html,d,LLM_ROLE,HELD,1,recipe_list_component_html__LLMR_recipe_list_component_html_recipe_list_list_title_alf_d.mut
LLMR_recipe_list_component_html_recipe_list_list_title_alf_e,recipe_list_component_html,e,LLM_ROLE,HELD,1,recipe_list_component_html__LLMR_recipe_list_component_html_recipe_list_list_title_alf_e.mut
LLMR_recipe_list_component_html_recipe_list_list_title_alf_f,recipe_list_component_html,f,LLM_ROLE,HELD,1,recipe_list_component_html__LLMR_recipe_list_component_html_recipe_list_list_title_alf_f.mut
LLMR_recipe_list_component_html_recipe_list_list_title_alf_g,recipe_list_component_html,g,LLM_ROLE,HELD,1,recipe_list_component_html__LLMR_recipe_list_component_html_recipe_list_list_title_alf_g.mut
LLMR_recipe_list_component_html_recipe_list_list_title_alf_j,recipe_list_component_html,j,LLM_ROLE,HELD,1,recipe_list_component_html__LLMR_recipe_list_component_html_recipe_list_list_title_alf_j.mut
LLMR_recipe_list_component_html_recipe_list_list_title_alf_k,recipe_list_component_html,k,LLM_ROLE,HELD,1,recipe_list_component_html__LLMR_recipe_list_component_html_recipe_list_list_title_alf_k.mut
LLMR_recipe_list_component_html_recipe_list_list_title_bet_a,recipe_list_component_html,a,LLM_ROLE,HELD,1,recipe_list_component_html__LLMR_recipe_list_component_html_recipe_list_list_title_bet_a.mut
LLMR_recipe_list_component_html_recipe_list_list_title_bet_b,recipe_list_component_html,b,LLM_ROLE,HELD,1,recipe_list_component_html__LLMR_recipe_list_component_html_recipe_list_list_title_bet_b.mut
LLMR_recipe_list_component_html_recipe_list_list_title_bet_c,recipe_list_component_html,c,LLM_ROLE,HELD,1,recipe_list_component_html__LLMR_recipe_list_component_html_recipe_list_list_title_bet_c.mut
LLMR_recipe_list_component_html_recipe_list_list_title_bet_g,recipe_list_component_html,g,LLM_ROLE,HELD,1,recipe_list_component_html__LLMR_recipe_list_component_html_recipe_list_list_title_bet_g.mut
LLMR_recipe_list_component_html_recipe_list_list_title_bet_i,recipe_list_component_html,i,LLM_ROLE,HELD,1,recipe_list_component_html__LLMR_recipe_list_component_html_recipe_list_list_title_bet_i.mut
LLMR_recipe_list_component_html_recipe_list_list_title_bet_j,recipe_list_component_html,j,LLM_ROLE,HELD,1,recipe_list_component_html__LLMR_recipe_list_component_html_recipe_list_list_title_bet_j.mut
LLMR_recipe_list_component_html_recipe_list_list_title_bet_k,recipe_list_component_html,k,LLM_ROLE,HELD,1,recipe_list_component_html__LLMR_recipe_list_component_html_recipe_list_list_title_bet_k.mut
LLMR_recipe_list_component_html_recipe_list_list_title_del_a,recipe_list_component_html,a,LLM_ROLE,HELD,1,recipe_list_component_html__LLMR_recipe_list_component_html_recipe_list_list_title_del_a.mut
LLMR_recipe_list_component_html_recipe_list_list_title_del_b,recipe_list_component_html,b,LLM_ROLE,HELD,1,recipe_list_component_html__LLMR_recipe_list_component_html_recipe_list_list_title_del_b.mut
LLMR_recipe_list_component_html_recipe_list_list_title_del_c,recipe_list_component_html,c,LLM_ROLE,HELD,1,recipe_list_component_html__LLMR_recipe_list_component_html_recipe_list_list_title_del_c.mut
LLMR_recipe_list_component_html_recipe_list_list_title_del_d,recipe_list_component_html,d,LLM_ROLE,HELD,1,recipe_list_component_html__LLMR_recipe_list_component_html_recipe_list_list_title_del_d.mut
LLMR_recipe_list_component_html_recipe_list_list_title_del_e,recipe_list_component_html,e,LLM_ROLE,HELD,1,recipe_list_component_html__LLMR_recipe_list_component_html_recipe_list_list_title_del_e.mut
LLMR_recipe_list_component_html_recipe_list_list_title_del_f,recipe_list_component_html,f,LLM_ROLE,HELD,1,recipe_list_component_html__LLMR_recipe_list_component_html_recipe_list_list_title_del_f.mut
LLMR_recipe_list_component_html_recipe_list_list_title_del_g,recipe_list_component_html,g,LLM_ROLE,HELD,1,recipe_list_component_html__LLMR_recipe_list_component_html_recipe_list_list_title_del_g.mut
LLMR_recipe_list_component_html_recipe_list_list_title_del_i,recipe_list_component_html,i,LLM_ROLE,HELD,1,recipe_list_component_html__LLMR_recipe_list_component_html_recipe_list_list_title_del_i.mut
LLMR_recipe_list_component_html_recipe_list_list_title_del_j,recipe_list_component_html,j,LLM_ROLE,HELD,1,recipe_list_component_html__LLMR_recipe_list_component_html_recipe_list_list_title_del_j.mut
LLMR_recipe_list_component_html_recipe_list_list_title_del_k,recipe_list_component_html,k,LLM_ROLE,HELD,1,recipe_list_component_html__LLMR_recipe_list_component_html_recipe_list_list_title_del_k.mut
LLMR_recipe_list_component_html_recipe_list_list_title_gam_a,recipe_list_component_html,a,LLM_ROLE,HELD,1,recipe_list_component_html__LLMR_recipe_list_component_html_recipe_list_list_title_gam_a.mut
LLMR_recipe_list_component_html_recipe_list_list_title_gam_b,recipe_list_component_html,b,LLM_ROLE,HELD,1,recipe_list_component_html__LLMR_recipe_list_component_html_recipe_list_list_title_gam_b.mut
LLMR_recipe_list_component_html_recipe_list_list_title_gam_c,recipe_list_component_html,c,LLM_ROLE,HELD,1,recipe_list_component_html__LLMR_recipe_list_component_html_recipe_list_list_title_gam_c.mut
LLMR_recipe_list_component_html_recipe_list_list_title_gam_f,recipe_list_component_html,f,LLM_ROLE,HELD,1,recipe_list_component_html__LLMR_recipe_list_component_html_recipe_list_list_title_gam_f.mut
LLMR_recipe_list_component_html_recipe_list_list_title_gam_i,recipe_list_component_html,i,LLM_ROLE,HELD,1,recipe_list_component_html__LLMR_recipe_list_component_html_recipe_list_list_title_gam_i.mut
LLMR_recipe_list_component_html_recipe_list_list_title_gam_j,recipe_list_component_html,j,LLM_ROLE,HELD,1,recipe_list_component_html__LLMR_recipe_list_component_html_recipe_list_list_title_gam_j.mut
LLMR_recipe_list_component_html_recipe_list_list_title_gam_k,recipe_list_component_html,k,LLM_ROLE,HELD,1,recipe_list_component_html__LLMR_recipe_list_component_html_recipe_list_list_title_gam_k.mut
LLMR_recipe_list_component_html_recipe_list_result_count_alf_a,recipe_list_component_html,a,LLM_ROLE,HELD,1,recipe_list_component_html__LLMR_recipe_list_component_html_recipe_list_result_count_alf_a.mut
LLMR_recipe_list_component_html_recipe_list_result_count_alf_b,recipe_list_component_html,b,LLM_ROLE,HELD,1,recipe_list_component_html__LLMR_recipe_list_component_html_recipe_list_result_count_alf_b.mut
LLMR_recipe_list_component_html_recipe_list_result_count_alf_c,recipe_list_component_html,c,LLM_ROLE,HELD,1,recipe_list_component_html__LLMR_recipe_list_component_html_recipe_list_result_count_alf_c.mut
LLMR_recipe_list_component_html_recipe_list_result_count_alf_d,recipe_list_component_html,d,LLM_ROLE,HELD,1,recipe_list_component_html__LLMR_recipe_list_component_html_recipe_list_result_count_alf_d.mut
LLMR_recipe_list_component_html_recipe_list_result_count_alf_e,recipe_list_component_html,e,LLM_ROLE,HELD,1,recipe_list_component_html__LLMR_recipe_list_component_html_recipe_list_result_count_alf_e.mut
LLMR_recipe_list_component_html_recipe_list_result_count_alf_f,recipe_list_component_html,f,LLM_ROLE,HELD,1,recipe_list_component_html__LLMR_recipe_list_component_html_recipe_list_result_count_alf_f.mut
LLMR_recipe_list_component_html_recipe_list_result_count_alf_g,recipe_list_component_html,g,LLM_ROLE,HELD,1,recipe_list_component_html__LLMR_recipe_list_component_html_recipe_list_result_count_alf_g.mut
LLMR_recipe_list_component_html_recipe_list_result_count_alf_j,recipe_list_component_html,j,LLM_ROLE,HELD,1,recipe_list_component_html__LLMR_recipe_list_component_html_recipe_list_result_count_alf_j.mut
LLMR_recipe_list_component_html_recipe_list_result_count_alf_k,recipe_list_component_html,k,LLM_ROLE,HELD,1,recipe_list_component_html__LLMR_recipe_list_component_html_recipe_list_result_count_alf_k.mut
LLMR_recipe_list_component_html_recipe_list_result_count_bet_a,recipe_list_component_html,a,LLM_ROLE,HELD,1,recipe_list_component_html__LLMR_recipe_list_component_html_recipe_list_result_count_bet_a.mut
LLMR_recipe_list_component_html_recipe_list_result_count_bet_b,recipe_list_component_html,b,LLM_ROLE,HELD,1,recipe_list_component_html__LLMR_recipe_list_component_html_recipe_list_result_count_bet_b.mut
LLMR_recipe_list_component_html_recipe_list_result_count_bet_c,recipe_list_component_html,c,LLM_ROLE,HELD,1,recipe_list_component_html__LLMR_recipe_list_component_html_recipe_list_result_count_bet_c.mut
LLMR_recipe_list_component_html_recipe_list_result_count_bet_f,recipe_list_component_html,f,LLM_ROLE,HELD,1,recipe_list_component_html__LLMR_recipe_list_component_html_recipe_list_result_count_bet_f.mut
LLMR_recipe_list_component_html_recipe_list_result_count_bet_g,recipe_list_component_html,g,LLM_ROLE,HELD,1,recipe_list_component_html__LLMR_recipe_list_component_html_recipe_list_result_count_bet_g.mut
LLMR_recipe_list_component_html_recipe_list_result_count_bet_i,recipe_list_component_html,i,LLM_ROLE,HELD,1,recipe_list_component_html__LLMR_recipe_list_component_html_recipe_list_result_count_bet_i.mut
LLMR_recipe_list_component_html_recipe_list_result_count_bet_j,recipe_list_component_html,j,LLM_ROLE,HELD,1,recipe_list_component_html__LLMR_recipe_list_component_html_recipe_list_result_count_bet_j.mut
LLMR_recipe_list_component_html_recipe_list_result_count_bet_k,recipe_list_component_html,k,LLM_ROLE,HELD,1,recipe_list_component_html__LLMR_recipe_list_component_html_recipe_list_result_count_bet_k.mut
LLMR_recipe_list_component_html_recipe_list_result_count_del_a,recipe_list_component_html,a,LLM_ROLE,HELD,1,recipe_list_component_html__LLMR_recipe_list_component_html_recipe_list_result_count_del_a.mut
LLMR_recipe_list_component_html_recipe_list_result_count_del_b,recipe_list_component_html,b,LLM_ROLE,HELD,1,recipe_list_component_html__LLMR_recipe_list_component_html_recipe_list_result_count_del_b.mut
LLMR_recipe_list_component_html_recipe_list_result_count_del_c,recipe_list_component_html,c,LLM_ROLE,HELD,1,recipe_list_component_html__LLMR_recipe_list_component_html_recipe_list_result_count_del_c.mut
LLMR_recipe_list_component_html_recipe_list_result_count_del_d,recipe_list_component_html,d,LLM_ROLE,HELD,1,recipe_list_component_html__LLMR_recipe_list_component_html_recipe_list_result_count_del_d.mut
LLMR_recipe_list_component_html_recipe_list_result_count_del_e,recipe_list_component_html,e,LLM_ROLE,HELD,1,recipe_list_component_html__LLMR_recipe_list_component_html_recipe_list_result_count_del_e.mut
LLMR_recipe_list_component_html_recipe_list_result_count_del_f,recipe_list_component_html,f,LLM_ROLE,HELD,1,recipe_list_component_html__LLMR_recipe_list_component_html_recipe_list_result_count_del_f.mut
LLMR_recipe_list_component_html_recipe_list_result_count_del_g,recipe_list_component_html,g,LLM_ROLE,HELD,1,recipe_list_component_html__LLMR_recipe_list_component_html_recipe_list_result_count_del_g.mut
LLMR_recipe_list_component_html_recipe_list_result_count_del_i,recipe_list_component_html,i,LLM_ROLE,HELD,1,recipe_list_component_html__LLMR_recipe_list_component_html_recipe_list_result_count_del_i.mut
LLMR_recipe_list_component_html_recipe_list_result_count_del_j,recipe_list_component_html,j,LLM_ROLE,HELD,1,recipe_list_component_html__LLMR_recipe_list_component_html_recipe_list_result_count_del_j.mut
LLMR_recipe_list_component_html_recipe_list_result_count_del_k,recipe_list_component_html,k,LLM_ROLE,HELD,1,recipe_list_component_html__LLMR_recipe_list_component_html_recipe_list_result_count_del_k.mut
LLMR_recipe_list_component_html_recipe_list_result_count_gam_a,recipe_list_component_html,a,LLM_ROLE,HELD,1,recipe_list_component_html__LLMR_recipe_list_component_html_recipe_list_result_count_gam_a.mut
LLMR_recipe_list_component_html_recipe_list_result_count_gam_b,recipe_list_component_html,b,LLM_ROLE,HELD,1,recipe_list_component_html__LLMR_recipe_list_component_html_recipe_list_result_count_gam_b.mut
LLMR_recipe_list_component_html_recipe_list_result_count_gam_c,recipe_list_component_html,c,LLM_ROLE,HELD,1,recipe_list_component_html__LLMR_recipe_list_component_html_recipe_list_result_count_gam_c.mut
LLMR_recipe_list_component_html_recipe_list_result_count_gam_f,recipe_list_component_html,f,LLM_ROLE,HELD,1,recipe_list_component_html__LLMR_recipe_list_component_html_recipe_list_result_count_gam_f.mut
LLMR_recipe_list_component_html_recipe_list_result_count_gam_i,recipe_list_component_html,i,LLM_ROLE,HELD,1,recipe_list_component_html__LLMR_recipe_list_component_html_recipe_list_result_count_gam_i.mut
LLMR_recipe_list_component_html_recipe_list_result_count_gam_j,recipe_list_component_html,j,LLM_ROLE,HELD,1,recipe_list_component_html__LLMR_recipe_list_component_html_recipe_list_result_count_gam_j.mut
LLMR_recipe_list_component_html_recipe_list_result_count_gam_k,recipe_list_component_html,k,LLM_ROLE,HELD,1,recipe_list_component_html__LLMR_recipe_list_component_html_recipe_list_result_count_gam_k.mut
LLMR_recipe_list_component_html_recipe_list_search_alf_a,recipe_list_component_html,a,LLM_ROLE,HELD,1,recipe_list_component_html__LLMR_recipe_list_component_html_recipe_list_search_alf_a.mut
LLMR_recipe_list_component_html_recipe_list_search_alf_b,recipe_list_component_html,b,LLM_ROLE,HELD,1,recipe_list_component_html__LLMR_recipe_list_component_html_recipe_list_search_alf_b.mut
LLMR_recipe_list_component_html_recipe_list_search_alf_c,recipe_list_component_html,c,LLM_ROLE,HELD,1,recipe_list_component_html__LLMR_recipe_list_component_html_recipe_list_search_alf_c.mut
LLMR_recipe_list_component_html_recipe_list_search_alf_f,recipe_list_component_html,f,LLM_ROLE,HELD,1,recipe_list_component_html__LLMR_recipe_list_component_html_recipe_list_search_alf_f.mut
LLMR_recipe_list_component_html_recipe_list_search_alf_g,recipe_list_component_html,g,LLM_ROLE,HELD,1,recipe_list_component_html__LLMR_recipe_list_component_html_recipe_list_search_alf_g.mut
LLMR_recipe_list_component_html_recipe_list_search_alf_j,recipe_list_component_html,j,LLM_ROLE,HELD,1,recipe_list_component_html__LLMR_recipe_list_component_html_recipe_list_search_alf_j.mut
LLMR_recipe_list_component_html_recipe_list_search_alf_k,recipe_list_component_html,k,LLM_ROLE,HELD,1,recipe_list_component_html__LLMR_recipe_list_component_html_recipe_list_search_alf_k.mut
LLMR_recipe_list_component_html_recipe_list_search_bet_a,recipe_list_component_html,a,LLM_ROLE,HELD,1,recipe_list_component_html__LLMR_recipe_list_component_html_recipe_list_search_bet_a.mut
LLMR_recipe_list_component_html_recipe_list_search_bet_b,recipe_list_component_html,b,LLM_ROLE,HELD,1,recipe_list_component_html__LLMR_recipe_list_component_html_recipe_list_search_bet_b.mut
LLMR_recipe_list_component_html_recipe_list_search_bet_c,recipe_list_component_html,c,LLM_ROLE,HELD,1,recipe_list_component_html__LLMR_recipe_list_component_html_recipe_list_search_bet_c.mut
LLMR_recipe_list_component_html_recipe_list_search_bet_g,recipe_list_component_html,g,LLM_ROLE,HELD,1,recipe_list_component_html__LLMR_recipe_list_component_html_recipe_list_search_bet_g.mut
LLMR_recipe_list_component_html_recipe_list_search_bet_i,recipe_list_component_html,i,LLM_ROLE,HELD,1,recipe_list_component_html__LLMR_recipe_list_component_html_recipe_list_search_bet_i.mut
LLMR_recipe_list_component_html_recipe_list_search_bet_j,recipe_list_component_html,j,LLM_ROLE,HELD,1,recipe_list_component_html__LLMR_recipe_list_component_html_recipe_list_search_bet_j.mut
LLMR_recipe_list_component_html_recipe_list_search_bet_k,recipe_list_component_html,k,LLM_ROLE,HELD,1,recipe_list_component_html__LLMR_recipe_list_component_html_recipe_list_search_bet_k.mut
LLMR_recipe_list_component_html_recipe_list_search_del_a,recipe_list_component_html,a,LLM_ROLE,HELD,1,recipe_list_component_html__LLMR_recipe_list_component_html_recipe_list_search_del_a.mut
LLMR_recipe_list_component_html_recipe_list_search_del_b,recipe_list_component_html,b,LLM_ROLE,HELD,1,recipe_list_component_html__LLMR_recipe_list_component_html_recipe_list_search_del_b.mut
LLMR_recipe_list_component_html_recipe_list_search_del_c,recipe_list_component_html,c,LLM_ROLE,HELD,1,recipe_list_component_html__LLMR_recipe_list_component_html_recipe_list_search_del_c.mut
LLMR_recipe_list_component_html_recipe_list_search_del_d,recipe_list_component_html,d,LLM_ROLE,HELD,1,recipe_list_component_html__LLMR_recipe_list_component_html_recipe_list_search_del_d.mut
LLMR_recipe_list_component_html_recipe_list_search_del_e,recipe_list_component_html,e,LLM_ROLE,HELD,1,recipe_list_component_html__LLMR_recipe_list_component_html_recipe_list_search_del_e.mut
LLMR_recipe_list_component_html_recipe_list_search_del_f,recipe_list_component_html,f,LLM_ROLE,HELD,1,recipe_list_component_html__LLMR_recipe_list_component_html_recipe_list_search_del_f.mut
LLMR_recipe_list_component_html_recipe_list_search_del_g,recipe_list_component_html,g,LLM_ROLE,HELD,1,recipe_list_component_html__LLMR_recipe_list_component_html_recipe_list_search_del_g.mut
LLMR_recipe_list_component_html_recipe_list_search_del_i,recipe_list_component_html,i,LLM_ROLE,HELD,1,recipe_list_component_html__LLMR_recipe_list_component_html_recipe_list_search_del_i.mut
LLMR_recipe_list_component_html_recipe_list_search_del_j,recipe_list_component_html,j,LLM_ROLE,HELD,1,recipe_list_component_html__LLMR_recipe_list_component_html_recipe_list_search_del_j.mut
LLMR_recipe_list_component_html_recipe_list_search_del_k,recipe_list_component_html,k,LLM_ROLE,HELD,1,recipe_list_component_html__LLMR_recipe_list_component_html_recipe_list_search_del_k.mut
LLMR_recipe_list_component_html_recipe_list_search_gam_a,recipe_list_component_html,a,LLM_ROLE,HELD,1,recipe_list_component_html__LLMR_recipe_list_component_html_recipe_list_search_gam_a.mut
LLMR_recipe_list_component_html_recipe_list_search_gam_b,recipe_list_component_html,b,LLM_ROLE,HELD,1,recipe_list_component_html__LLMR_recipe_list_component_html_recipe_list_search_gam_b.mut
LLMR_recipe_list_component_html_recipe_list_search_gam_c,recipe_list_component_html,c,LLM_ROLE,HELD,1,recipe_list_component_html__LLMR_recipe_list_component_html_recipe_list_search_gam_c.mut
LLMR_recipe_list_component_html_recipe_list_search_gam_f,recipe_list_component_html,f,LLM_ROLE,HELD,1,recipe_list_component_html__LLMR_recipe_list_component_html_recipe_list_search_gam_f.mut
LLMR_recipe_list_component_html_recipe_list_search_gam_g,recipe_list_component_html,g,LLM_ROLE,HELD,1,recipe_list_component_html__LLMR_recipe_list_component_html_recipe_list_search_gam_g.mut
LLMR_recipe_list_component_html_recipe_list_search_gam_i,recipe_list_component_html,i,LLM_ROLE,HELD,1,recipe_list_component_html__LLMR_recipe_list_component_html_recipe_list_search_gam_i.mut
LLMR_recipe_list_component_html_recipe_list_search_gam_j,recipe_list_component_html,j,LLM_ROLE,HELD,1,recipe_list_component_html__LLMR_recipe_list_component_html_recipe_list_search_gam_j.mut
LLMR_recipe_list_component_html_recipe_list_search_gam_k,recipe_list_component_html,k,LLM_ROLE,HELD,1,recipe_list_component_html__LLMR_recipe_list_component_html_recipe_list_search_gam_k.mut
LLMR_recipe_list_component_html_recipe_list_sort_alf_a,recipe_list_component_html,a,LLM_ROLE,HELD,1,recipe_list_component_html__LLMR_recipe_list_component_html_recipe_list_sort_alf_a.mut
LLMR_recipe_list_component_html_recipe_list_sort_alf_b,recipe_list_component_html,b,LLM_ROLE,HELD,1,recipe_list_component_html__LLMR_recipe_list_component_html_recipe_list_sort_alf_b.mut
LLMR_recipe_list_component_html_recipe_list_sort_alf_c,recipe_list_component_html,c,LLM_ROLE,HELD,1,recipe_list_component_html__LLMR_recipe_list_component_html_recipe_list_sort_alf_c.mut
LLMR_recipe_list_component_html_recipe_list_sort_alf_f,recipe_list_component_html,f,LLM_ROLE,HELD,1,recipe_list_component_html__LLMR_recipe_list_component_html_recipe_list_sort_alf_f.mut
LLMR_recipe_list_component_html_recipe_list_sort_alf_g,recipe_list_component_html,g,LLM_ROLE,HELD,1,recipe_list_component_html__LLMR_recipe_list_component_html_recipe_list_sort_alf_g.mut
LLMR_recipe_list_component_html_recipe_list_sort_alf_j,recipe_list_component_html,j,LLM_ROLE,HELD,1,recipe_list_component_html__LLMR_recipe_list_component_html_recipe_list_sort_alf_j.mut
LLMR_recipe_list_component_html_recipe_list_sort_alf_k,recipe_list_component_html,k,LLM_ROLE,HELD,1,recipe_list_component_html__LLMR_recipe_list_component_html_recipe_list_sort_alf_k.mut
LLMR_recipe_list_component_html_recipe_list_sort_bet_a,recipe_list_component_html,a,LLM_ROLE,HELD,1,recipe_list_component_html__LLMR_recipe_list_component_html_recipe_list_sort_bet_a.mut
LLMR_recipe_list_component_html_recipe_list_sort_bet_b,recipe_list_component_html,b,LLM_ROLE,HELD,1,recipe_list_component_html__LLMR_recipe_list_component_html_recipe_list_sort_bet_b.mut
LLMR_recipe_list_component_html_recipe_list_sort_bet_c,recipe_list_component_html,c,LLM_ROLE,HELD,1,recipe_list_component_html__LLMR_recipe_list_component_html_recipe_list_sort_bet_c.mut
LLMR_recipe_list_component_html_recipe_list_sort_bet_g,recipe_list_component_html,g,LLM_ROLE,HELD,1,recipe_list_component_html__LLMR_recipe_list_component_html_recipe_list_sort_bet_g.mut
LLMR_recipe_list_component_html_recipe_list_sort_bet_i,recipe_list_component_html,i,LLM_ROLE,HELD,1,recipe_list_component_html__LLMR_recipe_list_component_html_recipe_list_sort_bet_i.mut
LLMR_recipe_list_component_html_recipe_list_sort_bet_j,recipe_list_component_html,j,LLM_ROLE,HELD,1,recipe_list_component_html__LLMR_recipe_list_component_html_recipe_list_sort_bet_j.mut
LLMR_recipe_list_component_html_recipe_list_sort_bet_k,recipe_list_component_html,k,LLM_ROLE,HELD,1,recipe_list_component_html__LLMR_recipe_list_component_html_recipe_list_sort_bet_k.mut
LLMR_recipe_list_component_html_recipe_list_sort_del_a,recipe_list_component_html,a,LLM_ROLE,HELD,1,recipe_list_component_html__LLMR_recipe_list_component_html_recipe_list_sort_del_a.mut
LLMR_recipe_list_component_html_recipe_list_sort_del_b,recipe_list_component_html,b,LLM_ROLE,HELD,1,recipe_list_component_html__LLMR_recipe_list_component_html_recipe_list_sort_del_b.mut
LLMR_recipe_list_component_html_recipe_list_sort_del_c,recipe_list_component_html,c,LLM_ROLE,HELD,1,recipe_list_component_html__LLMR_recipe_list_component_html_recipe_list_sort_del_c.mut
LLMR_recipe_list_component_html_recipe_list_sort_del_d,recipe_list_component_html,d,LLM_ROLE,HELD,1,recipe_list_component_html__LLMR_recipe_list_component_html_recipe_list_sort_del_d.mut
LLMR_recipe_list_component_html_recipe_list_sort_del_e,recipe_list_component_html,e,LLM_ROLE,HELD,1,recipe_list_component_html__LLMR_recipe_list_component_html_recipe_list_sort_del_e.mut
LLMR_recipe_list_component_html_recipe_list_sort_del_f,recipe_list_component_html,f,LLM_ROLE,HELD,1,recipe_list_component_html__LLMR_recipe_list_component_html_recipe_list_sort_del_f.mut
LLMR_recipe_list_component_html_recipe_list_sort_del_g,recipe_list_component_html,g,LLM_ROLE,HELD,1,recipe_list_component_html__LLMR_recipe_list_component_html_recipe_list_sort_del_g.mut
LLMR_recipe_list_component_html_recipe_list_sort_del_i,recipe_list_component_html,i,LLM_ROLE,HELD,1,recipe_list_component_html__LLMR_recipe_list_component_html_recipe_list_sort_del_i.mut
LLMR_recipe_list_component_html_recipe_list_sort_del_j,recipe_list_component_html,j,LLM_ROLE,HELD,1,recipe_list_component_html__LLMR_recipe_list_component_html_recipe_list_sort_del_j.mut
LLMR_recipe_list_component_html_recipe_list_sort_del_k,recipe_list_component_html,k,LLM_ROLE,HELD,1,recipe_list_component_html__LLMR_recipe_list_component_html_recipe_list_sort_del_k.mut
LLMR_recipe_list_component_html_recipe_list_sort_gam_a,recipe_list_component_html,a,LLM_ROLE,HELD,1,recipe_list_component_html__LLMR_recipe_list_component_html_recipe_list_sort_gam_a.mut
LLMR_recipe_list_component_html_recipe_list_sort_gam_b,recipe_list_component_html,b,LLM_ROLE,HELD,1,recipe_list_component_html__LLMR_recipe_list_component_html_recipe_list_sort_gam_b.mut
LLMR_recipe_list_component_html_recipe_list_sort_gam_c,recipe_list_component_html,c,LLM_ROLE,HELD,1,recipe_list_component_html__LLMR_recipe_list_component_html_recipe_list_sort_gam_c.mut
LLMR_recipe_list_component_html_recipe_list_sort_gam_f,recipe_list_component_html,f,LLM_ROLE,HELD,1,recipe_list_component_html__LLMR_recipe_list_component_html_recipe_list_sort_gam_f.mut
LLMR_recipe_list_component_html_recipe_list_sort_gam_g,recipe_list_component_html,g,LLM_ROLE,HELD,1,recipe_list_component_html__LLMR_recipe_list_component_html_recipe_list_sort_gam_g.mut
LLMR_recipe_list_component_html_recipe_list_sort_gam_i,recipe_list_component_html,i,LLM_ROLE,HELD,1,recipe_list_component_html__LLMR_recipe_list_component_html_recipe_list_sort_gam_i.mut
LLMR_recipe_list_component_html_recipe_list_sort_gam_j,recipe_list_component_html,j,LLM_ROLE,HELD,1,recipe_list_component_html__LLMR_recipe_list_component_html_recipe_list_sort_gam_j.mut
LLMR_recipe_list_component_html_recipe_list_sort_gam_k,recipe_list_component_html,k,LLM_ROLE,HELD,1,recipe_list_component_html__LLMR_recipe_list_component_html_recipe_list_sort_gam_k.mut
LLMR_recipe_list_component_html_recipe_list_veg_only_alf_a,recipe_list_component_html,a,LLM_ROLE,HELD,1,recipe_list_component_html__LLMR_recipe_list_component_html_recipe_list_veg_only_alf_a.mut
LLMR_recipe_list_component_html_recipe_list_veg_only_alf_b,recipe_list_component_html,b,LLM_ROLE,HELD,1,recipe_list_component_html__LLMR_recipe_list_component_html_recipe_list_veg_only_alf_b.mut
LLMR_recipe_list_component_html_recipe_list_veg_only_alf_c,recipe_list_component_html,c,LLM_ROLE,HELD,1,recipe_list_component_html__LLMR_recipe_list_component_html_recipe_list_veg_only_alf_c.mut
LLMR_recipe_list_component_html_recipe_list_veg_only_alf_f,recipe_list_component_html,f,LLM_ROLE,HELD,1,recipe_list_component_html__LLMR_recipe_list_component_html_recipe_list_veg_only_alf_f.mut
LLMR_recipe_list_component_html_recipe_list_veg_only_alf_g,recipe_list_component_html,g,LLM_ROLE,HELD,1,recipe_list_component_html__LLMR_recipe_list_component_html_recipe_list_veg_only_alf_g.mut
LLMR_recipe_list_component_html_recipe_list_veg_only_alf_j,recipe_list_component_html,j,LLM_ROLE,HELD,1,recipe_list_component_html__LLMR_recipe_list_component_html_recipe_list_veg_only_alf_j.mut
LLMR_recipe_list_component_html_recipe_list_veg_only_alf_k,recipe_list_component_html,k,LLM_ROLE,HELD,1,recipe_list_component_html__LLMR_recipe_list_component_html_recipe_list_veg_only_alf_k.mut
LLMR_recipe_list_component_html_recipe_list_veg_only_bet_a,recipe_list_component_html,a,LLM_ROLE,HELD,1,recipe_list_component_html__LLMR_recipe_list_component_html_recipe_list_veg_only_bet_a.mut
LLMR_recipe_list_component_html_recipe_list_veg_only_bet_b,recipe_list_component_html,b,LLM_ROLE,HELD,1,recipe_list_component_html__LLMR_recipe_list_component_html_recipe_list_veg_only_bet_b.mut
LLMR_recipe_list_component_html_recipe_list_veg_only_bet_c,recipe_list_component_html,c,LLM_ROLE,HELD,1,recipe_list_component_html__LLMR_recipe_list_component_html_recipe_list_veg_only_bet_c.mut
LLMR_recipe_list_component_html_recipe_list_veg_only_bet_g,recipe_list_component_html,g,LLM_ROLE,HELD,1,recipe_list_component_html__LLMR_recipe_list_component_html_recipe_list_veg_only_bet_g.mut
LLMR_recipe_list_component_html_recipe_list_veg_only_bet_i,recipe_list_component_html,i,LLM_ROLE,HELD,1,recipe_list_component_html__LLMR_recipe_list_component_html_recipe_list_veg_only_bet_i.mut
LLMR_recipe_list_component_html_recipe_list_veg_only_bet_j,recipe_list_component_html,j,LLM_ROLE,HELD,1,recipe_list_component_html__LLMR_recipe_list_component_html_recipe_list_veg_only_bet_j.mut
LLMR_recipe_list_component_html_recipe_list_veg_only_bet_k,recipe_list_component_html,k,LLM_ROLE,HELD,1,recipe_list_component_html__LLMR_recipe_list_component_html_recipe_list_veg_only_bet_k.mut
LLMR_recipe_list_component_html_recipe_list_veg_only_del_a,recipe_list_component_html,a,LLM_ROLE,HELD,1,recipe_list_component_html__LLMR_recipe_list_component_html_recipe_list_veg_only_del_a.mut
LLMR_recipe_list_component_html_recipe_list_veg_only_del_b,recipe_list_component_html,b,LLM_ROLE,HELD,1,recipe_list_component_html__LLMR_recipe_list_component_html_recipe_list_veg_only_del_b.mut
LLMR_recipe_list_component_html_recipe_list_veg_only_del_c,recipe_list_component_html,c,LLM_ROLE,HELD,1,recipe_list_component_html__LLMR_recipe_list_component_html_recipe_list_veg_only_del_c.mut
LLMR_recipe_list_component_html_recipe_list_veg_only_del_d,recipe_list_component_html,d,LLM_ROLE,HELD,1,recipe_list_component_html__LLMR_recipe_list_component_html_recipe_list_veg_only_del_d.mut
LLMR_recipe_list_component_html_recipe_list_veg_only_del_e,recipe_list_component_html,e,LLM_ROLE,HELD,1,recipe_list_component_html__LLMR_recipe_list_component_html_recipe_list_veg_only_del_e.mut
LLMR_recipe_list_component_html_recipe_list_veg_only_del_f,recipe_list_component_html,f,LLM_ROLE,HELD,1,recipe_list_component_html__LLMR_recipe_list_component_html_recipe_list_veg_only_del_f.mut
LLMR_recipe_list_component_html_recipe_list_veg_only_del_g,recipe_list_component_html,g,LLM_ROLE,HELD,1,recipe_list_component_html__LLMR_recipe_list_component_html_recipe_list_veg_only_del_g.mut
LLMR_recipe_list_component_html_recipe_list_veg_only_del_i,recipe_list_component_html,i,LLM_ROLE,HELD,1,recipe_list_component_html__LLMR_recipe_list_component_html_recipe_list_veg_only_del_i.mut
LLMR_recipe_list_component_html_recipe_list_veg_only_del_j,recipe_list_component_html,j,LLM_ROLE,HELD,1,recipe_list_component_html__LLMR_recipe_list_component_html_recipe_list_veg_only_del_j.mut
LLMR_recipe_list_component_html_recipe_list_veg_only_del_k,recipe_list_component_html,k,LLM_ROLE,HELD,1,recipe_list_component_html__LLMR_recipe_list_component_html_recipe_list_veg_only_del_k.mut
LLMR_recipe_list_component_html_recipe_list_veg_only_gam_a,recipe_list_component_html,a,LLM_ROLE,HELD,1,recipe_list_component_html__LLMR_recipe_list_component_html_recipe_list_veg_only_gam_a.mut
LLMR_recipe_list_component_html_recipe_list_veg_only_gam_b,recipe_list_component_html,b,LLM_ROLE,HELD,1,recipe_list_component_html__LLMR_recipe_list_component_html_recipe_list_veg_only_gam_b.mut
LLMR_recipe_list_component_html_recipe_list_veg_only_gam_c,recipe_list_component_html,c,LLM_ROLE,HELD,1,recipe_list_component_html__LLMR_recipe_list_component_html_recipe_list_veg_only_gam_c.mut
LLMR_recipe_list_component_html_recipe_list_veg_only_gam_f,recipe_list_component_html,f,LLM_ROLE,HELD,1,recipe_list_component_html__LLMR_recipe_list_component_html_recipe_list_veg_only_gam_f.mut
LLMR_recipe_list_component_html_recipe_list_veg_only_gam_g,recipe_list_component_html,g,LLM_ROLE,HELD,1,recipe_list_component_html__LLMR_recipe_list_component_html_recipe_list_veg_only_gam_g.mut
LLMR_recipe_list_component_html_recipe_list_veg_only_gam_i,recipe_list_component_html,i,LLM_ROLE,HELD,1,recipe_list_component_html__LLMR_recipe_list_component_html_recipe_list_veg_only_gam_i.mut
LLMR_recipe_list_component_html_recipe_list_veg_only_gam_j,recipe_list_component_html,j,LLM_ROLE,HELD,1,recipe_list_component_html__LLMR_recipe_list_component_html_recipe_list_veg_only_gam_j.mut
LLMR_recipe_list_component_html_recipe_list_veg_only_gam_k,recipe_list_component_html,k,LLM_ROLE,HELD,1,recipe_list_component_html__LLMR_recipe_list_component_html_recipe_list_veg_only_gam_k.mut
LLMR_h_shopping_list_clear_done_alf,shopping_list_component_html,h,LLM_ROLE,HELD,2,shopping_list_component_html__LLMR_h_shopping_list_clear_done_alf.mut
LLMR_h_shopping_list_clear_done_bet,shopping_list_component_html,h,LLM_ROLE,HELD,2,shopping_list_component_html__LLMR_h_shopping_list_clear_done_bet.mut
LLMR_h_shopping_list_clear_done_del,shopping_list_component_html,h,LLM_ROLE,HELD,2,shopping_list_component_html__LLMR_h_shopping_list_clear_done_del.mut
LLMR_h_shopping_list_clear_done_gam,shopping_list_component_html,h,LLM_ROLE,HELD,2,shopping_list_component_html__LLMR_h_shopping_list_clear_done_gam.mut
LLMR_h_shopping_list_done_count_alf,shopping_list_component_html,h,LLM_ROLE,HELD,2,shopping_list_component_html__LLMR_h_shopping_list_done_count_alf.mut
LLMR_h_shopping_list_done_count_bet,shopping_list_component_html,h,LLM_ROLE,HELD,2,shopping_list_component_html__LLMR_h_shopping_list_done_count_bet.mut
LLMR_h_shopping_list_done_count_del,shopping_list_component_html,h,LLM_ROLE,HELD,2,shopping_list_component_html__LLMR_h_shopping_list_done_count_del.mut
LLMR_h_shopping_list_open_count_alf,shopping_list_component_html,h,LLM_ROLE,HELD,2,shopping_list_component_html__LLMR_h_shopping_list_open_count_alf.mut
LLMR_h_shopping_list_open_count_bet,shopping_list_component_html,h,LLM_ROLE,HELD,2,shopping_list_component_html__LLMR_h_shopping_list_open_count_bet.mut
LLMR_h_shopping_list_open_count_del,shopping_list_component_html,h,LLM_ROLE,HELD,2,shopping_list_component_html__LLMR_h_shopping_list_open_count_del.mut
LLMR_h_shopping_list_open_count_gam,shopping_list_component_html,h,LLM_ROLE,HELD,2,shopping_list_component_html__LLMR_h_shopping_list_open_count_gam.mut
LLMR_h_shopping_list_shop_check_alf,shopping_list_component_html,h,LLM_ROLE,HELD,2,shopping_list_component_html__LLMR_h_shopping_list_shop_check_alf.mut
LLMR_h_shopping_list_shop_check_bet,shopping_list_component_html,h,LLM_ROLE,HELD,2,shopping_list_component_html__LLMR_h_shopping_list_shop_check_bet.mut
LLMR_h_shopping_list_shop_check_del,shopping_list_component_html,h,LLM_ROLE,HELD,2,shopping_list_component_html__LLMR_h_shopping_list_shop_check_del.mut
LLMR_h_shopping_list_shop_check_gam,shopping_list_component_html,h,LLM_ROLE,HELD,2,shopping_list_component_html__LLMR_h_shopping_list_shop_check_gam.mut
LLMR_h_shopping_list_shopping_empty_alf,shopping_list_component_html,h,LLM_ROLE,HELD,2,shopping_list_component_html__LLMR_h_shopping_list_shopping_empty_alf.mut
LLMR_h_shopping_list_shopping_empty_bet,shopping_list_component_html,h,LLM_ROLE,HELD,2,shopping_list_component_html__LLMR_h_shopping_list_shopping_empty_bet.mut
LLMR_h_shopping_list_shopping_empty_del,shopping_list_component_html,h,LLM_ROLE,HELD,2,shopping_list_component_html__LLMR_h_shopping_list_shopping_empty_del.mut
LLMR_h_shopping_list_shopping_empty_gam,shopping_list_component_html,h,LLM_ROLE,HELD,2,shopping_list_component_html__LLMR_h_shopping_list_shopping_empty_gam.mut
LLMR_h_shopping_list_shopping_title_alf,shopping_list_component_html,h,LLM_ROLE,HELD,2,shopping_list_component_html__LLMR_h_shopping_list_shopping_title_alf.mut
LLMR_h_shopping_list_shopping_title_bet,shopping_list_component_html,h,LLM_ROLE,HELD,2,shopping_list_component_html__LLMR_h_shopping_list_shopping_title_bet.mut
LLMR_h_shopping_list_shopping_title_del,shopping_list_component_html,h,LLM_ROLE,HELD,2,shopping_list_component_html__LLMR_h_shopping_list_shopping_title_del.mut
LLMR_h_shopping_list_shopping_title_gam,shopping_list_component_html,h,LLM_ROLE,HELD,2,shopping_list_component_html__LLMR_h_shopping_list_shopping_title_gam.mut
LLMR_shopping_list_component_html_shopping_list_clear_done_alf_a,shopping_list_component_html,a,LLM_ROLE,HELD,1,shopping_list_component_html__LLMR_shopping_list_component_html_shopping_list_clear_done_alf_a.mut
LLMR_shopping_list_component_html_shopping_list_clear_done_alf_b,shopping_list_component_html,b,LLM_ROLE,HELD,1,shopping_list_component_html__LLMR_shopping_list_component_html_shopping_list_clear_done_alf_b.mut
LLMR_shopping_list_component_html_shopping_list_clear_done_alf_c,shopping_list_component_html,c,LLM_ROLE,HELD,1,shopping_list_component_html__LLMR_shopping_list_component_html_shopping_list_clear_done_alf_c.mut
LLMR_shopping_list_component_html_shopping_list_clear_done_alf_d,shopping_list_component_html,d,LLM_ROLE,HELD,1,shopping_list_component_html__LLMR_shopping_list_component_html_shopping_list_clear_done_alf_d.mut
LLMR_shopping_list_component_html_shopping_list_clear_done_alf_e,shopping_list_component_html,e,LLM_ROLE,HELD,1,shopping_list_component_html__LLMR_shopping_list_component_html_shopping_list_clear_done_alf_e.mut
LLMR_shopping_list_component_html_shopping_list_clear_done_alf_f,shopping_list_component_html,f,LLM_ROLE,HELD,1,shopping_list_component_html__LLMR_shopping_list_component_html_shopping_list_clear_done_alf_f.mut
LLMR_shopping_list_component_html_shopping_list_clear_done_alf_g,shopping_list_component_html,g,LLM_ROLE,HELD,1,shopping_list_component_html__LLMR_shopping_list_component_html_shopping_list_clear_done_alf_g.mut
LLMR_shopping_list_component_html_shopping_list_clear_done_alf_j,shopping_list_component_html,j,LLM_ROLE,HELD,1,shopping_list_component_html__LLMR_shopping_list_component_html_shopping_list_clear_done_alf_j.mut
LLMR_shopping_list_component_html_shopping_list_clear_done_alf_k,shopping_list_component_html,k,LLM_ROLE,HELD,1,shopping_list_component_html__LLMR_shopping_list_component_html_shopping_list_clear_done_alf_k.mut
LLMR_shopping_list_component_html_shopping_list_clear_done_bet_a,shopping_list_component_html,a,LLM_ROLE,HELD,1,shopping_list_component_html__LLMR_shopping_list_component_html_shopping_list_clear_done_bet_a.mut
LLMR_shopping_list_component_html_shopping_list_clear_done_bet_b,shopping_list_component_html,b,LLM_ROLE,HELD,1,shopping_list_component_html__LLMR_shopping_list_component_html_shopping_list_clear_done_bet_b.mut
LLMR_shopping_list_component_html_shopping_list_clear_done_bet_c,shopping_list_component_html,c,LLM_ROLE,HELD,1,shopping_list_component_html__LLMR_shopping_list_component_html_shopping_list_clear_done_bet_c.mut
LLMR_shopping_list_component_html_shopping_list_clear_done_bet_g,shopping_list_component_html,g,LLM_ROLE,HELD,1,shopping_list_component_html__LLMR_shopping_list_component_html_shopping_list_clear_done_bet_g.mut
LLMR_shopping_list_component_html_shopping_list_clear_done_bet_i,shopping_list_component_html,i,LLM_ROLE,HELD,1,shopping_list_component_html__LLMR_shopping_list_component_html_shopping_list_clear_done_bet_i.mut
LLMR_shopping_list_component_html_shopping_list_clear_done_bet_j,shopping_list_component_html,j,LLM_ROLE,HELD,1,shopping_list_component_html__LLMR_shopping_list_component_html_shopping_list_clear_done_bet_j.mut
LLMR_shopping_list_component_html_shopping_list_clear_done_bet_k,shopping_list_component_html,k,LLM_ROLE,HELD,1,shopping_list_component_html__LLMR_shopping_list_component_html_shopping_list_clear_done_bet_k.mut
LLMR_shopping_list_component_html_shopping_list_clear_done_del_a,shopping_list_component_html,a,LLM_ROLE,HELD,1,shopping_list_component_html__LLMR_shopping_list_component_html_shopping_list_clear_done_del_a.mut
LLMR_shopping_list_component_html_shopping_list_clear_done_del_b,shopping_list_component_html,b,LLM_ROLE,HELD,1,shopping_list_component_html__LLMR_shopping_list_component_html_shopping_list_clear_done_del_b.mut
LLMR_shopping_list_component_html_shopping_list_clear_done_del_c,shopping_list_component_html,c,LLM_ROLE,HELD,1,shopping_list_component_html__LLMR_shopping_list_component_html_shopping_list_clear_done_del_c.mut
LLMR_shopping_list_component_html_shopping_list_clear_done_del_d,shopping_list_component_html,d,LLM_ROLE,HELD,1,shopping_list_component_html__LLMR_shopping_list_component_html_shopping_list_clear_done_del_d.mut
LLMR_shopping_list_component_html_shopping_list_clear_done_del_e,shopping_list_component_html,e,LLM_ROLE,HELD,1,shopping_list_component_html__LLMR_shopping_list_component_html_shopping_list_clear_done_del_e.mut
LLMR_shopping_list_component_html_shopping_list_clear_done_del_f,shopping_list_component_html,f,LLM_ROLE,HELD,1,shopping_list_component_html__LLMR_shopping_list_component_html_shopping_list_clear_done_del_f.mut
LLMR_shopping_list_component_html_shopping_list_clear_done_del_g,shopping_list_component_html,g,LLM_ROLE,HELD,1,shopping_list_component_html__LLMR_shopping_list_component_html_shopping_list_clear_done_del_g.mut
LLMR_shopping_list_component_html_shopping_list_clear_done_del_i,shopping_list_component_html,i,LLM_ROLE,HELD,1,shopping_list_component_html__LLMR_shopping_list_component_html_shopping_list_clear_done_del_i.mut
LLMR_shopping_list_component_html_shopping_list_clear_done_del_j,shopping_list_component_html,j,LLM_ROLE,HELD,1,shopping_list_component_html__LLMR_shopping_list_component_html_shopping_list_clear_done_del_j.mut
LLMR_shopping_list_component_html_shopping_list_clear_done_del_k,shopping_list_component_html,k,LLM_ROLE,HELD,1,shopping_list_component_html__LLMR_shopping_list_component_html_shopping_list_clear_done_del_k.mut
LLMR_shopping_list_component_html_shopping_list_clear_done_gam_a,shopping_list_component_html,a,LLM_ROLE,HELD,1,shopping_list_component_html__LLMR_shopping_list_component_html_shopping_list_clear_done_gam_a.mut
LLMR_shopping_list_component_html_shopping_list_clear_done_gam_b,shopping_list_component_html,b,LLM_ROLE,HELD,1,shopping_list_component_html__LLMR_shopping_list_component_html_shopping_list_clear_done_gam_b.mut
LLMR_shopping_list_component_html_shopping_list_clear_done_gam_c,shopping_list_component_html,c,LLM_ROLE,HELD,1,shopping_list_component_html__LLMR_shopping_list_component_html_shopping_list_clear_done_gam_c.mut
LLMR_shopping_list_component_html_shopping_list_clear_done_gam_f,shopping_list_component_html,f,LLM_ROLE,HELD,1,shopping_list_component_html__LLMR_shopping_list_component_html_shopping_list_clear_done_gam_f.mut
LLMR_shopping_list_component_html_shopping_list_clear_done_gam_i,shopping_list_component_html,i,LLM_ROLE,HELD,1,shopping_list_component_html__LLMR_shopping_list_component_html_shopping_list_clear_done_gam_i.mut
LLMR_shopping_list_component_html_shopping_list_clear_done_gam_j,shopping_list_component_html,j,LLM_ROLE,HELD,1,shopping_list_component_html__LLMR_shopping_list_component_html_shopping_list_clear_done_gam_j.mut
LLMR_shopping_list_component_html_shopping_list_clear_done_gam_k,shopping_list_component_html,k,LLM_ROLE,HELD,1,shopping_list_component_html__LLMR_shopping_list_component_html_shopping_list_clear_done_gam_k.mut
LLMR_shopping_list_component_html_shopping_list_done_count_alf_a,shopping_list_component_html,a,LLM_ROLE,HELD,1,shopping_list_component_html__LLMR_shopping_list_component_html_shopping_list_done_count_alf_a.mut
LLMR_shopping_list_component_html_shopping_list_done_count_alf_b,shopping_list_component_html,b,LLM_ROLE,HELD,1,shopping_list_component_html__LLMR_shopping_list_component_html_shopping_list_done_count_alf_b.mut
LLMR_shopping_list_component_html_shopping_list_done_count_alf_c,shopping_list_component_html,c,LLM_ROLE,HELD,1,shopping_list_component_html__LLMR_shopping_list_component_html_shopping_list_done_count_alf_c.mut
LLMR_shopping_list_component_html_shopping_list_done_count_alf_d,shopping_list_component_html,d,LLM_ROLE,HELD,1,shopping_list_component_html__LLMR_shopping_list_component_html_shopping_list_done_count_alf_d.mut
LLMR_shopping_list_component_html_shopping_list_done_count_alf_e,shopping_list_component_html,e,LLM_ROLE,HELD,1,shopping_list_component_html__LLMR_shopping_list_component_html_shopping_list_done_count_alf_e.mut
LLMR_shopping_list_component_html_shopping_list_done_count_alf_f,shopping_list_component_html,f,LLM_ROLE,HELD,1,shopping_list_component_html__LLMR_shopping_list_component_html_shopping_list_done_count_alf_f.mut
LLMR_shopping_list_component_html_shopping_list_done_count_alf_g,shopping_list_component_html,g,LLM_ROLE,HELD,1,shopping_list_component_html__LLMR_shopping_list_component_html_shopping_list_done_count_alf_g.mut
LLMR_shopping_list_component_html_shopping_list_done_count_alf_j,shopping_list_component_html,j,LLM_ROLE,HELD,1,shopping_list_component_html__LLMR_shopping_list_component_html_shopping_list_done_count_alf_j.mut
LLMR_shopping_list_component_html_shopping_list_done_count_alf_k,shopping_list_component_html,k,LLM_ROLE,HELD,1,shopping_list_component_html__LLMR_shopping_list_component_html_shopping_list_done_count_alf_k.mut
LLMR_shopping_list_component_html_shopping_list_done_count_bet_a,shopping_list_component_html,a,LLM_ROLE,HELD,1,shopping_list_component_html__LLMR_shopping_list_component_html_shopping_list_done_count_bet_a.mut
LLMR_shopping_list_component_html_shopping_list_done_count_bet_b,shopping_list_component_html,b,LLM_ROLE,HELD,1,shopping_list_component_html__LLMR_shopping_list_component_html_shopping_list_done_count_bet_b.mut
LLMR_shopping_list_component_html_shopping_list_done_count_bet_c,shopping_list_component_html,c,LLM_ROLE,HELD,1,shopping_list_component_html__LLMR_shopping_list_component_html_shopping_list_done_count_bet_c.mut
LLMR_shopping_list_component_html_shopping_list_done_count_bet_f,shopping_list_component_html,f,LLM_ROLE,HELD,1,shopping_list_component_html__LLMR_shopping_list_component_html_shopping_list_done_count_bet_f.mut
LLMR_shopping_list_component_html_shopping_list_done_count_bet_g,shopping_list_component_html,g,LLM_ROLE,HELD,1,shopping_list_component_html__LLMR_shopping_list_component_html_shopping_list_done_count_bet_g.mut
LLMR_shopping_list_component_html_shopping_list_done_count_bet_i,shopping_list_component_html,i,LLM_ROLE,HELD,1,shopping_list_component_html__LLMR_shopping_list_component_html_shopping_list_done_count_bet_i.mut
LLMR_shopping_list_component_html_shopping_list_done_count_bet_j,shopping_list_component_html,j,LLM_ROLE,HELD,1,shopping_list_component_html__LLMR_shopping_list_component_html_shopping_list_done_count_bet_j.mut
LLMR_shopping_list_component_html_shopping_list_done_count_bet_k,shopping_list_component_html,k,LLM_ROLE,HELD,1,shopping_list_component_html__LLMR_shopping_list_component_html_shopping_list_done_count_bet_k.mut
LLMR_shopping_list_component_html_shopping_list_done_count_del_a,shopping_list_component_html,a,LLM_ROLE,HELD,1,shopping_list_component_html__LLMR_shopping_list_component_html_shopping_list_done_count_del_a.mut
LLMR_shopping_list_component_html_shopping_list_done_count_del_b,shopping_list_component_html,b,LLM_ROLE,HELD,1,shopping_list_component_html__LLMR_shopping_list_component_html_shopping_list_done_count_del_b.mut
LLMR_shopping_list_component_html_shopping_list_done_count_del_c,shopping_list_component_html,c,LLM_ROLE,HELD,1,shopping_list_component_html__LLMR_shopping_list_component_html_shopping_list_done_count_del_c.mut
LLMR_shopping_list_component_html_shopping_list_done_count_del_d,shopping_list_component_html,d,LLM_ROLE,HELD,1,shopping_list_component_html__LLMR_shopping_list_component_html_shopping_list_done_count_del_d.mut
LLMR_shopping_list_component_html_shopping_list_done_count_del_e,shopping_list_component_html,e,LLM_ROLE,HELD,1,shopping_list_component_html__LLMR_shopping_list_component_html_shopping_list_done_count_del_e.mut
LLMR_shopping_list_component_html_shopping_list_done_count_del_f,shopping_list_component_html,f,LLM_ROLE,HELD,1,shopping_list_component_html__LLMR_shopping_list_component_html_shopping_list_done_count_del_f.mut
LLMR_shopping_list_component_html_shopping_list_done_count_del_g,shopping_list_component_html,g,LLM_ROLE,HELD,1,shopping_list_component_html__LLMR_shopping_list_component_html_shopping_list_done_count_del_g.mut
LLMR_shopping_list_component_html_shopping_list_done_count_del_i,shopping_list_component_html,i,LLM_ROLE,HELD,1,shopping_list_component_html__LLMR_shopping_list_component_html_shopping_list_done_count_del_i.mut
LLMR_shopping_list_component_html_shopping_list_done_count_del_j,shopping_list_component_html,j,LLM_ROLE,HELD,1,shopping_list_component_html__LLMR_shopping_list_component_html_shopping_list_done_count_del_j.mut
LLMR_shopping_list_component_html_shopping_list_done_count_del_k,shopping_list_component_html,k,LLM_ROLE,HELD,1,shopping_list_component_html__LLMR_shopping_list_component_html_shopping_list_done_count_del_k.mut
LLMR_shopping_list_component_html_shopping_list_done_count_gam_a,shopping_list_component_html,a,LLM_ROLE,HELD,1,shopping_list_component_html__LLMR_shopping_list_component_html_shopping_list_done_count_gam_a.mut
LLMR_shopping_list_component_html_shopping_list_done_count_gam_c,shopping_list_component_html,c,LLM_ROLE,HELD,1,shopping_list_component_html__LLMR_shopping_list_component_html_shopping_list_done_count_gam_c.mut
LLMR_shopping_list_component_html_shopping_list_open_count_alf_a,shopping_list_component_html,a,LLM_ROLE,HELD,1,shopping_list_component_html__LLMR_shopping_list_component_html_shopping_list_open_count_alf_a.mut
LLMR_shopping_list_component_html_shopping_list_open_count_alf_b,shopping_list_component_html,b,LLM_ROLE,HELD,1,shopping_list_component_html__LLMR_shopping_list_component_html_shopping_list_open_count_alf_b.mut
LLMR_shopping_list_component_html_shopping_list_open_count_alf_c,shopping_list_component_html,c,LLM_ROLE,HELD,1,shopping_list_component_html__LLMR_shopping_list_component_html_shopping_list_open_count_alf_c.mut
LLMR_shopping_list_component_html_shopping_list_open_count_alf_d,shopping_list_component_html,d,LLM_ROLE,HELD,1,shopping_list_component_html__LLMR_shopping_list_component_html_shopping_list_open_count_alf_d.mut
LLMR_shopping_list_component_html_shopping_list_open_count_alf_e,shopping_list_component_html,e,LLM_ROLE,HELD,1,shopping_list_component_html__LLMR_shopping_list_component_html_shopping_list_open_count_alf_e.mut
LLMR_shopping_list_component_html_shopping_list_open_count_alf_f,shopping_list_component_html,f,LLM_ROLE,HELD,1,shopping_list_component_html__LLMR_shopping_list_component_html_shopping_list_open_count_alf_f.mut
LLMR_shopping_list_component_html_shopping_list_open_count_alf_g,shopping_list_component_html,g,LLM_ROLE,HELD,1,shopping_list_component_html__LLMR_shopping_list_component_html_shopping_list_open_count_alf_g.mut
LLMR_shopping_list_component_html_shopping_list_open_count_alf_j,shopping_list_component_html,j,LLM_ROLE,HELD,1,shopping_list_component_html__LLMR_shopping_list_component_html_shopping_list_open_count_alf_j.mut
LLMR_shopping_list_component_html_shopping_list_open_count_alf_k,shopping_list_component_html,k,LLM_ROLE,HELD,1,shopping_list_component_html__LLMR_shopping_list_component_html_shopping_list_open_count_alf_k.mut
LLMR_shopping_list_component_html_shopping_list_open_count_bet_a,shopping_list_component_html,a,LLM_ROLE,HELD,1,shopping_list_component_html__LLMR_shopping_list_component_html_shopping_list_open_count_bet_a.mut
LLMR_shopping_list_component_html_shopping_list_open_count_bet_b,shopping_list_component_html,b,LLM_ROLE,HELD,1,shopping_list_component_html__LLMR_shopping_list_component_html_shopping_list_open_count_bet_b.mut
LLMR_shopping_list_component_html_shopping_list_open_count_bet_c,shopping_list_component_html,c,LLM_ROLE,HELD,1,shopping_list_component_html__LLMR_shopping_list_component_html_shopping_list_open_count_bet_c.mut
LLMR_shopping_list_component_html_shopping_list_open_count_bet_f,shopping_list_component_html,f,LLM_ROLE,HELD,1,shopping_list_component_html__LLMR_shopping_list_component_html_shopping_list_open_count_bet_f.mut
LLMR_shopping_list_component_html_shopping_list_open_count_bet_g,shopping_list_component_html,g,LLM_ROLE,HELD,1,shopping_list_component_html__LLMR_shopping_list_component_html_shopping_list_open_count_bet_g.mut
LLMR_shopping_list_component_html_shopping_list_open_count_bet_i,shopping_list_component_html,i,LLM_ROLE,HELD,1,shopping_list_component_html__LLMR_shopping_list_component_html_shopping_list_open_count_bet_i.mut
LLMR_shopping_list_component_html_shopping_list_open_count_bet_j,shopping_list_component_html,j,LLM_ROLE,HELD,1,shopping_list_component_html__LLMR_shopping_list_component_html_shopping_list_open_count_bet_j.mut
LLMR_shopping_list_component_html_shopping_list_open_count_bet_k,shopping_list_component_html,k,LLM_ROLE,HELD,1,shopping_list_component_html__LLMR_shopping_list_component_html_shopping_list_open_count_bet_k.mut
LLMR_shopping_list_component_html_shopping_list_open_count_del_a,shopping_list_component_html,a,LLM_ROLE,HELD,1,shopping_list_component_html__LLMR_shopping_list_component_html_shopping_list_open_count_del_a.mut
LLMR_shopping_list_component_html_shopping_list_open_count_del_b,shopping_list_component_html,b,LLM_ROLE,HELD,1,shopping_list_component_html__LLMR_shopping_list_component_html_shopping_list_open_count_del_b.mut
LLMR_shopping_list_component_html_shopping_list_open_count_del_c,shopping_list_component_html,c,LLM_ROLE,HELD,1,shopping_list_component_html__LLMR_shopping_list_component_html_shopping_list_open_count_del_c.mut
LLMR_shopping_list_component_html_shopping_list_open_count_del_d,shopping_list_component_html,d,LLM_ROLE,HELD,1,shopping_list_component_html__LLMR_shopping_list_component_html_shopping_list_open_count_del_d.mut
LLMR_shopping_list_component_html_shopping_list_open_count_del_e,shopping_list_component_html,e,LLM_ROLE,HELD,1,shopping_list_component_html__LLMR_shopping_list_component_html_shopping_list_open_count_del_e.mut
LLMR_shopping_list_component_html_shopping_list_open_count_del_f,shopping_list_component_html,f,LLM_ROLE,HELD,1,shopping_list_component_html__LLMR_shopping_list_component_html_shopping_list_open_count_del_f.mut
LLMR_shopping_list_component_html_shopping_list_open_count_del_g,shopping_list_component_html,g,LLM_ROLE,HELD,1,shopping_list_component_html__LLMR_shopping_list_component_html_shopping_list_open_count_del_g.mut
LLMR_shopping_list_component_html_shopping_list_open_count_del_i,shopping_list_component_html,i,LLM_ROLE,HELD,1,shopping_list_component_html__LLMR_shopping_list_component_html_shopping_list_open_count_del_i.mut
LLMR_shopping_list_component_html_shopping_list_open_count_del_j,shopping_list_component_html,j,LLM_ROLE,HELD,1,shopping_list_component_html__LLMR_shopping_list_component_html_shopping_list_open_count_del_j.mut
LLMR_shopping_list_component_html_shopping_list_open_count_del_k,shopping_list_component_html,k,LLM_ROLE,HELD,1,shopping_list_component_html__LLMR_shopping_list_component_html_shopping_list_open_count_del_k.mut
LLMR_shopping_list_component_html_shopping_list_open_count_gam_a,shopping_list_component_html,a,LLM_ROLE,HELD,1,shopping_list_component_html__LLMR_shopping_list_component_html_shopping_list_open_count_gam_a.mut
LLMR_shopping_list_component_html_shopping_list_open_count_gam_b,shopping_list_component_html,b,LLM_ROLE,HELD,1,shopping_list_component_html__LLMR_shopping_list_component_html_shopping_list_open_count_gam_b.mut
LLMR_shopping_list_component_html_shopping_list_open_count_gam_c,shopping_list_component_html,c,LLM_ROLE,HELD,1,shopping_list_component_html__LLMR_shopping_list_component_html_shopping_list_open_count_gam_c.mut
LLMR_shopping_list_component_html_shopping_list_open_count_gam_f,shopping_list_component_html,f,LLM_ROLE,HELD,1,shopping_list_component_html__LLMR_shopping_list_component_html_shopping_list_open_count_gam_f.mut
LLMR_shopping_list_component_html_shopping_list_open_count_gam_i,shopping_list_component_html,i,LLM_ROLE,HELD,1,shopping_list_component_html__LLMR_shopping_list_component_html_shopping_list_open_count_gam_i.mut
LLMR_shopping_list_component_html_shopping_list_open_count_gam_j,shopping_list_component_html,j,LLM_ROLE,HELD,1,shopping_list_component_html__LLMR_shopping_list_component_html_shopping_list_open_count_gam_j.mut
LLMR_shopping_list_component_html_shopping_list_open_count_gam_k,shopping_list_component_html,k,LLM_ROLE,HELD,1,shopping_list_component_html__LLMR_shopping_list_component_html_shopping_list_open_count_gam_k.mut
LLMR_shopping_list_component_html_shopping_list_shop_check_alf_a,shopping_list_component_html,a,LLM_ROLE,HELD,1,shopping_list_component_html__LLMR_shopping_list_component_html_shopping_list_shop_check_alf_a.mut
LLMR_shopping_list_component_html_shopping_list_shop_check_alf_b,shopping_list_component_html,b,LLM_ROLE,HELD,1,shopping_list_component_html__LLMR_shopping_list_component_html_shopping_list_shop_check_alf_b.mut
LLMR_shopping_list_component_html_shopping_list_shop_check_alf_c,shopping_list_component_html,c,LLM_ROLE,HELD,1,shopping_list_component_html__LLMR_shopping_list_component_html_shopping_list_shop_check_alf_c.mut
LLMR_shopping_list_component_html_shopping_list_shop_check_alf_f,shopping_list_component_html,f,LLM_ROLE,HELD,1,shopping_list_component_html__LLMR_shopping_list_component_html_shopping_list_shop_check_alf_f.mut
LLMR_shopping_list_component_html_shopping_list_shop_check_alf_g,shopping_list_component_html,g,LLM_ROLE,HELD,1,shopping_list_component_html__LLMR_shopping_list_component_html_shopping_list_shop_check_alf_g.mut
LLMR_shopping_list_component_html_shopping_list_shop_check_alf_j,shopping_list_component_html,j,LLM_ROLE,HELD,1,shopping_list_component_html__LLMR_shopping_list_component_html_shopping_list_shop_check_alf_j.mut
LLMR_shopping_list_component_html_shopping_list_shop_check_alf_k,shopping_list_component_html,k,LLM_ROLE,HELD,1,shopping_list_component_html__LLMR_shopping_list_component_html_shopping_list_shop_check_alf_k.mut
LLMR_shopping_list_component_html_shopping_list_shop_check_bet_a,shopping_list_component_html,a,LLM_ROLE,HELD,1,shopping_list_component_html__LLMR_shopping_list_component_html_shopping_list_shop_check_bet_a.mut
LLMR_shopping_list_component_html_shopping_list_shop_check_bet_b,shopping_list_component_html,b,LLM_ROLE,HELD,1,shopping_list_component_html__LLMR_shopping_list_component_html_shopping_list_shop_check_bet_b.mut
LLMR_shopping_list_component_html_shopping_list_shop_check_bet_c,shopping_list_component_html,c,LLM_ROLE,HELD,1,shopping_list_component_html__LLMR_shopping_list_component_html_shopping_list_shop_check_bet_c.mut
LLMR_shopping_list_component_html_shopping_list_shop_check_bet_g,shopping_list_component_html,g,LLM_ROLE,HELD,1,shopping_list_component_html__LLMR_shopping_list_component_html_shopping_list_shop_check_bet_g.mut
LLMR_shopping_list_component_html_shopping_list_shop_check_bet_i,shopping_list_component_html,i,LLM_ROLE,HELD,1,shopping_list_component_html__LLMR_shopping_list_component_html_shopping_list_shop_check_bet_i.mut
LLMR_shopping_list_component_html_shopping_list_shop_check_bet_j,shopping_list_component_html,j,LLM_ROLE,HELD,1,shopping_list_component_html__LLMR_shopping_list_component_html_shopping_list_shop_check_bet_j.mut
LLMR_shopping_list_component_html_shopping_list_shop_check_bet_k,shopping_list_component_html,k,LLM_ROLE,HELD,1,shopping_list_component_html__LLMR_shopping_list_component_html_shopping_list_shop_check_bet_k.mut
LLMR_shopping_list_component_html_shopping_list_shop_check_del_a,shopping_list_component_html,a,LLM_ROLE,HELD,1,shopping_list_component_html__LLMR_shopping_list_component_html_shopping_list_shop_check_del_a.mut
LLMR_shopping_list_component_html_shopping_list_shop_check_del_b,shopping_list_component_html,b,LLM_ROLE,HELD,1,shopping_list_component_html__LLMR_shopping_list_component_html_shopping_list_shop_check_del_b.mut
LLMR_shopping_list_component_html_shopping_list_shop_check_del_c,shopping_list_component_html,c,LLM_ROLE,HELD,1,shopping_list_component_html__LLMR_shopping_list_component_html_shopping_list_shop_check_del_c.mut
LLMR_shopping_list_component_html_shopping_list_shop_check_del_d,shopping_list_component_html,d,LLM_ROLE,HELD,1,shopping_list_component_html__LLMR_shopping_list_component_html_shopping_list_shop_check_del_d.mut
LLMR_shopping_list_component_html_shopping_list_shop_check_del_e,shopping_list_component_html,e,LLM_ROLE,HELD,1,shopping_list_component_html__LLMR_shopping_list_component_html_shopping_list_shop_check_del_e.mut
LLMR_shopping_list_component_html_shopping_list_shop_check_del_f,shopping_list_component_html,f,LLM_ROLE,HELD,1,shopping_list_component_html__LLMR_shopping_list_component_html_shopping_list_shop_check_del_f.mut
LLMR_shopping_list_component_html_shopping_list_shop_check_del_g,shopping_list_component_html,g,LLM_ROLE,HELD,1,shopping_list_component_html__LLMR_shopping_list_component_html_shopping_list_shop_check_del_g.mut
LLMR_shopping_list_component_html_shopping_list_shop_check_del_i,shopping_list_component_html,i,LLM_ROLE,HELD,1,shopping_list_component_html__LLMR_shopping_list_component_html_shopping_list_shop_check_del_i.mut
LLMR_shopping_list_component_html_shopping_list_shop_check_del_j,shopping_list_component_html,j,LLM_ROLE,HELD,1,shopping_list_component_html__LLMR_shopping_list_component_html_shopping_list_shop_check_del_j.mut
LLMR_shopping_list_component_html_shopping_list_shop_check_del_k,shopping_list_component_html,k,LLM_ROLE,HELD,1,shopping_list_component_html__LLMR_shopping_list_component_html_shopping_list_shop_check_del_k.mut
LLMR_shopping_list_component_html_shopping_list_shop_check_gam_a,shopping_list_component_html,a,LLM_ROLE,HELD,1,shopping_list_component_html__LLMR_shopping_list_component_html_shopping_list_shop_check_gam_a.mut
LLMR_shopping_list_component_html_shopping_list_shop_check_gam_b,shopping_list_component_html,b,LLM_ROLE,HELD,1,shopping_list_component_html__LLMR_shopping_list_component_html_shopping_list_shop_check_gam_b.mut
LLMR_shopping_list_component_html_shopping_list_shop_check_gam_c,shopping_list_component_html,c,LLM_ROLE,HELD,1,shopping_list_component_html__LLMR_shopping_list_component_html_shopping_list_shop_check_gam_c.mut
LLMR_shopping_list_component_html_shopping_list_shop_check_gam_g,shopping_list_component_html,g,LLM_ROLE,HELD,1,shopping_list_component_html__LLMR_shopping_list_component_html_shopping_list_shop_check_gam_g.mut
LLMR_shopping_list_component_html_shopping_list_shop_check_gam_i,shopping_list_component_html,i,LLM_ROLE,HELD,1,shopping_list_component_html__LLMR_shopping_list_component_html_shopping_list_shop_check_gam_i.mut
LLMR_shopping_list_component_html_shopping_list_shop_check_gam_j,shopping_list_component_html,j,LLM_ROLE,HELD,1,shopping_list_component_html__LLMR_shopping_list_component_html_shopping_list_shop_check_gam_j.mut
LLMR_shopping_list_component_html_shopping_list_shop_check_gam_k,shopping_list_component_html,k,LLM_ROLE,HELD,1,shopping_list_component_html__LLMR_shopping_list_component_html_shopping_list_shop_check_gam_k.mut
LLMR_shopping_list_component_html_shopping_list_shopping_empty_alf_a,shopping_list_component_html,a,LLM_ROLE,HELD,1,shopping_list_component_html__LLMR_shopping_list_component_html_shopping_list_shopping_empty_alf_a.mut
LLMR_shopping_list_component_html_shopping_list_shopping_empty_alf_b,shopping_list_component_html,b,LLM_ROLE,HELD,1,shopping_list_component_html__LLMR_shopping_list_component_html_shopping_list_shopping_empty_alf_b.mut
LLMR_shopping_list_component_html_shopping_list_shopping_empty_alf_c,shopping_list_component_html,c,LLM_ROLE,HELD,1,shopping_list_component_html__LLMR_shopping_list_component_html_shopping_list_shopping_empty_alf_c.mut
LLMR_shopping_list_component_html_shopping_list_shopping_empty_alf_d,shopping_list_component_html,d,LLM_ROLE,HELD,1,shopping_list_component_html__LLMR_shopping_list_component_html_shopping_list_shopping_empty_alf_d.mut
LLMR_shopping_list_component_html_shopping_list_shopping_empty_alf_e,shopping_list_component_html,e,LLM_ROLE,HELD,1,shopping_list_component_html__LLMR_shopping_list_component_html_shopping_list_shopping_empty_alf_e.mut
LLMR_shopping_list_component_html_shopping_list_shopping_empty_alf_f,shopping_list_component_html,f,LLM_ROLE,HELD,1,shopping_list_component_html__LLMR_shopping_list_component_html_shopping_list_shopping_empty_alf_f.mut
LLMR_shopping_list_component_html_shopping_list_shopping_empty_alf_g,shopping_list_component_html,g,LLM_ROLE,HELD,1,shopping_list_component_html__LLMR_shopping_list_component_html_shopping_list_shopping_empty_alf_g.mut
LLMR_shopping_list_component_html_shopping_list_shopping_empty_alf_j,shopping_list_component_html,j,LLM_ROLE,HELD,1,shopping_list_component_html__LLMR_shopping_list_component_html_shopping_list_shopping_empty_alf_j.mut
LLMR_shopping_list_component_html_shopping_list_shopping_empty_alf_k,shopping_list_component_html,k,LLM_ROLE,HELD,1,shopping_list_component_html__LLMR_shopping_list_component_html_shopping_list_shopping_empty_alf_k.mut
LLMR_shopping_list_component_html_shopping_list_shopping_empty_bet_a,shopping_list_component_html,a,LLM_ROLE,HELD,1,shopping_list_component_html__LLMR_shopping_list_component_html_shopping_list_shopping_empty_bet_a.mut
LLMR_shopping_list_component_html_shopping_list_shopping_empty_bet_b,shopping_list_component_html,b,LLM_ROLE,HELD,1,shopping_list_component_html__LLMR_shopping_list_component_html_shopping_list_shopping_empty_bet_b.mut
LLMR_shopping_list_component_html_shopping_list_shopping_empty_bet_c,shopping_list_component_html,c,LLM_ROLE,HELD,1,shopping_list_component_html__LLMR_shopping_list_component_html_shopping_list_shopping_empty_bet_c.mut
LLMR_shopping_list_component_html_shopping_list_shopping_empty_bet_f,shopping_list_component_html,f,LLM_ROLE,HELD,1,shopping_list_component_html__LLMR_shopping_list_component_html_shopping_list_shopping_empty_bet_f.mut
LLMR_shopping_list_component_html_shopping_list_shopping_empty_bet_g,shopping_list_component_html,g,LLM_ROLE,HELD,1,shopping_list_component_html__LLMR_shopping_list_component_html_shopping_list_shopping_empty_bet_g.mut
LLMR_shopping_list_component_html_shopping_list_shopping_empty_bet_i,shopping_list_component_html,i,LLM_ROLE,HELD,1,shopping_list_component_html__LLMR_shopping_list_component_html_shopping_list_shopping_empty_bet_i.mut
LLMR_shopping_list_component_html_shopping_list_shopping_empty_bet_j,shopping_list_component_html,j,LLM_ROLE,HELD,1,shopping_list_component_html__LLMR_shopping_list_component_html_shopping_list_shopping_empty_bet_j.mut
LLMR_shopping_list_component_html_shopping_list_shopping_empty_bet_k,shopping_list_component_html,k,LLM_ROLE,HELD,1,shopping_list_component_html__LLMR_shopping_list_component_html_shopping_list_shopping_empty_bet_k.mut
LLMR_shopping_list_component_html_shopping_list_shopping_empty_del_a,shopping_list_component_html,a,LLM_ROLE,HELD,1,shopping_list_component_html__LLMR_shopping_list_component_html_shopping_list_shopping_empty_del_a.mut
LLMR_shopping_list_component_html_shopping_list_shopping_empty_del_b,shopping_list_component_html,b,LLM_ROLE,HELD,1,shopping_list_component_html__LLMR_shopping_list_component_html_shopping_list_shopping_empty_del_b.mut
LLMR_shopping_list_component_html_shopping_list_shopping_empty_del_c,shopping_list_component_html,c,LLM_ROLE,HELD,1,shopping_list_component_html__LLMR_shopping_list_component_html_shopping_list_shopping_empty_del_c.mut
LLMR_shopping_list_component_html_shopping_list_shopping_empty_del_e,shopping_list_component_html,e,LLM_ROLE,HELD,1,shopping_list_component_html__LLMR_shopping_list_component_html_shopping_list_shopping_empty_del_e.mut
LLMR_shopping_list_component_html_shopping_list_shopping_empty_del_f,shopping_list_component_html,f,LLM_ROLE,HELD,1,shopping_list_component_html__LLMR_shopping_list_component_html_shopping_list_shopping_empty_del_f.mut
LLMR_shopping_list_component_html_shopping_list_shopping_empty_del_g,shopping_list_component_html,g,LLM_ROLE,HELD,1,shopping_list_component_html__LLMR_shopping_list_component_html_shopping_list_shopping_empty_del_g.mut
LLMR_shopping_list_component_html_shopping_list_shopping_empty_del_i,shopping_list_component_html,i,LLM_ROLE,HELD,1,shopping_list_component_html__LLMR_shopping_list_component_html_shopping_list_shopping_empty_del_i.mut
LLMR_shopping_list_component_html_shopping_list_shopping_empty_del_j,shopping_list_component_html,j,LLM_ROLE,HELD,1,shopping_list_component_html__LLMR_shopping_list_component_html_shopping_list_shopping_empty_del_j.mut
LLMR_shopping_list_component_html_shopping_list_shopping_empty_del_k,shopping_list_component_html,k,LLM_ROLE,HELD,1,shopping_list_component_html__LLMR_shopping_list_component_html_shopping_list_shopping_empty_del_k.mut
LLMR_shopping_list_component_html_shopping_list_shopping_empty_gam_a,shopping_list_component_html,a,LLM_ROLE,HELD,1,shopping_list_component_html__LLMR_shopping_list_component_html_shopping_list_shopping_empty_gam_a.mut
LLMR_shopping_list_component_html_shopping_list_shopping_empty_gam_b,shopping_list_component_html,b,LLM_ROLE,HELD,1,shopping_list_component_html__LLMR_shopping_list_component_html_shopping_list_shopping_empty_gam_b.mut
LLMR_shopping_list_component_html_shopping_list_shopping_empty_gam_c,shopping_list_component_html,c,LLM_ROLE,HELD,1,shopping_list_component_html__LLMR_shopping_list_component_html_shopping_list_shopping_empty_gam_c.mut
LLMR_shopping_list_component_html_shopping_list_shopping_empty_gam_d,shopping_list_component_html,d,LLM_ROLE,HELD,1,shopping_list_component_html__LLMR_shopping_list_component_html_shopping_list_shopping_empty_gam_d.mut
LLMR_shopping_list_component_html_shopping_list_shopping_empty_gam_e,shopping_list_component_html,e,LLM_ROLE,HELD,1,shopping_list_component_html__LLMR_shopping_list_component_html_shopping_list_shopping_empty_gam_e.mut
LLMR_shopping_list_component_html_shopping_list_shopping_empty_gam_f,shopping_list_component_html,f,LLM_ROLE,HELD,1,shopping_list_component_html__LLMR_shopping_list_component_html_shopping_list_shopping_empty_gam_f.mut
LLMR_shopping_list_component_html_shopping_list_shopping_empty_gam_i,shopping_list_component_html,i,LLM_ROLE,HELD,1,shopping_list_component_html__LLMR_shopping_list_component_html_shopping_list_shopping_empty_gam_i.mut
LLMR_shopping_list_component_html_shopping_list_shopping_empty_gam_j,shopping_list_component_html,j,LLM_ROLE,HELD,1,shopping_list_component_html__LLMR_shopping_list_component_html_shopping_list_shopping_empty_gam_j.mut
LLMR_shopping_list_component_html_shopping_list_shopping_empty_gam_k,shopping_list_component_html,k,LLM_ROLE,HELD,1,shopping_list_component_html__LLMR_shopping_list_component_html_shopping_list_shopping_empty_gam_k.mut
LLMR_shopping_list_component_html_shopping_list_shopping_title_alf_a,shopping_list_component_html,a,LLM_ROLE,HELD,1,shopping_list_component_html__LLMR_shopping_list_component_html_shopping_list_shopping_title_alf_a.mut
LLMR_shopping_list_component_html_shopping_list_shopping_title_alf_b,shopping_list_component_html,b,LLM_ROLE,HELD,1,shopping_list_component_html__LLMR_shopping_list_component_html_shopping_list_shopping_title_alf_b.mut
LLMR_shopping_list_component_html_shopping_list_shopping_title_alf_c,shopping_list_component_html,c,LLM_ROLE,HELD,1,shopping_list_component_html__LLMR_shopping_list_component_html_shopping_list_shopping_title_alf_c.mut
LLMR_shopping_list_component_html_shopping_list_shopping_title_alf_d,shopping_list_component_html,d,LLM_ROLE,HELD,1,shopping_list_component_html__LLMR_shopping_list_component_html_shopping_list_shopping_title_alf_d.mut
LLMR_shopping_list_component_html_shopping_list_shopping_title_alf_e,shopping_list_component_html,e,LLM_ROLE,HELD,1,shopping_list_component_html__LLMR_shopping_list_component_html_shopping_list_shopping_title_alf_e.mut
LLMR_shopping_list_component_html_shopping_list_shopping_title_alf_f,shopping_list_component_html,f,LLM_ROLE,HELD,1,shopping_list_component_html__LLMR_shopping_list_component_html_shopping_list_shopping_title_alf_f.mut
LLMR_shopping_list_component_html_shopping_list_shopping_title_alf_g,shopping_list_component_html,g,LLM_ROLE,HELD,1,shopping_list_component_html__LLMR_shopping_list_component_html_shopping_list_shopping_title_alf_g.mut
LLMR_shopping_list_component_html_shopping_list_shopping_title_alf_j,shopping_list_component_html,j,LLM_ROLE,HELD,1,shopping_list_component_html__LLMR_shopping_list_component_html_shopping_list_shopping_title_alf_j.mut
LLMR_shopping_list_component_html_shopping_list_shopping_title_alf_k,shopping_list_component_html,k,LLM_ROLE,HELD,1,shopping_list_component_html__LLMR_shopping_list_component_html_shopping_list_shopping_title_alf_k.mut
LLMR_shopping_list_component_html_shopping_list_shopping_title_bet_a,shopping_list_component_html,a,LLM_ROLE,HELD,1,shopping_list_component_html__LLMR_shopping_list_component_html_shopping_list_shopping_title_bet_a.mut
LLMR_shopping_list_component_html_shopping_list_shopping_title_bet_b,shopping_list_component_html,b,LLM_ROLE,HELD,1,shopping_list_component_html__LLMR_shopping_list_component_html_shopping_list_shopping_title_bet_b.mut
LLMR_shopping_list_component_html_shopping_list_shopping_title_bet_c,shopping_list_component_html,c,LLM_ROLE,HELD,1,shopping_list_component_html__LLMR_shopping_list_component_html_shopping_list_shopping_title_bet_c.mut
LLMR_shopping_list_component_html_shopping_list_shopping_title_bet_g,shopping_list_component_html,g,LLM_ROLE,HELD,1,shopping_list_component_html__LLMR_shopping_list_component_html_shopping_list_shopping_title_bet_g.mut
LLMR_shopping_list_component_html_shopping_list_shopping_title_bet_i,shopping_list_component_html,i,LLM_ROLE,HELD,1,shopping_list_component_html__LLMR_shopping_list_component_html_shopping_list_shopping_title_bet_i.mut
LLMR_shopping_list_component_html_shopping_list_shopping_title_bet_j,shopping_list_component_html,j,LLM_ROLE,HELD,1,shopping_list_component_html__LLMR_shopping_list_component_html_shopping_list_shopping_title_bet_j.mut
LLMR_shopping_list_component_html_shopping_list_shopping_title_bet_k,shopping_list_component_html,k,LLM_ROLE,HELD,1,shopping_list_component_html__LLMR_shopping_list_component_html_shopping_list_shopping_title_bet_k.mut
LLMR_shopping_list_component_html_shopping_list_shopping_title_del_a,shopping_list_component_html,a,LLM_ROLE,HELD,1,shopping_list_component_html__LLMR_shopping_list_component_html_shopping_list_shopping_title_del_a.mut
LLMR_shopping_list_component_html_shopping_list_shopping_title_del_b,shopping_list_component_html,b,LLM_ROLE,HELD,1,shopping_list_component_html__LLMR_shopping_list_component_html_shopping_list_shopping_title_del_b.mut
LLMR_shopping_list_component_html_shopping_list_shopping_title_del_c,shopping_list_component_html,c,LLM_ROLE,HELD,1,shopping_list_component_html__LLMR_shopping_list_component_html_shopping_list_shopping_title_del_c.mut
LLMR_shopping_list_component_html_shopping_list_shopping_title_del_d,shopping_list_component_html,d,LLM_ROLE,HELD,1,shopping_list_component_html__LLMR_shopping_list_component_html_shopping_list_shopping_title_del_d.mut
LLMR_shopping_list_component_html_shopping_list_shopping_title_del_e,shopping_list_component_html,e,LLM_ROLE,HELD,1,shopping_list_component_html__LLMR_shopping_list_component_html_shopping_list_shopping_title_del_e.mut
LLMR_shopping_list_component_html_shopping_list_shopping_title_del_f,shopping_list_component_html,f,LLM_ROLE,HELD,1,shopping_list_component_html__LLMR_shopping_list_component_html_shopping_list_shopping_title_del_f.mut
LLMR_shopping_list_component_html_shopping_list_shopping_title_del_g,shopping_list_component_html,g,LLM_ROLE,HELD,1,shopping_list_component_html__LLMR_shopping_list_component_html_shopping_list_shopping_title_del_g.mut
LLMR_shopping_list_component_html_shopping_list_shopping_title_del_i,shopping_list_component_html,i,LLM_ROLE,HELD,1,shopping_list_component_html__LLMR_shopping_list_component_html_shopping_list_shopping_title_del_i.mut
LLMR_shopping_list_component_html_shopping_list_shopping_title_del_j,shopping_list_component_html,j,LLM_ROLE,HELD,1,shopping_list_component_html__LLMR_shopping_list_component_html_shopping_list_shopping_title_del_j.mut
LLMR_shopping_list_component_html_shopping_list_shopping_title_del_k,shopping_list_component_html,k,LLM_ROLE,HELD,1,shopping_list_component_html__LLMR_shopping_list_component_html_shopping_list_shopping_title_del_k.mut
LLMR_shopping_list_component_html_shopping_list_shopping_title_gam_a,shopping_list_component_html,a,LLM_ROLE,HELD,1,shopping_list_component_html__LLMR_shopping_list_component_html_shopping_list_shopping_title_gam_a.mut
LLMR_shopping_list_component_html_shopping_list_shopping_title_gam_b,shopping_list_component_html,b,LLM_ROLE,HELD,1,shopping_list_component_html__LLMR_shopping_list_component_html_shopping_list_shopping_title_gam_b.mut
LLMR_shopping_list_component_html_shopping_list_shopping_title_gam_c,shopping_list_component_html,c,LLM_ROLE,HELD,1,shopping_list_component_html__LLMR_shopping_list_component_html_shopping_list_shopping_title_gam_c.mut
LLMR_shopping_list_component_html_shopping_list_shopping_title_gam_f,shopping_list_component_html,f,LLM_ROLE,HELD,1,shopping_list_component_html__LLMR_shopping_list_component_html_shopping_list_shopping_title_gam_f.mut
LLMR_shopping_list_component_html_shopping_list_shopping_title_gam_i,shopping_list_component_html,i,LLM_ROLE,HELD,1,shopping_list_component_html__LLMR_shopping_list_component_html_shopping_list_shopping_title_gam_i.mut
LLMR_shopping_list_component_html_shopping_list_shopping_title_gam_j,shopping_list_component_html,j,LLM_ROLE,HELD,1,shopping_list_component_html__LLMR_shopping_list_component_html_shopping_list_shopping_title_gam_j.mut
LLMR_shopping_list_component_html_shopping_list_shopping_title_gam_k,shopping_list_component_html,k,LLM_ROLE,HELD,1,shopping_list_component_html__LLMR_shopping_list_component_html_shopping_list_shopping_title_gam_k.mut
LLMR_h_stats_course_count_alf,stats_component_html,h,LLM_ROLE,COMPLETE,2,stats_component_html__LLMR_h_stats_course_count_alf.mut
LLMR_h_stats_course_count_bet,stats_component_html,h,LLM_ROLE,COMPLETE,2,stats_component_html__LLMR_h_stats_course_count_bet.mut
LLMR_h_stats_course_count_del,stats_component_html,h,LLM_ROLE,COMPLETE,2,stats_component_html__LLMR_h_stats_course_count_del.mut
LLMR_h_stats_course_count_eps,stats_component_html,h,LLM_ROLE,COMPLETE,2,stats_component_html__LLMR_h_stats_course_count_eps.mut
LLMR_h_stats_course_count_gam,stats_component_html,h,LLM_ROLE,COMPLETE,2,stats_component_html__LLMR_h_stats_course_count_gam.mut
LLMR_h_stats_stat_fav_alf,stats_component_html,h,LLM_ROLE,COMPLETE,2,stats_component_html__LLMR_h_stats_stat_fav_alf.mut
LLMR_h_stats_stat_fav_bet,stats_component_html,h,LLM_ROLE,COMPLETE,2,stats_component_html__LLMR_h_stats_stat_fav_bet.mut
LLMR_h_stats_stat_fav_del,stats_component_html,h,LLM_ROLE,COMPLETE,2,stats_component_html__LLMR_h_stats_stat_fav_del.mut
LLMR_h_stats_stat_fav_gam,stats_component_html,h,LLM_ROLE,COMPLETE,2,stats_component_html__LLMR_h_stats_stat_fav_gam.mut
LLMR_h_stats_stat_time_alf,stats_component_html,h,LLM_ROLE,COMPLETE,2,stats_component_html__LLMR_h_stats_stat_time_alf.mut
LLMR_h_stats_stat_time_bet,stats_component_html,h,LLM_ROLE,COMPLETE,2,stats_component_html__LLMR_h_stats_stat_time_bet.mut
LLMR_h_stats_stat_time_del,stats_component_html,h,LLM_ROLE,COMPLETE,2,stats_component_html__LLMR_h_stats_stat_time_del.mut
LLMR_h_stats_stat_time_gam,stats_component_html,h,LLM_ROLE,COMPLETE,2,stats_component_html__LLMR_h_stats_stat_time_gam.mut
LLMR_h_stats_stat_total_alf,stats_component_html,h,LLM_ROLE,COMPLETE,2,stats_component_html__LLMR_h_stats_stat_total_alf.mut
LLMR_h_stats_stat_total_bet,stats_component_html,h,LLM_ROLE,COMPLETE,2,stats_component_html__LLMR_h_stats_stat_total_bet.mut
LLMR_h_stats_stat_total_del,stats_component_html,h,LLM_ROLE,COMPLETE,2,stats_component_html__LLMR_h_stats_stat_total_del.mut
LLMR_h_stats_stat_total_gam,stats_component_html,h,LLM_ROLE,COMPLETE,2,stats_component_html__LLMR_h_stats_stat_total_gam.mut
LLMR_h_stats_stat_veg_alf,stats_component_html,h,LLM_ROLE,COMPLETE,2,stats_component_html__LLMR_h_stats_stat_veg_alf.mut
LLMR_h_stats_stat_veg_bet,stats_component_html,h,LLM_ROLE,COMPLETE,2,stats_component_html__LLMR_h_stats_stat_veg_bet.mut
LLMR_h_stats_stat_veg_del,stats_component_html,h,LLM_ROLE,COMPLETE,2,stats_component_html__LLMR_h_stats_stat_veg_del.mut
LLMR_h_stats_stat_veg_gam,stats_component_html,h,LLM_ROLE,COMPLETE,2,stats_component_html__LLMR_h_stats_stat_veg_gam.mut
LLMR_h_stats_stats_title_alf,stats_component_html,h,LLM_ROLE,COMPLETE,2,stats_component_html__LLMR_h_stats_stats_title_alf.mut
LLMR_h_stats_stats_title_bet,stats_component_html,h,LLM_ROLE,COMPLETE,2,stats_component_html__LLMR_h_stats_stats_title_bet.mut
LLMR_h_stats_stats_title_del,stats_component_html,h,LLM_ROLE,COMPLETE,2,stats_component_html__LLMR_h_stats_stats_title_del.mut
LLMR_h_stats_stats_title_gam,stats_component_html,h,LLM_ROLE,COMPLETE,2,stats_component_html__LLMR_h_stats_stats_title_gam.mut
LLMR_h_stats_top_title_alf,stats_component_html,h,LLM_ROLE,COMPLETE,2,stats_component_html__LLMR_h_stats_top_title_alf.mut
LLMR_h_stats_top_title_bet,stats_component_html,h,LLM_ROLE,COMPLETE,2,stats_component_html__LLMR_h_stats_top_title_bet.mut
LLMR_h_stats_top_title_del,stats_component_html,h,LLM_ROLE,COMPLETE,2,stats_component_html__LLMR_h_stats_top_title_del.mut
LLMR_h_stats_top_title_eps,stats_component_html,h,LLM_ROLE,COMPLETE,2,stats_component_html__LLMR_h_stats_top_title_eps.mut
LLMR_h_stats_top_title_gam,stats_component_html,h,LLM_ROLE,COMPLETE,2,stats_component_html__LLMR_h_stats_top_title_gam.mut
LLMR_stats_component_html_stats_course_count_alf_a,stats_component_html,a,LLM_ROLE,COMPLETE,1,stats_component_html__LLMR_stats_component_html_stats_course_count_alf_a.mut
LLMR_stats_component_html_stats_course_count_alf_b,stats_component_html,b,LLM_ROLE,COMPLETE,1,stats_component_html__LLMR_stats_component_html_stats_course_count_alf_b.mut
LLMR_stats_component_html_stats_course_count_alf_c,stats_component_html,c,LLM_ROLE,COMPLETE,1,stats_component_html__LLMR_stats_component_html_stats_course_count_alf_c.mut
LLMR_stats_component_html_stats_course_count_alf_d,stats_component_html,d,LLM_ROLE,COMPLETE,1,stats_component_html__LLMR_stats_component_html_stats_course_count_alf_d.mut
LLMR_stats_component_html_stats_course_count_alf_e,stats_component_html,e,LLM_ROLE,COMPLETE,1,stats_component_html__LLMR_stats_component_html_stats_course_count_alf_e.mut
LLMR_stats_component_html_stats_course_count_alf_f,stats_component_html,f,LLM_ROLE,COMPLETE,1,stats_component_html__LLMR_stats_component_html_stats_course_count_alf_f.mut
LLMR_stats_component_html_stats_course_count_alf_g,stats_component_html,g,LLM_ROLE,COMPLETE,1,stats_component_html__LLMR_stats_component_html_stats_course_count_alf_g.mut
LLMR_stats_component_html_stats_course_count_alf_j,stats_component_html,j,LLM_ROLE,COMPLETE,1,stats_component_html__LLMR_stats_component_html_stats_course_count_alf_j.mut
LLMR_stats_component_html_stats_course_count_alf_k,stats_component_html,k,LLM_ROLE,COMPLETE,1,stats_component_html__LLMR_stats_component_html_stats_course_count_alf_k.mut
LLMR_stats_component_html_stats_course_count_bet_a,stats_component_html,a,LLM_ROLE,COMPLETE,1,stats_component_html__LLMR_stats_component_html_stats_course_count_bet_a.mut
LLMR_stats_component_html_stats_course_count_bet_b,stats_component_html,b,LLM_ROLE,COMPLETE,1,stats_component_html__LLMR_stats_component_html_stats_course_count_bet_b.mut
LLMR_stats_component_html_stats_course_count_bet_c,stats_component_html,c,LLM_ROLE,COMPLETE,1,stats_component_html__LLMR_stats_component_html_stats_course_count_bet_c.mut
LLMR_stats_component_html_stats_course_count_bet_g,stats_component_html,g,LLM_ROLE,COMPLETE,1,stats_component_html__LLMR_stats_component_html_stats_course_count_bet_g.mut
LLMR_stats_component_html_stats_course_count_bet_i,stats_component_html,i,LLM_ROLE,COMPLETE,1,stats_component_html__LLMR_stats_component_html_stats_course_count_bet_i.mut
LLMR_stats_component_html_stats_course_count_bet_j,stats_component_html,j,LLM_ROLE,COMPLETE,1,stats_component_html__LLMR_stats_component_html_stats_course_count_bet_j.mut
LLMR_stats_component_html_stats_course_count_bet_k,stats_component_html,k,LLM_ROLE,COMPLETE,1,stats_component_html__LLMR_stats_component_html_stats_course_count_bet_k.mut
LLMR_stats_component_html_stats_course_count_del_a,stats_component_html,a,LLM_ROLE,COMPLETE,1,stats_component_html__LLMR_stats_component_html_stats_course_count_del_a.mut
LLMR_stats_component_html_stats_course_count_del_b,stats_component_html,b,LLM_ROLE,COMPLETE,1,stats_component_html__LLMR_stats_component_html_stats_course_count_del_b.mut
LLMR_stats_component_html_stats_course_count_del_c,stats_component_html,c,LLM_ROLE,COMPLETE,1,stats_component_html__LLMR_stats_component_html_stats_course_count_del_c.mut
LLMR_stats_component_html_stats_course_count_del_d,stats_component_html,d,LLM_ROLE,COMPLETE,1,stats_component_html__LLMR_stats_component_html_stats_course_count_del_d.mut
LLMR_stats_component_html_stats_course_count_del_e,stats_component_html,e,LLM_ROLE,COMPLETE,1,stats_component_html__LLMR_stats_component_html_stats_course_count_del_e.mut
LLMR_stats_component_html_stats_course_count_del_f,stats_component_html,f,LLM_ROLE,COMPLETE,1,stats_component_html__LLMR_stats_component_html_stats_course_count_del_f.mut
LLMR_stats_component_html_stats_course_count_del_g,stats_component_html,g,LLM_ROLE,COMPLETE,1,stats_component_html__LLMR_stats_component_html_stats_course_count_del_g.mut
LLMR_stats_component_html_stats_course_count_del_i,stats_component_html,i,LLM_ROLE,COMPLETE,1,stats_component_html__LLMR_stats_component_html_stats_course_count_del_i.mut
LLMR_stats_component_html_stats_course_count_del_j,stats_component_html,j,LLM_ROLE,COMPLETE,1,stats_component_html__LLMR_stats_component_html_stats_course_count_del_j.mut
LLMR_stats_component_html_stats_course_count_del_k,stats_component_html,k,LLM_ROLE,COMPLETE,1,stats_component_html__LLMR_stats_component_html_stats_course_count_del_k.mut
LLMR_stats_component_html_stats_course_count_eps_a,stats_component_html,a,LLM_ROLE,COMPLETE,1,stats_component_html__LLMR_stats_component_html_stats_course_count_eps_a.mut
LLMR_stats_component_html_stats_course_count_eps_b,stats_component_html,b,LLM_ROLE,COMPLETE,1,stats_component_html__LLMR_stats_component_html_stats_course_count_eps_b.mut
LLMR_stats_component_html_stats_course_count_eps_c,stats_component_html,c,LLM_ROLE,COMPLETE,1,stats_component_html__LLMR_stats_component_html_stats_course_count_eps_c.mut
LLMR_stats_component_html_stats_course_count_eps_f,stats_component_html,f,LLM_ROLE,COMPLETE,1,stats_component_html__LLMR_stats_component_html_stats_course_count_eps_f.mut
LLMR_stats_component_html_stats_course_count_eps_g,stats_component_html,g,LLM_ROLE,COMPLETE,1,stats_component_html__LLMR_stats_component_html_stats_course_count_eps_g.mut
LLMR_stats_component_html_stats_course_count_eps_i,stats_component_html,i,LLM_ROLE,COMPLETE,1,stats_component_html__LLMR_stats_component_html_stats_course_count_eps_i.mut
LLMR_stats_component_html_stats_course_count_eps_j,stats_component_html,j,LLM_ROLE,COMPLETE,1,stats_component_html__LLMR_stats_component_html_stats_course_count_eps_j.mut
LLMR_stats_component_html_stats_course_count_eps_k,stats_component_html,k,LLM_ROLE,COMPLETE,1,stats_component_html__LLMR_stats_component_html_stats_course_count_eps_k.mut
LLMR_stats_component_html_stats_course_count_gam_a,stats_component_html,a,LLM_ROLE,COMPLETE,1,stats_component_html__LLMR_stats_component_html_stats_course_count_gam_a.mut
LLMR_stats_component_html_stats_course_count_gam_b,stats_component_html,b,LLM_ROLE,COMPLETE,1,stats_component_html__LLMR_stats_component_html_stats_course_count_gam_b.mut
LLMR_stats_component_html_stats_course_count_gam_c,stats_component_html,c,LLM_ROLE,COMPLETE,1,stats_component_html__LLMR_stats_component_html_stats_course_count_gam_c.mut
LLMR_stats_component_html_stats_course_count_gam_d,stats_component_html,d,LLM_ROLE,COMPLETE,1,stats_component_html__LLMR_stats_component_html_stats_course_count_gam_d.mut
LLMR_stats_component_html_stats_course_count_gam_e,stats_component_html,e,LLM_ROLE,COMPLETE,1,stats_component_html__LLMR_stats_component_html_stats_course_count_gam_e.mut
LLMR_stats_component_html_stats_course_count_gam_g,stats_component_html,g,LLM_ROLE,COMPLETE,1,stats_component_html__LLMR_stats_component_html_stats_course_count_gam_g.mut
LLMR_stats_component_html_stats_course_count_gam_i,stats_component_html,i,LLM_ROLE,COMPLETE,1,stats_component_html__LLMR_stats_component_html_stats_course_count_gam_i.mut
LLMR_stats_component_html_stats_course_count_gam_j,stats_component_html,j,LLM_ROLE,COMPLETE,1,stats_component_html__LLMR_stats_component_html_stats_course_count_gam_j.mut
LLMR_stats_component_html_stats_course_count_gam_k,stats_component_html,k,LLM_ROLE,COMPLETE,1,stats_component_html__LLMR_stats_component_html_stats_course_count_gam_k.mut
LLMR_stats_component_html_stats_stat_fav_alf_a,stats_component_html,a,LLM_ROLE,COMPLETE,1,stats_component_html__LLMR_stats_component_html_stats_stat_fav_alf_a.mut
LLMR_stats_component_html_stats_stat_fav_alf_b,stats_component_html,b,LLM_ROLE,COMPLETE,1,stats_component_html__LLMR_stats_component_html_stats_stat_fav_alf_b.mut
LLMR_stats_component_html_stats_stat_fav_alf_c,stats_component_html,c,LLM_ROLE,COMPLETE,1,stats_component_html__LLMR_stats_component_html_stats_stat_fav_alf_c.mut
LLMR_stats_component_html_stats_stat_fav_alf_d,stats_component_html,d,LLM_ROLE,COMPLETE,1,stats_component_html__LLMR_stats_component_html_stats_stat_fav_alf_d.mut
LLMR_stats_component_html_stats_stat_fav_alf_e,stats_component_html,e,LLM_ROLE,COMPLETE,1,stats_component_html__LLMR_stats_component_html_stats_stat_fav_alf_e.mut
LLMR_stats_component_html_stats_stat_fav_alf_f,stats_component_html,f,LLM_ROLE,COMPLETE,1,stats_component_html__LLMR_stats_component_html_stats_stat_fav_alf_f.mut
LLMR_stats_component_html_stats_stat_fav_alf_g,stats_component_html,g,LLM_ROLE,COMPLETE,1,stats_component_html__LLMR_stats_component_html_stats_stat_fav_alf_g.mut
LLMR_stats_component_html_stats_stat_fav_alf_j,stats_component_html,j,LLM_ROLE,COMPLETE,1,stats_component_html__LLMR_stats_component_html_stats_stat_fav_alf_j.mut
LLMR_stats_component_html_stats_stat_fav_alf_k,stats_component_html,k,LLM_ROLE,COMPLETE,1,stats_component_html__LLMR_stats_component_html_stats_stat_fav_alf_k.mut
LLMR_stats_component_html_stats_stat_fav_bet_a,stats_component_html,a,LLM_ROLE,COMPLETE,1,stats_component_html__LLMR_stats_component_html_stats_stat_fav_bet_a.mut
LLMR_stats_component_html_stats_stat_fav_bet_b,stats_component_html,b,LLM_ROLE,COMPLETE,1,stats_component_html__LLMR_stats_component_html_stats_stat_fav_bet_b.mut
LLMR_stats_component_html_stats_stat_fav_bet_c,stats_component_html,c,LLM_ROLE,COMPLETE,1,stats_component_html__LLMR_stats_component_html_stats_stat_fav_bet_c.mut
LLMR_stats_component_html_stats_stat_fav_bet_g,stats_component_html,g,LLM_ROLE,COMPLETE,1,stats_component_html__LLMR_stats_component_html_stats_stat_fav_bet_g.mut
LLMR_stats_component_html_stats_stat_fav_bet_i,stats_component_html,i,LLM_ROLE,COMPLETE,1,stats_component_html__LLMR_stats_component_html_stats_stat_fav_bet_i.mut
LLMR_stats_component_html_stats_stat_fav_bet_j,stats_component_html,j,LLM_ROLE,COMPLETE,1,stats_component_html__LLMR_stats_component_html_stats_stat_fav_bet_j.mut
LLMR_stats_component_html_stats_stat_fav_bet_k,stats_component_html,k,LLM_ROLE,COMPLETE,1,stats_component_html__LLMR_stats_component_html_stats_stat_fav_bet_k.mut
LLMR_stats_component_html_stats_stat_fav_del_a,stats_component_html,a,LLM_ROLE,COMPLETE,1,stats_component_html__LLMR_stats_component_html_stats_stat_fav_del_a.mut
LLMR_stats_component_html_stats_stat_fav_del_b,stats_component_html,b,LLM_ROLE,COMPLETE,1,stats_component_html__LLMR_stats_component_html_stats_stat_fav_del_b.mut
LLMR_stats_component_html_stats_stat_fav_del_c,stats_component_html,c,LLM_ROLE,COMPLETE,1,stats_component_html__LLMR_stats_component_html_stats_stat_fav_del_c.mut
LLMR_stats_component_html_stats_stat_fav_del_d,stats_component_html,d,LLM_ROLE,COMPLETE,1,stats_component_html__LLMR_stats_component_html_stats_stat_fav_del_d.mut
LLMR_stats_component_html_stats_stat_fav_del_e,stats_component_html,e,LLM_ROLE,COMPLETE,1,stats_component_html__LLMR_stats_component_html_stats_stat_fav_del_e.mut
LLMR_stats_component_html_stats_stat_fav_del_f,stats_component_html,f,LLM_ROLE,COMPLETE,1,stats_component_html__LLMR_stats_component_html_stats_stat_fav_del_f.mut
LLMR_stats_component_html_stats_stat_fav_del_g,stats_component_html,g,LLM_ROLE,COMPLETE,1,stats_component_html__LLMR_stats_component_html_stats_stat_fav_del_g.mut
LLMR_stats_component_html_stats_stat_fav_del_i,stats_component_html,i,LLM_ROLE,COMPLETE,1,stats_component_html__LLMR_stats_component_html_stats_stat_fav_del_i.mut
LLMR_stats_component_html_stats_stat_fav_del_j,stats_component_html,j,LLM_ROLE,COMPLETE,1,stats_component_html__LLMR_stats_component_html_stats_stat_fav_del_j.mut
LLMR_stats_component_html_stats_stat_fav_del_k,stats_component_html,k,LLM_ROLE,COMPLETE,1,stats_component_html__LLMR_stats_component_html_stats_stat_fav_del_k.mut
LLMR_stats_component_html_stats_stat_fav_gam_a,stats_component_html,a,LLM_ROLE,COMPLETE,1,stats_component_html__LLMR_stats_component_html_stats_stat_fav_gam_a.mut
LLMR_stats_component_html_stats_stat_fav_gam_b,stats_component_html,b,LLM_ROLE,COMPLETE,1,stats_component_html__LLMR_stats_component_html_stats_stat_fav_gam_b.mut
LLMR_stats_component_html_stats_stat_fav_gam_c,stats_component_html,c,LLM_ROLE,COMPLETE,1,stats_component_html__LLMR_stats_component_html_stats_stat_fav_gam_c.mut
LLMR_stats_component_html_stats_stat_fav_gam_f,stats_component_html,f,LLM_ROLE,COMPLETE,1,stats_component_html__LLMR_stats_component_html_stats_stat_fav_gam_f.mut
LLMR_stats_component_html_stats_stat_fav_gam_g,stats_component_html,g,LLM_ROLE,COMPLETE,1,stats_component_html__LLMR_stats_component_html_stats_stat_fav_gam_g.mut
LLMR_stats_component_html_stats_stat_fav_gam_i,stats_component_html,i,LLM_ROLE,COMPLETE,1,stats_component_html__LLMR_stats_component_html_stats_stat_fav_gam_i.mut
LLMR_stats_component_html_stats_stat_fav_gam_j,stats_component_html,j,LLM_ROLE,COMPLETE,1,stats_component_html__LLMR_stats_component_html_stats_stat_fav_gam_j.mut
LLMR_stats_component_html_stats_stat_fav_gam_k,stats_component_html,k,LLM_ROLE,COMPLETE,1,stats_component_html__LLMR_stats_component_html_stats_stat_fav_gam_k.mut
LLMR_stats_component_html_stats_stat_time_alf_a,stats_component_html,a,LLM_ROLE,COMPLETE,1,stats_component_html__LLMR_stats_component_html_stats_stat_time_alf_a.mut
LLMR_stats_component_html_stats_stat_time_alf_b,stats_component_html,b,LLM_ROLE,COMPLETE,1,stats_component_html__LLMR_stats_component_html_stats_stat_time_alf_b.mut
LLMR_stats_component_html_stats_stat_time_alf_c,stats_component_html,c,LLM_ROLE,COMPLETE,1,stats_component_html__LLMR_stats_component_html_stats_stat_time_alf_c.mut
LLMR_stats_component_html_stats_stat_time_alf_d,stats_component_html,d,LLM_ROLE,COMPLETE,1,stats_component_html__LLMR_stats_component_html_stats_stat_time_alf_d.mut
LLMR_stats_component_html_stats_stat_time_alf_e,stats_component_html,e,LLM_ROLE,COMPLETE,1,stats_component_html__LLMR_stats_component_html_stats_stat_time_alf_e.mut
LLMR_stats_component_html_stats_stat_time_alf_f,stats_component_html,f,LLM_ROLE,COMPLETE,1,stats_component_html__LLMR_stats_component_html_stats_stat_time_alf_f.mut
LLMR_stats_component_html_stats_stat_time_alf_g,stats_component_html,g,LLM_ROLE,COMPLETE,1,stats_component_html__LLMR_stats_component_html_stats_stat_time_alf_g.mut
LLMR_stats_component_html_stats_stat_time_alf_j,stats_component_html,j,LLM_ROLE,COMPLETE,1,stats_component_html__LLMR_stats_component_html_stats_stat_time_alf_j.mut
LLMR_stats_component_html_stats_stat_time_alf_k,stats_component_html,k,LLM_ROLE,COMPLETE,1,stats_component_html__LLMR_stats_component_html_stats_stat_time_alf_k.mut
LLMR_stats_component_html_stats_stat_time_bet_a,stats_component_html,a,LLM_ROLE,COMPLETE,1,stats_component_html__LLMR_stats_component_html_stats_stat_time_bet_a.mut
LLMR_stats_component_html_stats_stat_time_bet_b,stats_component_html,b,LLM_ROLE,COMPLETE,1,stats_component_html__LLMR_stats_component_html_stats_stat_time_bet_b.mut
LLMR_stats_component_html_stats_stat_time_bet_c,stats_component_html,c,LLM_ROLE,COMPLETE,1,stats_component_html__LLMR_stats_component_html_stats_stat_time_bet_c.mut
LLMR_stats_component_html_stats_stat_time_bet_g,stats_component_html,g,LLM_ROLE,COMPLETE,1,stats_component_html__LLMR_stats_component_html_stats_stat_time_bet_g.mut
LLMR_stats_component_html_stats_stat_time_bet_i,stats_component_html,i,LLM_ROLE,COMPLETE,1,stats_component_html__LLMR_stats_component_html_stats_stat_time_bet_i.mut
LLMR_stats_component_html_stats_stat_time_bet_j,stats_component_html,j,LLM_ROLE,COMPLETE,1,stats_component_html__LLMR_stats_component_html_stats_stat_time_bet_j.mut
LLMR_stats_component_html_stats_stat_time_bet_k,stats_component_html,k,LLM_ROLE,COMPLETE,1,stats_component_html__LLMR_stats_component_html_stats_stat_time_bet_k.mut
LLMR_stats_component_html_stats_stat_time_del_a,stats_component_html,a,LLM_ROLE,COMPLETE,1,stats_component_html__LLMR_stats_component_html_stats_stat_time_del_a.mut
LLMR_stats_component_html_stats_stat_time_del_b,stats_component_html,b,LLM_ROLE,COMPLETE,1,stats_component_html__LLMR_stats_component_html_stats_stat_time_del_b.mut
LLMR_stats_component_html_stats_stat_time_del_c,stats_component_html,c,LLM_ROLE,COMPLETE,1,stats_component_html__LLMR_stats_component_html_stats_stat_time_del_c.mut
LLMR_stats_component_html_stats_stat_time_del_d,stats_component_html,d,LLM_ROLE,COMPLETE,1,stats_component_html__LLMR_stats_component_html_stats_stat_time_del_d.mut
LLMR_stats_component_html_stats_stat_time_del_e,stats_component_html,e,LLM_ROLE,COMPLETE,1,stats_component_html__LLMR_stats_component_html_stats_stat_time_del_e.mut
LLMR_stats_component_html_stats_stat_time_del_f,stats_component_html,f,LLM_ROLE,COMPLETE,1,stats_component_html__LLMR_stats_component_html_stats_stat_time_del_f.mut
LLMR_stats_component_html_stats_stat_time_del_g,stats_component_html,g,LLM_ROLE,COMPLETE,1,stats_component_html__LLMR_stats_component_html_stats_stat_time_del_g.mut
LLMR_stats_component_html_stats_stat_time_del_i,stats_component_html,i,LLM_ROLE,COMPLETE,1,stats_component_html__LLMR_stats_component_html_stats_stat_time_del_i.mut
LLMR_stats_component_html_stats_stat_time_del_j,stats_component_html,j,LLM_ROLE,COMPLETE,1,stats_component_html__LLMR_stats_component_html_stats_stat_time_del_j.mut
LLMR_stats_component_html_stats_stat_time_del_k,stats_component_html,k,LLM_ROLE,COMPLETE,1,stats_component_html__LLMR_stats_component_html_stats_stat_time_del_k.mut
LLMR_stats_component_html_stats_stat_time_gam_a,stats_component_html,a,LLM_ROLE,COMPLETE,1,stats_component_html__LLMR_stats_component_html_stats_stat_time_gam_a.mut
LLMR_stats_component_html_stats_stat_time_gam_b,stats_component_html,b,LLM_ROLE,COMPLETE,1,stats_component_html__LLMR_stats_component_html_stats_stat_time_gam_b.mut
LLMR_stats_component_html_stats_stat_time_gam_c,stats_component_html,c,LLM_ROLE,COMPLETE,1,stats_component_html__LLMR_stats_component_html_stats_stat_time_gam_c.mut
LLMR_stats_component_html_stats_stat_time_gam_f,stats_component_html,f,LLM_ROLE,COMPLETE,1,stats_component_html__LLMR_stats_component_html_stats_stat_time_gam_f.mut
LLMR_stats_component_html_stats_stat_time_gam_g,stats_component_html,g,LLM_ROLE,COMPLETE,1,stats_component_html__LLMR_stats_component_html_stats_stat_time_gam_g.mut
LLMR_stats_component_html_stats_stat_time_gam_i,stats_component_html,i,LLM_ROLE,COMPLETE,1,stats_component_html__LLMR_stats_component_html_stats_stat_time_gam_i.mut
LLMR_stats_component_html_stats_stat_time_gam_j,stats_component_html,j,LLM_ROLE,COMPLETE,1,stats_component_html__LLMR_stats_component_html_stats_stat_time_gam_j.mut
LLMR_stats_component_html_stats_stat_time_gam_k,stats_component_html,k,LLM_ROLE,COMPLETE,1,stats_component_html__LLMR_stats_component_html_stats_stat_time_gam_k.mut
LLMR_stats_component_html_stats_stat_total_alf_a,stats_component_html,a,LLM_ROLE,COMPLETE,1,stats_component_html__LLMR_stats_component_html_stats_stat_total_alf_a.mut
LLMR_stats_component_html_stats_stat_total_alf_b,stats_component_html,b,LLM_ROLE,COMPLETE,1,stats_component_html__LLMR_stats_component_html_stats_stat_total_alf_b.mut
LLMR_stats_component_html_stats_stat_total_alf_c,stats_component_html,c,LLM_ROLE,COMPLETE,1,stats_component_html__LLMR_stats_component_html_stats_stat_total_alf_c.mut
LLMR_stats_component_html_stats_stat_total_alf_d,stats_component_html,d,LLM_ROLE,COMPLETE,1,stats_component_html__LLMR_stats_component_html_stats_stat_total_alf_d.mut
LLMR_stats_component_html_stats_stat_total_alf_e,stats_component_html,e,LLM_ROLE,COMPLETE,1,stats_component_html__LLMR_stats_component_html_stats_stat_total_alf_e.mut
LLMR_stats_component_html_stats_stat_total_alf_f,stats_component_html,f,LLM_ROLE,COMPLETE,1,stats_component_html__LLMR_stats_component_html_stats_stat_total_alf_f.mut
LLMR_stats_component_html_stats_stat_total_alf_g,stats_component_html,g,LLM_ROLE,COMPLETE,1,stats_component_html__LLMR_stats_component_html_stats_stat_total_alf_g.mut
LLMR_stats_component_html_stats_stat_total_alf_j,stats_component_html,j,LLM_ROLE,COMPLETE,1,stats_component_html__LLMR_stats_component_html_stats_stat_total_alf_j.mut
LLMR_stats_component_html_stats_stat_total_alf_k,stats_component_html,k,LLM_ROLE,COMPLETE,1,stats_component_html__LLMR_stats_component_html_stats_stat_total_alf_k.mut
LLMR_stats_component_html_stats_stat_total_bet_a,stats_component_html,a,LLM_ROLE,COMPLETE,1,stats_component_html__LLMR_stats_component_html_stats_stat_total_bet_a.mut
LLMR_stats_component_html_stats_stat_total_bet_b,stats_component_html,b,LLM_ROLE,COMPLETE,1,stats_component_html__LLMR_stats_component_html_stats_stat_total_bet_b.mut
LLMR_stats_component_html_stats_stat_total_bet_c,stats_component_html,c,LLM_ROLE,COMPLETE,1,stats_component_html__LLMR_stats_component_html_stats_stat_total_bet_c.mut
LLMR_stats_component_html_stats_stat_total_bet_g,stats_component_html,g,LLM_ROLE,COMPLETE,1,stats_component_html__LLMR_stats_component_html_stats_stat_total_bet_g.mut
LLMR_stats_component_html_stats_stat_total_bet_i,stats_component_html,i,LLM_ROLE,COMPLETE,1,stats_component_html__LLMR_stats_component_html_stats_stat_total_bet_i.mut
LLMR_stats_component_html_stats_stat_total_bet_j,stats_component_html,j,LLM_ROLE,COMPLETE,1,stats_component_html__LLMR_stats_component_html_stats_stat_total_bet_j.mut
LLMR_stats_component_html_stats_stat_total_bet_k,stats_component_html,k,LLM_ROLE,COMPLETE,1,stats_component_html__LLMR_stats_component_html_stats_stat_total_bet_k.mut
LLMR_stats_component_html_stats_stat_total_del_a,stats_component_html,a,LLM_ROLE,COMPLETE,1,stats_component_html__LLMR_stats_component_html_stats_stat_total_del_a.mut
LLMR_stats_component_html_stats_stat_total_del_b,stats_component_html,b,LLM_ROLE,COMPLETE,1,stats_component_html__LLMR_stats_component_html_stats_stat_total_del_b.mut
LLMR_stats_component_html_stats_stat_total_del_c,stats_component_html,c,LLM_ROLE,COMPLETE,1,stats_component_html__LLMR_stats_component_html_stats_stat_total_del_c.mut
LLMR_stats_component_html_stats_stat_total_del_d,stats_component_html,d,LLM_ROLE,COMPLETE,1,stats_component_html__LLMR_stats_component_html_stats_stat_total_del_d.mut
LLMR_stats_component_html_stats_stat_total_del_e,stats_component_html,e,LLM_ROLE,COMPLETE,1,stats_component_html__LLMR_stats_component_html_stats_stat_total_del_e.mut
LLMR_stats_component_html_stats_stat_total_del_f,stats_component_html,f,LLM_ROLE,COMPLETE,1,stats_component_html__LLMR_stats_component_html_stats_stat_total_del_f.mut
LLMR_stats_component_html_stats_stat_total_del_g,stats_component_html,g,LLM_ROLE,COMPLETE,1,stats_component_html__LLMR_stats_component_html_stats_stat_total_del_g.mut
LLMR_stats_component_html_stats_stat_total_del_i,stats_component_html,i,LLM_ROLE,COMPLETE,1,stats_component_html__LLMR_stats_component_html_stats_stat_total_del_i.mut
LLMR_stats_component_html_stats_stat_total_del_j,stats_component_html,j,LLM_ROLE,COMPLETE,1,stats_component_html__LLMR_stats_component_html_stats_stat_total_del_j.mut
LLMR_stats_component_html_stats_stat_total_del_k,stats_component_html,k,LLM_ROLE,COMPLETE,1,stats_component_html__LLMR_stats_component_html_stats_stat_total_del_k.mut
LLMR_stats_component_html_stats_stat_total_gam_a,stats_component_html,a,LLM_ROLE,COMPLETE,1,stats_component_html__LLMR_stats_component_html_stats_stat_total_gam_a.mut
LLMR_stats_component_html_stats_stat_total_gam_b,stats_component_html,b,LLM_ROLE,COMPLETE,1,stats_component_html__LLMR_stats_component_html_stats_stat_total_gam_b.mut
LLMR_stats_component_html_stats_stat_total_gam_c,stats_component_html,c,LLM_ROLE,COMPLETE,1,stats_component_html__LLMR_stats_component_html_stats_stat_total_gam_c.mut
LLMR_stats_component_html_stats_stat_total_gam_f,stats_component_html,f,LLM_ROLE,COMPLETE,1,stats_component_html__LLMR_stats_component_html_stats_stat_total_gam_f.mut
LLMR_stats_component_html_stats_stat_total_gam_g,stats_component_html,g,LLM_ROLE,COMPLETE,1,stats_component_html__LLMR_stats_component_html_stats_stat_total_gam_g.mut
LLMR_stats_component_html_stats_stat_total_gam_i,stats_component_html,i,LLM_ROLE,COMPLETE,1,stats_component_html__LLMR_stats_component_html_stats_stat_total_gam_i.mut
LLMR_stats_component_html_stats_stat_total_gam_j,stats_component_html,j,LLM_ROLE,COMPLETE,1,stats_component_html__LLMR_stats_component_html_stats_stat_total_gam_j.mut
LLMR_stats_component_html_stats_stat_total_gam_k,stats_component_html,k,LLM_ROLE,COMPLETE,1,stats_component_html__LLMR_stats_component_html_stats_stat_total_gam_k.mut
LLMR_stats_component_html_stats_stat_veg_alf_a,stats_component_html,a,LLM_ROLE,COMPLETE,1,stats_component_html__LLMR_stats_component_html_stats_stat_veg_alf_a.mut
LLMR_stats_component_html_stats_stat_veg_alf_b,stats_component_html,b,LLM_ROLE,COMPLETE,1,stats_component_html__LLMR_stats_component_html_stats_stat_veg_alf_b.mut
LLMR_stats_component_html_stats_stat_veg_alf_c,stats_component_html,c,LLM_ROLE,COMPLETE,1,stats_component_html__LLMR_stats_component_html_stats_stat_veg_alf_c.mut
LLMR_stats_component_html_stats_stat_veg_alf_d,stats_component_html,d,LLM_ROLE,COMPLETE,1,stats_component_html__LLMR_stats_component_html_stats_stat_veg_alf_d.mut
LLMR_stats_component_html_stats_stat_veg_alf_e,stats_component_html,e,LLM_ROLE,COMPLETE,1,stats_component_html__LLMR_stats_component_html_stats_stat_veg_alf_e.mut
LLMR_stats_component_html_stats_stat_veg_alf_f,stats_component_html,f,LLM_ROLE,COMPLETE,1,stats_component_html__LLMR_stats_component_html_stats_stat_veg_alf_f.mut
LLMR_stats_component_html_stats_stat_veg_alf_g,stats_component_html,g,LLM_ROLE,COMPLETE,1,stats_component_html__LLMR_stats_component_html_stats_stat_veg_alf_g.mut
LLMR_stats_component_html_stats_stat_veg_alf_j,stats_component_html,j,LLM_ROLE,COMPLETE,1,stats_component_html__LLMR_stats_component_html_stats_stat_veg_alf_j.mut
LLMR_stats_component_html_stats_stat_veg_alf_k,stats_component_html,k,LLM_ROLE,COMPLETE,1,stats_component_html__LLMR_stats_component_html_stats_stat_veg_alf_k.mut
LLMR_stats_component_html_stats_stat_veg_bet_a,stats_component_html,a,LLM_ROLE,COMPLETE,1,stats_component_html__LLMR_stats_component_html_stats_stat_veg_bet_a.mut
LLMR_stats_component_html_stats_stat_veg_bet_b,stats_component_html,b,LLM_ROLE,COMPLETE,1,stats_component_html__LLMR_stats_component_html_stats_stat_veg_bet_b.mut
LLMR_stats_component_html_stats_stat_veg_bet_c,stats_component_html,c,LLM_ROLE,COMPLETE,1,stats_component_html__LLMR_stats_component_html_stats_stat_veg_bet_c.mut
LLMR_stats_component_html_stats_stat_veg_bet_g,stats_component_html,g,LLM_ROLE,COMPLETE,1,stats_component_html__LLMR_stats_component_html_stats_stat_veg_bet_g.mut
LLMR_stats_component_html_stats_stat_veg_bet_i,stats_component_html,i,LLM_ROLE,COMPLETE,1,stats_component_html__LLMR_stats_component_html_stats_stat_veg_bet_i.mut
LLMR_stats_component_html_stats_stat_veg_bet_j,stats_component_html,j,LLM_ROLE,COMPLETE,1,stats_component_html__LLMR_stats_component_html_stats_stat_veg_bet_j.mut
LLMR_stats_component_html_stats_stat_veg_bet_k,stats_component_html,k,LLM_ROLE,COMPLETE,1,stats_component_html__LLMR_stats_component_html_stats_stat_veg_bet_k.mut
LLMR_stats_component_html_stats_stat_veg_del_a,stats_component_html,a,LLM_ROLE,COMPLETE,1,stats_component_html__LLMR_stats_component_html_stats_stat_veg_del_a.mut
LLMR_stats_component_html_stats_stat_veg_del_b,stats_component_html,b,LLM_ROLE,COMPLETE,1,stats_component_html__LLMR_stats_component_html_stats_stat_veg_del_b.mut
LLMR_stats_component_html_stats_stat_veg_del_c,stats_component_html,c,LLM_ROLE,COMPLETE,1,stats_component_html__LLMR_stats_component_html_stats_stat_veg_del_c.mut
LLMR_stats_component_html_stats_stat_veg_del_d,stats_component_html,d,LLM_ROLE,COMPLETE,1,stats_component_html__LLMR_stats_component_html_stats_stat_veg_del_d.mut
LLMR_stats_component_html_stats_stat_veg_del_e,stats_component_html,e,LLM_ROLE,COMPLETE,1,stats_component_html__LLMR_stats_component_html_stats_stat_veg_del_e.mut
LLMR_stats_component_html_stats_stat_veg_del_f,stats_component_html,f,LLM_ROLE,COMPLETE,1,stats_component_html__LLMR_stats_component_html_stats_stat_veg_del_f.mut
LLMR_stats_component_html_stats_stat_veg_del_g,stats_component_html,g,LLM_ROLE,COMPLETE,1,stats_component_html__LLMR_stats_component_html_stats_stat_veg_del_g.mut
LLMR_stats_component_html_stats_stat_veg_del_i,stats_component_html,i,LLM_ROLE,COMPLETE,1,stats_component_html__LLMR_stats_component_html_stats_stat_veg_del_i.mut
LLMR_stats_component_html_stats_stat_veg_del_j,stats_component_html,j,LLM_ROLE,COMPLETE,1,stats_component_html__LLMR_stats_component_html_stats_stat_veg_del_j.mut
LLMR_stats_component_html_stats_stat_veg_del_k,stats_component_html,k,LLM_ROLE,COMPLETE,1,stats_component_html__LLMR_stats_component_html_stats_stat_veg_del_k.mut
LLMR_stats_component_html_stats_stat_veg_gam_a,stats_component_html,a,LLM_ROLE,COMPLETE,1,stats_component_html__LLMR_stats_component_html_stats_stat_veg_gam_a.mut
LLMR_stats_component_html_stats_stat_veg_gam_b,stats_component_html,b,LLM_ROLE,COMPLETE,1,stats_component_html__LLMR_stats_component_html_stats_stat_veg_gam_b.mut
LLMR_stats_component_html_stats_stat_veg_gam_c,stats_component_html,c,LLM_ROLE,COMPLETE,1,stats_component_html__LLMR_stats_component_html_stats_stat_veg_gam_c.mut
LLMR_stats_component_html_stats_stat_veg_gam_f,stats_component_html,f,LLM_ROLE,COMPLETE,1,stats_component_html__LLMR_stats_component_html_stats_stat_veg_gam_f.mut
LLMR_stats_component_html_stats_stat_veg_gam_g,stats_component_html,g,LLM_ROLE,COMPLETE,1,stats_component_html__LLMR_stats_component_html_stats_stat_veg_gam_g.mut
LLMR_stats_component_html_stats_stat_veg_gam_i,stats_component_html,i,LLM_ROLE,COMPLETE,1,stats_component_html__LLMR_stats_component_html_stats_stat_veg_gam_i.mut
LLMR_stats_component_html_stats_stat_veg_gam_j,stats_component_html,j,LLM_ROLE,COMPLETE,1,stats_component_html__LLMR_stats_component_html_stats_stat_veg_gam_j.mut
LLMR_stats_component_html_stats_stat_veg_gam_k,stats_component_html,k,LLM_ROLE,COMPLETE,1,stats_component_html__LLMR_stats_component_html_stats_stat_veg_gam_k.mut
LLMR_stats_component_html_stats_stats_title_alf_a,stats_component_html,a,LLM_ROLE,COMPLETE,1,stats_component_html__LLMR_stats_component_html_stats_stats_title_alf_a.mut
LLMR_stats_component_html_stats_stats_title_alf_b,stats_component_html,b,LLM_ROLE,COMPLETE,1,stats_component_html__LLMR_stats_component_html_stats_stats_title_alf_b.mut
LLMR_stats_component_html_stats_stats_title_alf_c,stats_component_html,c,LLM_ROLE,COMPLETE,1,stats_component_html__LLMR_stats_component_html_stats_stats_title_alf_c.mut
LLMR_stats_component_html_stats_stats_title_alf_d,stats_component_html,d,LLM_ROLE,COMPLETE,1,stats_component_html__LLMR_stats_component_html_stats_stats_title_alf_d.mut
LLMR_stats_component_html_stats_stats_title_alf_e,stats_component_html,e,LLM_ROLE,COMPLETE,1,stats_component_html__LLMR_stats_component_html_stats_stats_title_alf_e.mut
LLMR_stats_component_html_stats_stats_title_alf_f,stats_component_html,f,LLM_ROLE,COMPLETE,1,stats_component_html__LLMR_stats_component_html_stats_stats_title_alf_f.mut
LLMR_stats_component_html_stats_stats_title_alf_g,stats_component_html,g,LLM_ROLE,COMPLETE,1,stats_component_html__LLMR_stats_component_html_stats_stats_title_alf_g.mut
LLMR_stats_component_html_stats_stats_title_alf_j,stats_component_html,j,LLM_ROLE,COMPLETE,1,stats_component_html__LLMR_stats_component_html_stats_stats_title_alf_j.mut
LLMR_stats_component_html_stats_stats_title_alf_k,stats_component_html,k,LLM_ROLE,COMPLETE,1,stats_component_html__LLMR_stats_component_html_stats_stats_title_alf_k.mut
LLMR_stats_component_html_stats_stats_title_bet_a,stats_component_html,a,LLM_ROLE,COMPLETE,1,stats_component_html__LLMR_stats_component_html_stats_stats_title_bet_a.mut
LLMR_stats_component_html_stats_stats_title_bet_b,stats_component_html,b,LLM_ROLE,COMPLETE,1,stats_component_html__LLMR_stats_component_html_stats_stats_title_bet_b.mut
LLMR_stats_component_html_stats_stats_title_bet_c,stats_component_html,c,LLM_ROLE,COMPLETE,1,stats_component_html__LLMR_stats_component_html_stats_stats_title_bet_c.mut
LLMR_stats_component_html_stats_stats_title_bet_g,stats_component_html,g,LLM_ROLE,COMPLETE,1,stats_component_html__LLMR_stats_component_html_stats_stats_title_bet_g.mut
LLMR_stats_component_html_stats_stats_title_bet_i,stats_component_html,i,LLM_ROLE,COMPLETE,1,stats_component_html__LLMR_stats_component_html_stats_stats_title_bet_i.mut
LLMR_stats_component_html_stats_stats_title_bet_j,stats_component_html,j,LLM_ROLE,COMPLETE,1,stats_component_html__LLMR_stats_component_html_stats_stats_title_bet_j.mut
LLMR_stats_component_html_stats_stats_title_bet_k,stats_component_html,k,LLM_ROLE,COMPLETE,1,stats_component_html__LLMR_stats_component_html_stats_stats_title_bet_k.mut
LLMR_stats_component_html_stats_stats_title_del_a,stats_component_html,a,LLM_ROLE,COMPLETE,1,stats_component_html__LLMR_stats_component_html_stats_stats_title_del_a.mut
LLMR_stats_component_html_stats_stats_title_del_b,stats_component_html,b,LLM_ROLE,COMPLETE,1,stats_component_html__LLMR_stats_component_html_stats_stats_title_del_b.mut
LLMR_stats_component_html_stats_stats_title_del_c,stats_component_html,c,LLM_ROLE,COMPLETE,1,stats_component_html__LLMR_stats_component_html_stats_stats_title_del_c.mut
LLMR_stats_component_html_stats_stats_title_del_d,stats_component_html,d,LLM_ROLE,COMPLETE,1,stats_component_html__LLMR_stats_component_html_stats_stats_title_del_d.mut
LLMR_stats_component_html_stats_stats_title_del_e,stats_component_html,e,LLM_ROLE,COMPLETE,1,stats_component_html__LLMR_stats_component_html_stats_stats_title_del_e.mut
LLMR_stats_component_html_stats_stats_title_del_f,stats_component_html,f,LLM_ROLE,COMPLETE,1,stats_component_html__LLMR_stats_component_html_stats_stats_title_del_f.mut
LLMR_stats_component_html_stats_stats_title_del_g,stats_component_html,g,LLM_ROLE,COMPLETE,1,stats_component_html__LLMR_stats_component_html_stats_stats_title_del_g.mut
LLMR_stats_component_html_stats_stats_title_del_i,stats_component_html,i,LLM_ROLE,COMPLETE,1,stats_component_html__LLMR_stats_component_html_stats_stats_title_del_i.mut
LLMR_stats_component_html_stats_stats_title_del_j,stats_component_html,j,LLM_ROLE,COMPLETE,1,stats_component_html__LLMR_stats_component_html_stats_stats_title_del_j.mut
LLMR_stats_component_html_stats_stats_title_del_k,stats_component_html,k,LLM_ROLE,COMPLETE,1,stats_component_html__LLMR_stats_component_html_stats_stats_title_del_k.mut
LLMR_stats_component_html_stats_stats_title_gam_a,stats_component_html,a,LLM_ROLE,COMPLETE,1,stats_component_html__LLMR_stats_component_html_stats_stats_title_gam_a.mut
LLMR_stats_component_html_stats_stats_title_gam_b,stats_component_html,b,LLM_ROLE,COMPLETE,1,stats_component_html__LLMR_stats_component_html_stats_stats_title_gam_b.mut
LLMR_stats_component_html_stats_stats_title_gam_c,stats_component_html,c,LLM_ROLE,COMPLETE,1,stats_component_html__LLMR_stats_component_html_stats_stats_title_gam_c.mut
LLMR_stats_component_html_stats_stats_title_gam_f,stats_component_html,f,LLM_ROLE,COMPLETE,1,stats_component_html__LLMR_stats_component_html_stats_stats_title_gam_f.mut
LLMR_stats_component_html_stats_stats_title_gam_i,stats_component_html,i,LLM_ROLE,COMPLETE,1,stats_component_html__LLMR_stats_component_html_stats_stats_title_gam_i.mut
LLMR_stats_component_html_stats_stats_title_gam_j,stats_component_html,j,LLM_ROLE,COMPLETE,1,stats_component_html__LLMR_stats_component_html_stats_stats_title_gam_j.mut
LLMR_stats_component_html_stats_stats_title_gam_k,stats_component_html,k,LLM_ROLE,COMPLETE,1,stats_component_html__LLMR_stats_component_html_stats_stats_title_gam_k.mut
LLMR_stats_component_html_stats_top_title_alf_a,stats_component_html,a,LLM_ROLE,COMPLETE,1,stats_component_html__LLMR_stats_component_html_stats_top_title_alf_a.mut
LLMR_stats_component_html_stats_top_title_alf_b,stats_component_html,b,LLM_ROLE,COMPLETE,1,stats_component_html__LLMR_stats_component_html_stats_top_title_alf_b.mut
LLMR_stats_component_html_stats_top_title_alf_c,stats_component_html,c,LLM_ROLE,COMPLETE,1,stats_component_html__LLMR_stats_component_html_stats_top_title_alf_c.mut
LLMR_stats_component_html_stats_top_title_alf_d,stats_component_html,d,LLM_ROLE,COMPLETE,1,stats_component_html__LLMR_stats_component_html_stats_top_title_alf_d.mut
LLMR_stats_component_html_stats_top_title_alf_e,stats_component_html,e,LLM_ROLE,COMPLETE,1,stats_component_html__LLMR_stats_component_html_stats_top_title_alf_e.mut
LLMR_stats_component_html_stats_top_title_alf_f,stats_component_html,f,LLM_ROLE,COMPLETE,1,stats_component_html__LLMR_stats_component_html_stats_top_title_alf_f.mut
LLMR_stats_component_html_stats_top_title_alf_g,stats_component_html,g,LLM_ROLE,COMPLETE,1,stats_component_html__LLMR_stats_component_html_stats_top_title_alf_g.mut
LLMR_stats_component_html_stats_top_title_alf_j,stats_component_html,j,LLM_ROLE,COMPLETE,1,stats_component_html__LLMR_stats_component_html_stats_top_title_alf_j.mut
LLMR_stats_component_html_stats_top_title_alf_k,stats_component_html,k,LLM_ROLE,COMPLETE,1,stats_component_html__LLMR_stats_component_html_stats_top_title_alf_k.mut
LLMR_stats_component_html_stats_top_title_bet_a,stats_component_html,a,LLM_ROLE,COMPLETE,1,stats_component_html__LLMR_stats_component_html_stats_top_title_bet_a.mut
LLMR_stats_component_html_stats_top_title_bet_b,stats_component_html,b,LLM_ROLE,COMPLETE,1,stats_component_html__LLMR_stats_component_html_stats_top_title_bet_b.mut
LLMR_stats_component_html_stats_top_title_bet_c,stats_component_html,c,LLM_ROLE,COMPLETE,1,stats_component_html__LLMR_stats_component_html_stats_top_title_bet_c.mut
LLMR_stats_component_html_stats_top_title_bet_g,stats_component_html,g,LLM_ROLE,COMPLETE,1,stats_component_html__LLMR_stats_component_html_stats_top_title_bet_g.mut
LLMR_stats_component_html_stats_top_title_bet_i,stats_component_html,i,LLM_ROLE,COMPLETE,1,stats_component_html__LLMR_stats_component_html_stats_top_title_bet_i.mut
LLMR_stats_component_html_stats_top_title_bet_j,stats_component_html,j,LLM_ROLE,COMPLETE,1,stats_component_html__LLMR_stats_component_html_stats_top_title_bet_j.mut
LLMR_stats_component_html_stats_top_title_bet_k,stats_component_html,k,LLM_ROLE,COMPLETE,1,stats_component_html__LLMR_stats_component_html_stats_top_title_bet_k.mut
LLMR_stats_component_html_stats_top_title_del_a,stats_component_html,a,LLM_ROLE,COMPLETE,1,stats_component_html__LLMR_stats_component_html_stats_top_title_del_a.mut
LLMR_stats_component_html_stats_top_title_del_b,stats_component_html,b,LLM_ROLE,COMPLETE,1,stats_component_html__LLMR_stats_component_html_stats_top_title_del_b.mut
LLMR_stats_component_html_stats_top_title_del_c,stats_component_html,c,LLM_ROLE,COMPLETE,1,stats_component_html__LLMR_stats_component_html_stats_top_title_del_c.mut
LLMR_stats_component_html_stats_top_title_del_d,stats_component_html,d,LLM_ROLE,COMPLETE,1,stats_component_html__LLMR_stats_component_html_stats_top_title_del_d.mut
LLMR_stats_component_html_stats_top_title_del_e,stats_component_html,e,LLM_ROLE,COMPLETE,1,stats_component_html__LLMR_stats_component_html_stats_top_title_del_e.mut
LLMR_stats_component_html_stats_top_title_del_f,stats_component_html,f,LLM_ROLE,COMPLETE,1,stats_component_html__LLMR_stats_component_html_stats_top_title_del_f.mut
LLMR_stats_component_html_stats_top_title_del_g,stats_component_html,g,LLM_ROLE,COMPLETE,1,stats_component_html__LLMR_stats_component_html_stats_top_title_del_g.mut
LLMR_stats_component_html_stats_top_title_del_i,stats_component_html,i,LLM_ROLE,COMPLETE,1,stats_component_html__LLMR_stats_component_html_stats_top_title_del_i.mut
LLMR_stats_component_html_stats_top_title_del_j,stats_component_html,j,LLM_ROLE,COMPLETE,1,stats_component_html__LLMR_stats_component_html_stats_top_title_del_j.mut
LLMR_stats_component_html_stats_top_title_del_k,stats_component_html,k,LLM_ROLE,COMPLETE,1,stats_component_html__LLMR_stats_component_html_stats_top_title_del_k.mut
LLMR_stats_component_html_stats_top_title_eps_a,stats_component_html,a,LLM_ROLE,COMPLETE,1,stats_component_html__LLMR_stats_component_html_stats_top_title_eps_a.mut
LLMR_stats_component_html_stats_top_title_eps_b,stats_component_html,b,LLM_ROLE,COMPLETE,1,stats_component_html__LLMR_stats_component_html_stats_top_title_eps_b.mut
LLMR_stats_component_html_stats_top_title_eps_c,stats_component_html,c,LLM_ROLE,COMPLETE,1,stats_component_html__LLMR_stats_component_html_stats_top_title_eps_c.mut
LLMR_stats_component_html_stats_top_title_eps_f,stats_component_html,f,LLM_ROLE,COMPLETE,1,stats_component_html__LLMR_stats_component_html_stats_top_title_eps_f.mut
LLMR_stats_component_html_stats_top_title_eps_g,stats_component_html,g,LLM_ROLE,COMPLETE,1,stats_component_html__LLMR_stats_component_html_stats_top_title_eps_g.mut
LLMR_stats_component_html_stats_top_title_eps_i,stats_component_html,i,LLM_ROLE,COMPLETE,1,stats_component_html__LLMR_stats_component_html_stats_top_title_eps_i.mut
LLMR_stats_component_html_stats_top_title_eps_j,stats_component_html,j,LLM_ROLE,COMPLETE,1,stats_component_html__LLMR_stats_component_html_stats_top_title_eps_j.mut
LLMR_stats_component_html_stats_top_title_eps_k,stats_component_html,k,LLM_ROLE,COMPLETE,1,stats_component_html__LLMR_stats_component_html_stats_top_title_eps_k.mut
LLMR_stats_component_html_stats_top_title_gam_a,stats_component_html,a,LLM_ROLE,COMPLETE,1,stats_component_html__LLMR_stats_component_html_stats_top_title_gam_a.mut
LLMR_stats_component_html_stats_top_title_gam_b,stats_component_html,b,LLM_ROLE,COMPLETE,1,stats_component_html__LLMR_stats_component_html_stats_top_title_gam_b.mut
LLMR_stats_component_html_stats_top_title_gam_c,stats_component_html,c,LLM_ROLE,COMPLETE,1,stats_component_html__LLMR_stats_component_html_stats_top_title_gam_c.mut
LLMR_stats_component_html_stats_top_title_gam_d,stats_component_html,d,LLM_ROLE,COMPLETE,1,stats_component_html__LLMR_stats_component_html_stats_top_title_gam_d.mut
LLMR_stats_component_html_stats_top_title_gam_e,stats_component_html,e,LLM_ROLE,COMPLETE,1,stats_component_html__LLMR_stats_component_html_stats_top_title_gam_e.mut
LLMR_stats_component_html_stats_top_title_gam_g,stats_component_html,g,LLM_ROLE,COMPLETE,1,stats_component_html__LLMR_stats_component_html_stats_top_title_gam_g.mut
LLMR_stats_component_html_stats_top_title_gam_i,stats_component_html,i,LLM_ROLE,COMPLETE,1,stats_component_html__LLMR_stats_component_html_stats_top_title_gam_i.mut
LLMR_stats_component_html_stats_top_title_gam_j,stats_component_html,j,LLM_ROLE,COMPLETE,1,stats_component_html__LLMR_stats_component_html_stats_top_title_gam_j.mut
LLMR_stats_component_html_stats_top_title_gam_k,stats_component_html,k,LLM_ROLE,COMPLETE,1,stats_component_html__LLMR_stats_component_html_stats_top_title_gam_k.mut
LLMR_h_step_item_step_number_alf,step_item_component_html,h,LLM_ROLE,HELD,2,step_item_component_html__LLMR_h_step_item_step_number_alf.mut
LLMR_h_step_item_step_number_bet,step_item_component_html,h,LLM_ROLE,HELD,2,step_item_component_html__LLMR_h_step_item_step_number_bet.mut
LLMR_h_step_item_step_number_del,step_item_component_html,h,LLM_ROLE,HELD,2,step_item_component_html__LLMR_h_step_item_step_number_del.mut
LLMR_h_step_item_step_number_gam,step_item_component_html,h,LLM_ROLE,HELD,2,step_item_component_html__LLMR_h_step_item_step_number_gam.mut
LLMR_h_step_item_step_text_alf,step_item_component_html,h,LLM_ROLE,HELD,2,step_item_component_html__LLMR_h_step_item_step_text_alf.mut
LLMR_h_step_item_step_text_bet,step_item_component_html,h,LLM_ROLE,HELD,2,step_item_component_html__LLMR_h_step_item_step_text_bet.mut
LLMR_h_step_item_step_text_del,step_item_component_html,h,LLM_ROLE,HELD,2,step_item_component_html__LLMR_h_step_item_step_text_del.mut
LLMR_step_item_component_html_step_item_step_number_alf_a,step_item_component_html,a,LLM_ROLE,HELD,1,step_item_component_html__LLMR_step_item_component_html_step_item_step_number_alf_a.mut
LLMR_step_item_component_html_step_item_step_number_alf_b,step_item_component_html,b,LLM_ROLE,HELD,1,step_item_component_html__LLMR_step_item_component_html_step_item_step_number_alf_b.mut
LLMR_step_item_component_html_step_item_step_number_alf_c,step_item_component_html,c,LLM_ROLE,HELD,1,step_item_component_html__LLMR_step_item_component_html_step_item_step_number_alf_c.mut
LLMR_step_item_component_html_step_item_step_number_alf_d,step_item_component_html,d,LLM_ROLE,HELD,1,step_item_component_html__LLMR_step_item_component_html_step_item_step_number_alf_d.mut
LLMR_step_item_component_html_step_item_step_number_alf_e,step_item_component_html,e,LLM_ROLE,HELD,1,step_item_component_html__LLMR_step_item_component_html_step_item_step_number_alf_e.mut
LLMR_step_item_component_html_step_item_step_number_alf_f,step_item_component_html,f,LLM_ROLE,HELD,1,step_item_component_html__LLMR_step_item_component_html_step_item_step_number_alf_f.mut
LLMR_step_item_component_html_step_item_step_number_alf_g,step_item_component_html,g,LLM_ROLE,HELD,1,step_item_component_html__LLMR_step_item_component_html_step_item_step_number_alf_g.mut
LLMR_step_item_component_html_step_item_step_number_alf_j,step_item_component_html,j,LLM_ROLE,HELD,1,step_item_component_html__LLMR_step_item_component_html_step_item_step_number_alf_j.mut
LLMR_step_item_component_html_step_item_step_number_alf_k,step_item_component_html,k,LLM_ROLE,HELD,1,step_item_component_html__LLMR_step_item_component_html_step_item_step_number_alf_k.mut
LLMR_step_item_component_html_step_item_step_number_bet_a,step_item_component_html,a,LLM_ROLE,HELD,1,step_item_component_html__LLMR_step_item_component_html_step_item_step_number_bet_a.mut
LLMR_step_item_component_html_step_item_step_number_bet_b,step_item_component_html,b,LLM_ROLE,HELD,1,step_item_component_html__LLMR_step_item_component_html_step_item_step_number_bet_b.mut
LLMR_step_item_component_html_step_item_step_number_bet_c,step_item_component_html,c,LLM_ROLE,HELD,1,step_item_component_html__LLMR_step_item_component_html_step_item_step_number_bet_c.mut
LLMR_step_item_component_html_step_item_step_number_bet_f,step_item_component_html,f,LLM_ROLE,HELD,1,step_item_component_html__LLMR_step_item_component_html_step_item_step_number_bet_f.mut
LLMR_step_item_component_html_step_item_step_number_bet_i,step_item_component_html,i,LLM_ROLE,HELD,1,step_item_component_html__LLMR_step_item_component_html_step_item_step_number_bet_i.mut
LLMR_step_item_component_html_step_item_step_number_bet_j,step_item_component_html,j,LLM_ROLE,HELD,1,step_item_component_html__LLMR_step_item_component_html_step_item_step_number_bet_j.mut
LLMR_step_item_component_html_step_item_step_number_bet_k,step_item_component_html,k,LLM_ROLE,HELD,1,step_item_component_html__LLMR_step_item_component_html_step_item_step_number_bet_k.mut
LLMR_step_item_component_html_step_item_step_number_del_a,step_item_component_html,a,LLM_ROLE,HELD,1,step_item_component_html__LLMR_step_item_component_html_step_item_step_number_del_a.mut
LLMR_step_item_component_html_step_item_step_number_del_b,step_item_component_html,b,LLM_ROLE,HELD,1,step_item_component_html__LLMR_step_item_component_html_step_item_step_number_del_b.mut
LLMR_step_item_component_html_step_item_step_number_del_c,step_item_component_html,c,LLM_ROLE,HELD,1,step_item_component_html__LLMR_step_item_component_html_step_item_step_number_del_c.mut
LLMR_step_item_component_html_step_item_step_number_del_f,step_item_component_html,f,LLM_ROLE,HELD,1,step_item_component_html__LLMR_step_item_component_html_step_item_step_number_del_f.mut
LLMR_step_item_component_html_step_item_step_number_del_g,step_item_component_html,g,LLM_ROLE,HELD,1,step_item_component_html__LLMR_step_item_component_html_step_item_step_number_del_g.mut
LLMR_step_item_component_html_step_item_step_number_del_j,step_item_component_html,j,LLM_ROLE,HELD,1,step_item_component_html__LLMR_step_item_component_html_step_item_step_number_del_j.mut
LLMR_step_item_component_html_step_item_step_number_del_k,step_item_component_html,k,LLM_ROLE,HELD,1,step_item_component_html__LLMR_step_item_component_html_step_item_step_number_del_k.mut
LLMR_step_item_component_html_step_item_step_number_gam_a,step_item_component_html,a,LLM_ROLE,HELD,1,step_item_component_html__LLMR_step_item_component_html_step_item_step_number_gam_a.mut
LLMR_step_item_component_html_step_item_step_number_gam_b,step_item_component_html,b,LLM_ROLE,HELD,1,step_item_component_html__LLMR_step_item_component_html_step_item_step_number_gam_b.mut
LLMR_step_item_component_html_step_item_step_number_gam_c,step_item_component_html,c,LLM_ROLE,HELD,1,step_item_component_html__LLMR_step_item_component_html_step_item_step_number_gam_c.mut
LLMR_step_item_component_html_step_item_step_number_gam_j,step_item_component_html,j,LLM_ROLE,HELD,1,step_item_component_html__LLMR_step_item_component_html_step_item_step_number_gam_j.mut
LLMR_step_item_component_html_step_item_step_number_gam_k,step_item_component_html,k,LLM_ROLE,HELD,1,step_item_component_html__LLMR_step_item_component_html_step_item_step_number_gam_k.mut
LLMR_step_item_component_html_step_item_step_text_alf_a,step_item_component_html,a,LLM_ROLE,HELD,1,step_item_component_html__LLMR_step_item_component_html_step_item_step_text_alf_a.mut
LLMR_step_item_component_html_step_item_step_text_alf_b,step_item_component_html,b,LLM_ROLE,HELD,1,step_item_component_html__LLMR_step_item_component_html_step_item_step_text_alf_b.mut
LLMR_step_item_component_html_step_item_step_text_alf_c,step_item_component_html,c,LLM_ROLE,HELD,1,step_item_component_html__LLMR_step_item_component_html_step_item_step_text_alf_c.mut
LLMR_step_item_component_html_step_item_step_text_alf_d,step_item_component_html,d,LLM_ROLE,HELD,1,step_item_component_html__LLMR_step_item_component_html_step_item_step_text_alf_d.mut
LLMR_step_item_component_html_step_item_step_text_alf_e,step_item_component_html,e,LLM_ROLE,HELD,1,step_item_component_html__LLMR_step_item_component_html_step_item_step_text_alf_e.mut
LLMR_step_item_component_html_step_item_step_text_alf_f,step_item_component_html,f,LLM_ROLE,HELD,1,step_item_component_html__LLMR_step_item_component_html_step_item_step_text_alf_f.mut
LLMR_step_item_component_html_step_item_step_text_alf_g,step_item_component_html,g,LLM_ROLE,HELD,1,step_item_component_html__LLMR_step_item_component_html_step_item_step_text_alf_g.mut
LLMR_step_item_component_html_step_item_step_text_alf_j,step_item_component_html,j,LLM_ROLE,HELD,1,step_item_component_html__LLMR_step_item_component_html_step_item_step_text_alf_j.mut
LLMR_step_item_component_html_step_item_step_text_alf_k,step_item_component_html,k,LLM_ROLE,HELD,1,step_item_component_html__LLMR_step_item_component_html_step_item_step_text_alf_k.mut
LLMR_step_item_component_html_step_item_step_text_bet_a,step_item_component_html,a,LLM_ROLE,HELD,1,step_item_component_html__LLMR_step_item_component_html_step_item_step_text_bet_a.mut
LLMR_step_item_component_html_step_item_step_text_bet_b,step_item_component_html,b,LLM_ROLE,HELD,1,step_item_component_html__LLMR_step_item_component_html_step_item_step_text_bet_b.mut
LLMR_step_item_component_html_step_item_step_text_bet_c,step_item_component_html,c,LLM_ROLE,HELD,1,step_item_component_html__LLMR_step_item_component_html_step_item_step_text_bet_c.mut
LLMR_step_item_component_html_step_item_step_text_bet_f,step_item_component_html,f,LLM_ROLE,HELD,1,step_item_component_html__LLMR_step_item_component_html_step_item_step_text_bet_f.mut
LLMR_step_item_component_html_step_item_step_text_bet_i,step_item_component_html,i,LLM_ROLE,HELD,1,step_item_component_html__LLMR_step_item_component_html_step_item_step_text_bet_i.mut
LLMR_step_item_component_html_step_item_step_text_bet_j,step_item_component_html,j,LLM_ROLE,HELD,1,step_item_component_html__LLMR_step_item_component_html_step_item_step_text_bet_j.mut
LLMR_step_item_component_html_step_item_step_text_bet_k,step_item_component_html,k,LLM_ROLE,HELD,1,step_item_component_html__LLMR_step_item_component_html_step_item_step_text_bet_k.mut
LLMR_step_item_component_html_step_item_step_text_del_a,step_item_component_html,a,LLM_ROLE,HELD,1,step_item_component_html__LLMR_step_item_component_html_step_item_step_text_del_a.mut
LLMR_step_item_component_html_step_item_step_text_del_b,step_item_component_html,b,LLM_ROLE,HELD,1,step_item_component_html__LLMR_step_item_component_html_step_item_step_text_del_b.mut
LLMR_step_item_component_html_step_item_step_text_del_c,step_item_component_html,c,LLM_ROLE,HELD,1,step_item_component_html__LLMR_step_item_component_html_step_item_step_text_del_c.mut
LLMR_step_item_component_html_step_item_step_text_del_d,step_item_component_html,d,LLM_ROLE,HELD,1,step_item_component_html__LLMR_step_item_component_html_step_item_step_text_del_d.mut
LLMR_step_item_component_html_step_item_step_text_del_e,step_item_component_html,e,LLM_ROLE,HELD,1,step_item_component_html__LLMR_step_item_component_html_step_item_step_text_del_e.mut
LLMR_step_item_component_html_step_item_step_text_del_f,step_item_component_html,f,LLM_ROLE,HELD,1,step_item_component_html__LLMR_step_item_component_html_step_item_step_text_del_f.mut
LLMR_step_item_component_html_step_item_step_text_del_g,step_item_component_html,g,LLM_ROLE,HELD,1,step_item_component_html__LLMR_step_item_component_html_step_item_step_text_del_g.mut
LLMR_step_item_component_html_step_item_step_text_del_i,step_item_component_html,i,LLM_ROLE,HELD,1,step_item_component_html__LLMR_step_item_component_html_step_item_step_text_del_i.mut
LLMR_step_item_component_html_step_item_step_text_del_j,step_item_component_html,j,LLM_ROLE,HELD,1,step_item_component_html__LLMR_step_item_component_html_step_item_step_text_del_j.mut
LLMR_step_item_component_html_step_item_step_text_del_k,step_item_component_html,k,LLM_ROLE,HELD,1,step_item_component_html__LLMR_step_item_component_html_step_item_step_text_del_k.mut
LLMR_step_item_component_html_step_item_step_text_gam_a,step_item_component_html,a,LLM_ROLE,HELD,1,step_item_component_html__LLMR_step_item_component_html_step_item_step_text_gam_a.mut
LLMR_step_item_component_html_step_item_step_text_gam_c,step_item_component_html,c,LLM_ROLE,HELD,1,step_item_component_html__LLMR_step_item_component_html_step_item_step_text_gam_c.mut
LLMR_step_item_component_html_step_item_step_text_gam_j,step_item_component_html,j,LLM_ROLE,HELD,1,step_item_component_html__LLMR_step_item_component_html_step_item_step_text_gam_j.mut
LLMR_step_item_component_html_step_item_step_text_gam_k,step_item_component_html,k,LLM_ROLE,HELD,1,step_item_component_html__LLMR_step_item_component_html_step_item_step_text_gam_k.mut
LLMR_h_toast_toast_message_alf,toast_component_html,h,LLM_ROLE,COMPLETE,2,toast_component_html__LLMR_h_toast_toast_message_alf.mut
LLMR_h_toast_toast_message_bet,toast_component_html,h,LLM_ROLE,COMPLETE,2,toast_component_html__LLMR_h_toast_toast_message_bet.mut
LLMR_h_toast_toast_message_del,toast_component_html,h,LLM_ROLE,COMPLETE,2,toast_component_html__LLMR_h_toast_toast_message_del.mut
LLMR_h_toast_toast_message_gam,toast_component_html,h,LLM_ROLE,COMPLETE,2,toast_component_html__LLMR_h_toast_toast_message_gam.mut
LLMR_toast_component_html_toast_toast_message_alf_a,toast_component_html,a,LLM_ROLE,COMPLETE,1,toast_component_html__LLMR_toast_component_html_toast_toast_message_alf_a.mut
LLMR_toast_component_html_toast_toast_message_alf_b,toast_component_html,b,LLM_ROLE,COMPLETE,1,toast_component_html__LLMR_toast_component_html_toast_toast_message_alf_b.mut
LLMR_toast_component_html_toast_toast_message_alf_c,toast_component_html,c,LLM_ROLE,COMPLETE,1,toast_component_html__LLMR_toast_component_html_toast_toast_message_alf_c.mut
LLMR_toast_component_html_toast_toast_message_alf_d,toast_component_html,d,LLM_ROLE,COMPLETE,1,toast_component_html__LLMR_toast_component_html_toast_toast_message_alf_d.mut
LLMR_toast_component_html_toast_toast_message_alf_e,toast_component_html,e,LLM_ROLE,COMPLETE,1,toast_component_html__LLMR_toast_component_html_toast_toast_message_alf_e.mut
LLMR_toast_component_html_toast_toast_message_alf_f,toast_component_html,f,LLM_ROLE,COMPLETE,1,toast_component_html__LLMR_toast_component_html_toast_toast_message_alf_f.mut
LLMR_toast_component_html_toast_toast_message_alf_g,toast_component_html,g,LLM_ROLE,COMPLETE,1,toast_component_html__LLMR_toast_component_html_toast_toast_message_alf_g.mut
LLMR_toast_component_html_toast_toast_message_alf_j,toast_component_html,j,LLM_ROLE,COMPLETE,1,toast_component_html__LLMR_toast_component_html_toast_toast_message_alf_j.mut
LLMR_toast_component_html_toast_toast_message_alf_k,toast_component_html,k,LLM_ROLE,COMPLETE,1,toast_component_html__LLMR_toast_component_html_toast_toast_message_alf_k.mut
LLMR_toast_component_html_toast_toast_message_bet_a,toast_component_html,a,LLM_ROLE,COMPLETE,1,toast_component_html__LLMR_toast_component_html_toast_toast_message_bet_a.mut
LLMR_toast_component_html_toast_toast_message_bet_b,toast_component_html,b,LLM_ROLE,COMPLETE,1,toast_component_html__LLMR_toast_component_html_toast_toast_message_bet_b.mut
LLMR_toast_component_html_toast_toast_message_bet_c,toast_component_html,c,LLM_ROLE,COMPLETE,1,toast_component_html__LLMR_toast_component_html_toast_toast_message_bet_c.mut
LLMR_toast_component_html_toast_toast_message_bet_i,toast_component_html,i,LLM_ROLE,COMPLETE,1,toast_component_html__LLMR_toast_component_html_toast_toast_message_bet_i.mut
LLMR_toast_component_html_toast_toast_message_bet_j,toast_component_html,j,LLM_ROLE,COMPLETE,1,toast_component_html__LLMR_toast_component_html_toast_toast_message_bet_j.mut
LLMR_toast_component_html_toast_toast_message_bet_k,toast_component_html,k,LLM_ROLE,COMPLETE,1,toast_component_html__LLMR_toast_component_html_toast_toast_message_bet_k.mut
LLMR_toast_component_html_toast_toast_message_del_a,toast_component_html,a,LLM_ROLE,COMPLETE,1,toast_component_html__LLMR_toast_component_html_toast_toast_message_del_a.mut
LLMR_toast_component_html_toast_toast_message_del_b,toast_component_html,b,LLM_ROLE,COMPLETE,1,toast_component_html__LLMR_toast_component_html_toast_toast_message_del_b.mut
LLMR_toast_component_html_toast_toast_message_del_c,toast_component_html,c,LLM_ROLE,COMPLETE,1,toast_component_html__LLMR_toast_component_html_toast_toast_message_del_c.mut
LLMR_toast_component_html_toast_toast_message_del_d,toast_component_html,d,LLM_ROLE,COMPLETE,1,toast_component_html__LLMR_toast_component_html_toast_toast_message_del_d.mut
LLMR_toast_component_html_toast_toast_message_del_e,toast_component_html,e,LLM_ROLE,COMPLETE,1,toast_component_html__LLMR_toast_component_html_toast_toast_message_del_e.mut
LLMR_toast_component_html_toast_toast_message_del_f,toast_component_html,f,LLM_ROLE,COMPLETE,1,toast_component_html__LLMR_toast_component_html_toast_toast_message_del_f.mut
LLMR_toast_component_html_toast_toast_message_del_g,toast_component_html,g,LLM_ROLE,COMPLETE,1,toast_component_html__LLMR_toast_component_html_toast_toast_message_del_g.mut
LLMR_toast_component_html_toast_toast_message_del_i,toast_component_html,i,LLM_ROLE,COMPLETE,1,toast_component_html__LLMR_toast_component_html_toast_toast_message_del_i.mut
LLMR_toast_component_html_toast_toast_message_del_j,toast_component_html,j,LLM_ROLE,COMPLETE,1,toast_component_html__LLMR_toast_component_html_toast_toast_message_del_j.mut
LLMR_toast_component_html_toast_toast_message_del_k,toast_component_html,k,LLM_ROLE,COMPLETE,1,toast_component_html__LLMR_toast_component_html_toast_toast_message_del_k.mut
LLMR_toast_component_html_toast_toast_message_gam_a,toast_component_html,a,LLM_ROLE,COMPLETE,1,toast_component_html__LLMR_toast_component_html_toast_toast_message_gam_a.mut
LLMR_toast_component_html_toast_toast_message_gam_b,toast_component_html,b,LLM_ROLE,COMPLETE,1,toast_component_html__LLMR_toast_component_html_toast_toast_message_gam_b.mut
LLMR_toast_component_html_toast_toast_message_gam_c,toast_component_html,c,LLM_ROLE,COMPLETE,1,toast_component_html__LLMR_toast_component_html_toast_toast_message_gam_c.mut
LLMR_toast_component_html_toast_toast_message_gam_j,toast_component_html,j,LLM_ROLE,COMPLETE,1,toast_component_html__LLMR_toast_component_html_toast_toast_message_gam_j.mut
LLMR_toast_component_html_toast_toast_message_gam_k,toast_component_html,k,LLM_ROLE,COMPLETE,1,toast_component_html__LLMR_toast_component_html_toast_toast_message_gam_k.mut
