MutationId,Element,Name,Type,Status,Files,ExportFile
LLMR_app_component_html_app_main_alf_f,app_component_html,f,LLM_ROLE,COMPLETE,1,app_component_html__LLMR_app_component_html_app_main_alf_f.mut
LLMR_app_component_html_app_main_del_f,app_component_html,f,LLM_ROLE,COMPLETE,1,app_component_html__LLMR_app_component_html_app_main_del_f.mut
LLMR_app_component_html_auto_app_footer_alf_a,app_component_html,a,LLM_ROLE,COMPLETE,1,app_component_html__LLMR_app_component_html_auto_app_footer_alf_a.mut
LLMR_app_component_html_auto_app_footer_alf_b,app_component_html,b,LLM_ROLE,COMPLETE,1,app_component_html__LLMR_app_component_html_auto_app_footer_alf_b.mut
LLMR_app_component_html_auto_app_footer_alf_c,app_component_html,c,LLM_ROLE,COMPLETE,1,app_component_html__LLMR_app_component_html_auto_app_footer_alf_c.mut
LLMR_app_component_html_auto_app_footer_alf_j,app_component_html,j,LLM_ROLE,COMPLETE,1,app_component_html__LLMR_app_component_html_auto_app_footer_alf_j.mut
LLMR_app_component_html_auto_app_footer_alf_k,app_component_html,k,LLM_ROLE,COMPLETE,1,app_component_html__LLMR_app_component_html_auto_app_footer_alf_k.mut
LLMR_app_component_html_footer_brand_alf_a,app_component_html,a,LLM_ROLE,COMPLETE,1,app_component_html__LLMR_app_component_html_footer_brand_alf_a.mut
LLMR_app_component_html_footer_brand_alf_b,app_component_html,b,LLM_ROLE,COMPLETE,1,app_component_html__LLMR_app_component_html_footer_brand_alf_b.mut
LLMR_app_component_html_footer_brand_alf_c,app_component_html,c,LLM_ROLE,COMPLETE,1,app_component_html__LLMR_app_component_html_footer_brand_alf_c.mut
LLMR_app_component_html_footer_brand_alf_d,app_component_html,d,LLM_ROLE,COMPLETE,1,app_component_html__LLMR_app_component_html_footer_brand_alf_d.mut
LLMR_app_component_html_footer_brand_alf_e,app_component_html,e,LLM_ROLE,COMPLETE,1,app_component_html__LLMR_app_component_html_footer_brand_alf_e.mut
LLMR_app_component_html_footer_brand_alf_f,app_component_html,f,LLM_ROLE,COMPLETE,1,app_component_html__LLMR_app_component_html_footer_brand_alf_f.mut
LLMR_app_component_html_footer_brand_alf_g,app_component_html,g,LLM_ROLE,COMPLETE,1,app_component_html__LLMR_app_component_html_footer_brand_alf_g.mut
LLMR_app_component_html_footer_brand_alf_j,app_component_html,j,LLM_ROLE,COMPLETE,1,app_component_html__LLMR_app_component_html_footer_brand_alf_j.mut
LLMR_app_component_html_footer_brand_alf_k,app_component_html,k,LLM_ROLE,COMPLETE,1,app_component_html__LLMR_app_component_html_footer_brand_alf_k.mut
LLMR_app_component_html_footer_brand_bet_a,app_component_html,a,LLM_ROLE,COMPLETE,1,app_component_html__LLMR_app_component_html_footer_brand_bet_a.mut
LLMR_app_component_html_footer_brand_bet_c,app_component_html,c,LLM_ROLE,COMPLETE,1,app_component_html__LLMR_app_component_html_footer_brand_bet_c.mut
LLMR_app_component_html_footer_brand_bet_g,app_component_html,g,LLM_ROLE,COMPLETE,1,app_component_html__LLMR_app_component_html_footer_brand_bet_g.mut
LLMR_app_component_html_footer_brand_bet_j,app_component_html,j,LLM_ROLE,COMPLETE,1,app_component_html__LLMR_app_component_html_footer_brand_bet_j.mut
LLMR_app_component_html_footer_brand_bet_k,app_component_html,k,LLM_ROLE,COMPLETE,1,app_component_html__LLMR_app_component_html_footer_brand_bet_k.mut
LLMR_app_component_html_footer_brand_del_a,app_component_html,a,LLM_ROLE,COMPLETE,1,app_component_html__LLMR_app_component_html_footer_brand_del_a.mut
LLMR_app_component_html_footer_brand_del_b,app_component_html,b,LLM_ROLE,COMPLETE,1,app_component_html__LLMR_app_component_html_footer_brand_del_b.mut
LLMR_app_component_html_footer_brand_del_c,app_component_html,c,LLM_ROLE,COMPLETE,1,app_component_html__LLMR_app_component_html_footer_brand_del_c.mut
LLMR_app_component_html_footer_brand_del_d,app_component_html,d,LLM_ROLE,COMPLETE,1,app_component_html__LLMR_app_component_html_footer_brand_del_d.mut
LLMR_app_component_html_footer_brand_del_e,app_component_html,e,LLM_ROLE,COMPLETE,1,app_component_html__LLMR_app_component_html_footer_brand_del_e.mut
LLMR_app_component_html_footer_brand_del_f,app_component_html,f,LLM_ROLE,COMPLETE,1,app_component_html__LLMR_app_component_html_footer_brand_del_f.mut
LLMR_app_component_html_footer_brand_del_g,app_component_html,g,LLM_ROLE,COMPLETE,1,app_component_html__LLMR_app_component_html_footer_brand_del_g.mut
LLMR_app_component_html_footer_brand_del_j,app_component_html,j,LLM_ROLE,COMPLETE,1,app_component_html__LLMR_app_component_html_footer_brand_del_j.mut
LLMR_app_component_html_footer_brand_del_k,app_component_html,k,LLM_ROLE,COMPLETE,1,app_component_html__LLMR_app_component_html_footer_brand_del_k.mut
LLMR_app_component_html_footer_brand_gam_f,app_component_html,f,LLM_ROLE,COMPLETE,1,app_component_html__LLMR_app_component_html_footer_brand_gam_f.mut
LLMR_app_component_html_footer_note_alf_a,app_component_html,a,LLM_ROLE,COMPLETE,1,app_component_html__LLMR_app_component_html_footer_note_alf_a.mut
LLMR_app_component_html_footer_note_alf_b,app_component_html,b,LLM_ROLE,COMPLETE,1,app_component_html__LLMR_app_component_html_footer_note_alf_b.mut
LLMR_app_component_html_footer_note_alf_c,app_component_html,c,LLM_ROLE,COMPLETE,1,app_component_html__LLMR_app_component_html_footer_note_alf_c.mut
LLMR_app_component_html_footer_note_alf_d,app_component_html,d,LLM_ROLE,COMPLETE,1,app_component_html__LLMR_app_component_html_footer_note_alf_d.mut
LLMR_app_component_html_footer_note_alf_e,app_component_html,e,LLM_ROLE,COMPLETE,1,app_component_html__LLMR_app_component_html_footer_note_alf_e.mut
LLMR_app_component_html_footer_note_alf_f,app_component_html,f,LLM_ROLE,COMPLETE,1,app_component_html__LLMR_app_component_html_footer_note_alf_f.mut
LLMR_app_component_html_footer_note_alf_g,app_component_html,g,LLM_ROLE,COMPLETE,1,app_component_html__LLMR_app_component_html_footer_note_alf_g.mut
LLMR_app_component_html_footer_note_alf_j,app_component_html,j,LLM_ROLE,COMPLETE,1,app_component_html__LLMR_app_component_html_footer_note_alf_j.mut
LLMR_app_component_html_footer_note_alf_k,app_component_html,k,LLM_ROLE,COMPLETE,1,app_component_html__LLMR_app_component_html_footer_note_alf_k.mut
LLMR_app_component_html_footer_note_del_f,app_component_html,f,LLM_ROLE,COMPLETE,1,app_component_html__LLMR_app_component_html_footer_note_del_f.mut
LLMR_app_component_html_footer_note_del_g,app_component_html,g,LLM_ROLE,COMPLETE,1,app_component_html__LLMR_app_component_html_footer_note_del_g.mut
LLMR_app_component_html_footer_version_alf_a,app_component_html,a,LLM_ROLE,COMPLETE,1,app_component_html__LLMR_app_component_html_footer_version_alf_a.mut
LLMR_app_component_html_footer_version_alf_b,app_component_html,b,LLM_ROLE,COMPLETE,1,app_component_html__LLMR_app_component_html_footer_version_alf_b.mut
LLMR_app_component_html_footer_version_alf_c,app_component_html,c,LLM_ROLE,COMPLETE,1,app_component_html__LLMR_app_component_html_footer_version_alf_c.mut
LLMR_app_component_html_footer_version_alf_d,app_component_html,d,LLM_ROLE,COMPLETE,1,app_component_html__LLMR_app_component_html_footer_version_alf_d.mut
LLMR_app_component_html_footer_version_alf_e,app_component_html,e,LLM_ROLE,COMPLETE,1,app_component_html__LLMR_app_component_html_footer_version_alf_e.mut
LLMR_app_component_html_footer_version_alf_f,app_component_html,f,LLM_ROLE,COMPLETE,1,app_component_html__LLMR_app_component_html_footer_version_alf_f.mut
LLMR_app_component_html_footer_version_alf_g,app_component_html,g,LLM_ROLE,COMPLETE,1,app_component_html__LLMR_app_component_html_footer_version_alf_g.mut
LLMR_app_component_html_footer_version_alf_j,app_component_html,j,LLM_ROLE,COMPLETE,1,app_component_html__LLMR_app_component_html_footer_version_alf_j.mut
LLMR_app_component_html_footer_version_alf_k,app_component_html,k,LLM_ROLE,COMPLETE,1,app_component_html__LLMR_app_component_html_footer_version_alf_k.mut
LLMR_h_app_main_alf,app_component_html,h,LLM_ROLE,COMPLETE,2,app_component_html__LLMR_h_app_main_alf.mut
LLMR_h_app_main_bet,app_component_html,h,LLM_ROLE,COMPLETE,2,app_component_html__LLMR_h_app_main_bet.mut
LLMR_h_app_main_del,app_component_html,h,LLM_ROLE,COMPLETE,2,app_component_html__LLMR_h_app_main_del.mut
LLMR_h_footer_brand_alf,app_component_html,h,LLM_ROLE,COMPLETE,2,app_component_html__LLMR_h_footer_brand_alf.mut
LLMR_h_footer_brand_bet,app_component_html,h,LLM_ROLE,COMPLETE,2,app_component_html__LLMR_h_footer_brand_bet.mut
LLMR_h_footer_brand_del,app_component_html,h,LLM_ROLE,COMPLETE,2,app_component_html__LLMR_h_footer_brand_del.mut
LLMR_h_footer_brand_gam,app_component_html,h,LLM_ROLE,COMPLETE,2,app_component_html__LLMR_h_footer_brand_gam.mut
LLMR_h_footer_note_alf,app_component_html,h,LLM_ROLE,COMPLETE,2,app_component_html__LLMR_h_footer_note_alf.mut
LLMR_h_footer_note_del,app_component_html,h,LLM_ROLE,COMPLETE,2,app_component_html__LLMR_h_footer_note_del.mut
LLMR_h_footer_version_alf,app_component_html,h,LLM_ROLE,COMPLETE,2,app_component_html__LLMR_h_footer_version_alf.mut
LLMR_board_component_html_auto_board_board_intro_alf_a,board_component_html,a,LLM_ROLE,HELD,1,board_component_html__LLMR_board_component_html_auto_board_board_intro_alf_a.mut
LLMR_board_component_html_auto_board_board_intro_alf_b,board_component_html,b,LLM_ROLE,HELD,1,board_component_html__LLMR_board_component_html_auto_board_board_intro_alf_b.mut
LLMR_board_component_html_auto_board_board_intro_alf_c,board_component_html,c,LLM_ROLE,HELD,1,board_component_html__LLMR_board_component_html_auto_board_board_intro_alf_c.mut
LLMR_board_component_html_auto_board_board_intro_alf_j,board_component_html,j,LLM_ROLE,HELD,1,board_component_html__LLMR_board_component_html_auto_board_board_intro_alf_j.mut
LLMR_board_component_html_auto_board_board_intro_alf_k,board_component_html,k,LLM_ROLE,HELD,1,board_component_html__LLMR_board_component_html_auto_board_board_intro_alf_k.mut
LLMR_board_component_html_auto_board_column_del_f,board_component_html,f,LLM_ROLE,HELD,1,board_component_html__LLMR_board_component_html_auto_board_column_del_f.mut
LLMR_board_component_html_auto_board_column_del_g,board_component_html,g,LLM_ROLE,HELD,1,board_component_html__LLMR_board_component_html_auto_board_column_del_g.mut
LLMR_board_component_html_auto_board_toolbar_actions_alf_a,board_component_html,a,LLM_ROLE,HELD,1,board_component_html__LLMR_board_component_html_auto_board_toolbar_actions_alf_a.mut
LLMR_board_component_html_auto_board_toolbar_actions_alf_b,board_component_html,b,LLM_ROLE,HELD,1,board_component_html__LLMR_board_component_html_auto_board_toolbar_actions_alf_b.mut
LLMR_board_component_html_auto_board_toolbar_actions_alf_c,board_component_html,c,LLM_ROLE,HELD,1,board_component_html__LLMR_board_component_html_auto_board_toolbar_actions_alf_c.mut
LLMR_board_component_html_auto_board_toolbar_actions_alf_j,board_component_html,j,LLM_ROLE,HELD,1,board_component_html__LLMR_board_component_html_auto_board_toolbar_actions_alf_j.mut
LLMR_board_component_html_auto_board_toolbar_actions_alf_k,board_component_html,k,LLM_ROLE,HELD,1,board_component_html__LLMR_board_component_html_auto_board_toolbar_actions_alf_k.mut
LLMR_board_component_html_auto_board_toolbar_assignee_alf_a,board_component_html,a,LLM_ROLE,HELD,1,board_component_html__LLMR_board_component_html_auto_board_toolbar_assignee_alf_a.mut
LLMR_board_component_html_auto_board_toolbar_assignee_alf_b,board_component_html,b,LLM_ROLE,HELD,1,board_component_html__LLMR_board_component_html_auto_board_toolbar_assignee_alf_b.mut
LLMR_board_component_html_auto_board_toolbar_assignee_alf_c,board_component_html,c,LLM_ROLE,HELD,1,board_component_html__LLMR_board_component_html_auto_board_toolbar_assignee_alf_c.mut
LLMR_board_component_html_auto_board_toolbar_assignee_alf_j,board_component_html,j,LLM_ROLE,HELD,1,board_component_html__LLMR_board_component_html_auto_board_toolbar_assignee_alf_j.mut
LLMR_board_component_html_auto_board_toolbar_assignee_alf_k,board_component_html,k,LLM_ROLE,HELD,1,board_component_html__LLMR_board_component_html_auto_board_toolbar_assignee_alf_k.mut
LLMR_board_component_html_auto_board_toolbar_info_alf_a,board_component_html,a,LLM_ROLE,HELD,1,board_component_html__LLMR_board_component_html_auto_board_toolbar_info_alf_a.mut
LLMR_board_component_html_auto_board_toolbar_info_alf_b,board_component_html,b,LLM_ROLE,HELD,1,board_component_html__LLMR_board_component_html_auto_board_toolbar_info_alf_b.mut
LLMR_board_component_html_auto_board_toolbar_info_alf_c,board_component_html,c,LLM_ROLE,HELD,1,board_component_html__LLMR_board_component_html_auto_board_toolbar_info_alf_c.mut
LLMR_board_component_html_auto_board_toolbar_info_alf_j,board_component_html,j,LLM_ROLE,HELD,1,board_component_html__LLMR_board_component_html_auto_board_toolbar_info_alf_j.mut
LLMR_board_component_html_auto_board_toolbar_info_alf_k,board_component_html,k,LLM_ROLE,HELD,1,board_component_html__LLMR_board_component_html_auto_board_toolbar_info_alf_k.mut
LLMR_board_component_html_auto_board_toolbar_priority_alf_a,board_component_html,a,LLM_ROLE,HELD,1,board_component_html__LLMR_board_component_html_auto_board_toolbar_priority_alf_a.mut
LLMR_board_component_html_auto_board_toolbar_priority_alf_b,board_component_html,b,LLM_ROLE,HELD,1,board_component_html__LLMR_board_component_html_auto_board_toolbar_priority_alf_b.mut
LLMR_board_component_html_auto_board_toolbar_priority_alf_c,board_component_html,c,LLM_ROLE,HELD,1,board_component_html__LLMR_board_component_html_auto_board_toolbar_priority_alf_c.mut
LLMR_board_component_html_auto_board_toolbar_priority_alf_j,board_component_html,j,LLM_ROLE,HELD,1,board_component_html__LLMR_board_component_html_auto_board_toolbar_priority_alf_j.mut
LLMR_board_component_html_auto_board_toolbar_priority_alf_k,board_component_html,k,LLM_ROLE,HELD,1,board_component_html__LLMR_board_component_html_auto_board_toolbar_priority_alf_k.mut
LLMR_board_component_html_auto_board_toolbar_search_alf_a,board_component_html,a,LLM_ROLE,HELD,1,board_component_html__LLMR_board_component_html_auto_board_toolbar_search_alf_a.mut
LLMR_board_component_html_auto_board_toolbar_search_alf_b,board_component_html,b,LLM_ROLE,HELD,1,board_component_html__LLMR_board_component_html_auto_board_toolbar_search_alf_b.mut
LLMR_board_component_html_auto_board_toolbar_search_alf_c,board_component_html,c,LLM_ROLE,HELD,1,board_component_html__LLMR_board_component_html_auto_board_toolbar_search_alf_c.mut
LLMR_board_component_html_auto_board_toolbar_search_alf_j,board_component_html,j,LLM_ROLE,HELD,1,board_component_html__LLMR_board_component_html_auto_board_toolbar_search_alf_j.mut
LLMR_board_component_html_auto_board_toolbar_search_alf_k,board_component_html,k,LLM_ROLE,HELD,1,board_component_html__LLMR_board_component_html_auto_board_toolbar_search_alf_k.mut
LLMR_board_component_html_board_add_card_alf_a,board_component_html,a,LLM_ROLE,HELD,1,board_component_html__LLMR_board_component_html_board_add_card_alf_a.mut
LLMR_board_component_html_board_add_card_alf_b,board_component_html,b,LLM_ROLE,HELD,1,board_component_html__LLMR_board_component_html_board_add_card_alf_b.mut
LLMR_board_component_html_board_add_card_alf_c,board_component_html,c,LLM_ROLE,HELD,1,board_component_html__LLMR_board_component_html_board_add_card_alf_c.mut
LLMR_board_component_html_board_add_card_alf_d,board_component_html,d,LLM_ROLE,HELD,1,board_component_html__LLMR_board_component_html_board_add_card_alf_d.mut
LLMR_board_component_html_board_add_card_alf_e,board_component_html,e,LLM_ROLE,HELD,1,board_component_html__LLMR_board_component_html_board_add_card_alf_e.mut
LLMR_board_component_html_board_add_card_alf_f,board_component_html,f,LLM_ROLE,HELD,1,board_component_html__LLMR_board_component_html_board_add_card_alf_f.mut
LLMR_board_component_html_board_add_card_alf_g,board_component_html,g,LLM_ROLE,HELD,1,board_component_html__LLMR_board_component_html_board_add_card_alf_g.mut
LLMR_board_component_html_board_add_card_alf_j,board_component_html,j,LLM_ROLE,HELD,1,board_component_html__LLMR_board_component_html_board_add_card_alf_j.mut
LLMR_board_component_html_board_add_card_alf_k,board_component_html,k,LLM_ROLE,HELD,1,board_component_html__LLMR_board_component_html_board_add_card_alf_k.mut
LLMR_board_component_html_board_add_card_bet_f,board_component_html,f,LLM_ROLE,HELD,1,board_component_html__LLMR_board_component_html_board_add_card_bet_f.mut
LLMR_board_component_html_board_add_card_bet_g,board_component_html,g,LLM_ROLE,HELD,1,board_component_html__LLMR_board_component_html_board_add_card_bet_g.mut
LLMR_board_component_html_board_add_card_del_f,board_component_html,f,LLM_ROLE,HELD,1,board_component_html__LLMR_board_component_html_board_add_card_del_f.mut
LLMR_board_component_html_board_add_card_del_g,board_component_html,g,LLM_ROLE,HELD,1,board_component_html__LLMR_board_component_html_board_add_card_del_g.mut
LLMR_board_component_html_board_assignee_label_alf_a,board_component_html,a,LLM_ROLE,HELD,1,board_component_html__LLMR_board_component_html_board_assignee_label_alf_a.mut
LLMR_board_component_html_board_assignee_label_alf_b,board_component_html,b,LLM_ROLE,HELD,1,board_component_html__LLMR_board_component_html_board_assignee_label_alf_b.mut
LLMR_board_component_html_board_assignee_label_alf_c,board_component_html,c,LLM_ROLE,HELD,1,board_component_html__LLMR_board_component_html_board_assignee_label_alf_c.mut
LLMR_board_component_html_board_assignee_label_alf_d,board_component_html,d,LLM_ROLE,HELD,1,board_component_html__LLMR_board_component_html_board_assignee_label_alf_d.mut
LLMR_board_component_html_board_assignee_label_alf_e,board_component_html,e,LLM_ROLE,HELD,1,board_component_html__LLMR_board_component_html_board_assignee_label_alf_e.mut
LLMR_board_component_html_board_assignee_label_alf_j,board_component_html,j,LLM_ROLE,HELD,1,board_component_html__LLMR_board_component_html_board_assignee_label_alf_j.mut
LLMR_board_component_html_board_assignee_label_alf_k,board_component_html,k,LLM_ROLE,HELD,1,board_component_html__LLMR_board_component_html_board_assignee_label_alf_k.mut
LLMR_board_component_html_board_column_count_alf_a,board_component_html,a,LLM_ROLE,HELD,1,board_component_html__LLMR_board_component_html_board_column_count_alf_a.mut
LLMR_board_component_html_board_column_count_alf_b,board_component_html,b,LLM_ROLE,HELD,1,board_component_html__LLMR_board_component_html_board_column_count_alf_b.mut
LLMR_board_component_html_board_column_count_alf_c,board_component_html,c,LLM_ROLE,HELD,1,board_component_html__LLMR_board_component_html_board_column_count_alf_c.mut
LLMR_board_component_html_board_column_count_alf_j,board_component_html,j,LLM_ROLE,HELD,1,board_component_html__LLMR_board_component_html_board_column_count_alf_j.mut
LLMR_board_component_html_board_column_count_alf_k,board_component_html,k,LLM_ROLE,HELD,1,board_component_html__LLMR_board_component_html_board_column_count_alf_k.mut
LLMR_board_component_html_board_column_title_alf_a,board_component_html,a,LLM_ROLE,HELD,1,board_component_html__LLMR_board_component_html_board_column_title_alf_a.mut
LLMR_board_component_html_board_column_title_alf_b,board_component_html,b,LLM_ROLE,HELD,1,board_component_html__LLMR_board_component_html_board_column_title_alf_b.mut
LLMR_board_component_html_board_column_title_alf_c,board_component_html,c,LLM_ROLE,HELD,1,board_component_html__LLMR_board_component_html_board_column_title_alf_c.mut
LLMR_board_component_html_board_column_title_alf_d,board_component_html,d,LLM_ROLE,HELD,1,board_component_html__LLMR_board_component_html_board_column_title_alf_d.mut
LLMR_board_component_html_board_column_title_alf_e,board_component_html,e,LLM_ROLE,HELD,1,board_component_html__LLMR_board_component_html_board_column_title_alf_e.mut
LLMR_board_component_html_board_column_title_alf_f,board_component_html,f,LLM_ROLE,HELD,1,board_component_html__LLMR_board_component_html_board_column_title_alf_f.mut
LLMR_board_component_html_board_column_title_alf_g,board_component_html,g,LLM_ROLE,HELD,1,board_component_html__LLMR_board_component_html_board_column_title_alf_g.mut
LLMR_board_component_html_board_column_title_alf_j,board_component_html,j,LLM_ROLE,HELD,1,board_component_html__LLMR_board_component_html_board_column_title_alf_j.mut
LLMR_board_component_html_board_column_title_alf_k,board_component_html,k,LLM_ROLE,HELD,1,board_component_html__LLMR_board_component_html_board_column_title_alf_k.mut
LLMR_board_component_html_board_column_title_bet_a,board_component_html,a,LLM_ROLE,HELD,1,board_component_html__LLMR_board_component_html_board_column_title_bet_a.mut
LLMR_board_component_html_board_column_title_bet_b,board_component_html,b,LLM_ROLE,HELD,1,board_component_html__LLMR_board_component_html_board_column_title_bet_b.mut
LLMR_board_component_html_board_column_title_bet_c,board_component_html,c,LLM_ROLE,HELD,1,board_component_html__LLMR_board_component_html_board_column_title_bet_c.mut
LLMR_board_component_html_board_column_title_bet_f,board_component_html,f,LLM_ROLE,HELD,1,board_component_html__LLMR_board_component_html_board_column_title_bet_f.mut
LLMR_board_component_html_board_column_title_bet_g,board_component_html,g,LLM_ROLE,HELD,1,board_component_html__LLMR_board_component_html_board_column_title_bet_g.mut
LLMR_board_component_html_board_column_title_bet_j,board_component_html,j,LLM_ROLE,HELD,1,board_component_html__LLMR_board_component_html_board_column_title_bet_j.mut
LLMR_board_component_html_board_column_title_bet_k,board_component_html,k,LLM_ROLE,HELD,1,board_component_html__LLMR_board_component_html_board_column_title_bet_k.mut
LLMR_board_component_html_board_column_title_del_f,board_component_html,f,LLM_ROLE,HELD,1,board_component_html__LLMR_board_component_html_board_column_title_del_f.mut
LLMR_board_component_html_board_column_title_del_g,board_component_html,g,LLM_ROLE,HELD,1,board_component_html__LLMR_board_component_html_board_column_title_del_g.mut
LLMR_board_component_html_board_column_title_gam_f,board_component_html,f,LLM_ROLE,HELD,1,board_component_html__LLMR_board_component_html_board_column_title_gam_f.mut
LLMR_board_component_html_board_column_title_gam_g,board_component_html,g,LLM_ROLE,HELD,1,board_component_html__LLMR_board_component_html_board_column_title_gam_g.mut
LLMR_board_component_html_board_columns_alf_f,board_component_html,f,LLM_ROLE,HELD,1,board_component_html__LLMR_board_component_html_board_columns_alf_f.mut
LLMR_board_component_html_board_demo_badge_alf_a,board_component_html,a,LLM_ROLE,HELD,1,board_component_html__LLMR_board_component_html_board_demo_badge_alf_a.mut
LLMR_board_component_html_board_demo_badge_alf_b,board_component_html,b,LLM_ROLE,HELD,1,board_component_html__LLMR_board_component_html_board_demo_badge_alf_b.mut
LLMR_board_component_html_board_demo_badge_alf_c,board_component_html,c,LLM_ROLE,HELD,1,board_component_html__LLMR_board_component_html_board_demo_badge_alf_c.mut
LLMR_board_component_html_board_demo_badge_alf_d,board_component_html,d,LLM_ROLE,HELD,1,board_component_html__LLMR_board_component_html_board_demo_badge_alf_d.mut
LLMR_board_component_html_board_demo_badge_alf_e,board_component_html,e,LLM_ROLE,HELD,1,board_component_html__LLMR_board_component_html_board_demo_badge_alf_e.mut
LLMR_board_component_html_board_demo_badge_alf_j,board_component_html,j,LLM_ROLE,HELD,1,board_component_html__LLMR_board_component_html_board_demo_badge_alf_j.mut
LLMR_board_component_html_board_demo_badge_alf_k,board_component_html,k,LLM_ROLE,HELD,1,board_component_html__LLMR_board_component_html_board_demo_badge_alf_k.mut
LLMR_board_component_html_board_demo_badge_del_f,board_component_html,f,LLM_ROLE,HELD,1,board_component_html__LLMR_board_component_html_board_demo_badge_del_f.mut
LLMR_board_component_html_board_demo_badge_del_g,board_component_html,g,LLM_ROLE,HELD,1,board_component_html__LLMR_board_component_html_board_demo_badge_del_g.mut
LLMR_board_component_html_board_filter_assignee_alf_a,board_component_html,a,LLM_ROLE,HELD,1,board_component_html__LLMR_board_component_html_board_filter_assignee_alf_a.mut
LLMR_board_component_html_board_filter_assignee_alf_b,board_component_html,b,LLM_ROLE,HELD,1,board_component_html__LLMR_board_component_html_board_filter_assignee_alf_b.mut
LLMR_board_component_html_board_filter_assignee_alf_c,board_component_html,c,LLM_ROLE,HELD,1,board_component_html__LLMR_board_component_html_board_filter_assignee_alf_c.mut
LLMR_board_component_html_board_filter_assignee_alf_f,board_component_html,f,LLM_ROLE,HELD,1,board_component_html__LLMR_board_component_html_board_filter_assignee_alf_f.mut
LLMR_board_component_html_board_filter_assignee_alf_g,board_component_html,g,LLM_ROLE,HELD,1,board_component_html__LLMR_board_component_html_board_filter_assignee_alf_g.mut
LLMR_board_component_html_board_filter_assignee_alf_j,board_component_html,j,LLM_ROLE,HELD,1,board_component_html__LLMR_board_component_html_board_filter_assignee_alf_j.mut
LLMR_board_component_html_board_filter_assignee_alf_k,board_component_html,k,LLM_ROLE,HELD,1,board_component_html__LLMR_board_component_html_board_filter_assignee_alf_k.mut
LLMR_board_component_html_board_filter_assignee_bet_f,board_component_html,f,LLM_ROLE,HELD,1,board_component_html__LLMR_board_component_html_board_filter_assignee_bet_f.mut
LLMR_board_component_html_board_filter_assignee_bet_g,board_component_html,g,LLM_ROLE,HELD,1,board_component_html__LLMR_board_component_html_board_filter_assignee_bet_g.mut
LLMR_board_component_html_board_filter_assignee_del_f,board_component_html,f,LLM_ROLE,HELD,1,board_component_html__LLMR_board_component_html_board_filter_assignee_del_f.mut
LLMR_board_component_html_board_filter_assignee_del_g,board_component_html,g,LLM_ROLE,HELD,1,board_component_html__LLMR_board_component_html_board_filter_assignee_del_g.mut
LLMR_board_component_html_board_filter_priority_alf_a,board_component_html,a,LLM_ROLE,HELD,1,board_component_html__LLMR_board_component_html_board_filter_priority_alf_a.mut
LLMR_board_component_html_board_filter_priority_alf_b,board_component_html,b,LLM_ROLE,HELD,1,board_component_html__LLMR_board_component_html_board_filter_priority_alf_b.mut
LLMR_board_component_html_board_filter_priority_alf_c,board_component_html,c,LLM_ROLE,HELD,1,board_component_html__LLMR_board_component_html_board_filter_priority_alf_c.mut
LLMR_board_component_html_board_filter_priority_alf_f,board_component_html,f,LLM_ROLE,HELD,1,board_component_html__LLMR_board_component_html_board_filter_priority_alf_f.mut
LLMR_board_component_html_board_filter_priority_alf_g,board_component_html,g,LLM_ROLE,HELD,1,board_component_html__LLMR_board_component_html_board_filter_priority_alf_g.mut
LLMR_board_component_html_board_filter_priority_alf_j,board_component_html,j,LLM_ROLE,HELD,1,board_component_html__LLMR_board_component_html_board_filter_priority_alf_j.mut
LLMR_board_component_html_board_filter_priority_alf_k,board_component_html,k,LLM_ROLE,HELD,1,board_component_html__LLMR_board_component_html_board_filter_priority_alf_k.mut
LLMR_board_component_html_board_filter_priority_bet_f,board_component_html,f,LLM_ROLE,HELD,1,board_component_html__LLMR_board_component_html_board_filter_priority_bet_f.mut
LLMR_board_component_html_board_filter_priority_bet_g,board_component_html,g,LLM_ROLE,HELD,1,board_component_html__LLMR_board_component_html_board_filter_priority_bet_g.mut
LLMR_board_component_html_board_filter_priority_del_f,board_component_html,f,LLM_ROLE,HELD,1,board_component_html__LLMR_board_component_html_board_filter_priority_del_f.mut
LLMR_board_component_html_board_filter_priority_del_g,board_component_html,g,LLM_ROLE,HELD,1,board_component_html__LLMR_board_component_html_board_filter_priority_del_g.mut
LLMR_board_component_html_board_filtered_count_alf_a,board_component_html,a,LLM_ROLE,HELD,1,board_component_html__LLMR_board_component_html_board_filtered_count_alf_a.mut
LLMR_board_component_html_board_filtered_count_alf_b,board_component_html,b,LLM_ROLE,HELD,1,board_component_html__LLMR_board_component_html_board_filtered_count_alf_b.mut
LLMR_board_component_html_board_filtered_count_alf_c,board_component_html,c,LLM_ROLE,HELD,1,board_component_html__LLMR_board_component_html_board_filtered_count_alf_c.mut
LLMR_board_component_html_board_filtered_count_alf_f,board_component_html,f,LLM_ROLE,HELD,1,board_component_html__LLMR_board_component_html_board_filtered_count_alf_f.mut
LLMR_board_component_html_board_filtered_count_alf_g,board_component_html,g,LLM_ROLE,HELD,1,board_component_html__LLMR_board_component_html_board_filtered_count_alf_g.mut
LLMR_board_component_html_board_filtered_count_alf_j,board_component_html,j,LLM_ROLE,HELD,1,board_component_html__LLMR_board_component_html_board_filtered_count_alf_j.mut
LLMR_board_component_html_board_filtered_count_alf_k,board_component_html,k,LLM_ROLE,HELD,1,board_component_html__LLMR_board_component_html_board_filtered_count_alf_k.mut
LLMR_board_component_html_board_filtered_count_bet_f,board_component_html,f,LLM_ROLE,HELD,1,board_component_html__LLMR_board_component_html_board_filtered_count_bet_f.mut
LLMR_board_component_html_board_filtered_count_bet_g,board_component_html,g,LLM_ROLE,HELD,1,board_component_html__LLMR_board_component_html_board_filtered_count_bet_g.mut
LLMR_board_component_html_board_filtered_count_del_f,board_component_html,f,LLM_ROLE,HELD,1,board_component_html__LLMR_board_component_html_board_filtered_count_del_f.mut
LLMR_board_component_html_board_filtered_count_del_g,board_component_html,g,LLM_ROLE,HELD,1,board_component_html__LLMR_board_component_html_board_filtered_count_del_g.mut
LLMR_board_component_html_board_hint_banner_alf_a,board_component_html,a,LLM_ROLE,HELD,1,board_component_html__LLMR_board_component_html_board_hint_banner_alf_a.mut
LLMR_board_component_html_board_hint_banner_alf_b,board_component_html,b,LLM_ROLE,HELD,1,board_component_html__LLMR_board_component_html_board_hint_banner_alf_b.mut
LLMR_board_component_html_board_hint_banner_alf_c,board_component_html,c,LLM_ROLE,HELD,1,board_component_html__LLMR_board_component_html_board_hint_banner_alf_c.mut
LLMR_board_component_html_board_hint_banner_alf_d,board_component_html,d,LLM_ROLE,HELD,1,board_component_html__LLMR_board_component_html_board_hint_banner_alf_d.mut
LLMR_board_component_html_board_hint_banner_alf_e,board_component_html,e,LLM_ROLE,HELD,1,board_component_html__LLMR_board_component_html_board_hint_banner_alf_e.mut
LLMR_board_component_html_board_hint_banner_alf_j,board_component_html,j,LLM_ROLE,HELD,1,board_component_html__LLMR_board_component_html_board_hint_banner_alf_j.mut
LLMR_board_component_html_board_hint_banner_alf_k,board_component_html,k,LLM_ROLE,HELD,1,board_component_html__LLMR_board_component_html_board_hint_banner_alf_k.mut
LLMR_board_component_html_board_matching_label_alf_a,board_component_html,a,LLM_ROLE,HELD,1,board_component_html__LLMR_board_component_html_board_matching_label_alf_a.mut
LLMR_board_component_html_board_matching_label_alf_b,board_component_html,b,LLM_ROLE,HELD,1,board_component_html__LLMR_board_component_html_board_matching_label_alf_b.mut
LLMR_board_component_html_board_matching_label_alf_c,board_component_html,c,LLM_ROLE,HELD,1,board_component_html__LLMR_board_component_html_board_matching_label_alf_c.mut
LLMR_board_component_html_board_matching_label_alf_d,board_component_html,d,LLM_ROLE,HELD,1,board_component_html__LLMR_board_component_html_board_matching_label_alf_d.mut
LLMR_board_component_html_board_matching_label_alf_e,board_component_html,e,LLM_ROLE,HELD,1,board_component_html__LLMR_board_component_html_board_matching_label_alf_e.mut
LLMR_board_component_html_board_matching_label_alf_j,board_component_html,j,LLM_ROLE,HELD,1,board_component_html__LLMR_board_component_html_board_matching_label_alf_j.mut
LLMR_board_component_html_board_matching_label_alf_k,board_component_html,k,LLM_ROLE,HELD,1,board_component_html__LLMR_board_component_html_board_matching_label_alf_k.mut
LLMR_board_component_html_board_priority_label_alf_a,board_component_html,a,LLM_ROLE,HELD,1,board_component_html__LLMR_board_component_html_board_priority_label_alf_a.mut
LLMR_board_component_html_board_priority_label_alf_b,board_component_html,b,LLM_ROLE,HELD,1,board_component_html__LLMR_board_component_html_board_priority_label_alf_b.mut
LLMR_board_component_html_board_priority_label_alf_c,board_component_html,c,LLM_ROLE,HELD,1,board_component_html__LLMR_board_component_html_board_priority_label_alf_c.mut
LLMR_board_component_html_board_priority_label_alf_d,board_component_html,d,LLM_ROLE,HELD,1,board_component_html__LLMR_board_component_html_board_priority_label_alf_d.mut
LLMR_board_component_html_board_priority_label_alf_e,board_component_html,e,LLM_ROLE,HELD,1,board_component_html__LLMR_board_component_html_board_priority_label_alf_e.mut
LLMR_board_component_html_board_priority_label_alf_j,board_component_html,j,LLM_ROLE,HELD,1,board_component_html__LLMR_board_component_html_board_priority_label_alf_j.mut
LLMR_board_component_html_board_priority_label_alf_k,board_component_html,k,LLM_ROLE,HELD,1,board_component_html__LLMR_board_component_html_board_priority_label_alf_k.mut
LLMR_board_component_html_board_reset_alf_a,board_component_html,a,LLM_ROLE,HELD,1,board_component_html__LLMR_board_component_html_board_reset_alf_a.mut
LLMR_board_component_html_board_reset_alf_b,board_component_html,b,LLM_ROLE,HELD,1,board_component_html__LLMR_board_component_html_board_reset_alf_b.mut
LLMR_board_component_html_board_reset_alf_c,board_component_html,c,LLM_ROLE,HELD,1,board_component_html__LLMR_board_component_html_board_reset_alf_c.mut
LLMR_board_component_html_board_reset_alf_d,board_component_html,d,LLM_ROLE,HELD,1,board_component_html__LLMR_board_component_html_board_reset_alf_d.mut
LLMR_board_component_html_board_reset_alf_e,board_component_html,e,LLM_ROLE,HELD,1,board_component_html__LLMR_board_component_html_board_reset_alf_e.mut
LLMR_board_component_html_board_reset_alf_j,board_component_html,j,LLM_ROLE,HELD,1,board_component_html__LLMR_board_component_html_board_reset_alf_j.mut
LLMR_board_component_html_board_reset_alf_k,board_component_html,k,LLM_ROLE,HELD,1,board_component_html__LLMR_board_component_html_board_reset_alf_k.mut
LLMR_board_component_html_board_search_alf_a,board_component_html,a,LLM_ROLE,HELD,1,board_component_html__LLMR_board_component_html_board_search_alf_a.mut
LLMR_board_component_html_board_search_alf_b,board_component_html,b,LLM_ROLE,HELD,1,board_component_html__LLMR_board_component_html_board_search_alf_b.mut
LLMR_board_component_html_board_search_alf_c,board_component_html,c,LLM_ROLE,HELD,1,board_component_html__LLMR_board_component_html_board_search_alf_c.mut
LLMR_board_component_html_board_search_alf_f,board_component_html,f,LLM_ROLE,HELD,1,board_component_html__LLMR_board_component_html_board_search_alf_f.mut
LLMR_board_component_html_board_search_alf_g,board_component_html,g,LLM_ROLE,HELD,1,board_component_html__LLMR_board_component_html_board_search_alf_g.mut
LLMR_board_component_html_board_search_alf_j,board_component_html,j,LLM_ROLE,HELD,1,board_component_html__LLMR_board_component_html_board_search_alf_j.mut
LLMR_board_component_html_board_search_alf_k,board_component_html,k,LLM_ROLE,HELD,1,board_component_html__LLMR_board_component_html_board_search_alf_k.mut
LLMR_board_component_html_board_search_bet_f,board_component_html,f,LLM_ROLE,HELD,1,board_component_html__LLMR_board_component_html_board_search_bet_f.mut
LLMR_board_component_html_board_search_bet_g,board_component_html,g,LLM_ROLE,HELD,1,board_component_html__LLMR_board_component_html_board_search_bet_g.mut
LLMR_board_component_html_board_search_del_f,board_component_html,f,LLM_ROLE,HELD,1,board_component_html__LLMR_board_component_html_board_search_del_f.mut
LLMR_board_component_html_board_search_del_g,board_component_html,g,LLM_ROLE,HELD,1,board_component_html__LLMR_board_component_html_board_search_del_g.mut
LLMR_board_component_html_board_search_gam_f,board_component_html,f,LLM_ROLE,HELD,1,board_component_html__LLMR_board_component_html_board_search_gam_f.mut
LLMR_board_component_html_board_search_label_alf_a,board_component_html,a,LLM_ROLE,HELD,1,board_component_html__LLMR_board_component_html_board_search_label_alf_a.mut
LLMR_board_component_html_board_search_label_alf_b,board_component_html,b,LLM_ROLE,HELD,1,board_component_html__LLMR_board_component_html_board_search_label_alf_b.mut
LLMR_board_component_html_board_search_label_alf_c,board_component_html,c,LLM_ROLE,HELD,1,board_component_html__LLMR_board_component_html_board_search_label_alf_c.mut
LLMR_board_component_html_board_search_label_alf_d,board_component_html,d,LLM_ROLE,HELD,1,board_component_html__LLMR_board_component_html_board_search_label_alf_d.mut
LLMR_board_component_html_board_search_label_alf_e,board_component_html,e,LLM_ROLE,HELD,1,board_component_html__LLMR_board_component_html_board_search_label_alf_e.mut
LLMR_board_component_html_board_search_label_alf_j,board_component_html,j,LLM_ROLE,HELD,1,board_component_html__LLMR_board_component_html_board_search_label_alf_j.mut
LLMR_board_component_html_board_search_label_alf_k,board_component_html,k,LLM_ROLE,HELD,1,board_component_html__LLMR_board_component_html_board_search_label_alf_k.mut
LLMR_board_component_html_board_title_alf_a,board_component_html,a,LLM_ROLE,HELD,1,board_component_html__LLMR_board_component_html_board_title_alf_a.mut
LLMR_board_component_html_board_title_alf_b,board_component_html,b,LLM_ROLE,HELD,1,board_component_html__LLMR_board_component_html_board_title_alf_b.mut
LLMR_board_component_html_board_title_alf_c,board_component_html,c,LLM_ROLE,HELD,1,board_component_html__LLMR_board_component_html_board_title_alf_c.mut
LLMR_board_component_html_board_title_alf_d,board_component_html,d,LLM_ROLE,HELD,1,board_component_html__LLMR_board_component_html_board_title_alf_d.mut
LLMR_board_component_html_board_title_alf_e,board_component_html,e,LLM_ROLE,HELD,1,board_component_html__LLMR_board_component_html_board_title_alf_e.mut
LLMR_board_component_html_board_title_alf_f,board_component_html,f,LLM_ROLE,HELD,1,board_component_html__LLMR_board_component_html_board_title_alf_f.mut
LLMR_board_component_html_board_title_alf_g,board_component_html,g,LLM_ROLE,HELD,1,board_component_html__LLMR_board_component_html_board_title_alf_g.mut
LLMR_board_component_html_board_title_alf_j,board_component_html,j,LLM_ROLE,HELD,1,board_component_html__LLMR_board_component_html_board_title_alf_j.mut
LLMR_board_component_html_board_title_alf_k,board_component_html,k,LLM_ROLE,HELD,1,board_component_html__LLMR_board_component_html_board_title_alf_k.mut
LLMR_board_component_html_board_title_bet_f,board_component_html,f,LLM_ROLE,HELD,1,board_component_html__LLMR_board_component_html_board_title_bet_f.mut
LLMR_board_component_html_board_title_del_f,board_component_html,f,LLM_ROLE,HELD,1,board_component_html__LLMR_board_component_html_board_title_del_f.mut
LLMR_board_component_html_board_title_del_g,board_component_html,g,LLM_ROLE,HELD,1,board_component_html__LLMR_board_component_html_board_title_del_g.mut
LLMR_h_board_add_card_alf,board_component_html,h,LLM_ROLE,HELD,2,board_component_html__LLMR_h_board_add_card_alf.mut
LLMR_h_board_add_card_bet,board_component_html,h,LLM_ROLE,HELD,2,board_component_html__LLMR_h_board_add_card_bet.mut
LLMR_h_board_add_card_del,board_component_html,h,LLM_ROLE,HELD,2,board_component_html__LLMR_h_board_add_card_del.mut
LLMR_h_board_column_title_alf,board_component_html,h,LLM_ROLE,HELD,2,board_component_html__LLMR_h_board_column_title_alf.mut
LLMR_h_board_column_title_bet,board_component_html,h,LLM_ROLE,HELD,2,board_component_html__LLMR_h_board_column_title_bet.mut
LLMR_h_board_column_title_del,board_component_html,h,LLM_ROLE,HELD,2,board_component_html__LLMR_h_board_column_title_del.mut
LLMR_h_board_column_title_gam,board_component_html,h,LLM_ROLE,HELD,2,board_component_html__LLMR_h_board_column_title_gam.mut
LLMR_h_board_columns_alf,board_component_html,h,LLM_ROLE,HELD,2,board_component_html__LLMR_h_board_columns_alf.mut
LLMR_h_board_demo_badge_del,board_component_html,h,LLM_ROLE,HELD,2,board_component_html__LLMR_h_board_demo_badge_del.mut
LLMR_h_board_filter_assignee_alf,board_component_html,h,LLM_ROLE,HELD,2,board_component_html__LLMR_h_board_filter_assignee_alf.mut
LLMR_h_board_filter_assignee_bet,board_component_html,h,LLM_ROLE,HELD,2,board_component_html__LLMR_h_board_filter_assignee_bet.mut
LLMR_h_board_filter_assignee_del,board_component_html,h,LLM_ROLE,HELD,2,board_component_html__LLMR_h_board_filter_assignee_del.mut
LLMR_h_board_filter_priority_alf,board_component_html,h,LLM_ROLE,HELD,2,board_component_html__LLMR_h_board_filter_priority_alf.mut
LLMR_h_board_filter_priority_bet,board_component_html,h,LLM_ROLE,HELD,2,board_component_html__LLMR_h_board_filter_priority_bet.mut
LLMR_h_board_filter_priority_del,board_component_html,h,LLM_ROLE,HELD,2,board_component_html__LLMR_h_board_filter_priority_del.mut
LLMR_h_board_filtered_count_alf,board_component_html,h,LLM_ROLE,HELD,2,board_component_html__LLMR_h_board_filtered_count_alf.mut
LLMR_h_board_filtered_count_bet,board_component_html,h,LLM_ROLE,HELD,2,board_component_html__LLMR_h_board_filtered_count_bet.mut
LLMR_h_board_filtered_count_del,board_component_html,h,LLM_ROLE,HELD,2,board_component_html__LLMR_h_board_filtered_count_del.mut
LLMR_h_board_search_alf,board_component_html,h,LLM_ROLE,HELD,2,board_component_html__LLMR_h_board_search_alf.mut
LLMR_h_board_search_bet,board_component_html,h,LLM_ROLE,HELD,2,board_component_html__LLMR_h_board_search_bet.mut
LLMR_h_board_search_del,board_component_html,h,LLM_ROLE,HELD,2,board_component_html__LLMR_h_board_search_del.mut
LLMR_h_board_search_gam,board_component_html,h,LLM_ROLE,HELD,2,board_component_html__LLMR_h_board_search_gam.mut
LLMR_h_board_title_alf,board_component_html,h,LLM_ROLE,HELD,2,board_component_html__LLMR_h_board_title_alf.mut
LLMR_h_board_title_bet,board_component_html,h,LLM_ROLE,HELD,2,board_component_html__LLMR_h_board_title_bet.mut
LLMR_h_board_title_del,board_component_html,h,LLM_ROLE,HELD,2,board_component_html__LLMR_h_board_title_del.mut
LLMR_h_board_title_gam,board_component_html,h,LLM_ROLE,HELD,2,board_component_html__LLMR_h_board_title_gam.mut
LLMR_card_component_html_card_assignee_alf_a,card_component_html,a,LLM_ROLE,HELD,1,card_component_html__LLMR_card_component_html_card_assignee_alf_a.mut
LLMR_card_component_html_card_assignee_alf_b,card_component_html,b,LLM_ROLE,HELD,1,card_component_html__LLMR_card_component_html_card_assignee_alf_b.mut
LLMR_card_component_html_card_assignee_alf_c,card_component_html,c,LLM_ROLE,HELD,1,card_component_html__LLMR_card_component_html_card_assignee_alf_c.mut
LLMR_card_component_html_card_assignee_alf_f,card_component_html,f,LLM_ROLE,HELD,1,card_component_html__LLMR_card_component_html_card_assignee_alf_f.mut
LLMR_card_component_html_card_assignee_alf_g,card_component_html,g,LLM_ROLE,HELD,1,card_component_html__LLMR_card_component_html_card_assignee_alf_g.mut
LLMR_card_component_html_card_assignee_alf_j,card_component_html,j,LLM_ROLE,HELD,1,card_component_html__LLMR_card_component_html_card_assignee_alf_j.mut
LLMR_card_component_html_card_assignee_alf_k,card_component_html,k,LLM_ROLE,HELD,1,card_component_html__LLMR_card_component_html_card_assignee_alf_k.mut
LLMR_card_component_html_card_assignee_bet_a,card_component_html,a,LLM_ROLE,HELD,1,card_component_html__LLMR_card_component_html_card_assignee_bet_a.mut
LLMR_card_component_html_card_assignee_bet_b,card_component_html,b,LLM_ROLE,HELD,1,card_component_html__LLMR_card_component_html_card_assignee_bet_b.mut
LLMR_card_component_html_card_assignee_bet_c,card_component_html,c,LLM_ROLE,HELD,1,card_component_html__LLMR_card_component_html_card_assignee_bet_c.mut
LLMR_card_component_html_card_assignee_bet_f,card_component_html,f,LLM_ROLE,HELD,1,card_component_html__LLMR_card_component_html_card_assignee_bet_f.mut
LLMR_card_component_html_card_assignee_bet_j,card_component_html,j,LLM_ROLE,HELD,1,card_component_html__LLMR_card_component_html_card_assignee_bet_j.mut
LLMR_card_component_html_card_assignee_bet_k,card_component_html,k,LLM_ROLE,HELD,1,card_component_html__LLMR_card_component_html_card_assignee_bet_k.mut
LLMR_card_component_html_card_assignee_del_f,card_component_html,f,LLM_ROLE,HELD,1,card_component_html__LLMR_card_component_html_card_assignee_del_f.mut
LLMR_card_component_html_card_assignee_del_g,card_component_html,g,LLM_ROLE,HELD,1,card_component_html__LLMR_card_component_html_card_assignee_del_g.mut
LLMR_card_component_html_card_delete_alf_a,card_component_html,a,LLM_ROLE,HELD,1,card_component_html__LLMR_card_component_html_card_delete_alf_a.mut
LLMR_card_component_html_card_delete_alf_b,card_component_html,b,LLM_ROLE,HELD,1,card_component_html__LLMR_card_component_html_card_delete_alf_b.mut
LLMR_card_component_html_card_delete_alf_c,card_component_html,c,LLM_ROLE,HELD,1,card_component_html__LLMR_card_component_html_card_delete_alf_c.mut
LLMR_card_component_html_card_delete_alf_d,card_component_html,d,LLM_ROLE,HELD,1,card_component_html__LLMR_card_component_html_card_delete_alf_d.mut
LLMR_card_component_html_card_delete_alf_e,card_component_html,e,LLM_ROLE,HELD,1,card_component_html__LLMR_card_component_html_card_delete_alf_e.mut
LLMR_card_component_html_card_delete_alf_j,card_component_html,j,LLM_ROLE,HELD,1,card_component_html__LLMR_card_component_html_card_delete_alf_j.mut
LLMR_card_component_html_card_delete_alf_k,card_component_html,k,LLM_ROLE,HELD,1,card_component_html__LLMR_card_component_html_card_delete_alf_k.mut
LLMR_card_component_html_card_delete_bet_a,card_component_html,a,LLM_ROLE,HELD,1,card_component_html__LLMR_card_component_html_card_delete_bet_a.mut
LLMR_card_component_html_card_delete_bet_c,card_component_html,c,LLM_ROLE,HELD,1,card_component_html__LLMR_card_component_html_card_delete_bet_c.mut
LLMR_card_component_html_card_delete_bet_j,card_component_html,j,LLM_ROLE,HELD,1,card_component_html__LLMR_card_component_html_card_delete_bet_j.mut
LLMR_card_component_html_card_delete_bet_k,card_component_html,k,LLM_ROLE,HELD,1,card_component_html__LLMR_card_component_html_card_delete_bet_k.mut
LLMR_card_component_html_card_edit_alf_a,card_component_html,a,LLM_ROLE,HELD,1,card_component_html__LLMR_card_component_html_card_edit_alf_a.mut
LLMR_card_component_html_card_edit_alf_b,card_component_html,b,LLM_ROLE,HELD,1,card_component_html__LLMR_card_component_html_card_edit_alf_b.mut
LLMR_card_component_html_card_edit_alf_c,card_component_html,c,LLM_ROLE,HELD,1,card_component_html__LLMR_card_component_html_card_edit_alf_c.mut
LLMR_card_component_html_card_edit_alf_d,card_component_html,d,LLM_ROLE,HELD,1,card_component_html__LLMR_card_component_html_card_edit_alf_d.mut
LLMR_card_component_html_card_edit_alf_e,card_component_html,e,LLM_ROLE,HELD,1,card_component_html__LLMR_card_component_html_card_edit_alf_e.mut
LLMR_card_component_html_card_edit_alf_f,card_component_html,f,LLM_ROLE,HELD,1,card_component_html__LLMR_card_component_html_card_edit_alf_f.mut
LLMR_card_component_html_card_edit_alf_g,card_component_html,g,LLM_ROLE,HELD,1,card_component_html__LLMR_card_component_html_card_edit_alf_g.mut
LLMR_card_component_html_card_edit_alf_j,card_component_html,j,LLM_ROLE,HELD,1,card_component_html__LLMR_card_component_html_card_edit_alf_j.mut
LLMR_card_component_html_card_edit_alf_k,card_component_html,k,LLM_ROLE,HELD,1,card_component_html__LLMR_card_component_html_card_edit_alf_k.mut
LLMR_card_component_html_card_edit_del_f,card_component_html,f,LLM_ROLE,HELD,1,card_component_html__LLMR_card_component_html_card_edit_del_f.mut
LLMR_card_component_html_card_edit_del_g,card_component_html,g,LLM_ROLE,HELD,1,card_component_html__LLMR_card_component_html_card_edit_del_g.mut
LLMR_card_component_html_card_id_alf_a,card_component_html,a,LLM_ROLE,HELD,1,card_component_html__LLMR_card_component_html_card_id_alf_a.mut
LLMR_card_component_html_card_id_alf_b,card_component_html,b,LLM_ROLE,HELD,1,card_component_html__LLMR_card_component_html_card_id_alf_b.mut
LLMR_card_component_html_card_id_alf_c,card_component_html,c,LLM_ROLE,HELD,1,card_component_html__LLMR_card_component_html_card_id_alf_c.mut
LLMR_card_component_html_card_id_alf_f,card_component_html,f,LLM_ROLE,HELD,1,card_component_html__LLMR_card_component_html_card_id_alf_f.mut
LLMR_card_component_html_card_id_alf_g,card_component_html,g,LLM_ROLE,HELD,1,card_component_html__LLMR_card_component_html_card_id_alf_g.mut
LLMR_card_component_html_card_id_alf_j,card_component_html,j,LLM_ROLE,HELD,1,card_component_html__LLMR_card_component_html_card_id_alf_j.mut
LLMR_card_component_html_card_id_alf_k,card_component_html,k,LLM_ROLE,HELD,1,card_component_html__LLMR_card_component_html_card_id_alf_k.mut
LLMR_card_component_html_card_id_bet_a,card_component_html,a,LLM_ROLE,HELD,1,card_component_html__LLMR_card_component_html_card_id_bet_a.mut
LLMR_card_component_html_card_id_bet_b,card_component_html,b,LLM_ROLE,HELD,1,card_component_html__LLMR_card_component_html_card_id_bet_b.mut
LLMR_card_component_html_card_id_bet_c,card_component_html,c,LLM_ROLE,HELD,1,card_component_html__LLMR_card_component_html_card_id_bet_c.mut
LLMR_card_component_html_card_id_bet_f,card_component_html,f,LLM_ROLE,HELD,1,card_component_html__LLMR_card_component_html_card_id_bet_f.mut
LLMR_card_component_html_card_id_bet_j,card_component_html,j,LLM_ROLE,HELD,1,card_component_html__LLMR_card_component_html_card_id_bet_j.mut
LLMR_card_component_html_card_id_bet_k,card_component_html,k,LLM_ROLE,HELD,1,card_component_html__LLMR_card_component_html_card_id_bet_k.mut
LLMR_card_component_html_card_id_del_f,card_component_html,f,LLM_ROLE,HELD,1,card_component_html__LLMR_card_component_html_card_id_del_f.mut
LLMR_card_component_html_card_id_del_g,card_component_html,g,LLM_ROLE,HELD,1,card_component_html__LLMR_card_component_html_card_id_del_g.mut
LLMR_card_component_html_card_move_alf_a,card_component_html,a,LLM_ROLE,HELD,1,card_component_html__LLMR_card_component_html_card_move_alf_a.mut
LLMR_card_component_html_card_move_alf_b,card_component_html,b,LLM_ROLE,HELD,1,card_component_html__LLMR_card_component_html_card_move_alf_b.mut
LLMR_card_component_html_card_move_alf_c,card_component_html,c,LLM_ROLE,HELD,1,card_component_html__LLMR_card_component_html_card_move_alf_c.mut
LLMR_card_component_html_card_move_alf_f,card_component_html,f,LLM_ROLE,HELD,1,card_component_html__LLMR_card_component_html_card_move_alf_f.mut
LLMR_card_component_html_card_move_alf_g,card_component_html,g,LLM_ROLE,HELD,1,card_component_html__LLMR_card_component_html_card_move_alf_g.mut
LLMR_card_component_html_card_move_alf_j,card_component_html,j,LLM_ROLE,HELD,1,card_component_html__LLMR_card_component_html_card_move_alf_j.mut
LLMR_card_component_html_card_move_alf_k,card_component_html,k,LLM_ROLE,HELD,1,card_component_html__LLMR_card_component_html_card_move_alf_k.mut
LLMR_card_component_html_card_move_bet_f,card_component_html,f,LLM_ROLE,HELD,1,card_component_html__LLMR_card_component_html_card_move_bet_f.mut
LLMR_card_component_html_card_move_bet_g,card_component_html,g,LLM_ROLE,HELD,1,card_component_html__LLMR_card_component_html_card_move_bet_g.mut
LLMR_card_component_html_card_move_del_a,card_component_html,a,LLM_ROLE,HELD,1,card_component_html__LLMR_card_component_html_card_move_del_a.mut
LLMR_card_component_html_card_move_del_b,card_component_html,b,LLM_ROLE,HELD,1,card_component_html__LLMR_card_component_html_card_move_del_b.mut
LLMR_card_component_html_card_move_del_c,card_component_html,c,LLM_ROLE,HELD,1,card_component_html__LLMR_card_component_html_card_move_del_c.mut
LLMR_card_component_html_card_move_del_d,card_component_html,d,LLM_ROLE,HELD,1,card_component_html__LLMR_card_component_html_card_move_del_d.mut
LLMR_card_component_html_card_move_del_e,card_component_html,e,LLM_ROLE,HELD,1,card_component_html__LLMR_card_component_html_card_move_del_e.mut
LLMR_card_component_html_card_move_del_f,card_component_html,f,LLM_ROLE,HELD,1,card_component_html__LLMR_card_component_html_card_move_del_f.mut
LLMR_card_component_html_card_move_del_g,card_component_html,g,LLM_ROLE,HELD,1,card_component_html__LLMR_card_component_html_card_move_del_g.mut
LLMR_card_component_html_card_move_del_j,card_component_html,j,LLM_ROLE,HELD,1,card_component_html__LLMR_card_component_html_card_move_del_j.mut
LLMR_card_component_html_card_move_del_k,card_component_html,k,LLM_ROLE,HELD,1,card_component_html__LLMR_card_component_html_card_move_del_k.mut
LLMR_card_component_html_card_move_gam_f,card_component_html,f,LLM_ROLE,HELD,1,card_component_html__LLMR_card_component_html_card_move_gam_f.mut
LLMR_card_component_html_card_open_alf_a,card_component_html,a,LLM_ROLE,HELD,1,card_component_html__LLMR_card_component_html_card_open_alf_a.mut
LLMR_card_component_html_card_open_alf_b,card_component_html,b,LLM_ROLE,HELD,1,card_component_html__LLMR_card_component_html_card_open_alf_b.mut
LLMR_card_component_html_card_open_alf_c,card_component_html,c,LLM_ROLE,HELD,1,card_component_html__LLMR_card_component_html_card_open_alf_c.mut
LLMR_card_component_html_card_open_alf_j,card_component_html,j,LLM_ROLE,HELD,1,card_component_html__LLMR_card_component_html_card_open_alf_j.mut
LLMR_card_component_html_card_open_alf_k,card_component_html,k,LLM_ROLE,HELD,1,card_component_html__LLMR_card_component_html_card_open_alf_k.mut
LLMR_card_component_html_card_priority_alf_a,card_component_html,a,LLM_ROLE,HELD,1,card_component_html__LLMR_card_component_html_card_priority_alf_a.mut
LLMR_card_component_html_card_priority_alf_b,card_component_html,b,LLM_ROLE,HELD,1,card_component_html__LLMR_card_component_html_card_priority_alf_b.mut
LLMR_card_component_html_card_priority_alf_c,card_component_html,c,LLM_ROLE,HELD,1,card_component_html__LLMR_card_component_html_card_priority_alf_c.mut
LLMR_card_component_html_card_priority_alf_j,card_component_html,j,LLM_ROLE,HELD,1,card_component_html__LLMR_card_component_html_card_priority_alf_j.mut
LLMR_card_component_html_card_priority_alf_k,card_component_html,k,LLM_ROLE,HELD,1,card_component_html__LLMR_card_component_html_card_priority_alf_k.mut
LLMR_card_component_html_card_tags_alf_a,card_component_html,a,LLM_ROLE,HELD,1,card_component_html__LLMR_card_component_html_card_tags_alf_a.mut
LLMR_card_component_html_card_tags_alf_b,card_component_html,b,LLM_ROLE,HELD,1,card_component_html__LLMR_card_component_html_card_tags_alf_b.mut
LLMR_card_component_html_card_tags_alf_c,card_component_html,c,LLM_ROLE,HELD,1,card_component_html__LLMR_card_component_html_card_tags_alf_c.mut
LLMR_card_component_html_card_tags_alf_j,card_component_html,j,LLM_ROLE,HELD,1,card_component_html__LLMR_card_component_html_card_tags_alf_j.mut
LLMR_card_component_html_card_tags_alf_k,card_component_html,k,LLM_ROLE,HELD,1,card_component_html__LLMR_card_component_html_card_tags_alf_k.mut
LLMR_card_component_html_card_title_alf_a,card_component_html,a,LLM_ROLE,HELD,1,card_component_html__LLMR_card_component_html_card_title_alf_a.mut
LLMR_card_component_html_card_title_alf_b,card_component_html,b,LLM_ROLE,HELD,1,card_component_html__LLMR_card_component_html_card_title_alf_b.mut
LLMR_card_component_html_card_title_alf_c,card_component_html,c,LLM_ROLE,HELD,1,card_component_html__LLMR_card_component_html_card_title_alf_c.mut
LLMR_card_component_html_card_title_alf_g,card_component_html,g,LLM_ROLE,HELD,1,card_component_html__LLMR_card_component_html_card_title_alf_g.mut
LLMR_card_component_html_card_title_alf_j,card_component_html,j,LLM_ROLE,HELD,1,card_component_html__LLMR_card_component_html_card_title_alf_j.mut
LLMR_card_component_html_card_title_alf_k,card_component_html,k,LLM_ROLE,HELD,1,card_component_html__LLMR_card_component_html_card_title_alf_k.mut
LLMR_card_component_html_card_title_bet_f,card_component_html,f,LLM_ROLE,HELD,1,card_component_html__LLMR_card_component_html_card_title_bet_f.mut
LLMR_h_card_assignee_alf,card_component_html,h,LLM_ROLE,HELD,2,card_component_html__LLMR_h_card_assignee_alf.mut
LLMR_h_card_assignee_bet,card_component_html,h,LLM_ROLE,HELD,2,card_component_html__LLMR_h_card_assignee_bet.mut
LLMR_h_card_assignee_del,card_component_html,h,LLM_ROLE,HELD,2,card_component_html__LLMR_h_card_assignee_del.mut
LLMR_h_card_edit_alf,card_component_html,h,LLM_ROLE,HELD,2,card_component_html__LLMR_h_card_edit_alf.mut
LLMR_h_card_edit_del,card_component_html,h,LLM_ROLE,HELD,2,card_component_html__LLMR_h_card_edit_del.mut
LLMR_h_card_id_alf,card_component_html,h,LLM_ROLE,HELD,2,card_component_html__LLMR_h_card_id_alf.mut
LLMR_h_card_id_bet,card_component_html,h,LLM_ROLE,HELD,2,card_component_html__LLMR_h_card_id_bet.mut
LLMR_h_card_id_del,card_component_html,h,LLM_ROLE,HELD,2,card_component_html__LLMR_h_card_id_del.mut
LLMR_h_card_move_alf,card_component_html,h,LLM_ROLE,HELD,2,card_component_html__LLMR_h_card_move_alf.mut
LLMR_h_card_move_bet,card_component_html,h,LLM_ROLE,HELD,2,card_component_html__LLMR_h_card_move_bet.mut
LLMR_h_card_move_del,card_component_html,h,LLM_ROLE,HELD,2,card_component_html__LLMR_h_card_move_del.mut
LLMR_h_card_move_gam,card_component_html,h,LLM_ROLE,HELD,2,card_component_html__LLMR_h_card_move_gam.mut
LLMR_h_card_root_alf,card_component_html,h,LLM_ROLE,HELD,2,card_component_html__LLMR_h_card_root_alf.mut
LLMR_h_card_title_alf,card_component_html,h,LLM_ROLE,HELD,2,card_component_html__LLMR_h_card_title_alf.mut
LLMR_h_card_title_bet,card_component_html,h,LLM_ROLE,HELD,2,card_component_html__LLMR_h_card_title_bet.mut
LLMR_card_detail_component_html_auto_card_detail_detail_actions_alf_a,card_detail_component_html,a,LLM_ROLE,HELD,1,card_detail_component_html__LLMR_card_detail_component_html_auto_card_detail_detail_actions_alf_a.mut
LLMR_card_detail_component_html_auto_card_detail_detail_actions_alf_c,card_detail_component_html,c,LLM_ROLE,HELD,1,card_detail_component_html__LLMR_card_detail_component_html_auto_card_detail_detail_actions_alf_c.mut
LLMR_card_detail_component_html_auto_card_detail_detail_actions_alf_j,card_detail_component_html,j,LLM_ROLE,HELD,1,card_detail_component_html__LLMR_card_detail_component_html_auto_card_detail_detail_actions_alf_j.mut
LLMR_card_detail_component_html_auto_card_detail_detail_actions_alf_k,card_detail_component_html,k,LLM_ROLE,HELD,1,card_detail_component_html__LLMR_card_detail_component_html_auto_card_detail_detail_actions_alf_k.mut
LLMR_card_detail_component_html_auto_card_detail_detail_assignee_label_alf_a,card_detail_component_html,a,LLM_ROLE,HELD,1,card_detail_component_html__LLMR_card_detail_component_html_auto_card_detail_detail_assignee_label_alf_a.mut
LLMR_card_detail_component_html_auto_card_detail_detail_assignee_label_alf_b,card_detail_component_html,b,LLM_ROLE,HELD,1,card_detail_component_html__LLMR_card_detail_component_html_auto_card_detail_detail_assignee_label_alf_b.mut
LLMR_card_detail_component_html_auto_card_detail_detail_assignee_label_alf_c,card_detail_component_html,c,LLM_ROLE,HELD,1,card_detail_component_html__LLMR_card_detail_component_html_auto_card_detail_detail_assignee_label_alf_c.mut
LLMR_card_detail_component_html_auto_card_detail_detail_assignee_label_alf_d,card_detail_component_html,d,LLM_ROLE,HELD,1,card_detail_component_html__LLMR_card_detail_component_html_auto_card_detail_detail_assignee_label_alf_d.mut
LLMR_card_detail_component_html_auto_card_detail_detail_assignee_label_alf_e,card_detail_component_html,e,LLM_ROLE,HELD,1,card_detail_component_html__LLMR_card_detail_component_html_auto_card_detail_detail_assignee_label_alf_e.mut
LLMR_card_detail_component_html_auto_card_detail_detail_assignee_label_alf_j,card_detail_component_html,j,LLM_ROLE,HELD,1,card_detail_component_html__LLMR_card_detail_component_html_auto_card_detail_detail_assignee_label_alf_j.mut
LLMR_card_detail_component_html_auto_card_detail_detail_assignee_label_alf_k,card_detail_component_html,k,LLM_ROLE,HELD,1,card_detail_component_html__LLMR_card_detail_component_html_auto_card_detail_detail_assignee_label_alf_k.mut
LLMR_card_detail_component_html_auto_card_detail_detail_assignee_row_alf_a,card_detail_component_html,a,LLM_ROLE,HELD,1,card_detail_component_html__LLMR_card_detail_component_html_auto_card_detail_detail_assignee_row_alf_a.mut
LLMR_card_detail_component_html_auto_card_detail_detail_assignee_row_alf_c,card_detail_component_html,c,LLM_ROLE,HELD,1,card_detail_component_html__LLMR_card_detail_component_html_auto_card_detail_detail_assignee_row_alf_c.mut
LLMR_card_detail_component_html_auto_card_detail_detail_assignee_row_alf_j,card_detail_component_html,j,LLM_ROLE,HELD,1,card_detail_component_html__LLMR_card_detail_component_html_auto_card_detail_detail_assignee_row_alf_j.mut
LLMR_card_detail_component_html_auto_card_detail_detail_assignee_row_alf_k,card_detail_component_html,k,LLM_ROLE,HELD,1,card_detail_component_html__LLMR_card_detail_component_html_auto_card_detail_detail_assignee_row_alf_k.mut
LLMR_card_detail_component_html_auto_card_detail_detail_card_del_f,card_detail_component_html,f,LLM_ROLE,HELD,1,card_detail_component_html__LLMR_card_detail_component_html_auto_card_detail_detail_card_del_f.mut
LLMR_card_detail_component_html_auto_card_detail_detail_column_label_alf_a,card_detail_component_html,a,LLM_ROLE,HELD,1,card_detail_component_html__LLMR_card_detail_component_html_auto_card_detail_detail_column_label_alf_a.mut
LLMR_card_detail_component_html_auto_card_detail_detail_column_label_alf_b,card_detail_component_html,b,LLM_ROLE,HELD,1,card_detail_component_html__LLMR_card_detail_component_html_auto_card_detail_detail_column_label_alf_b.mut
LLMR_card_detail_component_html_auto_card_detail_detail_column_label_alf_c,card_detail_component_html,c,LLM_ROLE,HELD,1,card_detail_component_html__LLMR_card_detail_component_html_auto_card_detail_detail_column_label_alf_c.mut
LLMR_card_detail_component_html_auto_card_detail_detail_column_label_alf_d,card_detail_component_html,d,LLM_ROLE,HELD,1,card_detail_component_html__LLMR_card_detail_component_html_auto_card_detail_detail_column_label_alf_d.mut
LLMR_card_detail_component_html_auto_card_detail_detail_column_label_alf_e,card_detail_component_html,e,LLM_ROLE,HELD,1,card_detail_component_html__LLMR_card_detail_component_html_auto_card_detail_detail_column_label_alf_e.mut
LLMR_card_detail_component_html_auto_card_detail_detail_column_label_alf_j,card_detail_component_html,j,LLM_ROLE,HELD,1,card_detail_component_html__LLMR_card_detail_component_html_auto_card_detail_detail_column_label_alf_j.mut
LLMR_card_detail_component_html_auto_card_detail_detail_column_label_alf_k,card_detail_component_html,k,LLM_ROLE,HELD,1,card_detail_component_html__LLMR_card_detail_component_html_auto_card_detail_detail_column_label_alf_k.mut
LLMR_card_detail_component_html_auto_card_detail_detail_column_row_alf_a,card_detail_component_html,a,LLM_ROLE,HELD,1,card_detail_component_html__LLMR_card_detail_component_html_auto_card_detail_detail_column_row_alf_a.mut
LLMR_card_detail_component_html_auto_card_detail_detail_column_row_alf_c,card_detail_component_html,c,LLM_ROLE,HELD,1,card_detail_component_html__LLMR_card_detail_component_html_auto_card_detail_detail_column_row_alf_c.mut
LLMR_card_detail_component_html_auto_card_detail_detail_column_row_alf_j,card_detail_component_html,j,LLM_ROLE,HELD,1,card_detail_component_html__LLMR_card_detail_component_html_auto_card_detail_detail_column_row_alf_j.mut
LLMR_card_detail_component_html_auto_card_detail_detail_column_row_alf_k,card_detail_component_html,k,LLM_ROLE,HELD,1,card_detail_component_html__LLMR_card_detail_component_html_auto_card_detail_detail_column_row_alf_k.mut
LLMR_card_detail_component_html_auto_card_detail_detail_description_label_alf_a,card_detail_component_html,a,LLM_ROLE,HELD,1,card_detail_component_html__LLMR_card_detail_component_html_auto_card_detail_detail_description_label_alf_a.mut
LLMR_card_detail_component_html_auto_card_detail_detail_description_label_alf_b,card_detail_component_html,b,LLM_ROLE,HELD,1,card_detail_component_html__LLMR_card_detail_component_html_auto_card_detail_detail_description_label_alf_b.mut
LLMR_card_detail_component_html_auto_card_detail_detail_description_label_alf_c,card_detail_component_html,c,LLM_ROLE,HELD,1,card_detail_component_html__LLMR_card_detail_component_html_auto_card_detail_detail_description_label_alf_c.mut
LLMR_card_detail_component_html_auto_card_detail_detail_description_label_alf_d,card_detail_component_html,d,LLM_ROLE,HELD,1,card_detail_component_html__LLMR_card_detail_component_html_auto_card_detail_detail_description_label_alf_d.mut
LLMR_card_detail_component_html_auto_card_detail_detail_description_label_alf_e,card_detail_component_html,e,LLM_ROLE,HELD,1,card_detail_component_html__LLMR_card_detail_component_html_auto_card_detail_detail_description_label_alf_e.mut
LLMR_card_detail_component_html_auto_card_detail_detail_description_label_alf_j,card_detail_component_html,j,LLM_ROLE,HELD,1,card_detail_component_html__LLMR_card_detail_component_html_auto_card_detail_detail_description_label_alf_j.mut
LLMR_card_detail_component_html_auto_card_detail_detail_description_label_alf_k,card_detail_component_html,k,LLM_ROLE,HELD,1,card_detail_component_html__LLMR_card_detail_component_html_auto_card_detail_detail_description_label_alf_k.mut
LLMR_card_detail_component_html_auto_card_detail_detail_description_row_alf_a,card_detail_component_html,a,LLM_ROLE,HELD,1,card_detail_component_html__LLMR_card_detail_component_html_auto_card_detail_detail_description_row_alf_a.mut
LLMR_card_detail_component_html_auto_card_detail_detail_description_row_alf_c,card_detail_component_html,c,LLM_ROLE,HELD,1,card_detail_component_html__LLMR_card_detail_component_html_auto_card_detail_detail_description_row_alf_c.mut
LLMR_card_detail_component_html_auto_card_detail_detail_description_row_alf_j,card_detail_component_html,j,LLM_ROLE,HELD,1,card_detail_component_html__LLMR_card_detail_component_html_auto_card_detail_detail_description_row_alf_j.mut
LLMR_card_detail_component_html_auto_card_detail_detail_description_row_alf_k,card_detail_component_html,k,LLM_ROLE,HELD,1,card_detail_component_html__LLMR_card_detail_component_html_auto_card_detail_detail_description_row_alf_k.mut
LLMR_card_detail_component_html_auto_card_detail_detail_heading_alf_a,card_detail_component_html,a,LLM_ROLE,HELD,1,card_detail_component_html__LLMR_card_detail_component_html_auto_card_detail_detail_heading_alf_a.mut
LLMR_card_detail_component_html_auto_card_detail_detail_heading_alf_c,card_detail_component_html,c,LLM_ROLE,HELD,1,card_detail_component_html__LLMR_card_detail_component_html_auto_card_detail_detail_heading_alf_c.mut
LLMR_card_detail_component_html_auto_card_detail_detail_heading_alf_j,card_detail_component_html,j,LLM_ROLE,HELD,1,card_detail_component_html__LLMR_card_detail_component_html_auto_card_detail_detail_heading_alf_j.mut
LLMR_card_detail_component_html_auto_card_detail_detail_heading_alf_k,card_detail_component_html,k,LLM_ROLE,HELD,1,card_detail_component_html__LLMR_card_detail_component_html_auto_card_detail_detail_heading_alf_k.mut
LLMR_card_detail_component_html_auto_card_detail_detail_no_tags_alf_a,card_detail_component_html,a,LLM_ROLE,HELD,1,card_detail_component_html__LLMR_card_detail_component_html_auto_card_detail_detail_no_tags_alf_a.mut
LLMR_card_detail_component_html_auto_card_detail_detail_no_tags_alf_b,card_detail_component_html,b,LLM_ROLE,HELD,1,card_detail_component_html__LLMR_card_detail_component_html_auto_card_detail_detail_no_tags_alf_b.mut
LLMR_card_detail_component_html_auto_card_detail_detail_no_tags_alf_c,card_detail_component_html,c,LLM_ROLE,HELD,1,card_detail_component_html__LLMR_card_detail_component_html_auto_card_detail_detail_no_tags_alf_c.mut
LLMR_card_detail_component_html_auto_card_detail_detail_no_tags_alf_d,card_detail_component_html,d,LLM_ROLE,HELD,1,card_detail_component_html__LLMR_card_detail_component_html_auto_card_detail_detail_no_tags_alf_d.mut
LLMR_card_detail_component_html_auto_card_detail_detail_no_tags_alf_e,card_detail_component_html,e,LLM_ROLE,HELD,1,card_detail_component_html__LLMR_card_detail_component_html_auto_card_detail_detail_no_tags_alf_e.mut
LLMR_card_detail_component_html_auto_card_detail_detail_no_tags_alf_f,card_detail_component_html,f,LLM_ROLE,HELD,1,card_detail_component_html__LLMR_card_detail_component_html_auto_card_detail_detail_no_tags_alf_f.mut
LLMR_card_detail_component_html_auto_card_detail_detail_no_tags_alf_g,card_detail_component_html,g,LLM_ROLE,HELD,1,card_detail_component_html__LLMR_card_detail_component_html_auto_card_detail_detail_no_tags_alf_g.mut
LLMR_card_detail_component_html_auto_card_detail_detail_no_tags_alf_j,card_detail_component_html,j,LLM_ROLE,HELD,1,card_detail_component_html__LLMR_card_detail_component_html_auto_card_detail_detail_no_tags_alf_j.mut
LLMR_card_detail_component_html_auto_card_detail_detail_no_tags_alf_k,card_detail_component_html,k,LLM_ROLE,HELD,1,card_detail_component_html__LLMR_card_detail_component_html_auto_card_detail_detail_no_tags_alf_k.mut
LLMR_card_detail_component_html_auto_card_detail_detail_no_tags_del_f,card_detail_component_html,f,LLM_ROLE,HELD,1,card_detail_component_html__LLMR_card_detail_component_html_auto_card_detail_detail_no_tags_del_f.mut
LLMR_card_detail_component_html_auto_card_detail_detail_no_tags_del_g,card_detail_component_html,g,LLM_ROLE,HELD,1,card_detail_component_html__LLMR_card_detail_component_html_auto_card_detail_detail_no_tags_del_g.mut
LLMR_card_detail_component_html_auto_card_detail_detail_not_found_alf_a,card_detail_component_html,a,LLM_ROLE,HELD,1,card_detail_component_html__LLMR_card_detail_component_html_auto_card_detail_detail_not_found_alf_a.mut
LLMR_card_detail_component_html_auto_card_detail_detail_not_found_alf_b,card_detail_component_html,b,LLM_ROLE,HELD,1,card_detail_component_html__LLMR_card_detail_component_html_auto_card_detail_detail_not_found_alf_b.mut
LLMR_card_detail_component_html_auto_card_detail_detail_not_found_alf_c,card_detail_component_html,c,LLM_ROLE,HELD,1,card_detail_component_html__LLMR_card_detail_component_html_auto_card_detail_detail_not_found_alf_c.mut
LLMR_card_detail_component_html_auto_card_detail_detail_not_found_alf_j,card_detail_component_html,j,LLM_ROLE,HELD,1,card_detail_component_html__LLMR_card_detail_component_html_auto_card_detail_detail_not_found_alf_j.mut
LLMR_card_detail_component_html_auto_card_detail_detail_not_found_alf_k,card_detail_component_html,k,LLM_ROLE,HELD,1,card_detail_component_html__LLMR_card_detail_component_html_auto_card_detail_detail_not_found_alf_k.mut
LLMR_card_detail_component_html_auto_card_detail_detail_not_found_back_alf_a,card_detail_component_html,a,LLM_ROLE,HELD,1,card_detail_component_html__LLMR_card_detail_component_html_auto_card_detail_detail_not_found_back_alf_a.mut
LLMR_card_detail_component_html_auto_card_detail_detail_not_found_back_alf_b,card_detail_component_html,b,LLM_ROLE,HELD,1,card_detail_component_html__LLMR_card_detail_component_html_auto_card_detail_detail_not_found_back_alf_b.mut
LLMR_card_detail_component_html_auto_card_detail_detail_not_found_back_alf_c,card_detail_component_html,c,LLM_ROLE,HELD,1,card_detail_component_html__LLMR_card_detail_component_html_auto_card_detail_detail_not_found_back_alf_c.mut
LLMR_card_detail_component_html_auto_card_detail_detail_not_found_back_alf_d,card_detail_component_html,d,LLM_ROLE,HELD,1,card_detail_component_html__LLMR_card_detail_component_html_auto_card_detail_detail_not_found_back_alf_d.mut
LLMR_card_detail_component_html_auto_card_detail_detail_not_found_back_alf_e,card_detail_component_html,e,LLM_ROLE,HELD,1,card_detail_component_html__LLMR_card_detail_component_html_auto_card_detail_detail_not_found_back_alf_e.mut
LLMR_card_detail_component_html_auto_card_detail_detail_not_found_back_alf_j,card_detail_component_html,j,LLM_ROLE,HELD,1,card_detail_component_html__LLMR_card_detail_component_html_auto_card_detail_detail_not_found_back_alf_j.mut
LLMR_card_detail_component_html_auto_card_detail_detail_not_found_back_alf_k,card_detail_component_html,k,LLM_ROLE,HELD,1,card_detail_component_html__LLMR_card_detail_component_html_auto_card_detail_detail_not_found_back_alf_k.mut
LLMR_card_detail_component_html_auto_card_detail_detail_not_found_message_alf_a,card_detail_component_html,a,LLM_ROLE,HELD,1,card_detail_component_html__LLMR_card_detail_component_html_auto_card_detail_detail_not_found_message_alf_a.mut
LLMR_card_detail_component_html_auto_card_detail_detail_not_found_message_alf_b,card_detail_component_html,b,LLM_ROLE,HELD,1,card_detail_component_html__LLMR_card_detail_component_html_auto_card_detail_detail_not_found_message_alf_b.mut
LLMR_card_detail_component_html_auto_card_detail_detail_not_found_message_alf_c,card_detail_component_html,c,LLM_ROLE,HELD,1,card_detail_component_html__LLMR_card_detail_component_html_auto_card_detail_detail_not_found_message_alf_c.mut
LLMR_card_detail_component_html_auto_card_detail_detail_not_found_message_alf_d,card_detail_component_html,d,LLM_ROLE,HELD,1,card_detail_component_html__LLMR_card_detail_component_html_auto_card_detail_detail_not_found_message_alf_d.mut
LLMR_card_detail_component_html_auto_card_detail_detail_not_found_message_alf_e,card_detail_component_html,e,LLM_ROLE,HELD,1,card_detail_component_html__LLMR_card_detail_component_html_auto_card_detail_detail_not_found_message_alf_e.mut
LLMR_card_detail_component_html_auto_card_detail_detail_not_found_message_alf_f,card_detail_component_html,f,LLM_ROLE,HELD,1,card_detail_component_html__LLMR_card_detail_component_html_auto_card_detail_detail_not_found_message_alf_f.mut
LLMR_card_detail_component_html_auto_card_detail_detail_not_found_message_alf_g,card_detail_component_html,g,LLM_ROLE,HELD,1,card_detail_component_html__LLMR_card_detail_component_html_auto_card_detail_detail_not_found_message_alf_g.mut
LLMR_card_detail_component_html_auto_card_detail_detail_not_found_message_alf_j,card_detail_component_html,j,LLM_ROLE,HELD,1,card_detail_component_html__LLMR_card_detail_component_html_auto_card_detail_detail_not_found_message_alf_j.mut
LLMR_card_detail_component_html_auto_card_detail_detail_not_found_message_alf_k,card_detail_component_html,k,LLM_ROLE,HELD,1,card_detail_component_html__LLMR_card_detail_component_html_auto_card_detail_detail_not_found_message_alf_k.mut
LLMR_card_detail_component_html_auto_card_detail_detail_not_found_message_del_f,card_detail_component_html,f,LLM_ROLE,HELD,1,card_detail_component_html__LLMR_card_detail_component_html_auto_card_detail_detail_not_found_message_del_f.mut
LLMR_card_detail_component_html_auto_card_detail_detail_not_found_message_del_g,card_detail_component_html,g,LLM_ROLE,HELD,1,card_detail_component_html__LLMR_card_detail_component_html_auto_card_detail_detail_not_found_message_del_g.mut
LLMR_card_detail_component_html_auto_card_detail_detail_tags_label_alf_a,card_detail_component_html,a,LLM_ROLE,HELD,1,card_detail_component_html__LLMR_card_detail_component_html_auto_card_detail_detail_tags_label_alf_a.mut
LLMR_card_detail_component_html_auto_card_detail_detail_tags_label_alf_b,card_detail_component_html,b,LLM_ROLE,HELD,1,card_detail_component_html__LLMR_card_detail_component_html_auto_card_detail_detail_tags_label_alf_b.mut
LLMR_card_detail_component_html_auto_card_detail_detail_tags_label_alf_c,card_detail_component_html,c,LLM_ROLE,HELD,1,card_detail_component_html__LLMR_card_detail_component_html_auto_card_detail_detail_tags_label_alf_c.mut
LLMR_card_detail_component_html_auto_card_detail_detail_tags_label_alf_d,card_detail_component_html,d,LLM_ROLE,HELD,1,card_detail_component_html__LLMR_card_detail_component_html_auto_card_detail_detail_tags_label_alf_d.mut
LLMR_card_detail_component_html_auto_card_detail_detail_tags_label_alf_e,card_detail_component_html,e,LLM_ROLE,HELD,1,card_detail_component_html__LLMR_card_detail_component_html_auto_card_detail_detail_tags_label_alf_e.mut
LLMR_card_detail_component_html_auto_card_detail_detail_tags_label_alf_j,card_detail_component_html,j,LLM_ROLE,HELD,1,card_detail_component_html__LLMR_card_detail_component_html_auto_card_detail_detail_tags_label_alf_j.mut
LLMR_card_detail_component_html_auto_card_detail_detail_tags_label_alf_k,card_detail_component_html,k,LLM_ROLE,HELD,1,card_detail_component_html__LLMR_card_detail_component_html_auto_card_detail_detail_tags_label_alf_k.mut
LLMR_card_detail_component_html_auto_card_detail_detail_tags_row_alf_a,card_detail_component_html,a,LLM_ROLE,HELD,1,card_detail_component_html__LLMR_card_detail_component_html_auto_card_detail_detail_tags_row_alf_a.mut
LLMR_card_detail_component_html_auto_card_detail_detail_tags_row_alf_c,card_detail_component_html,c,LLM_ROLE,HELD,1,card_detail_component_html__LLMR_card_detail_component_html_auto_card_detail_detail_tags_row_alf_c.mut
LLMR_card_detail_component_html_auto_card_detail_detail_tags_row_alf_j,card_detail_component_html,j,LLM_ROLE,HELD,1,card_detail_component_html__LLMR_card_detail_component_html_auto_card_detail_detail_tags_row_alf_j.mut
LLMR_card_detail_component_html_auto_card_detail_detail_tags_row_alf_k,card_detail_component_html,k,LLM_ROLE,HELD,1,card_detail_component_html__LLMR_card_detail_component_html_auto_card_detail_detail_tags_row_alf_k.mut
LLMR_card_detail_component_html_detail_assignee_alf_a,card_detail_component_html,a,LLM_ROLE,HELD,1,card_detail_component_html__LLMR_card_detail_component_html_detail_assignee_alf_a.mut
LLMR_card_detail_component_html_detail_assignee_alf_b,card_detail_component_html,b,LLM_ROLE,HELD,1,card_detail_component_html__LLMR_card_detail_component_html_detail_assignee_alf_b.mut
LLMR_card_detail_component_html_detail_assignee_alf_c,card_detail_component_html,c,LLM_ROLE,HELD,1,card_detail_component_html__LLMR_card_detail_component_html_detail_assignee_alf_c.mut
LLMR_card_detail_component_html_detail_assignee_alf_f,card_detail_component_html,f,LLM_ROLE,HELD,1,card_detail_component_html__LLMR_card_detail_component_html_detail_assignee_alf_f.mut
LLMR_card_detail_component_html_detail_assignee_alf_g,card_detail_component_html,g,LLM_ROLE,HELD,1,card_detail_component_html__LLMR_card_detail_component_html_detail_assignee_alf_g.mut
LLMR_card_detail_component_html_detail_assignee_alf_j,card_detail_component_html,j,LLM_ROLE,HELD,1,card_detail_component_html__LLMR_card_detail_component_html_detail_assignee_alf_j.mut
LLMR_card_detail_component_html_detail_assignee_alf_k,card_detail_component_html,k,LLM_ROLE,HELD,1,card_detail_component_html__LLMR_card_detail_component_html_detail_assignee_alf_k.mut
LLMR_card_detail_component_html_detail_assignee_bet_f,card_detail_component_html,f,LLM_ROLE,HELD,1,card_detail_component_html__LLMR_card_detail_component_html_detail_assignee_bet_f.mut
LLMR_card_detail_component_html_detail_assignee_bet_g,card_detail_component_html,g,LLM_ROLE,HELD,1,card_detail_component_html__LLMR_card_detail_component_html_detail_assignee_bet_g.mut
LLMR_card_detail_component_html_detail_assignee_del_f,card_detail_component_html,f,LLM_ROLE,HELD,1,card_detail_component_html__LLMR_card_detail_component_html_detail_assignee_del_f.mut
LLMR_card_detail_component_html_detail_assignee_del_g,card_detail_component_html,g,LLM_ROLE,HELD,1,card_detail_component_html__LLMR_card_detail_component_html_detail_assignee_del_g.mut
LLMR_card_detail_component_html_detail_back_alf_a,card_detail_component_html,a,LLM_ROLE,HELD,1,card_detail_component_html__LLMR_card_detail_component_html_detail_back_alf_a.mut
LLMR_card_detail_component_html_detail_back_alf_b,card_detail_component_html,b,LLM_ROLE,HELD,1,card_detail_component_html__LLMR_card_detail_component_html_detail_back_alf_b.mut
LLMR_card_detail_component_html_detail_back_alf_c,card_detail_component_html,c,LLM_ROLE,HELD,1,card_detail_component_html__LLMR_card_detail_component_html_detail_back_alf_c.mut
LLMR_card_detail_component_html_detail_back_alf_d,card_detail_component_html,d,LLM_ROLE,HELD,1,card_detail_component_html__LLMR_card_detail_component_html_detail_back_alf_d.mut
LLMR_card_detail_component_html_detail_back_alf_e,card_detail_component_html,e,LLM_ROLE,HELD,1,card_detail_component_html__LLMR_card_detail_component_html_detail_back_alf_e.mut
LLMR_card_detail_component_html_detail_back_alf_f,card_detail_component_html,f,LLM_ROLE,HELD,1,card_detail_component_html__LLMR_card_detail_component_html_detail_back_alf_f.mut
LLMR_card_detail_component_html_detail_back_alf_g,card_detail_component_html,g,LLM_ROLE,HELD,1,card_detail_component_html__LLMR_card_detail_component_html_detail_back_alf_g.mut
LLMR_card_detail_component_html_detail_back_alf_j,card_detail_component_html,j,LLM_ROLE,HELD,1,card_detail_component_html__LLMR_card_detail_component_html_detail_back_alf_j.mut
LLMR_card_detail_component_html_detail_back_alf_k,card_detail_component_html,k,LLM_ROLE,HELD,1,card_detail_component_html__LLMR_card_detail_component_html_detail_back_alf_k.mut
LLMR_card_detail_component_html_detail_back_bet_f,card_detail_component_html,f,LLM_ROLE,HELD,1,card_detail_component_html__LLMR_card_detail_component_html_detail_back_bet_f.mut
LLMR_card_detail_component_html_detail_back_del_f,card_detail_component_html,f,LLM_ROLE,HELD,1,card_detail_component_html__LLMR_card_detail_component_html_detail_back_del_f.mut
LLMR_card_detail_component_html_detail_back_del_g,card_detail_component_html,g,LLM_ROLE,HELD,1,card_detail_component_html__LLMR_card_detail_component_html_detail_back_del_g.mut
LLMR_card_detail_component_html_detail_column_alf_a,card_detail_component_html,a,LLM_ROLE,HELD,1,card_detail_component_html__LLMR_card_detail_component_html_detail_column_alf_a.mut
LLMR_card_detail_component_html_detail_column_alf_b,card_detail_component_html,b,LLM_ROLE,HELD,1,card_detail_component_html__LLMR_card_detail_component_html_detail_column_alf_b.mut
LLMR_card_detail_component_html_detail_column_alf_c,card_detail_component_html,c,LLM_ROLE,HELD,1,card_detail_component_html__LLMR_card_detail_component_html_detail_column_alf_c.mut
LLMR_card_detail_component_html_detail_column_alf_f,card_detail_component_html,f,LLM_ROLE,HELD,1,card_detail_component_html__LLMR_card_detail_component_html_detail_column_alf_f.mut
LLMR_card_detail_component_html_detail_column_alf_g,card_detail_component_html,g,LLM_ROLE,HELD,1,card_detail_component_html__LLMR_card_detail_component_html_detail_column_alf_g.mut
LLMR_card_detail_component_html_detail_column_alf_j,card_detail_component_html,j,LLM_ROLE,HELD,1,card_detail_component_html__LLMR_card_detail_component_html_detail_column_alf_j.mut
LLMR_card_detail_component_html_detail_column_alf_k,card_detail_component_html,k,LLM_ROLE,HELD,1,card_detail_component_html__LLMR_card_detail_component_html_detail_column_alf_k.mut
LLMR_card_detail_component_html_detail_column_bet_f,card_detail_component_html,f,LLM_ROLE,HELD,1,card_detail_component_html__LLMR_card_detail_component_html_detail_column_bet_f.mut
LLMR_card_detail_component_html_detail_column_bet_g,card_detail_component_html,g,LLM_ROLE,HELD,1,card_detail_component_html__LLMR_card_detail_component_html_detail_column_bet_g.mut
LLMR_card_detail_component_html_detail_column_del_f,card_detail_component_html,f,LLM_ROLE,HELD,1,card_detail_component_html__LLMR_card_detail_component_html_detail_column_del_f.mut
LLMR_card_detail_component_html_detail_column_del_g,card_detail_component_html,g,LLM_ROLE,HELD,1,card_detail_component_html__LLMR_card_detail_component_html_detail_column_del_g.mut
LLMR_card_detail_component_html_detail_delete_alf_a,card_detail_component_html,a,LLM_ROLE,HELD,1,card_detail_component_html__LLMR_card_detail_component_html_detail_delete_alf_a.mut
LLMR_card_detail_component_html_detail_delete_alf_b,card_detail_component_html,b,LLM_ROLE,HELD,1,card_detail_component_html__LLMR_card_detail_component_html_detail_delete_alf_b.mut
LLMR_card_detail_component_html_detail_delete_alf_c,card_detail_component_html,c,LLM_ROLE,HELD,1,card_detail_component_html__LLMR_card_detail_component_html_detail_delete_alf_c.mut
LLMR_card_detail_component_html_detail_delete_alf_d,card_detail_component_html,d,LLM_ROLE,HELD,1,card_detail_component_html__LLMR_card_detail_component_html_detail_delete_alf_d.mut
LLMR_card_detail_component_html_detail_delete_alf_e,card_detail_component_html,e,LLM_ROLE,HELD,1,card_detail_component_html__LLMR_card_detail_component_html_detail_delete_alf_e.mut
LLMR_card_detail_component_html_detail_delete_alf_j,card_detail_component_html,j,LLM_ROLE,HELD,1,card_detail_component_html__LLMR_card_detail_component_html_detail_delete_alf_j.mut
LLMR_card_detail_component_html_detail_delete_alf_k,card_detail_component_html,k,LLM_ROLE,HELD,1,card_detail_component_html__LLMR_card_detail_component_html_detail_delete_alf_k.mut
LLMR_card_detail_component_html_detail_description_alf_a,card_detail_component_html,a,LLM_ROLE,HELD,1,card_detail_component_html__LLMR_card_detail_component_html_detail_description_alf_a.mut
LLMR_card_detail_component_html_detail_description_alf_b,card_detail_component_html,b,LLM_ROLE,HELD,1,card_detail_component_html__LLMR_card_detail_component_html_detail_description_alf_b.mut
LLMR_card_detail_component_html_detail_description_alf_c,card_detail_component_html,c,LLM_ROLE,HELD,1,card_detail_component_html__LLMR_card_detail_component_html_detail_description_alf_c.mut
LLMR_card_detail_component_html_detail_description_alf_f,card_detail_component_html,f,LLM_ROLE,HELD,1,card_detail_component_html__LLMR_card_detail_component_html_detail_description_alf_f.mut
LLMR_card_detail_component_html_detail_description_alf_g,card_detail_component_html,g,LLM_ROLE,HELD,1,card_detail_component_html__LLMR_card_detail_component_html_detail_description_alf_g.mut
LLMR_card_detail_component_html_detail_description_alf_j,card_detail_component_html,j,LLM_ROLE,HELD,1,card_detail_component_html__LLMR_card_detail_component_html_detail_description_alf_j.mut
LLMR_card_detail_component_html_detail_description_alf_k,card_detail_component_html,k,LLM_ROLE,HELD,1,card_detail_component_html__LLMR_card_detail_component_html_detail_description_alf_k.mut
LLMR_card_detail_component_html_detail_description_bet_f,card_detail_component_html,f,LLM_ROLE,HELD,1,card_detail_component_html__LLMR_card_detail_component_html_detail_description_bet_f.mut
LLMR_card_detail_component_html_detail_description_bet_g,card_detail_component_html,g,LLM_ROLE,HELD,1,card_detail_component_html__LLMR_card_detail_component_html_detail_description_bet_g.mut
LLMR_card_detail_component_html_detail_description_del_f,card_detail_component_html,f,LLM_ROLE,HELD,1,card_detail_component_html__LLMR_card_detail_component_html_detail_description_del_f.mut
LLMR_card_detail_component_html_detail_description_del_g,card_detail_component_html,g,LLM_ROLE,HELD,1,card_detail_component_html__LLMR_card_detail_component_html_detail_description_del_g.mut
LLMR_card_detail_component_html_detail_description_gam_f,card_detail_component_html,f,LLM_ROLE,HELD,1,card_detail_component_html__LLMR_card_detail_component_html_detail_description_gam_f.mut
LLMR_card_detail_component_html_detail_description_gam_g,card_detail_component_html,g,LLM_ROLE,HELD,1,card_detail_component_html__LLMR_card_detail_component_html_detail_description_gam_g.mut
LLMR_card_detail_component_html_detail_edit_alf_a,card_detail_component_html,a,LLM_ROLE,HELD,1,card_detail_component_html__LLMR_card_detail_component_html_detail_edit_alf_a.mut
LLMR_card_detail_component_html_detail_edit_alf_b,card_detail_component_html,b,LLM_ROLE,HELD,1,card_detail_component_html__LLMR_card_detail_component_html_detail_edit_alf_b.mut
LLMR_card_detail_component_html_detail_edit_alf_c,card_detail_component_html,c,LLM_ROLE,HELD,1,card_detail_component_html__LLMR_card_detail_component_html_detail_edit_alf_c.mut
LLMR_card_detail_component_html_detail_edit_alf_d,card_detail_component_html,d,LLM_ROLE,HELD,1,card_detail_component_html__LLMR_card_detail_component_html_detail_edit_alf_d.mut
LLMR_card_detail_component_html_detail_edit_alf_e,card_detail_component_html,e,LLM_ROLE,HELD,1,card_detail_component_html__LLMR_card_detail_component_html_detail_edit_alf_e.mut
LLMR_card_detail_component_html_detail_edit_alf_f,card_detail_component_html,f,LLM_ROLE,HELD,1,card_detail_component_html__LLMR_card_detail_component_html_detail_edit_alf_f.mut
LLMR_card_detail_component_html_detail_edit_alf_g,card_detail_component_html,g,LLM_ROLE,HELD,1,card_detail_component_html__LLMR_card_detail_component_html_detail_edit_alf_g.mut
LLMR_card_detail_component_html_detail_edit_alf_j,card_detail_component_html,j,LLM_ROLE,HELD,1,card_detail_component_html__LLMR_card_detail_component_html_detail_edit_alf_j.mut
LLMR_card_detail_component_html_detail_edit_alf_k,card_detail_component_html,k,LLM_ROLE,HELD,1,card_detail_component_html__LLMR_card_detail_component_html_detail_edit_alf_k.mut
LLMR_card_detail_component_html_detail_edit_bet_f,card_detail_component_html,f,LLM_ROLE,HELD,1,card_detail_component_html__LLMR_card_detail_component_html_detail_edit_bet_f.mut
LLMR_card_detail_component_html_detail_edit_bet_g,card_detail_component_html,g,LLM_ROLE,HELD,1,card_detail_component_html__LLMR_card_detail_component_html_detail_edit_bet_g.mut
LLMR_card_detail_component_html_detail_edit_del_f,card_detail_component_html,f,LLM_ROLE,HELD,1,card_detail_component_html__LLMR_card_detail_component_html_detail_edit_del_f.mut
LLMR_card_detail_component_html_detail_edit_del_g,card_detail_component_html,g,LLM_ROLE,HELD,1,card_detail_component_html__LLMR_card_detail_component_html_detail_edit_del_g.mut
LLMR_card_detail_component_html_detail_id_alf_a,card_detail_component_html,a,LLM_ROLE,HELD,1,card_detail_component_html__LLMR_card_detail_component_html_detail_id_alf_a.mut
LLMR_card_detail_component_html_detail_id_alf_b,card_detail_component_html,b,LLM_ROLE,HELD,1,card_detail_component_html__LLMR_card_detail_component_html_detail_id_alf_b.mut
LLMR_card_detail_component_html_detail_id_alf_c,card_detail_component_html,c,LLM_ROLE,HELD,1,card_detail_component_html__LLMR_card_detail_component_html_detail_id_alf_c.mut
LLMR_card_detail_component_html_detail_id_alf_f,card_detail_component_html,f,LLM_ROLE,HELD,1,card_detail_component_html__LLMR_card_detail_component_html_detail_id_alf_f.mut
LLMR_card_detail_component_html_detail_id_alf_g,card_detail_component_html,g,LLM_ROLE,HELD,1,card_detail_component_html__LLMR_card_detail_component_html_detail_id_alf_g.mut
LLMR_card_detail_component_html_detail_id_alf_j,card_detail_component_html,j,LLM_ROLE,HELD,1,card_detail_component_html__LLMR_card_detail_component_html_detail_id_alf_j.mut
LLMR_card_detail_component_html_detail_id_alf_k,card_detail_component_html,k,LLM_ROLE,HELD,1,card_detail_component_html__LLMR_card_detail_component_html_detail_id_alf_k.mut
LLMR_card_detail_component_html_detail_id_bet_a,card_detail_component_html,a,LLM_ROLE,HELD,1,card_detail_component_html__LLMR_card_detail_component_html_detail_id_bet_a.mut
LLMR_card_detail_component_html_detail_id_bet_b,card_detail_component_html,b,LLM_ROLE,HELD,1,card_detail_component_html__LLMR_card_detail_component_html_detail_id_bet_b.mut
LLMR_card_detail_component_html_detail_id_bet_c,card_detail_component_html,c,LLM_ROLE,HELD,1,card_detail_component_html__LLMR_card_detail_component_html_detail_id_bet_c.mut
LLMR_card_detail_component_html_detail_id_bet_j,card_detail_component_html,j,LLM_ROLE,HELD,1,card_detail_component_html__LLMR_card_detail_component_html_detail_id_bet_j.mut
LLMR_card_detail_component_html_detail_id_bet_k,card_detail_component_html,k,LLM_ROLE,HELD,1,card_detail_component_html__LLMR_card_detail_component_html_detail_id_bet_k.mut
LLMR_card_detail_component_html_detail_page_title_alf_a,card_detail_component_html,a,LLM_ROLE,HELD,1,card_detail_component_html__LLMR_card_detail_component_html_detail_page_title_alf_a.mut
LLMR_card_detail_component_html_detail_page_title_alf_b,card_detail_component_html,b,LLM_ROLE,HELD,1,card_detail_component_html__LLMR_card_detail_component_html_detail_page_title_alf_b.mut
LLMR_card_detail_component_html_detail_page_title_alf_c,card_detail_component_html,c,LLM_ROLE,HELD,1,card_detail_component_html__LLMR_card_detail_component_html_detail_page_title_alf_c.mut
LLMR_card_detail_component_html_detail_page_title_alf_d,card_detail_component_html,d,LLM_ROLE,HELD,1,card_detail_component_html__LLMR_card_detail_component_html_detail_page_title_alf_d.mut
LLMR_card_detail_component_html_detail_page_title_alf_e,card_detail_component_html,e,LLM_ROLE,HELD,1,card_detail_component_html__LLMR_card_detail_component_html_detail_page_title_alf_e.mut
LLMR_card_detail_component_html_detail_page_title_alf_j,card_detail_component_html,j,LLM_ROLE,HELD,1,card_detail_component_html__LLMR_card_detail_component_html_detail_page_title_alf_j.mut
LLMR_card_detail_component_html_detail_page_title_alf_k,card_detail_component_html,k,LLM_ROLE,HELD,1,card_detail_component_html__LLMR_card_detail_component_html_detail_page_title_alf_k.mut
LLMR_card_detail_component_html_detail_priority_alf_a,card_detail_component_html,a,LLM_ROLE,HELD,1,card_detail_component_html__LLMR_card_detail_component_html_detail_priority_alf_a.mut
LLMR_card_detail_component_html_detail_priority_alf_b,card_detail_component_html,b,LLM_ROLE,HELD,1,card_detail_component_html__LLMR_card_detail_component_html_detail_priority_alf_b.mut
LLMR_card_detail_component_html_detail_priority_alf_c,card_detail_component_html,c,LLM_ROLE,HELD,1,card_detail_component_html__LLMR_card_detail_component_html_detail_priority_alf_c.mut
LLMR_card_detail_component_html_detail_priority_alf_j,card_detail_component_html,j,LLM_ROLE,HELD,1,card_detail_component_html__LLMR_card_detail_component_html_detail_priority_alf_j.mut
LLMR_card_detail_component_html_detail_priority_alf_k,card_detail_component_html,k,LLM_ROLE,HELD,1,card_detail_component_html__LLMR_card_detail_component_html_detail_priority_alf_k.mut
LLMR_card_detail_component_html_detail_tags_alf_a,card_detail_component_html,a,LLM_ROLE,HELD,1,card_detail_component_html__LLMR_card_detail_component_html_detail_tags_alf_a.mut
LLMR_card_detail_component_html_detail_tags_alf_b,card_detail_component_html,b,LLM_ROLE,HELD,1,card_detail_component_html__LLMR_card_detail_component_html_detail_tags_alf_b.mut
LLMR_card_detail_component_html_detail_tags_alf_c,card_detail_component_html,c,LLM_ROLE,HELD,1,card_detail_component_html__LLMR_card_detail_component_html_detail_tags_alf_c.mut
LLMR_card_detail_component_html_detail_tags_alf_f,card_detail_component_html,f,LLM_ROLE,HELD,1,card_detail_component_html__LLMR_card_detail_component_html_detail_tags_alf_f.mut
LLMR_card_detail_component_html_detail_tags_alf_g,card_detail_component_html,g,LLM_ROLE,HELD,1,card_detail_component_html__LLMR_card_detail_component_html_detail_tags_alf_g.mut
LLMR_card_detail_component_html_detail_tags_alf_j,card_detail_component_html,j,LLM_ROLE,HELD,1,card_detail_component_html__LLMR_card_detail_component_html_detail_tags_alf_j.mut
LLMR_card_detail_component_html_detail_tags_alf_k,card_detail_component_html,k,LLM_ROLE,HELD,1,card_detail_component_html__LLMR_card_detail_component_html_detail_tags_alf_k.mut
LLMR_card_detail_component_html_detail_tags_bet_f,card_detail_component_html,f,LLM_ROLE,HELD,1,card_detail_component_html__LLMR_card_detail_component_html_detail_tags_bet_f.mut
LLMR_card_detail_component_html_detail_tags_bet_g,card_detail_component_html,g,LLM_ROLE,HELD,1,card_detail_component_html__LLMR_card_detail_component_html_detail_tags_bet_g.mut
LLMR_card_detail_component_html_detail_tags_del_f,card_detail_component_html,f,LLM_ROLE,HELD,1,card_detail_component_html__LLMR_card_detail_component_html_detail_tags_del_f.mut
LLMR_card_detail_component_html_detail_tags_del_g,card_detail_component_html,g,LLM_ROLE,HELD,1,card_detail_component_html__LLMR_card_detail_component_html_detail_tags_del_g.mut
LLMR_card_detail_component_html_detail_title_alf_a,card_detail_component_html,a,LLM_ROLE,HELD,1,card_detail_component_html__LLMR_card_detail_component_html_detail_title_alf_a.mut
LLMR_card_detail_component_html_detail_title_alf_b,card_detail_component_html,b,LLM_ROLE,HELD,1,card_detail_component_html__LLMR_card_detail_component_html_detail_title_alf_b.mut
LLMR_card_detail_component_html_detail_title_alf_c,card_detail_component_html,c,LLM_ROLE,HELD,1,card_detail_component_html__LLMR_card_detail_component_html_detail_title_alf_c.mut
LLMR_card_detail_component_html_detail_title_alf_f,card_detail_component_html,f,LLM_ROLE,HELD,1,card_detail_component_html__LLMR_card_detail_component_html_detail_title_alf_f.mut
LLMR_card_detail_component_html_detail_title_alf_g,card_detail_component_html,g,LLM_ROLE,HELD,1,card_detail_component_html__LLMR_card_detail_component_html_detail_title_alf_g.mut
LLMR_card_detail_component_html_detail_title_alf_j,card_detail_component_html,j,LLM_ROLE,HELD,1,card_detail_component_html__LLMR_card_detail_component_html_detail_title_alf_j.mut
LLMR_card_detail_component_html_detail_title_alf_k,card_detail_component_html,k,LLM_ROLE,HELD,1,card_detail_component_html__LLMR_card_detail_component_html_detail_title_alf_k.mut
LLMR_card_detail_component_html_detail_title_bet_f,card_detail_component_html,f,LLM_ROLE,HELD,1,card_detail_component_html__LLMR_card_detail_component_html_detail_title_bet_f.mut
LLMR_card_detail_component_html_detail_title_bet_g,card_detail_component_html,g,LLM_ROLE,HELD,1,card_detail_component_html__LLMR_card_detail_component_html_detail_title_bet_g.mut
LLMR_card_detail_component_html_detail_title_del_f,card_detail_component_html,f,LLM_ROLE,HELD,1,card_detail_component_html__LLMR_card_detail_component_html_detail_title_del_f.mut
LLMR_card_detail_component_html_detail_title_del_g,card_detail_component_html,g,LLM_ROLE,HELD,1,card_detail_component_html__LLMR_card_detail_component_html_detail_title_del_g.mut
LLMR_card_detail_component_html_detail_title_gam_f,card_detail_component_html,f,LLM_ROLE,HELD,1,card_detail_component_html__LLMR_card_detail_component_html_detail_title_gam_f.mut
LLMR_h_detail_assignee_alf,card_detail_component_html,h,LLM_ROLE,HELD,2,card_detail_component_html__LLMR_h_detail_assignee_alf.mut
LLMR_h_detail_assignee_bet,card_detail_component_html,h,LLM_ROLE,HELD,2,card_detail_component_html__LLMR_h_detail_assignee_bet.mut
LLMR_h_detail_assignee_del,card_detail_component_html,h,LLM_ROLE,HELD,2,card_detail_component_html__LLMR_h_detail_assignee_del.mut
LLMR_h_detail_back_alf,card_detail_component_html,h,LLM_ROLE,HELD,2,card_detail_component_html__LLMR_h_detail_back_alf.mut
LLMR_h_detail_back_bet,card_detail_component_html,h,LLM_ROLE,HELD,2,card_detail_component_html__LLMR_h_detail_back_bet.mut
LLMR_h_detail_back_del,card_detail_component_html,h,LLM_ROLE,HELD,2,card_detail_component_html__LLMR_h_detail_back_del.mut
LLMR_h_detail_back_gam,card_detail_component_html,h,LLM_ROLE,HELD,2,card_detail_component_html__LLMR_h_detail_back_gam.mut
LLMR_h_detail_column_alf,card_detail_component_html,h,LLM_ROLE,HELD,2,card_detail_component_html__LLMR_h_detail_column_alf.mut
LLMR_h_detail_column_bet,card_detail_component_html,h,LLM_ROLE,HELD,2,card_detail_component_html__LLMR_h_detail_column_bet.mut
LLMR_h_detail_column_del,card_detail_component_html,h,LLM_ROLE,HELD,2,card_detail_component_html__LLMR_h_detail_column_del.mut
LLMR_h_detail_description_alf,card_detail_component_html,h,LLM_ROLE,HELD,2,card_detail_component_html__LLMR_h_detail_description_alf.mut
LLMR_h_detail_description_bet,card_detail_component_html,h,LLM_ROLE,HELD,2,card_detail_component_html__LLMR_h_detail_description_bet.mut
LLMR_h_detail_description_del,card_detail_component_html,h,LLM_ROLE,HELD,2,card_detail_component_html__LLMR_h_detail_description_del.mut
LLMR_h_detail_description_gam,card_detail_component_html,h,LLM_ROLE,HELD,2,card_detail_component_html__LLMR_h_detail_description_gam.mut
LLMR_h_detail_edit_alf,card_detail_component_html,h,LLM_ROLE,HELD,2,card_detail_component_html__LLMR_h_detail_edit_alf.mut
LLMR_h_detail_edit_bet,card_detail_component_html,h,LLM_ROLE,HELD,2,card_detail_component_html__LLMR_h_detail_edit_bet.mut
LLMR_h_detail_edit_del,card_detail_component_html,h,LLM_ROLE,HELD,2,card_detail_component_html__LLMR_h_detail_edit_del.mut
LLMR_h_detail_id_alf,card_detail_component_html,h,LLM_ROLE,HELD,2,card_detail_component_html__LLMR_h_detail_id_alf.mut
LLMR_h_detail_tags_alf,card_detail_component_html,h,LLM_ROLE,HELD,2,card_detail_component_html__LLMR_h_detail_tags_alf.mut
LLMR_h_detail_tags_bet,card_detail_component_html,h,LLM_ROLE,HELD,2,card_detail_component_html__LLMR_h_detail_tags_bet.mut
LLMR_h_detail_tags_del,card_detail_component_html,h,LLM_ROLE,HELD,2,card_detail_component_html__LLMR_h_detail_tags_del.mut
LLMR_h_detail_title_alf,card_detail_component_html,h,LLM_ROLE,HELD,2,card_detail_component_html__LLMR_h_detail_title_alf.mut
LLMR_h_detail_title_bet,card_detail_component_html,h,LLM_ROLE,HELD,2,card_detail_component_html__LLMR_h_detail_title_bet.mut
LLMR_h_detail_title_del,card_detail_component_html,h,LLM_ROLE,HELD,2,card_detail_component_html__LLMR_h_detail_title_del.mut
LLMR_h_detail_title_gam,card_detail_component_html,h,LLM_ROLE,HELD,2,card_detail_component_html__LLMR_h_detail_title_gam.mut
LLMR_card_form_component_html_auto_card_form_form_assignee_label_alf_a,card_form_component_html,a,LLM_ROLE,HELD,1,card_form_component_html__LLMR_card_form_component_html_auto_card_form_form_assignee_label_alf_a.mut
LLMR_card_form_component_html_auto_card_form_form_assignee_label_alf_b,card_form_component_html,b,LLM_ROLE,HELD,1,card_form_component_html__LLMR_card_form_component_html_auto_card_form_form_assignee_label_alf_b.mut
LLMR_card_form_component_html_auto_card_form_form_assignee_label_alf_c,card_form_component_html,c,LLM_ROLE,HELD,1,card_form_component_html__LLMR_card_form_component_html_auto_card_form_form_assignee_label_alf_c.mut
LLMR_card_form_component_html_auto_card_form_form_assignee_label_alf_d,card_form_component_html,d,LLM_ROLE,HELD,1,card_form_component_html__LLMR_card_form_component_html_auto_card_form_form_assignee_label_alf_d.mut
LLMR_card_form_component_html_auto_card_form_form_assignee_label_alf_e,card_form_component_html,e,LLM_ROLE,HELD,1,card_form_component_html__LLMR_card_form_component_html_auto_card_form_form_assignee_label_alf_e.mut
LLMR_card_form_component_html_auto_card_form_form_assignee_label_alf_j,card_form_component_html,j,LLM_ROLE,HELD,1,card_form_component_html__LLMR_card_form_component_html_auto_card_form_form_assignee_label_alf_j.mut
LLMR_card_form_component_html_auto_card_form_form_assignee_label_alf_k,card_form_component_html,k,LLM_ROLE,HELD,1,card_form_component_html__LLMR_card_form_component_html_auto_card_form_form_assignee_label_alf_k.mut
LLMR_card_form_component_html_auto_card_form_form_column_label_alf_a,card_form_component_html,a,LLM_ROLE,HELD,1,card_form_component_html__LLMR_card_form_component_html_auto_card_form_form_column_label_alf_a.mut
LLMR_card_form_component_html_auto_card_form_form_column_label_alf_b,card_form_component_html,b,LLM_ROLE,HELD,1,card_form_component_html__LLMR_card_form_component_html_auto_card_form_form_column_label_alf_b.mut
LLMR_card_form_component_html_auto_card_form_form_column_label_alf_c,card_form_component_html,c,LLM_ROLE,HELD,1,card_form_component_html__LLMR_card_form_component_html_auto_card_form_form_column_label_alf_c.mut
LLMR_card_form_component_html_auto_card_form_form_column_label_alf_d,card_form_component_html,d,LLM_ROLE,HELD,1,card_form_component_html__LLMR_card_form_component_html_auto_card_form_form_column_label_alf_d.mut
LLMR_card_form_component_html_auto_card_form_form_column_label_alf_e,card_form_component_html,e,LLM_ROLE,HELD,1,card_form_component_html__LLMR_card_form_component_html_auto_card_form_form_column_label_alf_e.mut
LLMR_card_form_component_html_auto_card_form_form_column_label_alf_j,card_form_component_html,j,LLM_ROLE,HELD,1,card_form_component_html__LLMR_card_form_component_html_auto_card_form_form_column_label_alf_j.mut
LLMR_card_form_component_html_auto_card_form_form_column_label_alf_k,card_form_component_html,k,LLM_ROLE,HELD,1,card_form_component_html__LLMR_card_form_component_html_auto_card_form_form_column_label_alf_k.mut
LLMR_card_form_component_html_auto_card_form_form_description_label_alf_a,card_form_component_html,a,LLM_ROLE,HELD,1,card_form_component_html__LLMR_card_form_component_html_auto_card_form_form_description_label_alf_a.mut
LLMR_card_form_component_html_auto_card_form_form_description_label_alf_b,card_form_component_html,b,LLM_ROLE,HELD,1,card_form_component_html__LLMR_card_form_component_html_auto_card_form_form_description_label_alf_b.mut
LLMR_card_form_component_html_auto_card_form_form_description_label_alf_c,card_form_component_html,c,LLM_ROLE,HELD,1,card_form_component_html__LLMR_card_form_component_html_auto_card_form_form_description_label_alf_c.mut
LLMR_card_form_component_html_auto_card_form_form_description_label_alf_d,card_form_component_html,d,LLM_ROLE,HELD,1,card_form_component_html__LLMR_card_form_component_html_auto_card_form_form_description_label_alf_d.mut
LLMR_card_form_component_html_auto_card_form_form_description_label_alf_e,card_form_component_html,e,LLM_ROLE,HELD,1,card_form_component_html__LLMR_card_form_component_html_auto_card_form_form_description_label_alf_e.mut
LLMR_card_form_component_html_auto_card_form_form_description_label_alf_j,card_form_component_html,j,LLM_ROLE,HELD,1,card_form_component_html__LLMR_card_form_component_html_auto_card_form_form_description_label_alf_j.mut
LLMR_card_form_component_html_auto_card_form_form_description_label_alf_k,card_form_component_html,k,LLM_ROLE,HELD,1,card_form_component_html__LLMR_card_form_component_html_auto_card_form_form_description_label_alf_k.mut
LLMR_card_form_component_html_auto_card_form_form_field_assignee_alf_a,card_form_component_html,a,LLM_ROLE,HELD,1,card_form_component_html__LLMR_card_form_component_html_auto_card_form_form_field_assignee_alf_a.mut
LLMR_card_form_component_html_auto_card_form_form_field_assignee_alf_c,card_form_component_html,c,LLM_ROLE,HELD,1,card_form_component_html__LLMR_card_form_component_html_auto_card_form_form_field_assignee_alf_c.mut
LLMR_card_form_component_html_auto_card_form_form_field_assignee_alf_j,card_form_component_html,j,LLM_ROLE,HELD,1,card_form_component_html__LLMR_card_form_component_html_auto_card_form_form_field_assignee_alf_j.mut
LLMR_card_form_component_html_auto_card_form_form_field_assignee_alf_k,card_form_component_html,k,LLM_ROLE,HELD,1,card_form_component_html__LLMR_card_form_component_html_auto_card_form_form_field_assignee_alf_k.mut
LLMR_card_form_component_html_auto_card_form_form_field_column_alf_a,card_form_component_html,a,LLM_ROLE,HELD,1,card_form_component_html__LLMR_card_form_component_html_auto_card_form_form_field_column_alf_a.mut
LLMR_card_form_component_html_auto_card_form_form_field_column_alf_c,card_form_component_html,c,LLM_ROLE,HELD,1,card_form_component_html__LLMR_card_form_component_html_auto_card_form_form_field_column_alf_c.mut
LLMR_card_form_component_html_auto_card_form_form_field_column_alf_j,card_form_component_html,j,LLM_ROLE,HELD,1,card_form_component_html__LLMR_card_form_component_html_auto_card_form_form_field_column_alf_j.mut
LLMR_card_form_component_html_auto_card_form_form_field_column_alf_k,card_form_component_html,k,LLM_ROLE,HELD,1,card_form_component_html__LLMR_card_form_component_html_auto_card_form_form_field_column_alf_k.mut
LLMR_card_form_component_html_auto_card_form_form_field_description_alf_a,card_form_component_html,a,LLM_ROLE,HELD,1,card_form_component_html__LLMR_card_form_component_html_auto_card_form_form_field_description_alf_a.mut
LLMR_card_form_component_html_auto_card_form_form_field_description_alf_c,card_form_component_html,c,LLM_ROLE,HELD,1,card_form_component_html__LLMR_card_form_component_html_auto_card_form_form_field_description_alf_c.mut
LLMR_card_form_component_html_auto_card_form_form_field_description_alf_j,card_form_component_html,j,LLM_ROLE,HELD,1,card_form_component_html__LLMR_card_form_component_html_auto_card_form_form_field_description_alf_j.mut
LLMR_card_form_component_html_auto_card_form_form_field_description_alf_k,card_form_component_html,k,LLM_ROLE,HELD,1,card_form_component_html__LLMR_card_form_component_html_auto_card_form_form_field_description_alf_k.mut
LLMR_card_form_component_html_auto_card_form_form_field_priority_alf_a,card_form_component_html,a,LLM_ROLE,HELD,1,card_form_component_html__LLMR_card_form_component_html_auto_card_form_form_field_priority_alf_a.mut
LLMR_card_form_component_html_auto_card_form_form_field_priority_alf_c,card_form_component_html,c,LLM_ROLE,HELD,1,card_form_component_html__LLMR_card_form_component_html_auto_card_form_form_field_priority_alf_c.mut
LLMR_card_form_component_html_auto_card_form_form_field_priority_alf_j,card_form_component_html,j,LLM_ROLE,HELD,1,card_form_component_html__LLMR_card_form_component_html_auto_card_form_form_field_priority_alf_j.mut
LLMR_card_form_component_html_auto_card_form_form_field_priority_alf_k,card_form_component_html,k,LLM_ROLE,HELD,1,card_form_component_html__LLMR_card_form_component_html_auto_card_form_form_field_priority_alf_k.mut
LLMR_card_form_component_html_auto_card_form_form_field_tags_alf_a,card_form_component_html,a,LLM_ROLE,HELD,1,card_form_component_html__LLMR_card_form_component_html_auto_card_form_form_field_tags_alf_a.mut
LLMR_card_form_component_html_auto_card_form_form_field_tags_alf_c,card_form_component_html,c,LLM_ROLE,HELD,1,card_form_component_html__LLMR_card_form_component_html_auto_card_form_form_field_tags_alf_c.mut
LLMR_card_form_component_html_auto_card_form_form_field_tags_alf_j,card_form_component_html,j,LLM_ROLE,HELD,1,card_form_component_html__LLMR_card_form_component_html_auto_card_form_form_field_tags_alf_j.mut
LLMR_card_form_component_html_auto_card_form_form_field_tags_alf_k,card_form_component_html,k,LLM_ROLE,HELD,1,card_form_component_html__LLMR_card_form_component_html_auto_card_form_form_field_tags_alf_k.mut
LLMR_card_form_component_html_auto_card_form_form_field_title_alf_a,card_form_component_html,a,LLM_ROLE,HELD,1,card_form_component_html__LLMR_card_form_component_html_auto_card_form_form_field_title_alf_a.mut
LLMR_card_form_component_html_auto_card_form_form_field_title_alf_c,card_form_component_html,c,LLM_ROLE,HELD,1,card_form_component_html__LLMR_card_form_component_html_auto_card_form_form_field_title_alf_c.mut
LLMR_card_form_component_html_auto_card_form_form_field_title_alf_j,card_form_component_html,j,LLM_ROLE,HELD,1,card_form_component_html__LLMR_card_form_component_html_auto_card_form_form_field_title_alf_j.mut
LLMR_card_form_component_html_auto_card_form_form_field_title_alf_k,card_form_component_html,k,LLM_ROLE,HELD,1,card_form_component_html__LLMR_card_form_component_html_auto_card_form_form_field_title_alf_k.mut
LLMR_card_form_component_html_auto_card_form_form_priority_label_alf_a,card_form_component_html,a,LLM_ROLE,HELD,1,card_form_component_html__LLMR_card_form_component_html_auto_card_form_form_priority_label_alf_a.mut
LLMR_card_form_component_html_auto_card_form_form_priority_label_alf_b,card_form_component_html,b,LLM_ROLE,HELD,1,card_form_component_html__LLMR_card_form_component_html_auto_card_form_form_priority_label_alf_b.mut
LLMR_card_form_component_html_auto_card_form_form_priority_label_alf_c,card_form_component_html,c,LLM_ROLE,HELD,1,card_form_component_html__LLMR_card_form_component_html_auto_card_form_form_priority_label_alf_c.mut
LLMR_card_form_component_html_auto_card_form_form_priority_label_alf_d,card_form_component_html,d,LLM_ROLE,HELD,1,card_form_component_html__LLMR_card_form_component_html_auto_card_form_form_priority_label_alf_d.mut
LLMR_card_form_component_html_auto_card_form_form_priority_label_alf_e,card_form_component_html,e,LLM_ROLE,HELD,1,card_form_component_html__LLMR_card_form_component_html_auto_card_form_form_priority_label_alf_e.mut
LLMR_card_form_component_html_auto_card_form_form_priority_label_alf_j,card_form_component_html,j,LLM_ROLE,HELD,1,card_form_component_html__LLMR_card_form_component_html_auto_card_form_form_priority_label_alf_j.mut
LLMR_card_form_component_html_auto_card_form_form_priority_label_alf_k,card_form_component_html,k,LLM_ROLE,HELD,1,card_form_component_html__LLMR_card_form_component_html_auto_card_form_form_priority_label_alf_k.mut
LLMR_card_form_component_html_auto_card_form_form_tags_label_alf_a,card_form_component_html,a,LLM_ROLE,HELD,1,card_form_component_html__LLMR_card_form_component_html_auto_card_form_form_tags_label_alf_a.mut
LLMR_card_form_component_html_auto_card_form_form_tags_label_alf_b,card_form_component_html,b,LLM_ROLE,HELD,1,card_form_component_html__LLMR_card_form_component_html_auto_card_form_form_tags_label_alf_b.mut
LLMR_card_form_component_html_auto_card_form_form_tags_label_alf_c,card_form_component_html,c,LLM_ROLE,HELD,1,card_form_component_html__LLMR_card_form_component_html_auto_card_form_form_tags_label_alf_c.mut
LLMR_card_form_component_html_auto_card_form_form_tags_label_alf_d,card_form_component_html,d,LLM_ROLE,HELD,1,card_form_component_html__LLMR_card_form_component_html_auto_card_form_form_tags_label_alf_d.mut
LLMR_card_form_component_html_auto_card_form_form_tags_label_alf_e,card_form_component_html,e,LLM_ROLE,HELD,1,card_form_component_html__LLMR_card_form_component_html_auto_card_form_form_tags_label_alf_e.mut
LLMR_card_form_component_html_auto_card_form_form_tags_label_alf_j,card_form_component_html,j,LLM_ROLE,HELD,1,card_form_component_html__LLMR_card_form_component_html_auto_card_form_form_tags_label_alf_j.mut
LLMR_card_form_component_html_auto_card_form_form_tags_label_alf_k,card_form_component_html,k,LLM_ROLE,HELD,1,card_form_component_html__LLMR_card_form_component_html_auto_card_form_form_tags_label_alf_k.mut
LLMR_card_form_component_html_auto_card_form_form_title_edit_alf_a,card_form_component_html,a,LLM_ROLE,HELD,1,card_form_component_html__LLMR_card_form_component_html_auto_card_form_form_title_edit_alf_a.mut
LLMR_card_form_component_html_auto_card_form_form_title_edit_alf_b,card_form_component_html,b,LLM_ROLE,HELD,1,card_form_component_html__LLMR_card_form_component_html_auto_card_form_form_title_edit_alf_b.mut
LLMR_card_form_component_html_auto_card_form_form_title_edit_alf_c,card_form_component_html,c,LLM_ROLE,HELD,1,card_form_component_html__LLMR_card_form_component_html_auto_card_form_form_title_edit_alf_c.mut
LLMR_card_form_component_html_auto_card_form_form_title_edit_alf_d,card_form_component_html,d,LLM_ROLE,HELD,1,card_form_component_html__LLMR_card_form_component_html_auto_card_form_form_title_edit_alf_d.mut
LLMR_card_form_component_html_auto_card_form_form_title_edit_alf_e,card_form_component_html,e,LLM_ROLE,HELD,1,card_form_component_html__LLMR_card_form_component_html_auto_card_form_form_title_edit_alf_e.mut
LLMR_card_form_component_html_auto_card_form_form_title_edit_alf_f,card_form_component_html,f,LLM_ROLE,HELD,1,card_form_component_html__LLMR_card_form_component_html_auto_card_form_form_title_edit_alf_f.mut
LLMR_card_form_component_html_auto_card_form_form_title_edit_alf_g,card_form_component_html,g,LLM_ROLE,HELD,1,card_form_component_html__LLMR_card_form_component_html_auto_card_form_form_title_edit_alf_g.mut
LLMR_card_form_component_html_auto_card_form_form_title_edit_alf_j,card_form_component_html,j,LLM_ROLE,HELD,1,card_form_component_html__LLMR_card_form_component_html_auto_card_form_form_title_edit_alf_j.mut
LLMR_card_form_component_html_auto_card_form_form_title_edit_alf_k,card_form_component_html,k,LLM_ROLE,HELD,1,card_form_component_html__LLMR_card_form_component_html_auto_card_form_form_title_edit_alf_k.mut
LLMR_card_form_component_html_auto_card_form_form_title_new_alf_a,card_form_component_html,a,LLM_ROLE,HELD,1,card_form_component_html__LLMR_card_form_component_html_auto_card_form_form_title_new_alf_a.mut
LLMR_card_form_component_html_auto_card_form_form_title_new_alf_b,card_form_component_html,b,LLM_ROLE,HELD,1,card_form_component_html__LLMR_card_form_component_html_auto_card_form_form_title_new_alf_b.mut
LLMR_card_form_component_html_auto_card_form_form_title_new_alf_c,card_form_component_html,c,LLM_ROLE,HELD,1,card_form_component_html__LLMR_card_form_component_html_auto_card_form_form_title_new_alf_c.mut
LLMR_card_form_component_html_auto_card_form_form_title_new_alf_d,card_form_component_html,d,LLM_ROLE,HELD,1,card_form_component_html__LLMR_card_form_component_html_auto_card_form_form_title_new_alf_d.mut
LLMR_card_form_component_html_auto_card_form_form_title_new_alf_e,card_form_component_html,e,LLM_ROLE,HELD,1,card_form_component_html__LLMR_card_form_component_html_auto_card_form_form_title_new_alf_e.mut
LLMR_card_form_component_html_auto_card_form_form_title_new_alf_j,card_form_component_html,j,LLM_ROLE,HELD,1,card_form_component_html__LLMR_card_form_component_html_auto_card_form_form_title_new_alf_j.mut
LLMR_card_form_component_html_auto_card_form_form_title_new_alf_k,card_form_component_html,k,LLM_ROLE,HELD,1,card_form_component_html__LLMR_card_form_component_html_auto_card_form_form_title_new_alf_k.mut
LLMR_card_form_component_html_form_assignee_alf_a,card_form_component_html,a,LLM_ROLE,HELD,1,card_form_component_html__LLMR_card_form_component_html_form_assignee_alf_a.mut
LLMR_card_form_component_html_form_assignee_alf_b,card_form_component_html,b,LLM_ROLE,HELD,1,card_form_component_html__LLMR_card_form_component_html_form_assignee_alf_b.mut
LLMR_card_form_component_html_form_assignee_alf_c,card_form_component_html,c,LLM_ROLE,HELD,1,card_form_component_html__LLMR_card_form_component_html_form_assignee_alf_c.mut
LLMR_card_form_component_html_form_assignee_alf_f,card_form_component_html,f,LLM_ROLE,HELD,1,card_form_component_html__LLMR_card_form_component_html_form_assignee_alf_f.mut
LLMR_card_form_component_html_form_assignee_alf_g,card_form_component_html,g,LLM_ROLE,HELD,1,card_form_component_html__LLMR_card_form_component_html_form_assignee_alf_g.mut
LLMR_card_form_component_html_form_assignee_alf_j,card_form_component_html,j,LLM_ROLE,HELD,1,card_form_component_html__LLMR_card_form_component_html_form_assignee_alf_j.mut
LLMR_card_form_component_html_form_assignee_alf_k,card_form_component_html,k,LLM_ROLE,HELD,1,card_form_component_html__LLMR_card_form_component_html_form_assignee_alf_k.mut
LLMR_card_form_component_html_form_assignee_bet_f,card_form_component_html,f,LLM_ROLE,HELD,1,card_form_component_html__LLMR_card_form_component_html_form_assignee_bet_f.mut
LLMR_card_form_component_html_form_assignee_bet_g,card_form_component_html,g,LLM_ROLE,HELD,1,card_form_component_html__LLMR_card_form_component_html_form_assignee_bet_g.mut
LLMR_card_form_component_html_form_assignee_del_f,card_form_component_html,f,LLM_ROLE,HELD,1,card_form_component_html__LLMR_card_form_component_html_form_assignee_del_f.mut
LLMR_card_form_component_html_form_assignee_del_g,card_form_component_html,g,LLM_ROLE,HELD,1,card_form_component_html__LLMR_card_form_component_html_form_assignee_del_g.mut
LLMR_card_form_component_html_form_back_alf_a,card_form_component_html,a,LLM_ROLE,HELD,1,card_form_component_html__LLMR_card_form_component_html_form_back_alf_a.mut
LLMR_card_form_component_html_form_back_alf_b,card_form_component_html,b,LLM_ROLE,HELD,1,card_form_component_html__LLMR_card_form_component_html_form_back_alf_b.mut
LLMR_card_form_component_html_form_back_alf_c,card_form_component_html,c,LLM_ROLE,HELD,1,card_form_component_html__LLMR_card_form_component_html_form_back_alf_c.mut
LLMR_card_form_component_html_form_back_alf_d,card_form_component_html,d,LLM_ROLE,HELD,1,card_form_component_html__LLMR_card_form_component_html_form_back_alf_d.mut
LLMR_card_form_component_html_form_back_alf_e,card_form_component_html,e,LLM_ROLE,HELD,1,card_form_component_html__LLMR_card_form_component_html_form_back_alf_e.mut
LLMR_card_form_component_html_form_back_alf_f,card_form_component_html,f,LLM_ROLE,HELD,1,card_form_component_html__LLMR_card_form_component_html_form_back_alf_f.mut
LLMR_card_form_component_html_form_back_alf_g,card_form_component_html,g,LLM_ROLE,HELD,1,card_form_component_html__LLMR_card_form_component_html_form_back_alf_g.mut
LLMR_card_form_component_html_form_back_alf_j,card_form_component_html,j,LLM_ROLE,HELD,1,card_form_component_html__LLMR_card_form_component_html_form_back_alf_j.mut
LLMR_card_form_component_html_form_back_alf_k,card_form_component_html,k,LLM_ROLE,HELD,1,card_form_component_html__LLMR_card_form_component_html_form_back_alf_k.mut
LLMR_card_form_component_html_form_back_del_f,card_form_component_html,f,LLM_ROLE,HELD,1,card_form_component_html__LLMR_card_form_component_html_form_back_del_f.mut
LLMR_card_form_component_html_form_back_del_g,card_form_component_html,g,LLM_ROLE,HELD,1,card_form_component_html__LLMR_card_form_component_html_form_back_del_g.mut
LLMR_card_form_component_html_form_cancel_alf_a,card_form_component_html,a,LLM_ROLE,HELD,1,card_form_component_html__LLMR_card_form_component_html_form_cancel_alf_a.mut
LLMR_card_form_component_html_form_cancel_alf_b,card_form_component_html,b,LLM_ROLE,HELD,1,card_form_component_html__LLMR_card_form_component_html_form_cancel_alf_b.mut
LLMR_card_form_component_html_form_cancel_alf_c,card_form_component_html,c,LLM_ROLE,HELD,1,card_form_component_html__LLMR_card_form_component_html_form_cancel_alf_c.mut
LLMR_card_form_component_html_form_cancel_alf_d,card_form_component_html,d,LLM_ROLE,HELD,1,card_form_component_html__LLMR_card_form_component_html_form_cancel_alf_d.mut
LLMR_card_form_component_html_form_cancel_alf_e,card_form_component_html,e,LLM_ROLE,HELD,1,card_form_component_html__LLMR_card_form_component_html_form_cancel_alf_e.mut
LLMR_card_form_component_html_form_cancel_alf_j,card_form_component_html,j,LLM_ROLE,HELD,1,card_form_component_html__LLMR_card_form_component_html_form_cancel_alf_j.mut
LLMR_card_form_component_html_form_cancel_alf_k,card_form_component_html,k,LLM_ROLE,HELD,1,card_form_component_html__LLMR_card_form_component_html_form_cancel_alf_k.mut
LLMR_card_form_component_html_form_column_alf_a,card_form_component_html,a,LLM_ROLE,HELD,1,card_form_component_html__LLMR_card_form_component_html_form_column_alf_a.mut
LLMR_card_form_component_html_form_column_alf_b,card_form_component_html,b,LLM_ROLE,HELD,1,card_form_component_html__LLMR_card_form_component_html_form_column_alf_b.mut
LLMR_card_form_component_html_form_column_alf_c,card_form_component_html,c,LLM_ROLE,HELD,1,card_form_component_html__LLMR_card_form_component_html_form_column_alf_c.mut
LLMR_card_form_component_html_form_column_alf_f,card_form_component_html,f,LLM_ROLE,HELD,1,card_form_component_html__LLMR_card_form_component_html_form_column_alf_f.mut
LLMR_card_form_component_html_form_column_alf_g,card_form_component_html,g,LLM_ROLE,HELD,1,card_form_component_html__LLMR_card_form_component_html_form_column_alf_g.mut
LLMR_card_form_component_html_form_column_alf_k,card_form_component_html,k,LLM_ROLE,HELD,1,card_form_component_html__LLMR_card_form_component_html_form_column_alf_k.mut
LLMR_card_form_component_html_form_column_bet_f,card_form_component_html,f,LLM_ROLE,HELD,1,card_form_component_html__LLMR_card_form_component_html_form_column_bet_f.mut
LLMR_card_form_component_html_form_column_bet_g,card_form_component_html,g,LLM_ROLE,HELD,1,card_form_component_html__LLMR_card_form_component_html_form_column_bet_g.mut
LLMR_card_form_component_html_form_column_del_f,card_form_component_html,f,LLM_ROLE,HELD,1,card_form_component_html__LLMR_card_form_component_html_form_column_del_f.mut
LLMR_card_form_component_html_form_column_del_g,card_form_component_html,g,LLM_ROLE,HELD,1,card_form_component_html__LLMR_card_form_component_html_form_column_del_g.mut
LLMR_card_form_component_html_form_description_alf_a,card_form_component_html,a,LLM_ROLE,HELD,1,card_form_component_html__LLMR_card_form_component_html_form_description_alf_a.mut
LLMR_card_form_component_html_form_description_alf_b,card_form_component_html,b,LLM_ROLE,HELD,1,card_form_component_html__LLMR_card_form_component_html_form_description_alf_b.mut
LLMR_card_form_component_html_form_description_alf_c,card_form_component_html,c,LLM_ROLE,HELD,1,card_form_component_html__LLMR_card_form_component_html_form_description_alf_c.mut
LLMR_card_form_component_html_form_description_alf_f,card_form_component_html,f,LLM_ROLE,HELD,1,card_form_component_html__LLMR_card_form_component_html_form_description_alf_f.mut
LLMR_card_form_component_html_form_description_alf_g,card_form_component_html,g,LLM_ROLE,HELD,1,card_form_component_html__LLMR_card_form_component_html_form_description_alf_g.mut
LLMR_card_form_component_html_form_description_alf_j,card_form_component_html,j,LLM_ROLE,HELD,1,card_form_component_html__LLMR_card_form_component_html_form_description_alf_j.mut
LLMR_card_form_component_html_form_description_alf_k,card_form_component_html,k,LLM_ROLE,HELD,1,card_form_component_html__LLMR_card_form_component_html_form_description_alf_k.mut
LLMR_card_form_component_html_form_description_bet_f,card_form_component_html,f,LLM_ROLE,HELD,1,card_form_component_html__LLMR_card_form_component_html_form_description_bet_f.mut
LLMR_card_form_component_html_form_description_bet_g,card_form_component_html,g,LLM_ROLE,HELD,1,card_form_component_html__LLMR_card_form_component_html_form_description_bet_g.mut
LLMR_card_form_component_html_form_description_del_f,card_form_component_html,f,LLM_ROLE,HELD,1,card_form_component_html__LLMR_card_form_component_html_form_description_del_f.mut
LLMR_card_form_component_html_form_description_del_g,card_form_component_html,g,LLM_ROLE,HELD,1,card_form_component_html__LLMR_card_form_component_html_form_description_del_g.mut
LLMR_card_form_component_html_form_priority_alf_a,card_form_component_html,a,LLM_ROLE,HELD,1,card_form_component_html__LLMR_card_form_component_html_form_priority_alf_a.mut
LLMR_card_form_component_html_form_priority_alf_b,card_form_component_html,b,LLM_ROLE,HELD,1,card_form_component_html__LLMR_card_form_component_html_form_priority_alf_b.mut
LLMR_card_form_component_html_form_priority_alf_c,card_form_component_html,c,LLM_ROLE,HELD,1,card_form_component_html__LLMR_card_form_component_html_form_priority_alf_c.mut
LLMR_card_form_component_html_form_priority_alf_f,card_form_component_html,f,LLM_ROLE,HELD,1,card_form_component_html__LLMR_card_form_component_html_form_priority_alf_f.mut
LLMR_card_form_component_html_form_priority_alf_g,card_form_component_html,g,LLM_ROLE,HELD,1,card_form_component_html__LLMR_card_form_component_html_form_priority_alf_g.mut
LLMR_card_form_component_html_form_priority_alf_k,card_form_component_html,k,LLM_ROLE,HELD,1,card_form_component_html__LLMR_card_form_component_html_form_priority_alf_k.mut
LLMR_card_form_component_html_form_priority_bet_f,card_form_component_html,f,LLM_ROLE,HELD,1,card_form_component_html__LLMR_card_form_component_html_form_priority_bet_f.mut
LLMR_card_form_component_html_form_priority_bet_g,card_form_component_html,g,LLM_ROLE,HELD,1,card_form_component_html__LLMR_card_form_component_html_form_priority_bet_g.mut
LLMR_card_form_component_html_form_priority_del_f,card_form_component_html,f,LLM_ROLE,HELD,1,card_form_component_html__LLMR_card_form_component_html_form_priority_del_f.mut
LLMR_card_form_component_html_form_priority_del_g,card_form_component_html,g,LLM_ROLE,HELD,1,card_form_component_html__LLMR_card_form_component_html_form_priority_del_g.mut
LLMR_card_form_component_html_form_priority_gam_f,card_form_component_html,f,LLM_ROLE,HELD,1,card_form_component_html__LLMR_card_form_component_html_form_priority_gam_f.mut
LLMR_card_form_component_html_form_priority_gam_g,card_form_component_html,g,LLM_ROLE,HELD,1,card_form_component_html__LLMR_card_form_component_html_form_priority_gam_g.mut
LLMR_card_form_component_html_form_root_alf_f,card_form_component_html,f,LLM_ROLE,HELD,1,card_form_component_html__LLMR_card_form_component_html_form_root_alf_f.mut
LLMR_card_form_component_html_form_root_del_f,card_form_component_html,f,LLM_ROLE,HELD,1,card_form_component_html__LLMR_card_form_component_html_form_root_del_f.mut
LLMR_card_form_component_html_form_submit_alf_a,card_form_component_html,a,LLM_ROLE,HELD,1,card_form_component_html__LLMR_card_form_component_html_form_submit_alf_a.mut
LLMR_card_form_component_html_form_submit_alf_b,card_form_component_html,b,LLM_ROLE,HELD,1,card_form_component_html__LLMR_card_form_component_html_form_submit_alf_b.mut
LLMR_card_form_component_html_form_submit_alf_c,card_form_component_html,c,LLM_ROLE,HELD,1,card_form_component_html__LLMR_card_form_component_html_form_submit_alf_c.mut
LLMR_card_form_component_html_form_submit_alf_d,card_form_component_html,d,LLM_ROLE,HELD,1,card_form_component_html__LLMR_card_form_component_html_form_submit_alf_d.mut
LLMR_card_form_component_html_form_submit_alf_e,card_form_component_html,e,LLM_ROLE,HELD,1,card_form_component_html__LLMR_card_form_component_html_form_submit_alf_e.mut
LLMR_card_form_component_html_form_submit_alf_f,card_form_component_html,f,LLM_ROLE,HELD,1,card_form_component_html__LLMR_card_form_component_html_form_submit_alf_f.mut
LLMR_card_form_component_html_form_submit_alf_g,card_form_component_html,g,LLM_ROLE,HELD,1,card_form_component_html__LLMR_card_form_component_html_form_submit_alf_g.mut
LLMR_card_form_component_html_form_submit_alf_j,card_form_component_html,j,LLM_ROLE,HELD,1,card_form_component_html__LLMR_card_form_component_html_form_submit_alf_j.mut
LLMR_card_form_component_html_form_submit_alf_k,card_form_component_html,k,LLM_ROLE,HELD,1,card_form_component_html__LLMR_card_form_component_html_form_submit_alf_k.mut
LLMR_card_form_component_html_form_submit_bet_f,card_form_component_html,f,LLM_ROLE,HELD,1,card_form_component_html__LLMR_card_form_component_html_form_submit_bet_f.mut
LLMR_card_form_component_html_form_submit_bet_g,card_form_component_html,g,LLM_ROLE,HELD,1,card_form_component_html__LLMR_card_form_component_html_form_submit_bet_g.mut
LLMR_card_form_component_html_form_submit_del_f,card_form_component_html,f,LLM_ROLE,HELD,1,card_form_component_html__LLMR_card_form_component_html_form_submit_del_f.mut
LLMR_card_form_component_html_form_submit_del_g,card_form_component_html,g,LLM_ROLE,HELD,1,card_form_component_html__LLMR_card_form_component_html_form_submit_del_g.mut
LLMR_card_form_component_html_form_tags_alf_a,card_form_component_html,a,LLM_ROLE,HELD,1,card_form_component_html__LLMR_card_form_component_html_form_tags_alf_a.mut
LLMR_card_form_component_html_form_tags_alf_b,card_form_component_html,b,LLM_ROLE,HELD,1,card_form_component_html__LLMR_card_form_component_html_form_tags_alf_b.mut
LLMR_card_form_component_html_form_tags_alf_c,card_form_component_html,c,LLM_ROLE,HELD,1,card_form_component_html__LLMR_card_form_component_html_form_tags_alf_c.mut
LLMR_card_form_component_html_form_tags_alf_f,card_form_component_html,f,LLM_ROLE,HELD,1,card_form_component_html__LLMR_card_form_component_html_form_tags_alf_f.mut
LLMR_card_form_component_html_form_tags_alf_g,card_form_component_html,g,LLM_ROLE,HELD,1,card_form_component_html__LLMR_card_form_component_html_form_tags_alf_g.mut
LLMR_card_form_component_html_form_tags_alf_j,card_form_component_html,j,LLM_ROLE,HELD,1,card_form_component_html__LLMR_card_form_component_html_form_tags_alf_j.mut
LLMR_card_form_component_html_form_tags_alf_k,card_form_component_html,k,LLM_ROLE,HELD,1,card_form_component_html__LLMR_card_form_component_html_form_tags_alf_k.mut
LLMR_card_form_component_html_form_tags_bet_f,card_form_component_html,f,LLM_ROLE,HELD,1,card_form_component_html__LLMR_card_form_component_html_form_tags_bet_f.mut
LLMR_card_form_component_html_form_tags_bet_g,card_form_component_html,g,LLM_ROLE,HELD,1,card_form_component_html__LLMR_card_form_component_html_form_tags_bet_g.mut
LLMR_card_form_component_html_form_tags_del_f,card_form_component_html,f,LLM_ROLE,HELD,1,card_form_component_html__LLMR_card_form_component_html_form_tags_del_f.mut
LLMR_card_form_component_html_form_tags_del_g,card_form_component_html,g,LLM_ROLE,HELD,1,card_form_component_html__LLMR_card_form_component_html_form_tags_del_g.mut
LLMR_card_form_component_html_form_title_alf_a,card_form_component_html,a,LLM_ROLE,HELD,1,card_form_component_html__LLMR_card_form_component_html_form_title_alf_a.mut
LLMR_card_form_component_html_form_title_alf_b,card_form_component_html,b,LLM_ROLE,HELD,1,card_form_component_html__LLMR_card_form_component_html_form_title_alf_b.mut
LLMR_card_form_component_html_form_title_alf_c,card_form_component_html,c,LLM_ROLE,HELD,1,card_form_component_html__LLMR_card_form_component_html_form_title_alf_c.mut
LLMR_card_form_component_html_form_title_alf_f,card_form_component_html,f,LLM_ROLE,HELD,1,card_form_component_html__LLMR_card_form_component_html_form_title_alf_f.mut
LLMR_card_form_component_html_form_title_alf_g,card_form_component_html,g,LLM_ROLE,HELD,1,card_form_component_html__LLMR_card_form_component_html_form_title_alf_g.mut
LLMR_card_form_component_html_form_title_alf_j,card_form_component_html,j,LLM_ROLE,HELD,1,card_form_component_html__LLMR_card_form_component_html_form_title_alf_j.mut
LLMR_card_form_component_html_form_title_alf_k,card_form_component_html,k,LLM_ROLE,HELD,1,card_form_component_html__LLMR_card_form_component_html_form_title_alf_k.mut
LLMR_card_form_component_html_form_title_bet_f,card_form_component_html,f,LLM_ROLE,HELD,1,card_form_component_html__LLMR_card_form_component_html_form_title_bet_f.mut
LLMR_card_form_component_html_form_title_bet_g,card_form_component_html,g,LLM_ROLE,HELD,1,card_form_component_html__LLMR_card_form_component_html_form_title_bet_g.mut
LLMR_card_form_component_html_form_title_del_f,card_form_component_html,f,LLM_ROLE,HELD,1,card_form_component_html__LLMR_card_form_component_html_form_title_del_f.mut
LLMR_card_form_component_html_form_title_del_g,card_form_component_html,g,LLM_ROLE,HELD,1,card_form_component_html__LLMR_card_form_component_html_form_title_del_g.mut
LLMR_card_form_component_html_form_title_label_alf_a,card_form_component_html,a,LLM_ROLE,HELD,1,card_form_component_html__LLMR_card_form_component_html_form_title_label_alf_a.mut
LLMR_card_form_component_html_form_title_label_alf_b,card_form_component_html,b,LLM_ROLE,HELD,1,card_form_component_html__LLMR_card_form_component_html_form_title_label_alf_b.mut
LLMR_card_form_component_html_form_title_label_alf_c,card_form_component_html,c,LLM_ROLE,HELD,1,card_form_component_html__LLMR_card_form_component_html_form_title_label_alf_c.mut
LLMR_card_form_component_html_form_title_label_alf_d,card_form_component_html,d,LLM_ROLE,HELD,1,card_form_component_html__LLMR_card_form_component_html_form_title_label_alf_d.mut
LLMR_card_form_component_html_form_title_label_alf_e,card_form_component_html,e,LLM_ROLE,HELD,1,card_form_component_html__LLMR_card_form_component_html_form_title_label_alf_e.mut
LLMR_card_form_component_html_form_title_label_alf_j,card_form_component_html,j,LLM_ROLE,HELD,1,card_form_component_html__LLMR_card_form_component_html_form_title_label_alf_j.mut
LLMR_card_form_component_html_form_title_label_alf_k,card_form_component_html,k,LLM_ROLE,HELD,1,card_form_component_html__LLMR_card_form_component_html_form_title_label_alf_k.mut
LLMR_h_form_assignee_alf,card_form_component_html,h,LLM_ROLE,HELD,2,card_form_component_html__LLMR_h_form_assignee_alf.mut
LLMR_h_form_assignee_bet,card_form_component_html,h,LLM_ROLE,HELD,2,card_form_component_html__LLMR_h_form_assignee_bet.mut
LLMR_h_form_assignee_del,card_form_component_html,h,LLM_ROLE,HELD,2,card_form_component_html__LLMR_h_form_assignee_del.mut
LLMR_h_form_back_alf,card_form_component_html,h,LLM_ROLE,HELD,2,card_form_component_html__LLMR_h_form_back_alf.mut
LLMR_h_form_back_del,card_form_component_html,h,LLM_ROLE,HELD,2,card_form_component_html__LLMR_h_form_back_del.mut
LLMR_h_form_column_alf,card_form_component_html,h,LLM_ROLE,HELD,2,card_form_component_html__LLMR_h_form_column_alf.mut
LLMR_h_form_column_bet,card_form_component_html,h,LLM_ROLE,HELD,2,card_form_component_html__LLMR_h_form_column_bet.mut
LLMR_h_form_column_del,card_form_component_html,h,LLM_ROLE,HELD,2,card_form_component_html__LLMR_h_form_column_del.mut
LLMR_h_form_description_alf,card_form_component_html,h,LLM_ROLE,HELD,2,card_form_component_html__LLMR_h_form_description_alf.mut
LLMR_h_form_description_bet,card_form_component_html,h,LLM_ROLE,HELD,2,card_form_component_html__LLMR_h_form_description_bet.mut
LLMR_h_form_description_del,card_form_component_html,h,LLM_ROLE,HELD,2,card_form_component_html__LLMR_h_form_description_del.mut
LLMR_h_form_priority_alf,card_form_component_html,h,LLM_ROLE,HELD,2,card_form_component_html__LLMR_h_form_priority_alf.mut
LLMR_h_form_priority_bet,card_form_component_html,h,LLM_ROLE,HELD,2,card_form_component_html__LLMR_h_form_priority_bet.mut
LLMR_h_form_priority_del,card_form_component_html,h,LLM_ROLE,HELD,2,card_form_component_html__LLMR_h_form_priority_del.mut
LLMR_h_form_priority_gam,card_form_component_html,h,LLM_ROLE,HELD,2,card_form_component_html__LLMR_h_form_priority_gam.mut
LLMR_h_form_root_alf,card_form_component_html,h,LLM_ROLE,HELD,2,card_form_component_html__LLMR_h_form_root_alf.mut
LLMR_h_form_root_bet,card_form_component_html,h,LLM_ROLE,HELD,2,card_form_component_html__LLMR_h_form_root_bet.mut
LLMR_h_form_root_del,card_form_component_html,h,LLM_ROLE,HELD,2,card_form_component_html__LLMR_h_form_root_del.mut
LLMR_h_form_submit_alf,card_form_component_html,h,LLM_ROLE,HELD,2,card_form_component_html__LLMR_h_form_submit_alf.mut
LLMR_h_form_submit_bet,card_form_component_html,h,LLM_ROLE,HELD,2,card_form_component_html__LLMR_h_form_submit_bet.mut
LLMR_h_form_submit_del,card_form_component_html,h,LLM_ROLE,HELD,2,card_form_component_html__LLMR_h_form_submit_del.mut
LLMR_h_form_tags_alf,card_form_component_html,h,LLM_ROLE,HELD,2,card_form_component_html__LLMR_h_form_tags_alf.mut
LLMR_h_form_tags_bet,card_form_component_html,h,LLM_ROLE,HELD,2,card_form_component_html__LLMR_h_form_tags_bet.mut
LLMR_h_form_tags_del,card_form_component_html,h,LLM_ROLE,HELD,2,card_form_component_html__LLMR_h_form_tags_del.mut
LLMR_h_form_title_alf,card_form_component_html,h,LLM_ROLE,HELD,2,card_form_component_html__LLMR_h_form_title_alf.mut
LLMR_h_form_title_bet,card_form_component_html,h,LLM_ROLE,HELD,2,card_form_component_html__LLMR_h_form_title_bet.mut
LLMR_h_form_title_del,card_form_component_html,h,LLM_ROLE,HELD,2,card_form_component_html__LLMR_h_form_title_del.mut
LLMR_column_component_html_column_empty_message_alf_g,column_component_html,g,LLM_ROLE,HELD,1,column_component_html__LLMR_column_component_html_column_empty_message_alf_g.mut
LLMR_column_component_html_column_empty_message_bet_f,column_component_html,f,LLM_ROLE,HELD,1,column_component_html__LLMR_column_component_html_column_empty_message_bet_f.mut
LLMR_h_column_card_list_alf,column_component_html,h,LLM_ROLE,HELD,2,column_component_html__LLMR_h_column_card_list_alf.mut
LLMR_h_column_empty_message_alf,column_component_html,h,LLM_ROLE,HELD,2,column_component_html__LLMR_h_column_empty_message_alf.mut
LLMR_h_column_empty_message_bet,column_component_html,h,LLM_ROLE,HELD,2,column_component_html__LLMR_h_column_empty_message_bet.mut
LLMR_h_header_app_title_alf,header_component_html,h,LLM_ROLE,COMPLETE,2,header_component_html__LLMR_h_header_app_title_alf.mut
LLMR_h_header_app_title_bet,header_component_html,h,LLM_ROLE,COMPLETE,2,header_component_html__LLMR_h_header_app_title_bet.mut
LLMR_h_header_app_title_del,header_component_html,h,LLM_ROLE,COMPLETE,2,header_component_html__LLMR_h_header_app_title_del.mut
LLMR_h_header_brand_icon_alf,header_component_html,h,LLM_ROLE,COMPLETE,2,header_component_html__LLMR_h_header_brand_icon_alf.mut
LLMR_h_header_nav_board_alf,header_component_html,h,LLM_ROLE,COMPLETE,2,header_component_html__LLMR_h_header_nav_board_alf.mut
LLMR_h_header_nav_board_bet,header_component_html,h,LLM_ROLE,COMPLETE,2,header_component_html__LLMR_h_header_nav_board_bet.mut
LLMR_h_header_nav_board_del,header_component_html,h,LLM_ROLE,COMPLETE,2,header_component_html__LLMR_h_header_nav_board_del.mut
LLMR_h_header_nav_stats_del,header_component_html,h,LLM_ROLE,COMPLETE,2,header_component_html__LLMR_h_header_nav_stats_del.mut
LLMR_h_header_total_badge_alf,header_component_html,h,LLM_ROLE,COMPLETE,2,header_component_html__LLMR_h_header_total_badge_alf.mut
LLMR_h_header_total_badge_bet,header_component_html,h,LLM_ROLE,COMPLETE,2,header_component_html__LLMR_h_header_total_badge_bet.mut
LLMR_h_header_total_badge_del,header_component_html,h,LLM_ROLE,COMPLETE,2,header_component_html__LLMR_h_header_total_badge_del.mut
LLMR_h_header_total_badge_gam,header_component_html,h,LLM_ROLE,COMPLETE,2,header_component_html__LLMR_h_header_total_badge_gam.mut
LLMR_header_component_html_auto_header_brand_alf_a,header_component_html,a,LLM_ROLE,COMPLETE,1,header_component_html__LLMR_header_component_html_auto_header_brand_alf_a.mut
LLMR_header_component_html_auto_header_brand_alf_b,header_component_html,b,LLM_ROLE,COMPLETE,1,header_component_html__LLMR_header_component_html_auto_header_brand_alf_b.mut
LLMR_header_component_html_auto_header_brand_alf_c,header_component_html,c,LLM_ROLE,COMPLETE,1,header_component_html__LLMR_header_component_html_auto_header_brand_alf_c.mut
LLMR_header_component_html_auto_header_brand_alf_j,header_component_html,j,LLM_ROLE,COMPLETE,1,header_component_html__LLMR_header_component_html_auto_header_brand_alf_j.mut
LLMR_header_component_html_auto_header_brand_alf_k,header_component_html,k,LLM_ROLE,COMPLETE,1,header_component_html__LLMR_header_component_html_auto_header_brand_alf_k.mut
LLMR_header_component_html_auto_header_header_stats_alf_a,header_component_html,a,LLM_ROLE,COMPLETE,1,header_component_html__LLMR_header_component_html_auto_header_header_stats_alf_a.mut
LLMR_header_component_html_auto_header_header_stats_alf_b,header_component_html,b,LLM_ROLE,COMPLETE,1,header_component_html__LLMR_header_component_html_auto_header_header_stats_alf_b.mut
LLMR_header_component_html_auto_header_header_stats_alf_c,header_component_html,c,LLM_ROLE,COMPLETE,1,header_component_html__LLMR_header_component_html_auto_header_header_stats_alf_c.mut
LLMR_header_component_html_auto_header_header_stats_alf_j,header_component_html,j,LLM_ROLE,COMPLETE,1,header_component_html__LLMR_header_component_html_auto_header_header_stats_alf_j.mut
LLMR_header_component_html_auto_header_header_stats_alf_k,header_component_html,k,LLM_ROLE,COMPLETE,1,header_component_html__LLMR_header_component_html_auto_header_header_stats_alf_k.mut
LLMR_header_component_html_auto_header_nav_alf_a,header_component_html,a,LLM_ROLE,COMPLETE,1,header_component_html__LLMR_header_component_html_auto_header_nav_alf_a.mut
LLMR_header_component_html_auto_header_nav_alf_b,header_component_html,b,LLM_ROLE,COMPLETE,1,header_component_html__LLMR_header_component_html_auto_header_nav_alf_b.mut
LLMR_header_component_html_auto_header_nav_alf_c,header_component_html,c,LLM_ROLE,COMPLETE,1,header_component_html__LLMR_header_component_html_auto_header_nav_alf_c.mut
LLMR_header_component_html_auto_header_nav_alf_j,header_component_html,j,LLM_ROLE,COMPLETE,1,header_component_html__LLMR_header_component_html_auto_header_nav_alf_j.mut
LLMR_header_component_html_auto_header_nav_alf_k,header_component_html,k,LLM_ROLE,COMPLETE,1,header_component_html__LLMR_header_component_html_auto_header_nav_alf_k.mut
LLMR_header_component_html_auto_header_total_label_alf_a,header_component_html,a,LLM_ROLE,COMPLETE,1,header_component_html__LLMR_header_component_html_auto_header_total_label_alf_a.mut
LLMR_header_component_html_auto_header_total_label_alf_b,header_component_html,b,LLM_ROLE,COMPLETE,1,header_component_html__LLMR_header_component_html_auto_header_total_label_alf_b.mut
LLMR_header_component_html_auto_header_total_label_alf_c,header_component_html,c,LLM_ROLE,COMPLETE,1,header_component_html__LLMR_header_component_html_auto_header_total_label_alf_c.mut
LLMR_header_component_html_auto_header_total_label_alf_d,header_component_html,d,LLM_ROLE,COMPLETE,1,header_component_html__LLMR_header_component_html_auto_header_total_label_alf_d.mut
LLMR_header_component_html_auto_header_total_label_alf_e,header_component_html,e,LLM_ROLE,COMPLETE,1,header_component_html__LLMR_header_component_html_auto_header_total_label_alf_e.mut
LLMR_header_component_html_auto_header_total_label_alf_j,header_component_html,j,LLM_ROLE,COMPLETE,1,header_component_html__LLMR_header_component_html_auto_header_total_label_alf_j.mut
LLMR_header_component_html_auto_header_total_label_alf_k,header_component_html,k,LLM_ROLE,COMPLETE,1,header_component_html__LLMR_header_component_html_auto_header_total_label_alf_k.mut
LLMR_header_component_html_header_app_tagline_alf_a,header_component_html,a,LLM_ROLE,COMPLETE,1,header_component_html__LLMR_header_component_html_header_app_tagline_alf_a.mut
LLMR_header_component_html_header_app_tagline_alf_b,header_component_html,b,LLM_ROLE,COMPLETE,1,header_component_html__LLMR_header_component_html_header_app_tagline_alf_b.mut
LLMR_header_component_html_header_app_tagline_alf_c,header_component_html,c,LLM_ROLE,COMPLETE,1,header_component_html__LLMR_header_component_html_header_app_tagline_alf_c.mut
LLMR_header_component_html_header_app_tagline_alf_d,header_component_html,d,LLM_ROLE,COMPLETE,1,header_component_html__LLMR_header_component_html_header_app_tagline_alf_d.mut
LLMR_header_component_html_header_app_tagline_alf_e,header_component_html,e,LLM_ROLE,COMPLETE,1,header_component_html__LLMR_header_component_html_header_app_tagline_alf_e.mut
LLMR_header_component_html_header_app_tagline_alf_j,header_component_html,j,LLM_ROLE,COMPLETE,1,header_component_html__LLMR_header_component_html_header_app_tagline_alf_j.mut
LLMR_header_component_html_header_app_tagline_alf_k,header_component_html,k,LLM_ROLE,COMPLETE,1,header_component_html__LLMR_header_component_html_header_app_tagline_alf_k.mut
LLMR_header_component_html_header_app_title_alf_a,header_component_html,a,LLM_ROLE,COMPLETE,1,header_component_html__LLMR_header_component_html_header_app_title_alf_a.mut
LLMR_header_component_html_header_app_title_alf_b,header_component_html,b,LLM_ROLE,COMPLETE,1,header_component_html__LLMR_header_component_html_header_app_title_alf_b.mut
LLMR_header_component_html_header_app_title_alf_c,header_component_html,c,LLM_ROLE,COMPLETE,1,header_component_html__LLMR_header_component_html_header_app_title_alf_c.mut
LLMR_header_component_html_header_app_title_alf_d,header_component_html,d,LLM_ROLE,COMPLETE,1,header_component_html__LLMR_header_component_html_header_app_title_alf_d.mut
LLMR_header_component_html_header_app_title_alf_e,header_component_html,e,LLM_ROLE,COMPLETE,1,header_component_html__LLMR_header_component_html_header_app_title_alf_e.mut
LLMR_header_component_html_header_app_title_alf_f,header_component_html,f,LLM_ROLE,COMPLETE,1,header_component_html__LLMR_header_component_html_header_app_title_alf_f.mut
LLMR_header_component_html_header_app_title_alf_g,header_component_html,g,LLM_ROLE,COMPLETE,1,header_component_html__LLMR_header_component_html_header_app_title_alf_g.mut
LLMR_header_component_html_header_app_title_alf_j,header_component_html,j,LLM_ROLE,COMPLETE,1,header_component_html__LLMR_header_component_html_header_app_title_alf_j.mut
LLMR_header_component_html_header_app_title_alf_k,header_component_html,k,LLM_ROLE,COMPLETE,1,header_component_html__LLMR_header_component_html_header_app_title_alf_k.mut
LLMR_header_component_html_header_app_title_bet_f,header_component_html,f,LLM_ROLE,COMPLETE,1,header_component_html__LLMR_header_component_html_header_app_title_bet_f.mut
LLMR_header_component_html_header_app_title_bet_g,header_component_html,g,LLM_ROLE,COMPLETE,1,header_component_html__LLMR_header_component_html_header_app_title_bet_g.mut
LLMR_header_component_html_header_app_title_del_f,header_component_html,f,LLM_ROLE,COMPLETE,1,header_component_html__LLMR_header_component_html_header_app_title_del_f.mut
LLMR_header_component_html_header_app_title_del_g,header_component_html,g,LLM_ROLE,COMPLETE,1,header_component_html__LLMR_header_component_html_header_app_title_del_g.mut
LLMR_header_component_html_header_brand_icon_alf_a,header_component_html,a,LLM_ROLE,COMPLETE,1,header_component_html__LLMR_header_component_html_header_brand_icon_alf_a.mut
LLMR_header_component_html_header_brand_icon_alf_b,header_component_html,b,LLM_ROLE,COMPLETE,1,header_component_html__LLMR_header_component_html_header_brand_icon_alf_b.mut
LLMR_header_component_html_header_brand_icon_alf_c,header_component_html,c,LLM_ROLE,COMPLETE,1,header_component_html__LLMR_header_component_html_header_brand_icon_alf_c.mut
LLMR_header_component_html_header_brand_icon_alf_d,header_component_html,d,LLM_ROLE,COMPLETE,1,header_component_html__LLMR_header_component_html_header_brand_icon_alf_d.mut
LLMR_header_component_html_header_brand_icon_alf_e,header_component_html,e,LLM_ROLE,COMPLETE,1,header_component_html__LLMR_header_component_html_header_brand_icon_alf_e.mut
LLMR_header_component_html_header_brand_icon_alf_f,header_component_html,f,LLM_ROLE,COMPLETE,1,header_component_html__LLMR_header_component_html_header_brand_icon_alf_f.mut
LLMR_header_component_html_header_brand_icon_alf_g,header_component_html,g,LLM_ROLE,COMPLETE,1,header_component_html__LLMR_header_component_html_header_brand_icon_alf_g.mut
LLMR_header_component_html_header_brand_icon_alf_j,header_component_html,j,LLM_ROLE,COMPLETE,1,header_component_html__LLMR_header_component_html_header_brand_icon_alf_j.mut
LLMR_header_component_html_header_brand_icon_alf_k,header_component_html,k,LLM_ROLE,COMPLETE,1,header_component_html__LLMR_header_component_html_header_brand_icon_alf_k.mut
LLMR_header_component_html_header_nav_board_alf_a,header_component_html,a,LLM_ROLE,COMPLETE,1,header_component_html__LLMR_header_component_html_header_nav_board_alf_a.mut
LLMR_header_component_html_header_nav_board_alf_b,header_component_html,b,LLM_ROLE,COMPLETE,1,header_component_html__LLMR_header_component_html_header_nav_board_alf_b.mut
LLMR_header_component_html_header_nav_board_alf_c,header_component_html,c,LLM_ROLE,COMPLETE,1,header_component_html__LLMR_header_component_html_header_nav_board_alf_c.mut
LLMR_header_component_html_header_nav_board_alf_d,header_component_html,d,LLM_ROLE,COMPLETE,1,header_component_html__LLMR_header_component_html_header_nav_board_alf_d.mut
LLMR_header_component_html_header_nav_board_alf_e,header_component_html,e,LLM_ROLE,COMPLETE,1,header_component_html__LLMR_header_component_html_header_nav_board_alf_e.mut
LLMR_header_component_html_header_nav_board_alf_f,header_component_html,f,LLM_ROLE,COMPLETE,1,header_component_html__LLMR_header_component_html_header_nav_board_alf_f.mut
LLMR_header_component_html_header_nav_board_alf_g,header_component_html,g,LLM_ROLE,COMPLETE,1,header_component_html__LLMR_header_component_html_header_nav_board_alf_g.mut
LLMR_header_component_html_header_nav_board_alf_j,header_component_html,j,LLM_ROLE,COMPLETE,1,header_component_html__LLMR_header_component_html_header_nav_board_alf_j.mut
LLMR_header_component_html_header_nav_board_alf_k,header_component_html,k,LLM_ROLE,COMPLETE,1,header_component_html__LLMR_header_component_html_header_nav_board_alf_k.mut
LLMR_header_component_html_header_nav_board_bet_f,header_component_html,f,LLM_ROLE,COMPLETE,1,header_component_html__LLMR_header_component_html_header_nav_board_bet_f.mut
LLMR_header_component_html_header_nav_board_bet_g,header_component_html,g,LLM_ROLE,COMPLETE,1,header_component_html__LLMR_header_component_html_header_nav_board_bet_g.mut
LLMR_header_component_html_header_nav_board_del_f,header_component_html,f,LLM_ROLE,COMPLETE,1,header_component_html__LLMR_header_component_html_header_nav_board_del_f.mut
LLMR_header_component_html_header_nav_board_del_g,header_component_html,g,LLM_ROLE,COMPLETE,1,header_component_html__LLMR_header_component_html_header_nav_board_del_g.mut
LLMR_header_component_html_header_nav_stats_alf_a,header_component_html,a,LLM_ROLE,COMPLETE,1,header_component_html__LLMR_header_component_html_header_nav_stats_alf_a.mut
LLMR_header_component_html_header_nav_stats_alf_b,header_component_html,b,LLM_ROLE,COMPLETE,1,header_component_html__LLMR_header_component_html_header_nav_stats_alf_b.mut
LLMR_header_component_html_header_nav_stats_alf_c,header_component_html,c,LLM_ROLE,COMPLETE,1,header_component_html__LLMR_header_component_html_header_nav_stats_alf_c.mut
LLMR_header_component_html_header_nav_stats_alf_d,header_component_html,d,LLM_ROLE,COMPLETE,1,header_component_html__LLMR_header_component_html_header_nav_stats_alf_d.mut
LLMR_header_component_html_header_nav_stats_alf_e,header_component_html,e,LLM_ROLE,COMPLETE,1,header_component_html__LLMR_header_component_html_header_nav_stats_alf_e.mut
LLMR_header_component_html_header_nav_stats_alf_j,header_component_html,j,LLM_ROLE,COMPLETE,1,header_component_html__LLMR_header_component_html_header_nav_stats_alf_j.mut
LLMR_header_component_html_header_nav_stats_alf_k,header_component_html,k,LLM_ROLE,COMPLETE,1,header_component_html__LLMR_header_component_html_header_nav_stats_alf_k.mut
LLMR_header_component_html_header_nav_stats_del_f,header_component_html,f,LLM_ROLE,COMPLETE,1,header_component_html__LLMR_header_component_html_header_nav_stats_del_f.mut
LLMR_header_component_html_header_nav_stats_del_g,header_component_html,g,LLM_ROLE,COMPLETE,1,header_component_html__LLMR_header_component_html_header_nav_stats_del_g.mut
LLMR_header_component_html_header_new_card_alf_a,header_component_html,a,LLM_ROLE,COMPLETE,1,header_component_html__LLMR_header_component_html_header_new_card_alf_a.mut
LLMR_header_component_html_header_new_card_alf_b,header_component_html,b,LLM_ROLE,COMPLETE,1,header_component_html__LLMR_header_component_html_header_new_card_alf_b.mut
LLMR_header_component_html_header_new_card_alf_c,header_component_html,c,LLM_ROLE,COMPLETE,1,header_component_html__LLMR_header_component_html_header_new_card_alf_c.mut
LLMR_header_component_html_header_new_card_alf_d,header_component_html,d,LLM_ROLE,COMPLETE,1,header_component_html__LLMR_header_component_html_header_new_card_alf_d.mut
LLMR_header_component_html_header_new_card_alf_e,header_component_html,e,LLM_ROLE,COMPLETE,1,header_component_html__LLMR_header_component_html_header_new_card_alf_e.mut
LLMR_header_component_html_header_new_card_alf_j,header_component_html,j,LLM_ROLE,COMPLETE,1,header_component_html__LLMR_header_component_html_header_new_card_alf_j.mut
LLMR_header_component_html_header_new_card_alf_k,header_component_html,k,LLM_ROLE,COMPLETE,1,header_component_html__LLMR_header_component_html_header_new_card_alf_k.mut
LLMR_header_component_html_header_total_badge_alf_a,header_component_html,a,LLM_ROLE,COMPLETE,1,header_component_html__LLMR_header_component_html_header_total_badge_alf_a.mut
LLMR_header_component_html_header_total_badge_alf_b,header_component_html,b,LLM_ROLE,COMPLETE,1,header_component_html__LLMR_header_component_html_header_total_badge_alf_b.mut
LLMR_header_component_html_header_total_badge_alf_c,header_component_html,c,LLM_ROLE,COMPLETE,1,header_component_html__LLMR_header_component_html_header_total_badge_alf_c.mut
LLMR_header_component_html_header_total_badge_alf_f,header_component_html,f,LLM_ROLE,COMPLETE,1,header_component_html__LLMR_header_component_html_header_total_badge_alf_f.mut
LLMR_header_component_html_header_total_badge_alf_g,header_component_html,g,LLM_ROLE,COMPLETE,1,header_component_html__LLMR_header_component_html_header_total_badge_alf_g.mut
LLMR_header_component_html_header_total_badge_alf_j,header_component_html,j,LLM_ROLE,COMPLETE,1,header_component_html__LLMR_header_component_html_header_total_badge_alf_j.mut
LLMR_header_component_html_header_total_badge_alf_k,header_component_html,k,LLM_ROLE,COMPLETE,1,header_component_html__LLMR_header_component_html_header_total_badge_alf_k.mut
LLMR_header_component_html_header_total_badge_bet_f,header_component_html,f,LLM_ROLE,COMPLETE,1,header_component_html__LLMR_header_component_html_header_total_badge_bet_f.mut
LLMR_header_component_html_header_total_badge_bet_g,header_component_html,g,LLM_ROLE,COMPLETE,1,header_component_html__LLMR_header_component_html_header_total_badge_bet_g.mut
LLMR_header_component_html_header_total_badge_del_f,header_component_html,f,LLM_ROLE,COMPLETE,1,header_component_html__LLMR_header_component_html_header_total_badge_del_f.mut
LLMR_header_component_html_header_total_badge_del_g,header_component_html,g,LLM_ROLE,COMPLETE,1,header_component_html__LLMR_header_component_html_header_total_badge_del_g.mut
LLMR_h_stat_backlog_alf,stats_component_html,h,LLM_ROLE,HELD,2,stats_component_html__LLMR_h_stat_backlog_alf.mut
LLMR_h_stat_backlog_bet,stats_component_html,h,LLM_ROLE,HELD,2,stats_component_html__LLMR_h_stat_backlog_bet.mut
LLMR_h_stat_backlog_del,stats_component_html,h,LLM_ROLE,HELD,2,stats_component_html__LLMR_h_stat_backlog_del.mut
LLMR_h_stat_done_alf,stats_component_html,h,LLM_ROLE,HELD,2,stats_component_html__LLMR_h_stat_done_alf.mut
LLMR_h_stat_done_bet,stats_component_html,h,LLM_ROLE,HELD,2,stats_component_html__LLMR_h_stat_done_bet.mut
LLMR_h_stat_done_del,stats_component_html,h,LLM_ROLE,HELD,2,stats_component_html__LLMR_h_stat_done_del.mut
LLMR_h_stat_high_alf,stats_component_html,h,LLM_ROLE,HELD,2,stats_component_html__LLMR_h_stat_high_alf.mut
LLMR_h_stat_high_bet,stats_component_html,h,LLM_ROLE,HELD,2,stats_component_html__LLMR_h_stat_high_bet.mut
LLMR_h_stat_high_del,stats_component_html,h,LLM_ROLE,HELD,2,stats_component_html__LLMR_h_stat_high_del.mut
LLMR_h_stat_inprogress_alf,stats_component_html,h,LLM_ROLE,HELD,2,stats_component_html__LLMR_h_stat_inprogress_alf.mut
LLMR_h_stat_inprogress_bet,stats_component_html,h,LLM_ROLE,HELD,2,stats_component_html__LLMR_h_stat_inprogress_bet.mut
LLMR_h_stat_inprogress_del,stats_component_html,h,LLM_ROLE,HELD,2,stats_component_html__LLMR_h_stat_inprogress_del.mut
LLMR_h_stat_low_alf,stats_component_html,h,LLM_ROLE,HELD,2,stats_component_html__LLMR_h_stat_low_alf.mut
LLMR_h_stat_low_bet,stats_component_html,h,LLM_ROLE,HELD,2,stats_component_html__LLMR_h_stat_low_bet.mut
LLMR_h_stat_low_del,stats_component_html,h,LLM_ROLE,HELD,2,stats_component_html__LLMR_h_stat_low_del.mut
LLMR_h_stat_medium_alf,stats_component_html,h,LLM_ROLE,HELD,2,stats_component_html__LLMR_h_stat_medium_alf.mut
LLMR_h_stat_medium_bet,stats_component_html,h,LLM_ROLE,HELD,2,stats_component_html__LLMR_h_stat_medium_bet.mut
LLMR_h_stat_medium_del,stats_component_html,h,LLM_ROLE,HELD,2,stats_component_html__LLMR_h_stat_medium_del.mut
LLMR_h_stat_review_alf,stats_component_html,h,LLM_ROLE,HELD,2,stats_component_html__LLMR_h_stat_review_alf.mut
LLMR_h_stat_review_bet,stats_component_html,h,LLM_ROLE,HELD,2,stats_component_html__LLMR_h_stat_review_bet.mut
LLMR_h_stat_review_del,stats_component_html,h,LLM_ROLE,HELD,2,stats_component_html__LLMR_h_stat_review_del.mut
LLMR_h_stat_row_alf,stats_component_html,h,LLM_ROLE,HELD,2,stats_component_html__LLMR_h_stat_row_alf.mut
LLMR_h_stat_row_bet,stats_component_html,h,LLM_ROLE,HELD,2,stats_component_html__LLMR_h_stat_row_bet.mut
LLMR_h_stat_row_del,stats_component_html,h,LLM_ROLE,HELD,2,stats_component_html__LLMR_h_stat_row_del.mut
LLMR_h_stat_total_alf,stats_component_html,h,LLM_ROLE,HELD,2,stats_component_html__LLMR_h_stat_total_alf.mut
LLMR_h_stat_total_bet,stats_component_html,h,LLM_ROLE,HELD,2,stats_component_html__LLMR_h_stat_total_bet.mut
LLMR_h_stat_total_del,stats_component_html,h,LLM_ROLE,HELD,2,stats_component_html__LLMR_h_stat_total_del.mut
LLMR_h_stat_total_gam,stats_component_html,h,LLM_ROLE,HELD,2,stats_component_html__LLMR_h_stat_total_gam.mut
LLMR_h_stats_table_alf,stats_component_html,h,LLM_ROLE,HELD,2,stats_component_html__LLMR_h_stats_table_alf.mut
LLMR_h_stats_table_bet,stats_component_html,h,LLM_ROLE,HELD,2,stats_component_html__LLMR_h_stats_table_bet.mut
LLMR_h_stats_table_del,stats_component_html,h,LLM_ROLE,HELD,2,stats_component_html__LLMR_h_stats_table_del.mut
LLMR_h_stats_th_title_alf,stats_component_html,h,LLM_ROLE,HELD,2,stats_component_html__LLMR_h_stats_th_title_alf.mut
LLMR_h_stats_th_title_bet,stats_component_html,h,LLM_ROLE,HELD,2,stats_component_html__LLMR_h_stats_th_title_bet.mut
LLMR_h_stats_th_title_del,stats_component_html,h,LLM_ROLE,HELD,2,stats_component_html__LLMR_h_stats_th_title_del.mut
LLMR_h_stats_th_title_gam,stats_component_html,h,LLM_ROLE,HELD,2,stats_component_html__LLMR_h_stats_th_title_gam.mut
LLMR_h_stats_title_alf,stats_component_html,h,LLM_ROLE,HELD,2,stats_component_html__LLMR_h_stats_title_alf.mut
LLMR_h_stats_title_bet,stats_component_html,h,LLM_ROLE,HELD,2,stats_component_html__LLMR_h_stats_title_bet.mut
LLMR_h_stats_title_del,stats_component_html,h,LLM_ROLE,HELD,2,stats_component_html__LLMR_h_stats_title_del.mut
LLMR_h_stats_title_gam,stats_component_html,h,LLM_ROLE,HELD,2,stats_component_html__LLMR_h_stats_title_gam.mut
LLMR_stats_component_html_auto_stats_stat_backlog_card_alf_a,stats_component_html,a,LLM_ROLE,HELD,1,stats_component_html__LLMR_stats_component_html_auto_stats_stat_backlog_card_alf_a.mut
LLMR_stats_component_html_auto_stats_stat_backlog_card_alf_b,stats_component_html,b,LLM_ROLE,HELD,1,stats_component_html__LLMR_stats_component_html_auto_stats_stat_backlog_card_alf_b.mut
LLMR_stats_component_html_auto_stats_stat_backlog_card_alf_c,stats_component_html,c,LLM_ROLE,HELD,1,stats_component_html__LLMR_stats_component_html_auto_stats_stat_backlog_card_alf_c.mut
LLMR_stats_component_html_auto_stats_stat_backlog_card_alf_j,stats_component_html,j,LLM_ROLE,HELD,1,stats_component_html__LLMR_stats_component_html_auto_stats_stat_backlog_card_alf_j.mut
LLMR_stats_component_html_auto_stats_stat_backlog_card_alf_k,stats_component_html,k,LLM_ROLE,HELD,1,stats_component_html__LLMR_stats_component_html_auto_stats_stat_backlog_card_alf_k.mut
LLMR_stats_component_html_auto_stats_stat_backlog_label_alf_a,stats_component_html,a,LLM_ROLE,HELD,1,stats_component_html__LLMR_stats_component_html_auto_stats_stat_backlog_label_alf_a.mut
LLMR_stats_component_html_auto_stats_stat_backlog_label_alf_b,stats_component_html,b,LLM_ROLE,HELD,1,stats_component_html__LLMR_stats_component_html_auto_stats_stat_backlog_label_alf_b.mut
LLMR_stats_component_html_auto_stats_stat_backlog_label_alf_c,stats_component_html,c,LLM_ROLE,HELD,1,stats_component_html__LLMR_stats_component_html_auto_stats_stat_backlog_label_alf_c.mut
LLMR_stats_component_html_auto_stats_stat_backlog_label_alf_d,stats_component_html,d,LLM_ROLE,HELD,1,stats_component_html__LLMR_stats_component_html_auto_stats_stat_backlog_label_alf_d.mut
LLMR_stats_component_html_auto_stats_stat_backlog_label_alf_e,stats_component_html,e,LLM_ROLE,HELD,1,stats_component_html__LLMR_stats_component_html_auto_stats_stat_backlog_label_alf_e.mut
LLMR_stats_component_html_auto_stats_stat_backlog_label_alf_j,stats_component_html,j,LLM_ROLE,HELD,1,stats_component_html__LLMR_stats_component_html_auto_stats_stat_backlog_label_alf_j.mut
LLMR_stats_component_html_auto_stats_stat_backlog_label_alf_k,stats_component_html,k,LLM_ROLE,HELD,1,stats_component_html__LLMR_stats_component_html_auto_stats_stat_backlog_label_alf_k.mut
LLMR_stats_component_html_auto_stats_stat_done_card_alf_a,stats_component_html,a,LLM_ROLE,HELD,1,stats_component_html__LLMR_stats_component_html_auto_stats_stat_done_card_alf_a.mut
LLMR_stats_component_html_auto_stats_stat_done_card_alf_b,stats_component_html,b,LLM_ROLE,HELD,1,stats_component_html__LLMR_stats_component_html_auto_stats_stat_done_card_alf_b.mut
LLMR_stats_component_html_auto_stats_stat_done_card_alf_c,stats_component_html,c,LLM_ROLE,HELD,1,stats_component_html__LLMR_stats_component_html_auto_stats_stat_done_card_alf_c.mut
LLMR_stats_component_html_auto_stats_stat_done_card_alf_j,stats_component_html,j,LLM_ROLE,HELD,1,stats_component_html__LLMR_stats_component_html_auto_stats_stat_done_card_alf_j.mut
LLMR_stats_component_html_auto_stats_stat_done_card_alf_k,stats_component_html,k,LLM_ROLE,HELD,1,stats_component_html__LLMR_stats_component_html_auto_stats_stat_done_card_alf_k.mut
LLMR_stats_component_html_auto_stats_stat_done_label_alf_a,stats_component_html,a,LLM_ROLE,HELD,1,stats_component_html__LLMR_stats_component_html_auto_stats_stat_done_label_alf_a.mut
LLMR_stats_component_html_auto_stats_stat_done_label_alf_b,stats_component_html,b,LLM_ROLE,HELD,1,stats_component_html__LLMR_stats_component_html_auto_stats_stat_done_label_alf_b.mut
LLMR_stats_component_html_auto_stats_stat_done_label_alf_c,stats_component_html,c,LLM_ROLE,HELD,1,stats_component_html__LLMR_stats_component_html_auto_stats_stat_done_label_alf_c.mut
LLMR_stats_component_html_auto_stats_stat_done_label_alf_d,stats_component_html,d,LLM_ROLE,HELD,1,stats_component_html__LLMR_stats_component_html_auto_stats_stat_done_label_alf_d.mut
LLMR_stats_component_html_auto_stats_stat_done_label_alf_e,stats_component_html,e,LLM_ROLE,HELD,1,stats_component_html__LLMR_stats_component_html_auto_stats_stat_done_label_alf_e.mut
LLMR_stats_component_html_auto_stats_stat_done_label_alf_j,stats_component_html,j,LLM_ROLE,HELD,1,stats_component_html__LLMR_stats_component_html_auto_stats_stat_done_label_alf_j.mut
LLMR_stats_component_html_auto_stats_stat_done_label_alf_k,stats_component_html,k,LLM_ROLE,HELD,1,stats_component_html__LLMR_stats_component_html_auto_stats_stat_done_label_alf_k.mut
LLMR_stats_component_html_auto_stats_stat_high_card_alf_a,stats_component_html,a,LLM_ROLE,HELD,1,stats_component_html__LLMR_stats_component_html_auto_stats_stat_high_card_alf_a.mut
LLMR_stats_component_html_auto_stats_stat_high_card_alf_b,stats_component_html,b,LLM_ROLE,HELD,1,stats_component_html__LLMR_stats_component_html_auto_stats_stat_high_card_alf_b.mut
LLMR_stats_component_html_auto_stats_stat_high_card_alf_c,stats_component_html,c,LLM_ROLE,HELD,1,stats_component_html__LLMR_stats_component_html_auto_stats_stat_high_card_alf_c.mut
LLMR_stats_component_html_auto_stats_stat_high_card_alf_j,stats_component_html,j,LLM_ROLE,HELD,1,stats_component_html__LLMR_stats_component_html_auto_stats_stat_high_card_alf_j.mut
LLMR_stats_component_html_auto_stats_stat_high_card_alf_k,stats_component_html,k,LLM_ROLE,HELD,1,stats_component_html__LLMR_stats_component_html_auto_stats_stat_high_card_alf_k.mut
LLMR_stats_component_html_auto_stats_stat_high_label_alf_a,stats_component_html,a,LLM_ROLE,HELD,1,stats_component_html__LLMR_stats_component_html_auto_stats_stat_high_label_alf_a.mut
LLMR_stats_component_html_auto_stats_stat_high_label_alf_b,stats_component_html,b,LLM_ROLE,HELD,1,stats_component_html__LLMR_stats_component_html_auto_stats_stat_high_label_alf_b.mut
LLMR_stats_component_html_auto_stats_stat_high_label_alf_c,stats_component_html,c,LLM_ROLE,HELD,1,stats_component_html__LLMR_stats_component_html_auto_stats_stat_high_label_alf_c.mut
LLMR_stats_component_html_auto_stats_stat_high_label_alf_d,stats_component_html,d,LLM_ROLE,HELD,1,stats_component_html__LLMR_stats_component_html_auto_stats_stat_high_label_alf_d.mut
LLMR_stats_component_html_auto_stats_stat_high_label_alf_e,stats_component_html,e,LLM_ROLE,HELD,1,stats_component_html__LLMR_stats_component_html_auto_stats_stat_high_label_alf_e.mut
LLMR_stats_component_html_auto_stats_stat_high_label_alf_j,stats_component_html,j,LLM_ROLE,HELD,1,stats_component_html__LLMR_stats_component_html_auto_stats_stat_high_label_alf_j.mut
LLMR_stats_component_html_auto_stats_stat_high_label_alf_k,stats_component_html,k,LLM_ROLE,HELD,1,stats_component_html__LLMR_stats_component_html_auto_stats_stat_high_label_alf_k.mut
LLMR_stats_component_html_auto_stats_stat_inprogress_card_alf_a,stats_component_html,a,LLM_ROLE,HELD,1,stats_component_html__LLMR_stats_component_html_auto_stats_stat_inprogress_card_alf_a.mut
LLMR_stats_component_html_auto_stats_stat_inprogress_card_alf_b,stats_component_html,b,LLM_ROLE,HELD,1,stats_component_html__LLMR_stats_component_html_auto_stats_stat_inprogress_card_alf_b.mut
LLMR_stats_component_html_auto_stats_stat_inprogress_card_alf_c,stats_component_html,c,LLM_ROLE,HELD,1,stats_component_html__LLMR_stats_component_html_auto_stats_stat_inprogress_card_alf_c.mut
LLMR_stats_component_html_auto_stats_stat_inprogress_card_alf_j,stats_component_html,j,LLM_ROLE,HELD,1,stats_component_html__LLMR_stats_component_html_auto_stats_stat_inprogress_card_alf_j.mut
LLMR_stats_component_html_auto_stats_stat_inprogress_card_alf_k,stats_component_html,k,LLM_ROLE,HELD,1,stats_component_html__LLMR_stats_component_html_auto_stats_stat_inprogress_card_alf_k.mut
LLMR_stats_component_html_auto_stats_stat_inprogress_label_alf_a,stats_component_html,a,LLM_ROLE,HELD,1,stats_component_html__LLMR_stats_component_html_auto_stats_stat_inprogress_label_alf_a.mut
LLMR_stats_component_html_auto_stats_stat_inprogress_label_alf_b,stats_component_html,b,LLM_ROLE,HELD,1,stats_component_html__LLMR_stats_component_html_auto_stats_stat_inprogress_label_alf_b.mut
LLMR_stats_component_html_auto_stats_stat_inprogress_label_alf_c,stats_component_html,c,LLM_ROLE,HELD,1,stats_component_html__LLMR_stats_component_html_auto_stats_stat_inprogress_label_alf_c.mut
LLMR_stats_component_html_auto_stats_stat_inprogress_label_alf_d,stats_component_html,d,LLM_ROLE,HELD,1,stats_component_html__LLMR_stats_component_html_auto_stats_stat_inprogress_label_alf_d.mut
LLMR_stats_component_html_auto_stats_stat_inprogress_label_alf_e,stats_component_html,e,LLM_ROLE,HELD,1,stats_component_html__LLMR_stats_component_html_auto_stats_stat_inprogress_label_alf_e.mut
LLMR_stats_component_html_auto_stats_stat_inprogress_label_alf_j,stats_component_html,j,LLM_ROLE,HELD,1,stats_component_html__LLMR_stats_component_html_auto_stats_stat_inprogress_label_alf_j.mut
LLMR_stats_component_html_auto_stats_stat_inprogress_label_alf_k,stats_component_html,k,LLM_ROLE,HELD,1,stats_component_html__LLMR_stats_component_html_auto_stats_stat_inprogress_label_alf_k.mut
LLMR_stats_component_html_auto_stats_stat_low_card_alf_a,stats_component_html,a,LLM_ROLE,HELD,1,stats_component_html__LLMR_stats_component_html_auto_stats_stat_low_card_alf_a.mut
LLMR_stats_component_html_auto_stats_stat_low_card_alf_b,stats_component_html,b,LLM_ROLE,HELD,1,stats_component_html__LLMR_stats_component_html_auto_stats_stat_low_card_alf_b.mut
LLMR_stats_component_html_auto_stats_stat_low_card_alf_c,stats_component_html,c,LLM_ROLE,HELD,1,stats_component_html__LLMR_stats_component_html_auto_stats_stat_low_card_alf_c.mut
LLMR_stats_component_html_auto_stats_stat_low_card_alf_j,stats_component_html,j,LLM_ROLE,HELD,1,stats_component_html__LLMR_stats_component_html_auto_stats_stat_low_card_alf_j.mut
LLMR_stats_component_html_auto_stats_stat_low_card_alf_k,stats_component_html,k,LLM_ROLE,HELD,1,stats_component_html__LLMR_stats_component_html_auto_stats_stat_low_card_alf_k.mut
LLMR_stats_component_html_auto_stats_stat_low_label_alf_a,stats_component_html,a,LLM_ROLE,HELD,1,stats_component_html__LLMR_stats_component_html_auto_stats_stat_low_label_alf_a.mut
LLMR_stats_component_html_auto_stats_stat_low_label_alf_b,stats_component_html,b,LLM_ROLE,HELD,1,stats_component_html__LLMR_stats_component_html_auto_stats_stat_low_label_alf_b.mut
LLMR_stats_component_html_auto_stats_stat_low_label_alf_c,stats_component_html,c,LLM_ROLE,HELD,1,stats_component_html__LLMR_stats_component_html_auto_stats_stat_low_label_alf_c.mut
LLMR_stats_component_html_auto_stats_stat_low_label_alf_d,stats_component_html,d,LLM_ROLE,HELD,1,stats_component_html__LLMR_stats_component_html_auto_stats_stat_low_label_alf_d.mut
LLMR_stats_component_html_auto_stats_stat_low_label_alf_e,stats_component_html,e,LLM_ROLE,HELD,1,stats_component_html__LLMR_stats_component_html_auto_stats_stat_low_label_alf_e.mut
LLMR_stats_component_html_auto_stats_stat_low_label_alf_j,stats_component_html,j,LLM_ROLE,HELD,1,stats_component_html__LLMR_stats_component_html_auto_stats_stat_low_label_alf_j.mut
LLMR_stats_component_html_auto_stats_stat_low_label_alf_k,stats_component_html,k,LLM_ROLE,HELD,1,stats_component_html__LLMR_stats_component_html_auto_stats_stat_low_label_alf_k.mut
LLMR_stats_component_html_auto_stats_stat_medium_card_alf_a,stats_component_html,a,LLM_ROLE,HELD,1,stats_component_html__LLMR_stats_component_html_auto_stats_stat_medium_card_alf_a.mut
LLMR_stats_component_html_auto_stats_stat_medium_card_alf_b,stats_component_html,b,LLM_ROLE,HELD,1,stats_component_html__LLMR_stats_component_html_auto_stats_stat_medium_card_alf_b.mut
LLMR_stats_component_html_auto_stats_stat_medium_card_alf_c,stats_component_html,c,LLM_ROLE,HELD,1,stats_component_html__LLMR_stats_component_html_auto_stats_stat_medium_card_alf_c.mut
LLMR_stats_component_html_auto_stats_stat_medium_card_alf_j,stats_component_html,j,LLM_ROLE,HELD,1,stats_component_html__LLMR_stats_component_html_auto_stats_stat_medium_card_alf_j.mut
LLMR_stats_component_html_auto_stats_stat_medium_card_alf_k,stats_component_html,k,LLM_ROLE,HELD,1,stats_component_html__LLMR_stats_component_html_auto_stats_stat_medium_card_alf_k.mut
LLMR_stats_component_html_auto_stats_stat_medium_label_alf_a,stats_component_html,a,LLM_ROLE,HELD,1,stats_component_html__LLMR_stats_component_html_auto_stats_stat_medium_label_alf_a.mut
LLMR_stats_component_html_auto_stats_stat_medium_label_alf_b,stats_component_html,b,LLM_ROLE,HELD,1,stats_component_html__LLMR_stats_component_html_auto_stats_stat_medium_label_alf_b.mut
LLMR_stats_component_html_auto_stats_stat_medium_label_alf_c,stats_component_html,c,LLM_ROLE,HELD,1,stats_component_html__LLMR_stats_component_html_auto_stats_stat_medium_label_alf_c.mut
LLMR_stats_component_html_auto_stats_stat_medium_label_alf_d,stats_component_html,d,LLM_ROLE,HELD,1,stats_component_html__LLMR_stats_component_html_auto_stats_stat_medium_label_alf_d.mut
LLMR_stats_component_html_auto_stats_stat_medium_label_alf_e,stats_component_html,e,LLM_ROLE,HELD,1,stats_component_html__LLMR_stats_component_html_auto_stats_stat_medium_label_alf_e.mut
LLMR_stats_component_html_auto_stats_stat_medium_label_alf_j,stats_component_html,j,LLM_ROLE,HELD,1,stats_component_html__LLMR_stats_component_html_auto_stats_stat_medium_label_alf_j.mut
LLMR_stats_component_html_auto_stats_stat_medium_label_alf_k,stats_component_html,k,LLM_ROLE,HELD,1,stats_component_html__LLMR_stats_component_html_auto_stats_stat_medium_label_alf_k.mut
LLMR_stats_component_html_auto_stats_stat_review_card_alf_a,stats_component_html,a,LLM_ROLE,HELD,1,stats_component_html__LLMR_stats_component_html_auto_stats_stat_review_card_alf_a.mut
LLMR_stats_component_html_auto_stats_stat_review_card_alf_b,stats_component_html,b,LLM_ROLE,HELD,1,stats_component_html__LLMR_stats_component_html_auto_stats_stat_review_card_alf_b.mut
LLMR_stats_component_html_auto_stats_stat_review_card_alf_c,stats_component_html,c,LLM_ROLE,HELD,1,stats_component_html__LLMR_stats_component_html_auto_stats_stat_review_card_alf_c.mut
LLMR_stats_component_html_auto_stats_stat_review_card_alf_j,stats_component_html,j,LLM_ROLE,HELD,1,stats_component_html__LLMR_stats_component_html_auto_stats_stat_review_card_alf_j.mut
LLMR_stats_component_html_auto_stats_stat_review_card_alf_k,stats_component_html,k,LLM_ROLE,HELD,1,stats_component_html__LLMR_stats_component_html_auto_stats_stat_review_card_alf_k.mut
LLMR_stats_component_html_auto_stats_stat_review_label_alf_a,stats_component_html,a,LLM_ROLE,HELD,1,stats_component_html__LLMR_stats_component_html_auto_stats_stat_review_label_alf_a.mut
LLMR_stats_component_html_auto_stats_stat_review_label_alf_b,stats_component_html,b,LLM_ROLE,HELD,1,stats_component_html__LLMR_stats_component_html_auto_stats_stat_review_label_alf_b.mut
LLMR_stats_component_html_auto_stats_stat_review_label_alf_c,stats_component_html,c,LLM_ROLE,HELD,1,stats_component_html__LLMR_stats_component_html_auto_stats_stat_review_label_alf_c.mut
LLMR_stats_component_html_auto_stats_stat_review_label_alf_d,stats_component_html,d,LLM_ROLE,HELD,1,stats_component_html__LLMR_stats_component_html_auto_stats_stat_review_label_alf_d.mut
LLMR_stats_component_html_auto_stats_stat_review_label_alf_e,stats_component_html,e,LLM_ROLE,HELD,1,stats_component_html__LLMR_stats_component_html_auto_stats_stat_review_label_alf_e.mut
LLMR_stats_component_html_auto_stats_stat_review_label_alf_j,stats_component_html,j,LLM_ROLE,HELD,1,stats_component_html__LLMR_stats_component_html_auto_stats_stat_review_label_alf_j.mut
LLMR_stats_component_html_auto_stats_stat_review_label_alf_k,stats_component_html,k,LLM_ROLE,HELD,1,stats_component_html__LLMR_stats_component_html_auto_stats_stat_review_label_alf_k.mut
LLMR_stats_component_html_auto_stats_stat_total_card_alf_a,stats_component_html,a,LLM_ROLE,HELD,1,stats_component_html__LLMR_stats_component_html_auto_stats_stat_total_card_alf_a.mut
LLMR_stats_component_html_auto_stats_stat_total_card_alf_b,stats_component_html,b,LLM_ROLE,HELD,1,stats_component_html__LLMR_stats_component_html_auto_stats_stat_total_card_alf_b.mut
LLMR_stats_component_html_auto_stats_stat_total_card_alf_c,stats_component_html,c,LLM_ROLE,HELD,1,stats_component_html__LLMR_stats_component_html_auto_stats_stat_total_card_alf_c.mut
LLMR_stats_component_html_auto_stats_stat_total_card_alf_j,stats_component_html,j,LLM_ROLE,HELD,1,stats_component_html__LLMR_stats_component_html_auto_stats_stat_total_card_alf_j.mut
LLMR_stats_component_html_auto_stats_stat_total_card_alf_k,stats_component_html,k,LLM_ROLE,HELD,1,stats_component_html__LLMR_stats_component_html_auto_stats_stat_total_card_alf_k.mut
LLMR_stats_component_html_auto_stats_stat_total_label_alf_a,stats_component_html,a,LLM_ROLE,HELD,1,stats_component_html__LLMR_stats_component_html_auto_stats_stat_total_label_alf_a.mut
LLMR_stats_component_html_auto_stats_stat_total_label_alf_b,stats_component_html,b,LLM_ROLE,HELD,1,stats_component_html__LLMR_stats_component_html_auto_stats_stat_total_label_alf_b.mut
LLMR_stats_component_html_auto_stats_stat_total_label_alf_c,stats_component_html,c,LLM_ROLE,HELD,1,stats_component_html__LLMR_stats_component_html_auto_stats_stat_total_label_alf_c.mut
LLMR_stats_component_html_auto_stats_stat_total_label_alf_d,stats_component_html,d,LLM_ROLE,HELD,1,stats_component_html__LLMR_stats_component_html_auto_stats_stat_total_label_alf_d.mut
LLMR_stats_component_html_auto_stats_stat_total_label_alf_e,stats_component_html,e,LLM_ROLE,HELD,1,stats_component_html__LLMR_stats_component_html_auto_stats_stat_total_label_alf_e.mut
LLMR_stats_component_html_auto_stats_stat_total_label_alf_j,stats_component_html,j,LLM_ROLE,HELD,1,stats_component_html__LLMR_stats_component_html_auto_stats_stat_total_label_alf_j.mut
LLMR_stats_component_html_auto_stats_stat_total_label_alf_k,stats_component_html,k,LLM_ROLE,HELD,1,stats_component_html__LLMR_stats_component_html_auto_stats_stat_total_label_alf_k.mut
LLMR_stats_component_html_auto_stats_stats_back_alf_a,stats_component_html,a,LLM_ROLE,HELD,1,stats_component_html__LLMR_stats_component_html_auto_stats_stats_back_alf_a.mut
LLMR_stats_component_html_auto_stats_stats_back_alf_b,stats_component_html,b,LLM_ROLE,HELD,1,stats_component_html__LLMR_stats_component_html_auto_stats_stats_back_alf_b.mut
LLMR_stats_component_html_auto_stats_stats_back_alf_c,stats_component_html,c,LLM_ROLE,HELD,1,stats_component_html__LLMR_stats_component_html_auto_stats_stats_back_alf_c.mut
LLMR_stats_component_html_auto_stats_stats_back_alf_d,stats_component_html,d,LLM_ROLE,HELD,1,stats_component_html__LLMR_stats_component_html_auto_stats_stats_back_alf_d.mut
LLMR_stats_component_html_auto_stats_stats_back_alf_e,stats_component_html,e,LLM_ROLE,HELD,1,stats_component_html__LLMR_stats_component_html_auto_stats_stats_back_alf_e.mut
LLMR_stats_component_html_auto_stats_stats_back_alf_j,stats_component_html,j,LLM_ROLE,HELD,1,stats_component_html__LLMR_stats_component_html_auto_stats_stats_back_alf_j.mut
LLMR_stats_component_html_auto_stats_stats_back_alf_k,stats_component_html,k,LLM_ROLE,HELD,1,stats_component_html__LLMR_stats_component_html_auto_stats_stats_back_alf_k.mut
LLMR_stats_component_html_auto_stats_stats_empty_alf_g,stats_component_html,g,LLM_ROLE,HELD,1,stats_component_html__LLMR_stats_component_html_auto_stats_stats_empty_alf_g.mut
LLMR_stats_component_html_auto_stats_stats_heading_alf_a,stats_component_html,a,LLM_ROLE,HELD,1,stats_component_html__LLMR_stats_component_html_auto_stats_stats_heading_alf_a.mut
LLMR_stats_component_html_auto_stats_stats_heading_alf_c,stats_component_html,c,LLM_ROLE,HELD,1,stats_component_html__LLMR_stats_component_html_auto_stats_stats_heading_alf_c.mut
LLMR_stats_component_html_auto_stats_stats_heading_alf_j,stats_component_html,j,LLM_ROLE,HELD,1,stats_component_html__LLMR_stats_component_html_auto_stats_stats_heading_alf_j.mut
LLMR_stats_component_html_auto_stats_stats_heading_alf_k,stats_component_html,k,LLM_ROLE,HELD,1,stats_component_html__LLMR_stats_component_html_auto_stats_stats_heading_alf_k.mut
LLMR_stats_component_html_auto_stats_stats_table_title_alf_a,stats_component_html,a,LLM_ROLE,HELD,1,stats_component_html__LLMR_stats_component_html_auto_stats_stats_table_title_alf_a.mut
LLMR_stats_component_html_auto_stats_stats_table_title_alf_b,stats_component_html,b,LLM_ROLE,HELD,1,stats_component_html__LLMR_stats_component_html_auto_stats_stats_table_title_alf_b.mut
LLMR_stats_component_html_auto_stats_stats_table_title_alf_c,stats_component_html,c,LLM_ROLE,HELD,1,stats_component_html__LLMR_stats_component_html_auto_stats_stats_table_title_alf_c.mut
LLMR_stats_component_html_auto_stats_stats_table_title_alf_d,stats_component_html,d,LLM_ROLE,HELD,1,stats_component_html__LLMR_stats_component_html_auto_stats_stats_table_title_alf_d.mut
LLMR_stats_component_html_auto_stats_stats_table_title_alf_e,stats_component_html,e,LLM_ROLE,HELD,1,stats_component_html__LLMR_stats_component_html_auto_stats_stats_table_title_alf_e.mut
LLMR_stats_component_html_auto_stats_stats_table_title_alf_j,stats_component_html,j,LLM_ROLE,HELD,1,stats_component_html__LLMR_stats_component_html_auto_stats_stats_table_title_alf_j.mut
LLMR_stats_component_html_auto_stats_stats_table_title_alf_k,stats_component_html,k,LLM_ROLE,HELD,1,stats_component_html__LLMR_stats_component_html_auto_stats_stats_table_title_alf_k.mut
LLMR_stats_component_html_auto_stats_stats_th_assignee_del_f,stats_component_html,f,LLM_ROLE,HELD,1,stats_component_html__LLMR_stats_component_html_auto_stats_stats_th_assignee_del_f.mut
LLMR_stats_component_html_auto_stats_stats_th_assignee_del_g,stats_component_html,g,LLM_ROLE,HELD,1,stats_component_html__LLMR_stats_component_html_auto_stats_stats_th_assignee_del_g.mut
LLMR_stats_component_html_auto_stats_stats_th_id_alf_f,stats_component_html,f,LLM_ROLE,HELD,1,stats_component_html__LLMR_stats_component_html_auto_stats_stats_th_id_alf_f.mut
LLMR_stats_component_html_auto_stats_stats_th_id_alf_g,stats_component_html,g,LLM_ROLE,HELD,1,stats_component_html__LLMR_stats_component_html_auto_stats_stats_th_id_alf_g.mut
LLMR_stats_component_html_auto_stats_stats_th_priority_del_f,stats_component_html,f,LLM_ROLE,HELD,1,stats_component_html__LLMR_stats_component_html_auto_stats_stats_th_priority_del_f.mut
LLMR_stats_component_html_auto_stats_stats_th_priority_del_g,stats_component_html,g,LLM_ROLE,HELD,1,stats_component_html__LLMR_stats_component_html_auto_stats_stats_th_priority_del_g.mut
LLMR_stats_component_html_stat_backlog_alf_a,stats_component_html,a,LLM_ROLE,HELD,1,stats_component_html__LLMR_stats_component_html_stat_backlog_alf_a.mut
LLMR_stats_component_html_stat_backlog_alf_b,stats_component_html,b,LLM_ROLE,HELD,1,stats_component_html__LLMR_stats_component_html_stat_backlog_alf_b.mut
LLMR_stats_component_html_stat_backlog_alf_c,stats_component_html,c,LLM_ROLE,HELD,1,stats_component_html__LLMR_stats_component_html_stat_backlog_alf_c.mut
LLMR_stats_component_html_stat_backlog_alf_f,stats_component_html,f,LLM_ROLE,HELD,1,stats_component_html__LLMR_stats_component_html_stat_backlog_alf_f.mut
LLMR_stats_component_html_stat_backlog_alf_g,stats_component_html,g,LLM_ROLE,HELD,1,stats_component_html__LLMR_stats_component_html_stat_backlog_alf_g.mut
LLMR_stats_component_html_stat_backlog_alf_j,stats_component_html,j,LLM_ROLE,HELD,1,stats_component_html__LLMR_stats_component_html_stat_backlog_alf_j.mut
LLMR_stats_component_html_stat_backlog_alf_k,stats_component_html,k,LLM_ROLE,HELD,1,stats_component_html__LLMR_stats_component_html_stat_backlog_alf_k.mut
LLMR_stats_component_html_stat_backlog_bet_f,stats_component_html,f,LLM_ROLE,HELD,1,stats_component_html__LLMR_stats_component_html_stat_backlog_bet_f.mut
LLMR_stats_component_html_stat_backlog_bet_g,stats_component_html,g,LLM_ROLE,HELD,1,stats_component_html__LLMR_stats_component_html_stat_backlog_bet_g.mut
LLMR_stats_component_html_stat_backlog_del_f,stats_component_html,f,LLM_ROLE,HELD,1,stats_component_html__LLMR_stats_component_html_stat_backlog_del_f.mut
LLMR_stats_component_html_stat_backlog_del_g,stats_component_html,g,LLM_ROLE,HELD,1,stats_component_html__LLMR_stats_component_html_stat_backlog_del_g.mut
LLMR_stats_component_html_stat_done_alf_a,stats_component_html,a,LLM_ROLE,HELD,1,stats_component_html__LLMR_stats_component_html_stat_done_alf_a.mut
LLMR_stats_component_html_stat_done_alf_b,stats_component_html,b,LLM_ROLE,HELD,1,stats_component_html__LLMR_stats_component_html_stat_done_alf_b.mut
LLMR_stats_component_html_stat_done_alf_c,stats_component_html,c,LLM_ROLE,HELD,1,stats_component_html__LLMR_stats_component_html_stat_done_alf_c.mut
LLMR_stats_component_html_stat_done_alf_f,stats_component_html,f,LLM_ROLE,HELD,1,stats_component_html__LLMR_stats_component_html_stat_done_alf_f.mut
LLMR_stats_component_html_stat_done_alf_g,stats_component_html,g,LLM_ROLE,HELD,1,stats_component_html__LLMR_stats_component_html_stat_done_alf_g.mut
LLMR_stats_component_html_stat_done_alf_j,stats_component_html,j,LLM_ROLE,HELD,1,stats_component_html__LLMR_stats_component_html_stat_done_alf_j.mut
LLMR_stats_component_html_stat_done_alf_k,stats_component_html,k,LLM_ROLE,HELD,1,stats_component_html__LLMR_stats_component_html_stat_done_alf_k.mut
LLMR_stats_component_html_stat_done_bet_f,stats_component_html,f,LLM_ROLE,HELD,1,stats_component_html__LLMR_stats_component_html_stat_done_bet_f.mut
LLMR_stats_component_html_stat_done_bet_g,stats_component_html,g,LLM_ROLE,HELD,1,stats_component_html__LLMR_stats_component_html_stat_done_bet_g.mut
LLMR_stats_component_html_stat_done_del_f,stats_component_html,f,LLM_ROLE,HELD,1,stats_component_html__LLMR_stats_component_html_stat_done_del_f.mut
LLMR_stats_component_html_stat_done_del_g,stats_component_html,g,LLM_ROLE,HELD,1,stats_component_html__LLMR_stats_component_html_stat_done_del_g.mut
LLMR_stats_component_html_stat_high_alf_a,stats_component_html,a,LLM_ROLE,HELD,1,stats_component_html__LLMR_stats_component_html_stat_high_alf_a.mut
LLMR_stats_component_html_stat_high_alf_b,stats_component_html,b,LLM_ROLE,HELD,1,stats_component_html__LLMR_stats_component_html_stat_high_alf_b.mut
LLMR_stats_component_html_stat_high_alf_c,stats_component_html,c,LLM_ROLE,HELD,1,stats_component_html__LLMR_stats_component_html_stat_high_alf_c.mut
LLMR_stats_component_html_stat_high_alf_f,stats_component_html,f,LLM_ROLE,HELD,1,stats_component_html__LLMR_stats_component_html_stat_high_alf_f.mut
LLMR_stats_component_html_stat_high_alf_g,stats_component_html,g,LLM_ROLE,HELD,1,stats_component_html__LLMR_stats_component_html_stat_high_alf_g.mut
LLMR_stats_component_html_stat_high_alf_j,stats_component_html,j,LLM_ROLE,HELD,1,stats_component_html__LLMR_stats_component_html_stat_high_alf_j.mut
LLMR_stats_component_html_stat_high_alf_k,stats_component_html,k,LLM_ROLE,HELD,1,stats_component_html__LLMR_stats_component_html_stat_high_alf_k.mut
LLMR_stats_component_html_stat_high_bet_f,stats_component_html,f,LLM_ROLE,HELD,1,stats_component_html__LLMR_stats_component_html_stat_high_bet_f.mut
LLMR_stats_component_html_stat_high_bet_g,stats_component_html,g,LLM_ROLE,HELD,1,stats_component_html__LLMR_stats_component_html_stat_high_bet_g.mut
LLMR_stats_component_html_stat_high_del_f,stats_component_html,f,LLM_ROLE,HELD,1,stats_component_html__LLMR_stats_component_html_stat_high_del_f.mut
LLMR_stats_component_html_stat_high_del_g,stats_component_html,g,LLM_ROLE,HELD,1,stats_component_html__LLMR_stats_component_html_stat_high_del_g.mut
LLMR_stats_component_html_stat_inprogress_alf_a,stats_component_html,a,LLM_ROLE,HELD,1,stats_component_html__LLMR_stats_component_html_stat_inprogress_alf_a.mut
LLMR_stats_component_html_stat_inprogress_alf_b,stats_component_html,b,LLM_ROLE,HELD,1,stats_component_html__LLMR_stats_component_html_stat_inprogress_alf_b.mut
LLMR_stats_component_html_stat_inprogress_alf_c,stats_component_html,c,LLM_ROLE,HELD,1,stats_component_html__LLMR_stats_component_html_stat_inprogress_alf_c.mut
LLMR_stats_component_html_stat_inprogress_alf_f,stats_component_html,f,LLM_ROLE,HELD,1,stats_component_html__LLMR_stats_component_html_stat_inprogress_alf_f.mut
LLMR_stats_component_html_stat_inprogress_alf_g,stats_component_html,g,LLM_ROLE,HELD,1,stats_component_html__LLMR_stats_component_html_stat_inprogress_alf_g.mut
LLMR_stats_component_html_stat_inprogress_alf_j,stats_component_html,j,LLM_ROLE,HELD,1,stats_component_html__LLMR_stats_component_html_stat_inprogress_alf_j.mut
LLMR_stats_component_html_stat_inprogress_alf_k,stats_component_html,k,LLM_ROLE,HELD,1,stats_component_html__LLMR_stats_component_html_stat_inprogress_alf_k.mut
LLMR_stats_component_html_stat_inprogress_bet_f,stats_component_html,f,LLM_ROLE,HELD,1,stats_component_html__LLMR_stats_component_html_stat_inprogress_bet_f.mut
LLMR_stats_component_html_stat_inprogress_bet_g,stats_component_html,g,LLM_ROLE,HELD,1,stats_component_html__LLMR_stats_component_html_stat_inprogress_bet_g.mut
LLMR_stats_component_html_stat_inprogress_del_f,stats_component_html,f,LLM_ROLE,HELD,1,stats_component_html__LLMR_stats_component_html_stat_inprogress_del_f.mut
LLMR_stats_component_html_stat_inprogress_del_g,stats_component_html,g,LLM_ROLE,HELD,1,stats_component_html__LLMR_stats_component_html_stat_inprogress_del_g.mut
LLMR_stats_component_html_stat_low_alf_a,stats_component_html,a,LLM_ROLE,HELD,1,stats_component_html__LLMR_stats_component_html_stat_low_alf_a.mut
LLMR_stats_component_html_stat_low_alf_b,stats_component_html,b,LLM_ROLE,HELD,1,stats_component_html__LLMR_stats_component_html_stat_low_alf_b.mut
LLMR_stats_component_html_stat_low_alf_c,stats_component_html,c,LLM_ROLE,HELD,1,stats_component_html__LLMR_stats_component_html_stat_low_alf_c.mut
LLMR_stats_component_html_stat_low_alf_f,stats_component_html,f,LLM_ROLE,HELD,1,stats_component_html__LLMR_stats_component_html_stat_low_alf_f.mut
LLMR_stats_component_html_stat_low_alf_g,stats_component_html,g,LLM_ROLE,HELD,1,stats_component_html__LLMR_stats_component_html_stat_low_alf_g.mut
LLMR_stats_component_html_stat_low_alf_j,stats_component_html,j,LLM_ROLE,HELD,1,stats_component_html__LLMR_stats_component_html_stat_low_alf_j.mut
LLMR_stats_component_html_stat_low_alf_k,stats_component_html,k,LLM_ROLE,HELD,1,stats_component_html__LLMR_stats_component_html_stat_low_alf_k.mut
LLMR_stats_component_html_stat_low_bet_f,stats_component_html,f,LLM_ROLE,HELD,1,stats_component_html__LLMR_stats_component_html_stat_low_bet_f.mut
LLMR_stats_component_html_stat_low_bet_g,stats_component_html,g,LLM_ROLE,HELD,1,stats_component_html__LLMR_stats_component_html_stat_low_bet_g.mut
LLMR_stats_component_html_stat_low_del_f,stats_component_html,f,LLM_ROLE,HELD,1,stats_component_html__LLMR_stats_component_html_stat_low_del_f.mut
LLMR_stats_component_html_stat_low_del_g,stats_component_html,g,LLM_ROLE,HELD,1,stats_component_html__LLMR_stats_component_html_stat_low_del_g.mut
LLMR_stats_component_html_stat_medium_alf_a,stats_component_html,a,LLM_ROLE,HELD,1,stats_component_html__LLMR_stats_component_html_stat_medium_alf_a.mut
LLMR_stats_component_html_stat_medium_alf_b,stats_component_html,b,LLM_ROLE,HELD,1,stats_component_html__LLMR_stats_component_html_stat_medium_alf_b.mut
LLMR_stats_component_html_stat_medium_alf_c,stats_component_html,c,LLM_ROLE,HELD,1,stats_component_html__LLMR_stats_component_html_stat_medium_alf_c.mut
LLMR_stats_component_html_stat_medium_alf_f,stats_component_html,f,LLM_ROLE,HELD,1,stats_component_html__LLMR_stats_component_html_stat_medium_alf_f.mut
LLMR_stats_component_html_stat_medium_alf_g,stats_component_html,g,LLM_ROLE,HELD,1,stats_component_html__LLMR_stats_component_html_stat_medium_alf_g.mut
LLMR_stats_component_html_stat_medium_alf_j,stats_component_html,j,LLM_ROLE,HELD,1,stats_component_html__LLMR_stats_component_html_stat_medium_alf_j.mut
LLMR_stats_component_html_stat_medium_alf_k,stats_component_html,k,LLM_ROLE,HELD,1,stats_component_html__LLMR_stats_component_html_stat_medium_alf_k.mut
LLMR_stats_component_html_stat_medium_bet_f,stats_component_html,f,LLM_ROLE,HELD,1,stats_component_html__LLMR_stats_component_html_stat_medium_bet_f.mut
LLMR_stats_component_html_stat_medium_bet_g,stats_component_html,g,LLM_ROLE,HELD,1,stats_component_html__LLMR_stats_component_html_stat_medium_bet_g.mut
LLMR_stats_component_html_stat_medium_del_f,stats_component_html,f,LLM_ROLE,HELD,1,stats_component_html__LLMR_stats_component_html_stat_medium_del_f.mut
LLMR_stats_component_html_stat_medium_del_g,stats_component_html,g,LLM_ROLE,HELD,1,stats_component_html__LLMR_stats_component_html_stat_medium_del_g.mut
LLMR_stats_component_html_stat_review_alf_a,stats_component_html,a,LLM_ROLE,HELD,1,stats_component_html__LLMR_stats_component_html_stat_review_alf_a.mut
LLMR_stats_component_html_stat_review_alf_b,stats_component_html,b,LLM_ROLE,HELD,1,stats_component_html__LLMR_stats_component_html_stat_review_alf_b.mut
LLMR_stats_component_html_stat_review_alf_c,stats_component_html,c,LLM_ROLE,HELD,1,stats_component_html__LLMR_stats_component_html_stat_review_alf_c.mut
LLMR_stats_component_html_stat_review_alf_f,stats_component_html,f,LLM_ROLE,HELD,1,stats_component_html__LLMR_stats_component_html_stat_review_alf_f.mut
LLMR_stats_component_html_stat_review_alf_g,stats_component_html,g,LLM_ROLE,HELD,1,stats_component_html__LLMR_stats_component_html_stat_review_alf_g.mut
LLMR_stats_component_html_stat_review_alf_j,stats_component_html,j,LLM_ROLE,HELD,1,stats_component_html__LLMR_stats_component_html_stat_review_alf_j.mut
LLMR_stats_component_html_stat_review_alf_k,stats_component_html,k,LLM_ROLE,HELD,1,stats_component_html__LLMR_stats_component_html_stat_review_alf_k.mut
LLMR_stats_component_html_stat_review_bet_f,stats_component_html,f,LLM_ROLE,HELD,1,stats_component_html__LLMR_stats_component_html_stat_review_bet_f.mut
LLMR_stats_component_html_stat_review_bet_g,stats_component_html,g,LLM_ROLE,HELD,1,stats_component_html__LLMR_stats_component_html_stat_review_bet_g.mut
LLMR_stats_component_html_stat_review_del_f,stats_component_html,f,LLM_ROLE,HELD,1,stats_component_html__LLMR_stats_component_html_stat_review_del_f.mut
LLMR_stats_component_html_stat_review_del_g,stats_component_html,g,LLM_ROLE,HELD,1,stats_component_html__LLMR_stats_component_html_stat_review_del_g.mut
LLMR_stats_component_html_stat_row_alf_f,stats_component_html,f,LLM_ROLE,HELD,1,stats_component_html__LLMR_stats_component_html_stat_row_alf_f.mut
LLMR_stats_component_html_stat_row_alf_g,stats_component_html,g,LLM_ROLE,HELD,1,stats_component_html__LLMR_stats_component_html_stat_row_alf_g.mut
LLMR_stats_component_html_stat_row_bet_f,stats_component_html,f,LLM_ROLE,HELD,1,stats_component_html__LLMR_stats_component_html_stat_row_bet_f.mut
LLMR_stats_component_html_stat_row_bet_g,stats_component_html,g,LLM_ROLE,HELD,1,stats_component_html__LLMR_stats_component_html_stat_row_bet_g.mut
LLMR_stats_component_html_stat_row_del_f,stats_component_html,f,LLM_ROLE,HELD,1,stats_component_html__LLMR_stats_component_html_stat_row_del_f.mut
LLMR_stats_component_html_stat_row_del_g,stats_component_html,g,LLM_ROLE,HELD,1,stats_component_html__LLMR_stats_component_html_stat_row_del_g.mut
LLMR_stats_component_html_stat_total_alf_a,stats_component_html,a,LLM_ROLE,HELD,1,stats_component_html__LLMR_stats_component_html_stat_total_alf_a.mut
LLMR_stats_component_html_stat_total_alf_b,stats_component_html,b,LLM_ROLE,HELD,1,stats_component_html__LLMR_stats_component_html_stat_total_alf_b.mut
LLMR_stats_component_html_stat_total_alf_c,stats_component_html,c,LLM_ROLE,HELD,1,stats_component_html__LLMR_stats_component_html_stat_total_alf_c.mut
LLMR_stats_component_html_stat_total_alf_f,stats_component_html,f,LLM_ROLE,HELD,1,stats_component_html__LLMR_stats_component_html_stat_total_alf_f.mut
LLMR_stats_component_html_stat_total_alf_g,stats_component_html,g,LLM_ROLE,HELD,1,stats_component_html__LLMR_stats_component_html_stat_total_alf_g.mut
LLMR_stats_component_html_stat_total_alf_j,stats_component_html,j,LLM_ROLE,HELD,1,stats_component_html__LLMR_stats_component_html_stat_total_alf_j.mut
LLMR_stats_component_html_stat_total_alf_k,stats_component_html,k,LLM_ROLE,HELD,1,stats_component_html__LLMR_stats_component_html_stat_total_alf_k.mut
LLMR_stats_component_html_stat_total_bet_f,stats_component_html,f,LLM_ROLE,HELD,1,stats_component_html__LLMR_stats_component_html_stat_total_bet_f.mut
LLMR_stats_component_html_stat_total_bet_g,stats_component_html,g,LLM_ROLE,HELD,1,stats_component_html__LLMR_stats_component_html_stat_total_bet_g.mut
LLMR_stats_component_html_stat_total_del_f,stats_component_html,f,LLM_ROLE,HELD,1,stats_component_html__LLMR_stats_component_html_stat_total_del_f.mut
LLMR_stats_component_html_stat_total_del_g,stats_component_html,g,LLM_ROLE,HELD,1,stats_component_html__LLMR_stats_component_html_stat_total_del_g.mut
LLMR_stats_component_html_stat_total_gam_f,stats_component_html,f,LLM_ROLE,HELD,1,stats_component_html__LLMR_stats_component_html_stat_total_gam_f.mut
LLMR_stats_component_html_stats_table_alf_f,stats_component_html,f,LLM_ROLE,HELD,1,stats_component_html__LLMR_stats_component_html_stats_table_alf_f.mut
LLMR_stats_component_html_stats_table_alf_g,stats_component_html,g,LLM_ROLE,HELD,1,stats_component_html__LLMR_stats_component_html_stats_table_alf_g.mut
LLMR_stats_component_html_stats_table_bet_f,stats_component_html,f,LLM_ROLE,HELD,1,stats_component_html__LLMR_stats_component_html_stats_table_bet_f.mut
LLMR_stats_component_html_stats_table_del_f,stats_component_html,f,LLM_ROLE,HELD,1,stats_component_html__LLMR_stats_component_html_stats_table_del_f.mut
LLMR_stats_component_html_stats_table_del_g,stats_component_html,g,LLM_ROLE,HELD,1,stats_component_html__LLMR_stats_component_html_stats_table_del_g.mut
LLMR_stats_component_html_stats_th_title_alf_f,stats_component_html,f,LLM_ROLE,HELD,1,stats_component_html__LLMR_stats_component_html_stats_th_title_alf_f.mut
LLMR_stats_component_html_stats_th_title_alf_g,stats_component_html,g,LLM_ROLE,HELD,1,stats_component_html__LLMR_stats_component_html_stats_th_title_alf_g.mut
LLMR_stats_component_html_stats_th_title_bet_g,stats_component_html,g,LLM_ROLE,HELD,1,stats_component_html__LLMR_stats_component_html_stats_th_title_bet_g.mut
LLMR_stats_component_html_stats_th_title_del_f,stats_component_html,f,LLM_ROLE,HELD,1,stats_component_html__LLMR_stats_component_html_stats_th_title_del_f.mut
LLMR_stats_component_html_stats_th_title_del_g,stats_component_html,g,LLM_ROLE,HELD,1,stats_component_html__LLMR_stats_component_html_stats_th_title_del_g.mut
LLMR_stats_component_html_stats_th_title_gam_f,stats_component_html,f,LLM_ROLE,HELD,1,stats_component_html__LLMR_stats_component_html_stats_th_title_gam_f.mut
LLMR_stats_component_html_stats_th_title_gam_g,stats_component_html,g,LLM_ROLE,HELD,1,stats_component_html__LLMR_stats_component_html_stats_th_title_gam_g.mut
LLMR_stats_component_html_stats_title_alf_a,stats_component_html,a,LLM_ROLE,HELD,1,stats_component_html__LLMR_stats_component_html_stats_title_alf_a.mut
LLMR_stats_component_html_stats_title_alf_b,stats_component_html,b,LLM_ROLE,HELD,1,stats_component_html__LLMR_stats_component_html_stats_title_alf_b.mut
LLMR_stats_component_html_stats_title_alf_c,stats_component_html,c,LLM_ROLE,HELD,1,stats_component_html__LLMR_stats_component_html_stats_title_alf_c.mut
LLMR_stats_component_html_stats_title_alf_d,stats_component_html,d,LLM_ROLE,HELD,1,stats_component_html__LLMR_stats_component_html_stats_title_alf_d.mut
LLMR_stats_component_html_stats_title_alf_e,stats_component_html,e,LLM_ROLE,HELD,1,stats_component_html__LLMR_stats_component_html_stats_title_alf_e.mut
LLMR_stats_component_html_stats_title_alf_f,stats_component_html,f,LLM_ROLE,HELD,1,stats_component_html__LLMR_stats_component_html_stats_title_alf_f.mut
LLMR_stats_component_html_stats_title_alf_g,stats_component_html,g,LLM_ROLE,HELD,1,stats_component_html__LLMR_stats_component_html_stats_title_alf_g.mut
LLMR_stats_component_html_stats_title_alf_j,stats_component_html,j,LLM_ROLE,HELD,1,stats_component_html__LLMR_stats_component_html_stats_title_alf_j.mut
LLMR_stats_component_html_stats_title_alf_k,stats_component_html,k,LLM_ROLE,HELD,1,stats_component_html__LLMR_stats_component_html_stats_title_alf_k.mut
LLMR_stats_component_html_stats_title_bet_f,stats_component_html,f,LLM_ROLE,HELD,1,stats_component_html__LLMR_stats_component_html_stats_title_bet_f.mut
LLMR_stats_component_html_stats_title_del_f,stats_component_html,f,LLM_ROLE,HELD,1,stats_component_html__LLMR_stats_component_html_stats_title_del_f.mut
LLMR_stats_component_html_stats_title_del_g,stats_component_html,g,LLM_ROLE,HELD,1,stats_component_html__LLMR_stats_component_html_stats_title_del_g.mut
LLMR_h_toast_message_alf,toast_component_html,h,LLM_ROLE,HELD,2,toast_component_html__LLMR_h_toast_message_alf.mut
LLMR_h_toast_message_bet,toast_component_html,h,LLM_ROLE,HELD,2,toast_component_html__LLMR_h_toast_message_bet.mut
LLMR_h_toast_message_del,toast_component_html,h,LLM_ROLE,HELD,2,toast_component_html__LLMR_h_toast_message_del.mut
LLMR_toast_component_html_auto_toast_toast_bar_alf_a,toast_component_html,a,LLM_ROLE,HELD,1,toast_component_html__LLMR_toast_component_html_auto_toast_toast_bar_alf_a.mut
LLMR_toast_component_html_auto_toast_toast_bar_alf_b,toast_component_html,b,LLM_ROLE,HELD,1,toast_component_html__LLMR_toast_component_html_auto_toast_toast_bar_alf_b.mut
LLMR_toast_component_html_auto_toast_toast_bar_alf_c,toast_component_html,c,LLM_ROLE,HELD,1,toast_component_html__LLMR_toast_component_html_auto_toast_toast_bar_alf_c.mut
LLMR_toast_component_html_auto_toast_toast_bar_alf_j,toast_component_html,j,LLM_ROLE,HELD,1,toast_component_html__LLMR_toast_component_html_auto_toast_toast_bar_alf_j.mut
LLMR_toast_component_html_auto_toast_toast_bar_alf_k,toast_component_html,k,LLM_ROLE,HELD,1,toast_component_html__LLMR_toast_component_html_auto_toast_toast_bar_alf_k.mut
LLMR_toast_component_html_auto_toast_toast_icon_alf_a,toast_component_html,a,LLM_ROLE,HELD,1,toast_component_html__LLMR_toast_component_html_auto_toast_toast_icon_alf_a.mut
LLMR_toast_component_html_auto_toast_toast_icon_alf_b,toast_component_html,b,LLM_ROLE,HELD,1,toast_component_html__LLMR_toast_component_html_auto_toast_toast_icon_alf_b.mut
LLMR_toast_component_html_auto_toast_toast_icon_alf_c,toast_component_html,c,LLM_ROLE,HELD,1,toast_component_html__LLMR_toast_component_html_auto_toast_toast_icon_alf_c.mut
LLMR_toast_component_html_auto_toast_toast_icon_alf_d,toast_component_html,d,LLM_ROLE,HELD,1,toast_component_html__LLMR_toast_component_html_auto_toast_toast_icon_alf_d.mut
LLMR_toast_component_html_auto_toast_toast_icon_alf_e,toast_component_html,e,LLM_ROLE,HELD,1,toast_component_html__LLMR_toast_component_html_auto_toast_toast_icon_alf_e.mut
LLMR_toast_component_html_auto_toast_toast_icon_alf_f,toast_component_html,f,LLM_ROLE,HELD,1,toast_component_html__LLMR_toast_component_html_auto_toast_toast_icon_alf_f.mut
LLMR_toast_component_html_auto_toast_toast_icon_alf_j,toast_component_html,j,LLM_ROLE,HELD,1,toast_component_html__LLMR_toast_component_html_auto_toast_toast_icon_alf_j.mut
LLMR_toast_component_html_auto_toast_toast_icon_alf_k,toast_component_html,k,LLM_ROLE,HELD,1,toast_component_html__LLMR_toast_component_html_auto_toast_toast_icon_alf_k.mut
LLMR_toast_component_html_toast_label_alf_a,toast_component_html,a,LLM_ROLE,HELD,1,toast_component_html__LLMR_toast_component_html_toast_label_alf_a.mut
LLMR_toast_component_html_toast_label_alf_b,toast_component_html,b,LLM_ROLE,HELD,1,toast_component_html__LLMR_toast_component_html_toast_label_alf_b.mut
LLMR_toast_component_html_toast_label_alf_c,toast_component_html,c,LLM_ROLE,HELD,1,toast_component_html__LLMR_toast_component_html_toast_label_alf_c.mut
LLMR_toast_component_html_toast_label_alf_d,toast_component_html,d,LLM_ROLE,HELD,1,toast_component_html__LLMR_toast_component_html_toast_label_alf_d.mut
LLMR_toast_component_html_toast_label_alf_e,toast_component_html,e,LLM_ROLE,HELD,1,toast_component_html__LLMR_toast_component_html_toast_label_alf_e.mut
LLMR_toast_component_html_toast_label_alf_j,toast_component_html,j,LLM_ROLE,HELD,1,toast_component_html__LLMR_toast_component_html_toast_label_alf_j.mut
LLMR_toast_component_html_toast_label_alf_k,toast_component_html,k,LLM_ROLE,HELD,1,toast_component_html__LLMR_toast_component_html_toast_label_alf_k.mut
LLMR_toast_component_html_toast_message_alf_a,toast_component_html,a,LLM_ROLE,HELD,1,toast_component_html__LLMR_toast_component_html_toast_message_alf_a.mut
LLMR_toast_component_html_toast_message_alf_b,toast_component_html,b,LLM_ROLE,HELD,1,toast_component_html__LLMR_toast_component_html_toast_message_alf_b.mut
LLMR_toast_component_html_toast_message_alf_c,toast_component_html,c,LLM_ROLE,HELD,1,toast_component_html__LLMR_toast_component_html_toast_message_alf_c.mut
LLMR_toast_component_html_toast_message_alf_f,toast_component_html,f,LLM_ROLE,HELD,1,toast_component_html__LLMR_toast_component_html_toast_message_alf_f.mut
LLMR_toast_component_html_toast_message_alf_j,toast_component_html,j,LLM_ROLE,HELD,1,toast_component_html__LLMR_toast_component_html_toast_message_alf_j.mut
LLMR_toast_component_html_toast_message_alf_k,toast_component_html,k,LLM_ROLE,HELD,1,toast_component_html__LLMR_toast_component_html_toast_message_alf_k.mut
LLMR_toast_component_html_toast_message_del_f,toast_component_html,f,LLM_ROLE,HELD,1,toast_component_html__LLMR_toast_component_html_toast_message_del_f.mut
