Target,TargetAttr,File,Role,Operator,OpName,Decision,Reason,MutationId
board-title,x-test-board-title,board_component_html,alpha-target,h,HTML Tag Movement (between two templates),NA,between-templates-na-perfile,-
board-title,x-test-board-title,board_component_html,alpha-target,i,HTML Tag Removal,NA,would-drop-x-test,-
board-title,x-test-board-title,board_component_html,alpha-target,a,Attribute Value Modification,APPLICABLE,,-
board-title,x-test-board-title,board_component_html,alpha-target,b,Attribute Removal,APPLICABLE,,-
board-title,x-test-board-title,board_component_html,alpha-target,c,Attribute Identifier Modification,APPLICABLE,,-
board-title,x-test-board-title,board_component_html,alpha-target,d,Text Content Modification,APPLICABLE,,-
board-title,x-test-board-title,board_component_html,alpha-target,e,Text Content Removal,APPLICABLE,,-
board-title,x-test-board-title,board_component_html,alpha-target,f,HTML Tag Movement (within a container),APPLICABLE,,-
board-title,x-test-board-title,board_component_html,alpha-target,g,HTML Tag Movement (any point of the HTML tree),APPLICABLE,,-
board-title,x-test-board-title,board_component_html,alpha-target,j,HTML Tag Type Modification,APPLICABLE,,-
board-title,x-test-board-title,board_component_html,alpha-target,k,HTML Tag Insertion,APPLICABLE,,-
board-title,x-test-board-title,board_component_html,beta-parent,d,Text Content Modification,NA,no-text-content,-
board-title,x-test-board-title,board_component_html,beta-parent,e,Text Content Removal,NA,no-text-content,-
board-title,x-test-board-title,board_component_html,beta-parent,h,HTML Tag Movement (between two templates),NA,between-templates-na-perfile,-
board-title,x-test-board-title,board_component_html,beta-parent,i,HTML Tag Removal,NA,would-drop-x-test,-
board-title,x-test-board-title,board_component_html,beta-parent,a,Attribute Value Modification,APPLICABLE,,-
board-title,x-test-board-title,board_component_html,beta-parent,b,Attribute Removal,APPLICABLE,,-
board-title,x-test-board-title,board_component_html,beta-parent,c,Attribute Identifier Modification,APPLICABLE,,-
board-title,x-test-board-title,board_component_html,beta-parent,f,HTML Tag Movement (within a container),APPLICABLE,,-
board-title,x-test-board-title,board_component_html,beta-parent,g,HTML Tag Movement (any point of the HTML tree),APPLICABLE,,-
board-title,x-test-board-title,board_component_html,beta-parent,j,HTML Tag Type Modification,APPLICABLE,,-
board-title,x-test-board-title,board_component_html,beta-parent,k,HTML Tag Insertion,APPLICABLE,,-
board-title,x-test-board-title,board_component_html,gamma-ancestor,d,Text Content Modification,NA,no-text-content,-
board-title,x-test-board-title,board_component_html,gamma-ancestor,e,Text Content Removal,NA,no-text-content,-
board-title,x-test-board-title,board_component_html,gamma-ancestor,f,HTML Tag Movement (within a container),NA,no-sibling-to-reorder,-
board-title,x-test-board-title,board_component_html,gamma-ancestor,g,HTML Tag Movement (any point of the HTML tree),NA,root-element,-
board-title,x-test-board-title,board_component_html,gamma-ancestor,h,HTML Tag Movement (between two templates),NA,between-templates-na-perfile,-
board-title,x-test-board-title,board_component_html,gamma-ancestor,i,HTML Tag Removal,NA,root-element,-
board-title,x-test-board-title,board_component_html,gamma-ancestor,a,Attribute Value Modification,APPLICABLE,,-
board-title,x-test-board-title,board_component_html,gamma-ancestor,b,Attribute Removal,APPLICABLE,,-
board-title,x-test-board-title,board_component_html,gamma-ancestor,c,Attribute Identifier Modification,APPLICABLE,,-
board-title,x-test-board-title,board_component_html,gamma-ancestor,j,HTML Tag Type Modification,APPLICABLE,,-
board-title,x-test-board-title,board_component_html,gamma-ancestor,k,HTML Tag Insertion,APPLICABLE,,-
board-title,x-test-board-title,board_component_html,delta-sibling,h,HTML Tag Movement (between two templates),NA,between-templates-na-perfile,-
board-title,x-test-board-title,board_component_html,delta-sibling,i,HTML Tag Removal,NA,would-drop-x-test,-
board-title,x-test-board-title,board_component_html,delta-sibling,a,Attribute Value Modification,APPLICABLE,,-
board-title,x-test-board-title,board_component_html,delta-sibling,b,Attribute Removal,APPLICABLE,,-
board-title,x-test-board-title,board_component_html,delta-sibling,c,Attribute Identifier Modification,APPLICABLE,,-
board-title,x-test-board-title,board_component_html,delta-sibling,d,Text Content Modification,APPLICABLE,,-
board-title,x-test-board-title,board_component_html,delta-sibling,e,Text Content Removal,APPLICABLE,,-
board-title,x-test-board-title,board_component_html,delta-sibling,f,HTML Tag Movement (within a container),APPLICABLE,,-
board-title,x-test-board-title,board_component_html,delta-sibling,g,HTML Tag Movement (any point of the HTML tree),APPLICABLE,,-
board-title,x-test-board-title,board_component_html,delta-sibling,j,HTML Tag Type Modification,APPLICABLE,,-
board-title,x-test-board-title,board_component_html,delta-sibling,k,HTML Tag Insertion,APPLICABLE,,-
board-title,x-test-board-title,board_component_html,epsilon-component,a,Attribute Value Modification,NA,no-such-role,-
board-title,x-test-board-title,board_component_html,epsilon-component,b,Attribute Removal,NA,no-such-role,-
board-title,x-test-board-title,board_component_html,epsilon-component,c,Attribute Identifier Modification,NA,no-such-role,-
board-title,x-test-board-title,board_component_html,epsilon-component,d,Text Content Modification,NA,no-such-role,-
board-title,x-test-board-title,board_component_html,epsilon-component,e,Text Content Removal,NA,no-such-role,-
board-title,x-test-board-title,board_component_html,epsilon-component,f,HTML Tag Movement (within a container),NA,no-such-role,-
board-title,x-test-board-title,board_component_html,epsilon-component,g,HTML Tag Movement (any point of the HTML tree),NA,no-such-role,-
board-title,x-test-board-title,board_component_html,epsilon-component,h,HTML Tag Movement (between two templates),NA,no-such-role,-
board-title,x-test-board-title,board_component_html,epsilon-component,i,HTML Tag Removal,NA,no-such-role,-
board-title,x-test-board-title,board_component_html,epsilon-component,j,HTML Tag Type Modification,NA,no-such-role,-
board-title,x-test-board-title,board_component_html,epsilon-component,k,HTML Tag Insertion,NA,no-such-role,-
board-demo-badge,x-test-demo-badge,board_component_html,alpha-target,h,HTML Tag Movement (between two templates),NA,between-templates-na-perfile,-
board-demo-badge,x-test-demo-badge,board_component_html,alpha-target,i,HTML Tag Removal,NA,would-drop-x-test,-
board-demo-badge,x-test-demo-badge,board_component_html,alpha-target,a,Attribute Value Modification,APPLICABLE,,-
board-demo-badge,x-test-demo-badge,board_component_html,alpha-target,b,Attribute Removal,APPLICABLE,,-
board-demo-badge,x-test-demo-badge,board_component_html,alpha-target,c,Attribute Identifier Modification,APPLICABLE,,-
board-demo-badge,x-test-demo-badge,board_component_html,alpha-target,d,Text Content Modification,APPLICABLE,,-
board-demo-badge,x-test-demo-badge,board_component_html,alpha-target,e,Text Content Removal,APPLICABLE,,-
board-demo-badge,x-test-demo-badge,board_component_html,alpha-target,f,HTML Tag Movement (within a container),APPLICABLE,,-
board-demo-badge,x-test-demo-badge,board_component_html,alpha-target,g,HTML Tag Movement (any point of the HTML tree),APPLICABLE,,-
board-demo-badge,x-test-demo-badge,board_component_html,alpha-target,j,HTML Tag Type Modification,APPLICABLE,,-
board-demo-badge,x-test-demo-badge,board_component_html,alpha-target,k,HTML Tag Insertion,APPLICABLE,,-
board-demo-badge,x-test-demo-badge,board_component_html,beta-parent,d,Text Content Modification,NA,no-text-content,-
board-demo-badge,x-test-demo-badge,board_component_html,beta-parent,e,Text Content Removal,NA,no-text-content,-
board-demo-badge,x-test-demo-badge,board_component_html,beta-parent,h,HTML Tag Movement (between two templates),NA,between-templates-na-perfile,-
board-demo-badge,x-test-demo-badge,board_component_html,beta-parent,i,HTML Tag Removal,NA,would-drop-x-test,-
board-demo-badge,x-test-demo-badge,board_component_html,beta-parent,a,Attribute Value Modification,APPLICABLE,,-
board-demo-badge,x-test-demo-badge,board_component_html,beta-parent,b,Attribute Removal,APPLICABLE,,-
board-demo-badge,x-test-demo-badge,board_component_html,beta-parent,c,Attribute Identifier Modification,APPLICABLE,,-
board-demo-badge,x-test-demo-badge,board_component_html,beta-parent,f,HTML Tag Movement (within a container),APPLICABLE,,-
board-demo-badge,x-test-demo-badge,board_component_html,beta-parent,g,HTML Tag Movement (any point of the HTML tree),APPLICABLE,,-
board-demo-badge,x-test-demo-badge,board_component_html,beta-parent,j,HTML Tag Type Modification,APPLICABLE,,-
board-demo-badge,x-test-demo-badge,board_component_html,beta-parent,k,HTML Tag Insertion,APPLICABLE,,-
board-demo-badge,x-test-demo-badge,board_component_html,gamma-ancestor,d,Text Content Modification,NA,no-text-content,-
board-demo-badge,x-test-demo-badge,board_component_html,gamma-ancestor,e,Text Content Removal,NA,no-text-content,-
board-demo-badge,x-test-demo-badge,board_component_html,gamma-ancestor,f,HTML Tag Movement (within a container),NA,no-sibling-to-reorder,-
board-demo-badge,x-test-demo-badge,board_component_html,gamma-ancestor,g,HTML Tag Movement (any point of the HTML tree),NA,root-element,-
board-demo-badge,x-test-demo-badge,board_component_html,gamma-ancestor,h,HTML Tag Movement (between two templates),NA,between-templates-na-perfile,-
board-demo-badge,x-test-demo-badge,board_component_html,gamma-ancestor,i,HTML Tag Removal,NA,root-element,-
board-demo-badge,x-test-demo-badge,board_component_html,gamma-ancestor,a,Attribute Value Modification,APPLICABLE,,-
board-demo-badge,x-test-demo-badge,board_component_html,gamma-ancestor,b,Attribute Removal,APPLICABLE,,-
board-demo-badge,x-test-demo-badge,board_component_html,gamma-ancestor,c,Attribute Identifier Modification,APPLICABLE,,-
board-demo-badge,x-test-demo-badge,board_component_html,gamma-ancestor,j,HTML Tag Type Modification,APPLICABLE,,-
board-demo-badge,x-test-demo-badge,board_component_html,gamma-ancestor,k,HTML Tag Insertion,APPLICABLE,,-
board-demo-badge,x-test-demo-badge,board_component_html,delta-sibling,h,HTML Tag Movement (between two templates),NA,between-templates-na-perfile,-
board-demo-badge,x-test-demo-badge,board_component_html,delta-sibling,i,HTML Tag Removal,NA,would-drop-x-test,-
board-demo-badge,x-test-demo-badge,board_component_html,delta-sibling,a,Attribute Value Modification,APPLICABLE,,-
board-demo-badge,x-test-demo-badge,board_component_html,delta-sibling,b,Attribute Removal,APPLICABLE,,-
board-demo-badge,x-test-demo-badge,board_component_html,delta-sibling,c,Attribute Identifier Modification,APPLICABLE,,-
board-demo-badge,x-test-demo-badge,board_component_html,delta-sibling,d,Text Content Modification,APPLICABLE,,-
board-demo-badge,x-test-demo-badge,board_component_html,delta-sibling,e,Text Content Removal,APPLICABLE,,-
board-demo-badge,x-test-demo-badge,board_component_html,delta-sibling,f,HTML Tag Movement (within a container),APPLICABLE,,-
board-demo-badge,x-test-demo-badge,board_component_html,delta-sibling,g,HTML Tag Movement (any point of the HTML tree),APPLICABLE,,-
board-demo-badge,x-test-demo-badge,board_component_html,delta-sibling,j,HTML Tag Type Modification,APPLICABLE,,-
board-demo-badge,x-test-demo-badge,board_component_html,delta-sibling,k,HTML Tag Insertion,APPLICABLE,,-
board-demo-badge,x-test-demo-badge,board_component_html,epsilon-component,a,Attribute Value Modification,NA,no-such-role,-
board-demo-badge,x-test-demo-badge,board_component_html,epsilon-component,b,Attribute Removal,NA,no-such-role,-
board-demo-badge,x-test-demo-badge,board_component_html,epsilon-component,c,Attribute Identifier Modification,NA,no-such-role,-
board-demo-badge,x-test-demo-badge,board_component_html,epsilon-component,d,Text Content Modification,NA,no-such-role,-
board-demo-badge,x-test-demo-badge,board_component_html,epsilon-component,e,Text Content Removal,NA,no-such-role,-
board-demo-badge,x-test-demo-badge,board_component_html,epsilon-component,f,HTML Tag Movement (within a container),NA,no-such-role,-
board-demo-badge,x-test-demo-badge,board_component_html,epsilon-component,g,HTML Tag Movement (any point of the HTML tree),NA,no-such-role,-
board-demo-badge,x-test-demo-badge,board_component_html,epsilon-component,h,HTML Tag Movement (between two templates),NA,no-such-role,-
board-demo-badge,x-test-demo-badge,board_component_html,epsilon-component,i,HTML Tag Removal,NA,no-such-role,-
board-demo-badge,x-test-demo-badge,board_component_html,epsilon-component,j,HTML Tag Type Modification,NA,no-such-role,-
board-demo-badge,x-test-demo-badge,board_component_html,epsilon-component,k,HTML Tag Insertion,NA,no-such-role,-
board-hint-banner,x-test-hint-banner,board_component_html,alpha-target,h,HTML Tag Movement (between two templates),NA,between-templates-na-perfile,-
board-hint-banner,x-test-hint-banner,board_component_html,alpha-target,i,HTML Tag Removal,NA,would-drop-x-test,-
board-hint-banner,x-test-hint-banner,board_component_html,alpha-target,a,Attribute Value Modification,APPLICABLE,,-
board-hint-banner,x-test-hint-banner,board_component_html,alpha-target,b,Attribute Removal,APPLICABLE,,-
board-hint-banner,x-test-hint-banner,board_component_html,alpha-target,c,Attribute Identifier Modification,APPLICABLE,,-
board-hint-banner,x-test-hint-banner,board_component_html,alpha-target,d,Text Content Modification,APPLICABLE,,-
board-hint-banner,x-test-hint-banner,board_component_html,alpha-target,e,Text Content Removal,APPLICABLE,,-
board-hint-banner,x-test-hint-banner,board_component_html,alpha-target,f,HTML Tag Movement (within a container),APPLICABLE,,-
board-hint-banner,x-test-hint-banner,board_component_html,alpha-target,g,HTML Tag Movement (any point of the HTML tree),APPLICABLE,,-
board-hint-banner,x-test-hint-banner,board_component_html,alpha-target,j,HTML Tag Type Modification,APPLICABLE,,-
board-hint-banner,x-test-hint-banner,board_component_html,alpha-target,k,HTML Tag Insertion,APPLICABLE,,-
board-hint-banner,x-test-hint-banner,board_component_html,beta-parent,d,Text Content Modification,NA,no-text-content,-
board-hint-banner,x-test-hint-banner,board_component_html,beta-parent,e,Text Content Removal,NA,no-text-content,-
board-hint-banner,x-test-hint-banner,board_component_html,beta-parent,h,HTML Tag Movement (between two templates),NA,between-templates-na-perfile,-
board-hint-banner,x-test-hint-banner,board_component_html,beta-parent,i,HTML Tag Removal,NA,would-drop-x-test,-
board-hint-banner,x-test-hint-banner,board_component_html,beta-parent,a,Attribute Value Modification,APPLICABLE,,-
board-hint-banner,x-test-hint-banner,board_component_html,beta-parent,b,Attribute Removal,APPLICABLE,,-
board-hint-banner,x-test-hint-banner,board_component_html,beta-parent,c,Attribute Identifier Modification,APPLICABLE,,-
board-hint-banner,x-test-hint-banner,board_component_html,beta-parent,f,HTML Tag Movement (within a container),APPLICABLE,,-
board-hint-banner,x-test-hint-banner,board_component_html,beta-parent,g,HTML Tag Movement (any point of the HTML tree),APPLICABLE,,-
board-hint-banner,x-test-hint-banner,board_component_html,beta-parent,j,HTML Tag Type Modification,APPLICABLE,,-
board-hint-banner,x-test-hint-banner,board_component_html,beta-parent,k,HTML Tag Insertion,APPLICABLE,,-
board-hint-banner,x-test-hint-banner,board_component_html,gamma-ancestor,d,Text Content Modification,NA,no-text-content,-
board-hint-banner,x-test-hint-banner,board_component_html,gamma-ancestor,e,Text Content Removal,NA,no-text-content,-
board-hint-banner,x-test-hint-banner,board_component_html,gamma-ancestor,f,HTML Tag Movement (within a container),NA,no-sibling-to-reorder,-
board-hint-banner,x-test-hint-banner,board_component_html,gamma-ancestor,g,HTML Tag Movement (any point of the HTML tree),NA,root-element,-
board-hint-banner,x-test-hint-banner,board_component_html,gamma-ancestor,h,HTML Tag Movement (between two templates),NA,between-templates-na-perfile,-
board-hint-banner,x-test-hint-banner,board_component_html,gamma-ancestor,i,HTML Tag Removal,NA,root-element,-
board-hint-banner,x-test-hint-banner,board_component_html,gamma-ancestor,a,Attribute Value Modification,APPLICABLE,,-
board-hint-banner,x-test-hint-banner,board_component_html,gamma-ancestor,b,Attribute Removal,APPLICABLE,,-
board-hint-banner,x-test-hint-banner,board_component_html,gamma-ancestor,c,Attribute Identifier Modification,APPLICABLE,,-
board-hint-banner,x-test-hint-banner,board_component_html,gamma-ancestor,j,HTML Tag Type Modification,APPLICABLE,,-
board-hint-banner,x-test-hint-banner,board_component_html,gamma-ancestor,k,HTML Tag Insertion,APPLICABLE,,-
board-hint-banner,x-test-hint-banner,board_component_html,delta-sibling,h,HTML Tag Movement (between two templates),NA,between-templates-na-perfile,-
board-hint-banner,x-test-hint-banner,board_component_html,delta-sibling,i,HTML Tag Removal,NA,would-drop-x-test,-
board-hint-banner,x-test-hint-banner,board_component_html,delta-sibling,a,Attribute Value Modification,APPLICABLE,,-
board-hint-banner,x-test-hint-banner,board_component_html,delta-sibling,b,Attribute Removal,APPLICABLE,,-
board-hint-banner,x-test-hint-banner,board_component_html,delta-sibling,c,Attribute Identifier Modification,APPLICABLE,,-
board-hint-banner,x-test-hint-banner,board_component_html,delta-sibling,d,Text Content Modification,APPLICABLE,,-
board-hint-banner,x-test-hint-banner,board_component_html,delta-sibling,e,Text Content Removal,APPLICABLE,,-
board-hint-banner,x-test-hint-banner,board_component_html,delta-sibling,f,HTML Tag Movement (within a container),APPLICABLE,,-
board-hint-banner,x-test-hint-banner,board_component_html,delta-sibling,g,HTML Tag Movement (any point of the HTML tree),APPLICABLE,,-
board-hint-banner,x-test-hint-banner,board_component_html,delta-sibling,j,HTML Tag Type Modification,APPLICABLE,,-
board-hint-banner,x-test-hint-banner,board_component_html,delta-sibling,k,HTML Tag Insertion,APPLICABLE,,-
board-hint-banner,x-test-hint-banner,board_component_html,epsilon-component,a,Attribute Value Modification,NA,no-such-role,-
board-hint-banner,x-test-hint-banner,board_component_html,epsilon-component,b,Attribute Removal,NA,no-such-role,-
board-hint-banner,x-test-hint-banner,board_component_html,epsilon-component,c,Attribute Identifier Modification,NA,no-such-role,-
board-hint-banner,x-test-hint-banner,board_component_html,epsilon-component,d,Text Content Modification,NA,no-such-role,-
board-hint-banner,x-test-hint-banner,board_component_html,epsilon-component,e,Text Content Removal,NA,no-such-role,-
board-hint-banner,x-test-hint-banner,board_component_html,epsilon-component,f,HTML Tag Movement (within a container),NA,no-such-role,-
board-hint-banner,x-test-hint-banner,board_component_html,epsilon-component,g,HTML Tag Movement (any point of the HTML tree),NA,no-such-role,-
board-hint-banner,x-test-hint-banner,board_component_html,epsilon-component,h,HTML Tag Movement (between two templates),NA,no-such-role,-
board-hint-banner,x-test-hint-banner,board_component_html,epsilon-component,i,HTML Tag Removal,NA,no-such-role,-
board-hint-banner,x-test-hint-banner,board_component_html,epsilon-component,j,HTML Tag Type Modification,NA,no-such-role,-
board-hint-banner,x-test-hint-banner,board_component_html,epsilon-component,k,HTML Tag Insertion,NA,no-such-role,-
board-search,x-test-search,board_component_html,alpha-target,d,Text Content Modification,NA,no-text-content,-
board-search,x-test-search,board_component_html,alpha-target,e,Text Content Removal,NA,no-text-content,-
board-search,x-test-search,board_component_html,alpha-target,h,HTML Tag Movement (between two templates),NA,between-templates-na-perfile,-
board-search,x-test-search,board_component_html,alpha-target,i,HTML Tag Removal,NA,would-drop-x-test,-
board-search,x-test-search,board_component_html,alpha-target,a,Attribute Value Modification,APPLICABLE,,-
board-search,x-test-search,board_component_html,alpha-target,b,Attribute Removal,APPLICABLE,,-
board-search,x-test-search,board_component_html,alpha-target,c,Attribute Identifier Modification,APPLICABLE,,-
board-search,x-test-search,board_component_html,alpha-target,f,HTML Tag Movement (within a container),APPLICABLE,,-
board-search,x-test-search,board_component_html,alpha-target,g,HTML Tag Movement (any point of the HTML tree),APPLICABLE,,-
board-search,x-test-search,board_component_html,alpha-target,j,HTML Tag Type Modification,APPLICABLE,,-
board-search,x-test-search,board_component_html,alpha-target,k,HTML Tag Insertion,APPLICABLE,,-
board-search,x-test-search,board_component_html,beta-parent,d,Text Content Modification,NA,no-text-content,-
board-search,x-test-search,board_component_html,beta-parent,e,Text Content Removal,NA,no-text-content,-
board-search,x-test-search,board_component_html,beta-parent,h,HTML Tag Movement (between two templates),NA,between-templates-na-perfile,-
board-search,x-test-search,board_component_html,beta-parent,i,HTML Tag Removal,NA,would-drop-x-test,-
board-search,x-test-search,board_component_html,beta-parent,a,Attribute Value Modification,APPLICABLE,,-
board-search,x-test-search,board_component_html,beta-parent,b,Attribute Removal,APPLICABLE,,-
board-search,x-test-search,board_component_html,beta-parent,c,Attribute Identifier Modification,APPLICABLE,,-
board-search,x-test-search,board_component_html,beta-parent,f,HTML Tag Movement (within a container),APPLICABLE,,-
board-search,x-test-search,board_component_html,beta-parent,g,HTML Tag Movement (any point of the HTML tree),APPLICABLE,,-
board-search,x-test-search,board_component_html,beta-parent,j,HTML Tag Type Modification,APPLICABLE,,-
board-search,x-test-search,board_component_html,beta-parent,k,HTML Tag Insertion,APPLICABLE,,-
board-search,x-test-search,board_component_html,gamma-ancestor,d,Text Content Modification,NA,no-text-content,-
board-search,x-test-search,board_component_html,gamma-ancestor,e,Text Content Removal,NA,no-text-content,-
board-search,x-test-search,board_component_html,gamma-ancestor,h,HTML Tag Movement (between two templates),NA,between-templates-na-perfile,-
board-search,x-test-search,board_component_html,gamma-ancestor,i,HTML Tag Removal,NA,would-drop-x-test,-
board-search,x-test-search,board_component_html,gamma-ancestor,a,Attribute Value Modification,APPLICABLE,,-
board-search,x-test-search,board_component_html,gamma-ancestor,b,Attribute Removal,APPLICABLE,,-
board-search,x-test-search,board_component_html,gamma-ancestor,c,Attribute Identifier Modification,APPLICABLE,,-
board-search,x-test-search,board_component_html,gamma-ancestor,f,HTML Tag Movement (within a container),APPLICABLE,,-
board-search,x-test-search,board_component_html,gamma-ancestor,g,HTML Tag Movement (any point of the HTML tree),APPLICABLE,,-
board-search,x-test-search,board_component_html,gamma-ancestor,j,HTML Tag Type Modification,APPLICABLE,,-
board-search,x-test-search,board_component_html,gamma-ancestor,k,HTML Tag Insertion,APPLICABLE,,-
board-search,x-test-search,board_component_html,delta-sibling,h,HTML Tag Movement (between two templates),NA,between-templates-na-perfile,-
board-search,x-test-search,board_component_html,delta-sibling,i,HTML Tag Removal,NA,would-drop-x-test,-
board-search,x-test-search,board_component_html,delta-sibling,a,Attribute Value Modification,APPLICABLE,,-
board-search,x-test-search,board_component_html,delta-sibling,b,Attribute Removal,APPLICABLE,,-
board-search,x-test-search,board_component_html,delta-sibling,c,Attribute Identifier Modification,APPLICABLE,,-
board-search,x-test-search,board_component_html,delta-sibling,d,Text Content Modification,APPLICABLE,,-
board-search,x-test-search,board_component_html,delta-sibling,e,Text Content Removal,APPLICABLE,,-
board-search,x-test-search,board_component_html,delta-sibling,f,HTML Tag Movement (within a container),APPLICABLE,,-
board-search,x-test-search,board_component_html,delta-sibling,g,HTML Tag Movement (any point of the HTML tree),APPLICABLE,,-
board-search,x-test-search,board_component_html,delta-sibling,j,HTML Tag Type Modification,APPLICABLE,,-
board-search,x-test-search,board_component_html,delta-sibling,k,HTML Tag Insertion,APPLICABLE,,-
board-search,x-test-search,board_component_html,epsilon-component,a,Attribute Value Modification,NA,no-such-role,-
board-search,x-test-search,board_component_html,epsilon-component,b,Attribute Removal,NA,no-such-role,-
board-search,x-test-search,board_component_html,epsilon-component,c,Attribute Identifier Modification,NA,no-such-role,-
board-search,x-test-search,board_component_html,epsilon-component,d,Text Content Modification,NA,no-such-role,-
board-search,x-test-search,board_component_html,epsilon-component,e,Text Content Removal,NA,no-such-role,-
board-search,x-test-search,board_component_html,epsilon-component,f,HTML Tag Movement (within a container),NA,no-such-role,-
board-search,x-test-search,board_component_html,epsilon-component,g,HTML Tag Movement (any point of the HTML tree),NA,no-such-role,-
board-search,x-test-search,board_component_html,epsilon-component,h,HTML Tag Movement (between two templates),NA,no-such-role,-
board-search,x-test-search,board_component_html,epsilon-component,i,HTML Tag Removal,NA,no-such-role,-
board-search,x-test-search,board_component_html,epsilon-component,j,HTML Tag Type Modification,NA,no-such-role,-
board-search,x-test-search,board_component_html,epsilon-component,k,HTML Tag Insertion,NA,no-such-role,-
board-search-label,x-test-search-label,board_component_html,alpha-target,h,HTML Tag Movement (between two templates),NA,between-templates-na-perfile,-
board-search-label,x-test-search-label,board_component_html,alpha-target,i,HTML Tag Removal,NA,would-drop-x-test,-
board-search-label,x-test-search-label,board_component_html,alpha-target,a,Attribute Value Modification,APPLICABLE,,-
board-search-label,x-test-search-label,board_component_html,alpha-target,b,Attribute Removal,APPLICABLE,,-
board-search-label,x-test-search-label,board_component_html,alpha-target,c,Attribute Identifier Modification,APPLICABLE,,-
board-search-label,x-test-search-label,board_component_html,alpha-target,d,Text Content Modification,APPLICABLE,,-
board-search-label,x-test-search-label,board_component_html,alpha-target,e,Text Content Removal,APPLICABLE,,-
board-search-label,x-test-search-label,board_component_html,alpha-target,f,HTML Tag Movement (within a container),APPLICABLE,,-
board-search-label,x-test-search-label,board_component_html,alpha-target,g,HTML Tag Movement (any point of the HTML tree),APPLICABLE,,-
board-search-label,x-test-search-label,board_component_html,alpha-target,j,HTML Tag Type Modification,APPLICABLE,,-
board-search-label,x-test-search-label,board_component_html,alpha-target,k,HTML Tag Insertion,APPLICABLE,,-
board-search-label,x-test-search-label,board_component_html,beta-parent,d,Text Content Modification,NA,no-text-content,-
board-search-label,x-test-search-label,board_component_html,beta-parent,e,Text Content Removal,NA,no-text-content,-
board-search-label,x-test-search-label,board_component_html,beta-parent,h,HTML Tag Movement (between two templates),NA,between-templates-na-perfile,-
board-search-label,x-test-search-label,board_component_html,beta-parent,i,HTML Tag Removal,NA,would-drop-x-test,-
board-search-label,x-test-search-label,board_component_html,beta-parent,a,Attribute Value Modification,APPLICABLE,,-
board-search-label,x-test-search-label,board_component_html,beta-parent,b,Attribute Removal,APPLICABLE,,-
board-search-label,x-test-search-label,board_component_html,beta-parent,c,Attribute Identifier Modification,APPLICABLE,,-
board-search-label,x-test-search-label,board_component_html,beta-parent,f,HTML Tag Movement (within a container),APPLICABLE,,-
board-search-label,x-test-search-label,board_component_html,beta-parent,g,HTML Tag Movement (any point of the HTML tree),APPLICABLE,,-
board-search-label,x-test-search-label,board_component_html,beta-parent,j,HTML Tag Type Modification,APPLICABLE,,-
board-search-label,x-test-search-label,board_component_html,beta-parent,k,HTML Tag Insertion,APPLICABLE,,-
board-search-label,x-test-search-label,board_component_html,gamma-ancestor,d,Text Content Modification,NA,no-text-content,-
board-search-label,x-test-search-label,board_component_html,gamma-ancestor,e,Text Content Removal,NA,no-text-content,-
board-search-label,x-test-search-label,board_component_html,gamma-ancestor,h,HTML Tag Movement (between two templates),NA,between-templates-na-perfile,-
board-search-label,x-test-search-label,board_component_html,gamma-ancestor,i,HTML Tag Removal,NA,would-drop-x-test,-
board-search-label,x-test-search-label,board_component_html,gamma-ancestor,a,Attribute Value Modification,APPLICABLE,,-
board-search-label,x-test-search-label,board_component_html,gamma-ancestor,b,Attribute Removal,APPLICABLE,,-
board-search-label,x-test-search-label,board_component_html,gamma-ancestor,c,Attribute Identifier Modification,APPLICABLE,,-
board-search-label,x-test-search-label,board_component_html,gamma-ancestor,f,HTML Tag Movement (within a container),APPLICABLE,,-
board-search-label,x-test-search-label,board_component_html,gamma-ancestor,g,HTML Tag Movement (any point of the HTML tree),APPLICABLE,,-
board-search-label,x-test-search-label,board_component_html,gamma-ancestor,j,HTML Tag Type Modification,APPLICABLE,,-
board-search-label,x-test-search-label,board_component_html,gamma-ancestor,k,HTML Tag Insertion,APPLICABLE,,-
board-search-label,x-test-search-label,board_component_html,delta-sibling,d,Text Content Modification,NA,no-text-content,-
board-search-label,x-test-search-label,board_component_html,delta-sibling,e,Text Content Removal,NA,no-text-content,-
board-search-label,x-test-search-label,board_component_html,delta-sibling,h,HTML Tag Movement (between two templates),NA,between-templates-na-perfile,-
board-search-label,x-test-search-label,board_component_html,delta-sibling,i,HTML Tag Removal,NA,would-drop-x-test,-
board-search-label,x-test-search-label,board_component_html,delta-sibling,a,Attribute Value Modification,APPLICABLE,,-
board-search-label,x-test-search-label,board_component_html,delta-sibling,b,Attribute Removal,APPLICABLE,,-
board-search-label,x-test-search-label,board_component_html,delta-sibling,c,Attribute Identifier Modification,APPLICABLE,,-
board-search-label,x-test-search-label,board_component_html,delta-sibling,f,HTML Tag Movement (within a container),APPLICABLE,,-
board-search-label,x-test-search-label,board_component_html,delta-sibling,g,HTML Tag Movement (any point of the HTML tree),APPLICABLE,,-
board-search-label,x-test-search-label,board_component_html,delta-sibling,j,HTML Tag Type Modification,APPLICABLE,,-
board-search-label,x-test-search-label,board_component_html,delta-sibling,k,HTML Tag Insertion,APPLICABLE,,-
board-search-label,x-test-search-label,board_component_html,epsilon-component,a,Attribute Value Modification,NA,no-such-role,-
board-search-label,x-test-search-label,board_component_html,epsilon-component,b,Attribute Removal,NA,no-such-role,-
board-search-label,x-test-search-label,board_component_html,epsilon-component,c,Attribute Identifier Modification,NA,no-such-role,-
board-search-label,x-test-search-label,board_component_html,epsilon-component,d,Text Content Modification,NA,no-such-role,-
board-search-label,x-test-search-label,board_component_html,epsilon-component,e,Text Content Removal,NA,no-such-role,-
board-search-label,x-test-search-label,board_component_html,epsilon-component,f,HTML Tag Movement (within a container),NA,no-such-role,-
board-search-label,x-test-search-label,board_component_html,epsilon-component,g,HTML Tag Movement (any point of the HTML tree),NA,no-such-role,-
board-search-label,x-test-search-label,board_component_html,epsilon-component,h,HTML Tag Movement (between two templates),NA,no-such-role,-
board-search-label,x-test-search-label,board_component_html,epsilon-component,i,HTML Tag Removal,NA,no-such-role,-
board-search-label,x-test-search-label,board_component_html,epsilon-component,j,HTML Tag Type Modification,NA,no-such-role,-
board-search-label,x-test-search-label,board_component_html,epsilon-component,k,HTML Tag Insertion,NA,no-such-role,-
board-filter-priority,x-test-filter-priority,board_component_html,alpha-target,d,Text Content Modification,NA,no-text-content,-
board-filter-priority,x-test-filter-priority,board_component_html,alpha-target,e,Text Content Removal,NA,no-text-content,-
board-filter-priority,x-test-filter-priority,board_component_html,alpha-target,h,HTML Tag Movement (between two templates),NA,between-templates-na-perfile,-
board-filter-priority,x-test-filter-priority,board_component_html,alpha-target,i,HTML Tag Removal,NA,would-drop-x-test,-
board-filter-priority,x-test-filter-priority,board_component_html,alpha-target,a,Attribute Value Modification,APPLICABLE,,-
board-filter-priority,x-test-filter-priority,board_component_html,alpha-target,b,Attribute Removal,APPLICABLE,,-
board-filter-priority,x-test-filter-priority,board_component_html,alpha-target,c,Attribute Identifier Modification,APPLICABLE,,-
board-filter-priority,x-test-filter-priority,board_component_html,alpha-target,f,HTML Tag Movement (within a container),APPLICABLE,,-
board-filter-priority,x-test-filter-priority,board_component_html,alpha-target,g,HTML Tag Movement (any point of the HTML tree),APPLICABLE,,-
board-filter-priority,x-test-filter-priority,board_component_html,alpha-target,j,HTML Tag Type Modification,APPLICABLE,,-
board-filter-priority,x-test-filter-priority,board_component_html,alpha-target,k,HTML Tag Insertion,APPLICABLE,,-
board-filter-priority,x-test-filter-priority,board_component_html,beta-parent,d,Text Content Modification,NA,no-text-content,-
board-filter-priority,x-test-filter-priority,board_component_html,beta-parent,e,Text Content Removal,NA,no-text-content,-
board-filter-priority,x-test-filter-priority,board_component_html,beta-parent,h,HTML Tag Movement (between two templates),NA,between-templates-na-perfile,-
board-filter-priority,x-test-filter-priority,board_component_html,beta-parent,i,HTML Tag Removal,NA,would-drop-x-test,-
board-filter-priority,x-test-filter-priority,board_component_html,beta-parent,a,Attribute Value Modification,APPLICABLE,,-
board-filter-priority,x-test-filter-priority,board_component_html,beta-parent,b,Attribute Removal,APPLICABLE,,-
board-filter-priority,x-test-filter-priority,board_component_html,beta-parent,c,Attribute Identifier Modification,APPLICABLE,,-
board-filter-priority,x-test-filter-priority,board_component_html,beta-parent,f,HTML Tag Movement (within a container),APPLICABLE,,-
board-filter-priority,x-test-filter-priority,board_component_html,beta-parent,g,HTML Tag Movement (any point of the HTML tree),APPLICABLE,,-
board-filter-priority,x-test-filter-priority,board_component_html,beta-parent,j,HTML Tag Type Modification,APPLICABLE,,-
board-filter-priority,x-test-filter-priority,board_component_html,beta-parent,k,HTML Tag Insertion,APPLICABLE,,-
board-filter-priority,x-test-filter-priority,board_component_html,gamma-ancestor,d,Text Content Modification,NA,no-text-content,-
board-filter-priority,x-test-filter-priority,board_component_html,gamma-ancestor,e,Text Content Removal,NA,no-text-content,-
board-filter-priority,x-test-filter-priority,board_component_html,gamma-ancestor,h,HTML Tag Movement (between two templates),NA,between-templates-na-perfile,-
board-filter-priority,x-test-filter-priority,board_component_html,gamma-ancestor,i,HTML Tag Removal,NA,would-drop-x-test,-
board-filter-priority,x-test-filter-priority,board_component_html,gamma-ancestor,a,Attribute Value Modification,APPLICABLE,,-
board-filter-priority,x-test-filter-priority,board_component_html,gamma-ancestor,b,Attribute Removal,APPLICABLE,,-
board-filter-priority,x-test-filter-priority,board_component_html,gamma-ancestor,c,Attribute Identifier Modification,APPLICABLE,,-
board-filter-priority,x-test-filter-priority,board_component_html,gamma-ancestor,f,HTML Tag Movement (within a container),APPLICABLE,,-
board-filter-priority,x-test-filter-priority,board_component_html,gamma-ancestor,g,HTML Tag Movement (any point of the HTML tree),APPLICABLE,,-
board-filter-priority,x-test-filter-priority,board_component_html,gamma-ancestor,j,HTML Tag Type Modification,APPLICABLE,,-
board-filter-priority,x-test-filter-priority,board_component_html,gamma-ancestor,k,HTML Tag Insertion,APPLICABLE,,-
board-filter-priority,x-test-filter-priority,board_component_html,delta-sibling,h,HTML Tag Movement (between two templates),NA,between-templates-na-perfile,-
board-filter-priority,x-test-filter-priority,board_component_html,delta-sibling,i,HTML Tag Removal,NA,would-drop-x-test,-
board-filter-priority,x-test-filter-priority,board_component_html,delta-sibling,a,Attribute Value Modification,APPLICABLE,,-
board-filter-priority,x-test-filter-priority,board_component_html,delta-sibling,b,Attribute Removal,APPLICABLE,,-
board-filter-priority,x-test-filter-priority,board_component_html,delta-sibling,c,Attribute Identifier Modification,APPLICABLE,,-
board-filter-priority,x-test-filter-priority,board_component_html,delta-sibling,d,Text Content Modification,APPLICABLE,,-
board-filter-priority,x-test-filter-priority,board_component_html,delta-sibling,e,Text Content Removal,APPLICABLE,,-
board-filter-priority,x-test-filter-priority,board_component_html,delta-sibling,f,HTML Tag Movement (within a container),APPLICABLE,,-
board-filter-priority,x-test-filter-priority,board_component_html,delta-sibling,g,HTML Tag Movement (any point of the HTML tree),APPLICABLE,,-
board-filter-priority,x-test-filter-priority,board_component_html,delta-sibling,j,HTML Tag Type Modification,APPLICABLE,,-
board-filter-priority,x-test-filter-priority,board_component_html,delta-sibling,k,HTML Tag Insertion,APPLICABLE,,-
board-filter-priority,x-test-filter-priority,board_component_html,epsilon-component,a,Attribute Value Modification,NA,no-such-role,-
board-filter-priority,x-test-filter-priority,board_component_html,epsilon-component,b,Attribute Removal,NA,no-such-role,-
board-filter-priority,x-test-filter-priority,board_component_html,epsilon-component,c,Attribute Identifier Modification,NA,no-such-role,-
board-filter-priority,x-test-filter-priority,board_component_html,epsilon-component,d,Text Content Modification,NA,no-such-role,-
board-filter-priority,x-test-filter-priority,board_component_html,epsilon-component,e,Text Content Removal,NA,no-such-role,-
board-filter-priority,x-test-filter-priority,board_component_html,epsilon-component,f,HTML Tag Movement (within a container),NA,no-such-role,-
board-filter-priority,x-test-filter-priority,board_component_html,epsilon-component,g,HTML Tag Movement (any point of the HTML tree),NA,no-such-role,-
board-filter-priority,x-test-filter-priority,board_component_html,epsilon-component,h,HTML Tag Movement (between two templates),NA,no-such-role,-
board-filter-priority,x-test-filter-priority,board_component_html,epsilon-component,i,HTML Tag Removal,NA,no-such-role,-
board-filter-priority,x-test-filter-priority,board_component_html,epsilon-component,j,HTML Tag Type Modification,NA,no-such-role,-
board-filter-priority,x-test-filter-priority,board_component_html,epsilon-component,k,HTML Tag Insertion,NA,no-such-role,-
board-priority-label,x-test-priority-label,board_component_html,alpha-target,h,HTML Tag Movement (between two templates),NA,between-templates-na-perfile,-
board-priority-label,x-test-priority-label,board_component_html,alpha-target,i,HTML Tag Removal,NA,would-drop-x-test,-
board-priority-label,x-test-priority-label,board_component_html,alpha-target,a,Attribute Value Modification,APPLICABLE,,-
board-priority-label,x-test-priority-label,board_component_html,alpha-target,b,Attribute Removal,APPLICABLE,,-
board-priority-label,x-test-priority-label,board_component_html,alpha-target,c,Attribute Identifier Modification,APPLICABLE,,-
board-priority-label,x-test-priority-label,board_component_html,alpha-target,d,Text Content Modification,APPLICABLE,,-
board-priority-label,x-test-priority-label,board_component_html,alpha-target,e,Text Content Removal,APPLICABLE,,-
board-priority-label,x-test-priority-label,board_component_html,alpha-target,f,HTML Tag Movement (within a container),APPLICABLE,,-
board-priority-label,x-test-priority-label,board_component_html,alpha-target,g,HTML Tag Movement (any point of the HTML tree),APPLICABLE,,-
board-priority-label,x-test-priority-label,board_component_html,alpha-target,j,HTML Tag Type Modification,APPLICABLE,,-
board-priority-label,x-test-priority-label,board_component_html,alpha-target,k,HTML Tag Insertion,APPLICABLE,,-
board-priority-label,x-test-priority-label,board_component_html,beta-parent,d,Text Content Modification,NA,no-text-content,-
board-priority-label,x-test-priority-label,board_component_html,beta-parent,e,Text Content Removal,NA,no-text-content,-
board-priority-label,x-test-priority-label,board_component_html,beta-parent,h,HTML Tag Movement (between two templates),NA,between-templates-na-perfile,-
board-priority-label,x-test-priority-label,board_component_html,beta-parent,i,HTML Tag Removal,NA,would-drop-x-test,-
board-priority-label,x-test-priority-label,board_component_html,beta-parent,a,Attribute Value Modification,APPLICABLE,,-
board-priority-label,x-test-priority-label,board_component_html,beta-parent,b,Attribute Removal,APPLICABLE,,-
board-priority-label,x-test-priority-label,board_component_html,beta-parent,c,Attribute Identifier Modification,APPLICABLE,,-
board-priority-label,x-test-priority-label,board_component_html,beta-parent,f,HTML Tag Movement (within a container),APPLICABLE,,-
board-priority-label,x-test-priority-label,board_component_html,beta-parent,g,HTML Tag Movement (any point of the HTML tree),APPLICABLE,,-
board-priority-label,x-test-priority-label,board_component_html,beta-parent,j,HTML Tag Type Modification,APPLICABLE,,-
board-priority-label,x-test-priority-label,board_component_html,beta-parent,k,HTML Tag Insertion,APPLICABLE,,-
board-priority-label,x-test-priority-label,board_component_html,gamma-ancestor,d,Text Content Modification,NA,no-text-content,-
board-priority-label,x-test-priority-label,board_component_html,gamma-ancestor,e,Text Content Removal,NA,no-text-content,-
board-priority-label,x-test-priority-label,board_component_html,gamma-ancestor,h,HTML Tag Movement (between two templates),NA,between-templates-na-perfile,-
board-priority-label,x-test-priority-label,board_component_html,gamma-ancestor,i,HTML Tag Removal,NA,would-drop-x-test,-
board-priority-label,x-test-priority-label,board_component_html,gamma-ancestor,a,Attribute Value Modification,APPLICABLE,,-
board-priority-label,x-test-priority-label,board_component_html,gamma-ancestor,b,Attribute Removal,APPLICABLE,,-
board-priority-label,x-test-priority-label,board_component_html,gamma-ancestor,c,Attribute Identifier Modification,APPLICABLE,,-
board-priority-label,x-test-priority-label,board_component_html,gamma-ancestor,f,HTML Tag Movement (within a container),APPLICABLE,,-
board-priority-label,x-test-priority-label,board_component_html,gamma-ancestor,g,HTML Tag Movement (any point of the HTML tree),APPLICABLE,,-
board-priority-label,x-test-priority-label,board_component_html,gamma-ancestor,j,HTML Tag Type Modification,APPLICABLE,,-
board-priority-label,x-test-priority-label,board_component_html,gamma-ancestor,k,HTML Tag Insertion,APPLICABLE,,-
board-priority-label,x-test-priority-label,board_component_html,delta-sibling,d,Text Content Modification,NA,no-text-content,-
board-priority-label,x-test-priority-label,board_component_html,delta-sibling,e,Text Content Removal,NA,no-text-content,-
board-priority-label,x-test-priority-label,board_component_html,delta-sibling,h,HTML Tag Movement (between two templates),NA,between-templates-na-perfile,-
board-priority-label,x-test-priority-label,board_component_html,delta-sibling,i,HTML Tag Removal,NA,would-drop-x-test,-
board-priority-label,x-test-priority-label,board_component_html,delta-sibling,a,Attribute Value Modification,APPLICABLE,,-
board-priority-label,x-test-priority-label,board_component_html,delta-sibling,b,Attribute Removal,APPLICABLE,,-
board-priority-label,x-test-priority-label,board_component_html,delta-sibling,c,Attribute Identifier Modification,APPLICABLE,,-
board-priority-label,x-test-priority-label,board_component_html,delta-sibling,f,HTML Tag Movement (within a container),APPLICABLE,,-
board-priority-label,x-test-priority-label,board_component_html,delta-sibling,g,HTML Tag Movement (any point of the HTML tree),APPLICABLE,,-
board-priority-label,x-test-priority-label,board_component_html,delta-sibling,j,HTML Tag Type Modification,APPLICABLE,,-
board-priority-label,x-test-priority-label,board_component_html,delta-sibling,k,HTML Tag Insertion,APPLICABLE,,-
board-priority-label,x-test-priority-label,board_component_html,epsilon-component,a,Attribute Value Modification,NA,no-such-role,-
board-priority-label,x-test-priority-label,board_component_html,epsilon-component,b,Attribute Removal,NA,no-such-role,-
board-priority-label,x-test-priority-label,board_component_html,epsilon-component,c,Attribute Identifier Modification,NA,no-such-role,-
board-priority-label,x-test-priority-label,board_component_html,epsilon-component,d,Text Content Modification,NA,no-such-role,-
board-priority-label,x-test-priority-label,board_component_html,epsilon-component,e,Text Content Removal,NA,no-such-role,-
board-priority-label,x-test-priority-label,board_component_html,epsilon-component,f,HTML Tag Movement (within a container),NA,no-such-role,-
board-priority-label,x-test-priority-label,board_component_html,epsilon-component,g,HTML Tag Movement (any point of the HTML tree),NA,no-such-role,-
board-priority-label,x-test-priority-label,board_component_html,epsilon-component,h,HTML Tag Movement (between two templates),NA,no-such-role,-
board-priority-label,x-test-priority-label,board_component_html,epsilon-component,i,HTML Tag Removal,NA,no-such-role,-
board-priority-label,x-test-priority-label,board_component_html,epsilon-component,j,HTML Tag Type Modification,NA,no-such-role,-
board-priority-label,x-test-priority-label,board_component_html,epsilon-component,k,HTML Tag Insertion,NA,no-such-role,-
board-filter-assignee,x-test-filter-assignee,board_component_html,alpha-target,h,HTML Tag Movement (between two templates),NA,between-templates-na-perfile,-
board-filter-assignee,x-test-filter-assignee,board_component_html,alpha-target,i,HTML Tag Removal,NA,would-drop-x-test,-
board-filter-assignee,x-test-filter-assignee,board_component_html,alpha-target,a,Attribute Value Modification,APPLICABLE,,-
board-filter-assignee,x-test-filter-assignee,board_component_html,alpha-target,b,Attribute Removal,APPLICABLE,,-
board-filter-assignee,x-test-filter-assignee,board_component_html,alpha-target,c,Attribute Identifier Modification,APPLICABLE,,-
board-filter-assignee,x-test-filter-assignee,board_component_html,alpha-target,d,Text Content Modification,APPLICABLE,,-
board-filter-assignee,x-test-filter-assignee,board_component_html,alpha-target,e,Text Content Removal,APPLICABLE,,-
board-filter-assignee,x-test-filter-assignee,board_component_html,alpha-target,f,HTML Tag Movement (within a container),APPLICABLE,,-
board-filter-assignee,x-test-filter-assignee,board_component_html,alpha-target,g,HTML Tag Movement (any point of the HTML tree),APPLICABLE,,-
board-filter-assignee,x-test-filter-assignee,board_component_html,alpha-target,j,HTML Tag Type Modification,APPLICABLE,,-
board-filter-assignee,x-test-filter-assignee,board_component_html,alpha-target,k,HTML Tag Insertion,APPLICABLE,,-
board-filter-assignee,x-test-filter-assignee,board_component_html,beta-parent,d,Text Content Modification,NA,no-text-content,-
board-filter-assignee,x-test-filter-assignee,board_component_html,beta-parent,e,Text Content Removal,NA,no-text-content,-
board-filter-assignee,x-test-filter-assignee,board_component_html,beta-parent,h,HTML Tag Movement (between two templates),NA,between-templates-na-perfile,-
board-filter-assignee,x-test-filter-assignee,board_component_html,beta-parent,i,HTML Tag Removal,NA,would-drop-x-test,-
board-filter-assignee,x-test-filter-assignee,board_component_html,beta-parent,a,Attribute Value Modification,APPLICABLE,,-
board-filter-assignee,x-test-filter-assignee,board_component_html,beta-parent,b,Attribute Removal,APPLICABLE,,-
board-filter-assignee,x-test-filter-assignee,board_component_html,beta-parent,c,Attribute Identifier Modification,APPLICABLE,,-
board-filter-assignee,x-test-filter-assignee,board_component_html,beta-parent,f,HTML Tag Movement (within a container),APPLICABLE,,-
board-filter-assignee,x-test-filter-assignee,board_component_html,beta-parent,g,HTML Tag Movement (any point of the HTML tree),APPLICABLE,,-
board-filter-assignee,x-test-filter-assignee,board_component_html,beta-parent,j,HTML Tag Type Modification,APPLICABLE,,-
board-filter-assignee,x-test-filter-assignee,board_component_html,beta-parent,k,HTML Tag Insertion,APPLICABLE,,-
board-filter-assignee,x-test-filter-assignee,board_component_html,gamma-ancestor,d,Text Content Modification,NA,no-text-content,-
board-filter-assignee,x-test-filter-assignee,board_component_html,gamma-ancestor,e,Text Content Removal,NA,no-text-content,-
board-filter-assignee,x-test-filter-assignee,board_component_html,gamma-ancestor,h,HTML Tag Movement (between two templates),NA,between-templates-na-perfile,-
board-filter-assignee,x-test-filter-assignee,board_component_html,gamma-ancestor,i,HTML Tag Removal,NA,would-drop-x-test,-
board-filter-assignee,x-test-filter-assignee,board_component_html,gamma-ancestor,a,Attribute Value Modification,APPLICABLE,,-
board-filter-assignee,x-test-filter-assignee,board_component_html,gamma-ancestor,b,Attribute Removal,APPLICABLE,,-
board-filter-assignee,x-test-filter-assignee,board_component_html,gamma-ancestor,c,Attribute Identifier Modification,APPLICABLE,,-
board-filter-assignee,x-test-filter-assignee,board_component_html,gamma-ancestor,f,HTML Tag Movement (within a container),APPLICABLE,,-
board-filter-assignee,x-test-filter-assignee,board_component_html,gamma-ancestor,g,HTML Tag Movement (any point of the HTML tree),APPLICABLE,,-
board-filter-assignee,x-test-filter-assignee,board_component_html,gamma-ancestor,j,HTML Tag Type Modification,APPLICABLE,,-
board-filter-assignee,x-test-filter-assignee,board_component_html,gamma-ancestor,k,HTML Tag Insertion,APPLICABLE,,-
board-filter-assignee,x-test-filter-assignee,board_component_html,delta-sibling,h,HTML Tag Movement (between two templates),NA,between-templates-na-perfile,-
board-filter-assignee,x-test-filter-assignee,board_component_html,delta-sibling,i,HTML Tag Removal,NA,would-drop-x-test,-
board-filter-assignee,x-test-filter-assignee,board_component_html,delta-sibling,a,Attribute Value Modification,APPLICABLE,,-
board-filter-assignee,x-test-filter-assignee,board_component_html,delta-sibling,b,Attribute Removal,APPLICABLE,,-
board-filter-assignee,x-test-filter-assignee,board_component_html,delta-sibling,c,Attribute Identifier Modification,APPLICABLE,,-
board-filter-assignee,x-test-filter-assignee,board_component_html,delta-sibling,d,Text Content Modification,APPLICABLE,,-
board-filter-assignee,x-test-filter-assignee,board_component_html,delta-sibling,e,Text Content Removal,APPLICABLE,,-
board-filter-assignee,x-test-filter-assignee,board_component_html,delta-sibling,f,HTML Tag Movement (within a container),APPLICABLE,,-
board-filter-assignee,x-test-filter-assignee,board_component_html,delta-sibling,g,HTML Tag Movement (any point of the HTML tree),APPLICABLE,,-
board-filter-assignee,x-test-filter-assignee,board_component_html,delta-sibling,j,HTML Tag Type Modification,APPLICABLE,,-
board-filter-assignee,x-test-filter-assignee,board_component_html,delta-sibling,k,HTML Tag Insertion,APPLICABLE,,-
board-filter-assignee,x-test-filter-assignee,board_component_html,epsilon-component,a,Attribute Value Modification,NA,no-such-role,-
board-filter-assignee,x-test-filter-assignee,board_component_html,epsilon-component,b,Attribute Removal,NA,no-such-role,-
board-filter-assignee,x-test-filter-assignee,board_component_html,epsilon-component,c,Attribute Identifier Modification,NA,no-such-role,-
board-filter-assignee,x-test-filter-assignee,board_component_html,epsilon-component,d,Text Content Modification,NA,no-such-role,-
board-filter-assignee,x-test-filter-assignee,board_component_html,epsilon-component,e,Text Content Removal,NA,no-such-role,-
board-filter-assignee,x-test-filter-assignee,board_component_html,epsilon-component,f,HTML Tag Movement (within a container),NA,no-such-role,-
board-filter-assignee,x-test-filter-assignee,board_component_html,epsilon-component,g,HTML Tag Movement (any point of the HTML tree),NA,no-such-role,-
board-filter-assignee,x-test-filter-assignee,board_component_html,epsilon-component,h,HTML Tag Movement (between two templates),NA,no-such-role,-
board-filter-assignee,x-test-filter-assignee,board_component_html,epsilon-component,i,HTML Tag Removal,NA,no-such-role,-
board-filter-assignee,x-test-filter-assignee,board_component_html,epsilon-component,j,HTML Tag Type Modification,NA,no-such-role,-
board-filter-assignee,x-test-filter-assignee,board_component_html,epsilon-component,k,HTML Tag Insertion,NA,no-such-role,-
board-assignee-label,x-test-assignee-label,board_component_html,alpha-target,h,HTML Tag Movement (between two templates),NA,between-templates-na-perfile,-
board-assignee-label,x-test-assignee-label,board_component_html,alpha-target,i,HTML Tag Removal,NA,would-drop-x-test,-
board-assignee-label,x-test-assignee-label,board_component_html,alpha-target,a,Attribute Value Modification,APPLICABLE,,-
board-assignee-label,x-test-assignee-label,board_component_html,alpha-target,b,Attribute Removal,APPLICABLE,,-
board-assignee-label,x-test-assignee-label,board_component_html,alpha-target,c,Attribute Identifier Modification,APPLICABLE,,-
board-assignee-label,x-test-assignee-label,board_component_html,alpha-target,d,Text Content Modification,APPLICABLE,,-
board-assignee-label,x-test-assignee-label,board_component_html,alpha-target,e,Text Content Removal,APPLICABLE,,-
board-assignee-label,x-test-assignee-label,board_component_html,alpha-target,f,HTML Tag Movement (within a container),APPLICABLE,,-
board-assignee-label,x-test-assignee-label,board_component_html,alpha-target,g,HTML Tag Movement (any point of the HTML tree),APPLICABLE,,-
board-assignee-label,x-test-assignee-label,board_component_html,alpha-target,j,HTML Tag Type Modification,APPLICABLE,,-
board-assignee-label,x-test-assignee-label,board_component_html,alpha-target,k,HTML Tag Insertion,APPLICABLE,,-
board-assignee-label,x-test-assignee-label,board_component_html,beta-parent,d,Text Content Modification,NA,no-text-content,-
board-assignee-label,x-test-assignee-label,board_component_html,beta-parent,e,Text Content Removal,NA,no-text-content,-
board-assignee-label,x-test-assignee-label,board_component_html,beta-parent,h,HTML Tag Movement (between two templates),NA,between-templates-na-perfile,-
board-assignee-label,x-test-assignee-label,board_component_html,beta-parent,i,HTML Tag Removal,NA,would-drop-x-test,-
board-assignee-label,x-test-assignee-label,board_component_html,beta-parent,a,Attribute Value Modification,APPLICABLE,,-
board-assignee-label,x-test-assignee-label,board_component_html,beta-parent,b,Attribute Removal,APPLICABLE,,-
board-assignee-label,x-test-assignee-label,board_component_html,beta-parent,c,Attribute Identifier Modification,APPLICABLE,,-
board-assignee-label,x-test-assignee-label,board_component_html,beta-parent,f,HTML Tag Movement (within a container),APPLICABLE,,-
board-assignee-label,x-test-assignee-label,board_component_html,beta-parent,g,HTML Tag Movement (any point of the HTML tree),APPLICABLE,,-
board-assignee-label,x-test-assignee-label,board_component_html,beta-parent,j,HTML Tag Type Modification,APPLICABLE,,-
board-assignee-label,x-test-assignee-label,board_component_html,beta-parent,k,HTML Tag Insertion,APPLICABLE,,-
board-assignee-label,x-test-assignee-label,board_component_html,gamma-ancestor,d,Text Content Modification,NA,no-text-content,-
board-assignee-label,x-test-assignee-label,board_component_html,gamma-ancestor,e,Text Content Removal,NA,no-text-content,-
board-assignee-label,x-test-assignee-label,board_component_html,gamma-ancestor,h,HTML Tag Movement (between two templates),NA,between-templates-na-perfile,-
board-assignee-label,x-test-assignee-label,board_component_html,gamma-ancestor,i,HTML Tag Removal,NA,would-drop-x-test,-
board-assignee-label,x-test-assignee-label,board_component_html,gamma-ancestor,a,Attribute Value Modification,APPLICABLE,,-
board-assignee-label,x-test-assignee-label,board_component_html,gamma-ancestor,b,Attribute Removal,APPLICABLE,,-
board-assignee-label,x-test-assignee-label,board_component_html,gamma-ancestor,c,Attribute Identifier Modification,APPLICABLE,,-
board-assignee-label,x-test-assignee-label,board_component_html,gamma-ancestor,f,HTML Tag Movement (within a container),APPLICABLE,,-
board-assignee-label,x-test-assignee-label,board_component_html,gamma-ancestor,g,HTML Tag Movement (any point of the HTML tree),APPLICABLE,,-
board-assignee-label,x-test-assignee-label,board_component_html,gamma-ancestor,j,HTML Tag Type Modification,APPLICABLE,,-
board-assignee-label,x-test-assignee-label,board_component_html,gamma-ancestor,k,HTML Tag Insertion,APPLICABLE,,-
board-assignee-label,x-test-assignee-label,board_component_html,delta-sibling,h,HTML Tag Movement (between two templates),NA,between-templates-na-perfile,-
board-assignee-label,x-test-assignee-label,board_component_html,delta-sibling,i,HTML Tag Removal,NA,would-drop-x-test,-
board-assignee-label,x-test-assignee-label,board_component_html,delta-sibling,a,Attribute Value Modification,APPLICABLE,,-
board-assignee-label,x-test-assignee-label,board_component_html,delta-sibling,b,Attribute Removal,APPLICABLE,,-
board-assignee-label,x-test-assignee-label,board_component_html,delta-sibling,c,Attribute Identifier Modification,APPLICABLE,,-
board-assignee-label,x-test-assignee-label,board_component_html,delta-sibling,d,Text Content Modification,APPLICABLE,,-
board-assignee-label,x-test-assignee-label,board_component_html,delta-sibling,e,Text Content Removal,APPLICABLE,,-
board-assignee-label,x-test-assignee-label,board_component_html,delta-sibling,f,HTML Tag Movement (within a container),APPLICABLE,,-
board-assignee-label,x-test-assignee-label,board_component_html,delta-sibling,g,HTML Tag Movement (any point of the HTML tree),APPLICABLE,,-
board-assignee-label,x-test-assignee-label,board_component_html,delta-sibling,j,HTML Tag Type Modification,APPLICABLE,,-
board-assignee-label,x-test-assignee-label,board_component_html,delta-sibling,k,HTML Tag Insertion,APPLICABLE,,-
board-assignee-label,x-test-assignee-label,board_component_html,epsilon-component,a,Attribute Value Modification,NA,no-such-role,-
board-assignee-label,x-test-assignee-label,board_component_html,epsilon-component,b,Attribute Removal,NA,no-such-role,-
board-assignee-label,x-test-assignee-label,board_component_html,epsilon-component,c,Attribute Identifier Modification,NA,no-such-role,-
board-assignee-label,x-test-assignee-label,board_component_html,epsilon-component,d,Text Content Modification,NA,no-such-role,-
board-assignee-label,x-test-assignee-label,board_component_html,epsilon-component,e,Text Content Removal,NA,no-such-role,-
board-assignee-label,x-test-assignee-label,board_component_html,epsilon-component,f,HTML Tag Movement (within a container),NA,no-such-role,-
board-assignee-label,x-test-assignee-label,board_component_html,epsilon-component,g,HTML Tag Movement (any point of the HTML tree),NA,no-such-role,-
board-assignee-label,x-test-assignee-label,board_component_html,epsilon-component,h,HTML Tag Movement (between two templates),NA,no-such-role,-
board-assignee-label,x-test-assignee-label,board_component_html,epsilon-component,i,HTML Tag Removal,NA,no-such-role,-
board-assignee-label,x-test-assignee-label,board_component_html,epsilon-component,j,HTML Tag Type Modification,NA,no-such-role,-
board-assignee-label,x-test-assignee-label,board_component_html,epsilon-component,k,HTML Tag Insertion,NA,no-such-role,-
board-filtered-count,x-test-filtered-count,board_component_html,alpha-target,h,HTML Tag Movement (between two templates),NA,between-templates-na-perfile,-
board-filtered-count,x-test-filtered-count,board_component_html,alpha-target,i,HTML Tag Removal,NA,would-drop-x-test,-
board-filtered-count,x-test-filtered-count,board_component_html,alpha-target,a,Attribute Value Modification,APPLICABLE,,-
board-filtered-count,x-test-filtered-count,board_component_html,alpha-target,b,Attribute Removal,APPLICABLE,,-
board-filtered-count,x-test-filtered-count,board_component_html,alpha-target,c,Attribute Identifier Modification,APPLICABLE,,-
board-filtered-count,x-test-filtered-count,board_component_html,alpha-target,d,Text Content Modification,APPLICABLE,,-
board-filtered-count,x-test-filtered-count,board_component_html,alpha-target,e,Text Content Removal,APPLICABLE,,-
board-filtered-count,x-test-filtered-count,board_component_html,alpha-target,f,HTML Tag Movement (within a container),APPLICABLE,,-
board-filtered-count,x-test-filtered-count,board_component_html,alpha-target,g,HTML Tag Movement (any point of the HTML tree),APPLICABLE,,-
board-filtered-count,x-test-filtered-count,board_component_html,alpha-target,j,HTML Tag Type Modification,APPLICABLE,,-
board-filtered-count,x-test-filtered-count,board_component_html,alpha-target,k,HTML Tag Insertion,APPLICABLE,,-
board-filtered-count,x-test-filtered-count,board_component_html,beta-parent,d,Text Content Modification,NA,no-text-content,-
board-filtered-count,x-test-filtered-count,board_component_html,beta-parent,e,Text Content Removal,NA,no-text-content,-
board-filtered-count,x-test-filtered-count,board_component_html,beta-parent,h,HTML Tag Movement (between two templates),NA,between-templates-na-perfile,-
board-filtered-count,x-test-filtered-count,board_component_html,beta-parent,i,HTML Tag Removal,NA,would-drop-x-test,-
board-filtered-count,x-test-filtered-count,board_component_html,beta-parent,a,Attribute Value Modification,APPLICABLE,,-
board-filtered-count,x-test-filtered-count,board_component_html,beta-parent,b,Attribute Removal,APPLICABLE,,-
board-filtered-count,x-test-filtered-count,board_component_html,beta-parent,c,Attribute Identifier Modification,APPLICABLE,,-
board-filtered-count,x-test-filtered-count,board_component_html,beta-parent,f,HTML Tag Movement (within a container),APPLICABLE,,-
board-filtered-count,x-test-filtered-count,board_component_html,beta-parent,g,HTML Tag Movement (any point of the HTML tree),APPLICABLE,,-
board-filtered-count,x-test-filtered-count,board_component_html,beta-parent,j,HTML Tag Type Modification,APPLICABLE,,-
board-filtered-count,x-test-filtered-count,board_component_html,beta-parent,k,HTML Tag Insertion,APPLICABLE,,-
board-filtered-count,x-test-filtered-count,board_component_html,gamma-ancestor,d,Text Content Modification,NA,no-text-content,-
board-filtered-count,x-test-filtered-count,board_component_html,gamma-ancestor,e,Text Content Removal,NA,no-text-content,-
board-filtered-count,x-test-filtered-count,board_component_html,gamma-ancestor,h,HTML Tag Movement (between two templates),NA,between-templates-na-perfile,-
board-filtered-count,x-test-filtered-count,board_component_html,gamma-ancestor,i,HTML Tag Removal,NA,would-drop-x-test,-
board-filtered-count,x-test-filtered-count,board_component_html,gamma-ancestor,a,Attribute Value Modification,APPLICABLE,,-
board-filtered-count,x-test-filtered-count,board_component_html,gamma-ancestor,b,Attribute Removal,APPLICABLE,,-
board-filtered-count,x-test-filtered-count,board_component_html,gamma-ancestor,c,Attribute Identifier Modification,APPLICABLE,,-
board-filtered-count,x-test-filtered-count,board_component_html,gamma-ancestor,f,HTML Tag Movement (within a container),APPLICABLE,,-
board-filtered-count,x-test-filtered-count,board_component_html,gamma-ancestor,g,HTML Tag Movement (any point of the HTML tree),APPLICABLE,,-
board-filtered-count,x-test-filtered-count,board_component_html,gamma-ancestor,j,HTML Tag Type Modification,APPLICABLE,,-
board-filtered-count,x-test-filtered-count,board_component_html,gamma-ancestor,k,HTML Tag Insertion,APPLICABLE,,-
board-filtered-count,x-test-filtered-count,board_component_html,delta-sibling,h,HTML Tag Movement (between two templates),NA,between-templates-na-perfile,-
board-filtered-count,x-test-filtered-count,board_component_html,delta-sibling,i,HTML Tag Removal,NA,would-drop-x-test,-
board-filtered-count,x-test-filtered-count,board_component_html,delta-sibling,a,Attribute Value Modification,APPLICABLE,,-
board-filtered-count,x-test-filtered-count,board_component_html,delta-sibling,b,Attribute Removal,APPLICABLE,,-
board-filtered-count,x-test-filtered-count,board_component_html,delta-sibling,c,Attribute Identifier Modification,APPLICABLE,,-
board-filtered-count,x-test-filtered-count,board_component_html,delta-sibling,d,Text Content Modification,APPLICABLE,,-
board-filtered-count,x-test-filtered-count,board_component_html,delta-sibling,e,Text Content Removal,APPLICABLE,,-
board-filtered-count,x-test-filtered-count,board_component_html,delta-sibling,f,HTML Tag Movement (within a container),APPLICABLE,,-
board-filtered-count,x-test-filtered-count,board_component_html,delta-sibling,g,HTML Tag Movement (any point of the HTML tree),APPLICABLE,,-
board-filtered-count,x-test-filtered-count,board_component_html,delta-sibling,j,HTML Tag Type Modification,APPLICABLE,,-
board-filtered-count,x-test-filtered-count,board_component_html,delta-sibling,k,HTML Tag Insertion,APPLICABLE,,-
board-filtered-count,x-test-filtered-count,board_component_html,epsilon-component,a,Attribute Value Modification,NA,no-such-role,-
board-filtered-count,x-test-filtered-count,board_component_html,epsilon-component,b,Attribute Removal,NA,no-such-role,-
board-filtered-count,x-test-filtered-count,board_component_html,epsilon-component,c,Attribute Identifier Modification,NA,no-such-role,-
board-filtered-count,x-test-filtered-count,board_component_html,epsilon-component,d,Text Content Modification,NA,no-such-role,-
board-filtered-count,x-test-filtered-count,board_component_html,epsilon-component,e,Text Content Removal,NA,no-such-role,-
board-filtered-count,x-test-filtered-count,board_component_html,epsilon-component,f,HTML Tag Movement (within a container),NA,no-such-role,-
board-filtered-count,x-test-filtered-count,board_component_html,epsilon-component,g,HTML Tag Movement (any point of the HTML tree),NA,no-such-role,-
board-filtered-count,x-test-filtered-count,board_component_html,epsilon-component,h,HTML Tag Movement (between two templates),NA,no-such-role,-
board-filtered-count,x-test-filtered-count,board_component_html,epsilon-component,i,HTML Tag Removal,NA,no-such-role,-
board-filtered-count,x-test-filtered-count,board_component_html,epsilon-component,j,HTML Tag Type Modification,NA,no-such-role,-
board-filtered-count,x-test-filtered-count,board_component_html,epsilon-component,k,HTML Tag Insertion,NA,no-such-role,-
board-matching-label,x-test-matching-label,board_component_html,alpha-target,h,HTML Tag Movement (between two templates),NA,between-templates-na-perfile,-
board-matching-label,x-test-matching-label,board_component_html,alpha-target,i,HTML Tag Removal,NA,would-drop-x-test,-
board-matching-label,x-test-matching-label,board_component_html,alpha-target,a,Attribute Value Modification,APPLICABLE,,-
board-matching-label,x-test-matching-label,board_component_html,alpha-target,b,Attribute Removal,APPLICABLE,,-
board-matching-label,x-test-matching-label,board_component_html,alpha-target,c,Attribute Identifier Modification,APPLICABLE,,-
board-matching-label,x-test-matching-label,board_component_html,alpha-target,d,Text Content Modification,APPLICABLE,,-
board-matching-label,x-test-matching-label,board_component_html,alpha-target,e,Text Content Removal,APPLICABLE,,-
board-matching-label,x-test-matching-label,board_component_html,alpha-target,f,HTML Tag Movement (within a container),APPLICABLE,,-
board-matching-label,x-test-matching-label,board_component_html,alpha-target,g,HTML Tag Movement (any point of the HTML tree),APPLICABLE,,-
board-matching-label,x-test-matching-label,board_component_html,alpha-target,j,HTML Tag Type Modification,APPLICABLE,,-
board-matching-label,x-test-matching-label,board_component_html,alpha-target,k,HTML Tag Insertion,APPLICABLE,,-
board-matching-label,x-test-matching-label,board_component_html,beta-parent,d,Text Content Modification,NA,no-text-content,-
board-matching-label,x-test-matching-label,board_component_html,beta-parent,e,Text Content Removal,NA,no-text-content,-
board-matching-label,x-test-matching-label,board_component_html,beta-parent,h,HTML Tag Movement (between two templates),NA,between-templates-na-perfile,-
board-matching-label,x-test-matching-label,board_component_html,beta-parent,i,HTML Tag Removal,NA,would-drop-x-test,-
board-matching-label,x-test-matching-label,board_component_html,beta-parent,a,Attribute Value Modification,APPLICABLE,,-
board-matching-label,x-test-matching-label,board_component_html,beta-parent,b,Attribute Removal,APPLICABLE,,-
board-matching-label,x-test-matching-label,board_component_html,beta-parent,c,Attribute Identifier Modification,APPLICABLE,,-
board-matching-label,x-test-matching-label,board_component_html,beta-parent,f,HTML Tag Movement (within a container),APPLICABLE,,-
board-matching-label,x-test-matching-label,board_component_html,beta-parent,g,HTML Tag Movement (any point of the HTML tree),APPLICABLE,,-
board-matching-label,x-test-matching-label,board_component_html,beta-parent,j,HTML Tag Type Modification,APPLICABLE,,-
board-matching-label,x-test-matching-label,board_component_html,beta-parent,k,HTML Tag Insertion,APPLICABLE,,-
board-matching-label,x-test-matching-label,board_component_html,gamma-ancestor,d,Text Content Modification,NA,no-text-content,-
board-matching-label,x-test-matching-label,board_component_html,gamma-ancestor,e,Text Content Removal,NA,no-text-content,-
board-matching-label,x-test-matching-label,board_component_html,gamma-ancestor,h,HTML Tag Movement (between two templates),NA,between-templates-na-perfile,-
board-matching-label,x-test-matching-label,board_component_html,gamma-ancestor,i,HTML Tag Removal,NA,would-drop-x-test,-
board-matching-label,x-test-matching-label,board_component_html,gamma-ancestor,a,Attribute Value Modification,APPLICABLE,,-
board-matching-label,x-test-matching-label,board_component_html,gamma-ancestor,b,Attribute Removal,APPLICABLE,,-
board-matching-label,x-test-matching-label,board_component_html,gamma-ancestor,c,Attribute Identifier Modification,APPLICABLE,,-
board-matching-label,x-test-matching-label,board_component_html,gamma-ancestor,f,HTML Tag Movement (within a container),APPLICABLE,,-
board-matching-label,x-test-matching-label,board_component_html,gamma-ancestor,g,HTML Tag Movement (any point of the HTML tree),APPLICABLE,,-
board-matching-label,x-test-matching-label,board_component_html,gamma-ancestor,j,HTML Tag Type Modification,APPLICABLE,,-
board-matching-label,x-test-matching-label,board_component_html,gamma-ancestor,k,HTML Tag Insertion,APPLICABLE,,-
board-matching-label,x-test-matching-label,board_component_html,delta-sibling,h,HTML Tag Movement (between two templates),NA,between-templates-na-perfile,-
board-matching-label,x-test-matching-label,board_component_html,delta-sibling,i,HTML Tag Removal,NA,would-drop-x-test,-
board-matching-label,x-test-matching-label,board_component_html,delta-sibling,a,Attribute Value Modification,APPLICABLE,,-
board-matching-label,x-test-matching-label,board_component_html,delta-sibling,b,Attribute Removal,APPLICABLE,,-
board-matching-label,x-test-matching-label,board_component_html,delta-sibling,c,Attribute Identifier Modification,APPLICABLE,,-
board-matching-label,x-test-matching-label,board_component_html,delta-sibling,d,Text Content Modification,APPLICABLE,,-
board-matching-label,x-test-matching-label,board_component_html,delta-sibling,e,Text Content Removal,APPLICABLE,,-
board-matching-label,x-test-matching-label,board_component_html,delta-sibling,f,HTML Tag Movement (within a container),APPLICABLE,,-
board-matching-label,x-test-matching-label,board_component_html,delta-sibling,g,HTML Tag Movement (any point of the HTML tree),APPLICABLE,,-
board-matching-label,x-test-matching-label,board_component_html,delta-sibling,j,HTML Tag Type Modification,APPLICABLE,,-
board-matching-label,x-test-matching-label,board_component_html,delta-sibling,k,HTML Tag Insertion,APPLICABLE,,-
board-matching-label,x-test-matching-label,board_component_html,epsilon-component,a,Attribute Value Modification,NA,no-such-role,-
board-matching-label,x-test-matching-label,board_component_html,epsilon-component,b,Attribute Removal,NA,no-such-role,-
board-matching-label,x-test-matching-label,board_component_html,epsilon-component,c,Attribute Identifier Modification,NA,no-such-role,-
board-matching-label,x-test-matching-label,board_component_html,epsilon-component,d,Text Content Modification,NA,no-such-role,-
board-matching-label,x-test-matching-label,board_component_html,epsilon-component,e,Text Content Removal,NA,no-such-role,-
board-matching-label,x-test-matching-label,board_component_html,epsilon-component,f,HTML Tag Movement (within a container),NA,no-such-role,-
board-matching-label,x-test-matching-label,board_component_html,epsilon-component,g,HTML Tag Movement (any point of the HTML tree),NA,no-such-role,-
board-matching-label,x-test-matching-label,board_component_html,epsilon-component,h,HTML Tag Movement (between two templates),NA,no-such-role,-
board-matching-label,x-test-matching-label,board_component_html,epsilon-component,i,HTML Tag Removal,NA,no-such-role,-
board-matching-label,x-test-matching-label,board_component_html,epsilon-component,j,HTML Tag Type Modification,NA,no-such-role,-
board-matching-label,x-test-matching-label,board_component_html,epsilon-component,k,HTML Tag Insertion,NA,no-such-role,-
board-add-card,x-test-add-card,board_component_html,alpha-target,h,HTML Tag Movement (between two templates),NA,between-templates-na-perfile,-
board-add-card,x-test-add-card,board_component_html,alpha-target,i,HTML Tag Removal,NA,would-drop-x-test,-
board-add-card,x-test-add-card,board_component_html,alpha-target,a,Attribute Value Modification,APPLICABLE,,-
board-add-card,x-test-add-card,board_component_html,alpha-target,b,Attribute Removal,APPLICABLE,,-
board-add-card,x-test-add-card,board_component_html,alpha-target,c,Attribute Identifier Modification,APPLICABLE,,-
board-add-card,x-test-add-card,board_component_html,alpha-target,d,Text Content Modification,APPLICABLE,,-
board-add-card,x-test-add-card,board_component_html,alpha-target,e,Text Content Removal,APPLICABLE,,-
board-add-card,x-test-add-card,board_component_html,alpha-target,f,HTML Tag Movement (within a container),APPLICABLE,,-
board-add-card,x-test-add-card,board_component_html,alpha-target,g,HTML Tag Movement (any point of the HTML tree),APPLICABLE,,-
board-add-card,x-test-add-card,board_component_html,alpha-target,j,HTML Tag Type Modification,APPLICABLE,,-
board-add-card,x-test-add-card,board_component_html,alpha-target,k,HTML Tag Insertion,APPLICABLE,,-
board-add-card,x-test-add-card,board_component_html,beta-parent,d,Text Content Modification,NA,no-text-content,-
board-add-card,x-test-add-card,board_component_html,beta-parent,e,Text Content Removal,NA,no-text-content,-
board-add-card,x-test-add-card,board_component_html,beta-parent,h,HTML Tag Movement (between two templates),NA,between-templates-na-perfile,-
board-add-card,x-test-add-card,board_component_html,beta-parent,i,HTML Tag Removal,NA,would-drop-x-test,-
board-add-card,x-test-add-card,board_component_html,beta-parent,a,Attribute Value Modification,APPLICABLE,,-
board-add-card,x-test-add-card,board_component_html,beta-parent,b,Attribute Removal,APPLICABLE,,-
board-add-card,x-test-add-card,board_component_html,beta-parent,c,Attribute Identifier Modification,APPLICABLE,,-
board-add-card,x-test-add-card,board_component_html,beta-parent,f,HTML Tag Movement (within a container),APPLICABLE,,-
board-add-card,x-test-add-card,board_component_html,beta-parent,g,HTML Tag Movement (any point of the HTML tree),APPLICABLE,,-
board-add-card,x-test-add-card,board_component_html,beta-parent,j,HTML Tag Type Modification,APPLICABLE,,-
board-add-card,x-test-add-card,board_component_html,beta-parent,k,HTML Tag Insertion,APPLICABLE,,-
board-add-card,x-test-add-card,board_component_html,gamma-ancestor,d,Text Content Modification,NA,no-text-content,-
board-add-card,x-test-add-card,board_component_html,gamma-ancestor,e,Text Content Removal,NA,no-text-content,-
board-add-card,x-test-add-card,board_component_html,gamma-ancestor,h,HTML Tag Movement (between two templates),NA,between-templates-na-perfile,-
board-add-card,x-test-add-card,board_component_html,gamma-ancestor,i,HTML Tag Removal,NA,would-drop-x-test,-
board-add-card,x-test-add-card,board_component_html,gamma-ancestor,a,Attribute Value Modification,APPLICABLE,,-
board-add-card,x-test-add-card,board_component_html,gamma-ancestor,b,Attribute Removal,APPLICABLE,,-
board-add-card,x-test-add-card,board_component_html,gamma-ancestor,c,Attribute Identifier Modification,APPLICABLE,,-
board-add-card,x-test-add-card,board_component_html,gamma-ancestor,f,HTML Tag Movement (within a container),APPLICABLE,,-
board-add-card,x-test-add-card,board_component_html,gamma-ancestor,g,HTML Tag Movement (any point of the HTML tree),APPLICABLE,,-
board-add-card,x-test-add-card,board_component_html,gamma-ancestor,j,HTML Tag Type Modification,APPLICABLE,,-
board-add-card,x-test-add-card,board_component_html,gamma-ancestor,k,HTML Tag Insertion,APPLICABLE,,-
board-add-card,x-test-add-card,board_component_html,delta-sibling,h,HTML Tag Movement (between two templates),NA,between-templates-na-perfile,-
board-add-card,x-test-add-card,board_component_html,delta-sibling,i,HTML Tag Removal,NA,would-drop-x-test,-
board-add-card,x-test-add-card,board_component_html,delta-sibling,a,Attribute Value Modification,APPLICABLE,,-
board-add-card,x-test-add-card,board_component_html,delta-sibling,b,Attribute Removal,APPLICABLE,,-
board-add-card,x-test-add-card,board_component_html,delta-sibling,c,Attribute Identifier Modification,APPLICABLE,,-
board-add-card,x-test-add-card,board_component_html,delta-sibling,d,Text Content Modification,APPLICABLE,,-
board-add-card,x-test-add-card,board_component_html,delta-sibling,e,Text Content Removal,APPLICABLE,,-
board-add-card,x-test-add-card,board_component_html,delta-sibling,f,HTML Tag Movement (within a container),APPLICABLE,,-
board-add-card,x-test-add-card,board_component_html,delta-sibling,g,HTML Tag Movement (any point of the HTML tree),APPLICABLE,,-
board-add-card,x-test-add-card,board_component_html,delta-sibling,j,HTML Tag Type Modification,APPLICABLE,,-
board-add-card,x-test-add-card,board_component_html,delta-sibling,k,HTML Tag Insertion,APPLICABLE,,-
board-add-card,x-test-add-card,board_component_html,epsilon-component,a,Attribute Value Modification,NA,no-such-role,-
board-add-card,x-test-add-card,board_component_html,epsilon-component,b,Attribute Removal,NA,no-such-role,-
board-add-card,x-test-add-card,board_component_html,epsilon-component,c,Attribute Identifier Modification,NA,no-such-role,-
board-add-card,x-test-add-card,board_component_html,epsilon-component,d,Text Content Modification,NA,no-such-role,-
board-add-card,x-test-add-card,board_component_html,epsilon-component,e,Text Content Removal,NA,no-such-role,-
board-add-card,x-test-add-card,board_component_html,epsilon-component,f,HTML Tag Movement (within a container),NA,no-such-role,-
board-add-card,x-test-add-card,board_component_html,epsilon-component,g,HTML Tag Movement (any point of the HTML tree),NA,no-such-role,-
board-add-card,x-test-add-card,board_component_html,epsilon-component,h,HTML Tag Movement (between two templates),NA,no-such-role,-
board-add-card,x-test-add-card,board_component_html,epsilon-component,i,HTML Tag Removal,NA,no-such-role,-
board-add-card,x-test-add-card,board_component_html,epsilon-component,j,HTML Tag Type Modification,NA,no-such-role,-
board-add-card,x-test-add-card,board_component_html,epsilon-component,k,HTML Tag Insertion,NA,no-such-role,-
board-reset,x-test-reset,board_component_html,alpha-target,h,HTML Tag Movement (between two templates),NA,between-templates-na-perfile,-
board-reset,x-test-reset,board_component_html,alpha-target,i,HTML Tag Removal,NA,would-drop-x-test,-
board-reset,x-test-reset,board_component_html,alpha-target,a,Attribute Value Modification,APPLICABLE,,-
board-reset,x-test-reset,board_component_html,alpha-target,b,Attribute Removal,APPLICABLE,,-
board-reset,x-test-reset,board_component_html,alpha-target,c,Attribute Identifier Modification,APPLICABLE,,-
board-reset,x-test-reset,board_component_html,alpha-target,d,Text Content Modification,APPLICABLE,,-
board-reset,x-test-reset,board_component_html,alpha-target,e,Text Content Removal,APPLICABLE,,-
board-reset,x-test-reset,board_component_html,alpha-target,f,HTML Tag Movement (within a container),APPLICABLE,,-
board-reset,x-test-reset,board_component_html,alpha-target,g,HTML Tag Movement (any point of the HTML tree),APPLICABLE,,-
board-reset,x-test-reset,board_component_html,alpha-target,j,HTML Tag Type Modification,APPLICABLE,,-
board-reset,x-test-reset,board_component_html,alpha-target,k,HTML Tag Insertion,APPLICABLE,,-
board-reset,x-test-reset,board_component_html,beta-parent,d,Text Content Modification,NA,no-text-content,-
board-reset,x-test-reset,board_component_html,beta-parent,e,Text Content Removal,NA,no-text-content,-
board-reset,x-test-reset,board_component_html,beta-parent,h,HTML Tag Movement (between two templates),NA,between-templates-na-perfile,-
board-reset,x-test-reset,board_component_html,beta-parent,i,HTML Tag Removal,NA,would-drop-x-test,-
board-reset,x-test-reset,board_component_html,beta-parent,a,Attribute Value Modification,APPLICABLE,,-
board-reset,x-test-reset,board_component_html,beta-parent,b,Attribute Removal,APPLICABLE,,-
board-reset,x-test-reset,board_component_html,beta-parent,c,Attribute Identifier Modification,APPLICABLE,,-
board-reset,x-test-reset,board_component_html,beta-parent,f,HTML Tag Movement (within a container),APPLICABLE,,-
board-reset,x-test-reset,board_component_html,beta-parent,g,HTML Tag Movement (any point of the HTML tree),APPLICABLE,,-
board-reset,x-test-reset,board_component_html,beta-parent,j,HTML Tag Type Modification,APPLICABLE,,-
board-reset,x-test-reset,board_component_html,beta-parent,k,HTML Tag Insertion,APPLICABLE,,-
board-reset,x-test-reset,board_component_html,gamma-ancestor,d,Text Content Modification,NA,no-text-content,-
board-reset,x-test-reset,board_component_html,gamma-ancestor,e,Text Content Removal,NA,no-text-content,-
board-reset,x-test-reset,board_component_html,gamma-ancestor,h,HTML Tag Movement (between two templates),NA,between-templates-na-perfile,-
board-reset,x-test-reset,board_component_html,gamma-ancestor,i,HTML Tag Removal,NA,would-drop-x-test,-
board-reset,x-test-reset,board_component_html,gamma-ancestor,a,Attribute Value Modification,APPLICABLE,,-
board-reset,x-test-reset,board_component_html,gamma-ancestor,b,Attribute Removal,APPLICABLE,,-
board-reset,x-test-reset,board_component_html,gamma-ancestor,c,Attribute Identifier Modification,APPLICABLE,,-
board-reset,x-test-reset,board_component_html,gamma-ancestor,f,HTML Tag Movement (within a container),APPLICABLE,,-
board-reset,x-test-reset,board_component_html,gamma-ancestor,g,HTML Tag Movement (any point of the HTML tree),APPLICABLE,,-
board-reset,x-test-reset,board_component_html,gamma-ancestor,j,HTML Tag Type Modification,APPLICABLE,,-
board-reset,x-test-reset,board_component_html,gamma-ancestor,k,HTML Tag Insertion,APPLICABLE,,-
board-reset,x-test-reset,board_component_html,delta-sibling,h,HTML Tag Movement (between two templates),NA,between-templates-na-perfile,-
board-reset,x-test-reset,board_component_html,delta-sibling,i,HTML Tag Removal,NA,would-drop-x-test,-
board-reset,x-test-reset,board_component_html,delta-sibling,a,Attribute Value Modification,APPLICABLE,,-
board-reset,x-test-reset,board_component_html,delta-sibling,b,Attribute Removal,APPLICABLE,,-
board-reset,x-test-reset,board_component_html,delta-sibling,c,Attribute Identifier Modification,APPLICABLE,,-
board-reset,x-test-reset,board_component_html,delta-sibling,d,Text Content Modification,APPLICABLE,,-
board-reset,x-test-reset,board_component_html,delta-sibling,e,Text Content Removal,APPLICABLE,,-
board-reset,x-test-reset,board_component_html,delta-sibling,f,HTML Tag Movement (within a container),APPLICABLE,,-
board-reset,x-test-reset,board_component_html,delta-sibling,g,HTML Tag Movement (any point of the HTML tree),APPLICABLE,,-
board-reset,x-test-reset,board_component_html,delta-sibling,j,HTML Tag Type Modification,APPLICABLE,,-
board-reset,x-test-reset,board_component_html,delta-sibling,k,HTML Tag Insertion,APPLICABLE,,-
board-reset,x-test-reset,board_component_html,epsilon-component,a,Attribute Value Modification,NA,no-such-role,-
board-reset,x-test-reset,board_component_html,epsilon-component,b,Attribute Removal,NA,no-such-role,-
board-reset,x-test-reset,board_component_html,epsilon-component,c,Attribute Identifier Modification,NA,no-such-role,-
board-reset,x-test-reset,board_component_html,epsilon-component,d,Text Content Modification,NA,no-such-role,-
board-reset,x-test-reset,board_component_html,epsilon-component,e,Text Content Removal,NA,no-such-role,-
board-reset,x-test-reset,board_component_html,epsilon-component,f,HTML Tag Movement (within a container),NA,no-such-role,-
board-reset,x-test-reset,board_component_html,epsilon-component,g,HTML Tag Movement (any point of the HTML tree),NA,no-such-role,-
board-reset,x-test-reset,board_component_html,epsilon-component,h,HTML Tag Movement (between two templates),NA,no-such-role,-
board-reset,x-test-reset,board_component_html,epsilon-component,i,HTML Tag Removal,NA,no-such-role,-
board-reset,x-test-reset,board_component_html,epsilon-component,j,HTML Tag Type Modification,NA,no-such-role,-
board-reset,x-test-reset,board_component_html,epsilon-component,k,HTML Tag Insertion,NA,no-such-role,-
board-columns,x-test-columns,board_component_html,alpha-target,d,Text Content Modification,NA,no-text-content,-
board-columns,x-test-columns,board_component_html,alpha-target,e,Text Content Removal,NA,no-text-content,-
board-columns,x-test-columns,board_component_html,alpha-target,h,HTML Tag Movement (between two templates),NA,between-templates-na-perfile,-
board-columns,x-test-columns,board_component_html,alpha-target,i,HTML Tag Removal,NA,would-drop-x-test,-
board-columns,x-test-columns,board_component_html,alpha-target,a,Attribute Value Modification,APPLICABLE,,-
board-columns,x-test-columns,board_component_html,alpha-target,b,Attribute Removal,APPLICABLE,,-
board-columns,x-test-columns,board_component_html,alpha-target,c,Attribute Identifier Modification,APPLICABLE,,-
board-columns,x-test-columns,board_component_html,alpha-target,f,HTML Tag Movement (within a container),APPLICABLE,,-
board-columns,x-test-columns,board_component_html,alpha-target,g,HTML Tag Movement (any point of the HTML tree),APPLICABLE,,-
board-columns,x-test-columns,board_component_html,alpha-target,j,HTML Tag Type Modification,APPLICABLE,,-
board-columns,x-test-columns,board_component_html,alpha-target,k,HTML Tag Insertion,APPLICABLE,,-
board-columns,x-test-columns,board_component_html,beta-parent,d,Text Content Modification,NA,no-text-content,-
board-columns,x-test-columns,board_component_html,beta-parent,e,Text Content Removal,NA,no-text-content,-
board-columns,x-test-columns,board_component_html,beta-parent,f,HTML Tag Movement (within a container),NA,no-sibling-to-reorder,-
board-columns,x-test-columns,board_component_html,beta-parent,g,HTML Tag Movement (any point of the HTML tree),NA,root-element,-
board-columns,x-test-columns,board_component_html,beta-parent,h,HTML Tag Movement (between two templates),NA,between-templates-na-perfile,-
board-columns,x-test-columns,board_component_html,beta-parent,i,HTML Tag Removal,NA,root-element,-
board-columns,x-test-columns,board_component_html,beta-parent,a,Attribute Value Modification,APPLICABLE,,-
board-columns,x-test-columns,board_component_html,beta-parent,b,Attribute Removal,APPLICABLE,,-
board-columns,x-test-columns,board_component_html,beta-parent,c,Attribute Identifier Modification,APPLICABLE,,-
board-columns,x-test-columns,board_component_html,beta-parent,j,HTML Tag Type Modification,APPLICABLE,,-
board-columns,x-test-columns,board_component_html,beta-parent,k,HTML Tag Insertion,APPLICABLE,,-
board-columns,x-test-columns,board_component_html,gamma-ancestor,a,Attribute Value Modification,NA,no-such-role,-
board-columns,x-test-columns,board_component_html,gamma-ancestor,b,Attribute Removal,NA,no-such-role,-
board-columns,x-test-columns,board_component_html,gamma-ancestor,c,Attribute Identifier Modification,NA,no-such-role,-
board-columns,x-test-columns,board_component_html,gamma-ancestor,d,Text Content Modification,NA,no-such-role,-
board-columns,x-test-columns,board_component_html,gamma-ancestor,e,Text Content Removal,NA,no-such-role,-
board-columns,x-test-columns,board_component_html,gamma-ancestor,f,HTML Tag Movement (within a container),NA,no-such-role,-
board-columns,x-test-columns,board_component_html,gamma-ancestor,g,HTML Tag Movement (any point of the HTML tree),NA,no-such-role,-
board-columns,x-test-columns,board_component_html,gamma-ancestor,h,HTML Tag Movement (between two templates),NA,no-such-role,-
board-columns,x-test-columns,board_component_html,gamma-ancestor,i,HTML Tag Removal,NA,no-such-role,-
board-columns,x-test-columns,board_component_html,gamma-ancestor,j,HTML Tag Type Modification,NA,no-such-role,-
board-columns,x-test-columns,board_component_html,gamma-ancestor,k,HTML Tag Insertion,NA,no-such-role,-
board-columns,x-test-columns,board_component_html,delta-sibling,d,Text Content Modification,NA,no-text-content,-
board-columns,x-test-columns,board_component_html,delta-sibling,e,Text Content Removal,NA,no-text-content,-
board-columns,x-test-columns,board_component_html,delta-sibling,h,HTML Tag Movement (between two templates),NA,between-templates-na-perfile,-
board-columns,x-test-columns,board_component_html,delta-sibling,i,HTML Tag Removal,NA,would-drop-x-test,-
board-columns,x-test-columns,board_component_html,delta-sibling,a,Attribute Value Modification,APPLICABLE,,-
board-columns,x-test-columns,board_component_html,delta-sibling,b,Attribute Removal,APPLICABLE,,-
board-columns,x-test-columns,board_component_html,delta-sibling,c,Attribute Identifier Modification,APPLICABLE,,-
board-columns,x-test-columns,board_component_html,delta-sibling,f,HTML Tag Movement (within a container),APPLICABLE,,-
board-columns,x-test-columns,board_component_html,delta-sibling,g,HTML Tag Movement (any point of the HTML tree),APPLICABLE,,-
board-columns,x-test-columns,board_component_html,delta-sibling,j,HTML Tag Type Modification,APPLICABLE,,-
board-columns,x-test-columns,board_component_html,delta-sibling,k,HTML Tag Insertion,APPLICABLE,,-
board-columns,x-test-columns,board_component_html,epsilon-component,a,Attribute Value Modification,NA,no-such-role,-
board-columns,x-test-columns,board_component_html,epsilon-component,b,Attribute Removal,NA,no-such-role,-
board-columns,x-test-columns,board_component_html,epsilon-component,c,Attribute Identifier Modification,NA,no-such-role,-
board-columns,x-test-columns,board_component_html,epsilon-component,d,Text Content Modification,NA,no-such-role,-
board-columns,x-test-columns,board_component_html,epsilon-component,e,Text Content Removal,NA,no-such-role,-
board-columns,x-test-columns,board_component_html,epsilon-component,f,HTML Tag Movement (within a container),NA,no-such-role,-
board-columns,x-test-columns,board_component_html,epsilon-component,g,HTML Tag Movement (any point of the HTML tree),NA,no-such-role,-
board-columns,x-test-columns,board_component_html,epsilon-component,h,HTML Tag Movement (between two templates),NA,no-such-role,-
board-columns,x-test-columns,board_component_html,epsilon-component,i,HTML Tag Removal,NA,no-such-role,-
board-columns,x-test-columns,board_component_html,epsilon-component,j,HTML Tag Type Modification,NA,no-such-role,-
board-columns,x-test-columns,board_component_html,epsilon-component,k,HTML Tag Insertion,NA,no-such-role,-
board-column-title,x-test-column-title,board_component_html,alpha-target,h,HTML Tag Movement (between two templates),NA,between-templates-na-perfile,-
board-column-title,x-test-column-title,board_component_html,alpha-target,i,HTML Tag Removal,NA,would-drop-x-test,-
board-column-title,x-test-column-title,board_component_html,alpha-target,a,Attribute Value Modification,APPLICABLE,,-
board-column-title,x-test-column-title,board_component_html,alpha-target,b,Attribute Removal,APPLICABLE,,-
board-column-title,x-test-column-title,board_component_html,alpha-target,c,Attribute Identifier Modification,APPLICABLE,,-
board-column-title,x-test-column-title,board_component_html,alpha-target,d,Text Content Modification,APPLICABLE,,-
board-column-title,x-test-column-title,board_component_html,alpha-target,e,Text Content Removal,APPLICABLE,,-
board-column-title,x-test-column-title,board_component_html,alpha-target,f,HTML Tag Movement (within a container),APPLICABLE,,-
board-column-title,x-test-column-title,board_component_html,alpha-target,g,HTML Tag Movement (any point of the HTML tree),APPLICABLE,,-
board-column-title,x-test-column-title,board_component_html,alpha-target,j,HTML Tag Type Modification,APPLICABLE,,-
board-column-title,x-test-column-title,board_component_html,alpha-target,k,HTML Tag Insertion,APPLICABLE,,-
board-column-title,x-test-column-title,board_component_html,beta-parent,d,Text Content Modification,NA,no-text-content,-
board-column-title,x-test-column-title,board_component_html,beta-parent,e,Text Content Removal,NA,no-text-content,-
board-column-title,x-test-column-title,board_component_html,beta-parent,h,HTML Tag Movement (between two templates),NA,between-templates-na-perfile,-
board-column-title,x-test-column-title,board_component_html,beta-parent,a,Attribute Value Modification,APPLICABLE,,-
board-column-title,x-test-column-title,board_component_html,beta-parent,b,Attribute Removal,APPLICABLE,,-
board-column-title,x-test-column-title,board_component_html,beta-parent,c,Attribute Identifier Modification,APPLICABLE,,-
board-column-title,x-test-column-title,board_component_html,beta-parent,f,HTML Tag Movement (within a container),APPLICABLE,,-
board-column-title,x-test-column-title,board_component_html,beta-parent,g,HTML Tag Movement (any point of the HTML tree),APPLICABLE,,-
board-column-title,x-test-column-title,board_component_html,beta-parent,i,HTML Tag Removal,APPLICABLE,,-
board-column-title,x-test-column-title,board_component_html,beta-parent,j,HTML Tag Type Modification,APPLICABLE,,-
board-column-title,x-test-column-title,board_component_html,beta-parent,k,HTML Tag Insertion,APPLICABLE,,-
board-column-title,x-test-column-title,board_component_html,gamma-ancestor,d,Text Content Modification,NA,no-text-content,-
board-column-title,x-test-column-title,board_component_html,gamma-ancestor,e,Text Content Removal,NA,no-text-content,-
board-column-title,x-test-column-title,board_component_html,gamma-ancestor,h,HTML Tag Movement (between two templates),NA,between-templates-na-perfile,-
board-column-title,x-test-column-title,board_component_html,gamma-ancestor,i,HTML Tag Removal,NA,would-drop-x-test,-
board-column-title,x-test-column-title,board_component_html,gamma-ancestor,a,Attribute Value Modification,APPLICABLE,,-
board-column-title,x-test-column-title,board_component_html,gamma-ancestor,b,Attribute Removal,APPLICABLE,,-
board-column-title,x-test-column-title,board_component_html,gamma-ancestor,c,Attribute Identifier Modification,APPLICABLE,,-
board-column-title,x-test-column-title,board_component_html,gamma-ancestor,f,HTML Tag Movement (within a container),APPLICABLE,,-
board-column-title,x-test-column-title,board_component_html,gamma-ancestor,g,HTML Tag Movement (any point of the HTML tree),APPLICABLE,,-
board-column-title,x-test-column-title,board_component_html,gamma-ancestor,j,HTML Tag Type Modification,APPLICABLE,,-
board-column-title,x-test-column-title,board_component_html,gamma-ancestor,k,HTML Tag Insertion,APPLICABLE,,-
board-column-title,x-test-column-title,board_component_html,delta-sibling,h,HTML Tag Movement (between two templates),NA,between-templates-na-perfile,-
board-column-title,x-test-column-title,board_component_html,delta-sibling,i,HTML Tag Removal,NA,would-drop-x-test,-
board-column-title,x-test-column-title,board_component_html,delta-sibling,a,Attribute Value Modification,APPLICABLE,,-
board-column-title,x-test-column-title,board_component_html,delta-sibling,b,Attribute Removal,APPLICABLE,,-
board-column-title,x-test-column-title,board_component_html,delta-sibling,c,Attribute Identifier Modification,APPLICABLE,,-
board-column-title,x-test-column-title,board_component_html,delta-sibling,d,Text Content Modification,APPLICABLE,,-
board-column-title,x-test-column-title,board_component_html,delta-sibling,e,Text Content Removal,APPLICABLE,,-
board-column-title,x-test-column-title,board_component_html,delta-sibling,f,HTML Tag Movement (within a container),APPLICABLE,,-
board-column-title,x-test-column-title,board_component_html,delta-sibling,g,HTML Tag Movement (any point of the HTML tree),APPLICABLE,,-
board-column-title,x-test-column-title,board_component_html,delta-sibling,j,HTML Tag Type Modification,APPLICABLE,,-
board-column-title,x-test-column-title,board_component_html,delta-sibling,k,HTML Tag Insertion,APPLICABLE,,-
board-column-title,x-test-column-title,board_component_html,epsilon-component,a,Attribute Value Modification,NA,no-such-role,-
board-column-title,x-test-column-title,board_component_html,epsilon-component,b,Attribute Removal,NA,no-such-role,-
board-column-title,x-test-column-title,board_component_html,epsilon-component,c,Attribute Identifier Modification,NA,no-such-role,-
board-column-title,x-test-column-title,board_component_html,epsilon-component,d,Text Content Modification,NA,no-such-role,-
board-column-title,x-test-column-title,board_component_html,epsilon-component,e,Text Content Removal,NA,no-such-role,-
board-column-title,x-test-column-title,board_component_html,epsilon-component,f,HTML Tag Movement (within a container),NA,no-such-role,-
board-column-title,x-test-column-title,board_component_html,epsilon-component,g,HTML Tag Movement (any point of the HTML tree),NA,no-such-role,-
board-column-title,x-test-column-title,board_component_html,epsilon-component,h,HTML Tag Movement (between two templates),NA,no-such-role,-
board-column-title,x-test-column-title,board_component_html,epsilon-component,i,HTML Tag Removal,NA,no-such-role,-
board-column-title,x-test-column-title,board_component_html,epsilon-component,j,HTML Tag Type Modification,NA,no-such-role,-
board-column-title,x-test-column-title,board_component_html,epsilon-component,k,HTML Tag Insertion,NA,no-such-role,-
board-column-count,x-test-column-count,board_component_html,alpha-target,h,HTML Tag Movement (between two templates),NA,between-templates-na-perfile,-
board-column-count,x-test-column-count,board_component_html,alpha-target,i,HTML Tag Removal,NA,would-drop-x-test,-
board-column-count,x-test-column-count,board_component_html,alpha-target,a,Attribute Value Modification,APPLICABLE,,-
board-column-count,x-test-column-count,board_component_html,alpha-target,b,Attribute Removal,APPLICABLE,,-
board-column-count,x-test-column-count,board_component_html,alpha-target,c,Attribute Identifier Modification,APPLICABLE,,-
board-column-count,x-test-column-count,board_component_html,alpha-target,d,Text Content Modification,APPLICABLE,,-
board-column-count,x-test-column-count,board_component_html,alpha-target,e,Text Content Removal,APPLICABLE,,-
board-column-count,x-test-column-count,board_component_html,alpha-target,f,HTML Tag Movement (within a container),APPLICABLE,,-
board-column-count,x-test-column-count,board_component_html,alpha-target,g,HTML Tag Movement (any point of the HTML tree),APPLICABLE,,-
board-column-count,x-test-column-count,board_component_html,alpha-target,j,HTML Tag Type Modification,APPLICABLE,,-
board-column-count,x-test-column-count,board_component_html,alpha-target,k,HTML Tag Insertion,APPLICABLE,,-
board-column-count,x-test-column-count,board_component_html,beta-parent,d,Text Content Modification,NA,no-text-content,-
board-column-count,x-test-column-count,board_component_html,beta-parent,e,Text Content Removal,NA,no-text-content,-
board-column-count,x-test-column-count,board_component_html,beta-parent,h,HTML Tag Movement (between two templates),NA,between-templates-na-perfile,-
board-column-count,x-test-column-count,board_component_html,beta-parent,a,Attribute Value Modification,APPLICABLE,,-
board-column-count,x-test-column-count,board_component_html,beta-parent,b,Attribute Removal,APPLICABLE,,-
board-column-count,x-test-column-count,board_component_html,beta-parent,c,Attribute Identifier Modification,APPLICABLE,,-
board-column-count,x-test-column-count,board_component_html,beta-parent,f,HTML Tag Movement (within a container),APPLICABLE,,-
board-column-count,x-test-column-count,board_component_html,beta-parent,g,HTML Tag Movement (any point of the HTML tree),APPLICABLE,,-
board-column-count,x-test-column-count,board_component_html,beta-parent,i,HTML Tag Removal,APPLICABLE,,-
board-column-count,x-test-column-count,board_component_html,beta-parent,j,HTML Tag Type Modification,APPLICABLE,,-
board-column-count,x-test-column-count,board_component_html,beta-parent,k,HTML Tag Insertion,APPLICABLE,,-
board-column-count,x-test-column-count,board_component_html,gamma-ancestor,d,Text Content Modification,NA,no-text-content,-
board-column-count,x-test-column-count,board_component_html,gamma-ancestor,e,Text Content Removal,NA,no-text-content,-
board-column-count,x-test-column-count,board_component_html,gamma-ancestor,h,HTML Tag Movement (between two templates),NA,between-templates-na-perfile,-
board-column-count,x-test-column-count,board_component_html,gamma-ancestor,i,HTML Tag Removal,NA,would-drop-x-test,-
board-column-count,x-test-column-count,board_component_html,gamma-ancestor,a,Attribute Value Modification,APPLICABLE,,-
board-column-count,x-test-column-count,board_component_html,gamma-ancestor,b,Attribute Removal,APPLICABLE,,-
board-column-count,x-test-column-count,board_component_html,gamma-ancestor,c,Attribute Identifier Modification,APPLICABLE,,-
board-column-count,x-test-column-count,board_component_html,gamma-ancestor,f,HTML Tag Movement (within a container),APPLICABLE,,-
board-column-count,x-test-column-count,board_component_html,gamma-ancestor,g,HTML Tag Movement (any point of the HTML tree),APPLICABLE,,-
board-column-count,x-test-column-count,board_component_html,gamma-ancestor,j,HTML Tag Type Modification,APPLICABLE,,-
board-column-count,x-test-column-count,board_component_html,gamma-ancestor,k,HTML Tag Insertion,APPLICABLE,,-
board-column-count,x-test-column-count,board_component_html,delta-sibling,h,HTML Tag Movement (between two templates),NA,between-templates-na-perfile,-
board-column-count,x-test-column-count,board_component_html,delta-sibling,i,HTML Tag Removal,NA,would-drop-x-test,-
board-column-count,x-test-column-count,board_component_html,delta-sibling,a,Attribute Value Modification,APPLICABLE,,-
board-column-count,x-test-column-count,board_component_html,delta-sibling,b,Attribute Removal,APPLICABLE,,-
board-column-count,x-test-column-count,board_component_html,delta-sibling,c,Attribute Identifier Modification,APPLICABLE,,-
board-column-count,x-test-column-count,board_component_html,delta-sibling,d,Text Content Modification,APPLICABLE,,-
board-column-count,x-test-column-count,board_component_html,delta-sibling,e,Text Content Removal,APPLICABLE,,-
board-column-count,x-test-column-count,board_component_html,delta-sibling,f,HTML Tag Movement (within a container),APPLICABLE,,-
board-column-count,x-test-column-count,board_component_html,delta-sibling,g,HTML Tag Movement (any point of the HTML tree),APPLICABLE,,-
board-column-count,x-test-column-count,board_component_html,delta-sibling,j,HTML Tag Type Modification,APPLICABLE,,-
board-column-count,x-test-column-count,board_component_html,delta-sibling,k,HTML Tag Insertion,APPLICABLE,,-
board-column-count,x-test-column-count,board_component_html,epsilon-component,a,Attribute Value Modification,NA,no-such-role,-
board-column-count,x-test-column-count,board_component_html,epsilon-component,b,Attribute Removal,NA,no-such-role,-
board-column-count,x-test-column-count,board_component_html,epsilon-component,c,Attribute Identifier Modification,NA,no-such-role,-
board-column-count,x-test-column-count,board_component_html,epsilon-component,d,Text Content Modification,NA,no-such-role,-
board-column-count,x-test-column-count,board_component_html,epsilon-component,e,Text Content Removal,NA,no-such-role,-
board-column-count,x-test-column-count,board_component_html,epsilon-component,f,HTML Tag Movement (within a container),NA,no-such-role,-
board-column-count,x-test-column-count,board_component_html,epsilon-component,g,HTML Tag Movement (any point of the HTML tree),NA,no-such-role,-
board-column-count,x-test-column-count,board_component_html,epsilon-component,h,HTML Tag Movement (between two templates),NA,no-such-role,-
board-column-count,x-test-column-count,board_component_html,epsilon-component,i,HTML Tag Removal,NA,no-such-role,-
board-column-count,x-test-column-count,board_component_html,epsilon-component,j,HTML Tag Type Modification,NA,no-such-role,-
board-column-count,x-test-column-count,board_component_html,epsilon-component,k,HTML Tag Insertion,NA,no-such-role,-
header-total-badge,x-test-total-badge,header_component_html,alpha-target,h,HTML Tag Movement (between two templates),NA,between-templates-na-perfile,-
header-total-badge,x-test-total-badge,header_component_html,alpha-target,i,HTML Tag Removal,NA,would-drop-x-test,-
header-total-badge,x-test-total-badge,header_component_html,alpha-target,a,Attribute Value Modification,APPLICABLE,,-
header-total-badge,x-test-total-badge,header_component_html,alpha-target,b,Attribute Removal,APPLICABLE,,-
header-total-badge,x-test-total-badge,header_component_html,alpha-target,c,Attribute Identifier Modification,APPLICABLE,,-
header-total-badge,x-test-total-badge,header_component_html,alpha-target,d,Text Content Modification,APPLICABLE,,-
header-total-badge,x-test-total-badge,header_component_html,alpha-target,e,Text Content Removal,APPLICABLE,,-
header-total-badge,x-test-total-badge,header_component_html,alpha-target,f,HTML Tag Movement (within a container),APPLICABLE,,-
header-total-badge,x-test-total-badge,header_component_html,alpha-target,g,HTML Tag Movement (any point of the HTML tree),APPLICABLE,,-
header-total-badge,x-test-total-badge,header_component_html,alpha-target,j,HTML Tag Type Modification,APPLICABLE,,-
header-total-badge,x-test-total-badge,header_component_html,alpha-target,k,HTML Tag Insertion,APPLICABLE,,-
header-total-badge,x-test-total-badge,header_component_html,beta-parent,d,Text Content Modification,NA,no-text-content,-
header-total-badge,x-test-total-badge,header_component_html,beta-parent,e,Text Content Removal,NA,no-text-content,-
header-total-badge,x-test-total-badge,header_component_html,beta-parent,h,HTML Tag Movement (between two templates),NA,between-templates-na-perfile,-
header-total-badge,x-test-total-badge,header_component_html,beta-parent,i,HTML Tag Removal,NA,would-drop-x-test,-
header-total-badge,x-test-total-badge,header_component_html,beta-parent,a,Attribute Value Modification,APPLICABLE,,-
header-total-badge,x-test-total-badge,header_component_html,beta-parent,b,Attribute Removal,APPLICABLE,,-
header-total-badge,x-test-total-badge,header_component_html,beta-parent,c,Attribute Identifier Modification,APPLICABLE,,-
header-total-badge,x-test-total-badge,header_component_html,beta-parent,f,HTML Tag Movement (within a container),APPLICABLE,,-
header-total-badge,x-test-total-badge,header_component_html,beta-parent,g,HTML Tag Movement (any point of the HTML tree),APPLICABLE,,-
header-total-badge,x-test-total-badge,header_component_html,beta-parent,j,HTML Tag Type Modification,APPLICABLE,,-
header-total-badge,x-test-total-badge,header_component_html,beta-parent,k,HTML Tag Insertion,APPLICABLE,,-
header-total-badge,x-test-total-badge,header_component_html,gamma-ancestor,d,Text Content Modification,NA,no-text-content,-
header-total-badge,x-test-total-badge,header_component_html,gamma-ancestor,e,Text Content Removal,NA,no-text-content,-
header-total-badge,x-test-total-badge,header_component_html,gamma-ancestor,f,HTML Tag Movement (within a container),NA,no-sibling-to-reorder,-
header-total-badge,x-test-total-badge,header_component_html,gamma-ancestor,h,HTML Tag Movement (between two templates),NA,between-templates-na-perfile,-
header-total-badge,x-test-total-badge,header_component_html,gamma-ancestor,a,Attribute Value Modification,APPLICABLE,,-
header-total-badge,x-test-total-badge,header_component_html,gamma-ancestor,b,Attribute Removal,APPLICABLE,,-
header-total-badge,x-test-total-badge,header_component_html,gamma-ancestor,c,Attribute Identifier Modification,APPLICABLE,,-
header-total-badge,x-test-total-badge,header_component_html,gamma-ancestor,g,HTML Tag Movement (any point of the HTML tree),APPLICABLE,,-
header-total-badge,x-test-total-badge,header_component_html,gamma-ancestor,i,HTML Tag Removal,APPLICABLE,,-
header-total-badge,x-test-total-badge,header_component_html,gamma-ancestor,j,HTML Tag Type Modification,APPLICABLE,,-
header-total-badge,x-test-total-badge,header_component_html,gamma-ancestor,k,HTML Tag Insertion,APPLICABLE,,-
header-total-badge,x-test-total-badge,header_component_html,delta-sibling,h,HTML Tag Movement (between two templates),NA,between-templates-na-perfile,-
header-total-badge,x-test-total-badge,header_component_html,delta-sibling,i,HTML Tag Removal,NA,would-drop-x-test,-
header-total-badge,x-test-total-badge,header_component_html,delta-sibling,a,Attribute Value Modification,APPLICABLE,,-
header-total-badge,x-test-total-badge,header_component_html,delta-sibling,b,Attribute Removal,APPLICABLE,,-
header-total-badge,x-test-total-badge,header_component_html,delta-sibling,c,Attribute Identifier Modification,APPLICABLE,,-
header-total-badge,x-test-total-badge,header_component_html,delta-sibling,d,Text Content Modification,APPLICABLE,,-
header-total-badge,x-test-total-badge,header_component_html,delta-sibling,e,Text Content Removal,APPLICABLE,,-
header-total-badge,x-test-total-badge,header_component_html,delta-sibling,f,HTML Tag Movement (within a container),APPLICABLE,,-
header-total-badge,x-test-total-badge,header_component_html,delta-sibling,g,HTML Tag Movement (any point of the HTML tree),APPLICABLE,,-
header-total-badge,x-test-total-badge,header_component_html,delta-sibling,j,HTML Tag Type Modification,APPLICABLE,,-
header-total-badge,x-test-total-badge,header_component_html,delta-sibling,k,HTML Tag Insertion,APPLICABLE,,-
header-total-badge,x-test-total-badge,header_component_html,epsilon-component,a,Attribute Value Modification,NA,no-such-role,-
header-total-badge,x-test-total-badge,header_component_html,epsilon-component,b,Attribute Removal,NA,no-such-role,-
header-total-badge,x-test-total-badge,header_component_html,epsilon-component,c,Attribute Identifier Modification,NA,no-such-role,-
header-total-badge,x-test-total-badge,header_component_html,epsilon-component,d,Text Content Modification,NA,no-such-role,-
header-total-badge,x-test-total-badge,header_component_html,epsilon-component,e,Text Content Removal,NA,no-such-role,-
header-total-badge,x-test-total-badge,header_component_html,epsilon-component,f,HTML Tag Movement (within a container),NA,no-such-role,-
header-total-badge,x-test-total-badge,header_component_html,epsilon-component,g,HTML Tag Movement (any point of the HTML tree),NA,no-such-role,-
header-total-badge,x-test-total-badge,header_component_html,epsilon-component,h,HTML Tag Movement (between two templates),NA,no-such-role,-
header-total-badge,x-test-total-badge,header_component_html,epsilon-component,i,HTML Tag Removal,NA,no-such-role,-
header-total-badge,x-test-total-badge,header_component_html,epsilon-component,j,HTML Tag Type Modification,NA,no-such-role,-
header-total-badge,x-test-total-badge,header_component_html,epsilon-component,k,HTML Tag Insertion,NA,no-such-role,-
header-app-title,x-test-app-title,header_component_html,alpha-target,h,HTML Tag Movement (between two templates),NA,between-templates-na-perfile,-
header-app-title,x-test-app-title,header_component_html,alpha-target,i,HTML Tag Removal,NA,would-drop-x-test,-
header-app-title,x-test-app-title,header_component_html,alpha-target,a,Attribute Value Modification,APPLICABLE,,-
header-app-title,x-test-app-title,header_component_html,alpha-target,b,Attribute Removal,APPLICABLE,,-
header-app-title,x-test-app-title,header_component_html,alpha-target,c,Attribute Identifier Modification,APPLICABLE,,-
header-app-title,x-test-app-title,header_component_html,alpha-target,d,Text Content Modification,APPLICABLE,,-
header-app-title,x-test-app-title,header_component_html,alpha-target,e,Text Content Removal,APPLICABLE,,-
header-app-title,x-test-app-title,header_component_html,alpha-target,f,HTML Tag Movement (within a container),APPLICABLE,,-
header-app-title,x-test-app-title,header_component_html,alpha-target,g,HTML Tag Movement (any point of the HTML tree),APPLICABLE,,-
header-app-title,x-test-app-title,header_component_html,alpha-target,j,HTML Tag Type Modification,APPLICABLE,,-
header-app-title,x-test-app-title,header_component_html,alpha-target,k,HTML Tag Insertion,APPLICABLE,,-
header-app-title,x-test-app-title,header_component_html,beta-parent,d,Text Content Modification,NA,no-text-content,-
header-app-title,x-test-app-title,header_component_html,beta-parent,e,Text Content Removal,NA,no-text-content,-
header-app-title,x-test-app-title,header_component_html,beta-parent,h,HTML Tag Movement (between two templates),NA,between-templates-na-perfile,-
header-app-title,x-test-app-title,header_component_html,beta-parent,i,HTML Tag Removal,NA,would-drop-x-test,-
header-app-title,x-test-app-title,header_component_html,beta-parent,a,Attribute Value Modification,APPLICABLE,,-
header-app-title,x-test-app-title,header_component_html,beta-parent,b,Attribute Removal,APPLICABLE,,-
header-app-title,x-test-app-title,header_component_html,beta-parent,c,Attribute Identifier Modification,APPLICABLE,,-
header-app-title,x-test-app-title,header_component_html,beta-parent,f,HTML Tag Movement (within a container),APPLICABLE,,-
header-app-title,x-test-app-title,header_component_html,beta-parent,g,HTML Tag Movement (any point of the HTML tree),APPLICABLE,,-
header-app-title,x-test-app-title,header_component_html,beta-parent,j,HTML Tag Type Modification,APPLICABLE,,-
header-app-title,x-test-app-title,header_component_html,beta-parent,k,HTML Tag Insertion,APPLICABLE,,-
header-app-title,x-test-app-title,header_component_html,gamma-ancestor,d,Text Content Modification,NA,no-text-content,-
header-app-title,x-test-app-title,header_component_html,gamma-ancestor,e,Text Content Removal,NA,no-text-content,-
header-app-title,x-test-app-title,header_component_html,gamma-ancestor,f,HTML Tag Movement (within a container),NA,no-sibling-to-reorder,-
header-app-title,x-test-app-title,header_component_html,gamma-ancestor,h,HTML Tag Movement (between two templates),NA,between-templates-na-perfile,-
header-app-title,x-test-app-title,header_component_html,gamma-ancestor,a,Attribute Value Modification,APPLICABLE,,-
header-app-title,x-test-app-title,header_component_html,gamma-ancestor,b,Attribute Removal,APPLICABLE,,-
header-app-title,x-test-app-title,header_component_html,gamma-ancestor,c,Attribute Identifier Modification,APPLICABLE,,-
header-app-title,x-test-app-title,header_component_html,gamma-ancestor,g,HTML Tag Movement (any point of the HTML tree),APPLICABLE,,-
header-app-title,x-test-app-title,header_component_html,gamma-ancestor,i,HTML Tag Removal,APPLICABLE,,-
header-app-title,x-test-app-title,header_component_html,gamma-ancestor,j,HTML Tag Type Modification,APPLICABLE,,-
header-app-title,x-test-app-title,header_component_html,gamma-ancestor,k,HTML Tag Insertion,APPLICABLE,,-
header-app-title,x-test-app-title,header_component_html,delta-sibling,h,HTML Tag Movement (between two templates),NA,between-templates-na-perfile,-
header-app-title,x-test-app-title,header_component_html,delta-sibling,i,HTML Tag Removal,NA,would-drop-x-test,-
header-app-title,x-test-app-title,header_component_html,delta-sibling,a,Attribute Value Modification,APPLICABLE,,-
header-app-title,x-test-app-title,header_component_html,delta-sibling,b,Attribute Removal,APPLICABLE,,-
header-app-title,x-test-app-title,header_component_html,delta-sibling,c,Attribute Identifier Modification,APPLICABLE,,-
header-app-title,x-test-app-title,header_component_html,delta-sibling,d,Text Content Modification,APPLICABLE,,-
header-app-title,x-test-app-title,header_component_html,delta-sibling,e,Text Content Removal,APPLICABLE,,-
header-app-title,x-test-app-title,header_component_html,delta-sibling,f,HTML Tag Movement (within a container),APPLICABLE,,-
header-app-title,x-test-app-title,header_component_html,delta-sibling,g,HTML Tag Movement (any point of the HTML tree),APPLICABLE,,-
header-app-title,x-test-app-title,header_component_html,delta-sibling,j,HTML Tag Type Modification,APPLICABLE,,-
header-app-title,x-test-app-title,header_component_html,delta-sibling,k,HTML Tag Insertion,APPLICABLE,,-
header-app-title,x-test-app-title,header_component_html,epsilon-component,a,Attribute Value Modification,NA,no-such-role,-
header-app-title,x-test-app-title,header_component_html,epsilon-component,b,Attribute Removal,NA,no-such-role,-
header-app-title,x-test-app-title,header_component_html,epsilon-component,c,Attribute Identifier Modification,NA,no-such-role,-
header-app-title,x-test-app-title,header_component_html,epsilon-component,d,Text Content Modification,NA,no-such-role,-
header-app-title,x-test-app-title,header_component_html,epsilon-component,e,Text Content Removal,NA,no-such-role,-
header-app-title,x-test-app-title,header_component_html,epsilon-component,f,HTML Tag Movement (within a container),NA,no-such-role,-
header-app-title,x-test-app-title,header_component_html,epsilon-component,g,HTML Tag Movement (any point of the HTML tree),NA,no-such-role,-
header-app-title,x-test-app-title,header_component_html,epsilon-component,h,HTML Tag Movement (between two templates),NA,no-such-role,-
header-app-title,x-test-app-title,header_component_html,epsilon-component,i,HTML Tag Removal,NA,no-such-role,-
header-app-title,x-test-app-title,header_component_html,epsilon-component,j,HTML Tag Type Modification,NA,no-such-role,-
header-app-title,x-test-app-title,header_component_html,epsilon-component,k,HTML Tag Insertion,NA,no-such-role,-
header-app-tagline,x-test-app-tagline,header_component_html,alpha-target,h,HTML Tag Movement (between two templates),NA,between-templates-na-perfile,-
header-app-tagline,x-test-app-tagline,header_component_html,alpha-target,i,HTML Tag Removal,NA,would-drop-x-test,-
header-app-tagline,x-test-app-tagline,header_component_html,alpha-target,a,Attribute Value Modification,APPLICABLE,,-
header-app-tagline,x-test-app-tagline,header_component_html,alpha-target,b,Attribute Removal,APPLICABLE,,-
header-app-tagline,x-test-app-tagline,header_component_html,alpha-target,c,Attribute Identifier Modification,APPLICABLE,,-
header-app-tagline,x-test-app-tagline,header_component_html,alpha-target,d,Text Content Modification,APPLICABLE,,-
header-app-tagline,x-test-app-tagline,header_component_html,alpha-target,e,Text Content Removal,APPLICABLE,,-
header-app-tagline,x-test-app-tagline,header_component_html,alpha-target,f,HTML Tag Movement (within a container),APPLICABLE,,-
header-app-tagline,x-test-app-tagline,header_component_html,alpha-target,g,HTML Tag Movement (any point of the HTML tree),APPLICABLE,,-
header-app-tagline,x-test-app-tagline,header_component_html,alpha-target,j,HTML Tag Type Modification,APPLICABLE,,-
header-app-tagline,x-test-app-tagline,header_component_html,alpha-target,k,HTML Tag Insertion,APPLICABLE,,-
header-app-tagline,x-test-app-tagline,header_component_html,beta-parent,d,Text Content Modification,NA,no-text-content,-
header-app-tagline,x-test-app-tagline,header_component_html,beta-parent,e,Text Content Removal,NA,no-text-content,-
header-app-tagline,x-test-app-tagline,header_component_html,beta-parent,h,HTML Tag Movement (between two templates),NA,between-templates-na-perfile,-
header-app-tagline,x-test-app-tagline,header_component_html,beta-parent,i,HTML Tag Removal,NA,would-drop-x-test,-
header-app-tagline,x-test-app-tagline,header_component_html,beta-parent,a,Attribute Value Modification,APPLICABLE,,-
header-app-tagline,x-test-app-tagline,header_component_html,beta-parent,b,Attribute Removal,APPLICABLE,,-
header-app-tagline,x-test-app-tagline,header_component_html,beta-parent,c,Attribute Identifier Modification,APPLICABLE,,-
header-app-tagline,x-test-app-tagline,header_component_html,beta-parent,f,HTML Tag Movement (within a container),APPLICABLE,,-
header-app-tagline,x-test-app-tagline,header_component_html,beta-parent,g,HTML Tag Movement (any point of the HTML tree),APPLICABLE,,-
header-app-tagline,x-test-app-tagline,header_component_html,beta-parent,j,HTML Tag Type Modification,APPLICABLE,,-
header-app-tagline,x-test-app-tagline,header_component_html,beta-parent,k,HTML Tag Insertion,APPLICABLE,,-
header-app-tagline,x-test-app-tagline,header_component_html,gamma-ancestor,d,Text Content Modification,NA,no-text-content,-
header-app-tagline,x-test-app-tagline,header_component_html,gamma-ancestor,e,Text Content Removal,NA,no-text-content,-
header-app-tagline,x-test-app-tagline,header_component_html,gamma-ancestor,f,HTML Tag Movement (within a container),NA,no-sibling-to-reorder,-
header-app-tagline,x-test-app-tagline,header_component_html,gamma-ancestor,h,HTML Tag Movement (between two templates),NA,between-templates-na-perfile,-
header-app-tagline,x-test-app-tagline,header_component_html,gamma-ancestor,a,Attribute Value Modification,APPLICABLE,,-
header-app-tagline,x-test-app-tagline,header_component_html,gamma-ancestor,b,Attribute Removal,APPLICABLE,,-
header-app-tagline,x-test-app-tagline,header_component_html,gamma-ancestor,c,Attribute Identifier Modification,APPLICABLE,,-
header-app-tagline,x-test-app-tagline,header_component_html,gamma-ancestor,g,HTML Tag Movement (any point of the HTML tree),APPLICABLE,,-
header-app-tagline,x-test-app-tagline,header_component_html,gamma-ancestor,i,HTML Tag Removal,APPLICABLE,,-
header-app-tagline,x-test-app-tagline,header_component_html,gamma-ancestor,j,HTML Tag Type Modification,APPLICABLE,,-
header-app-tagline,x-test-app-tagline,header_component_html,gamma-ancestor,k,HTML Tag Insertion,APPLICABLE,,-
header-app-tagline,x-test-app-tagline,header_component_html,delta-sibling,h,HTML Tag Movement (between two templates),NA,between-templates-na-perfile,-
header-app-tagline,x-test-app-tagline,header_component_html,delta-sibling,i,HTML Tag Removal,NA,would-drop-x-test,-
header-app-tagline,x-test-app-tagline,header_component_html,delta-sibling,a,Attribute Value Modification,APPLICABLE,,-
header-app-tagline,x-test-app-tagline,header_component_html,delta-sibling,b,Attribute Removal,APPLICABLE,,-
header-app-tagline,x-test-app-tagline,header_component_html,delta-sibling,c,Attribute Identifier Modification,APPLICABLE,,-
header-app-tagline,x-test-app-tagline,header_component_html,delta-sibling,d,Text Content Modification,APPLICABLE,,-
header-app-tagline,x-test-app-tagline,header_component_html,delta-sibling,e,Text Content Removal,APPLICABLE,,-
header-app-tagline,x-test-app-tagline,header_component_html,delta-sibling,f,HTML Tag Movement (within a container),APPLICABLE,,-
header-app-tagline,x-test-app-tagline,header_component_html,delta-sibling,g,HTML Tag Movement (any point of the HTML tree),APPLICABLE,,-
header-app-tagline,x-test-app-tagline,header_component_html,delta-sibling,j,HTML Tag Type Modification,APPLICABLE,,-
header-app-tagline,x-test-app-tagline,header_component_html,delta-sibling,k,HTML Tag Insertion,APPLICABLE,,-
header-app-tagline,x-test-app-tagline,header_component_html,epsilon-component,a,Attribute Value Modification,NA,no-such-role,-
header-app-tagline,x-test-app-tagline,header_component_html,epsilon-component,b,Attribute Removal,NA,no-such-role,-
header-app-tagline,x-test-app-tagline,header_component_html,epsilon-component,c,Attribute Identifier Modification,NA,no-such-role,-
header-app-tagline,x-test-app-tagline,header_component_html,epsilon-component,d,Text Content Modification,NA,no-such-role,-
header-app-tagline,x-test-app-tagline,header_component_html,epsilon-component,e,Text Content Removal,NA,no-such-role,-
header-app-tagline,x-test-app-tagline,header_component_html,epsilon-component,f,HTML Tag Movement (within a container),NA,no-such-role,-
header-app-tagline,x-test-app-tagline,header_component_html,epsilon-component,g,HTML Tag Movement (any point of the HTML tree),NA,no-such-role,-
header-app-tagline,x-test-app-tagline,header_component_html,epsilon-component,h,HTML Tag Movement (between two templates),NA,no-such-role,-
header-app-tagline,x-test-app-tagline,header_component_html,epsilon-component,i,HTML Tag Removal,NA,no-such-role,-
header-app-tagline,x-test-app-tagline,header_component_html,epsilon-component,j,HTML Tag Type Modification,NA,no-such-role,-
header-app-tagline,x-test-app-tagline,header_component_html,epsilon-component,k,HTML Tag Insertion,NA,no-such-role,-
header-brand-icon,x-test-brand-icon,header_component_html,alpha-target,h,HTML Tag Movement (between two templates),NA,between-templates-na-perfile,-
header-brand-icon,x-test-brand-icon,header_component_html,alpha-target,i,HTML Tag Removal,NA,would-drop-x-test,-
header-brand-icon,x-test-brand-icon,header_component_html,alpha-target,a,Attribute Value Modification,APPLICABLE,,-
header-brand-icon,x-test-brand-icon,header_component_html,alpha-target,b,Attribute Removal,APPLICABLE,,-
header-brand-icon,x-test-brand-icon,header_component_html,alpha-target,c,Attribute Identifier Modification,APPLICABLE,,-
header-brand-icon,x-test-brand-icon,header_component_html,alpha-target,d,Text Content Modification,APPLICABLE,,-
header-brand-icon,x-test-brand-icon,header_component_html,alpha-target,e,Text Content Removal,APPLICABLE,,-
header-brand-icon,x-test-brand-icon,header_component_html,alpha-target,f,HTML Tag Movement (within a container),APPLICABLE,,-
header-brand-icon,x-test-brand-icon,header_component_html,alpha-target,g,HTML Tag Movement (any point of the HTML tree),APPLICABLE,,-
header-brand-icon,x-test-brand-icon,header_component_html,alpha-target,j,HTML Tag Type Modification,APPLICABLE,,-
header-brand-icon,x-test-brand-icon,header_component_html,alpha-target,k,HTML Tag Insertion,APPLICABLE,,-
header-brand-icon,x-test-brand-icon,header_component_html,beta-parent,d,Text Content Modification,NA,no-text-content,-
header-brand-icon,x-test-brand-icon,header_component_html,beta-parent,e,Text Content Removal,NA,no-text-content,-
header-brand-icon,x-test-brand-icon,header_component_html,beta-parent,h,HTML Tag Movement (between two templates),NA,between-templates-na-perfile,-
header-brand-icon,x-test-brand-icon,header_component_html,beta-parent,i,HTML Tag Removal,NA,would-drop-x-test,-
header-brand-icon,x-test-brand-icon,header_component_html,beta-parent,a,Attribute Value Modification,APPLICABLE,,-
header-brand-icon,x-test-brand-icon,header_component_html,beta-parent,b,Attribute Removal,APPLICABLE,,-
header-brand-icon,x-test-brand-icon,header_component_html,beta-parent,c,Attribute Identifier Modification,APPLICABLE,,-
header-brand-icon,x-test-brand-icon,header_component_html,beta-parent,f,HTML Tag Movement (within a container),APPLICABLE,,-
header-brand-icon,x-test-brand-icon,header_component_html,beta-parent,g,HTML Tag Movement (any point of the HTML tree),APPLICABLE,,-
header-brand-icon,x-test-brand-icon,header_component_html,beta-parent,j,HTML Tag Type Modification,APPLICABLE,,-
header-brand-icon,x-test-brand-icon,header_component_html,beta-parent,k,HTML Tag Insertion,APPLICABLE,,-
header-brand-icon,x-test-brand-icon,header_component_html,gamma-ancestor,d,Text Content Modification,NA,no-text-content,-
header-brand-icon,x-test-brand-icon,header_component_html,gamma-ancestor,e,Text Content Removal,NA,no-text-content,-
header-brand-icon,x-test-brand-icon,header_component_html,gamma-ancestor,f,HTML Tag Movement (within a container),NA,no-sibling-to-reorder,-
header-brand-icon,x-test-brand-icon,header_component_html,gamma-ancestor,h,HTML Tag Movement (between two templates),NA,between-templates-na-perfile,-
header-brand-icon,x-test-brand-icon,header_component_html,gamma-ancestor,a,Attribute Value Modification,APPLICABLE,,-
header-brand-icon,x-test-brand-icon,header_component_html,gamma-ancestor,b,Attribute Removal,APPLICABLE,,-
header-brand-icon,x-test-brand-icon,header_component_html,gamma-ancestor,c,Attribute Identifier Modification,APPLICABLE,,-
header-brand-icon,x-test-brand-icon,header_component_html,gamma-ancestor,g,HTML Tag Movement (any point of the HTML tree),APPLICABLE,,-
header-brand-icon,x-test-brand-icon,header_component_html,gamma-ancestor,i,HTML Tag Removal,APPLICABLE,,-
header-brand-icon,x-test-brand-icon,header_component_html,gamma-ancestor,j,HTML Tag Type Modification,APPLICABLE,,-
header-brand-icon,x-test-brand-icon,header_component_html,gamma-ancestor,k,HTML Tag Insertion,APPLICABLE,,-
header-brand-icon,x-test-brand-icon,header_component_html,delta-sibling,h,HTML Tag Movement (between two templates),NA,between-templates-na-perfile,-
header-brand-icon,x-test-brand-icon,header_component_html,delta-sibling,i,HTML Tag Removal,NA,would-drop-x-test,-
header-brand-icon,x-test-brand-icon,header_component_html,delta-sibling,a,Attribute Value Modification,APPLICABLE,,-
header-brand-icon,x-test-brand-icon,header_component_html,delta-sibling,b,Attribute Removal,APPLICABLE,,-
header-brand-icon,x-test-brand-icon,header_component_html,delta-sibling,c,Attribute Identifier Modification,APPLICABLE,,-
header-brand-icon,x-test-brand-icon,header_component_html,delta-sibling,d,Text Content Modification,APPLICABLE,,-
header-brand-icon,x-test-brand-icon,header_component_html,delta-sibling,e,Text Content Removal,APPLICABLE,,-
header-brand-icon,x-test-brand-icon,header_component_html,delta-sibling,f,HTML Tag Movement (within a container),APPLICABLE,,-
header-brand-icon,x-test-brand-icon,header_component_html,delta-sibling,g,HTML Tag Movement (any point of the HTML tree),APPLICABLE,,-
header-brand-icon,x-test-brand-icon,header_component_html,delta-sibling,j,HTML Tag Type Modification,APPLICABLE,,-
header-brand-icon,x-test-brand-icon,header_component_html,delta-sibling,k,HTML Tag Insertion,APPLICABLE,,-
header-brand-icon,x-test-brand-icon,header_component_html,epsilon-component,a,Attribute Value Modification,NA,no-such-role,-
header-brand-icon,x-test-brand-icon,header_component_html,epsilon-component,b,Attribute Removal,NA,no-such-role,-
header-brand-icon,x-test-brand-icon,header_component_html,epsilon-component,c,Attribute Identifier Modification,NA,no-such-role,-
header-brand-icon,x-test-brand-icon,header_component_html,epsilon-component,d,Text Content Modification,NA,no-such-role,-
header-brand-icon,x-test-brand-icon,header_component_html,epsilon-component,e,Text Content Removal,NA,no-such-role,-
header-brand-icon,x-test-brand-icon,header_component_html,epsilon-component,f,HTML Tag Movement (within a container),NA,no-such-role,-
header-brand-icon,x-test-brand-icon,header_component_html,epsilon-component,g,HTML Tag Movement (any point of the HTML tree),NA,no-such-role,-
header-brand-icon,x-test-brand-icon,header_component_html,epsilon-component,h,HTML Tag Movement (between two templates),NA,no-such-role,-
header-brand-icon,x-test-brand-icon,header_component_html,epsilon-component,i,HTML Tag Removal,NA,no-such-role,-
header-brand-icon,x-test-brand-icon,header_component_html,epsilon-component,j,HTML Tag Type Modification,NA,no-such-role,-
header-brand-icon,x-test-brand-icon,header_component_html,epsilon-component,k,HTML Tag Insertion,NA,no-such-role,-
header-nav-board,x-test-nav-board,header_component_html,alpha-target,h,HTML Tag Movement (between two templates),NA,between-templates-na-perfile,-
header-nav-board,x-test-nav-board,header_component_html,alpha-target,i,HTML Tag Removal,NA,would-drop-x-test,-
header-nav-board,x-test-nav-board,header_component_html,alpha-target,a,Attribute Value Modification,APPLICABLE,,-
header-nav-board,x-test-nav-board,header_component_html,alpha-target,b,Attribute Removal,APPLICABLE,,-
header-nav-board,x-test-nav-board,header_component_html,alpha-target,c,Attribute Identifier Modification,APPLICABLE,,-
header-nav-board,x-test-nav-board,header_component_html,alpha-target,d,Text Content Modification,APPLICABLE,,-
header-nav-board,x-test-nav-board,header_component_html,alpha-target,e,Text Content Removal,APPLICABLE,,-
header-nav-board,x-test-nav-board,header_component_html,alpha-target,f,HTML Tag Movement (within a container),APPLICABLE,,-
header-nav-board,x-test-nav-board,header_component_html,alpha-target,g,HTML Tag Movement (any point of the HTML tree),APPLICABLE,,-
header-nav-board,x-test-nav-board,header_component_html,alpha-target,j,HTML Tag Type Modification,APPLICABLE,,-
header-nav-board,x-test-nav-board,header_component_html,alpha-target,k,HTML Tag Insertion,APPLICABLE,,-
header-nav-board,x-test-nav-board,header_component_html,beta-parent,d,Text Content Modification,NA,no-text-content,-
header-nav-board,x-test-nav-board,header_component_html,beta-parent,e,Text Content Removal,NA,no-text-content,-
header-nav-board,x-test-nav-board,header_component_html,beta-parent,h,HTML Tag Movement (between two templates),NA,between-templates-na-perfile,-
header-nav-board,x-test-nav-board,header_component_html,beta-parent,i,HTML Tag Removal,NA,would-drop-x-test,-
header-nav-board,x-test-nav-board,header_component_html,beta-parent,a,Attribute Value Modification,APPLICABLE,,-
header-nav-board,x-test-nav-board,header_component_html,beta-parent,b,Attribute Removal,APPLICABLE,,-
header-nav-board,x-test-nav-board,header_component_html,beta-parent,c,Attribute Identifier Modification,APPLICABLE,,-
header-nav-board,x-test-nav-board,header_component_html,beta-parent,f,HTML Tag Movement (within a container),APPLICABLE,,-
header-nav-board,x-test-nav-board,header_component_html,beta-parent,g,HTML Tag Movement (any point of the HTML tree),APPLICABLE,,-
header-nav-board,x-test-nav-board,header_component_html,beta-parent,j,HTML Tag Type Modification,APPLICABLE,,-
header-nav-board,x-test-nav-board,header_component_html,beta-parent,k,HTML Tag Insertion,APPLICABLE,,-
header-nav-board,x-test-nav-board,header_component_html,gamma-ancestor,d,Text Content Modification,NA,no-text-content,-
header-nav-board,x-test-nav-board,header_component_html,gamma-ancestor,e,Text Content Removal,NA,no-text-content,-
header-nav-board,x-test-nav-board,header_component_html,gamma-ancestor,f,HTML Tag Movement (within a container),NA,no-sibling-to-reorder,-
header-nav-board,x-test-nav-board,header_component_html,gamma-ancestor,h,HTML Tag Movement (between two templates),NA,between-templates-na-perfile,-
header-nav-board,x-test-nav-board,header_component_html,gamma-ancestor,a,Attribute Value Modification,APPLICABLE,,-
header-nav-board,x-test-nav-board,header_component_html,gamma-ancestor,b,Attribute Removal,APPLICABLE,,-
header-nav-board,x-test-nav-board,header_component_html,gamma-ancestor,c,Attribute Identifier Modification,APPLICABLE,,-
header-nav-board,x-test-nav-board,header_component_html,gamma-ancestor,g,HTML Tag Movement (any point of the HTML tree),APPLICABLE,,-
header-nav-board,x-test-nav-board,header_component_html,gamma-ancestor,i,HTML Tag Removal,APPLICABLE,,-
header-nav-board,x-test-nav-board,header_component_html,gamma-ancestor,j,HTML Tag Type Modification,APPLICABLE,,-
header-nav-board,x-test-nav-board,header_component_html,gamma-ancestor,k,HTML Tag Insertion,APPLICABLE,,-
header-nav-board,x-test-nav-board,header_component_html,delta-sibling,h,HTML Tag Movement (between two templates),NA,between-templates-na-perfile,-
header-nav-board,x-test-nav-board,header_component_html,delta-sibling,i,HTML Tag Removal,NA,would-drop-x-test,-
header-nav-board,x-test-nav-board,header_component_html,delta-sibling,a,Attribute Value Modification,APPLICABLE,,-
header-nav-board,x-test-nav-board,header_component_html,delta-sibling,b,Attribute Removal,APPLICABLE,,-
header-nav-board,x-test-nav-board,header_component_html,delta-sibling,c,Attribute Identifier Modification,APPLICABLE,,-
header-nav-board,x-test-nav-board,header_component_html,delta-sibling,d,Text Content Modification,APPLICABLE,,-
header-nav-board,x-test-nav-board,header_component_html,delta-sibling,e,Text Content Removal,APPLICABLE,,-
header-nav-board,x-test-nav-board,header_component_html,delta-sibling,f,HTML Tag Movement (within a container),APPLICABLE,,-
header-nav-board,x-test-nav-board,header_component_html,delta-sibling,g,HTML Tag Movement (any point of the HTML tree),APPLICABLE,,-
header-nav-board,x-test-nav-board,header_component_html,delta-sibling,j,HTML Tag Type Modification,APPLICABLE,,-
header-nav-board,x-test-nav-board,header_component_html,delta-sibling,k,HTML Tag Insertion,APPLICABLE,,-
header-nav-board,x-test-nav-board,header_component_html,epsilon-component,a,Attribute Value Modification,NA,no-such-role,-
header-nav-board,x-test-nav-board,header_component_html,epsilon-component,b,Attribute Removal,NA,no-such-role,-
header-nav-board,x-test-nav-board,header_component_html,epsilon-component,c,Attribute Identifier Modification,NA,no-such-role,-
header-nav-board,x-test-nav-board,header_component_html,epsilon-component,d,Text Content Modification,NA,no-such-role,-
header-nav-board,x-test-nav-board,header_component_html,epsilon-component,e,Text Content Removal,NA,no-such-role,-
header-nav-board,x-test-nav-board,header_component_html,epsilon-component,f,HTML Tag Movement (within a container),NA,no-such-role,-
header-nav-board,x-test-nav-board,header_component_html,epsilon-component,g,HTML Tag Movement (any point of the HTML tree),NA,no-such-role,-
header-nav-board,x-test-nav-board,header_component_html,epsilon-component,h,HTML Tag Movement (between two templates),NA,no-such-role,-
header-nav-board,x-test-nav-board,header_component_html,epsilon-component,i,HTML Tag Removal,NA,no-such-role,-
header-nav-board,x-test-nav-board,header_component_html,epsilon-component,j,HTML Tag Type Modification,NA,no-such-role,-
header-nav-board,x-test-nav-board,header_component_html,epsilon-component,k,HTML Tag Insertion,NA,no-such-role,-
header-nav-stats,x-test-nav-stats,header_component_html,alpha-target,h,HTML Tag Movement (between two templates),NA,between-templates-na-perfile,-
header-nav-stats,x-test-nav-stats,header_component_html,alpha-target,i,HTML Tag Removal,NA,would-drop-x-test,-
header-nav-stats,x-test-nav-stats,header_component_html,alpha-target,a,Attribute Value Modification,APPLICABLE,,-
header-nav-stats,x-test-nav-stats,header_component_html,alpha-target,b,Attribute Removal,APPLICABLE,,-
header-nav-stats,x-test-nav-stats,header_component_html,alpha-target,c,Attribute Identifier Modification,APPLICABLE,,-
header-nav-stats,x-test-nav-stats,header_component_html,alpha-target,d,Text Content Modification,APPLICABLE,,-
header-nav-stats,x-test-nav-stats,header_component_html,alpha-target,e,Text Content Removal,APPLICABLE,,-
header-nav-stats,x-test-nav-stats,header_component_html,alpha-target,f,HTML Tag Movement (within a container),APPLICABLE,,-
header-nav-stats,x-test-nav-stats,header_component_html,alpha-target,g,HTML Tag Movement (any point of the HTML tree),APPLICABLE,,-
header-nav-stats,x-test-nav-stats,header_component_html,alpha-target,j,HTML Tag Type Modification,APPLICABLE,,-
header-nav-stats,x-test-nav-stats,header_component_html,alpha-target,k,HTML Tag Insertion,APPLICABLE,,-
header-nav-stats,x-test-nav-stats,header_component_html,beta-parent,d,Text Content Modification,NA,no-text-content,-
header-nav-stats,x-test-nav-stats,header_component_html,beta-parent,e,Text Content Removal,NA,no-text-content,-
header-nav-stats,x-test-nav-stats,header_component_html,beta-parent,h,HTML Tag Movement (between two templates),NA,between-templates-na-perfile,-
header-nav-stats,x-test-nav-stats,header_component_html,beta-parent,i,HTML Tag Removal,NA,would-drop-x-test,-
header-nav-stats,x-test-nav-stats,header_component_html,beta-parent,a,Attribute Value Modification,APPLICABLE,,-
header-nav-stats,x-test-nav-stats,header_component_html,beta-parent,b,Attribute Removal,APPLICABLE,,-
header-nav-stats,x-test-nav-stats,header_component_html,beta-parent,c,Attribute Identifier Modification,APPLICABLE,,-
header-nav-stats,x-test-nav-stats,header_component_html,beta-parent,f,HTML Tag Movement (within a container),APPLICABLE,,-
header-nav-stats,x-test-nav-stats,header_component_html,beta-parent,g,HTML Tag Movement (any point of the HTML tree),APPLICABLE,,-
header-nav-stats,x-test-nav-stats,header_component_html,beta-parent,j,HTML Tag Type Modification,APPLICABLE,,-
header-nav-stats,x-test-nav-stats,header_component_html,beta-parent,k,HTML Tag Insertion,APPLICABLE,,-
header-nav-stats,x-test-nav-stats,header_component_html,gamma-ancestor,d,Text Content Modification,NA,no-text-content,-
header-nav-stats,x-test-nav-stats,header_component_html,gamma-ancestor,e,Text Content Removal,NA,no-text-content,-
header-nav-stats,x-test-nav-stats,header_component_html,gamma-ancestor,f,HTML Tag Movement (within a container),NA,no-sibling-to-reorder,-
header-nav-stats,x-test-nav-stats,header_component_html,gamma-ancestor,h,HTML Tag Movement (between two templates),NA,between-templates-na-perfile,-
header-nav-stats,x-test-nav-stats,header_component_html,gamma-ancestor,a,Attribute Value Modification,APPLICABLE,,-
header-nav-stats,x-test-nav-stats,header_component_html,gamma-ancestor,b,Attribute Removal,APPLICABLE,,-
header-nav-stats,x-test-nav-stats,header_component_html,gamma-ancestor,c,Attribute Identifier Modification,APPLICABLE,,-
header-nav-stats,x-test-nav-stats,header_component_html,gamma-ancestor,g,HTML Tag Movement (any point of the HTML tree),APPLICABLE,,-
header-nav-stats,x-test-nav-stats,header_component_html,gamma-ancestor,i,HTML Tag Removal,APPLICABLE,,-
header-nav-stats,x-test-nav-stats,header_component_html,gamma-ancestor,j,HTML Tag Type Modification,APPLICABLE,,-
header-nav-stats,x-test-nav-stats,header_component_html,gamma-ancestor,k,HTML Tag Insertion,APPLICABLE,,-
header-nav-stats,x-test-nav-stats,header_component_html,delta-sibling,h,HTML Tag Movement (between two templates),NA,between-templates-na-perfile,-
header-nav-stats,x-test-nav-stats,header_component_html,delta-sibling,i,HTML Tag Removal,NA,would-drop-x-test,-
header-nav-stats,x-test-nav-stats,header_component_html,delta-sibling,a,Attribute Value Modification,APPLICABLE,,-
header-nav-stats,x-test-nav-stats,header_component_html,delta-sibling,b,Attribute Removal,APPLICABLE,,-
header-nav-stats,x-test-nav-stats,header_component_html,delta-sibling,c,Attribute Identifier Modification,APPLICABLE,,-
header-nav-stats,x-test-nav-stats,header_component_html,delta-sibling,d,Text Content Modification,APPLICABLE,,-
header-nav-stats,x-test-nav-stats,header_component_html,delta-sibling,e,Text Content Removal,APPLICABLE,,-
header-nav-stats,x-test-nav-stats,header_component_html,delta-sibling,f,HTML Tag Movement (within a container),APPLICABLE,,-
header-nav-stats,x-test-nav-stats,header_component_html,delta-sibling,g,HTML Tag Movement (any point of the HTML tree),APPLICABLE,,-
header-nav-stats,x-test-nav-stats,header_component_html,delta-sibling,j,HTML Tag Type Modification,APPLICABLE,,-
header-nav-stats,x-test-nav-stats,header_component_html,delta-sibling,k,HTML Tag Insertion,APPLICABLE,,-
header-nav-stats,x-test-nav-stats,header_component_html,epsilon-component,a,Attribute Value Modification,NA,no-such-role,-
header-nav-stats,x-test-nav-stats,header_component_html,epsilon-component,b,Attribute Removal,NA,no-such-role,-
header-nav-stats,x-test-nav-stats,header_component_html,epsilon-component,c,Attribute Identifier Modification,NA,no-such-role,-
header-nav-stats,x-test-nav-stats,header_component_html,epsilon-component,d,Text Content Modification,NA,no-such-role,-
header-nav-stats,x-test-nav-stats,header_component_html,epsilon-component,e,Text Content Removal,NA,no-such-role,-
header-nav-stats,x-test-nav-stats,header_component_html,epsilon-component,f,HTML Tag Movement (within a container),NA,no-such-role,-
header-nav-stats,x-test-nav-stats,header_component_html,epsilon-component,g,HTML Tag Movement (any point of the HTML tree),NA,no-such-role,-
header-nav-stats,x-test-nav-stats,header_component_html,epsilon-component,h,HTML Tag Movement (between two templates),NA,no-such-role,-
header-nav-stats,x-test-nav-stats,header_component_html,epsilon-component,i,HTML Tag Removal,NA,no-such-role,-
header-nav-stats,x-test-nav-stats,header_component_html,epsilon-component,j,HTML Tag Type Modification,NA,no-such-role,-
header-nav-stats,x-test-nav-stats,header_component_html,epsilon-component,k,HTML Tag Insertion,NA,no-such-role,-
header-new-card,x-test-new-card,header_component_html,alpha-target,h,HTML Tag Movement (between two templates),NA,between-templates-na-perfile,-
header-new-card,x-test-new-card,header_component_html,alpha-target,i,HTML Tag Removal,NA,would-drop-x-test,-
header-new-card,x-test-new-card,header_component_html,alpha-target,a,Attribute Value Modification,APPLICABLE,,-
header-new-card,x-test-new-card,header_component_html,alpha-target,b,Attribute Removal,APPLICABLE,,-
header-new-card,x-test-new-card,header_component_html,alpha-target,c,Attribute Identifier Modification,APPLICABLE,,-
header-new-card,x-test-new-card,header_component_html,alpha-target,d,Text Content Modification,APPLICABLE,,-
header-new-card,x-test-new-card,header_component_html,alpha-target,e,Text Content Removal,APPLICABLE,,-
header-new-card,x-test-new-card,header_component_html,alpha-target,f,HTML Tag Movement (within a container),APPLICABLE,,-
header-new-card,x-test-new-card,header_component_html,alpha-target,g,HTML Tag Movement (any point of the HTML tree),APPLICABLE,,-
header-new-card,x-test-new-card,header_component_html,alpha-target,j,HTML Tag Type Modification,APPLICABLE,,-
header-new-card,x-test-new-card,header_component_html,alpha-target,k,HTML Tag Insertion,APPLICABLE,,-
header-new-card,x-test-new-card,header_component_html,beta-parent,d,Text Content Modification,NA,no-text-content,-
header-new-card,x-test-new-card,header_component_html,beta-parent,e,Text Content Removal,NA,no-text-content,-
header-new-card,x-test-new-card,header_component_html,beta-parent,h,HTML Tag Movement (between two templates),NA,between-templates-na-perfile,-
header-new-card,x-test-new-card,header_component_html,beta-parent,i,HTML Tag Removal,NA,would-drop-x-test,-
header-new-card,x-test-new-card,header_component_html,beta-parent,a,Attribute Value Modification,APPLICABLE,,-
header-new-card,x-test-new-card,header_component_html,beta-parent,b,Attribute Removal,APPLICABLE,,-
header-new-card,x-test-new-card,header_component_html,beta-parent,c,Attribute Identifier Modification,APPLICABLE,,-
header-new-card,x-test-new-card,header_component_html,beta-parent,f,HTML Tag Movement (within a container),APPLICABLE,,-
header-new-card,x-test-new-card,header_component_html,beta-parent,g,HTML Tag Movement (any point of the HTML tree),APPLICABLE,,-
header-new-card,x-test-new-card,header_component_html,beta-parent,j,HTML Tag Type Modification,APPLICABLE,,-
header-new-card,x-test-new-card,header_component_html,beta-parent,k,HTML Tag Insertion,APPLICABLE,,-
header-new-card,x-test-new-card,header_component_html,gamma-ancestor,d,Text Content Modification,NA,no-text-content,-
header-new-card,x-test-new-card,header_component_html,gamma-ancestor,e,Text Content Removal,NA,no-text-content,-
header-new-card,x-test-new-card,header_component_html,gamma-ancestor,f,HTML Tag Movement (within a container),NA,no-sibling-to-reorder,-
header-new-card,x-test-new-card,header_component_html,gamma-ancestor,h,HTML Tag Movement (between two templates),NA,between-templates-na-perfile,-
header-new-card,x-test-new-card,header_component_html,gamma-ancestor,a,Attribute Value Modification,APPLICABLE,,-
header-new-card,x-test-new-card,header_component_html,gamma-ancestor,b,Attribute Removal,APPLICABLE,,-
header-new-card,x-test-new-card,header_component_html,gamma-ancestor,c,Attribute Identifier Modification,APPLICABLE,,-
header-new-card,x-test-new-card,header_component_html,gamma-ancestor,g,HTML Tag Movement (any point of the HTML tree),APPLICABLE,,-
header-new-card,x-test-new-card,header_component_html,gamma-ancestor,i,HTML Tag Removal,APPLICABLE,,-
header-new-card,x-test-new-card,header_component_html,gamma-ancestor,j,HTML Tag Type Modification,APPLICABLE,,-
header-new-card,x-test-new-card,header_component_html,gamma-ancestor,k,HTML Tag Insertion,APPLICABLE,,-
header-new-card,x-test-new-card,header_component_html,delta-sibling,h,HTML Tag Movement (between two templates),NA,between-templates-na-perfile,-
header-new-card,x-test-new-card,header_component_html,delta-sibling,i,HTML Tag Removal,NA,would-drop-x-test,-
header-new-card,x-test-new-card,header_component_html,delta-sibling,a,Attribute Value Modification,APPLICABLE,,-
header-new-card,x-test-new-card,header_component_html,delta-sibling,b,Attribute Removal,APPLICABLE,,-
header-new-card,x-test-new-card,header_component_html,delta-sibling,c,Attribute Identifier Modification,APPLICABLE,,-
header-new-card,x-test-new-card,header_component_html,delta-sibling,d,Text Content Modification,APPLICABLE,,-
header-new-card,x-test-new-card,header_component_html,delta-sibling,e,Text Content Removal,APPLICABLE,,-
header-new-card,x-test-new-card,header_component_html,delta-sibling,f,HTML Tag Movement (within a container),APPLICABLE,,-
header-new-card,x-test-new-card,header_component_html,delta-sibling,g,HTML Tag Movement (any point of the HTML tree),APPLICABLE,,-
header-new-card,x-test-new-card,header_component_html,delta-sibling,j,HTML Tag Type Modification,APPLICABLE,,-
header-new-card,x-test-new-card,header_component_html,delta-sibling,k,HTML Tag Insertion,APPLICABLE,,-
header-new-card,x-test-new-card,header_component_html,epsilon-component,a,Attribute Value Modification,NA,no-such-role,-
header-new-card,x-test-new-card,header_component_html,epsilon-component,b,Attribute Removal,NA,no-such-role,-
header-new-card,x-test-new-card,header_component_html,epsilon-component,c,Attribute Identifier Modification,NA,no-such-role,-
header-new-card,x-test-new-card,header_component_html,epsilon-component,d,Text Content Modification,NA,no-such-role,-
header-new-card,x-test-new-card,header_component_html,epsilon-component,e,Text Content Removal,NA,no-such-role,-
header-new-card,x-test-new-card,header_component_html,epsilon-component,f,HTML Tag Movement (within a container),NA,no-such-role,-
header-new-card,x-test-new-card,header_component_html,epsilon-component,g,HTML Tag Movement (any point of the HTML tree),NA,no-such-role,-
header-new-card,x-test-new-card,header_component_html,epsilon-component,h,HTML Tag Movement (between two templates),NA,no-such-role,-
header-new-card,x-test-new-card,header_component_html,epsilon-component,i,HTML Tag Removal,NA,no-such-role,-
header-new-card,x-test-new-card,header_component_html,epsilon-component,j,HTML Tag Type Modification,NA,no-such-role,-
header-new-card,x-test-new-card,header_component_html,epsilon-component,k,HTML Tag Insertion,NA,no-such-role,-
card-root,[attr.x-test-card],card_component_html,alpha-target,d,Text Content Modification,NA,no-text-content,-
card-root,[attr.x-test-card],card_component_html,alpha-target,e,Text Content Removal,NA,no-text-content,-
card-root,[attr.x-test-card],card_component_html,alpha-target,f,HTML Tag Movement (within a container),NA,no-sibling-to-reorder,-
card-root,[attr.x-test-card],card_component_html,alpha-target,g,HTML Tag Movement (any point of the HTML tree),NA,root-element,-
card-root,[attr.x-test-card],card_component_html,alpha-target,h,HTML Tag Movement (between two templates),NA,between-templates-na-perfile,-
card-root,[attr.x-test-card],card_component_html,alpha-target,i,HTML Tag Removal,NA,root-element,-
card-root,[attr.x-test-card],card_component_html,alpha-target,a,Attribute Value Modification,APPLICABLE,,-
card-root,[attr.x-test-card],card_component_html,alpha-target,b,Attribute Removal,APPLICABLE,,-
card-root,[attr.x-test-card],card_component_html,alpha-target,c,Attribute Identifier Modification,APPLICABLE,,-
card-root,[attr.x-test-card],card_component_html,alpha-target,j,HTML Tag Type Modification,APPLICABLE,,-
card-root,[attr.x-test-card],card_component_html,alpha-target,k,HTML Tag Insertion,APPLICABLE,,-
card-root,[attr.x-test-card],card_component_html,beta-parent,a,Attribute Value Modification,NA,boundary-element,-
card-root,[attr.x-test-card],card_component_html,beta-parent,b,Attribute Removal,NA,boundary-element,-
card-root,[attr.x-test-card],card_component_html,beta-parent,c,Attribute Identifier Modification,NA,boundary-element,-
card-root,[attr.x-test-card],card_component_html,beta-parent,d,Text Content Modification,NA,boundary-element,-
card-root,[attr.x-test-card],card_component_html,beta-parent,e,Text Content Removal,NA,boundary-element,-
card-root,[attr.x-test-card],card_component_html,beta-parent,f,HTML Tag Movement (within a container),NA,boundary-element,-
card-root,[attr.x-test-card],card_component_html,beta-parent,g,HTML Tag Movement (any point of the HTML tree),NA,boundary-element,-
card-root,[attr.x-test-card],card_component_html,beta-parent,h,HTML Tag Movement (between two templates),NA,boundary-element,-
card-root,[attr.x-test-card],card_component_html,beta-parent,i,HTML Tag Removal,NA,boundary-element,-
card-root,[attr.x-test-card],card_component_html,beta-parent,j,HTML Tag Type Modification,NA,boundary-element,-
card-root,[attr.x-test-card],card_component_html,beta-parent,k,HTML Tag Insertion,NA,boundary-element,-
card-root,[attr.x-test-card],card_component_html,gamma-ancestor,a,Attribute Value Modification,NA,no-such-role,-
card-root,[attr.x-test-card],card_component_html,gamma-ancestor,b,Attribute Removal,NA,no-such-role,-
card-root,[attr.x-test-card],card_component_html,gamma-ancestor,c,Attribute Identifier Modification,NA,no-such-role,-
card-root,[attr.x-test-card],card_component_html,gamma-ancestor,d,Text Content Modification,NA,no-such-role,-
card-root,[attr.x-test-card],card_component_html,gamma-ancestor,e,Text Content Removal,NA,no-such-role,-
card-root,[attr.x-test-card],card_component_html,gamma-ancestor,f,HTML Tag Movement (within a container),NA,no-such-role,-
card-root,[attr.x-test-card],card_component_html,gamma-ancestor,g,HTML Tag Movement (any point of the HTML tree),NA,no-such-role,-
card-root,[attr.x-test-card],card_component_html,gamma-ancestor,h,HTML Tag Movement (between two templates),NA,no-such-role,-
card-root,[attr.x-test-card],card_component_html,gamma-ancestor,i,HTML Tag Removal,NA,no-such-role,-
card-root,[attr.x-test-card],card_component_html,gamma-ancestor,j,HTML Tag Type Modification,NA,no-such-role,-
card-root,[attr.x-test-card],card_component_html,gamma-ancestor,k,HTML Tag Insertion,NA,no-such-role,-
card-root,[attr.x-test-card],card_component_html,delta-sibling,a,Attribute Value Modification,NA,no-such-role,-
card-root,[attr.x-test-card],card_component_html,delta-sibling,b,Attribute Removal,NA,no-such-role,-
card-root,[attr.x-test-card],card_component_html,delta-sibling,c,Attribute Identifier Modification,NA,no-such-role,-
card-root,[attr.x-test-card],card_component_html,delta-sibling,d,Text Content Modification,NA,no-such-role,-
card-root,[attr.x-test-card],card_component_html,delta-sibling,e,Text Content Removal,NA,no-such-role,-
card-root,[attr.x-test-card],card_component_html,delta-sibling,f,HTML Tag Movement (within a container),NA,no-such-role,-
card-root,[attr.x-test-card],card_component_html,delta-sibling,g,HTML Tag Movement (any point of the HTML tree),NA,no-such-role,-
card-root,[attr.x-test-card],card_component_html,delta-sibling,h,HTML Tag Movement (between two templates),NA,no-such-role,-
card-root,[attr.x-test-card],card_component_html,delta-sibling,i,HTML Tag Removal,NA,no-such-role,-
card-root,[attr.x-test-card],card_component_html,delta-sibling,j,HTML Tag Type Modification,NA,no-such-role,-
card-root,[attr.x-test-card],card_component_html,delta-sibling,k,HTML Tag Insertion,NA,no-such-role,-
card-root,[attr.x-test-card],card_component_html,epsilon-component,a,Attribute Value Modification,NA,no-such-role,-
card-root,[attr.x-test-card],card_component_html,epsilon-component,b,Attribute Removal,NA,no-such-role,-
card-root,[attr.x-test-card],card_component_html,epsilon-component,c,Attribute Identifier Modification,NA,no-such-role,-
card-root,[attr.x-test-card],card_component_html,epsilon-component,d,Text Content Modification,NA,no-such-role,-
card-root,[attr.x-test-card],card_component_html,epsilon-component,e,Text Content Removal,NA,no-such-role,-
card-root,[attr.x-test-card],card_component_html,epsilon-component,f,HTML Tag Movement (within a container),NA,no-such-role,-
card-root,[attr.x-test-card],card_component_html,epsilon-component,g,HTML Tag Movement (any point of the HTML tree),NA,no-such-role,-
card-root,[attr.x-test-card],card_component_html,epsilon-component,h,HTML Tag Movement (between two templates),NA,no-such-role,-
card-root,[attr.x-test-card],card_component_html,epsilon-component,i,HTML Tag Removal,NA,no-such-role,-
card-root,[attr.x-test-card],card_component_html,epsilon-component,j,HTML Tag Type Modification,NA,no-such-role,-
card-root,[attr.x-test-card],card_component_html,epsilon-component,k,HTML Tag Insertion,NA,no-such-role,-
card-id,[attr.x-test-card-id],card_component_html,alpha-target,h,HTML Tag Movement (between two templates),NA,between-templates-na-perfile,-
card-id,[attr.x-test-card-id],card_component_html,alpha-target,a,Attribute Value Modification,APPLICABLE,,-
card-id,[attr.x-test-card-id],card_component_html,alpha-target,b,Attribute Removal,APPLICABLE,,-
card-id,[attr.x-test-card-id],card_component_html,alpha-target,c,Attribute Identifier Modification,APPLICABLE,,-
card-id,[attr.x-test-card-id],card_component_html,alpha-target,d,Text Content Modification,APPLICABLE,,-
card-id,[attr.x-test-card-id],card_component_html,alpha-target,e,Text Content Removal,APPLICABLE,,-
card-id,[attr.x-test-card-id],card_component_html,alpha-target,f,HTML Tag Movement (within a container),APPLICABLE,,-
card-id,[attr.x-test-card-id],card_component_html,alpha-target,g,HTML Tag Movement (any point of the HTML tree),APPLICABLE,,-
card-id,[attr.x-test-card-id],card_component_html,alpha-target,i,HTML Tag Removal,APPLICABLE,,-
card-id,[attr.x-test-card-id],card_component_html,alpha-target,j,HTML Tag Type Modification,APPLICABLE,,-
card-id,[attr.x-test-card-id],card_component_html,alpha-target,k,HTML Tag Insertion,APPLICABLE,,-
card-id,[attr.x-test-card-id],card_component_html,beta-parent,d,Text Content Modification,NA,no-text-content,-
card-id,[attr.x-test-card-id],card_component_html,beta-parent,e,Text Content Removal,NA,no-text-content,-
card-id,[attr.x-test-card-id],card_component_html,beta-parent,h,HTML Tag Movement (between two templates),NA,between-templates-na-perfile,-
card-id,[attr.x-test-card-id],card_component_html,beta-parent,a,Attribute Value Modification,APPLICABLE,,-
card-id,[attr.x-test-card-id],card_component_html,beta-parent,b,Attribute Removal,APPLICABLE,,-
card-id,[attr.x-test-card-id],card_component_html,beta-parent,c,Attribute Identifier Modification,APPLICABLE,,-
card-id,[attr.x-test-card-id],card_component_html,beta-parent,f,HTML Tag Movement (within a container),APPLICABLE,,-
card-id,[attr.x-test-card-id],card_component_html,beta-parent,g,HTML Tag Movement (any point of the HTML tree),APPLICABLE,,-
card-id,[attr.x-test-card-id],card_component_html,beta-parent,i,HTML Tag Removal,APPLICABLE,,-
card-id,[attr.x-test-card-id],card_component_html,beta-parent,j,HTML Tag Type Modification,APPLICABLE,,-
card-id,[attr.x-test-card-id],card_component_html,beta-parent,k,HTML Tag Insertion,APPLICABLE,,-
card-id,[attr.x-test-card-id],card_component_html,gamma-ancestor,d,Text Content Modification,NA,no-text-content,-
card-id,[attr.x-test-card-id],card_component_html,gamma-ancestor,e,Text Content Removal,NA,no-text-content,-
card-id,[attr.x-test-card-id],card_component_html,gamma-ancestor,f,HTML Tag Movement (within a container),NA,no-sibling-to-reorder,-
card-id,[attr.x-test-card-id],card_component_html,gamma-ancestor,g,HTML Tag Movement (any point of the HTML tree),NA,root-element,-
card-id,[attr.x-test-card-id],card_component_html,gamma-ancestor,h,HTML Tag Movement (between two templates),NA,between-templates-na-perfile,-
card-id,[attr.x-test-card-id],card_component_html,gamma-ancestor,i,HTML Tag Removal,NA,root-element,-
card-id,[attr.x-test-card-id],card_component_html,gamma-ancestor,a,Attribute Value Modification,APPLICABLE,,-
card-id,[attr.x-test-card-id],card_component_html,gamma-ancestor,b,Attribute Removal,APPLICABLE,,-
card-id,[attr.x-test-card-id],card_component_html,gamma-ancestor,c,Attribute Identifier Modification,APPLICABLE,,-
card-id,[attr.x-test-card-id],card_component_html,gamma-ancestor,j,HTML Tag Type Modification,APPLICABLE,,-
card-id,[attr.x-test-card-id],card_component_html,gamma-ancestor,k,HTML Tag Insertion,APPLICABLE,,-
card-id,[attr.x-test-card-id],card_component_html,delta-sibling,h,HTML Tag Movement (between two templates),NA,between-templates-na-perfile,-
card-id,[attr.x-test-card-id],card_component_html,delta-sibling,a,Attribute Value Modification,APPLICABLE,,-
card-id,[attr.x-test-card-id],card_component_html,delta-sibling,b,Attribute Removal,APPLICABLE,,-
card-id,[attr.x-test-card-id],card_component_html,delta-sibling,c,Attribute Identifier Modification,APPLICABLE,,-
card-id,[attr.x-test-card-id],card_component_html,delta-sibling,d,Text Content Modification,APPLICABLE,,-
card-id,[attr.x-test-card-id],card_component_html,delta-sibling,e,Text Content Removal,APPLICABLE,,-
card-id,[attr.x-test-card-id],card_component_html,delta-sibling,f,HTML Tag Movement (within a container),APPLICABLE,,-
card-id,[attr.x-test-card-id],card_component_html,delta-sibling,g,HTML Tag Movement (any point of the HTML tree),APPLICABLE,,-
card-id,[attr.x-test-card-id],card_component_html,delta-sibling,i,HTML Tag Removal,APPLICABLE,,-
card-id,[attr.x-test-card-id],card_component_html,delta-sibling,j,HTML Tag Type Modification,APPLICABLE,,-
card-id,[attr.x-test-card-id],card_component_html,delta-sibling,k,HTML Tag Insertion,APPLICABLE,,-
card-id,[attr.x-test-card-id],card_component_html,epsilon-component,a,Attribute Value Modification,NA,no-such-role,-
card-id,[attr.x-test-card-id],card_component_html,epsilon-component,b,Attribute Removal,NA,no-such-role,-
card-id,[attr.x-test-card-id],card_component_html,epsilon-component,c,Attribute Identifier Modification,NA,no-such-role,-
card-id,[attr.x-test-card-id],card_component_html,epsilon-component,d,Text Content Modification,NA,no-such-role,-
card-id,[attr.x-test-card-id],card_component_html,epsilon-component,e,Text Content Removal,NA,no-such-role,-
card-id,[attr.x-test-card-id],card_component_html,epsilon-component,f,HTML Tag Movement (within a container),NA,no-such-role,-
card-id,[attr.x-test-card-id],card_component_html,epsilon-component,g,HTML Tag Movement (any point of the HTML tree),NA,no-such-role,-
card-id,[attr.x-test-card-id],card_component_html,epsilon-component,h,HTML Tag Movement (between two templates),NA,no-such-role,-
card-id,[attr.x-test-card-id],card_component_html,epsilon-component,i,HTML Tag Removal,NA,no-such-role,-
card-id,[attr.x-test-card-id],card_component_html,epsilon-component,j,HTML Tag Type Modification,NA,no-such-role,-
card-id,[attr.x-test-card-id],card_component_html,epsilon-component,k,HTML Tag Insertion,NA,no-such-role,-
card-title,[attr.x-test-card-title],card_component_html,alpha-target,f,HTML Tag Movement (within a container),NA,no-sibling-to-reorder,-
card-title,[attr.x-test-card-title],card_component_html,alpha-target,h,HTML Tag Movement (between two templates),NA,between-templates-na-perfile,-
card-title,[attr.x-test-card-title],card_component_html,alpha-target,a,Attribute Value Modification,APPLICABLE,,-
card-title,[attr.x-test-card-title],card_component_html,alpha-target,b,Attribute Removal,APPLICABLE,,-
card-title,[attr.x-test-card-title],card_component_html,alpha-target,c,Attribute Identifier Modification,APPLICABLE,,-
card-title,[attr.x-test-card-title],card_component_html,alpha-target,d,Text Content Modification,APPLICABLE,,-
card-title,[attr.x-test-card-title],card_component_html,alpha-target,e,Text Content Removal,APPLICABLE,,-
card-title,[attr.x-test-card-title],card_component_html,alpha-target,g,HTML Tag Movement (any point of the HTML tree),APPLICABLE,,-
card-title,[attr.x-test-card-title],card_component_html,alpha-target,i,HTML Tag Removal,APPLICABLE,,-
card-title,[attr.x-test-card-title],card_component_html,alpha-target,j,HTML Tag Type Modification,APPLICABLE,,-
card-title,[attr.x-test-card-title],card_component_html,alpha-target,k,HTML Tag Insertion,APPLICABLE,,-
card-title,[attr.x-test-card-title],card_component_html,beta-parent,d,Text Content Modification,NA,no-text-content,-
card-title,[attr.x-test-card-title],card_component_html,beta-parent,e,Text Content Removal,NA,no-text-content,-
card-title,[attr.x-test-card-title],card_component_html,beta-parent,h,HTML Tag Movement (between two templates),NA,between-templates-na-perfile,-
card-title,[attr.x-test-card-title],card_component_html,beta-parent,a,Attribute Value Modification,APPLICABLE,,-
card-title,[attr.x-test-card-title],card_component_html,beta-parent,b,Attribute Removal,APPLICABLE,,-
card-title,[attr.x-test-card-title],card_component_html,beta-parent,c,Attribute Identifier Modification,APPLICABLE,,-
card-title,[attr.x-test-card-title],card_component_html,beta-parent,f,HTML Tag Movement (within a container),APPLICABLE,,-
card-title,[attr.x-test-card-title],card_component_html,beta-parent,g,HTML Tag Movement (any point of the HTML tree),APPLICABLE,,-
card-title,[attr.x-test-card-title],card_component_html,beta-parent,i,HTML Tag Removal,APPLICABLE,,-
card-title,[attr.x-test-card-title],card_component_html,beta-parent,j,HTML Tag Type Modification,APPLICABLE,,-
card-title,[attr.x-test-card-title],card_component_html,beta-parent,k,HTML Tag Insertion,APPLICABLE,,-
card-title,[attr.x-test-card-title],card_component_html,gamma-ancestor,d,Text Content Modification,NA,no-text-content,-
card-title,[attr.x-test-card-title],card_component_html,gamma-ancestor,e,Text Content Removal,NA,no-text-content,-
card-title,[attr.x-test-card-title],card_component_html,gamma-ancestor,f,HTML Tag Movement (within a container),NA,no-sibling-to-reorder,-
card-title,[attr.x-test-card-title],card_component_html,gamma-ancestor,g,HTML Tag Movement (any point of the HTML tree),NA,root-element,-
card-title,[attr.x-test-card-title],card_component_html,gamma-ancestor,h,HTML Tag Movement (between two templates),NA,between-templates-na-perfile,-
card-title,[attr.x-test-card-title],card_component_html,gamma-ancestor,i,HTML Tag Removal,NA,root-element,-
card-title,[attr.x-test-card-title],card_component_html,gamma-ancestor,a,Attribute Value Modification,APPLICABLE,,-
card-title,[attr.x-test-card-title],card_component_html,gamma-ancestor,b,Attribute Removal,APPLICABLE,,-
card-title,[attr.x-test-card-title],card_component_html,gamma-ancestor,c,Attribute Identifier Modification,APPLICABLE,,-
card-title,[attr.x-test-card-title],card_component_html,gamma-ancestor,j,HTML Tag Type Modification,APPLICABLE,,-
card-title,[attr.x-test-card-title],card_component_html,gamma-ancestor,k,HTML Tag Insertion,APPLICABLE,,-
card-title,[attr.x-test-card-title],card_component_html,delta-sibling,a,Attribute Value Modification,NA,no-such-role,-
card-title,[attr.x-test-card-title],card_component_html,delta-sibling,b,Attribute Removal,NA,no-such-role,-
card-title,[attr.x-test-card-title],card_component_html,delta-sibling,c,Attribute Identifier Modification,NA,no-such-role,-
card-title,[attr.x-test-card-title],card_component_html,delta-sibling,d,Text Content Modification,NA,no-such-role,-
card-title,[attr.x-test-card-title],card_component_html,delta-sibling,e,Text Content Removal,NA,no-such-role,-
card-title,[attr.x-test-card-title],card_component_html,delta-sibling,f,HTML Tag Movement (within a container),NA,no-such-role,-
card-title,[attr.x-test-card-title],card_component_html,delta-sibling,g,HTML Tag Movement (any point of the HTML tree),NA,no-such-role,-
card-title,[attr.x-test-card-title],card_component_html,delta-sibling,h,HTML Tag Movement (between two templates),NA,no-such-role,-
card-title,[attr.x-test-card-title],card_component_html,delta-sibling,i,HTML Tag Removal,NA,no-such-role,-
card-title,[attr.x-test-card-title],card_component_html,delta-sibling,j,HTML Tag Type Modification,NA,no-such-role,-
card-title,[attr.x-test-card-title],card_component_html,delta-sibling,k,HTML Tag Insertion,NA,no-such-role,-
card-title,[attr.x-test-card-title],card_component_html,epsilon-component,a,Attribute Value Modification,NA,no-such-role,-
card-title,[attr.x-test-card-title],card_component_html,epsilon-component,b,Attribute Removal,NA,no-such-role,-
card-title,[attr.x-test-card-title],card_component_html,epsilon-component,c,Attribute Identifier Modification,NA,no-such-role,-
card-title,[attr.x-test-card-title],card_component_html,epsilon-component,d,Text Content Modification,NA,no-such-role,-
card-title,[attr.x-test-card-title],card_component_html,epsilon-component,e,Text Content Removal,NA,no-such-role,-
card-title,[attr.x-test-card-title],card_component_html,epsilon-component,f,HTML Tag Movement (within a container),NA,no-such-role,-
card-title,[attr.x-test-card-title],card_component_html,epsilon-component,g,HTML Tag Movement (any point of the HTML tree),NA,no-such-role,-
card-title,[attr.x-test-card-title],card_component_html,epsilon-component,h,HTML Tag Movement (between two templates),NA,no-such-role,-
card-title,[attr.x-test-card-title],card_component_html,epsilon-component,i,HTML Tag Removal,NA,no-such-role,-
card-title,[attr.x-test-card-title],card_component_html,epsilon-component,j,HTML Tag Type Modification,NA,no-such-role,-
card-title,[attr.x-test-card-title],card_component_html,epsilon-component,k,HTML Tag Insertion,NA,no-such-role,-
card-priority,[attr.x-test-card-priority],card_component_html,alpha-target,h,HTML Tag Movement (between two templates),NA,between-templates-na-perfile,-
card-priority,[attr.x-test-card-priority],card_component_html,alpha-target,a,Attribute Value Modification,APPLICABLE,,-
card-priority,[attr.x-test-card-priority],card_component_html,alpha-target,b,Attribute Removal,APPLICABLE,,-
card-priority,[attr.x-test-card-priority],card_component_html,alpha-target,c,Attribute Identifier Modification,APPLICABLE,,-
card-priority,[attr.x-test-card-priority],card_component_html,alpha-target,d,Text Content Modification,APPLICABLE,,-
card-priority,[attr.x-test-card-priority],card_component_html,alpha-target,e,Text Content Removal,APPLICABLE,,-
card-priority,[attr.x-test-card-priority],card_component_html,alpha-target,f,HTML Tag Movement (within a container),APPLICABLE,,-
card-priority,[attr.x-test-card-priority],card_component_html,alpha-target,g,HTML Tag Movement (any point of the HTML tree),APPLICABLE,,-
card-priority,[attr.x-test-card-priority],card_component_html,alpha-target,i,HTML Tag Removal,APPLICABLE,,-
card-priority,[attr.x-test-card-priority],card_component_html,alpha-target,j,HTML Tag Type Modification,APPLICABLE,,-
card-priority,[attr.x-test-card-priority],card_component_html,alpha-target,k,HTML Tag Insertion,APPLICABLE,,-
card-priority,[attr.x-test-card-priority],card_component_html,beta-parent,d,Text Content Modification,NA,no-text-content,-
card-priority,[attr.x-test-card-priority],card_component_html,beta-parent,e,Text Content Removal,NA,no-text-content,-
card-priority,[attr.x-test-card-priority],card_component_html,beta-parent,h,HTML Tag Movement (between two templates),NA,between-templates-na-perfile,-
card-priority,[attr.x-test-card-priority],card_component_html,beta-parent,a,Attribute Value Modification,APPLICABLE,,-
card-priority,[attr.x-test-card-priority],card_component_html,beta-parent,b,Attribute Removal,APPLICABLE,,-
card-priority,[attr.x-test-card-priority],card_component_html,beta-parent,c,Attribute Identifier Modification,APPLICABLE,,-
card-priority,[attr.x-test-card-priority],card_component_html,beta-parent,f,HTML Tag Movement (within a container),APPLICABLE,,-
card-priority,[attr.x-test-card-priority],card_component_html,beta-parent,g,HTML Tag Movement (any point of the HTML tree),APPLICABLE,,-
card-priority,[attr.x-test-card-priority],card_component_html,beta-parent,i,HTML Tag Removal,APPLICABLE,,-
card-priority,[attr.x-test-card-priority],card_component_html,beta-parent,j,HTML Tag Type Modification,APPLICABLE,,-
card-priority,[attr.x-test-card-priority],card_component_html,beta-parent,k,HTML Tag Insertion,APPLICABLE,,-
card-priority,[attr.x-test-card-priority],card_component_html,gamma-ancestor,d,Text Content Modification,NA,no-text-content,-
card-priority,[attr.x-test-card-priority],card_component_html,gamma-ancestor,e,Text Content Removal,NA,no-text-content,-
card-priority,[attr.x-test-card-priority],card_component_html,gamma-ancestor,f,HTML Tag Movement (within a container),NA,no-sibling-to-reorder,-
card-priority,[attr.x-test-card-priority],card_component_html,gamma-ancestor,g,HTML Tag Movement (any point of the HTML tree),NA,root-element,-
card-priority,[attr.x-test-card-priority],card_component_html,gamma-ancestor,h,HTML Tag Movement (between two templates),NA,between-templates-na-perfile,-
card-priority,[attr.x-test-card-priority],card_component_html,gamma-ancestor,i,HTML Tag Removal,NA,root-element,-
card-priority,[attr.x-test-card-priority],card_component_html,gamma-ancestor,a,Attribute Value Modification,APPLICABLE,,-
card-priority,[attr.x-test-card-priority],card_component_html,gamma-ancestor,b,Attribute Removal,APPLICABLE,,-
card-priority,[attr.x-test-card-priority],card_component_html,gamma-ancestor,c,Attribute Identifier Modification,APPLICABLE,,-
card-priority,[attr.x-test-card-priority],card_component_html,gamma-ancestor,j,HTML Tag Type Modification,APPLICABLE,,-
card-priority,[attr.x-test-card-priority],card_component_html,gamma-ancestor,k,HTML Tag Insertion,APPLICABLE,,-
card-priority,[attr.x-test-card-priority],card_component_html,delta-sibling,h,HTML Tag Movement (between two templates),NA,between-templates-na-perfile,-
card-priority,[attr.x-test-card-priority],card_component_html,delta-sibling,a,Attribute Value Modification,APPLICABLE,,-
card-priority,[attr.x-test-card-priority],card_component_html,delta-sibling,b,Attribute Removal,APPLICABLE,,-
card-priority,[attr.x-test-card-priority],card_component_html,delta-sibling,c,Attribute Identifier Modification,APPLICABLE,,-
card-priority,[attr.x-test-card-priority],card_component_html,delta-sibling,d,Text Content Modification,APPLICABLE,,-
card-priority,[attr.x-test-card-priority],card_component_html,delta-sibling,e,Text Content Removal,APPLICABLE,,-
card-priority,[attr.x-test-card-priority],card_component_html,delta-sibling,f,HTML Tag Movement (within a container),APPLICABLE,,-
card-priority,[attr.x-test-card-priority],card_component_html,delta-sibling,g,HTML Tag Movement (any point of the HTML tree),APPLICABLE,,-
card-priority,[attr.x-test-card-priority],card_component_html,delta-sibling,i,HTML Tag Removal,APPLICABLE,,-
card-priority,[attr.x-test-card-priority],card_component_html,delta-sibling,j,HTML Tag Type Modification,APPLICABLE,,-
card-priority,[attr.x-test-card-priority],card_component_html,delta-sibling,k,HTML Tag Insertion,APPLICABLE,,-
card-priority,[attr.x-test-card-priority],card_component_html,epsilon-component,a,Attribute Value Modification,NA,no-such-role,-
card-priority,[attr.x-test-card-priority],card_component_html,epsilon-component,b,Attribute Removal,NA,no-such-role,-
card-priority,[attr.x-test-card-priority],card_component_html,epsilon-component,c,Attribute Identifier Modification,NA,no-such-role,-
card-priority,[attr.x-test-card-priority],card_component_html,epsilon-component,d,Text Content Modification,NA,no-such-role,-
card-priority,[attr.x-test-card-priority],card_component_html,epsilon-component,e,Text Content Removal,NA,no-such-role,-
card-priority,[attr.x-test-card-priority],card_component_html,epsilon-component,f,HTML Tag Movement (within a container),NA,no-such-role,-
card-priority,[attr.x-test-card-priority],card_component_html,epsilon-component,g,HTML Tag Movement (any point of the HTML tree),NA,no-such-role,-
card-priority,[attr.x-test-card-priority],card_component_html,epsilon-component,h,HTML Tag Movement (between two templates),NA,no-such-role,-
card-priority,[attr.x-test-card-priority],card_component_html,epsilon-component,i,HTML Tag Removal,NA,no-such-role,-
card-priority,[attr.x-test-card-priority],card_component_html,epsilon-component,j,HTML Tag Type Modification,NA,no-such-role,-
card-priority,[attr.x-test-card-priority],card_component_html,epsilon-component,k,HTML Tag Insertion,NA,no-such-role,-
card-assignee,[attr.x-test-card-assignee],card_component_html,alpha-target,h,HTML Tag Movement (between two templates),NA,between-templates-na-perfile,-
card-assignee,[attr.x-test-card-assignee],card_component_html,alpha-target,a,Attribute Value Modification,APPLICABLE,,-
card-assignee,[attr.x-test-card-assignee],card_component_html,alpha-target,b,Attribute Removal,APPLICABLE,,-
card-assignee,[attr.x-test-card-assignee],card_component_html,alpha-target,c,Attribute Identifier Modification,APPLICABLE,,-
card-assignee,[attr.x-test-card-assignee],card_component_html,alpha-target,d,Text Content Modification,APPLICABLE,,-
card-assignee,[attr.x-test-card-assignee],card_component_html,alpha-target,e,Text Content Removal,APPLICABLE,,-
card-assignee,[attr.x-test-card-assignee],card_component_html,alpha-target,f,HTML Tag Movement (within a container),APPLICABLE,,-
card-assignee,[attr.x-test-card-assignee],card_component_html,alpha-target,g,HTML Tag Movement (any point of the HTML tree),APPLICABLE,,-
card-assignee,[attr.x-test-card-assignee],card_component_html,alpha-target,i,HTML Tag Removal,APPLICABLE,,-
card-assignee,[attr.x-test-card-assignee],card_component_html,alpha-target,j,HTML Tag Type Modification,APPLICABLE,,-
card-assignee,[attr.x-test-card-assignee],card_component_html,alpha-target,k,HTML Tag Insertion,APPLICABLE,,-
card-assignee,[attr.x-test-card-assignee],card_component_html,beta-parent,d,Text Content Modification,NA,no-text-content,-
card-assignee,[attr.x-test-card-assignee],card_component_html,beta-parent,e,Text Content Removal,NA,no-text-content,-
card-assignee,[attr.x-test-card-assignee],card_component_html,beta-parent,h,HTML Tag Movement (between two templates),NA,between-templates-na-perfile,-
card-assignee,[attr.x-test-card-assignee],card_component_html,beta-parent,a,Attribute Value Modification,APPLICABLE,,-
card-assignee,[attr.x-test-card-assignee],card_component_html,beta-parent,b,Attribute Removal,APPLICABLE,,-
card-assignee,[attr.x-test-card-assignee],card_component_html,beta-parent,c,Attribute Identifier Modification,APPLICABLE,,-
card-assignee,[attr.x-test-card-assignee],card_component_html,beta-parent,f,HTML Tag Movement (within a container),APPLICABLE,,-
card-assignee,[attr.x-test-card-assignee],card_component_html,beta-parent,g,HTML Tag Movement (any point of the HTML tree),APPLICABLE,,-
card-assignee,[attr.x-test-card-assignee],card_component_html,beta-parent,i,HTML Tag Removal,APPLICABLE,,-
card-assignee,[attr.x-test-card-assignee],card_component_html,beta-parent,j,HTML Tag Type Modification,APPLICABLE,,-
card-assignee,[attr.x-test-card-assignee],card_component_html,beta-parent,k,HTML Tag Insertion,APPLICABLE,,-
card-assignee,[attr.x-test-card-assignee],card_component_html,gamma-ancestor,d,Text Content Modification,NA,no-text-content,-
card-assignee,[attr.x-test-card-assignee],card_component_html,gamma-ancestor,e,Text Content Removal,NA,no-text-content,-
card-assignee,[attr.x-test-card-assignee],card_component_html,gamma-ancestor,f,HTML Tag Movement (within a container),NA,no-sibling-to-reorder,-
card-assignee,[attr.x-test-card-assignee],card_component_html,gamma-ancestor,g,HTML Tag Movement (any point of the HTML tree),NA,root-element,-
card-assignee,[attr.x-test-card-assignee],card_component_html,gamma-ancestor,h,HTML Tag Movement (between two templates),NA,between-templates-na-perfile,-
card-assignee,[attr.x-test-card-assignee],card_component_html,gamma-ancestor,i,HTML Tag Removal,NA,root-element,-
card-assignee,[attr.x-test-card-assignee],card_component_html,gamma-ancestor,a,Attribute Value Modification,APPLICABLE,,-
card-assignee,[attr.x-test-card-assignee],card_component_html,gamma-ancestor,b,Attribute Removal,APPLICABLE,,-
card-assignee,[attr.x-test-card-assignee],card_component_html,gamma-ancestor,c,Attribute Identifier Modification,APPLICABLE,,-
card-assignee,[attr.x-test-card-assignee],card_component_html,gamma-ancestor,j,HTML Tag Type Modification,APPLICABLE,,-
card-assignee,[attr.x-test-card-assignee],card_component_html,gamma-ancestor,k,HTML Tag Insertion,APPLICABLE,,-
card-assignee,[attr.x-test-card-assignee],card_component_html,delta-sibling,h,HTML Tag Movement (between two templates),NA,between-templates-na-perfile,-
card-assignee,[attr.x-test-card-assignee],card_component_html,delta-sibling,a,Attribute Value Modification,APPLICABLE,,-
card-assignee,[attr.x-test-card-assignee],card_component_html,delta-sibling,b,Attribute Removal,APPLICABLE,,-
card-assignee,[attr.x-test-card-assignee],card_component_html,delta-sibling,c,Attribute Identifier Modification,APPLICABLE,,-
card-assignee,[attr.x-test-card-assignee],card_component_html,delta-sibling,d,Text Content Modification,APPLICABLE,,-
card-assignee,[attr.x-test-card-assignee],card_component_html,delta-sibling,e,Text Content Removal,APPLICABLE,,-
card-assignee,[attr.x-test-card-assignee],card_component_html,delta-sibling,f,HTML Tag Movement (within a container),APPLICABLE,,-
card-assignee,[attr.x-test-card-assignee],card_component_html,delta-sibling,g,HTML Tag Movement (any point of the HTML tree),APPLICABLE,,-
card-assignee,[attr.x-test-card-assignee],card_component_html,delta-sibling,i,HTML Tag Removal,APPLICABLE,,-
card-assignee,[attr.x-test-card-assignee],card_component_html,delta-sibling,j,HTML Tag Type Modification,APPLICABLE,,-
card-assignee,[attr.x-test-card-assignee],card_component_html,delta-sibling,k,HTML Tag Insertion,APPLICABLE,,-
card-assignee,[attr.x-test-card-assignee],card_component_html,epsilon-component,a,Attribute Value Modification,NA,no-such-role,-
card-assignee,[attr.x-test-card-assignee],card_component_html,epsilon-component,b,Attribute Removal,NA,no-such-role,-
card-assignee,[attr.x-test-card-assignee],card_component_html,epsilon-component,c,Attribute Identifier Modification,NA,no-such-role,-
card-assignee,[attr.x-test-card-assignee],card_component_html,epsilon-component,d,Text Content Modification,NA,no-such-role,-
card-assignee,[attr.x-test-card-assignee],card_component_html,epsilon-component,e,Text Content Removal,NA,no-such-role,-
card-assignee,[attr.x-test-card-assignee],card_component_html,epsilon-component,f,HTML Tag Movement (within a container),NA,no-such-role,-
card-assignee,[attr.x-test-card-assignee],card_component_html,epsilon-component,g,HTML Tag Movement (any point of the HTML tree),NA,no-such-role,-
card-assignee,[attr.x-test-card-assignee],card_component_html,epsilon-component,h,HTML Tag Movement (between two templates),NA,no-such-role,-
card-assignee,[attr.x-test-card-assignee],card_component_html,epsilon-component,i,HTML Tag Removal,NA,no-such-role,-
card-assignee,[attr.x-test-card-assignee],card_component_html,epsilon-component,j,HTML Tag Type Modification,NA,no-such-role,-
card-assignee,[attr.x-test-card-assignee],card_component_html,epsilon-component,k,HTML Tag Insertion,NA,no-such-role,-
card-tags,[attr.x-test-card-tags],card_component_html,alpha-target,h,HTML Tag Movement (between two templates),NA,between-templates-na-perfile,-
card-tags,[attr.x-test-card-tags],card_component_html,alpha-target,a,Attribute Value Modification,APPLICABLE,,-
card-tags,[attr.x-test-card-tags],card_component_html,alpha-target,b,Attribute Removal,APPLICABLE,,-
card-tags,[attr.x-test-card-tags],card_component_html,alpha-target,c,Attribute Identifier Modification,APPLICABLE,,-
card-tags,[attr.x-test-card-tags],card_component_html,alpha-target,d,Text Content Modification,APPLICABLE,,-
card-tags,[attr.x-test-card-tags],card_component_html,alpha-target,e,Text Content Removal,APPLICABLE,,-
card-tags,[attr.x-test-card-tags],card_component_html,alpha-target,f,HTML Tag Movement (within a container),APPLICABLE,,-
card-tags,[attr.x-test-card-tags],card_component_html,alpha-target,g,HTML Tag Movement (any point of the HTML tree),APPLICABLE,,-
card-tags,[attr.x-test-card-tags],card_component_html,alpha-target,i,HTML Tag Removal,APPLICABLE,,-
card-tags,[attr.x-test-card-tags],card_component_html,alpha-target,j,HTML Tag Type Modification,APPLICABLE,,-
card-tags,[attr.x-test-card-tags],card_component_html,alpha-target,k,HTML Tag Insertion,APPLICABLE,,-
card-tags,[attr.x-test-card-tags],card_component_html,beta-parent,d,Text Content Modification,NA,no-text-content,-
card-tags,[attr.x-test-card-tags],card_component_html,beta-parent,e,Text Content Removal,NA,no-text-content,-
card-tags,[attr.x-test-card-tags],card_component_html,beta-parent,h,HTML Tag Movement (between two templates),NA,between-templates-na-perfile,-
card-tags,[attr.x-test-card-tags],card_component_html,beta-parent,a,Attribute Value Modification,APPLICABLE,,-
card-tags,[attr.x-test-card-tags],card_component_html,beta-parent,b,Attribute Removal,APPLICABLE,,-
card-tags,[attr.x-test-card-tags],card_component_html,beta-parent,c,Attribute Identifier Modification,APPLICABLE,,-
card-tags,[attr.x-test-card-tags],card_component_html,beta-parent,f,HTML Tag Movement (within a container),APPLICABLE,,-
card-tags,[attr.x-test-card-tags],card_component_html,beta-parent,g,HTML Tag Movement (any point of the HTML tree),APPLICABLE,,-
card-tags,[attr.x-test-card-tags],card_component_html,beta-parent,i,HTML Tag Removal,APPLICABLE,,-
card-tags,[attr.x-test-card-tags],card_component_html,beta-parent,j,HTML Tag Type Modification,APPLICABLE,,-
card-tags,[attr.x-test-card-tags],card_component_html,beta-parent,k,HTML Tag Insertion,APPLICABLE,,-
card-tags,[attr.x-test-card-tags],card_component_html,gamma-ancestor,d,Text Content Modification,NA,no-text-content,-
card-tags,[attr.x-test-card-tags],card_component_html,gamma-ancestor,e,Text Content Removal,NA,no-text-content,-
card-tags,[attr.x-test-card-tags],card_component_html,gamma-ancestor,f,HTML Tag Movement (within a container),NA,no-sibling-to-reorder,-
card-tags,[attr.x-test-card-tags],card_component_html,gamma-ancestor,g,HTML Tag Movement (any point of the HTML tree),NA,root-element,-
card-tags,[attr.x-test-card-tags],card_component_html,gamma-ancestor,h,HTML Tag Movement (between two templates),NA,between-templates-na-perfile,-
card-tags,[attr.x-test-card-tags],card_component_html,gamma-ancestor,i,HTML Tag Removal,NA,root-element,-
card-tags,[attr.x-test-card-tags],card_component_html,gamma-ancestor,a,Attribute Value Modification,APPLICABLE,,-
card-tags,[attr.x-test-card-tags],card_component_html,gamma-ancestor,b,Attribute Removal,APPLICABLE,,-
card-tags,[attr.x-test-card-tags],card_component_html,gamma-ancestor,c,Attribute Identifier Modification,APPLICABLE,,-
card-tags,[attr.x-test-card-tags],card_component_html,gamma-ancestor,j,HTML Tag Type Modification,APPLICABLE,,-
card-tags,[attr.x-test-card-tags],card_component_html,gamma-ancestor,k,HTML Tag Insertion,APPLICABLE,,-
card-tags,[attr.x-test-card-tags],card_component_html,delta-sibling,h,HTML Tag Movement (between two templates),NA,between-templates-na-perfile,-
card-tags,[attr.x-test-card-tags],card_component_html,delta-sibling,a,Attribute Value Modification,APPLICABLE,,-
card-tags,[attr.x-test-card-tags],card_component_html,delta-sibling,b,Attribute Removal,APPLICABLE,,-
card-tags,[attr.x-test-card-tags],card_component_html,delta-sibling,c,Attribute Identifier Modification,APPLICABLE,,-
card-tags,[attr.x-test-card-tags],card_component_html,delta-sibling,d,Text Content Modification,APPLICABLE,,-
card-tags,[attr.x-test-card-tags],card_component_html,delta-sibling,e,Text Content Removal,APPLICABLE,,-
card-tags,[attr.x-test-card-tags],card_component_html,delta-sibling,f,HTML Tag Movement (within a container),APPLICABLE,,-
card-tags,[attr.x-test-card-tags],card_component_html,delta-sibling,g,HTML Tag Movement (any point of the HTML tree),APPLICABLE,,-
card-tags,[attr.x-test-card-tags],card_component_html,delta-sibling,i,HTML Tag Removal,APPLICABLE,,-
card-tags,[attr.x-test-card-tags],card_component_html,delta-sibling,j,HTML Tag Type Modification,APPLICABLE,,-
card-tags,[attr.x-test-card-tags],card_component_html,delta-sibling,k,HTML Tag Insertion,APPLICABLE,,-
card-tags,[attr.x-test-card-tags],card_component_html,epsilon-component,a,Attribute Value Modification,NA,no-such-role,-
card-tags,[attr.x-test-card-tags],card_component_html,epsilon-component,b,Attribute Removal,NA,no-such-role,-
card-tags,[attr.x-test-card-tags],card_component_html,epsilon-component,c,Attribute Identifier Modification,NA,no-such-role,-
card-tags,[attr.x-test-card-tags],card_component_html,epsilon-component,d,Text Content Modification,NA,no-such-role,-
card-tags,[attr.x-test-card-tags],card_component_html,epsilon-component,e,Text Content Removal,NA,no-such-role,-
card-tags,[attr.x-test-card-tags],card_component_html,epsilon-component,f,HTML Tag Movement (within a container),NA,no-such-role,-
card-tags,[attr.x-test-card-tags],card_component_html,epsilon-component,g,HTML Tag Movement (any point of the HTML tree),NA,no-such-role,-
card-tags,[attr.x-test-card-tags],card_component_html,epsilon-component,h,HTML Tag Movement (between two templates),NA,no-such-role,-
card-tags,[attr.x-test-card-tags],card_component_html,epsilon-component,i,HTML Tag Removal,NA,no-such-role,-
card-tags,[attr.x-test-card-tags],card_component_html,epsilon-component,j,HTML Tag Type Modification,NA,no-such-role,-
card-tags,[attr.x-test-card-tags],card_component_html,epsilon-component,k,HTML Tag Insertion,NA,no-such-role,-
card-move,[attr.x-test-card-move],card_component_html,alpha-target,d,Text Content Modification,NA,no-text-content,-
card-move,[attr.x-test-card-move],card_component_html,alpha-target,e,Text Content Removal,NA,no-text-content,-
card-move,[attr.x-test-card-move],card_component_html,alpha-target,h,HTML Tag Movement (between two templates),NA,between-templates-na-perfile,-
card-move,[attr.x-test-card-move],card_component_html,alpha-target,a,Attribute Value Modification,APPLICABLE,,-
card-move,[attr.x-test-card-move],card_component_html,alpha-target,b,Attribute Removal,APPLICABLE,,-
card-move,[attr.x-test-card-move],card_component_html,alpha-target,c,Attribute Identifier Modification,APPLICABLE,,-
card-move,[attr.x-test-card-move],card_component_html,alpha-target,f,HTML Tag Movement (within a container),APPLICABLE,,-
card-move,[attr.x-test-card-move],card_component_html,alpha-target,g,HTML Tag Movement (any point of the HTML tree),APPLICABLE,,-
card-move,[attr.x-test-card-move],card_component_html,alpha-target,i,HTML Tag Removal,APPLICABLE,,-
card-move,[attr.x-test-card-move],card_component_html,alpha-target,j,HTML Tag Type Modification,APPLICABLE,,-
card-move,[attr.x-test-card-move],card_component_html,alpha-target,k,HTML Tag Insertion,APPLICABLE,,-
card-move,[attr.x-test-card-move],card_component_html,beta-parent,d,Text Content Modification,NA,no-text-content,-
card-move,[attr.x-test-card-move],card_component_html,beta-parent,e,Text Content Removal,NA,no-text-content,-
card-move,[attr.x-test-card-move],card_component_html,beta-parent,h,HTML Tag Movement (between two templates),NA,between-templates-na-perfile,-
card-move,[attr.x-test-card-move],card_component_html,beta-parent,a,Attribute Value Modification,APPLICABLE,,-
card-move,[attr.x-test-card-move],card_component_html,beta-parent,b,Attribute Removal,APPLICABLE,,-
card-move,[attr.x-test-card-move],card_component_html,beta-parent,c,Attribute Identifier Modification,APPLICABLE,,-
card-move,[attr.x-test-card-move],card_component_html,beta-parent,f,HTML Tag Movement (within a container),APPLICABLE,,-
card-move,[attr.x-test-card-move],card_component_html,beta-parent,g,HTML Tag Movement (any point of the HTML tree),APPLICABLE,,-
card-move,[attr.x-test-card-move],card_component_html,beta-parent,i,HTML Tag Removal,APPLICABLE,,-
card-move,[attr.x-test-card-move],card_component_html,beta-parent,j,HTML Tag Type Modification,APPLICABLE,,-
card-move,[attr.x-test-card-move],card_component_html,beta-parent,k,HTML Tag Insertion,APPLICABLE,,-
card-move,[attr.x-test-card-move],card_component_html,gamma-ancestor,d,Text Content Modification,NA,no-text-content,-
card-move,[attr.x-test-card-move],card_component_html,gamma-ancestor,e,Text Content Removal,NA,no-text-content,-
card-move,[attr.x-test-card-move],card_component_html,gamma-ancestor,h,HTML Tag Movement (between two templates),NA,between-templates-na-perfile,-
card-move,[attr.x-test-card-move],card_component_html,gamma-ancestor,a,Attribute Value Modification,APPLICABLE,,-
card-move,[attr.x-test-card-move],card_component_html,gamma-ancestor,b,Attribute Removal,APPLICABLE,,-
card-move,[attr.x-test-card-move],card_component_html,gamma-ancestor,c,Attribute Identifier Modification,APPLICABLE,,-
card-move,[attr.x-test-card-move],card_component_html,gamma-ancestor,f,HTML Tag Movement (within a container),APPLICABLE,,-
card-move,[attr.x-test-card-move],card_component_html,gamma-ancestor,g,HTML Tag Movement (any point of the HTML tree),APPLICABLE,,-
card-move,[attr.x-test-card-move],card_component_html,gamma-ancestor,i,HTML Tag Removal,APPLICABLE,,-
card-move,[attr.x-test-card-move],card_component_html,gamma-ancestor,j,HTML Tag Type Modification,APPLICABLE,,-
card-move,[attr.x-test-card-move],card_component_html,gamma-ancestor,k,HTML Tag Insertion,APPLICABLE,,-
card-move,[attr.x-test-card-move],card_component_html,delta-sibling,h,HTML Tag Movement (between two templates),NA,between-templates-na-perfile,-
card-move,[attr.x-test-card-move],card_component_html,delta-sibling,a,Attribute Value Modification,APPLICABLE,,-
card-move,[attr.x-test-card-move],card_component_html,delta-sibling,b,Attribute Removal,APPLICABLE,,-
card-move,[attr.x-test-card-move],card_component_html,delta-sibling,c,Attribute Identifier Modification,APPLICABLE,,-
card-move,[attr.x-test-card-move],card_component_html,delta-sibling,d,Text Content Modification,APPLICABLE,,-
card-move,[attr.x-test-card-move],card_component_html,delta-sibling,e,Text Content Removal,APPLICABLE,,-
card-move,[attr.x-test-card-move],card_component_html,delta-sibling,f,HTML Tag Movement (within a container),APPLICABLE,,-
card-move,[attr.x-test-card-move],card_component_html,delta-sibling,g,HTML Tag Movement (any point of the HTML tree),APPLICABLE,,-
card-move,[attr.x-test-card-move],card_component_html,delta-sibling,i,HTML Tag Removal,APPLICABLE,,-
card-move,[attr.x-test-card-move],card_component_html,delta-sibling,j,HTML Tag Type Modification,APPLICABLE,,-
card-move,[attr.x-test-card-move],card_component_html,delta-sibling,k,HTML Tag Insertion,APPLICABLE,,-
card-move,[attr.x-test-card-move],card_component_html,epsilon-component,a,Attribute Value Modification,NA,no-such-role,-
card-move,[attr.x-test-card-move],card_component_html,epsilon-component,b,Attribute Removal,NA,no-such-role,-
card-move,[attr.x-test-card-move],card_component_html,epsilon-component,c,Attribute Identifier Modification,NA,no-such-role,-
card-move,[attr.x-test-card-move],card_component_html,epsilon-component,d,Text Content Modification,NA,no-such-role,-
card-move,[attr.x-test-card-move],card_component_html,epsilon-component,e,Text Content Removal,NA,no-such-role,-
card-move,[attr.x-test-card-move],card_component_html,epsilon-component,f,HTML Tag Movement (within a container),NA,no-such-role,-
card-move,[attr.x-test-card-move],card_component_html,epsilon-component,g,HTML Tag Movement (any point of the HTML tree),NA,no-such-role,-
card-move,[attr.x-test-card-move],card_component_html,epsilon-component,h,HTML Tag Movement (between two templates),NA,no-such-role,-
card-move,[attr.x-test-card-move],card_component_html,epsilon-component,i,HTML Tag Removal,NA,no-such-role,-
card-move,[attr.x-test-card-move],card_component_html,epsilon-component,j,HTML Tag Type Modification,NA,no-such-role,-
card-move,[attr.x-test-card-move],card_component_html,epsilon-component,k,HTML Tag Insertion,NA,no-such-role,-
card-open,[attr.x-test-card-open],card_component_html,alpha-target,d,Text Content Modification,NA,no-text-content,-
card-open,[attr.x-test-card-open],card_component_html,alpha-target,e,Text Content Removal,NA,no-text-content,-
card-open,[attr.x-test-card-open],card_component_html,alpha-target,h,HTML Tag Movement (between two templates),NA,between-templates-na-perfile,-
card-open,[attr.x-test-card-open],card_component_html,alpha-target,a,Attribute Value Modification,APPLICABLE,,-
card-open,[attr.x-test-card-open],card_component_html,alpha-target,b,Attribute Removal,APPLICABLE,,-
card-open,[attr.x-test-card-open],card_component_html,alpha-target,c,Attribute Identifier Modification,APPLICABLE,,-
card-open,[attr.x-test-card-open],card_component_html,alpha-target,f,HTML Tag Movement (within a container),APPLICABLE,,-
card-open,[attr.x-test-card-open],card_component_html,alpha-target,g,HTML Tag Movement (any point of the HTML tree),APPLICABLE,,-
card-open,[attr.x-test-card-open],card_component_html,alpha-target,i,HTML Tag Removal,APPLICABLE,,-
card-open,[attr.x-test-card-open],card_component_html,alpha-target,j,HTML Tag Type Modification,APPLICABLE,,-
card-open,[attr.x-test-card-open],card_component_html,alpha-target,k,HTML Tag Insertion,APPLICABLE,,-
card-open,[attr.x-test-card-open],card_component_html,beta-parent,d,Text Content Modification,NA,no-text-content,-
card-open,[attr.x-test-card-open],card_component_html,beta-parent,e,Text Content Removal,NA,no-text-content,-
card-open,[attr.x-test-card-open],card_component_html,beta-parent,f,HTML Tag Movement (within a container),NA,no-sibling-to-reorder,-
card-open,[attr.x-test-card-open],card_component_html,beta-parent,g,HTML Tag Movement (any point of the HTML tree),NA,root-element,-
card-open,[attr.x-test-card-open],card_component_html,beta-parent,h,HTML Tag Movement (between two templates),NA,between-templates-na-perfile,-
card-open,[attr.x-test-card-open],card_component_html,beta-parent,i,HTML Tag Removal,NA,root-element,-
card-open,[attr.x-test-card-open],card_component_html,beta-parent,a,Attribute Value Modification,APPLICABLE,,-
card-open,[attr.x-test-card-open],card_component_html,beta-parent,b,Attribute Removal,APPLICABLE,,-
card-open,[attr.x-test-card-open],card_component_html,beta-parent,c,Attribute Identifier Modification,APPLICABLE,,-
card-open,[attr.x-test-card-open],card_component_html,beta-parent,j,HTML Tag Type Modification,APPLICABLE,,-
card-open,[attr.x-test-card-open],card_component_html,beta-parent,k,HTML Tag Insertion,APPLICABLE,,-
card-open,[attr.x-test-card-open],card_component_html,gamma-ancestor,a,Attribute Value Modification,NA,no-such-role,-
card-open,[attr.x-test-card-open],card_component_html,gamma-ancestor,b,Attribute Removal,NA,no-such-role,-
card-open,[attr.x-test-card-open],card_component_html,gamma-ancestor,c,Attribute Identifier Modification,NA,no-such-role,-
card-open,[attr.x-test-card-open],card_component_html,gamma-ancestor,d,Text Content Modification,NA,no-such-role,-
card-open,[attr.x-test-card-open],card_component_html,gamma-ancestor,e,Text Content Removal,NA,no-such-role,-
card-open,[attr.x-test-card-open],card_component_html,gamma-ancestor,f,HTML Tag Movement (within a container),NA,no-such-role,-
card-open,[attr.x-test-card-open],card_component_html,gamma-ancestor,g,HTML Tag Movement (any point of the HTML tree),NA,no-such-role,-
card-open,[attr.x-test-card-open],card_component_html,gamma-ancestor,h,HTML Tag Movement (between two templates),NA,no-such-role,-
card-open,[attr.x-test-card-open],card_component_html,gamma-ancestor,i,HTML Tag Removal,NA,no-such-role,-
card-open,[attr.x-test-card-open],card_component_html,gamma-ancestor,j,HTML Tag Type Modification,NA,no-such-role,-
card-open,[attr.x-test-card-open],card_component_html,gamma-ancestor,k,HTML Tag Insertion,NA,no-such-role,-
card-open,[attr.x-test-card-open],card_component_html,delta-sibling,d,Text Content Modification,NA,no-text-content,-
card-open,[attr.x-test-card-open],card_component_html,delta-sibling,e,Text Content Removal,NA,no-text-content,-
card-open,[attr.x-test-card-open],card_component_html,delta-sibling,h,HTML Tag Movement (between two templates),NA,between-templates-na-perfile,-
card-open,[attr.x-test-card-open],card_component_html,delta-sibling,a,Attribute Value Modification,APPLICABLE,,-
card-open,[attr.x-test-card-open],card_component_html,delta-sibling,b,Attribute Removal,APPLICABLE,,-
card-open,[attr.x-test-card-open],card_component_html,delta-sibling,c,Attribute Identifier Modification,APPLICABLE,,-
card-open,[attr.x-test-card-open],card_component_html,delta-sibling,f,HTML Tag Movement (within a container),APPLICABLE,,-
card-open,[attr.x-test-card-open],card_component_html,delta-sibling,g,HTML Tag Movement (any point of the HTML tree),APPLICABLE,,-
card-open,[attr.x-test-card-open],card_component_html,delta-sibling,i,HTML Tag Removal,APPLICABLE,,-
card-open,[attr.x-test-card-open],card_component_html,delta-sibling,j,HTML Tag Type Modification,APPLICABLE,,-
card-open,[attr.x-test-card-open],card_component_html,delta-sibling,k,HTML Tag Insertion,APPLICABLE,,-
card-open,[attr.x-test-card-open],card_component_html,epsilon-component,a,Attribute Value Modification,NA,no-such-role,-
card-open,[attr.x-test-card-open],card_component_html,epsilon-component,b,Attribute Removal,NA,no-such-role,-
card-open,[attr.x-test-card-open],card_component_html,epsilon-component,c,Attribute Identifier Modification,NA,no-such-role,-
card-open,[attr.x-test-card-open],card_component_html,epsilon-component,d,Text Content Modification,NA,no-such-role,-
card-open,[attr.x-test-card-open],card_component_html,epsilon-component,e,Text Content Removal,NA,no-such-role,-
card-open,[attr.x-test-card-open],card_component_html,epsilon-component,f,HTML Tag Movement (within a container),NA,no-such-role,-
card-open,[attr.x-test-card-open],card_component_html,epsilon-component,g,HTML Tag Movement (any point of the HTML tree),NA,no-such-role,-
card-open,[attr.x-test-card-open],card_component_html,epsilon-component,h,HTML Tag Movement (between two templates),NA,no-such-role,-
card-open,[attr.x-test-card-open],card_component_html,epsilon-component,i,HTML Tag Removal,NA,no-such-role,-
card-open,[attr.x-test-card-open],card_component_html,epsilon-component,j,HTML Tag Type Modification,NA,no-such-role,-
card-open,[attr.x-test-card-open],card_component_html,epsilon-component,k,HTML Tag Insertion,NA,no-such-role,-
card-edit,[attr.x-test-card-edit],card_component_html,alpha-target,h,HTML Tag Movement (between two templates),NA,between-templates-na-perfile,-
card-edit,[attr.x-test-card-edit],card_component_html,alpha-target,a,Attribute Value Modification,APPLICABLE,,-
card-edit,[attr.x-test-card-edit],card_component_html,alpha-target,b,Attribute Removal,APPLICABLE,,-
card-edit,[attr.x-test-card-edit],card_component_html,alpha-target,c,Attribute Identifier Modification,APPLICABLE,,-
card-edit,[attr.x-test-card-edit],card_component_html,alpha-target,d,Text Content Modification,APPLICABLE,,-
card-edit,[attr.x-test-card-edit],card_component_html,alpha-target,e,Text Content Removal,APPLICABLE,,-
card-edit,[attr.x-test-card-edit],card_component_html,alpha-target,f,HTML Tag Movement (within a container),APPLICABLE,,-
card-edit,[attr.x-test-card-edit],card_component_html,alpha-target,g,HTML Tag Movement (any point of the HTML tree),APPLICABLE,,-
card-edit,[attr.x-test-card-edit],card_component_html,alpha-target,i,HTML Tag Removal,APPLICABLE,,-
card-edit,[attr.x-test-card-edit],card_component_html,alpha-target,j,HTML Tag Type Modification,APPLICABLE,,-
card-edit,[attr.x-test-card-edit],card_component_html,alpha-target,k,HTML Tag Insertion,APPLICABLE,,-
card-edit,[attr.x-test-card-edit],card_component_html,beta-parent,d,Text Content Modification,NA,no-text-content,-
card-edit,[attr.x-test-card-edit],card_component_html,beta-parent,e,Text Content Removal,NA,no-text-content,-
card-edit,[attr.x-test-card-edit],card_component_html,beta-parent,h,HTML Tag Movement (between two templates),NA,between-templates-na-perfile,-
card-edit,[attr.x-test-card-edit],card_component_html,beta-parent,a,Attribute Value Modification,APPLICABLE,,-
card-edit,[attr.x-test-card-edit],card_component_html,beta-parent,b,Attribute Removal,APPLICABLE,,-
card-edit,[attr.x-test-card-edit],card_component_html,beta-parent,c,Attribute Identifier Modification,APPLICABLE,,-
card-edit,[attr.x-test-card-edit],card_component_html,beta-parent,f,HTML Tag Movement (within a container),APPLICABLE,,-
card-edit,[attr.x-test-card-edit],card_component_html,beta-parent,g,HTML Tag Movement (any point of the HTML tree),APPLICABLE,,-
card-edit,[attr.x-test-card-edit],card_component_html,beta-parent,i,HTML Tag Removal,APPLICABLE,,-
card-edit,[attr.x-test-card-edit],card_component_html,beta-parent,j,HTML Tag Type Modification,APPLICABLE,,-
card-edit,[attr.x-test-card-edit],card_component_html,beta-parent,k,HTML Tag Insertion,APPLICABLE,,-
card-edit,[attr.x-test-card-edit],card_component_html,gamma-ancestor,d,Text Content Modification,NA,no-text-content,-
card-edit,[attr.x-test-card-edit],card_component_html,gamma-ancestor,e,Text Content Removal,NA,no-text-content,-
card-edit,[attr.x-test-card-edit],card_component_html,gamma-ancestor,f,HTML Tag Movement (within a container),NA,no-sibling-to-reorder,-
card-edit,[attr.x-test-card-edit],card_component_html,gamma-ancestor,g,HTML Tag Movement (any point of the HTML tree),NA,root-element,-
card-edit,[attr.x-test-card-edit],card_component_html,gamma-ancestor,h,HTML Tag Movement (between two templates),NA,between-templates-na-perfile,-
card-edit,[attr.x-test-card-edit],card_component_html,gamma-ancestor,i,HTML Tag Removal,NA,root-element,-
card-edit,[attr.x-test-card-edit],card_component_html,gamma-ancestor,a,Attribute Value Modification,APPLICABLE,,-
card-edit,[attr.x-test-card-edit],card_component_html,gamma-ancestor,b,Attribute Removal,APPLICABLE,,-
card-edit,[attr.x-test-card-edit],card_component_html,gamma-ancestor,c,Attribute Identifier Modification,APPLICABLE,,-
card-edit,[attr.x-test-card-edit],card_component_html,gamma-ancestor,j,HTML Tag Type Modification,APPLICABLE,,-
card-edit,[attr.x-test-card-edit],card_component_html,gamma-ancestor,k,HTML Tag Insertion,APPLICABLE,,-
card-edit,[attr.x-test-card-edit],card_component_html,delta-sibling,h,HTML Tag Movement (between two templates),NA,between-templates-na-perfile,-
card-edit,[attr.x-test-card-edit],card_component_html,delta-sibling,a,Attribute Value Modification,APPLICABLE,,-
card-edit,[attr.x-test-card-edit],card_component_html,delta-sibling,b,Attribute Removal,APPLICABLE,,-
card-edit,[attr.x-test-card-edit],card_component_html,delta-sibling,c,Attribute Identifier Modification,APPLICABLE,,-
card-edit,[attr.x-test-card-edit],card_component_html,delta-sibling,d,Text Content Modification,APPLICABLE,,-
card-edit,[attr.x-test-card-edit],card_component_html,delta-sibling,e,Text Content Removal,APPLICABLE,,-
card-edit,[attr.x-test-card-edit],card_component_html,delta-sibling,f,HTML Tag Movement (within a container),APPLICABLE,,-
card-edit,[attr.x-test-card-edit],card_component_html,delta-sibling,g,HTML Tag Movement (any point of the HTML tree),APPLICABLE,,-
card-edit,[attr.x-test-card-edit],card_component_html,delta-sibling,i,HTML Tag Removal,APPLICABLE,,-
card-edit,[attr.x-test-card-edit],card_component_html,delta-sibling,j,HTML Tag Type Modification,APPLICABLE,,-
card-edit,[attr.x-test-card-edit],card_component_html,delta-sibling,k,HTML Tag Insertion,APPLICABLE,,-
card-edit,[attr.x-test-card-edit],card_component_html,epsilon-component,a,Attribute Value Modification,NA,no-such-role,-
card-edit,[attr.x-test-card-edit],card_component_html,epsilon-component,b,Attribute Removal,NA,no-such-role,-
card-edit,[attr.x-test-card-edit],card_component_html,epsilon-component,c,Attribute Identifier Modification,NA,no-such-role,-
card-edit,[attr.x-test-card-edit],card_component_html,epsilon-component,d,Text Content Modification,NA,no-such-role,-
card-edit,[attr.x-test-card-edit],card_component_html,epsilon-component,e,Text Content Removal,NA,no-such-role,-
card-edit,[attr.x-test-card-edit],card_component_html,epsilon-component,f,HTML Tag Movement (within a container),NA,no-such-role,-
card-edit,[attr.x-test-card-edit],card_component_html,epsilon-component,g,HTML Tag Movement (any point of the HTML tree),NA,no-such-role,-
card-edit,[attr.x-test-card-edit],card_component_html,epsilon-component,h,HTML Tag Movement (between two templates),NA,no-such-role,-
card-edit,[attr.x-test-card-edit],card_component_html,epsilon-component,i,HTML Tag Removal,NA,no-such-role,-
card-edit,[attr.x-test-card-edit],card_component_html,epsilon-component,j,HTML Tag Type Modification,NA,no-such-role,-
card-edit,[attr.x-test-card-edit],card_component_html,epsilon-component,k,HTML Tag Insertion,NA,no-such-role,-
card-delete,[attr.x-test-card-delete],card_component_html,alpha-target,h,HTML Tag Movement (between two templates),NA,between-templates-na-perfile,-
card-delete,[attr.x-test-card-delete],card_component_html,alpha-target,a,Attribute Value Modification,APPLICABLE,,-
card-delete,[attr.x-test-card-delete],card_component_html,alpha-target,b,Attribute Removal,APPLICABLE,,-
card-delete,[attr.x-test-card-delete],card_component_html,alpha-target,c,Attribute Identifier Modification,APPLICABLE,,-
card-delete,[attr.x-test-card-delete],card_component_html,alpha-target,d,Text Content Modification,APPLICABLE,,-
card-delete,[attr.x-test-card-delete],card_component_html,alpha-target,e,Text Content Removal,APPLICABLE,,-
card-delete,[attr.x-test-card-delete],card_component_html,alpha-target,f,HTML Tag Movement (within a container),APPLICABLE,,-
card-delete,[attr.x-test-card-delete],card_component_html,alpha-target,g,HTML Tag Movement (any point of the HTML tree),APPLICABLE,,-
card-delete,[attr.x-test-card-delete],card_component_html,alpha-target,i,HTML Tag Removal,APPLICABLE,,-
card-delete,[attr.x-test-card-delete],card_component_html,alpha-target,j,HTML Tag Type Modification,APPLICABLE,,-
card-delete,[attr.x-test-card-delete],card_component_html,alpha-target,k,HTML Tag Insertion,APPLICABLE,,-
card-delete,[attr.x-test-card-delete],card_component_html,beta-parent,d,Text Content Modification,NA,no-text-content,-
card-delete,[attr.x-test-card-delete],card_component_html,beta-parent,e,Text Content Removal,NA,no-text-content,-
card-delete,[attr.x-test-card-delete],card_component_html,beta-parent,h,HTML Tag Movement (between two templates),NA,between-templates-na-perfile,-
card-delete,[attr.x-test-card-delete],card_component_html,beta-parent,a,Attribute Value Modification,APPLICABLE,,-
card-delete,[attr.x-test-card-delete],card_component_html,beta-parent,b,Attribute Removal,APPLICABLE,,-
card-delete,[attr.x-test-card-delete],card_component_html,beta-parent,c,Attribute Identifier Modification,APPLICABLE,,-
card-delete,[attr.x-test-card-delete],card_component_html,beta-parent,f,HTML Tag Movement (within a container),APPLICABLE,,-
card-delete,[attr.x-test-card-delete],card_component_html,beta-parent,g,HTML Tag Movement (any point of the HTML tree),APPLICABLE,,-
card-delete,[attr.x-test-card-delete],card_component_html,beta-parent,i,HTML Tag Removal,APPLICABLE,,-
card-delete,[attr.x-test-card-delete],card_component_html,beta-parent,j,HTML Tag Type Modification,APPLICABLE,,-
card-delete,[attr.x-test-card-delete],card_component_html,beta-parent,k,HTML Tag Insertion,APPLICABLE,,-
card-delete,[attr.x-test-card-delete],card_component_html,gamma-ancestor,d,Text Content Modification,NA,no-text-content,-
card-delete,[attr.x-test-card-delete],card_component_html,gamma-ancestor,e,Text Content Removal,NA,no-text-content,-
card-delete,[attr.x-test-card-delete],card_component_html,gamma-ancestor,f,HTML Tag Movement (within a container),NA,no-sibling-to-reorder,-
card-delete,[attr.x-test-card-delete],card_component_html,gamma-ancestor,g,HTML Tag Movement (any point of the HTML tree),NA,root-element,-
card-delete,[attr.x-test-card-delete],card_component_html,gamma-ancestor,h,HTML Tag Movement (between two templates),NA,between-templates-na-perfile,-
card-delete,[attr.x-test-card-delete],card_component_html,gamma-ancestor,i,HTML Tag Removal,NA,root-element,-
card-delete,[attr.x-test-card-delete],card_component_html,gamma-ancestor,a,Attribute Value Modification,APPLICABLE,,-
card-delete,[attr.x-test-card-delete],card_component_html,gamma-ancestor,b,Attribute Removal,APPLICABLE,,-
card-delete,[attr.x-test-card-delete],card_component_html,gamma-ancestor,c,Attribute Identifier Modification,APPLICABLE,,-
card-delete,[attr.x-test-card-delete],card_component_html,gamma-ancestor,j,HTML Tag Type Modification,APPLICABLE,,-
card-delete,[attr.x-test-card-delete],card_component_html,gamma-ancestor,k,HTML Tag Insertion,APPLICABLE,,-
card-delete,[attr.x-test-card-delete],card_component_html,delta-sibling,h,HTML Tag Movement (between two templates),NA,between-templates-na-perfile,-
card-delete,[attr.x-test-card-delete],card_component_html,delta-sibling,a,Attribute Value Modification,APPLICABLE,,-
card-delete,[attr.x-test-card-delete],card_component_html,delta-sibling,b,Attribute Removal,APPLICABLE,,-
card-delete,[attr.x-test-card-delete],card_component_html,delta-sibling,c,Attribute Identifier Modification,APPLICABLE,,-
card-delete,[attr.x-test-card-delete],card_component_html,delta-sibling,d,Text Content Modification,APPLICABLE,,-
card-delete,[attr.x-test-card-delete],card_component_html,delta-sibling,e,Text Content Removal,APPLICABLE,,-
card-delete,[attr.x-test-card-delete],card_component_html,delta-sibling,f,HTML Tag Movement (within a container),APPLICABLE,,-
card-delete,[attr.x-test-card-delete],card_component_html,delta-sibling,g,HTML Tag Movement (any point of the HTML tree),APPLICABLE,,-
card-delete,[attr.x-test-card-delete],card_component_html,delta-sibling,i,HTML Tag Removal,APPLICABLE,,-
card-delete,[attr.x-test-card-delete],card_component_html,delta-sibling,j,HTML Tag Type Modification,APPLICABLE,,-
card-delete,[attr.x-test-card-delete],card_component_html,delta-sibling,k,HTML Tag Insertion,APPLICABLE,,-
card-delete,[attr.x-test-card-delete],card_component_html,epsilon-component,a,Attribute Value Modification,NA,no-such-role,-
card-delete,[attr.x-test-card-delete],card_component_html,epsilon-component,b,Attribute Removal,NA,no-such-role,-
card-delete,[attr.x-test-card-delete],card_component_html,epsilon-component,c,Attribute Identifier Modification,NA,no-such-role,-
card-delete,[attr.x-test-card-delete],card_component_html,epsilon-component,d,Text Content Modification,NA,no-such-role,-
card-delete,[attr.x-test-card-delete],card_component_html,epsilon-component,e,Text Content Removal,NA,no-such-role,-
card-delete,[attr.x-test-card-delete],card_component_html,epsilon-component,f,HTML Tag Movement (within a container),NA,no-such-role,-
card-delete,[attr.x-test-card-delete],card_component_html,epsilon-component,g,HTML Tag Movement (any point of the HTML tree),NA,no-such-role,-
card-delete,[attr.x-test-card-delete],card_component_html,epsilon-component,h,HTML Tag Movement (between two templates),NA,no-such-role,-
card-delete,[attr.x-test-card-delete],card_component_html,epsilon-component,i,HTML Tag Removal,NA,no-such-role,-
card-delete,[attr.x-test-card-delete],card_component_html,epsilon-component,j,HTML Tag Type Modification,NA,no-such-role,-
card-delete,[attr.x-test-card-delete],card_component_html,epsilon-component,k,HTML Tag Insertion,NA,no-such-role,-
column-card-list,x-test-card-list,column_component_html,alpha-target,f,HTML Tag Movement (within a container),NA,no-sibling-to-reorder,-
column-card-list,x-test-card-list,column_component_html,alpha-target,g,HTML Tag Movement (any point of the HTML tree),NA,root-element,-
column-card-list,x-test-card-list,column_component_html,alpha-target,h,HTML Tag Movement (between two templates),NA,between-templates-na-perfile,-
column-card-list,x-test-card-list,column_component_html,alpha-target,i,HTML Tag Removal,NA,root-element,-
column-card-list,x-test-card-list,column_component_html,alpha-target,a,Attribute Value Modification,APPLICABLE,,-
column-card-list,x-test-card-list,column_component_html,alpha-target,b,Attribute Removal,APPLICABLE,,-
column-card-list,x-test-card-list,column_component_html,alpha-target,c,Attribute Identifier Modification,APPLICABLE,,-
column-card-list,x-test-card-list,column_component_html,alpha-target,d,Text Content Modification,APPLICABLE,,-
column-card-list,x-test-card-list,column_component_html,alpha-target,e,Text Content Removal,APPLICABLE,,-
column-card-list,x-test-card-list,column_component_html,alpha-target,j,HTML Tag Type Modification,APPLICABLE,,-
column-card-list,x-test-card-list,column_component_html,alpha-target,k,HTML Tag Insertion,APPLICABLE,,-
column-card-list,x-test-card-list,column_component_html,beta-parent,a,Attribute Value Modification,NA,boundary-element,-
column-card-list,x-test-card-list,column_component_html,beta-parent,b,Attribute Removal,NA,boundary-element,-
column-card-list,x-test-card-list,column_component_html,beta-parent,c,Attribute Identifier Modification,NA,boundary-element,-
column-card-list,x-test-card-list,column_component_html,beta-parent,d,Text Content Modification,NA,boundary-element,-
column-card-list,x-test-card-list,column_component_html,beta-parent,e,Text Content Removal,NA,boundary-element,-
column-card-list,x-test-card-list,column_component_html,beta-parent,f,HTML Tag Movement (within a container),NA,boundary-element,-
column-card-list,x-test-card-list,column_component_html,beta-parent,g,HTML Tag Movement (any point of the HTML tree),NA,boundary-element,-
column-card-list,x-test-card-list,column_component_html,beta-parent,h,HTML Tag Movement (between two templates),NA,boundary-element,-
column-card-list,x-test-card-list,column_component_html,beta-parent,i,HTML Tag Removal,NA,boundary-element,-
column-card-list,x-test-card-list,column_component_html,beta-parent,j,HTML Tag Type Modification,NA,boundary-element,-
column-card-list,x-test-card-list,column_component_html,beta-parent,k,HTML Tag Insertion,NA,boundary-element,-
column-card-list,x-test-card-list,column_component_html,gamma-ancestor,a,Attribute Value Modification,NA,no-such-role,-
column-card-list,x-test-card-list,column_component_html,gamma-ancestor,b,Attribute Removal,NA,no-such-role,-
column-card-list,x-test-card-list,column_component_html,gamma-ancestor,c,Attribute Identifier Modification,NA,no-such-role,-
column-card-list,x-test-card-list,column_component_html,gamma-ancestor,d,Text Content Modification,NA,no-such-role,-
column-card-list,x-test-card-list,column_component_html,gamma-ancestor,e,Text Content Removal,NA,no-such-role,-
column-card-list,x-test-card-list,column_component_html,gamma-ancestor,f,HTML Tag Movement (within a container),NA,no-such-role,-
column-card-list,x-test-card-list,column_component_html,gamma-ancestor,g,HTML Tag Movement (any point of the HTML tree),NA,no-such-role,-
column-card-list,x-test-card-list,column_component_html,gamma-ancestor,h,HTML Tag Movement (between two templates),NA,no-such-role,-
column-card-list,x-test-card-list,column_component_html,gamma-ancestor,i,HTML Tag Removal,NA,no-such-role,-
column-card-list,x-test-card-list,column_component_html,gamma-ancestor,j,HTML Tag Type Modification,NA,no-such-role,-
column-card-list,x-test-card-list,column_component_html,gamma-ancestor,k,HTML Tag Insertion,NA,no-such-role,-
column-card-list,x-test-card-list,column_component_html,delta-sibling,a,Attribute Value Modification,NA,no-such-role,-
column-card-list,x-test-card-list,column_component_html,delta-sibling,b,Attribute Removal,NA,no-such-role,-
column-card-list,x-test-card-list,column_component_html,delta-sibling,c,Attribute Identifier Modification,NA,no-such-role,-
column-card-list,x-test-card-list,column_component_html,delta-sibling,d,Text Content Modification,NA,no-such-role,-
column-card-list,x-test-card-list,column_component_html,delta-sibling,e,Text Content Removal,NA,no-such-role,-
column-card-list,x-test-card-list,column_component_html,delta-sibling,f,HTML Tag Movement (within a container),NA,no-such-role,-
column-card-list,x-test-card-list,column_component_html,delta-sibling,g,HTML Tag Movement (any point of the HTML tree),NA,no-such-role,-
column-card-list,x-test-card-list,column_component_html,delta-sibling,h,HTML Tag Movement (between two templates),NA,no-such-role,-
column-card-list,x-test-card-list,column_component_html,delta-sibling,i,HTML Tag Removal,NA,no-such-role,-
column-card-list,x-test-card-list,column_component_html,delta-sibling,j,HTML Tag Type Modification,NA,no-such-role,-
column-card-list,x-test-card-list,column_component_html,delta-sibling,k,HTML Tag Insertion,NA,no-such-role,-
column-card-list,x-test-card-list,column_component_html,epsilon-component,a,Attribute Value Modification,NA,no-such-role,-
column-card-list,x-test-card-list,column_component_html,epsilon-component,b,Attribute Removal,NA,no-such-role,-
column-card-list,x-test-card-list,column_component_html,epsilon-component,c,Attribute Identifier Modification,NA,no-such-role,-
column-card-list,x-test-card-list,column_component_html,epsilon-component,d,Text Content Modification,NA,no-such-role,-
column-card-list,x-test-card-list,column_component_html,epsilon-component,e,Text Content Removal,NA,no-such-role,-
column-card-list,x-test-card-list,column_component_html,epsilon-component,f,HTML Tag Movement (within a container),NA,no-such-role,-
column-card-list,x-test-card-list,column_component_html,epsilon-component,g,HTML Tag Movement (any point of the HTML tree),NA,no-such-role,-
column-card-list,x-test-card-list,column_component_html,epsilon-component,h,HTML Tag Movement (between two templates),NA,no-such-role,-
column-card-list,x-test-card-list,column_component_html,epsilon-component,i,HTML Tag Removal,NA,no-such-role,-
column-card-list,x-test-card-list,column_component_html,epsilon-component,j,HTML Tag Type Modification,NA,no-such-role,-
column-card-list,x-test-card-list,column_component_html,epsilon-component,k,HTML Tag Insertion,NA,no-such-role,-
column-empty-message,x-test-empty-message,column_component_html,alpha-target,f,HTML Tag Movement (within a container),NA,no-sibling-to-reorder,-
column-empty-message,x-test-empty-message,column_component_html,alpha-target,h,HTML Tag Movement (between two templates),NA,between-templates-na-perfile,-
column-empty-message,x-test-empty-message,column_component_html,alpha-target,i,HTML Tag Removal,NA,would-drop-x-test,-
column-empty-message,x-test-empty-message,column_component_html,alpha-target,a,Attribute Value Modification,APPLICABLE,,-
column-empty-message,x-test-empty-message,column_component_html,alpha-target,b,Attribute Removal,APPLICABLE,,-
column-empty-message,x-test-empty-message,column_component_html,alpha-target,c,Attribute Identifier Modification,APPLICABLE,,-
column-empty-message,x-test-empty-message,column_component_html,alpha-target,d,Text Content Modification,APPLICABLE,,-
column-empty-message,x-test-empty-message,column_component_html,alpha-target,e,Text Content Removal,APPLICABLE,,-
column-empty-message,x-test-empty-message,column_component_html,alpha-target,g,HTML Tag Movement (any point of the HTML tree),APPLICABLE,,-
column-empty-message,x-test-empty-message,column_component_html,alpha-target,j,HTML Tag Type Modification,APPLICABLE,,-
column-empty-message,x-test-empty-message,column_component_html,alpha-target,k,HTML Tag Insertion,APPLICABLE,,-
column-empty-message,x-test-empty-message,column_component_html,beta-parent,d,Text Content Modification,NA,no-text-content,-
column-empty-message,x-test-empty-message,column_component_html,beta-parent,e,Text Content Removal,NA,no-text-content,-
column-empty-message,x-test-empty-message,column_component_html,beta-parent,h,HTML Tag Movement (between two templates),NA,between-templates-na-perfile,-
column-empty-message,x-test-empty-message,column_component_html,beta-parent,a,Attribute Value Modification,APPLICABLE,,-
column-empty-message,x-test-empty-message,column_component_html,beta-parent,b,Attribute Removal,APPLICABLE,,-
column-empty-message,x-test-empty-message,column_component_html,beta-parent,c,Attribute Identifier Modification,APPLICABLE,,-
column-empty-message,x-test-empty-message,column_component_html,beta-parent,f,HTML Tag Movement (within a container),APPLICABLE,,-
column-empty-message,x-test-empty-message,column_component_html,beta-parent,g,HTML Tag Movement (any point of the HTML tree),APPLICABLE,,-
column-empty-message,x-test-empty-message,column_component_html,beta-parent,i,HTML Tag Removal,APPLICABLE,,-
column-empty-message,x-test-empty-message,column_component_html,beta-parent,j,HTML Tag Type Modification,APPLICABLE,,-
column-empty-message,x-test-empty-message,column_component_html,beta-parent,k,HTML Tag Insertion,APPLICABLE,,-
column-empty-message,x-test-empty-message,column_component_html,gamma-ancestor,f,HTML Tag Movement (within a container),NA,no-sibling-to-reorder,-
column-empty-message,x-test-empty-message,column_component_html,gamma-ancestor,g,HTML Tag Movement (any point of the HTML tree),NA,root-element,-
column-empty-message,x-test-empty-message,column_component_html,gamma-ancestor,h,HTML Tag Movement (between two templates),NA,between-templates-na-perfile,-
column-empty-message,x-test-empty-message,column_component_html,gamma-ancestor,i,HTML Tag Removal,NA,root-element,-
column-empty-message,x-test-empty-message,column_component_html,gamma-ancestor,a,Attribute Value Modification,APPLICABLE,,-
column-empty-message,x-test-empty-message,column_component_html,gamma-ancestor,b,Attribute Removal,APPLICABLE,,-
column-empty-message,x-test-empty-message,column_component_html,gamma-ancestor,c,Attribute Identifier Modification,APPLICABLE,,-
column-empty-message,x-test-empty-message,column_component_html,gamma-ancestor,d,Text Content Modification,APPLICABLE,,-
column-empty-message,x-test-empty-message,column_component_html,gamma-ancestor,e,Text Content Removal,APPLICABLE,,-
column-empty-message,x-test-empty-message,column_component_html,gamma-ancestor,j,HTML Tag Type Modification,APPLICABLE,,-
column-empty-message,x-test-empty-message,column_component_html,gamma-ancestor,k,HTML Tag Insertion,APPLICABLE,,-
column-empty-message,x-test-empty-message,column_component_html,delta-sibling,a,Attribute Value Modification,NA,no-such-role,-
column-empty-message,x-test-empty-message,column_component_html,delta-sibling,b,Attribute Removal,NA,no-such-role,-
column-empty-message,x-test-empty-message,column_component_html,delta-sibling,c,Attribute Identifier Modification,NA,no-such-role,-
column-empty-message,x-test-empty-message,column_component_html,delta-sibling,d,Text Content Modification,NA,no-such-role,-
column-empty-message,x-test-empty-message,column_component_html,delta-sibling,e,Text Content Removal,NA,no-such-role,-
column-empty-message,x-test-empty-message,column_component_html,delta-sibling,f,HTML Tag Movement (within a container),NA,no-such-role,-
column-empty-message,x-test-empty-message,column_component_html,delta-sibling,g,HTML Tag Movement (any point of the HTML tree),NA,no-such-role,-
column-empty-message,x-test-empty-message,column_component_html,delta-sibling,h,HTML Tag Movement (between two templates),NA,no-such-role,-
column-empty-message,x-test-empty-message,column_component_html,delta-sibling,i,HTML Tag Removal,NA,no-such-role,-
column-empty-message,x-test-empty-message,column_component_html,delta-sibling,j,HTML Tag Type Modification,NA,no-such-role,-
column-empty-message,x-test-empty-message,column_component_html,delta-sibling,k,HTML Tag Insertion,NA,no-such-role,-
column-empty-message,x-test-empty-message,column_component_html,epsilon-component,a,Attribute Value Modification,NA,no-such-role,-
column-empty-message,x-test-empty-message,column_component_html,epsilon-component,b,Attribute Removal,NA,no-such-role,-
column-empty-message,x-test-empty-message,column_component_html,epsilon-component,c,Attribute Identifier Modification,NA,no-such-role,-
column-empty-message,x-test-empty-message,column_component_html,epsilon-component,d,Text Content Modification,NA,no-such-role,-
column-empty-message,x-test-empty-message,column_component_html,epsilon-component,e,Text Content Removal,NA,no-such-role,-
column-empty-message,x-test-empty-message,column_component_html,epsilon-component,f,HTML Tag Movement (within a container),NA,no-such-role,-
column-empty-message,x-test-empty-message,column_component_html,epsilon-component,g,HTML Tag Movement (any point of the HTML tree),NA,no-such-role,-
column-empty-message,x-test-empty-message,column_component_html,epsilon-component,h,HTML Tag Movement (between two templates),NA,no-such-role,-
column-empty-message,x-test-empty-message,column_component_html,epsilon-component,i,HTML Tag Removal,NA,no-such-role,-
column-empty-message,x-test-empty-message,column_component_html,epsilon-component,j,HTML Tag Type Modification,NA,no-such-role,-
column-empty-message,x-test-empty-message,column_component_html,epsilon-component,k,HTML Tag Insertion,NA,no-such-role,-
form-root,x-test-form,card_form_component_html,alpha-target,d,Text Content Modification,NA,no-text-content,-
form-root,x-test-form,card_form_component_html,alpha-target,e,Text Content Removal,NA,no-text-content,-
form-root,x-test-form,card_form_component_html,alpha-target,h,HTML Tag Movement (between two templates),NA,between-templates-na-perfile,-
form-root,x-test-form,card_form_component_html,alpha-target,i,HTML Tag Removal,NA,would-drop-x-test,-
form-root,x-test-form,card_form_component_html,alpha-target,a,Attribute Value Modification,APPLICABLE,,-
form-root,x-test-form,card_form_component_html,alpha-target,b,Attribute Removal,APPLICABLE,,-
form-root,x-test-form,card_form_component_html,alpha-target,c,Attribute Identifier Modification,APPLICABLE,,-
form-root,x-test-form,card_form_component_html,alpha-target,f,HTML Tag Movement (within a container),APPLICABLE,,-
form-root,x-test-form,card_form_component_html,alpha-target,g,HTML Tag Movement (any point of the HTML tree),APPLICABLE,,-
form-root,x-test-form,card_form_component_html,alpha-target,j,HTML Tag Type Modification,APPLICABLE,,-
form-root,x-test-form,card_form_component_html,alpha-target,k,HTML Tag Insertion,APPLICABLE,,-
form-root,x-test-form,card_form_component_html,beta-parent,d,Text Content Modification,NA,no-text-content,-
form-root,x-test-form,card_form_component_html,beta-parent,e,Text Content Removal,NA,no-text-content,-
form-root,x-test-form,card_form_component_html,beta-parent,f,HTML Tag Movement (within a container),NA,no-sibling-to-reorder,-
form-root,x-test-form,card_form_component_html,beta-parent,g,HTML Tag Movement (any point of the HTML tree),NA,root-element,-
form-root,x-test-form,card_form_component_html,beta-parent,h,HTML Tag Movement (between two templates),NA,between-templates-na-perfile,-
form-root,x-test-form,card_form_component_html,beta-parent,i,HTML Tag Removal,NA,root-element,-
form-root,x-test-form,card_form_component_html,beta-parent,a,Attribute Value Modification,APPLICABLE,,-
form-root,x-test-form,card_form_component_html,beta-parent,b,Attribute Removal,APPLICABLE,,-
form-root,x-test-form,card_form_component_html,beta-parent,c,Attribute Identifier Modification,APPLICABLE,,-
form-root,x-test-form,card_form_component_html,beta-parent,j,HTML Tag Type Modification,APPLICABLE,,-
form-root,x-test-form,card_form_component_html,beta-parent,k,HTML Tag Insertion,APPLICABLE,,-
form-root,x-test-form,card_form_component_html,gamma-ancestor,a,Attribute Value Modification,NA,no-such-role,-
form-root,x-test-form,card_form_component_html,gamma-ancestor,b,Attribute Removal,NA,no-such-role,-
form-root,x-test-form,card_form_component_html,gamma-ancestor,c,Attribute Identifier Modification,NA,no-such-role,-
form-root,x-test-form,card_form_component_html,gamma-ancestor,d,Text Content Modification,NA,no-such-role,-
form-root,x-test-form,card_form_component_html,gamma-ancestor,e,Text Content Removal,NA,no-such-role,-
form-root,x-test-form,card_form_component_html,gamma-ancestor,f,HTML Tag Movement (within a container),NA,no-such-role,-
form-root,x-test-form,card_form_component_html,gamma-ancestor,g,HTML Tag Movement (any point of the HTML tree),NA,no-such-role,-
form-root,x-test-form,card_form_component_html,gamma-ancestor,h,HTML Tag Movement (between two templates),NA,no-such-role,-
form-root,x-test-form,card_form_component_html,gamma-ancestor,i,HTML Tag Removal,NA,no-such-role,-
form-root,x-test-form,card_form_component_html,gamma-ancestor,j,HTML Tag Type Modification,NA,no-such-role,-
form-root,x-test-form,card_form_component_html,gamma-ancestor,k,HTML Tag Insertion,NA,no-such-role,-
form-root,x-test-form,card_form_component_html,delta-sibling,h,HTML Tag Movement (between two templates),NA,between-templates-na-perfile,-
form-root,x-test-form,card_form_component_html,delta-sibling,i,HTML Tag Removal,NA,would-drop-x-test,-
form-root,x-test-form,card_form_component_html,delta-sibling,a,Attribute Value Modification,APPLICABLE,,-
form-root,x-test-form,card_form_component_html,delta-sibling,b,Attribute Removal,APPLICABLE,,-
form-root,x-test-form,card_form_component_html,delta-sibling,c,Attribute Identifier Modification,APPLICABLE,,-
form-root,x-test-form,card_form_component_html,delta-sibling,d,Text Content Modification,APPLICABLE,,-
form-root,x-test-form,card_form_component_html,delta-sibling,e,Text Content Removal,APPLICABLE,,-
form-root,x-test-form,card_form_component_html,delta-sibling,f,HTML Tag Movement (within a container),APPLICABLE,,-
form-root,x-test-form,card_form_component_html,delta-sibling,g,HTML Tag Movement (any point of the HTML tree),APPLICABLE,,-
form-root,x-test-form,card_form_component_html,delta-sibling,j,HTML Tag Type Modification,APPLICABLE,,-
form-root,x-test-form,card_form_component_html,delta-sibling,k,HTML Tag Insertion,APPLICABLE,,-
form-root,x-test-form,card_form_component_html,epsilon-component,a,Attribute Value Modification,NA,no-such-role,-
form-root,x-test-form,card_form_component_html,epsilon-component,b,Attribute Removal,NA,no-such-role,-
form-root,x-test-form,card_form_component_html,epsilon-component,c,Attribute Identifier Modification,NA,no-such-role,-
form-root,x-test-form,card_form_component_html,epsilon-component,d,Text Content Modification,NA,no-such-role,-
form-root,x-test-form,card_form_component_html,epsilon-component,e,Text Content Removal,NA,no-such-role,-
form-root,x-test-form,card_form_component_html,epsilon-component,f,HTML Tag Movement (within a container),NA,no-such-role,-
form-root,x-test-form,card_form_component_html,epsilon-component,g,HTML Tag Movement (any point of the HTML tree),NA,no-such-role,-
form-root,x-test-form,card_form_component_html,epsilon-component,h,HTML Tag Movement (between two templates),NA,no-such-role,-
form-root,x-test-form,card_form_component_html,epsilon-component,i,HTML Tag Removal,NA,no-such-role,-
form-root,x-test-form,card_form_component_html,epsilon-component,j,HTML Tag Type Modification,NA,no-such-role,-
form-root,x-test-form,card_form_component_html,epsilon-component,k,HTML Tag Insertion,NA,no-such-role,-
form-title,x-test-form-title,card_form_component_html,alpha-target,d,Text Content Modification,NA,no-text-content,-
form-title,x-test-form-title,card_form_component_html,alpha-target,e,Text Content Removal,NA,no-text-content,-
form-title,x-test-form-title,card_form_component_html,alpha-target,h,HTML Tag Movement (between two templates),NA,between-templates-na-perfile,-
form-title,x-test-form-title,card_form_component_html,alpha-target,i,HTML Tag Removal,NA,would-drop-x-test,-
form-title,x-test-form-title,card_form_component_html,alpha-target,a,Attribute Value Modification,APPLICABLE,,-
form-title,x-test-form-title,card_form_component_html,alpha-target,b,Attribute Removal,APPLICABLE,,-
form-title,x-test-form-title,card_form_component_html,alpha-target,c,Attribute Identifier Modification,APPLICABLE,,-
form-title,x-test-form-title,card_form_component_html,alpha-target,f,HTML Tag Movement (within a container),APPLICABLE,,-
form-title,x-test-form-title,card_form_component_html,alpha-target,g,HTML Tag Movement (any point of the HTML tree),APPLICABLE,,-
form-title,x-test-form-title,card_form_component_html,alpha-target,j,HTML Tag Type Modification,APPLICABLE,,-
form-title,x-test-form-title,card_form_component_html,alpha-target,k,HTML Tag Insertion,APPLICABLE,,-
form-title,x-test-form-title,card_form_component_html,beta-parent,d,Text Content Modification,NA,no-text-content,-
form-title,x-test-form-title,card_form_component_html,beta-parent,e,Text Content Removal,NA,no-text-content,-
form-title,x-test-form-title,card_form_component_html,beta-parent,h,HTML Tag Movement (between two templates),NA,between-templates-na-perfile,-
form-title,x-test-form-title,card_form_component_html,beta-parent,i,HTML Tag Removal,NA,would-drop-x-test,-
form-title,x-test-form-title,card_form_component_html,beta-parent,a,Attribute Value Modification,APPLICABLE,,-
form-title,x-test-form-title,card_form_component_html,beta-parent,b,Attribute Removal,APPLICABLE,,-
form-title,x-test-form-title,card_form_component_html,beta-parent,c,Attribute Identifier Modification,APPLICABLE,,-
form-title,x-test-form-title,card_form_component_html,beta-parent,f,HTML Tag Movement (within a container),APPLICABLE,,-
form-title,x-test-form-title,card_form_component_html,beta-parent,g,HTML Tag Movement (any point of the HTML tree),APPLICABLE,,-
form-title,x-test-form-title,card_form_component_html,beta-parent,j,HTML Tag Type Modification,APPLICABLE,,-
form-title,x-test-form-title,card_form_component_html,beta-parent,k,HTML Tag Insertion,APPLICABLE,,-
form-title,x-test-form-title,card_form_component_html,gamma-ancestor,d,Text Content Modification,NA,no-text-content,-
form-title,x-test-form-title,card_form_component_html,gamma-ancestor,e,Text Content Removal,NA,no-text-content,-
form-title,x-test-form-title,card_form_component_html,gamma-ancestor,h,HTML Tag Movement (between two templates),NA,between-templates-na-perfile,-
form-title,x-test-form-title,card_form_component_html,gamma-ancestor,i,HTML Tag Removal,NA,would-drop-x-test,-
form-title,x-test-form-title,card_form_component_html,gamma-ancestor,a,Attribute Value Modification,APPLICABLE,,-
form-title,x-test-form-title,card_form_component_html,gamma-ancestor,b,Attribute Removal,APPLICABLE,,-
form-title,x-test-form-title,card_form_component_html,gamma-ancestor,c,Attribute Identifier Modification,APPLICABLE,,-
form-title,x-test-form-title,card_form_component_html,gamma-ancestor,f,HTML Tag Movement (within a container),APPLICABLE,,-
form-title,x-test-form-title,card_form_component_html,gamma-ancestor,g,HTML Tag Movement (any point of the HTML tree),APPLICABLE,,-
form-title,x-test-form-title,card_form_component_html,gamma-ancestor,j,HTML Tag Type Modification,APPLICABLE,,-
form-title,x-test-form-title,card_form_component_html,gamma-ancestor,k,HTML Tag Insertion,APPLICABLE,,-
form-title,x-test-form-title,card_form_component_html,delta-sibling,h,HTML Tag Movement (between two templates),NA,between-templates-na-perfile,-
form-title,x-test-form-title,card_form_component_html,delta-sibling,i,HTML Tag Removal,NA,would-drop-x-test,-
form-title,x-test-form-title,card_form_component_html,delta-sibling,a,Attribute Value Modification,APPLICABLE,,-
form-title,x-test-form-title,card_form_component_html,delta-sibling,b,Attribute Removal,APPLICABLE,,-
form-title,x-test-form-title,card_form_component_html,delta-sibling,c,Attribute Identifier Modification,APPLICABLE,,-
form-title,x-test-form-title,card_form_component_html,delta-sibling,d,Text Content Modification,APPLICABLE,,-
form-title,x-test-form-title,card_form_component_html,delta-sibling,e,Text Content Removal,APPLICABLE,,-
form-title,x-test-form-title,card_form_component_html,delta-sibling,f,HTML Tag Movement (within a container),APPLICABLE,,-
form-title,x-test-form-title,card_form_component_html,delta-sibling,g,HTML Tag Movement (any point of the HTML tree),APPLICABLE,,-
form-title,x-test-form-title,card_form_component_html,delta-sibling,j,HTML Tag Type Modification,APPLICABLE,,-
form-title,x-test-form-title,card_form_component_html,delta-sibling,k,HTML Tag Insertion,APPLICABLE,,-
form-title,x-test-form-title,card_form_component_html,epsilon-component,a,Attribute Value Modification,NA,no-such-role,-
form-title,x-test-form-title,card_form_component_html,epsilon-component,b,Attribute Removal,NA,no-such-role,-
form-title,x-test-form-title,card_form_component_html,epsilon-component,c,Attribute Identifier Modification,NA,no-such-role,-
form-title,x-test-form-title,card_form_component_html,epsilon-component,d,Text Content Modification,NA,no-such-role,-
form-title,x-test-form-title,card_form_component_html,epsilon-component,e,Text Content Removal,NA,no-such-role,-
form-title,x-test-form-title,card_form_component_html,epsilon-component,f,HTML Tag Movement (within a container),NA,no-such-role,-
form-title,x-test-form-title,card_form_component_html,epsilon-component,g,HTML Tag Movement (any point of the HTML tree),NA,no-such-role,-
form-title,x-test-form-title,card_form_component_html,epsilon-component,h,HTML Tag Movement (between two templates),NA,no-such-role,-
form-title,x-test-form-title,card_form_component_html,epsilon-component,i,HTML Tag Removal,NA,no-such-role,-
form-title,x-test-form-title,card_form_component_html,epsilon-component,j,HTML Tag Type Modification,NA,no-such-role,-
form-title,x-test-form-title,card_form_component_html,epsilon-component,k,HTML Tag Insertion,NA,no-such-role,-
form-title-label,x-test-form-title-label,card_form_component_html,alpha-target,h,HTML Tag Movement (between two templates),NA,between-templates-na-perfile,-
form-title-label,x-test-form-title-label,card_form_component_html,alpha-target,i,HTML Tag Removal,NA,would-drop-x-test,-
form-title-label,x-test-form-title-label,card_form_component_html,alpha-target,a,Attribute Value Modification,APPLICABLE,,-
form-title-label,x-test-form-title-label,card_form_component_html,alpha-target,b,Attribute Removal,APPLICABLE,,-
form-title-label,x-test-form-title-label,card_form_component_html,alpha-target,c,Attribute Identifier Modification,APPLICABLE,,-
form-title-label,x-test-form-title-label,card_form_component_html,alpha-target,d,Text Content Modification,APPLICABLE,,-
form-title-label,x-test-form-title-label,card_form_component_html,alpha-target,e,Text Content Removal,APPLICABLE,,-
form-title-label,x-test-form-title-label,card_form_component_html,alpha-target,f,HTML Tag Movement (within a container),APPLICABLE,,-
form-title-label,x-test-form-title-label,card_form_component_html,alpha-target,g,HTML Tag Movement (any point of the HTML tree),APPLICABLE,,-
form-title-label,x-test-form-title-label,card_form_component_html,alpha-target,j,HTML Tag Type Modification,APPLICABLE,,-
form-title-label,x-test-form-title-label,card_form_component_html,alpha-target,k,HTML Tag Insertion,APPLICABLE,,-
form-title-label,x-test-form-title-label,card_form_component_html,beta-parent,d,Text Content Modification,NA,no-text-content,-
form-title-label,x-test-form-title-label,card_form_component_html,beta-parent,e,Text Content Removal,NA,no-text-content,-
form-title-label,x-test-form-title-label,card_form_component_html,beta-parent,h,HTML Tag Movement (between two templates),NA,between-templates-na-perfile,-
form-title-label,x-test-form-title-label,card_form_component_html,beta-parent,i,HTML Tag Removal,NA,would-drop-x-test,-
form-title-label,x-test-form-title-label,card_form_component_html,beta-parent,a,Attribute Value Modification,APPLICABLE,,-
form-title-label,x-test-form-title-label,card_form_component_html,beta-parent,b,Attribute Removal,APPLICABLE,,-
form-title-label,x-test-form-title-label,card_form_component_html,beta-parent,c,Attribute Identifier Modification,APPLICABLE,,-
form-title-label,x-test-form-title-label,card_form_component_html,beta-parent,f,HTML Tag Movement (within a container),APPLICABLE,,-
form-title-label,x-test-form-title-label,card_form_component_html,beta-parent,g,HTML Tag Movement (any point of the HTML tree),APPLICABLE,,-
form-title-label,x-test-form-title-label,card_form_component_html,beta-parent,j,HTML Tag Type Modification,APPLICABLE,,-
form-title-label,x-test-form-title-label,card_form_component_html,beta-parent,k,HTML Tag Insertion,APPLICABLE,,-
form-title-label,x-test-form-title-label,card_form_component_html,gamma-ancestor,d,Text Content Modification,NA,no-text-content,-
form-title-label,x-test-form-title-label,card_form_component_html,gamma-ancestor,e,Text Content Removal,NA,no-text-content,-
form-title-label,x-test-form-title-label,card_form_component_html,gamma-ancestor,h,HTML Tag Movement (between two templates),NA,between-templates-na-perfile,-
form-title-label,x-test-form-title-label,card_form_component_html,gamma-ancestor,i,HTML Tag Removal,NA,would-drop-x-test,-
form-title-label,x-test-form-title-label,card_form_component_html,gamma-ancestor,a,Attribute Value Modification,APPLICABLE,,-
form-title-label,x-test-form-title-label,card_form_component_html,gamma-ancestor,b,Attribute Removal,APPLICABLE,,-
form-title-label,x-test-form-title-label,card_form_component_html,gamma-ancestor,c,Attribute Identifier Modification,APPLICABLE,,-
form-title-label,x-test-form-title-label,card_form_component_html,gamma-ancestor,f,HTML Tag Movement (within a container),APPLICABLE,,-
form-title-label,x-test-form-title-label,card_form_component_html,gamma-ancestor,g,HTML Tag Movement (any point of the HTML tree),APPLICABLE,,-
form-title-label,x-test-form-title-label,card_form_component_html,gamma-ancestor,j,HTML Tag Type Modification,APPLICABLE,,-
form-title-label,x-test-form-title-label,card_form_component_html,gamma-ancestor,k,HTML Tag Insertion,APPLICABLE,,-
form-title-label,x-test-form-title-label,card_form_component_html,delta-sibling,d,Text Content Modification,NA,no-text-content,-
form-title-label,x-test-form-title-label,card_form_component_html,delta-sibling,e,Text Content Removal,NA,no-text-content,-
form-title-label,x-test-form-title-label,card_form_component_html,delta-sibling,h,HTML Tag Movement (between two templates),NA,between-templates-na-perfile,-
form-title-label,x-test-form-title-label,card_form_component_html,delta-sibling,i,HTML Tag Removal,NA,would-drop-x-test,-
form-title-label,x-test-form-title-label,card_form_component_html,delta-sibling,a,Attribute Value Modification,APPLICABLE,,-
form-title-label,x-test-form-title-label,card_form_component_html,delta-sibling,b,Attribute Removal,APPLICABLE,,-
form-title-label,x-test-form-title-label,card_form_component_html,delta-sibling,c,Attribute Identifier Modification,APPLICABLE,,-
form-title-label,x-test-form-title-label,card_form_component_html,delta-sibling,f,HTML Tag Movement (within a container),APPLICABLE,,-
form-title-label,x-test-form-title-label,card_form_component_html,delta-sibling,g,HTML Tag Movement (any point of the HTML tree),APPLICABLE,,-
form-title-label,x-test-form-title-label,card_form_component_html,delta-sibling,j,HTML Tag Type Modification,APPLICABLE,,-
form-title-label,x-test-form-title-label,card_form_component_html,delta-sibling,k,HTML Tag Insertion,APPLICABLE,,-
form-title-label,x-test-form-title-label,card_form_component_html,epsilon-component,a,Attribute Value Modification,NA,no-such-role,-
form-title-label,x-test-form-title-label,card_form_component_html,epsilon-component,b,Attribute Removal,NA,no-such-role,-
form-title-label,x-test-form-title-label,card_form_component_html,epsilon-component,c,Attribute Identifier Modification,NA,no-such-role,-
form-title-label,x-test-form-title-label,card_form_component_html,epsilon-component,d,Text Content Modification,NA,no-such-role,-
form-title-label,x-test-form-title-label,card_form_component_html,epsilon-component,e,Text Content Removal,NA,no-such-role,-
form-title-label,x-test-form-title-label,card_form_component_html,epsilon-component,f,HTML Tag Movement (within a container),NA,no-such-role,-
form-title-label,x-test-form-title-label,card_form_component_html,epsilon-component,g,HTML Tag Movement (any point of the HTML tree),NA,no-such-role,-
form-title-label,x-test-form-title-label,card_form_component_html,epsilon-component,h,HTML Tag Movement (between two templates),NA,no-such-role,-
form-title-label,x-test-form-title-label,card_form_component_html,epsilon-component,i,HTML Tag Removal,NA,no-such-role,-
form-title-label,x-test-form-title-label,card_form_component_html,epsilon-component,j,HTML Tag Type Modification,NA,no-such-role,-
form-title-label,x-test-form-title-label,card_form_component_html,epsilon-component,k,HTML Tag Insertion,NA,no-such-role,-
form-description,x-test-form-description,card_form_component_html,alpha-target,d,Text Content Modification,NA,no-text-content,-
form-description,x-test-form-description,card_form_component_html,alpha-target,e,Text Content Removal,NA,no-text-content,-
form-description,x-test-form-description,card_form_component_html,alpha-target,h,HTML Tag Movement (between two templates),NA,between-templates-na-perfile,-
form-description,x-test-form-description,card_form_component_html,alpha-target,i,HTML Tag Removal,NA,would-drop-x-test,-
form-description,x-test-form-description,card_form_component_html,alpha-target,a,Attribute Value Modification,APPLICABLE,,-
form-description,x-test-form-description,card_form_component_html,alpha-target,b,Attribute Removal,APPLICABLE,,-
form-description,x-test-form-description,card_form_component_html,alpha-target,c,Attribute Identifier Modification,APPLICABLE,,-
form-description,x-test-form-description,card_form_component_html,alpha-target,f,HTML Tag Movement (within a container),APPLICABLE,,-
form-description,x-test-form-description,card_form_component_html,alpha-target,g,HTML Tag Movement (any point of the HTML tree),APPLICABLE,,-
form-description,x-test-form-description,card_form_component_html,alpha-target,j,HTML Tag Type Modification,APPLICABLE,,-
form-description,x-test-form-description,card_form_component_html,alpha-target,k,HTML Tag Insertion,APPLICABLE,,-
form-description,x-test-form-description,card_form_component_html,beta-parent,d,Text Content Modification,NA,no-text-content,-
form-description,x-test-form-description,card_form_component_html,beta-parent,e,Text Content Removal,NA,no-text-content,-
form-description,x-test-form-description,card_form_component_html,beta-parent,h,HTML Tag Movement (between two templates),NA,between-templates-na-perfile,-
form-description,x-test-form-description,card_form_component_html,beta-parent,i,HTML Tag Removal,NA,would-drop-x-test,-
form-description,x-test-form-description,card_form_component_html,beta-parent,a,Attribute Value Modification,APPLICABLE,,-
form-description,x-test-form-description,card_form_component_html,beta-parent,b,Attribute Removal,APPLICABLE,,-
form-description,x-test-form-description,card_form_component_html,beta-parent,c,Attribute Identifier Modification,APPLICABLE,,-
form-description,x-test-form-description,card_form_component_html,beta-parent,f,HTML Tag Movement (within a container),APPLICABLE,,-
form-description,x-test-form-description,card_form_component_html,beta-parent,g,HTML Tag Movement (any point of the HTML tree),APPLICABLE,,-
form-description,x-test-form-description,card_form_component_html,beta-parent,j,HTML Tag Type Modification,APPLICABLE,,-
form-description,x-test-form-description,card_form_component_html,beta-parent,k,HTML Tag Insertion,APPLICABLE,,-
form-description,x-test-form-description,card_form_component_html,gamma-ancestor,d,Text Content Modification,NA,no-text-content,-
form-description,x-test-form-description,card_form_component_html,gamma-ancestor,e,Text Content Removal,NA,no-text-content,-
form-description,x-test-form-description,card_form_component_html,gamma-ancestor,h,HTML Tag Movement (between two templates),NA,between-templates-na-perfile,-
form-description,x-test-form-description,card_form_component_html,gamma-ancestor,i,HTML Tag Removal,NA,would-drop-x-test,-
form-description,x-test-form-description,card_form_component_html,gamma-ancestor,a,Attribute Value Modification,APPLICABLE,,-
form-description,x-test-form-description,card_form_component_html,gamma-ancestor,b,Attribute Removal,APPLICABLE,,-
form-description,x-test-form-description,card_form_component_html,gamma-ancestor,c,Attribute Identifier Modification,APPLICABLE,,-
form-description,x-test-form-description,card_form_component_html,gamma-ancestor,f,HTML Tag Movement (within a container),APPLICABLE,,-
form-description,x-test-form-description,card_form_component_html,gamma-ancestor,g,HTML Tag Movement (any point of the HTML tree),APPLICABLE,,-
form-description,x-test-form-description,card_form_component_html,gamma-ancestor,j,HTML Tag Type Modification,APPLICABLE,,-
form-description,x-test-form-description,card_form_component_html,gamma-ancestor,k,HTML Tag Insertion,APPLICABLE,,-
form-description,x-test-form-description,card_form_component_html,delta-sibling,h,HTML Tag Movement (between two templates),NA,between-templates-na-perfile,-
form-description,x-test-form-description,card_form_component_html,delta-sibling,i,HTML Tag Removal,NA,would-drop-x-test,-
form-description,x-test-form-description,card_form_component_html,delta-sibling,a,Attribute Value Modification,APPLICABLE,,-
form-description,x-test-form-description,card_form_component_html,delta-sibling,b,Attribute Removal,APPLICABLE,,-
form-description,x-test-form-description,card_form_component_html,delta-sibling,c,Attribute Identifier Modification,APPLICABLE,,-
form-description,x-test-form-description,card_form_component_html,delta-sibling,d,Text Content Modification,APPLICABLE,,-
form-description,x-test-form-description,card_form_component_html,delta-sibling,e,Text Content Removal,APPLICABLE,,-
form-description,x-test-form-description,card_form_component_html,delta-sibling,f,HTML Tag Movement (within a container),APPLICABLE,,-
form-description,x-test-form-description,card_form_component_html,delta-sibling,g,HTML Tag Movement (any point of the HTML tree),APPLICABLE,,-
form-description,x-test-form-description,card_form_component_html,delta-sibling,j,HTML Tag Type Modification,APPLICABLE,,-
form-description,x-test-form-description,card_form_component_html,delta-sibling,k,HTML Tag Insertion,APPLICABLE,,-
form-description,x-test-form-description,card_form_component_html,epsilon-component,a,Attribute Value Modification,NA,no-such-role,-
form-description,x-test-form-description,card_form_component_html,epsilon-component,b,Attribute Removal,NA,no-such-role,-
form-description,x-test-form-description,card_form_component_html,epsilon-component,c,Attribute Identifier Modification,NA,no-such-role,-
form-description,x-test-form-description,card_form_component_html,epsilon-component,d,Text Content Modification,NA,no-such-role,-
form-description,x-test-form-description,card_form_component_html,epsilon-component,e,Text Content Removal,NA,no-such-role,-
form-description,x-test-form-description,card_form_component_html,epsilon-component,f,HTML Tag Movement (within a container),NA,no-such-role,-
form-description,x-test-form-description,card_form_component_html,epsilon-component,g,HTML Tag Movement (any point of the HTML tree),NA,no-such-role,-
form-description,x-test-form-description,card_form_component_html,epsilon-component,h,HTML Tag Movement (between two templates),NA,no-such-role,-
form-description,x-test-form-description,card_form_component_html,epsilon-component,i,HTML Tag Removal,NA,no-such-role,-
form-description,x-test-form-description,card_form_component_html,epsilon-component,j,HTML Tag Type Modification,NA,no-such-role,-
form-description,x-test-form-description,card_form_component_html,epsilon-component,k,HTML Tag Insertion,NA,no-such-role,-
form-priority,x-test-form-priority,card_form_component_html,alpha-target,d,Text Content Modification,NA,no-text-content,-
form-priority,x-test-form-priority,card_form_component_html,alpha-target,e,Text Content Removal,NA,no-text-content,-
form-priority,x-test-form-priority,card_form_component_html,alpha-target,h,HTML Tag Movement (between two templates),NA,between-templates-na-perfile,-
form-priority,x-test-form-priority,card_form_component_html,alpha-target,i,HTML Tag Removal,NA,would-drop-x-test,-
form-priority,x-test-form-priority,card_form_component_html,alpha-target,a,Attribute Value Modification,APPLICABLE,,-
form-priority,x-test-form-priority,card_form_component_html,alpha-target,b,Attribute Removal,APPLICABLE,,-
form-priority,x-test-form-priority,card_form_component_html,alpha-target,c,Attribute Identifier Modification,APPLICABLE,,-
form-priority,x-test-form-priority,card_form_component_html,alpha-target,f,HTML Tag Movement (within a container),APPLICABLE,,-
form-priority,x-test-form-priority,card_form_component_html,alpha-target,g,HTML Tag Movement (any point of the HTML tree),APPLICABLE,,-
form-priority,x-test-form-priority,card_form_component_html,alpha-target,j,HTML Tag Type Modification,APPLICABLE,,-
form-priority,x-test-form-priority,card_form_component_html,alpha-target,k,HTML Tag Insertion,APPLICABLE,,-
form-priority,x-test-form-priority,card_form_component_html,beta-parent,d,Text Content Modification,NA,no-text-content,-
form-priority,x-test-form-priority,card_form_component_html,beta-parent,e,Text Content Removal,NA,no-text-content,-
form-priority,x-test-form-priority,card_form_component_html,beta-parent,h,HTML Tag Movement (between two templates),NA,between-templates-na-perfile,-
form-priority,x-test-form-priority,card_form_component_html,beta-parent,i,HTML Tag Removal,NA,would-drop-x-test,-
form-priority,x-test-form-priority,card_form_component_html,beta-parent,a,Attribute Value Modification,APPLICABLE,,-
form-priority,x-test-form-priority,card_form_component_html,beta-parent,b,Attribute Removal,APPLICABLE,,-
form-priority,x-test-form-priority,card_form_component_html,beta-parent,c,Attribute Identifier Modification,APPLICABLE,,-
form-priority,x-test-form-priority,card_form_component_html,beta-parent,f,HTML Tag Movement (within a container),APPLICABLE,,-
form-priority,x-test-form-priority,card_form_component_html,beta-parent,g,HTML Tag Movement (any point of the HTML tree),APPLICABLE,,-
form-priority,x-test-form-priority,card_form_component_html,beta-parent,j,HTML Tag Type Modification,APPLICABLE,,-
form-priority,x-test-form-priority,card_form_component_html,beta-parent,k,HTML Tag Insertion,APPLICABLE,,-
form-priority,x-test-form-priority,card_form_component_html,gamma-ancestor,d,Text Content Modification,NA,no-text-content,-
form-priority,x-test-form-priority,card_form_component_html,gamma-ancestor,e,Text Content Removal,NA,no-text-content,-
form-priority,x-test-form-priority,card_form_component_html,gamma-ancestor,h,HTML Tag Movement (between two templates),NA,between-templates-na-perfile,-
form-priority,x-test-form-priority,card_form_component_html,gamma-ancestor,a,Attribute Value Modification,APPLICABLE,,-
form-priority,x-test-form-priority,card_form_component_html,gamma-ancestor,b,Attribute Removal,APPLICABLE,,-
form-priority,x-test-form-priority,card_form_component_html,gamma-ancestor,c,Attribute Identifier Modification,APPLICABLE,,-
form-priority,x-test-form-priority,card_form_component_html,gamma-ancestor,f,HTML Tag Movement (within a container),APPLICABLE,,-
form-priority,x-test-form-priority,card_form_component_html,gamma-ancestor,g,HTML Tag Movement (any point of the HTML tree),APPLICABLE,,-
form-priority,x-test-form-priority,card_form_component_html,gamma-ancestor,i,HTML Tag Removal,APPLICABLE,,-
form-priority,x-test-form-priority,card_form_component_html,gamma-ancestor,j,HTML Tag Type Modification,APPLICABLE,,-
form-priority,x-test-form-priority,card_form_component_html,gamma-ancestor,k,HTML Tag Insertion,APPLICABLE,,-
form-priority,x-test-form-priority,card_form_component_html,delta-sibling,h,HTML Tag Movement (between two templates),NA,between-templates-na-perfile,-
form-priority,x-test-form-priority,card_form_component_html,delta-sibling,i,HTML Tag Removal,NA,would-drop-x-test,-
form-priority,x-test-form-priority,card_form_component_html,delta-sibling,a,Attribute Value Modification,APPLICABLE,,-
form-priority,x-test-form-priority,card_form_component_html,delta-sibling,b,Attribute Removal,APPLICABLE,,-
form-priority,x-test-form-priority,card_form_component_html,delta-sibling,c,Attribute Identifier Modification,APPLICABLE,,-
form-priority,x-test-form-priority,card_form_component_html,delta-sibling,d,Text Content Modification,APPLICABLE,,-
form-priority,x-test-form-priority,card_form_component_html,delta-sibling,e,Text Content Removal,APPLICABLE,,-
form-priority,x-test-form-priority,card_form_component_html,delta-sibling,f,HTML Tag Movement (within a container),APPLICABLE,,-
form-priority,x-test-form-priority,card_form_component_html,delta-sibling,g,HTML Tag Movement (any point of the HTML tree),APPLICABLE,,-
form-priority,x-test-form-priority,card_form_component_html,delta-sibling,j,HTML Tag Type Modification,APPLICABLE,,-
form-priority,x-test-form-priority,card_form_component_html,delta-sibling,k,HTML Tag Insertion,APPLICABLE,,-
form-priority,x-test-form-priority,card_form_component_html,epsilon-component,a,Attribute Value Modification,NA,no-such-role,-
form-priority,x-test-form-priority,card_form_component_html,epsilon-component,b,Attribute Removal,NA,no-such-role,-
form-priority,x-test-form-priority,card_form_component_html,epsilon-component,c,Attribute Identifier Modification,NA,no-such-role,-
form-priority,x-test-form-priority,card_form_component_html,epsilon-component,d,Text Content Modification,NA,no-such-role,-
form-priority,x-test-form-priority,card_form_component_html,epsilon-component,e,Text Content Removal,NA,no-such-role,-
form-priority,x-test-form-priority,card_form_component_html,epsilon-component,f,HTML Tag Movement (within a container),NA,no-such-role,-
form-priority,x-test-form-priority,card_form_component_html,epsilon-component,g,HTML Tag Movement (any point of the HTML tree),NA,no-such-role,-
form-priority,x-test-form-priority,card_form_component_html,epsilon-component,h,HTML Tag Movement (between two templates),NA,no-such-role,-
form-priority,x-test-form-priority,card_form_component_html,epsilon-component,i,HTML Tag Removal,NA,no-such-role,-
form-priority,x-test-form-priority,card_form_component_html,epsilon-component,j,HTML Tag Type Modification,NA,no-such-role,-
form-priority,x-test-form-priority,card_form_component_html,epsilon-component,k,HTML Tag Insertion,NA,no-such-role,-
form-assignee,x-test-form-assignee,card_form_component_html,alpha-target,d,Text Content Modification,NA,no-text-content,-
form-assignee,x-test-form-assignee,card_form_component_html,alpha-target,e,Text Content Removal,NA,no-text-content,-
form-assignee,x-test-form-assignee,card_form_component_html,alpha-target,h,HTML Tag Movement (between two templates),NA,between-templates-na-perfile,-
form-assignee,x-test-form-assignee,card_form_component_html,alpha-target,i,HTML Tag Removal,NA,would-drop-x-test,-
form-assignee,x-test-form-assignee,card_form_component_html,alpha-target,a,Attribute Value Modification,APPLICABLE,,-
form-assignee,x-test-form-assignee,card_form_component_html,alpha-target,b,Attribute Removal,APPLICABLE,,-
form-assignee,x-test-form-assignee,card_form_component_html,alpha-target,c,Attribute Identifier Modification,APPLICABLE,,-
form-assignee,x-test-form-assignee,card_form_component_html,alpha-target,f,HTML Tag Movement (within a container),APPLICABLE,,-
form-assignee,x-test-form-assignee,card_form_component_html,alpha-target,g,HTML Tag Movement (any point of the HTML tree),APPLICABLE,,-
form-assignee,x-test-form-assignee,card_form_component_html,alpha-target,j,HTML Tag Type Modification,APPLICABLE,,-
form-assignee,x-test-form-assignee,card_form_component_html,alpha-target,k,HTML Tag Insertion,APPLICABLE,,-
form-assignee,x-test-form-assignee,card_form_component_html,beta-parent,d,Text Content Modification,NA,no-text-content,-
form-assignee,x-test-form-assignee,card_form_component_html,beta-parent,e,Text Content Removal,NA,no-text-content,-
form-assignee,x-test-form-assignee,card_form_component_html,beta-parent,h,HTML Tag Movement (between two templates),NA,between-templates-na-perfile,-
form-assignee,x-test-form-assignee,card_form_component_html,beta-parent,i,HTML Tag Removal,NA,would-drop-x-test,-
form-assignee,x-test-form-assignee,card_form_component_html,beta-parent,a,Attribute Value Modification,APPLICABLE,,-
form-assignee,x-test-form-assignee,card_form_component_html,beta-parent,b,Attribute Removal,APPLICABLE,,-
form-assignee,x-test-form-assignee,card_form_component_html,beta-parent,c,Attribute Identifier Modification,APPLICABLE,,-
form-assignee,x-test-form-assignee,card_form_component_html,beta-parent,f,HTML Tag Movement (within a container),APPLICABLE,,-
form-assignee,x-test-form-assignee,card_form_component_html,beta-parent,g,HTML Tag Movement (any point of the HTML tree),APPLICABLE,,-
form-assignee,x-test-form-assignee,card_form_component_html,beta-parent,j,HTML Tag Type Modification,APPLICABLE,,-
form-assignee,x-test-form-assignee,card_form_component_html,beta-parent,k,HTML Tag Insertion,APPLICABLE,,-
form-assignee,x-test-form-assignee,card_form_component_html,gamma-ancestor,d,Text Content Modification,NA,no-text-content,-
form-assignee,x-test-form-assignee,card_form_component_html,gamma-ancestor,e,Text Content Removal,NA,no-text-content,-
form-assignee,x-test-form-assignee,card_form_component_html,gamma-ancestor,h,HTML Tag Movement (between two templates),NA,between-templates-na-perfile,-
form-assignee,x-test-form-assignee,card_form_component_html,gamma-ancestor,a,Attribute Value Modification,APPLICABLE,,-
form-assignee,x-test-form-assignee,card_form_component_html,gamma-ancestor,b,Attribute Removal,APPLICABLE,,-
form-assignee,x-test-form-assignee,card_form_component_html,gamma-ancestor,c,Attribute Identifier Modification,APPLICABLE,,-
form-assignee,x-test-form-assignee,card_form_component_html,gamma-ancestor,f,HTML Tag Movement (within a container),APPLICABLE,,-
form-assignee,x-test-form-assignee,card_form_component_html,gamma-ancestor,g,HTML Tag Movement (any point of the HTML tree),APPLICABLE,,-
form-assignee,x-test-form-assignee,card_form_component_html,gamma-ancestor,i,HTML Tag Removal,APPLICABLE,,-
form-assignee,x-test-form-assignee,card_form_component_html,gamma-ancestor,j,HTML Tag Type Modification,APPLICABLE,,-
form-assignee,x-test-form-assignee,card_form_component_html,gamma-ancestor,k,HTML Tag Insertion,APPLICABLE,,-
form-assignee,x-test-form-assignee,card_form_component_html,delta-sibling,h,HTML Tag Movement (between two templates),NA,between-templates-na-perfile,-
form-assignee,x-test-form-assignee,card_form_component_html,delta-sibling,i,HTML Tag Removal,NA,would-drop-x-test,-
form-assignee,x-test-form-assignee,card_form_component_html,delta-sibling,a,Attribute Value Modification,APPLICABLE,,-
form-assignee,x-test-form-assignee,card_form_component_html,delta-sibling,b,Attribute Removal,APPLICABLE,,-
form-assignee,x-test-form-assignee,card_form_component_html,delta-sibling,c,Attribute Identifier Modification,APPLICABLE,,-
form-assignee,x-test-form-assignee,card_form_component_html,delta-sibling,d,Text Content Modification,APPLICABLE,,-
form-assignee,x-test-form-assignee,card_form_component_html,delta-sibling,e,Text Content Removal,APPLICABLE,,-
form-assignee,x-test-form-assignee,card_form_component_html,delta-sibling,f,HTML Tag Movement (within a container),APPLICABLE,,-
form-assignee,x-test-form-assignee,card_form_component_html,delta-sibling,g,HTML Tag Movement (any point of the HTML tree),APPLICABLE,,-
form-assignee,x-test-form-assignee,card_form_component_html,delta-sibling,j,HTML Tag Type Modification,APPLICABLE,,-
form-assignee,x-test-form-assignee,card_form_component_html,delta-sibling,k,HTML Tag Insertion,APPLICABLE,,-
form-assignee,x-test-form-assignee,card_form_component_html,epsilon-component,a,Attribute Value Modification,NA,no-such-role,-
form-assignee,x-test-form-assignee,card_form_component_html,epsilon-component,b,Attribute Removal,NA,no-such-role,-
form-assignee,x-test-form-assignee,card_form_component_html,epsilon-component,c,Attribute Identifier Modification,NA,no-such-role,-
form-assignee,x-test-form-assignee,card_form_component_html,epsilon-component,d,Text Content Modification,NA,no-such-role,-
form-assignee,x-test-form-assignee,card_form_component_html,epsilon-component,e,Text Content Removal,NA,no-such-role,-
form-assignee,x-test-form-assignee,card_form_component_html,epsilon-component,f,HTML Tag Movement (within a container),NA,no-such-role,-
form-assignee,x-test-form-assignee,card_form_component_html,epsilon-component,g,HTML Tag Movement (any point of the HTML tree),NA,no-such-role,-
form-assignee,x-test-form-assignee,card_form_component_html,epsilon-component,h,HTML Tag Movement (between two templates),NA,no-such-role,-
form-assignee,x-test-form-assignee,card_form_component_html,epsilon-component,i,HTML Tag Removal,NA,no-such-role,-
form-assignee,x-test-form-assignee,card_form_component_html,epsilon-component,j,HTML Tag Type Modification,NA,no-such-role,-
form-assignee,x-test-form-assignee,card_form_component_html,epsilon-component,k,HTML Tag Insertion,NA,no-such-role,-
form-column,x-test-form-column,card_form_component_html,alpha-target,d,Text Content Modification,NA,no-text-content,-
form-column,x-test-form-column,card_form_component_html,alpha-target,e,Text Content Removal,NA,no-text-content,-
form-column,x-test-form-column,card_form_component_html,alpha-target,h,HTML Tag Movement (between two templates),NA,between-templates-na-perfile,-
form-column,x-test-form-column,card_form_component_html,alpha-target,i,HTML Tag Removal,NA,would-drop-x-test,-
form-column,x-test-form-column,card_form_component_html,alpha-target,a,Attribute Value Modification,APPLICABLE,,-
form-column,x-test-form-column,card_form_component_html,alpha-target,b,Attribute Removal,APPLICABLE,,-
form-column,x-test-form-column,card_form_component_html,alpha-target,c,Attribute Identifier Modification,APPLICABLE,,-
form-column,x-test-form-column,card_form_component_html,alpha-target,f,HTML Tag Movement (within a container),APPLICABLE,,-
form-column,x-test-form-column,card_form_component_html,alpha-target,g,HTML Tag Movement (any point of the HTML tree),APPLICABLE,,-
form-column,x-test-form-column,card_form_component_html,alpha-target,j,HTML Tag Type Modification,APPLICABLE,,-
form-column,x-test-form-column,card_form_component_html,alpha-target,k,HTML Tag Insertion,APPLICABLE,,-
form-column,x-test-form-column,card_form_component_html,beta-parent,d,Text Content Modification,NA,no-text-content,-
form-column,x-test-form-column,card_form_component_html,beta-parent,e,Text Content Removal,NA,no-text-content,-
form-column,x-test-form-column,card_form_component_html,beta-parent,h,HTML Tag Movement (between two templates),NA,between-templates-na-perfile,-
form-column,x-test-form-column,card_form_component_html,beta-parent,i,HTML Tag Removal,NA,would-drop-x-test,-
form-column,x-test-form-column,card_form_component_html,beta-parent,a,Attribute Value Modification,APPLICABLE,,-
form-column,x-test-form-column,card_form_component_html,beta-parent,b,Attribute Removal,APPLICABLE,,-
form-column,x-test-form-column,card_form_component_html,beta-parent,c,Attribute Identifier Modification,APPLICABLE,,-
form-column,x-test-form-column,card_form_component_html,beta-parent,f,HTML Tag Movement (within a container),APPLICABLE,,-
form-column,x-test-form-column,card_form_component_html,beta-parent,g,HTML Tag Movement (any point of the HTML tree),APPLICABLE,,-
form-column,x-test-form-column,card_form_component_html,beta-parent,j,HTML Tag Type Modification,APPLICABLE,,-
form-column,x-test-form-column,card_form_component_html,beta-parent,k,HTML Tag Insertion,APPLICABLE,,-
form-column,x-test-form-column,card_form_component_html,gamma-ancestor,d,Text Content Modification,NA,no-text-content,-
form-column,x-test-form-column,card_form_component_html,gamma-ancestor,e,Text Content Removal,NA,no-text-content,-
form-column,x-test-form-column,card_form_component_html,gamma-ancestor,h,HTML Tag Movement (between two templates),NA,between-templates-na-perfile,-
form-column,x-test-form-column,card_form_component_html,gamma-ancestor,a,Attribute Value Modification,APPLICABLE,,-
form-column,x-test-form-column,card_form_component_html,gamma-ancestor,b,Attribute Removal,APPLICABLE,,-
form-column,x-test-form-column,card_form_component_html,gamma-ancestor,c,Attribute Identifier Modification,APPLICABLE,,-
form-column,x-test-form-column,card_form_component_html,gamma-ancestor,f,HTML Tag Movement (within a container),APPLICABLE,,-
form-column,x-test-form-column,card_form_component_html,gamma-ancestor,g,HTML Tag Movement (any point of the HTML tree),APPLICABLE,,-
form-column,x-test-form-column,card_form_component_html,gamma-ancestor,i,HTML Tag Removal,APPLICABLE,,-
form-column,x-test-form-column,card_form_component_html,gamma-ancestor,j,HTML Tag Type Modification,APPLICABLE,,-
form-column,x-test-form-column,card_form_component_html,gamma-ancestor,k,HTML Tag Insertion,APPLICABLE,,-
form-column,x-test-form-column,card_form_component_html,delta-sibling,h,HTML Tag Movement (between two templates),NA,between-templates-na-perfile,-
form-column,x-test-form-column,card_form_component_html,delta-sibling,i,HTML Tag Removal,NA,would-drop-x-test,-
form-column,x-test-form-column,card_form_component_html,delta-sibling,a,Attribute Value Modification,APPLICABLE,,-
form-column,x-test-form-column,card_form_component_html,delta-sibling,b,Attribute Removal,APPLICABLE,,-
form-column,x-test-form-column,card_form_component_html,delta-sibling,c,Attribute Identifier Modification,APPLICABLE,,-
form-column,x-test-form-column,card_form_component_html,delta-sibling,d,Text Content Modification,APPLICABLE,,-
form-column,x-test-form-column,card_form_component_html,delta-sibling,e,Text Content Removal,APPLICABLE,,-
form-column,x-test-form-column,card_form_component_html,delta-sibling,f,HTML Tag Movement (within a container),APPLICABLE,,-
form-column,x-test-form-column,card_form_component_html,delta-sibling,g,HTML Tag Movement (any point of the HTML tree),APPLICABLE,,-
form-column,x-test-form-column,card_form_component_html,delta-sibling,j,HTML Tag Type Modification,APPLICABLE,,-
form-column,x-test-form-column,card_form_component_html,delta-sibling,k,HTML Tag Insertion,APPLICABLE,,-
form-column,x-test-form-column,card_form_component_html,epsilon-component,a,Attribute Value Modification,NA,no-such-role,-
form-column,x-test-form-column,card_form_component_html,epsilon-component,b,Attribute Removal,NA,no-such-role,-
form-column,x-test-form-column,card_form_component_html,epsilon-component,c,Attribute Identifier Modification,NA,no-such-role,-
form-column,x-test-form-column,card_form_component_html,epsilon-component,d,Text Content Modification,NA,no-such-role,-
form-column,x-test-form-column,card_form_component_html,epsilon-component,e,Text Content Removal,NA,no-such-role,-
form-column,x-test-form-column,card_form_component_html,epsilon-component,f,HTML Tag Movement (within a container),NA,no-such-role,-
form-column,x-test-form-column,card_form_component_html,epsilon-component,g,HTML Tag Movement (any point of the HTML tree),NA,no-such-role,-
form-column,x-test-form-column,card_form_component_html,epsilon-component,h,HTML Tag Movement (between two templates),NA,no-such-role,-
form-column,x-test-form-column,card_form_component_html,epsilon-component,i,HTML Tag Removal,NA,no-such-role,-
form-column,x-test-form-column,card_form_component_html,epsilon-component,j,HTML Tag Type Modification,NA,no-such-role,-
form-column,x-test-form-column,card_form_component_html,epsilon-component,k,HTML Tag Insertion,NA,no-such-role,-
form-tags,x-test-form-tags,card_form_component_html,alpha-target,d,Text Content Modification,NA,no-text-content,-
form-tags,x-test-form-tags,card_form_component_html,alpha-target,e,Text Content Removal,NA,no-text-content,-
form-tags,x-test-form-tags,card_form_component_html,alpha-target,h,HTML Tag Movement (between two templates),NA,between-templates-na-perfile,-
form-tags,x-test-form-tags,card_form_component_html,alpha-target,i,HTML Tag Removal,NA,would-drop-x-test,-
form-tags,x-test-form-tags,card_form_component_html,alpha-target,a,Attribute Value Modification,APPLICABLE,,-
form-tags,x-test-form-tags,card_form_component_html,alpha-target,b,Attribute Removal,APPLICABLE,,-
form-tags,x-test-form-tags,card_form_component_html,alpha-target,c,Attribute Identifier Modification,APPLICABLE,,-
form-tags,x-test-form-tags,card_form_component_html,alpha-target,f,HTML Tag Movement (within a container),APPLICABLE,,-
form-tags,x-test-form-tags,card_form_component_html,alpha-target,g,HTML Tag Movement (any point of the HTML tree),APPLICABLE,,-
form-tags,x-test-form-tags,card_form_component_html,alpha-target,j,HTML Tag Type Modification,APPLICABLE,,-
form-tags,x-test-form-tags,card_form_component_html,alpha-target,k,HTML Tag Insertion,APPLICABLE,,-
form-tags,x-test-form-tags,card_form_component_html,beta-parent,d,Text Content Modification,NA,no-text-content,-
form-tags,x-test-form-tags,card_form_component_html,beta-parent,e,Text Content Removal,NA,no-text-content,-
form-tags,x-test-form-tags,card_form_component_html,beta-parent,h,HTML Tag Movement (between two templates),NA,between-templates-na-perfile,-
form-tags,x-test-form-tags,card_form_component_html,beta-parent,i,HTML Tag Removal,NA,would-drop-x-test,-
form-tags,x-test-form-tags,card_form_component_html,beta-parent,a,Attribute Value Modification,APPLICABLE,,-
form-tags,x-test-form-tags,card_form_component_html,beta-parent,b,Attribute Removal,APPLICABLE,,-
form-tags,x-test-form-tags,card_form_component_html,beta-parent,c,Attribute Identifier Modification,APPLICABLE,,-
form-tags,x-test-form-tags,card_form_component_html,beta-parent,f,HTML Tag Movement (within a container),APPLICABLE,,-
form-tags,x-test-form-tags,card_form_component_html,beta-parent,g,HTML Tag Movement (any point of the HTML tree),APPLICABLE,,-
form-tags,x-test-form-tags,card_form_component_html,beta-parent,j,HTML Tag Type Modification,APPLICABLE,,-
form-tags,x-test-form-tags,card_form_component_html,beta-parent,k,HTML Tag Insertion,APPLICABLE,,-
form-tags,x-test-form-tags,card_form_component_html,gamma-ancestor,d,Text Content Modification,NA,no-text-content,-
form-tags,x-test-form-tags,card_form_component_html,gamma-ancestor,e,Text Content Removal,NA,no-text-content,-
form-tags,x-test-form-tags,card_form_component_html,gamma-ancestor,h,HTML Tag Movement (between two templates),NA,between-templates-na-perfile,-
form-tags,x-test-form-tags,card_form_component_html,gamma-ancestor,i,HTML Tag Removal,NA,would-drop-x-test,-
form-tags,x-test-form-tags,card_form_component_html,gamma-ancestor,a,Attribute Value Modification,APPLICABLE,,-
form-tags,x-test-form-tags,card_form_component_html,gamma-ancestor,b,Attribute Removal,APPLICABLE,,-
form-tags,x-test-form-tags,card_form_component_html,gamma-ancestor,c,Attribute Identifier Modification,APPLICABLE,,-
form-tags,x-test-form-tags,card_form_component_html,gamma-ancestor,f,HTML Tag Movement (within a container),APPLICABLE,,-
form-tags,x-test-form-tags,card_form_component_html,gamma-ancestor,g,HTML Tag Movement (any point of the HTML tree),APPLICABLE,,-
form-tags,x-test-form-tags,card_form_component_html,gamma-ancestor,j,HTML Tag Type Modification,APPLICABLE,,-
form-tags,x-test-form-tags,card_form_component_html,gamma-ancestor,k,HTML Tag Insertion,APPLICABLE,,-
form-tags,x-test-form-tags,card_form_component_html,delta-sibling,h,HTML Tag Movement (between two templates),NA,between-templates-na-perfile,-
form-tags,x-test-form-tags,card_form_component_html,delta-sibling,i,HTML Tag Removal,NA,would-drop-x-test,-
form-tags,x-test-form-tags,card_form_component_html,delta-sibling,a,Attribute Value Modification,APPLICABLE,,-
form-tags,x-test-form-tags,card_form_component_html,delta-sibling,b,Attribute Removal,APPLICABLE,,-
form-tags,x-test-form-tags,card_form_component_html,delta-sibling,c,Attribute Identifier Modification,APPLICABLE,,-
form-tags,x-test-form-tags,card_form_component_html,delta-sibling,d,Text Content Modification,APPLICABLE,,-
form-tags,x-test-form-tags,card_form_component_html,delta-sibling,e,Text Content Removal,APPLICABLE,,-
form-tags,x-test-form-tags,card_form_component_html,delta-sibling,f,HTML Tag Movement (within a container),APPLICABLE,,-
form-tags,x-test-form-tags,card_form_component_html,delta-sibling,g,HTML Tag Movement (any point of the HTML tree),APPLICABLE,,-
form-tags,x-test-form-tags,card_form_component_html,delta-sibling,j,HTML Tag Type Modification,APPLICABLE,,-
form-tags,x-test-form-tags,card_form_component_html,delta-sibling,k,HTML Tag Insertion,APPLICABLE,,-
form-tags,x-test-form-tags,card_form_component_html,epsilon-component,a,Attribute Value Modification,NA,no-such-role,-
form-tags,x-test-form-tags,card_form_component_html,epsilon-component,b,Attribute Removal,NA,no-such-role,-
form-tags,x-test-form-tags,card_form_component_html,epsilon-component,c,Attribute Identifier Modification,NA,no-such-role,-
form-tags,x-test-form-tags,card_form_component_html,epsilon-component,d,Text Content Modification,NA,no-such-role,-
form-tags,x-test-form-tags,card_form_component_html,epsilon-component,e,Text Content Removal,NA,no-such-role,-
form-tags,x-test-form-tags,card_form_component_html,epsilon-component,f,HTML Tag Movement (within a container),NA,no-such-role,-
form-tags,x-test-form-tags,card_form_component_html,epsilon-component,g,HTML Tag Movement (any point of the HTML tree),NA,no-such-role,-
form-tags,x-test-form-tags,card_form_component_html,epsilon-component,h,HTML Tag Movement (between two templates),NA,no-such-role,-
form-tags,x-test-form-tags,card_form_component_html,epsilon-component,i,HTML Tag Removal,NA,no-such-role,-
form-tags,x-test-form-tags,card_form_component_html,epsilon-component,j,HTML Tag Type Modification,NA,no-such-role,-
form-tags,x-test-form-tags,card_form_component_html,epsilon-component,k,HTML Tag Insertion,NA,no-such-role,-
form-submit,x-test-form-submit,card_form_component_html,alpha-target,h,HTML Tag Movement (between two templates),NA,between-templates-na-perfile,-
form-submit,x-test-form-submit,card_form_component_html,alpha-target,i,HTML Tag Removal,NA,would-drop-x-test,-
form-submit,x-test-form-submit,card_form_component_html,alpha-target,a,Attribute Value Modification,APPLICABLE,,-
form-submit,x-test-form-submit,card_form_component_html,alpha-target,b,Attribute Removal,APPLICABLE,,-
form-submit,x-test-form-submit,card_form_component_html,alpha-target,c,Attribute Identifier Modification,APPLICABLE,,-
form-submit,x-test-form-submit,card_form_component_html,alpha-target,d,Text Content Modification,APPLICABLE,,-
form-submit,x-test-form-submit,card_form_component_html,alpha-target,e,Text Content Removal,APPLICABLE,,-
form-submit,x-test-form-submit,card_form_component_html,alpha-target,f,HTML Tag Movement (within a container),APPLICABLE,,-
form-submit,x-test-form-submit,card_form_component_html,alpha-target,g,HTML Tag Movement (any point of the HTML tree),APPLICABLE,,-
form-submit,x-test-form-submit,card_form_component_html,alpha-target,j,HTML Tag Type Modification,APPLICABLE,,-
form-submit,x-test-form-submit,card_form_component_html,alpha-target,k,HTML Tag Insertion,APPLICABLE,,-
form-submit,x-test-form-submit,card_form_component_html,beta-parent,d,Text Content Modification,NA,no-text-content,-
form-submit,x-test-form-submit,card_form_component_html,beta-parent,e,Text Content Removal,NA,no-text-content,-
form-submit,x-test-form-submit,card_form_component_html,beta-parent,h,HTML Tag Movement (between two templates),NA,between-templates-na-perfile,-
form-submit,x-test-form-submit,card_form_component_html,beta-parent,i,HTML Tag Removal,NA,would-drop-x-test,-
form-submit,x-test-form-submit,card_form_component_html,beta-parent,a,Attribute Value Modification,APPLICABLE,,-
form-submit,x-test-form-submit,card_form_component_html,beta-parent,b,Attribute Removal,APPLICABLE,,-
form-submit,x-test-form-submit,card_form_component_html,beta-parent,c,Attribute Identifier Modification,APPLICABLE,,-
form-submit,x-test-form-submit,card_form_component_html,beta-parent,f,HTML Tag Movement (within a container),APPLICABLE,,-
form-submit,x-test-form-submit,card_form_component_html,beta-parent,g,HTML Tag Movement (any point of the HTML tree),APPLICABLE,,-
form-submit,x-test-form-submit,card_form_component_html,beta-parent,j,HTML Tag Type Modification,APPLICABLE,,-
form-submit,x-test-form-submit,card_form_component_html,beta-parent,k,HTML Tag Insertion,APPLICABLE,,-
form-submit,x-test-form-submit,card_form_component_html,gamma-ancestor,d,Text Content Modification,NA,no-text-content,-
form-submit,x-test-form-submit,card_form_component_html,gamma-ancestor,e,Text Content Removal,NA,no-text-content,-
form-submit,x-test-form-submit,card_form_component_html,gamma-ancestor,h,HTML Tag Movement (between two templates),NA,between-templates-na-perfile,-
form-submit,x-test-form-submit,card_form_component_html,gamma-ancestor,i,HTML Tag Removal,NA,would-drop-x-test,-
form-submit,x-test-form-submit,card_form_component_html,gamma-ancestor,a,Attribute Value Modification,APPLICABLE,,-
form-submit,x-test-form-submit,card_form_component_html,gamma-ancestor,b,Attribute Removal,APPLICABLE,,-
form-submit,x-test-form-submit,card_form_component_html,gamma-ancestor,c,Attribute Identifier Modification,APPLICABLE,,-
form-submit,x-test-form-submit,card_form_component_html,gamma-ancestor,f,HTML Tag Movement (within a container),APPLICABLE,,-
form-submit,x-test-form-submit,card_form_component_html,gamma-ancestor,g,HTML Tag Movement (any point of the HTML tree),APPLICABLE,,-
form-submit,x-test-form-submit,card_form_component_html,gamma-ancestor,j,HTML Tag Type Modification,APPLICABLE,,-
form-submit,x-test-form-submit,card_form_component_html,gamma-ancestor,k,HTML Tag Insertion,APPLICABLE,,-
form-submit,x-test-form-submit,card_form_component_html,delta-sibling,h,HTML Tag Movement (between two templates),NA,between-templates-na-perfile,-
form-submit,x-test-form-submit,card_form_component_html,delta-sibling,i,HTML Tag Removal,NA,would-drop-x-test,-
form-submit,x-test-form-submit,card_form_component_html,delta-sibling,a,Attribute Value Modification,APPLICABLE,,-
form-submit,x-test-form-submit,card_form_component_html,delta-sibling,b,Attribute Removal,APPLICABLE,,-
form-submit,x-test-form-submit,card_form_component_html,delta-sibling,c,Attribute Identifier Modification,APPLICABLE,,-
form-submit,x-test-form-submit,card_form_component_html,delta-sibling,d,Text Content Modification,APPLICABLE,,-
form-submit,x-test-form-submit,card_form_component_html,delta-sibling,e,Text Content Removal,APPLICABLE,,-
form-submit,x-test-form-submit,card_form_component_html,delta-sibling,f,HTML Tag Movement (within a container),APPLICABLE,,-
form-submit,x-test-form-submit,card_form_component_html,delta-sibling,g,HTML Tag Movement (any point of the HTML tree),APPLICABLE,,-
form-submit,x-test-form-submit,card_form_component_html,delta-sibling,j,HTML Tag Type Modification,APPLICABLE,,-
form-submit,x-test-form-submit,card_form_component_html,delta-sibling,k,HTML Tag Insertion,APPLICABLE,,-
form-submit,x-test-form-submit,card_form_component_html,epsilon-component,a,Attribute Value Modification,NA,no-such-role,-
form-submit,x-test-form-submit,card_form_component_html,epsilon-component,b,Attribute Removal,NA,no-such-role,-
form-submit,x-test-form-submit,card_form_component_html,epsilon-component,c,Attribute Identifier Modification,NA,no-such-role,-
form-submit,x-test-form-submit,card_form_component_html,epsilon-component,d,Text Content Modification,NA,no-such-role,-
form-submit,x-test-form-submit,card_form_component_html,epsilon-component,e,Text Content Removal,NA,no-such-role,-
form-submit,x-test-form-submit,card_form_component_html,epsilon-component,f,HTML Tag Movement (within a container),NA,no-such-role,-
form-submit,x-test-form-submit,card_form_component_html,epsilon-component,g,HTML Tag Movement (any point of the HTML tree),NA,no-such-role,-
form-submit,x-test-form-submit,card_form_component_html,epsilon-component,h,HTML Tag Movement (between two templates),NA,no-such-role,-
form-submit,x-test-form-submit,card_form_component_html,epsilon-component,i,HTML Tag Removal,NA,no-such-role,-
form-submit,x-test-form-submit,card_form_component_html,epsilon-component,j,HTML Tag Type Modification,NA,no-such-role,-
form-submit,x-test-form-submit,card_form_component_html,epsilon-component,k,HTML Tag Insertion,NA,no-such-role,-
form-cancel,x-test-form-cancel,card_form_component_html,alpha-target,h,HTML Tag Movement (between two templates),NA,between-templates-na-perfile,-
form-cancel,x-test-form-cancel,card_form_component_html,alpha-target,i,HTML Tag Removal,NA,would-drop-x-test,-
form-cancel,x-test-form-cancel,card_form_component_html,alpha-target,a,Attribute Value Modification,APPLICABLE,,-
form-cancel,x-test-form-cancel,card_form_component_html,alpha-target,b,Attribute Removal,APPLICABLE,,-
form-cancel,x-test-form-cancel,card_form_component_html,alpha-target,c,Attribute Identifier Modification,APPLICABLE,,-
form-cancel,x-test-form-cancel,card_form_component_html,alpha-target,d,Text Content Modification,APPLICABLE,,-
form-cancel,x-test-form-cancel,card_form_component_html,alpha-target,e,Text Content Removal,APPLICABLE,,-
form-cancel,x-test-form-cancel,card_form_component_html,alpha-target,f,HTML Tag Movement (within a container),APPLICABLE,,-
form-cancel,x-test-form-cancel,card_form_component_html,alpha-target,g,HTML Tag Movement (any point of the HTML tree),APPLICABLE,,-
form-cancel,x-test-form-cancel,card_form_component_html,alpha-target,j,HTML Tag Type Modification,APPLICABLE,,-
form-cancel,x-test-form-cancel,card_form_component_html,alpha-target,k,HTML Tag Insertion,APPLICABLE,,-
form-cancel,x-test-form-cancel,card_form_component_html,beta-parent,d,Text Content Modification,NA,no-text-content,-
form-cancel,x-test-form-cancel,card_form_component_html,beta-parent,e,Text Content Removal,NA,no-text-content,-
form-cancel,x-test-form-cancel,card_form_component_html,beta-parent,h,HTML Tag Movement (between two templates),NA,between-templates-na-perfile,-
form-cancel,x-test-form-cancel,card_form_component_html,beta-parent,i,HTML Tag Removal,NA,would-drop-x-test,-
form-cancel,x-test-form-cancel,card_form_component_html,beta-parent,a,Attribute Value Modification,APPLICABLE,,-
form-cancel,x-test-form-cancel,card_form_component_html,beta-parent,b,Attribute Removal,APPLICABLE,,-
form-cancel,x-test-form-cancel,card_form_component_html,beta-parent,c,Attribute Identifier Modification,APPLICABLE,,-
form-cancel,x-test-form-cancel,card_form_component_html,beta-parent,f,HTML Tag Movement (within a container),APPLICABLE,,-
form-cancel,x-test-form-cancel,card_form_component_html,beta-parent,g,HTML Tag Movement (any point of the HTML tree),APPLICABLE,,-
form-cancel,x-test-form-cancel,card_form_component_html,beta-parent,j,HTML Tag Type Modification,APPLICABLE,,-
form-cancel,x-test-form-cancel,card_form_component_html,beta-parent,k,HTML Tag Insertion,APPLICABLE,,-
form-cancel,x-test-form-cancel,card_form_component_html,gamma-ancestor,d,Text Content Modification,NA,no-text-content,-
form-cancel,x-test-form-cancel,card_form_component_html,gamma-ancestor,e,Text Content Removal,NA,no-text-content,-
form-cancel,x-test-form-cancel,card_form_component_html,gamma-ancestor,h,HTML Tag Movement (between two templates),NA,between-templates-na-perfile,-
form-cancel,x-test-form-cancel,card_form_component_html,gamma-ancestor,i,HTML Tag Removal,NA,would-drop-x-test,-
form-cancel,x-test-form-cancel,card_form_component_html,gamma-ancestor,a,Attribute Value Modification,APPLICABLE,,-
form-cancel,x-test-form-cancel,card_form_component_html,gamma-ancestor,b,Attribute Removal,APPLICABLE,,-
form-cancel,x-test-form-cancel,card_form_component_html,gamma-ancestor,c,Attribute Identifier Modification,APPLICABLE,,-
form-cancel,x-test-form-cancel,card_form_component_html,gamma-ancestor,f,HTML Tag Movement (within a container),APPLICABLE,,-
form-cancel,x-test-form-cancel,card_form_component_html,gamma-ancestor,g,HTML Tag Movement (any point of the HTML tree),APPLICABLE,,-
form-cancel,x-test-form-cancel,card_form_component_html,gamma-ancestor,j,HTML Tag Type Modification,APPLICABLE,,-
form-cancel,x-test-form-cancel,card_form_component_html,gamma-ancestor,k,HTML Tag Insertion,APPLICABLE,,-
form-cancel,x-test-form-cancel,card_form_component_html,delta-sibling,h,HTML Tag Movement (between two templates),NA,between-templates-na-perfile,-
form-cancel,x-test-form-cancel,card_form_component_html,delta-sibling,i,HTML Tag Removal,NA,would-drop-x-test,-
form-cancel,x-test-form-cancel,card_form_component_html,delta-sibling,a,Attribute Value Modification,APPLICABLE,,-
form-cancel,x-test-form-cancel,card_form_component_html,delta-sibling,b,Attribute Removal,APPLICABLE,,-
form-cancel,x-test-form-cancel,card_form_component_html,delta-sibling,c,Attribute Identifier Modification,APPLICABLE,,-
form-cancel,x-test-form-cancel,card_form_component_html,delta-sibling,d,Text Content Modification,APPLICABLE,,-
form-cancel,x-test-form-cancel,card_form_component_html,delta-sibling,e,Text Content Removal,APPLICABLE,,-
form-cancel,x-test-form-cancel,card_form_component_html,delta-sibling,f,HTML Tag Movement (within a container),APPLICABLE,,-
form-cancel,x-test-form-cancel,card_form_component_html,delta-sibling,g,HTML Tag Movement (any point of the HTML tree),APPLICABLE,,-
form-cancel,x-test-form-cancel,card_form_component_html,delta-sibling,j,HTML Tag Type Modification,APPLICABLE,,-
form-cancel,x-test-form-cancel,card_form_component_html,delta-sibling,k,HTML Tag Insertion,APPLICABLE,,-
form-cancel,x-test-form-cancel,card_form_component_html,epsilon-component,a,Attribute Value Modification,NA,no-such-role,-
form-cancel,x-test-form-cancel,card_form_component_html,epsilon-component,b,Attribute Removal,NA,no-such-role,-
form-cancel,x-test-form-cancel,card_form_component_html,epsilon-component,c,Attribute Identifier Modification,NA,no-such-role,-
form-cancel,x-test-form-cancel,card_form_component_html,epsilon-component,d,Text Content Modification,NA,no-such-role,-
form-cancel,x-test-form-cancel,card_form_component_html,epsilon-component,e,Text Content Removal,NA,no-such-role,-
form-cancel,x-test-form-cancel,card_form_component_html,epsilon-component,f,HTML Tag Movement (within a container),NA,no-such-role,-
form-cancel,x-test-form-cancel,card_form_component_html,epsilon-component,g,HTML Tag Movement (any point of the HTML tree),NA,no-such-role,-
form-cancel,x-test-form-cancel,card_form_component_html,epsilon-component,h,HTML Tag Movement (between two templates),NA,no-such-role,-
form-cancel,x-test-form-cancel,card_form_component_html,epsilon-component,i,HTML Tag Removal,NA,no-such-role,-
form-cancel,x-test-form-cancel,card_form_component_html,epsilon-component,j,HTML Tag Type Modification,NA,no-such-role,-
form-cancel,x-test-form-cancel,card_form_component_html,epsilon-component,k,HTML Tag Insertion,NA,no-such-role,-
form-back,x-test-form-back,card_form_component_html,alpha-target,h,HTML Tag Movement (between two templates),NA,between-templates-na-perfile,-
form-back,x-test-form-back,card_form_component_html,alpha-target,i,HTML Tag Removal,NA,would-drop-x-test,-
form-back,x-test-form-back,card_form_component_html,alpha-target,a,Attribute Value Modification,APPLICABLE,,-
form-back,x-test-form-back,card_form_component_html,alpha-target,b,Attribute Removal,APPLICABLE,,-
form-back,x-test-form-back,card_form_component_html,alpha-target,c,Attribute Identifier Modification,APPLICABLE,,-
form-back,x-test-form-back,card_form_component_html,alpha-target,d,Text Content Modification,APPLICABLE,,-
form-back,x-test-form-back,card_form_component_html,alpha-target,e,Text Content Removal,APPLICABLE,,-
form-back,x-test-form-back,card_form_component_html,alpha-target,f,HTML Tag Movement (within a container),APPLICABLE,,-
form-back,x-test-form-back,card_form_component_html,alpha-target,g,HTML Tag Movement (any point of the HTML tree),APPLICABLE,,-
form-back,x-test-form-back,card_form_component_html,alpha-target,j,HTML Tag Type Modification,APPLICABLE,,-
form-back,x-test-form-back,card_form_component_html,alpha-target,k,HTML Tag Insertion,APPLICABLE,,-
form-back,x-test-form-back,card_form_component_html,beta-parent,h,HTML Tag Movement (between two templates),NA,between-templates-na-perfile,-
form-back,x-test-form-back,card_form_component_html,beta-parent,i,HTML Tag Removal,NA,would-drop-x-test,-
form-back,x-test-form-back,card_form_component_html,beta-parent,a,Attribute Value Modification,APPLICABLE,,-
form-back,x-test-form-back,card_form_component_html,beta-parent,b,Attribute Removal,APPLICABLE,,-
form-back,x-test-form-back,card_form_component_html,beta-parent,c,Attribute Identifier Modification,APPLICABLE,,-
form-back,x-test-form-back,card_form_component_html,beta-parent,d,Text Content Modification,APPLICABLE,,-
form-back,x-test-form-back,card_form_component_html,beta-parent,e,Text Content Removal,APPLICABLE,,-
form-back,x-test-form-back,card_form_component_html,beta-parent,f,HTML Tag Movement (within a container),APPLICABLE,,-
form-back,x-test-form-back,card_form_component_html,beta-parent,g,HTML Tag Movement (any point of the HTML tree),APPLICABLE,,-
form-back,x-test-form-back,card_form_component_html,beta-parent,j,HTML Tag Type Modification,APPLICABLE,,-
form-back,x-test-form-back,card_form_component_html,beta-parent,k,HTML Tag Insertion,APPLICABLE,,-
form-back,x-test-form-back,card_form_component_html,gamma-ancestor,d,Text Content Modification,NA,no-text-content,-
form-back,x-test-form-back,card_form_component_html,gamma-ancestor,e,Text Content Removal,NA,no-text-content,-
form-back,x-test-form-back,card_form_component_html,gamma-ancestor,f,HTML Tag Movement (within a container),NA,no-sibling-to-reorder,-
form-back,x-test-form-back,card_form_component_html,gamma-ancestor,g,HTML Tag Movement (any point of the HTML tree),NA,root-element,-
form-back,x-test-form-back,card_form_component_html,gamma-ancestor,h,HTML Tag Movement (between two templates),NA,between-templates-na-perfile,-
form-back,x-test-form-back,card_form_component_html,gamma-ancestor,i,HTML Tag Removal,NA,root-element,-
form-back,x-test-form-back,card_form_component_html,gamma-ancestor,a,Attribute Value Modification,APPLICABLE,,-
form-back,x-test-form-back,card_form_component_html,gamma-ancestor,b,Attribute Removal,APPLICABLE,,-
form-back,x-test-form-back,card_form_component_html,gamma-ancestor,c,Attribute Identifier Modification,APPLICABLE,,-
form-back,x-test-form-back,card_form_component_html,gamma-ancestor,j,HTML Tag Type Modification,APPLICABLE,,-
form-back,x-test-form-back,card_form_component_html,gamma-ancestor,k,HTML Tag Insertion,APPLICABLE,,-
form-back,x-test-form-back,card_form_component_html,delta-sibling,h,HTML Tag Movement (between two templates),NA,between-templates-na-perfile,-
form-back,x-test-form-back,card_form_component_html,delta-sibling,i,HTML Tag Removal,NA,would-drop-x-test,-
form-back,x-test-form-back,card_form_component_html,delta-sibling,a,Attribute Value Modification,APPLICABLE,,-
form-back,x-test-form-back,card_form_component_html,delta-sibling,b,Attribute Removal,APPLICABLE,,-
form-back,x-test-form-back,card_form_component_html,delta-sibling,c,Attribute Identifier Modification,APPLICABLE,,-
form-back,x-test-form-back,card_form_component_html,delta-sibling,d,Text Content Modification,APPLICABLE,,-
form-back,x-test-form-back,card_form_component_html,delta-sibling,e,Text Content Removal,APPLICABLE,,-
form-back,x-test-form-back,card_form_component_html,delta-sibling,f,HTML Tag Movement (within a container),APPLICABLE,,-
form-back,x-test-form-back,card_form_component_html,delta-sibling,g,HTML Tag Movement (any point of the HTML tree),APPLICABLE,,-
form-back,x-test-form-back,card_form_component_html,delta-sibling,j,HTML Tag Type Modification,APPLICABLE,,-
form-back,x-test-form-back,card_form_component_html,delta-sibling,k,HTML Tag Insertion,APPLICABLE,,-
form-back,x-test-form-back,card_form_component_html,epsilon-component,a,Attribute Value Modification,NA,no-such-role,-
form-back,x-test-form-back,card_form_component_html,epsilon-component,b,Attribute Removal,NA,no-such-role,-
form-back,x-test-form-back,card_form_component_html,epsilon-component,c,Attribute Identifier Modification,NA,no-such-role,-
form-back,x-test-form-back,card_form_component_html,epsilon-component,d,Text Content Modification,NA,no-such-role,-
form-back,x-test-form-back,card_form_component_html,epsilon-component,e,Text Content Removal,NA,no-such-role,-
form-back,x-test-form-back,card_form_component_html,epsilon-component,f,HTML Tag Movement (within a container),NA,no-such-role,-
form-back,x-test-form-back,card_form_component_html,epsilon-component,g,HTML Tag Movement (any point of the HTML tree),NA,no-such-role,-
form-back,x-test-form-back,card_form_component_html,epsilon-component,h,HTML Tag Movement (between two templates),NA,no-such-role,-
form-back,x-test-form-back,card_form_component_html,epsilon-component,i,HTML Tag Removal,NA,no-such-role,-
form-back,x-test-form-back,card_form_component_html,epsilon-component,j,HTML Tag Type Modification,NA,no-such-role,-
form-back,x-test-form-back,card_form_component_html,epsilon-component,k,HTML Tag Insertion,NA,no-such-role,-
form-actions,x-test-form-actions,card_form_component_html,alpha-target,d,Text Content Modification,NA,no-text-content,-
form-actions,x-test-form-actions,card_form_component_html,alpha-target,e,Text Content Removal,NA,no-text-content,-
form-actions,x-test-form-actions,card_form_component_html,alpha-target,h,HTML Tag Movement (between two templates),NA,between-templates-na-perfile,-
form-actions,x-test-form-actions,card_form_component_html,alpha-target,i,HTML Tag Removal,NA,would-drop-x-test,-
form-actions,x-test-form-actions,card_form_component_html,alpha-target,a,Attribute Value Modification,APPLICABLE,,-
form-actions,x-test-form-actions,card_form_component_html,alpha-target,b,Attribute Removal,APPLICABLE,,-
form-actions,x-test-form-actions,card_form_component_html,alpha-target,c,Attribute Identifier Modification,APPLICABLE,,-
form-actions,x-test-form-actions,card_form_component_html,alpha-target,f,HTML Tag Movement (within a container),APPLICABLE,,-
form-actions,x-test-form-actions,card_form_component_html,alpha-target,g,HTML Tag Movement (any point of the HTML tree),APPLICABLE,,-
form-actions,x-test-form-actions,card_form_component_html,alpha-target,j,HTML Tag Type Modification,APPLICABLE,,-
form-actions,x-test-form-actions,card_form_component_html,alpha-target,k,HTML Tag Insertion,APPLICABLE,,-
form-actions,x-test-form-actions,card_form_component_html,beta-parent,d,Text Content Modification,NA,no-text-content,-
form-actions,x-test-form-actions,card_form_component_html,beta-parent,e,Text Content Removal,NA,no-text-content,-
form-actions,x-test-form-actions,card_form_component_html,beta-parent,h,HTML Tag Movement (between two templates),NA,between-templates-na-perfile,-
form-actions,x-test-form-actions,card_form_component_html,beta-parent,i,HTML Tag Removal,NA,would-drop-x-test,-
form-actions,x-test-form-actions,card_form_component_html,beta-parent,a,Attribute Value Modification,APPLICABLE,,-
form-actions,x-test-form-actions,card_form_component_html,beta-parent,b,Attribute Removal,APPLICABLE,,-
form-actions,x-test-form-actions,card_form_component_html,beta-parent,c,Attribute Identifier Modification,APPLICABLE,,-
form-actions,x-test-form-actions,card_form_component_html,beta-parent,f,HTML Tag Movement (within a container),APPLICABLE,,-
form-actions,x-test-form-actions,card_form_component_html,beta-parent,g,HTML Tag Movement (any point of the HTML tree),APPLICABLE,,-
form-actions,x-test-form-actions,card_form_component_html,beta-parent,j,HTML Tag Type Modification,APPLICABLE,,-
form-actions,x-test-form-actions,card_form_component_html,beta-parent,k,HTML Tag Insertion,APPLICABLE,,-
form-actions,x-test-form-actions,card_form_component_html,gamma-ancestor,d,Text Content Modification,NA,no-text-content,-
form-actions,x-test-form-actions,card_form_component_html,gamma-ancestor,e,Text Content Removal,NA,no-text-content,-
form-actions,x-test-form-actions,card_form_component_html,gamma-ancestor,f,HTML Tag Movement (within a container),NA,no-sibling-to-reorder,-
form-actions,x-test-form-actions,card_form_component_html,gamma-ancestor,g,HTML Tag Movement (any point of the HTML tree),NA,root-element,-
form-actions,x-test-form-actions,card_form_component_html,gamma-ancestor,h,HTML Tag Movement (between two templates),NA,between-templates-na-perfile,-
form-actions,x-test-form-actions,card_form_component_html,gamma-ancestor,i,HTML Tag Removal,NA,root-element,-
form-actions,x-test-form-actions,card_form_component_html,gamma-ancestor,a,Attribute Value Modification,APPLICABLE,,-
form-actions,x-test-form-actions,card_form_component_html,gamma-ancestor,b,Attribute Removal,APPLICABLE,,-
form-actions,x-test-form-actions,card_form_component_html,gamma-ancestor,c,Attribute Identifier Modification,APPLICABLE,,-
form-actions,x-test-form-actions,card_form_component_html,gamma-ancestor,j,HTML Tag Type Modification,APPLICABLE,,-
form-actions,x-test-form-actions,card_form_component_html,gamma-ancestor,k,HTML Tag Insertion,APPLICABLE,,-
form-actions,x-test-form-actions,card_form_component_html,delta-sibling,d,Text Content Modification,NA,no-text-content,-
form-actions,x-test-form-actions,card_form_component_html,delta-sibling,e,Text Content Removal,NA,no-text-content,-
form-actions,x-test-form-actions,card_form_component_html,delta-sibling,h,HTML Tag Movement (between two templates),NA,between-templates-na-perfile,-
form-actions,x-test-form-actions,card_form_component_html,delta-sibling,i,HTML Tag Removal,NA,would-drop-x-test,-
form-actions,x-test-form-actions,card_form_component_html,delta-sibling,a,Attribute Value Modification,APPLICABLE,,-
form-actions,x-test-form-actions,card_form_component_html,delta-sibling,b,Attribute Removal,APPLICABLE,,-
form-actions,x-test-form-actions,card_form_component_html,delta-sibling,c,Attribute Identifier Modification,APPLICABLE,,-
form-actions,x-test-form-actions,card_form_component_html,delta-sibling,f,HTML Tag Movement (within a container),APPLICABLE,,-
form-actions,x-test-form-actions,card_form_component_html,delta-sibling,g,HTML Tag Movement (any point of the HTML tree),APPLICABLE,,-
form-actions,x-test-form-actions,card_form_component_html,delta-sibling,j,HTML Tag Type Modification,APPLICABLE,,-
form-actions,x-test-form-actions,card_form_component_html,delta-sibling,k,HTML Tag Insertion,APPLICABLE,,-
form-actions,x-test-form-actions,card_form_component_html,epsilon-component,a,Attribute Value Modification,NA,no-such-role,-
form-actions,x-test-form-actions,card_form_component_html,epsilon-component,b,Attribute Removal,NA,no-such-role,-
form-actions,x-test-form-actions,card_form_component_html,epsilon-component,c,Attribute Identifier Modification,NA,no-such-role,-
form-actions,x-test-form-actions,card_form_component_html,epsilon-component,d,Text Content Modification,NA,no-such-role,-
form-actions,x-test-form-actions,card_form_component_html,epsilon-component,e,Text Content Removal,NA,no-such-role,-
form-actions,x-test-form-actions,card_form_component_html,epsilon-component,f,HTML Tag Movement (within a container),NA,no-such-role,-
form-actions,x-test-form-actions,card_form_component_html,epsilon-component,g,HTML Tag Movement (any point of the HTML tree),NA,no-such-role,-
form-actions,x-test-form-actions,card_form_component_html,epsilon-component,h,HTML Tag Movement (between two templates),NA,no-such-role,-
form-actions,x-test-form-actions,card_form_component_html,epsilon-component,i,HTML Tag Removal,NA,no-such-role,-
form-actions,x-test-form-actions,card_form_component_html,epsilon-component,j,HTML Tag Type Modification,NA,no-such-role,-
form-actions,x-test-form-actions,card_form_component_html,epsilon-component,k,HTML Tag Insertion,NA,no-such-role,-
detail-title,x-test-detail-title,card_detail_component_html,alpha-target,h,HTML Tag Movement (between two templates),NA,between-templates-na-perfile,-
detail-title,x-test-detail-title,card_detail_component_html,alpha-target,i,HTML Tag Removal,NA,would-drop-x-test,-
detail-title,x-test-detail-title,card_detail_component_html,alpha-target,a,Attribute Value Modification,APPLICABLE,,-
detail-title,x-test-detail-title,card_detail_component_html,alpha-target,b,Attribute Removal,APPLICABLE,,-
detail-title,x-test-detail-title,card_detail_component_html,alpha-target,c,Attribute Identifier Modification,APPLICABLE,,-
detail-title,x-test-detail-title,card_detail_component_html,alpha-target,d,Text Content Modification,APPLICABLE,,-
detail-title,x-test-detail-title,card_detail_component_html,alpha-target,e,Text Content Removal,APPLICABLE,,-
detail-title,x-test-detail-title,card_detail_component_html,alpha-target,f,HTML Tag Movement (within a container),APPLICABLE,,-
detail-title,x-test-detail-title,card_detail_component_html,alpha-target,g,HTML Tag Movement (any point of the HTML tree),APPLICABLE,,-
detail-title,x-test-detail-title,card_detail_component_html,alpha-target,j,HTML Tag Type Modification,APPLICABLE,,-
detail-title,x-test-detail-title,card_detail_component_html,alpha-target,k,HTML Tag Insertion,APPLICABLE,,-
detail-title,x-test-detail-title,card_detail_component_html,beta-parent,d,Text Content Modification,NA,no-text-content,-
detail-title,x-test-detail-title,card_detail_component_html,beta-parent,e,Text Content Removal,NA,no-text-content,-
detail-title,x-test-detail-title,card_detail_component_html,beta-parent,h,HTML Tag Movement (between two templates),NA,between-templates-na-perfile,-
detail-title,x-test-detail-title,card_detail_component_html,beta-parent,a,Attribute Value Modification,APPLICABLE,,-
detail-title,x-test-detail-title,card_detail_component_html,beta-parent,b,Attribute Removal,APPLICABLE,,-
detail-title,x-test-detail-title,card_detail_component_html,beta-parent,c,Attribute Identifier Modification,APPLICABLE,,-
detail-title,x-test-detail-title,card_detail_component_html,beta-parent,f,HTML Tag Movement (within a container),APPLICABLE,,-
detail-title,x-test-detail-title,card_detail_component_html,beta-parent,g,HTML Tag Movement (any point of the HTML tree),APPLICABLE,,-
detail-title,x-test-detail-title,card_detail_component_html,beta-parent,i,HTML Tag Removal,APPLICABLE,,-
detail-title,x-test-detail-title,card_detail_component_html,beta-parent,j,HTML Tag Type Modification,APPLICABLE,,-
detail-title,x-test-detail-title,card_detail_component_html,beta-parent,k,HTML Tag Insertion,APPLICABLE,,-
detail-title,x-test-detail-title,card_detail_component_html,gamma-ancestor,d,Text Content Modification,NA,no-text-content,-
detail-title,x-test-detail-title,card_detail_component_html,gamma-ancestor,e,Text Content Removal,NA,no-text-content,-
detail-title,x-test-detail-title,card_detail_component_html,gamma-ancestor,h,HTML Tag Movement (between two templates),NA,between-templates-na-perfile,-
detail-title,x-test-detail-title,card_detail_component_html,gamma-ancestor,i,HTML Tag Removal,NA,would-drop-x-test,-
detail-title,x-test-detail-title,card_detail_component_html,gamma-ancestor,a,Attribute Value Modification,APPLICABLE,,-
detail-title,x-test-detail-title,card_detail_component_html,gamma-ancestor,b,Attribute Removal,APPLICABLE,,-
detail-title,x-test-detail-title,card_detail_component_html,gamma-ancestor,c,Attribute Identifier Modification,APPLICABLE,,-
detail-title,x-test-detail-title,card_detail_component_html,gamma-ancestor,f,HTML Tag Movement (within a container),APPLICABLE,,-
detail-title,x-test-detail-title,card_detail_component_html,gamma-ancestor,g,HTML Tag Movement (any point of the HTML tree),APPLICABLE,,-
detail-title,x-test-detail-title,card_detail_component_html,gamma-ancestor,j,HTML Tag Type Modification,APPLICABLE,,-
detail-title,x-test-detail-title,card_detail_component_html,gamma-ancestor,k,HTML Tag Insertion,APPLICABLE,,-
detail-title,x-test-detail-title,card_detail_component_html,delta-sibling,h,HTML Tag Movement (between two templates),NA,between-templates-na-perfile,-
detail-title,x-test-detail-title,card_detail_component_html,delta-sibling,i,HTML Tag Removal,NA,would-drop-x-test,-
detail-title,x-test-detail-title,card_detail_component_html,delta-sibling,a,Attribute Value Modification,APPLICABLE,,-
detail-title,x-test-detail-title,card_detail_component_html,delta-sibling,b,Attribute Removal,APPLICABLE,,-
detail-title,x-test-detail-title,card_detail_component_html,delta-sibling,c,Attribute Identifier Modification,APPLICABLE,,-
detail-title,x-test-detail-title,card_detail_component_html,delta-sibling,d,Text Content Modification,APPLICABLE,,-
detail-title,x-test-detail-title,card_detail_component_html,delta-sibling,e,Text Content Removal,APPLICABLE,,-
detail-title,x-test-detail-title,card_detail_component_html,delta-sibling,f,HTML Tag Movement (within a container),APPLICABLE,,-
detail-title,x-test-detail-title,card_detail_component_html,delta-sibling,g,HTML Tag Movement (any point of the HTML tree),APPLICABLE,,-
detail-title,x-test-detail-title,card_detail_component_html,delta-sibling,j,HTML Tag Type Modification,APPLICABLE,,-
detail-title,x-test-detail-title,card_detail_component_html,delta-sibling,k,HTML Tag Insertion,APPLICABLE,,-
detail-title,x-test-detail-title,card_detail_component_html,epsilon-component,a,Attribute Value Modification,NA,no-such-role,-
detail-title,x-test-detail-title,card_detail_component_html,epsilon-component,b,Attribute Removal,NA,no-such-role,-
detail-title,x-test-detail-title,card_detail_component_html,epsilon-component,c,Attribute Identifier Modification,NA,no-such-role,-
detail-title,x-test-detail-title,card_detail_component_html,epsilon-component,d,Text Content Modification,NA,no-such-role,-
detail-title,x-test-detail-title,card_detail_component_html,epsilon-component,e,Text Content Removal,NA,no-such-role,-
detail-title,x-test-detail-title,card_detail_component_html,epsilon-component,f,HTML Tag Movement (within a container),NA,no-such-role,-
detail-title,x-test-detail-title,card_detail_component_html,epsilon-component,g,HTML Tag Movement (any point of the HTML tree),NA,no-such-role,-
detail-title,x-test-detail-title,card_detail_component_html,epsilon-component,h,HTML Tag Movement (between two templates),NA,no-such-role,-
detail-title,x-test-detail-title,card_detail_component_html,epsilon-component,i,HTML Tag Removal,NA,no-such-role,-
detail-title,x-test-detail-title,card_detail_component_html,epsilon-component,j,HTML Tag Type Modification,NA,no-such-role,-
detail-title,x-test-detail-title,card_detail_component_html,epsilon-component,k,HTML Tag Insertion,NA,no-such-role,-
detail-id,x-test-detail-id,card_detail_component_html,alpha-target,h,HTML Tag Movement (between two templates),NA,between-templates-na-perfile,-
detail-id,x-test-detail-id,card_detail_component_html,alpha-target,i,HTML Tag Removal,NA,would-drop-x-test,-
detail-id,x-test-detail-id,card_detail_component_html,alpha-target,a,Attribute Value Modification,APPLICABLE,,-
detail-id,x-test-detail-id,card_detail_component_html,alpha-target,b,Attribute Removal,APPLICABLE,,-
detail-id,x-test-detail-id,card_detail_component_html,alpha-target,c,Attribute Identifier Modification,APPLICABLE,,-
detail-id,x-test-detail-id,card_detail_component_html,alpha-target,d,Text Content Modification,APPLICABLE,,-
detail-id,x-test-detail-id,card_detail_component_html,alpha-target,e,Text Content Removal,APPLICABLE,,-
detail-id,x-test-detail-id,card_detail_component_html,alpha-target,f,HTML Tag Movement (within a container),APPLICABLE,,-
detail-id,x-test-detail-id,card_detail_component_html,alpha-target,g,HTML Tag Movement (any point of the HTML tree),APPLICABLE,,-
detail-id,x-test-detail-id,card_detail_component_html,alpha-target,j,HTML Tag Type Modification,APPLICABLE,,-
detail-id,x-test-detail-id,card_detail_component_html,alpha-target,k,HTML Tag Insertion,APPLICABLE,,-
detail-id,x-test-detail-id,card_detail_component_html,beta-parent,d,Text Content Modification,NA,no-text-content,-
detail-id,x-test-detail-id,card_detail_component_html,beta-parent,e,Text Content Removal,NA,no-text-content,-
detail-id,x-test-detail-id,card_detail_component_html,beta-parent,h,HTML Tag Movement (between two templates),NA,between-templates-na-perfile,-
detail-id,x-test-detail-id,card_detail_component_html,beta-parent,a,Attribute Value Modification,APPLICABLE,,-
detail-id,x-test-detail-id,card_detail_component_html,beta-parent,b,Attribute Removal,APPLICABLE,,-
detail-id,x-test-detail-id,card_detail_component_html,beta-parent,c,Attribute Identifier Modification,APPLICABLE,,-
detail-id,x-test-detail-id,card_detail_component_html,beta-parent,f,HTML Tag Movement (within a container),APPLICABLE,,-
detail-id,x-test-detail-id,card_detail_component_html,beta-parent,g,HTML Tag Movement (any point of the HTML tree),APPLICABLE,,-
detail-id,x-test-detail-id,card_detail_component_html,beta-parent,i,HTML Tag Removal,APPLICABLE,,-
detail-id,x-test-detail-id,card_detail_component_html,beta-parent,j,HTML Tag Type Modification,APPLICABLE,,-
detail-id,x-test-detail-id,card_detail_component_html,beta-parent,k,HTML Tag Insertion,APPLICABLE,,-
detail-id,x-test-detail-id,card_detail_component_html,gamma-ancestor,d,Text Content Modification,NA,no-text-content,-
detail-id,x-test-detail-id,card_detail_component_html,gamma-ancestor,e,Text Content Removal,NA,no-text-content,-
detail-id,x-test-detail-id,card_detail_component_html,gamma-ancestor,h,HTML Tag Movement (between two templates),NA,between-templates-na-perfile,-
detail-id,x-test-detail-id,card_detail_component_html,gamma-ancestor,i,HTML Tag Removal,NA,would-drop-x-test,-
detail-id,x-test-detail-id,card_detail_component_html,gamma-ancestor,a,Attribute Value Modification,APPLICABLE,,-
detail-id,x-test-detail-id,card_detail_component_html,gamma-ancestor,b,Attribute Removal,APPLICABLE,,-
detail-id,x-test-detail-id,card_detail_component_html,gamma-ancestor,c,Attribute Identifier Modification,APPLICABLE,,-
detail-id,x-test-detail-id,card_detail_component_html,gamma-ancestor,f,HTML Tag Movement (within a container),APPLICABLE,,-
detail-id,x-test-detail-id,card_detail_component_html,gamma-ancestor,g,HTML Tag Movement (any point of the HTML tree),APPLICABLE,,-
detail-id,x-test-detail-id,card_detail_component_html,gamma-ancestor,j,HTML Tag Type Modification,APPLICABLE,,-
detail-id,x-test-detail-id,card_detail_component_html,gamma-ancestor,k,HTML Tag Insertion,APPLICABLE,,-
detail-id,x-test-detail-id,card_detail_component_html,delta-sibling,h,HTML Tag Movement (between two templates),NA,between-templates-na-perfile,-
detail-id,x-test-detail-id,card_detail_component_html,delta-sibling,i,HTML Tag Removal,NA,would-drop-x-test,-
detail-id,x-test-detail-id,card_detail_component_html,delta-sibling,a,Attribute Value Modification,APPLICABLE,,-
detail-id,x-test-detail-id,card_detail_component_html,delta-sibling,b,Attribute Removal,APPLICABLE,,-
detail-id,x-test-detail-id,card_detail_component_html,delta-sibling,c,Attribute Identifier Modification,APPLICABLE,,-
detail-id,x-test-detail-id,card_detail_component_html,delta-sibling,d,Text Content Modification,APPLICABLE,,-
detail-id,x-test-detail-id,card_detail_component_html,delta-sibling,e,Text Content Removal,APPLICABLE,,-
detail-id,x-test-detail-id,card_detail_component_html,delta-sibling,f,HTML Tag Movement (within a container),APPLICABLE,,-
detail-id,x-test-detail-id,card_detail_component_html,delta-sibling,g,HTML Tag Movement (any point of the HTML tree),APPLICABLE,,-
detail-id,x-test-detail-id,card_detail_component_html,delta-sibling,j,HTML Tag Type Modification,APPLICABLE,,-
detail-id,x-test-detail-id,card_detail_component_html,delta-sibling,k,HTML Tag Insertion,APPLICABLE,,-
detail-id,x-test-detail-id,card_detail_component_html,epsilon-component,a,Attribute Value Modification,NA,no-such-role,-
detail-id,x-test-detail-id,card_detail_component_html,epsilon-component,b,Attribute Removal,NA,no-such-role,-
detail-id,x-test-detail-id,card_detail_component_html,epsilon-component,c,Attribute Identifier Modification,NA,no-such-role,-
detail-id,x-test-detail-id,card_detail_component_html,epsilon-component,d,Text Content Modification,NA,no-such-role,-
detail-id,x-test-detail-id,card_detail_component_html,epsilon-component,e,Text Content Removal,NA,no-such-role,-
detail-id,x-test-detail-id,card_detail_component_html,epsilon-component,f,HTML Tag Movement (within a container),NA,no-such-role,-
detail-id,x-test-detail-id,card_detail_component_html,epsilon-component,g,HTML Tag Movement (any point of the HTML tree),NA,no-such-role,-
detail-id,x-test-detail-id,card_detail_component_html,epsilon-component,h,HTML Tag Movement (between two templates),NA,no-such-role,-
detail-id,x-test-detail-id,card_detail_component_html,epsilon-component,i,HTML Tag Removal,NA,no-such-role,-
detail-id,x-test-detail-id,card_detail_component_html,epsilon-component,j,HTML Tag Type Modification,NA,no-such-role,-
detail-id,x-test-detail-id,card_detail_component_html,epsilon-component,k,HTML Tag Insertion,NA,no-such-role,-
detail-priority,x-test-detail-priority,card_detail_component_html,alpha-target,h,HTML Tag Movement (between two templates),NA,between-templates-na-perfile,-
detail-priority,x-test-detail-priority,card_detail_component_html,alpha-target,i,HTML Tag Removal,NA,would-drop-x-test,-
detail-priority,x-test-detail-priority,card_detail_component_html,alpha-target,a,Attribute Value Modification,APPLICABLE,,-
detail-priority,x-test-detail-priority,card_detail_component_html,alpha-target,b,Attribute Removal,APPLICABLE,,-
detail-priority,x-test-detail-priority,card_detail_component_html,alpha-target,c,Attribute Identifier Modification,APPLICABLE,,-
detail-priority,x-test-detail-priority,card_detail_component_html,alpha-target,d,Text Content Modification,APPLICABLE,,-
detail-priority,x-test-detail-priority,card_detail_component_html,alpha-target,e,Text Content Removal,APPLICABLE,,-
detail-priority,x-test-detail-priority,card_detail_component_html,alpha-target,f,HTML Tag Movement (within a container),APPLICABLE,,-
detail-priority,x-test-detail-priority,card_detail_component_html,alpha-target,g,HTML Tag Movement (any point of the HTML tree),APPLICABLE,,-
detail-priority,x-test-detail-priority,card_detail_component_html,alpha-target,j,HTML Tag Type Modification,APPLICABLE,,-
detail-priority,x-test-detail-priority,card_detail_component_html,alpha-target,k,HTML Tag Insertion,APPLICABLE,,-
detail-priority,x-test-detail-priority,card_detail_component_html,beta-parent,d,Text Content Modification,NA,no-text-content,-
detail-priority,x-test-detail-priority,card_detail_component_html,beta-parent,e,Text Content Removal,NA,no-text-content,-
detail-priority,x-test-detail-priority,card_detail_component_html,beta-parent,h,HTML Tag Movement (between two templates),NA,between-templates-na-perfile,-
detail-priority,x-test-detail-priority,card_detail_component_html,beta-parent,a,Attribute Value Modification,APPLICABLE,,-
detail-priority,x-test-detail-priority,card_detail_component_html,beta-parent,b,Attribute Removal,APPLICABLE,,-
detail-priority,x-test-detail-priority,card_detail_component_html,beta-parent,c,Attribute Identifier Modification,APPLICABLE,,-
detail-priority,x-test-detail-priority,card_detail_component_html,beta-parent,f,HTML Tag Movement (within a container),APPLICABLE,,-
detail-priority,x-test-detail-priority,card_detail_component_html,beta-parent,g,HTML Tag Movement (any point of the HTML tree),APPLICABLE,,-
detail-priority,x-test-detail-priority,card_detail_component_html,beta-parent,i,HTML Tag Removal,APPLICABLE,,-
detail-priority,x-test-detail-priority,card_detail_component_html,beta-parent,j,HTML Tag Type Modification,APPLICABLE,,-
detail-priority,x-test-detail-priority,card_detail_component_html,beta-parent,k,HTML Tag Insertion,APPLICABLE,,-
detail-priority,x-test-detail-priority,card_detail_component_html,gamma-ancestor,d,Text Content Modification,NA,no-text-content,-
detail-priority,x-test-detail-priority,card_detail_component_html,gamma-ancestor,e,Text Content Removal,NA,no-text-content,-
detail-priority,x-test-detail-priority,card_detail_component_html,gamma-ancestor,h,HTML Tag Movement (between two templates),NA,between-templates-na-perfile,-
detail-priority,x-test-detail-priority,card_detail_component_html,gamma-ancestor,i,HTML Tag Removal,NA,would-drop-x-test,-
detail-priority,x-test-detail-priority,card_detail_component_html,gamma-ancestor,a,Attribute Value Modification,APPLICABLE,,-
detail-priority,x-test-detail-priority,card_detail_component_html,gamma-ancestor,b,Attribute Removal,APPLICABLE,,-
detail-priority,x-test-detail-priority,card_detail_component_html,gamma-ancestor,c,Attribute Identifier Modification,APPLICABLE,,-
detail-priority,x-test-detail-priority,card_detail_component_html,gamma-ancestor,f,HTML Tag Movement (within a container),APPLICABLE,,-
detail-priority,x-test-detail-priority,card_detail_component_html,gamma-ancestor,g,HTML Tag Movement (any point of the HTML tree),APPLICABLE,,-
detail-priority,x-test-detail-priority,card_detail_component_html,gamma-ancestor,j,HTML Tag Type Modification,APPLICABLE,,-
detail-priority,x-test-detail-priority,card_detail_component_html,gamma-ancestor,k,HTML Tag Insertion,APPLICABLE,,-
detail-priority,x-test-detail-priority,card_detail_component_html,delta-sibling,h,HTML Tag Movement (between two templates),NA,between-templates-na-perfile,-
detail-priority,x-test-detail-priority,card_detail_component_html,delta-sibling,i,HTML Tag Removal,NA,would-drop-x-test,-
detail-priority,x-test-detail-priority,card_detail_component_html,delta-sibling,a,Attribute Value Modification,APPLICABLE,,-
detail-priority,x-test-detail-priority,card_detail_component_html,delta-sibling,b,Attribute Removal,APPLICABLE,,-
detail-priority,x-test-detail-priority,card_detail_component_html,delta-sibling,c,Attribute Identifier Modification,APPLICABLE,,-
detail-priority,x-test-detail-priority,card_detail_component_html,delta-sibling,d,Text Content Modification,APPLICABLE,,-
detail-priority,x-test-detail-priority,card_detail_component_html,delta-sibling,e,Text Content Removal,APPLICABLE,,-
detail-priority,x-test-detail-priority,card_detail_component_html,delta-sibling,f,HTML Tag Movement (within a container),APPLICABLE,,-
detail-priority,x-test-detail-priority,card_detail_component_html,delta-sibling,g,HTML Tag Movement (any point of the HTML tree),APPLICABLE,,-
detail-priority,x-test-detail-priority,card_detail_component_html,delta-sibling,j,HTML Tag Type Modification,APPLICABLE,,-
detail-priority,x-test-detail-priority,card_detail_component_html,delta-sibling,k,HTML Tag Insertion,APPLICABLE,,-
detail-priority,x-test-detail-priority,card_detail_component_html,epsilon-component,a,Attribute Value Modification,NA,no-such-role,-
detail-priority,x-test-detail-priority,card_detail_component_html,epsilon-component,b,Attribute Removal,NA,no-such-role,-
detail-priority,x-test-detail-priority,card_detail_component_html,epsilon-component,c,Attribute Identifier Modification,NA,no-such-role,-
detail-priority,x-test-detail-priority,card_detail_component_html,epsilon-component,d,Text Content Modification,NA,no-such-role,-
detail-priority,x-test-detail-priority,card_detail_component_html,epsilon-component,e,Text Content Removal,NA,no-such-role,-
detail-priority,x-test-detail-priority,card_detail_component_html,epsilon-component,f,HTML Tag Movement (within a container),NA,no-such-role,-
detail-priority,x-test-detail-priority,card_detail_component_html,epsilon-component,g,HTML Tag Movement (any point of the HTML tree),NA,no-such-role,-
detail-priority,x-test-detail-priority,card_detail_component_html,epsilon-component,h,HTML Tag Movement (between two templates),NA,no-such-role,-
detail-priority,x-test-detail-priority,card_detail_component_html,epsilon-component,i,HTML Tag Removal,NA,no-such-role,-
detail-priority,x-test-detail-priority,card_detail_component_html,epsilon-component,j,HTML Tag Type Modification,NA,no-such-role,-
detail-priority,x-test-detail-priority,card_detail_component_html,epsilon-component,k,HTML Tag Insertion,NA,no-such-role,-
detail-description,x-test-detail-description,card_detail_component_html,alpha-target,h,HTML Tag Movement (between two templates),NA,between-templates-na-perfile,-
detail-description,x-test-detail-description,card_detail_component_html,alpha-target,i,HTML Tag Removal,NA,would-drop-x-test,-
detail-description,x-test-detail-description,card_detail_component_html,alpha-target,a,Attribute Value Modification,APPLICABLE,,-
detail-description,x-test-detail-description,card_detail_component_html,alpha-target,b,Attribute Removal,APPLICABLE,,-
detail-description,x-test-detail-description,card_detail_component_html,alpha-target,c,Attribute Identifier Modification,APPLICABLE,,-
detail-description,x-test-detail-description,card_detail_component_html,alpha-target,d,Text Content Modification,APPLICABLE,,-
detail-description,x-test-detail-description,card_detail_component_html,alpha-target,e,Text Content Removal,APPLICABLE,,-
detail-description,x-test-detail-description,card_detail_component_html,alpha-target,f,HTML Tag Movement (within a container),APPLICABLE,,-
detail-description,x-test-detail-description,card_detail_component_html,alpha-target,g,HTML Tag Movement (any point of the HTML tree),APPLICABLE,,-
detail-description,x-test-detail-description,card_detail_component_html,alpha-target,j,HTML Tag Type Modification,APPLICABLE,,-
detail-description,x-test-detail-description,card_detail_component_html,alpha-target,k,HTML Tag Insertion,APPLICABLE,,-
detail-description,x-test-detail-description,card_detail_component_html,beta-parent,d,Text Content Modification,NA,no-text-content,-
detail-description,x-test-detail-description,card_detail_component_html,beta-parent,e,Text Content Removal,NA,no-text-content,-
detail-description,x-test-detail-description,card_detail_component_html,beta-parent,h,HTML Tag Movement (between two templates),NA,between-templates-na-perfile,-
detail-description,x-test-detail-description,card_detail_component_html,beta-parent,i,HTML Tag Removal,NA,would-drop-x-test,-
detail-description,x-test-detail-description,card_detail_component_html,beta-parent,a,Attribute Value Modification,APPLICABLE,,-
detail-description,x-test-detail-description,card_detail_component_html,beta-parent,b,Attribute Removal,APPLICABLE,,-
detail-description,x-test-detail-description,card_detail_component_html,beta-parent,c,Attribute Identifier Modification,APPLICABLE,,-
detail-description,x-test-detail-description,card_detail_component_html,beta-parent,f,HTML Tag Movement (within a container),APPLICABLE,,-
detail-description,x-test-detail-description,card_detail_component_html,beta-parent,g,HTML Tag Movement (any point of the HTML tree),APPLICABLE,,-
detail-description,x-test-detail-description,card_detail_component_html,beta-parent,j,HTML Tag Type Modification,APPLICABLE,,-
detail-description,x-test-detail-description,card_detail_component_html,beta-parent,k,HTML Tag Insertion,APPLICABLE,,-
detail-description,x-test-detail-description,card_detail_component_html,gamma-ancestor,d,Text Content Modification,NA,no-text-content,-
detail-description,x-test-detail-description,card_detail_component_html,gamma-ancestor,e,Text Content Removal,NA,no-text-content,-
detail-description,x-test-detail-description,card_detail_component_html,gamma-ancestor,h,HTML Tag Movement (between two templates),NA,between-templates-na-perfile,-
detail-description,x-test-detail-description,card_detail_component_html,gamma-ancestor,a,Attribute Value Modification,APPLICABLE,,-
detail-description,x-test-detail-description,card_detail_component_html,gamma-ancestor,b,Attribute Removal,APPLICABLE,,-
detail-description,x-test-detail-description,card_detail_component_html,gamma-ancestor,c,Attribute Identifier Modification,APPLICABLE,,-
detail-description,x-test-detail-description,card_detail_component_html,gamma-ancestor,f,HTML Tag Movement (within a container),APPLICABLE,,-
detail-description,x-test-detail-description,card_detail_component_html,gamma-ancestor,g,HTML Tag Movement (any point of the HTML tree),APPLICABLE,,-
detail-description,x-test-detail-description,card_detail_component_html,gamma-ancestor,i,HTML Tag Removal,APPLICABLE,,-
detail-description,x-test-detail-description,card_detail_component_html,gamma-ancestor,j,HTML Tag Type Modification,APPLICABLE,,-
detail-description,x-test-detail-description,card_detail_component_html,gamma-ancestor,k,HTML Tag Insertion,APPLICABLE,,-
detail-description,x-test-detail-description,card_detail_component_html,delta-sibling,h,HTML Tag Movement (between two templates),NA,between-templates-na-perfile,-
detail-description,x-test-detail-description,card_detail_component_html,delta-sibling,i,HTML Tag Removal,NA,would-drop-x-test,-
detail-description,x-test-detail-description,card_detail_component_html,delta-sibling,a,Attribute Value Modification,APPLICABLE,,-
detail-description,x-test-detail-description,card_detail_component_html,delta-sibling,b,Attribute Removal,APPLICABLE,,-
detail-description,x-test-detail-description,card_detail_component_html,delta-sibling,c,Attribute Identifier Modification,APPLICABLE,,-
detail-description,x-test-detail-description,card_detail_component_html,delta-sibling,d,Text Content Modification,APPLICABLE,,-
detail-description,x-test-detail-description,card_detail_component_html,delta-sibling,e,Text Content Removal,APPLICABLE,,-
detail-description,x-test-detail-description,card_detail_component_html,delta-sibling,f,HTML Tag Movement (within a container),APPLICABLE,,-
detail-description,x-test-detail-description,card_detail_component_html,delta-sibling,g,HTML Tag Movement (any point of the HTML tree),APPLICABLE,,-
detail-description,x-test-detail-description,card_detail_component_html,delta-sibling,j,HTML Tag Type Modification,APPLICABLE,,-
detail-description,x-test-detail-description,card_detail_component_html,delta-sibling,k,HTML Tag Insertion,APPLICABLE,,-
detail-description,x-test-detail-description,card_detail_component_html,epsilon-component,a,Attribute Value Modification,NA,no-such-role,-
detail-description,x-test-detail-description,card_detail_component_html,epsilon-component,b,Attribute Removal,NA,no-such-role,-
detail-description,x-test-detail-description,card_detail_component_html,epsilon-component,c,Attribute Identifier Modification,NA,no-such-role,-
detail-description,x-test-detail-description,card_detail_component_html,epsilon-component,d,Text Content Modification,NA,no-such-role,-
detail-description,x-test-detail-description,card_detail_component_html,epsilon-component,e,Text Content Removal,NA,no-such-role,-
detail-description,x-test-detail-description,card_detail_component_html,epsilon-component,f,HTML Tag Movement (within a container),NA,no-such-role,-
detail-description,x-test-detail-description,card_detail_component_html,epsilon-component,g,HTML Tag Movement (any point of the HTML tree),NA,no-such-role,-
detail-description,x-test-detail-description,card_detail_component_html,epsilon-component,h,HTML Tag Movement (between two templates),NA,no-such-role,-
detail-description,x-test-detail-description,card_detail_component_html,epsilon-component,i,HTML Tag Removal,NA,no-such-role,-
detail-description,x-test-detail-description,card_detail_component_html,epsilon-component,j,HTML Tag Type Modification,NA,no-such-role,-
detail-description,x-test-detail-description,card_detail_component_html,epsilon-component,k,HTML Tag Insertion,NA,no-such-role,-
detail-assignee,x-test-detail-assignee,card_detail_component_html,alpha-target,h,HTML Tag Movement (between two templates),NA,between-templates-na-perfile,-
detail-assignee,x-test-detail-assignee,card_detail_component_html,alpha-target,i,HTML Tag Removal,NA,would-drop-x-test,-
detail-assignee,x-test-detail-assignee,card_detail_component_html,alpha-target,a,Attribute Value Modification,APPLICABLE,,-
detail-assignee,x-test-detail-assignee,card_detail_component_html,alpha-target,b,Attribute Removal,APPLICABLE,,-
detail-assignee,x-test-detail-assignee,card_detail_component_html,alpha-target,c,Attribute Identifier Modification,APPLICABLE,,-
detail-assignee,x-test-detail-assignee,card_detail_component_html,alpha-target,d,Text Content Modification,APPLICABLE,,-
detail-assignee,x-test-detail-assignee,card_detail_component_html,alpha-target,e,Text Content Removal,APPLICABLE,,-
detail-assignee,x-test-detail-assignee,card_detail_component_html,alpha-target,f,HTML Tag Movement (within a container),APPLICABLE,,-
detail-assignee,x-test-detail-assignee,card_detail_component_html,alpha-target,g,HTML Tag Movement (any point of the HTML tree),APPLICABLE,,-
detail-assignee,x-test-detail-assignee,card_detail_component_html,alpha-target,j,HTML Tag Type Modification,APPLICABLE,,-
detail-assignee,x-test-detail-assignee,card_detail_component_html,alpha-target,k,HTML Tag Insertion,APPLICABLE,,-
detail-assignee,x-test-detail-assignee,card_detail_component_html,beta-parent,d,Text Content Modification,NA,no-text-content,-
detail-assignee,x-test-detail-assignee,card_detail_component_html,beta-parent,e,Text Content Removal,NA,no-text-content,-
detail-assignee,x-test-detail-assignee,card_detail_component_html,beta-parent,h,HTML Tag Movement (between two templates),NA,between-templates-na-perfile,-
detail-assignee,x-test-detail-assignee,card_detail_component_html,beta-parent,i,HTML Tag Removal,NA,would-drop-x-test,-
detail-assignee,x-test-detail-assignee,card_detail_component_html,beta-parent,a,Attribute Value Modification,APPLICABLE,,-
detail-assignee,x-test-detail-assignee,card_detail_component_html,beta-parent,b,Attribute Removal,APPLICABLE,,-
detail-assignee,x-test-detail-assignee,card_detail_component_html,beta-parent,c,Attribute Identifier Modification,APPLICABLE,,-
detail-assignee,x-test-detail-assignee,card_detail_component_html,beta-parent,f,HTML Tag Movement (within a container),APPLICABLE,,-
detail-assignee,x-test-detail-assignee,card_detail_component_html,beta-parent,g,HTML Tag Movement (any point of the HTML tree),APPLICABLE,,-
detail-assignee,x-test-detail-assignee,card_detail_component_html,beta-parent,j,HTML Tag Type Modification,APPLICABLE,,-
detail-assignee,x-test-detail-assignee,card_detail_component_html,beta-parent,k,HTML Tag Insertion,APPLICABLE,,-
detail-assignee,x-test-detail-assignee,card_detail_component_html,gamma-ancestor,d,Text Content Modification,NA,no-text-content,-
detail-assignee,x-test-detail-assignee,card_detail_component_html,gamma-ancestor,e,Text Content Removal,NA,no-text-content,-
detail-assignee,x-test-detail-assignee,card_detail_component_html,gamma-ancestor,h,HTML Tag Movement (between two templates),NA,between-templates-na-perfile,-
detail-assignee,x-test-detail-assignee,card_detail_component_html,gamma-ancestor,a,Attribute Value Modification,APPLICABLE,,-
detail-assignee,x-test-detail-assignee,card_detail_component_html,gamma-ancestor,b,Attribute Removal,APPLICABLE,,-
detail-assignee,x-test-detail-assignee,card_detail_component_html,gamma-ancestor,c,Attribute Identifier Modification,APPLICABLE,,-
detail-assignee,x-test-detail-assignee,card_detail_component_html,gamma-ancestor,f,HTML Tag Movement (within a container),APPLICABLE,,-
detail-assignee,x-test-detail-assignee,card_detail_component_html,gamma-ancestor,g,HTML Tag Movement (any point of the HTML tree),APPLICABLE,,-
detail-assignee,x-test-detail-assignee,card_detail_component_html,gamma-ancestor,i,HTML Tag Removal,APPLICABLE,,-
detail-assignee,x-test-detail-assignee,card_detail_component_html,gamma-ancestor,j,HTML Tag Type Modification,APPLICABLE,,-
detail-assignee,x-test-detail-assignee,card_detail_component_html,gamma-ancestor,k,HTML Tag Insertion,APPLICABLE,,-
detail-assignee,x-test-detail-assignee,card_detail_component_html,delta-sibling,h,HTML Tag Movement (between two templates),NA,between-templates-na-perfile,-
detail-assignee,x-test-detail-assignee,card_detail_component_html,delta-sibling,i,HTML Tag Removal,NA,would-drop-x-test,-
detail-assignee,x-test-detail-assignee,card_detail_component_html,delta-sibling,a,Attribute Value Modification,APPLICABLE,,-
detail-assignee,x-test-detail-assignee,card_detail_component_html,delta-sibling,b,Attribute Removal,APPLICABLE,,-
detail-assignee,x-test-detail-assignee,card_detail_component_html,delta-sibling,c,Attribute Identifier Modification,APPLICABLE,,-
detail-assignee,x-test-detail-assignee,card_detail_component_html,delta-sibling,d,Text Content Modification,APPLICABLE,,-
detail-assignee,x-test-detail-assignee,card_detail_component_html,delta-sibling,e,Text Content Removal,APPLICABLE,,-
detail-assignee,x-test-detail-assignee,card_detail_component_html,delta-sibling,f,HTML Tag Movement (within a container),APPLICABLE,,-
detail-assignee,x-test-detail-assignee,card_detail_component_html,delta-sibling,g,HTML Tag Movement (any point of the HTML tree),APPLICABLE,,-
detail-assignee,x-test-detail-assignee,card_detail_component_html,delta-sibling,j,HTML Tag Type Modification,APPLICABLE,,-
detail-assignee,x-test-detail-assignee,card_detail_component_html,delta-sibling,k,HTML Tag Insertion,APPLICABLE,,-
detail-assignee,x-test-detail-assignee,card_detail_component_html,epsilon-component,a,Attribute Value Modification,NA,no-such-role,-
detail-assignee,x-test-detail-assignee,card_detail_component_html,epsilon-component,b,Attribute Removal,NA,no-such-role,-
detail-assignee,x-test-detail-assignee,card_detail_component_html,epsilon-component,c,Attribute Identifier Modification,NA,no-such-role,-
detail-assignee,x-test-detail-assignee,card_detail_component_html,epsilon-component,d,Text Content Modification,NA,no-such-role,-
detail-assignee,x-test-detail-assignee,card_detail_component_html,epsilon-component,e,Text Content Removal,NA,no-such-role,-
detail-assignee,x-test-detail-assignee,card_detail_component_html,epsilon-component,f,HTML Tag Movement (within a container),NA,no-such-role,-
detail-assignee,x-test-detail-assignee,card_detail_component_html,epsilon-component,g,HTML Tag Movement (any point of the HTML tree),NA,no-such-role,-
detail-assignee,x-test-detail-assignee,card_detail_component_html,epsilon-component,h,HTML Tag Movement (between two templates),NA,no-such-role,-
detail-assignee,x-test-detail-assignee,card_detail_component_html,epsilon-component,i,HTML Tag Removal,NA,no-such-role,-
detail-assignee,x-test-detail-assignee,card_detail_component_html,epsilon-component,j,HTML Tag Type Modification,NA,no-such-role,-
detail-assignee,x-test-detail-assignee,card_detail_component_html,epsilon-component,k,HTML Tag Insertion,NA,no-such-role,-
detail-column,x-test-detail-column,card_detail_component_html,alpha-target,h,HTML Tag Movement (between two templates),NA,between-templates-na-perfile,-
detail-column,x-test-detail-column,card_detail_component_html,alpha-target,i,HTML Tag Removal,NA,would-drop-x-test,-
detail-column,x-test-detail-column,card_detail_component_html,alpha-target,a,Attribute Value Modification,APPLICABLE,,-
detail-column,x-test-detail-column,card_detail_component_html,alpha-target,b,Attribute Removal,APPLICABLE,,-
detail-column,x-test-detail-column,card_detail_component_html,alpha-target,c,Attribute Identifier Modification,APPLICABLE,,-
detail-column,x-test-detail-column,card_detail_component_html,alpha-target,d,Text Content Modification,APPLICABLE,,-
detail-column,x-test-detail-column,card_detail_component_html,alpha-target,e,Text Content Removal,APPLICABLE,,-
detail-column,x-test-detail-column,card_detail_component_html,alpha-target,f,HTML Tag Movement (within a container),APPLICABLE,,-
detail-column,x-test-detail-column,card_detail_component_html,alpha-target,g,HTML Tag Movement (any point of the HTML tree),APPLICABLE,,-
detail-column,x-test-detail-column,card_detail_component_html,alpha-target,j,HTML Tag Type Modification,APPLICABLE,,-
detail-column,x-test-detail-column,card_detail_component_html,alpha-target,k,HTML Tag Insertion,APPLICABLE,,-
detail-column,x-test-detail-column,card_detail_component_html,beta-parent,d,Text Content Modification,NA,no-text-content,-
detail-column,x-test-detail-column,card_detail_component_html,beta-parent,e,Text Content Removal,NA,no-text-content,-
detail-column,x-test-detail-column,card_detail_component_html,beta-parent,h,HTML Tag Movement (between two templates),NA,between-templates-na-perfile,-
detail-column,x-test-detail-column,card_detail_component_html,beta-parent,i,HTML Tag Removal,NA,would-drop-x-test,-
detail-column,x-test-detail-column,card_detail_component_html,beta-parent,a,Attribute Value Modification,APPLICABLE,,-
detail-column,x-test-detail-column,card_detail_component_html,beta-parent,b,Attribute Removal,APPLICABLE,,-
detail-column,x-test-detail-column,card_detail_component_html,beta-parent,c,Attribute Identifier Modification,APPLICABLE,,-
detail-column,x-test-detail-column,card_detail_component_html,beta-parent,f,HTML Tag Movement (within a container),APPLICABLE,,-
detail-column,x-test-detail-column,card_detail_component_html,beta-parent,g,HTML Tag Movement (any point of the HTML tree),APPLICABLE,,-
detail-column,x-test-detail-column,card_detail_component_html,beta-parent,j,HTML Tag Type Modification,APPLICABLE,,-
detail-column,x-test-detail-column,card_detail_component_html,beta-parent,k,HTML Tag Insertion,APPLICABLE,,-
detail-column,x-test-detail-column,card_detail_component_html,gamma-ancestor,d,Text Content Modification,NA,no-text-content,-
detail-column,x-test-detail-column,card_detail_component_html,gamma-ancestor,e,Text Content Removal,NA,no-text-content,-
detail-column,x-test-detail-column,card_detail_component_html,gamma-ancestor,h,HTML Tag Movement (between two templates),NA,between-templates-na-perfile,-
detail-column,x-test-detail-column,card_detail_component_html,gamma-ancestor,a,Attribute Value Modification,APPLICABLE,,-
detail-column,x-test-detail-column,card_detail_component_html,gamma-ancestor,b,Attribute Removal,APPLICABLE,,-
detail-column,x-test-detail-column,card_detail_component_html,gamma-ancestor,c,Attribute Identifier Modification,APPLICABLE,,-
detail-column,x-test-detail-column,card_detail_component_html,gamma-ancestor,f,HTML Tag Movement (within a container),APPLICABLE,,-
detail-column,x-test-detail-column,card_detail_component_html,gamma-ancestor,g,HTML Tag Movement (any point of the HTML tree),APPLICABLE,,-
detail-column,x-test-detail-column,card_detail_component_html,gamma-ancestor,i,HTML Tag Removal,APPLICABLE,,-
detail-column,x-test-detail-column,card_detail_component_html,gamma-ancestor,j,HTML Tag Type Modification,APPLICABLE,,-
detail-column,x-test-detail-column,card_detail_component_html,gamma-ancestor,k,HTML Tag Insertion,APPLICABLE,,-
detail-column,x-test-detail-column,card_detail_component_html,delta-sibling,h,HTML Tag Movement (between two templates),NA,between-templates-na-perfile,-
detail-column,x-test-detail-column,card_detail_component_html,delta-sibling,i,HTML Tag Removal,NA,would-drop-x-test,-
detail-column,x-test-detail-column,card_detail_component_html,delta-sibling,a,Attribute Value Modification,APPLICABLE,,-
detail-column,x-test-detail-column,card_detail_component_html,delta-sibling,b,Attribute Removal,APPLICABLE,,-
detail-column,x-test-detail-column,card_detail_component_html,delta-sibling,c,Attribute Identifier Modification,APPLICABLE,,-
detail-column,x-test-detail-column,card_detail_component_html,delta-sibling,d,Text Content Modification,APPLICABLE,,-
detail-column,x-test-detail-column,card_detail_component_html,delta-sibling,e,Text Content Removal,APPLICABLE,,-
detail-column,x-test-detail-column,card_detail_component_html,delta-sibling,f,HTML Tag Movement (within a container),APPLICABLE,,-
detail-column,x-test-detail-column,card_detail_component_html,delta-sibling,g,HTML Tag Movement (any point of the HTML tree),APPLICABLE,,-
detail-column,x-test-detail-column,card_detail_component_html,delta-sibling,j,HTML Tag Type Modification,APPLICABLE,,-
detail-column,x-test-detail-column,card_detail_component_html,delta-sibling,k,HTML Tag Insertion,APPLICABLE,,-
detail-column,x-test-detail-column,card_detail_component_html,epsilon-component,a,Attribute Value Modification,NA,no-such-role,-
detail-column,x-test-detail-column,card_detail_component_html,epsilon-component,b,Attribute Removal,NA,no-such-role,-
detail-column,x-test-detail-column,card_detail_component_html,epsilon-component,c,Attribute Identifier Modification,NA,no-such-role,-
detail-column,x-test-detail-column,card_detail_component_html,epsilon-component,d,Text Content Modification,NA,no-such-role,-
detail-column,x-test-detail-column,card_detail_component_html,epsilon-component,e,Text Content Removal,NA,no-such-role,-
detail-column,x-test-detail-column,card_detail_component_html,epsilon-component,f,HTML Tag Movement (within a container),NA,no-such-role,-
detail-column,x-test-detail-column,card_detail_component_html,epsilon-component,g,HTML Tag Movement (any point of the HTML tree),NA,no-such-role,-
detail-column,x-test-detail-column,card_detail_component_html,epsilon-component,h,HTML Tag Movement (between two templates),NA,no-such-role,-
detail-column,x-test-detail-column,card_detail_component_html,epsilon-component,i,HTML Tag Removal,NA,no-such-role,-
detail-column,x-test-detail-column,card_detail_component_html,epsilon-component,j,HTML Tag Type Modification,NA,no-such-role,-
detail-column,x-test-detail-column,card_detail_component_html,epsilon-component,k,HTML Tag Insertion,NA,no-such-role,-
detail-tags,x-test-detail-tags,card_detail_component_html,alpha-target,h,HTML Tag Movement (between two templates),NA,between-templates-na-perfile,-
detail-tags,x-test-detail-tags,card_detail_component_html,alpha-target,i,HTML Tag Removal,NA,would-drop-x-test,-
detail-tags,x-test-detail-tags,card_detail_component_html,alpha-target,a,Attribute Value Modification,APPLICABLE,,-
detail-tags,x-test-detail-tags,card_detail_component_html,alpha-target,b,Attribute Removal,APPLICABLE,,-
detail-tags,x-test-detail-tags,card_detail_component_html,alpha-target,c,Attribute Identifier Modification,APPLICABLE,,-
detail-tags,x-test-detail-tags,card_detail_component_html,alpha-target,d,Text Content Modification,APPLICABLE,,-
detail-tags,x-test-detail-tags,card_detail_component_html,alpha-target,e,Text Content Removal,APPLICABLE,,-
detail-tags,x-test-detail-tags,card_detail_component_html,alpha-target,f,HTML Tag Movement (within a container),APPLICABLE,,-
detail-tags,x-test-detail-tags,card_detail_component_html,alpha-target,g,HTML Tag Movement (any point of the HTML tree),APPLICABLE,,-
detail-tags,x-test-detail-tags,card_detail_component_html,alpha-target,j,HTML Tag Type Modification,APPLICABLE,,-
detail-tags,x-test-detail-tags,card_detail_component_html,alpha-target,k,HTML Tag Insertion,APPLICABLE,,-
detail-tags,x-test-detail-tags,card_detail_component_html,beta-parent,d,Text Content Modification,NA,no-text-content,-
detail-tags,x-test-detail-tags,card_detail_component_html,beta-parent,e,Text Content Removal,NA,no-text-content,-
detail-tags,x-test-detail-tags,card_detail_component_html,beta-parent,h,HTML Tag Movement (between two templates),NA,between-templates-na-perfile,-
detail-tags,x-test-detail-tags,card_detail_component_html,beta-parent,i,HTML Tag Removal,NA,would-drop-x-test,-
detail-tags,x-test-detail-tags,card_detail_component_html,beta-parent,a,Attribute Value Modification,APPLICABLE,,-
detail-tags,x-test-detail-tags,card_detail_component_html,beta-parent,b,Attribute Removal,APPLICABLE,,-
detail-tags,x-test-detail-tags,card_detail_component_html,beta-parent,c,Attribute Identifier Modification,APPLICABLE,,-
detail-tags,x-test-detail-tags,card_detail_component_html,beta-parent,f,HTML Tag Movement (within a container),APPLICABLE,,-
detail-tags,x-test-detail-tags,card_detail_component_html,beta-parent,g,HTML Tag Movement (any point of the HTML tree),APPLICABLE,,-
detail-tags,x-test-detail-tags,card_detail_component_html,beta-parent,j,HTML Tag Type Modification,APPLICABLE,,-
detail-tags,x-test-detail-tags,card_detail_component_html,beta-parent,k,HTML Tag Insertion,APPLICABLE,,-
detail-tags,x-test-detail-tags,card_detail_component_html,gamma-ancestor,d,Text Content Modification,NA,no-text-content,-
detail-tags,x-test-detail-tags,card_detail_component_html,gamma-ancestor,e,Text Content Removal,NA,no-text-content,-
detail-tags,x-test-detail-tags,card_detail_component_html,gamma-ancestor,h,HTML Tag Movement (between two templates),NA,between-templates-na-perfile,-
detail-tags,x-test-detail-tags,card_detail_component_html,gamma-ancestor,a,Attribute Value Modification,APPLICABLE,,-
detail-tags,x-test-detail-tags,card_detail_component_html,gamma-ancestor,b,Attribute Removal,APPLICABLE,,-
detail-tags,x-test-detail-tags,card_detail_component_html,gamma-ancestor,c,Attribute Identifier Modification,APPLICABLE,,-
detail-tags,x-test-detail-tags,card_detail_component_html,gamma-ancestor,f,HTML Tag Movement (within a container),APPLICABLE,,-
detail-tags,x-test-detail-tags,card_detail_component_html,gamma-ancestor,g,HTML Tag Movement (any point of the HTML tree),APPLICABLE,,-
detail-tags,x-test-detail-tags,card_detail_component_html,gamma-ancestor,i,HTML Tag Removal,APPLICABLE,,-
detail-tags,x-test-detail-tags,card_detail_component_html,gamma-ancestor,j,HTML Tag Type Modification,APPLICABLE,,-
detail-tags,x-test-detail-tags,card_detail_component_html,gamma-ancestor,k,HTML Tag Insertion,APPLICABLE,,-
detail-tags,x-test-detail-tags,card_detail_component_html,delta-sibling,h,HTML Tag Movement (between two templates),NA,between-templates-na-perfile,-
detail-tags,x-test-detail-tags,card_detail_component_html,delta-sibling,i,HTML Tag Removal,NA,would-drop-x-test,-
detail-tags,x-test-detail-tags,card_detail_component_html,delta-sibling,a,Attribute Value Modification,APPLICABLE,,-
detail-tags,x-test-detail-tags,card_detail_component_html,delta-sibling,b,Attribute Removal,APPLICABLE,,-
detail-tags,x-test-detail-tags,card_detail_component_html,delta-sibling,c,Attribute Identifier Modification,APPLICABLE,,-
detail-tags,x-test-detail-tags,card_detail_component_html,delta-sibling,d,Text Content Modification,APPLICABLE,,-
detail-tags,x-test-detail-tags,card_detail_component_html,delta-sibling,e,Text Content Removal,APPLICABLE,,-
detail-tags,x-test-detail-tags,card_detail_component_html,delta-sibling,f,HTML Tag Movement (within a container),APPLICABLE,,-
detail-tags,x-test-detail-tags,card_detail_component_html,delta-sibling,g,HTML Tag Movement (any point of the HTML tree),APPLICABLE,,-
detail-tags,x-test-detail-tags,card_detail_component_html,delta-sibling,j,HTML Tag Type Modification,APPLICABLE,,-
detail-tags,x-test-detail-tags,card_detail_component_html,delta-sibling,k,HTML Tag Insertion,APPLICABLE,,-
detail-tags,x-test-detail-tags,card_detail_component_html,epsilon-component,a,Attribute Value Modification,NA,no-such-role,-
detail-tags,x-test-detail-tags,card_detail_component_html,epsilon-component,b,Attribute Removal,NA,no-such-role,-
detail-tags,x-test-detail-tags,card_detail_component_html,epsilon-component,c,Attribute Identifier Modification,NA,no-such-role,-
detail-tags,x-test-detail-tags,card_detail_component_html,epsilon-component,d,Text Content Modification,NA,no-such-role,-
detail-tags,x-test-detail-tags,card_detail_component_html,epsilon-component,e,Text Content Removal,NA,no-such-role,-
detail-tags,x-test-detail-tags,card_detail_component_html,epsilon-component,f,HTML Tag Movement (within a container),NA,no-such-role,-
detail-tags,x-test-detail-tags,card_detail_component_html,epsilon-component,g,HTML Tag Movement (any point of the HTML tree),NA,no-such-role,-
detail-tags,x-test-detail-tags,card_detail_component_html,epsilon-component,h,HTML Tag Movement (between two templates),NA,no-such-role,-
detail-tags,x-test-detail-tags,card_detail_component_html,epsilon-component,i,HTML Tag Removal,NA,no-such-role,-
detail-tags,x-test-detail-tags,card_detail_component_html,epsilon-component,j,HTML Tag Type Modification,NA,no-such-role,-
detail-tags,x-test-detail-tags,card_detail_component_html,epsilon-component,k,HTML Tag Insertion,NA,no-such-role,-
detail-edit,x-test-detail-edit,card_detail_component_html,alpha-target,h,HTML Tag Movement (between two templates),NA,between-templates-na-perfile,-
detail-edit,x-test-detail-edit,card_detail_component_html,alpha-target,i,HTML Tag Removal,NA,would-drop-x-test,-
detail-edit,x-test-detail-edit,card_detail_component_html,alpha-target,a,Attribute Value Modification,APPLICABLE,,-
detail-edit,x-test-detail-edit,card_detail_component_html,alpha-target,b,Attribute Removal,APPLICABLE,,-
detail-edit,x-test-detail-edit,card_detail_component_html,alpha-target,c,Attribute Identifier Modification,APPLICABLE,,-
detail-edit,x-test-detail-edit,card_detail_component_html,alpha-target,d,Text Content Modification,APPLICABLE,,-
detail-edit,x-test-detail-edit,card_detail_component_html,alpha-target,e,Text Content Removal,APPLICABLE,,-
detail-edit,x-test-detail-edit,card_detail_component_html,alpha-target,f,HTML Tag Movement (within a container),APPLICABLE,,-
detail-edit,x-test-detail-edit,card_detail_component_html,alpha-target,g,HTML Tag Movement (any point of the HTML tree),APPLICABLE,,-
detail-edit,x-test-detail-edit,card_detail_component_html,alpha-target,j,HTML Tag Type Modification,APPLICABLE,,-
detail-edit,x-test-detail-edit,card_detail_component_html,alpha-target,k,HTML Tag Insertion,APPLICABLE,,-
detail-edit,x-test-detail-edit,card_detail_component_html,beta-parent,d,Text Content Modification,NA,no-text-content,-
detail-edit,x-test-detail-edit,card_detail_component_html,beta-parent,e,Text Content Removal,NA,no-text-content,-
detail-edit,x-test-detail-edit,card_detail_component_html,beta-parent,h,HTML Tag Movement (between two templates),NA,between-templates-na-perfile,-
detail-edit,x-test-detail-edit,card_detail_component_html,beta-parent,i,HTML Tag Removal,NA,would-drop-x-test,-
detail-edit,x-test-detail-edit,card_detail_component_html,beta-parent,a,Attribute Value Modification,APPLICABLE,,-
detail-edit,x-test-detail-edit,card_detail_component_html,beta-parent,b,Attribute Removal,APPLICABLE,,-
detail-edit,x-test-detail-edit,card_detail_component_html,beta-parent,c,Attribute Identifier Modification,APPLICABLE,,-
detail-edit,x-test-detail-edit,card_detail_component_html,beta-parent,f,HTML Tag Movement (within a container),APPLICABLE,,-
detail-edit,x-test-detail-edit,card_detail_component_html,beta-parent,g,HTML Tag Movement (any point of the HTML tree),APPLICABLE,,-
detail-edit,x-test-detail-edit,card_detail_component_html,beta-parent,j,HTML Tag Type Modification,APPLICABLE,,-
detail-edit,x-test-detail-edit,card_detail_component_html,beta-parent,k,HTML Tag Insertion,APPLICABLE,,-
detail-edit,x-test-detail-edit,card_detail_component_html,gamma-ancestor,d,Text Content Modification,NA,no-text-content,-
detail-edit,x-test-detail-edit,card_detail_component_html,gamma-ancestor,e,Text Content Removal,NA,no-text-content,-
detail-edit,x-test-detail-edit,card_detail_component_html,gamma-ancestor,h,HTML Tag Movement (between two templates),NA,between-templates-na-perfile,-
detail-edit,x-test-detail-edit,card_detail_component_html,gamma-ancestor,i,HTML Tag Removal,NA,would-drop-x-test,-
detail-edit,x-test-detail-edit,card_detail_component_html,gamma-ancestor,a,Attribute Value Modification,APPLICABLE,,-
detail-edit,x-test-detail-edit,card_detail_component_html,gamma-ancestor,b,Attribute Removal,APPLICABLE,,-
detail-edit,x-test-detail-edit,card_detail_component_html,gamma-ancestor,c,Attribute Identifier Modification,APPLICABLE,,-
detail-edit,x-test-detail-edit,card_detail_component_html,gamma-ancestor,f,HTML Tag Movement (within a container),APPLICABLE,,-
detail-edit,x-test-detail-edit,card_detail_component_html,gamma-ancestor,g,HTML Tag Movement (any point of the HTML tree),APPLICABLE,,-
detail-edit,x-test-detail-edit,card_detail_component_html,gamma-ancestor,j,HTML Tag Type Modification,APPLICABLE,,-
detail-edit,x-test-detail-edit,card_detail_component_html,gamma-ancestor,k,HTML Tag Insertion,APPLICABLE,,-
detail-edit,x-test-detail-edit,card_detail_component_html,delta-sibling,h,HTML Tag Movement (between two templates),NA,between-templates-na-perfile,-
detail-edit,x-test-detail-edit,card_detail_component_html,delta-sibling,i,HTML Tag Removal,NA,would-drop-x-test,-
detail-edit,x-test-detail-edit,card_detail_component_html,delta-sibling,a,Attribute Value Modification,APPLICABLE,,-
detail-edit,x-test-detail-edit,card_detail_component_html,delta-sibling,b,Attribute Removal,APPLICABLE,,-
detail-edit,x-test-detail-edit,card_detail_component_html,delta-sibling,c,Attribute Identifier Modification,APPLICABLE,,-
detail-edit,x-test-detail-edit,card_detail_component_html,delta-sibling,d,Text Content Modification,APPLICABLE,,-
detail-edit,x-test-detail-edit,card_detail_component_html,delta-sibling,e,Text Content Removal,APPLICABLE,,-
detail-edit,x-test-detail-edit,card_detail_component_html,delta-sibling,f,HTML Tag Movement (within a container),APPLICABLE,,-
detail-edit,x-test-detail-edit,card_detail_component_html,delta-sibling,g,HTML Tag Movement (any point of the HTML tree),APPLICABLE,,-
detail-edit,x-test-detail-edit,card_detail_component_html,delta-sibling,j,HTML Tag Type Modification,APPLICABLE,,-
detail-edit,x-test-detail-edit,card_detail_component_html,delta-sibling,k,HTML Tag Insertion,APPLICABLE,,-
detail-edit,x-test-detail-edit,card_detail_component_html,epsilon-component,a,Attribute Value Modification,NA,no-such-role,-
detail-edit,x-test-detail-edit,card_detail_component_html,epsilon-component,b,Attribute Removal,NA,no-such-role,-
detail-edit,x-test-detail-edit,card_detail_component_html,epsilon-component,c,Attribute Identifier Modification,NA,no-such-role,-
detail-edit,x-test-detail-edit,card_detail_component_html,epsilon-component,d,Text Content Modification,NA,no-such-role,-
detail-edit,x-test-detail-edit,card_detail_component_html,epsilon-component,e,Text Content Removal,NA,no-such-role,-
detail-edit,x-test-detail-edit,card_detail_component_html,epsilon-component,f,HTML Tag Movement (within a container),NA,no-such-role,-
detail-edit,x-test-detail-edit,card_detail_component_html,epsilon-component,g,HTML Tag Movement (any point of the HTML tree),NA,no-such-role,-
detail-edit,x-test-detail-edit,card_detail_component_html,epsilon-component,h,HTML Tag Movement (between two templates),NA,no-such-role,-
detail-edit,x-test-detail-edit,card_detail_component_html,epsilon-component,i,HTML Tag Removal,NA,no-such-role,-
detail-edit,x-test-detail-edit,card_detail_component_html,epsilon-component,j,HTML Tag Type Modification,NA,no-such-role,-
detail-edit,x-test-detail-edit,card_detail_component_html,epsilon-component,k,HTML Tag Insertion,NA,no-such-role,-
detail-delete,x-test-detail-delete,card_detail_component_html,alpha-target,h,HTML Tag Movement (between two templates),NA,between-templates-na-perfile,-
detail-delete,x-test-detail-delete,card_detail_component_html,alpha-target,i,HTML Tag Removal,NA,would-drop-x-test,-
detail-delete,x-test-detail-delete,card_detail_component_html,alpha-target,a,Attribute Value Modification,APPLICABLE,,-
detail-delete,x-test-detail-delete,card_detail_component_html,alpha-target,b,Attribute Removal,APPLICABLE,,-
detail-delete,x-test-detail-delete,card_detail_component_html,alpha-target,c,Attribute Identifier Modification,APPLICABLE,,-
detail-delete,x-test-detail-delete,card_detail_component_html,alpha-target,d,Text Content Modification,APPLICABLE,,-
detail-delete,x-test-detail-delete,card_detail_component_html,alpha-target,e,Text Content Removal,APPLICABLE,,-
detail-delete,x-test-detail-delete,card_detail_component_html,alpha-target,f,HTML Tag Movement (within a container),APPLICABLE,,-
detail-delete,x-test-detail-delete,card_detail_component_html,alpha-target,g,HTML Tag Movement (any point of the HTML tree),APPLICABLE,,-
detail-delete,x-test-detail-delete,card_detail_component_html,alpha-target,j,HTML Tag Type Modification,APPLICABLE,,-
detail-delete,x-test-detail-delete,card_detail_component_html,alpha-target,k,HTML Tag Insertion,APPLICABLE,,-
detail-delete,x-test-detail-delete,card_detail_component_html,beta-parent,d,Text Content Modification,NA,no-text-content,-
detail-delete,x-test-detail-delete,card_detail_component_html,beta-parent,e,Text Content Removal,NA,no-text-content,-
detail-delete,x-test-detail-delete,card_detail_component_html,beta-parent,h,HTML Tag Movement (between two templates),NA,between-templates-na-perfile,-
detail-delete,x-test-detail-delete,card_detail_component_html,beta-parent,i,HTML Tag Removal,NA,would-drop-x-test,-
detail-delete,x-test-detail-delete,card_detail_component_html,beta-parent,a,Attribute Value Modification,APPLICABLE,,-
detail-delete,x-test-detail-delete,card_detail_component_html,beta-parent,b,Attribute Removal,APPLICABLE,,-
detail-delete,x-test-detail-delete,card_detail_component_html,beta-parent,c,Attribute Identifier Modification,APPLICABLE,,-
detail-delete,x-test-detail-delete,card_detail_component_html,beta-parent,f,HTML Tag Movement (within a container),APPLICABLE,,-
detail-delete,x-test-detail-delete,card_detail_component_html,beta-parent,g,HTML Tag Movement (any point of the HTML tree),APPLICABLE,,-
detail-delete,x-test-detail-delete,card_detail_component_html,beta-parent,j,HTML Tag Type Modification,APPLICABLE,,-
detail-delete,x-test-detail-delete,card_detail_component_html,beta-parent,k,HTML Tag Insertion,APPLICABLE,,-
detail-delete,x-test-detail-delete,card_detail_component_html,gamma-ancestor,d,Text Content Modification,NA,no-text-content,-
detail-delete,x-test-detail-delete,card_detail_component_html,gamma-ancestor,e,Text Content Removal,NA,no-text-content,-
detail-delete,x-test-detail-delete,card_detail_component_html,gamma-ancestor,h,HTML Tag Movement (between two templates),NA,between-templates-na-perfile,-
detail-delete,x-test-detail-delete,card_detail_component_html,gamma-ancestor,i,HTML Tag Removal,NA,would-drop-x-test,-
detail-delete,x-test-detail-delete,card_detail_component_html,gamma-ancestor,a,Attribute Value Modification,APPLICABLE,,-
detail-delete,x-test-detail-delete,card_detail_component_html,gamma-ancestor,b,Attribute Removal,APPLICABLE,,-
detail-delete,x-test-detail-delete,card_detail_component_html,gamma-ancestor,c,Attribute Identifier Modification,APPLICABLE,,-
detail-delete,x-test-detail-delete,card_detail_component_html,gamma-ancestor,f,HTML Tag Movement (within a container),APPLICABLE,,-
detail-delete,x-test-detail-delete,card_detail_component_html,gamma-ancestor,g,HTML Tag Movement (any point of the HTML tree),APPLICABLE,,-
detail-delete,x-test-detail-delete,card_detail_component_html,gamma-ancestor,j,HTML Tag Type Modification,APPLICABLE,,-
detail-delete,x-test-detail-delete,card_detail_component_html,gamma-ancestor,k,HTML Tag Insertion,APPLICABLE,,-
detail-delete,x-test-detail-delete,card_detail_component_html,delta-sibling,h,HTML Tag Movement (between two templates),NA,between-templates-na-perfile,-
detail-delete,x-test-detail-delete,card_detail_component_html,delta-sibling,i,HTML Tag Removal,NA,would-drop-x-test,-
detail-delete,x-test-detail-delete,card_detail_component_html,delta-sibling,a,Attribute Value Modification,APPLICABLE,,-
detail-delete,x-test-detail-delete,card_detail_component_html,delta-sibling,b,Attribute Removal,APPLICABLE,,-
detail-delete,x-test-detail-delete,card_detail_component_html,delta-sibling,c,Attribute Identifier Modification,APPLICABLE,,-
detail-delete,x-test-detail-delete,card_detail_component_html,delta-sibling,d,Text Content Modification,APPLICABLE,,-
detail-delete,x-test-detail-delete,card_detail_component_html,delta-sibling,e,Text Content Removal,APPLICABLE,,-
detail-delete,x-test-detail-delete,card_detail_component_html,delta-sibling,f,HTML Tag Movement (within a container),APPLICABLE,,-
detail-delete,x-test-detail-delete,card_detail_component_html,delta-sibling,g,HTML Tag Movement (any point of the HTML tree),APPLICABLE,,-
detail-delete,x-test-detail-delete,card_detail_component_html,delta-sibling,j,HTML Tag Type Modification,APPLICABLE,,-
detail-delete,x-test-detail-delete,card_detail_component_html,delta-sibling,k,HTML Tag Insertion,APPLICABLE,,-
detail-delete,x-test-detail-delete,card_detail_component_html,epsilon-component,a,Attribute Value Modification,NA,no-such-role,-
detail-delete,x-test-detail-delete,card_detail_component_html,epsilon-component,b,Attribute Removal,NA,no-such-role,-
detail-delete,x-test-detail-delete,card_detail_component_html,epsilon-component,c,Attribute Identifier Modification,NA,no-such-role,-
detail-delete,x-test-detail-delete,card_detail_component_html,epsilon-component,d,Text Content Modification,NA,no-such-role,-
detail-delete,x-test-detail-delete,card_detail_component_html,epsilon-component,e,Text Content Removal,NA,no-such-role,-
detail-delete,x-test-detail-delete,card_detail_component_html,epsilon-component,f,HTML Tag Movement (within a container),NA,no-such-role,-
detail-delete,x-test-detail-delete,card_detail_component_html,epsilon-component,g,HTML Tag Movement (any point of the HTML tree),NA,no-such-role,-
detail-delete,x-test-detail-delete,card_detail_component_html,epsilon-component,h,HTML Tag Movement (between two templates),NA,no-such-role,-
detail-delete,x-test-detail-delete,card_detail_component_html,epsilon-component,i,HTML Tag Removal,NA,no-such-role,-
detail-delete,x-test-detail-delete,card_detail_component_html,epsilon-component,j,HTML Tag Type Modification,NA,no-such-role,-
detail-delete,x-test-detail-delete,card_detail_component_html,epsilon-component,k,HTML Tag Insertion,NA,no-such-role,-
detail-back,x-test-detail-back,card_detail_component_html,alpha-target,h,HTML Tag Movement (between two templates),NA,between-templates-na-perfile,-
detail-back,x-test-detail-back,card_detail_component_html,alpha-target,i,HTML Tag Removal,NA,would-drop-x-test,-
detail-back,x-test-detail-back,card_detail_component_html,alpha-target,a,Attribute Value Modification,APPLICABLE,,-
detail-back,x-test-detail-back,card_detail_component_html,alpha-target,b,Attribute Removal,APPLICABLE,,-
detail-back,x-test-detail-back,card_detail_component_html,alpha-target,c,Attribute Identifier Modification,APPLICABLE,,-
detail-back,x-test-detail-back,card_detail_component_html,alpha-target,d,Text Content Modification,APPLICABLE,,-
detail-back,x-test-detail-back,card_detail_component_html,alpha-target,e,Text Content Removal,APPLICABLE,,-
detail-back,x-test-detail-back,card_detail_component_html,alpha-target,f,HTML Tag Movement (within a container),APPLICABLE,,-
detail-back,x-test-detail-back,card_detail_component_html,alpha-target,g,HTML Tag Movement (any point of the HTML tree),APPLICABLE,,-
detail-back,x-test-detail-back,card_detail_component_html,alpha-target,j,HTML Tag Type Modification,APPLICABLE,,-
detail-back,x-test-detail-back,card_detail_component_html,alpha-target,k,HTML Tag Insertion,APPLICABLE,,-
detail-back,x-test-detail-back,card_detail_component_html,beta-parent,d,Text Content Modification,NA,no-text-content,-
detail-back,x-test-detail-back,card_detail_component_html,beta-parent,e,Text Content Removal,NA,no-text-content,-
detail-back,x-test-detail-back,card_detail_component_html,beta-parent,h,HTML Tag Movement (between two templates),NA,between-templates-na-perfile,-
detail-back,x-test-detail-back,card_detail_component_html,beta-parent,i,HTML Tag Removal,NA,would-drop-x-test,-
detail-back,x-test-detail-back,card_detail_component_html,beta-parent,a,Attribute Value Modification,APPLICABLE,,-
detail-back,x-test-detail-back,card_detail_component_html,beta-parent,b,Attribute Removal,APPLICABLE,,-
detail-back,x-test-detail-back,card_detail_component_html,beta-parent,c,Attribute Identifier Modification,APPLICABLE,,-
detail-back,x-test-detail-back,card_detail_component_html,beta-parent,f,HTML Tag Movement (within a container),APPLICABLE,,-
detail-back,x-test-detail-back,card_detail_component_html,beta-parent,g,HTML Tag Movement (any point of the HTML tree),APPLICABLE,,-
detail-back,x-test-detail-back,card_detail_component_html,beta-parent,j,HTML Tag Type Modification,APPLICABLE,,-
detail-back,x-test-detail-back,card_detail_component_html,beta-parent,k,HTML Tag Insertion,APPLICABLE,,-
detail-back,x-test-detail-back,card_detail_component_html,gamma-ancestor,f,HTML Tag Movement (within a container),NA,no-sibling-to-reorder,-
detail-back,x-test-detail-back,card_detail_component_html,gamma-ancestor,g,HTML Tag Movement (any point of the HTML tree),NA,root-element,-
detail-back,x-test-detail-back,card_detail_component_html,gamma-ancestor,h,HTML Tag Movement (between two templates),NA,between-templates-na-perfile,-
detail-back,x-test-detail-back,card_detail_component_html,gamma-ancestor,i,HTML Tag Removal,NA,root-element,-
detail-back,x-test-detail-back,card_detail_component_html,gamma-ancestor,a,Attribute Value Modification,APPLICABLE,,-
detail-back,x-test-detail-back,card_detail_component_html,gamma-ancestor,b,Attribute Removal,APPLICABLE,,-
detail-back,x-test-detail-back,card_detail_component_html,gamma-ancestor,c,Attribute Identifier Modification,APPLICABLE,,-
detail-back,x-test-detail-back,card_detail_component_html,gamma-ancestor,d,Text Content Modification,APPLICABLE,,-
detail-back,x-test-detail-back,card_detail_component_html,gamma-ancestor,e,Text Content Removal,APPLICABLE,,-
detail-back,x-test-detail-back,card_detail_component_html,gamma-ancestor,j,HTML Tag Type Modification,APPLICABLE,,-
detail-back,x-test-detail-back,card_detail_component_html,gamma-ancestor,k,HTML Tag Insertion,APPLICABLE,,-
detail-back,x-test-detail-back,card_detail_component_html,delta-sibling,h,HTML Tag Movement (between two templates),NA,between-templates-na-perfile,-
detail-back,x-test-detail-back,card_detail_component_html,delta-sibling,i,HTML Tag Removal,NA,would-drop-x-test,-
detail-back,x-test-detail-back,card_detail_component_html,delta-sibling,a,Attribute Value Modification,APPLICABLE,,-
detail-back,x-test-detail-back,card_detail_component_html,delta-sibling,b,Attribute Removal,APPLICABLE,,-
detail-back,x-test-detail-back,card_detail_component_html,delta-sibling,c,Attribute Identifier Modification,APPLICABLE,,-
detail-back,x-test-detail-back,card_detail_component_html,delta-sibling,d,Text Content Modification,APPLICABLE,,-
detail-back,x-test-detail-back,card_detail_component_html,delta-sibling,e,Text Content Removal,APPLICABLE,,-
detail-back,x-test-detail-back,card_detail_component_html,delta-sibling,f,HTML Tag Movement (within a container),APPLICABLE,,-
detail-back,x-test-detail-back,card_detail_component_html,delta-sibling,g,HTML Tag Movement (any point of the HTML tree),APPLICABLE,,-
detail-back,x-test-detail-back,card_detail_component_html,delta-sibling,j,HTML Tag Type Modification,APPLICABLE,,-
detail-back,x-test-detail-back,card_detail_component_html,delta-sibling,k,HTML Tag Insertion,APPLICABLE,,-
detail-back,x-test-detail-back,card_detail_component_html,epsilon-component,a,Attribute Value Modification,NA,no-such-role,-
detail-back,x-test-detail-back,card_detail_component_html,epsilon-component,b,Attribute Removal,NA,no-such-role,-
detail-back,x-test-detail-back,card_detail_component_html,epsilon-component,c,Attribute Identifier Modification,NA,no-such-role,-
detail-back,x-test-detail-back,card_detail_component_html,epsilon-component,d,Text Content Modification,NA,no-such-role,-
detail-back,x-test-detail-back,card_detail_component_html,epsilon-component,e,Text Content Removal,NA,no-such-role,-
detail-back,x-test-detail-back,card_detail_component_html,epsilon-component,f,HTML Tag Movement (within a container),NA,no-such-role,-
detail-back,x-test-detail-back,card_detail_component_html,epsilon-component,g,HTML Tag Movement (any point of the HTML tree),NA,no-such-role,-
detail-back,x-test-detail-back,card_detail_component_html,epsilon-component,h,HTML Tag Movement (between two templates),NA,no-such-role,-
detail-back,x-test-detail-back,card_detail_component_html,epsilon-component,i,HTML Tag Removal,NA,no-such-role,-
detail-back,x-test-detail-back,card_detail_component_html,epsilon-component,j,HTML Tag Type Modification,NA,no-such-role,-
detail-back,x-test-detail-back,card_detail_component_html,epsilon-component,k,HTML Tag Insertion,NA,no-such-role,-
detail-page-title,x-test-detail-page-title,card_detail_component_html,alpha-target,h,HTML Tag Movement (between two templates),NA,between-templates-na-perfile,-
detail-page-title,x-test-detail-page-title,card_detail_component_html,alpha-target,i,HTML Tag Removal,NA,would-drop-x-test,-
detail-page-title,x-test-detail-page-title,card_detail_component_html,alpha-target,a,Attribute Value Modification,APPLICABLE,,-
detail-page-title,x-test-detail-page-title,card_detail_component_html,alpha-target,b,Attribute Removal,APPLICABLE,,-
detail-page-title,x-test-detail-page-title,card_detail_component_html,alpha-target,c,Attribute Identifier Modification,APPLICABLE,,-
detail-page-title,x-test-detail-page-title,card_detail_component_html,alpha-target,d,Text Content Modification,APPLICABLE,,-
detail-page-title,x-test-detail-page-title,card_detail_component_html,alpha-target,e,Text Content Removal,APPLICABLE,,-
detail-page-title,x-test-detail-page-title,card_detail_component_html,alpha-target,f,HTML Tag Movement (within a container),APPLICABLE,,-
detail-page-title,x-test-detail-page-title,card_detail_component_html,alpha-target,g,HTML Tag Movement (any point of the HTML tree),APPLICABLE,,-
detail-page-title,x-test-detail-page-title,card_detail_component_html,alpha-target,j,HTML Tag Type Modification,APPLICABLE,,-
detail-page-title,x-test-detail-page-title,card_detail_component_html,alpha-target,k,HTML Tag Insertion,APPLICABLE,,-
detail-page-title,x-test-detail-page-title,card_detail_component_html,beta-parent,d,Text Content Modification,NA,no-text-content,-
detail-page-title,x-test-detail-page-title,card_detail_component_html,beta-parent,e,Text Content Removal,NA,no-text-content,-
detail-page-title,x-test-detail-page-title,card_detail_component_html,beta-parent,h,HTML Tag Movement (between two templates),NA,between-templates-na-perfile,-
detail-page-title,x-test-detail-page-title,card_detail_component_html,beta-parent,i,HTML Tag Removal,NA,would-drop-x-test,-
detail-page-title,x-test-detail-page-title,card_detail_component_html,beta-parent,a,Attribute Value Modification,APPLICABLE,,-
detail-page-title,x-test-detail-page-title,card_detail_component_html,beta-parent,b,Attribute Removal,APPLICABLE,,-
detail-page-title,x-test-detail-page-title,card_detail_component_html,beta-parent,c,Attribute Identifier Modification,APPLICABLE,,-
detail-page-title,x-test-detail-page-title,card_detail_component_html,beta-parent,f,HTML Tag Movement (within a container),APPLICABLE,,-
detail-page-title,x-test-detail-page-title,card_detail_component_html,beta-parent,g,HTML Tag Movement (any point of the HTML tree),APPLICABLE,,-
detail-page-title,x-test-detail-page-title,card_detail_component_html,beta-parent,j,HTML Tag Type Modification,APPLICABLE,,-
detail-page-title,x-test-detail-page-title,card_detail_component_html,beta-parent,k,HTML Tag Insertion,APPLICABLE,,-
detail-page-title,x-test-detail-page-title,card_detail_component_html,gamma-ancestor,f,HTML Tag Movement (within a container),NA,no-sibling-to-reorder,-
detail-page-title,x-test-detail-page-title,card_detail_component_html,gamma-ancestor,g,HTML Tag Movement (any point of the HTML tree),NA,root-element,-
detail-page-title,x-test-detail-page-title,card_detail_component_html,gamma-ancestor,h,HTML Tag Movement (between two templates),NA,between-templates-na-perfile,-
detail-page-title,x-test-detail-page-title,card_detail_component_html,gamma-ancestor,i,HTML Tag Removal,NA,root-element,-
detail-page-title,x-test-detail-page-title,card_detail_component_html,gamma-ancestor,a,Attribute Value Modification,APPLICABLE,,-
detail-page-title,x-test-detail-page-title,card_detail_component_html,gamma-ancestor,b,Attribute Removal,APPLICABLE,,-
detail-page-title,x-test-detail-page-title,card_detail_component_html,gamma-ancestor,c,Attribute Identifier Modification,APPLICABLE,,-
detail-page-title,x-test-detail-page-title,card_detail_component_html,gamma-ancestor,d,Text Content Modification,APPLICABLE,,-
detail-page-title,x-test-detail-page-title,card_detail_component_html,gamma-ancestor,e,Text Content Removal,APPLICABLE,,-
detail-page-title,x-test-detail-page-title,card_detail_component_html,gamma-ancestor,j,HTML Tag Type Modification,APPLICABLE,,-
detail-page-title,x-test-detail-page-title,card_detail_component_html,gamma-ancestor,k,HTML Tag Insertion,APPLICABLE,,-
detail-page-title,x-test-detail-page-title,card_detail_component_html,delta-sibling,h,HTML Tag Movement (between two templates),NA,between-templates-na-perfile,-
detail-page-title,x-test-detail-page-title,card_detail_component_html,delta-sibling,i,HTML Tag Removal,NA,would-drop-x-test,-
detail-page-title,x-test-detail-page-title,card_detail_component_html,delta-sibling,a,Attribute Value Modification,APPLICABLE,,-
detail-page-title,x-test-detail-page-title,card_detail_component_html,delta-sibling,b,Attribute Removal,APPLICABLE,,-
detail-page-title,x-test-detail-page-title,card_detail_component_html,delta-sibling,c,Attribute Identifier Modification,APPLICABLE,,-
detail-page-title,x-test-detail-page-title,card_detail_component_html,delta-sibling,d,Text Content Modification,APPLICABLE,,-
detail-page-title,x-test-detail-page-title,card_detail_component_html,delta-sibling,e,Text Content Removal,APPLICABLE,,-
detail-page-title,x-test-detail-page-title,card_detail_component_html,delta-sibling,f,HTML Tag Movement (within a container),APPLICABLE,,-
detail-page-title,x-test-detail-page-title,card_detail_component_html,delta-sibling,g,HTML Tag Movement (any point of the HTML tree),APPLICABLE,,-
detail-page-title,x-test-detail-page-title,card_detail_component_html,delta-sibling,j,HTML Tag Type Modification,APPLICABLE,,-
detail-page-title,x-test-detail-page-title,card_detail_component_html,delta-sibling,k,HTML Tag Insertion,APPLICABLE,,-
detail-page-title,x-test-detail-page-title,card_detail_component_html,epsilon-component,a,Attribute Value Modification,NA,no-such-role,-
detail-page-title,x-test-detail-page-title,card_detail_component_html,epsilon-component,b,Attribute Removal,NA,no-such-role,-
detail-page-title,x-test-detail-page-title,card_detail_component_html,epsilon-component,c,Attribute Identifier Modification,NA,no-such-role,-
detail-page-title,x-test-detail-page-title,card_detail_component_html,epsilon-component,d,Text Content Modification,NA,no-such-role,-
detail-page-title,x-test-detail-page-title,card_detail_component_html,epsilon-component,e,Text Content Removal,NA,no-such-role,-
detail-page-title,x-test-detail-page-title,card_detail_component_html,epsilon-component,f,HTML Tag Movement (within a container),NA,no-such-role,-
detail-page-title,x-test-detail-page-title,card_detail_component_html,epsilon-component,g,HTML Tag Movement (any point of the HTML tree),NA,no-such-role,-
detail-page-title,x-test-detail-page-title,card_detail_component_html,epsilon-component,h,HTML Tag Movement (between two templates),NA,no-such-role,-
detail-page-title,x-test-detail-page-title,card_detail_component_html,epsilon-component,i,HTML Tag Removal,NA,no-such-role,-
detail-page-title,x-test-detail-page-title,card_detail_component_html,epsilon-component,j,HTML Tag Type Modification,NA,no-such-role,-
detail-page-title,x-test-detail-page-title,card_detail_component_html,epsilon-component,k,HTML Tag Insertion,NA,no-such-role,-
stat-total,x-test-stat-total,stats_component_html,alpha-target,h,HTML Tag Movement (between two templates),NA,between-templates-na-perfile,-
stat-total,x-test-stat-total,stats_component_html,alpha-target,i,HTML Tag Removal,NA,would-drop-x-test,-
stat-total,x-test-stat-total,stats_component_html,alpha-target,a,Attribute Value Modification,APPLICABLE,,-
stat-total,x-test-stat-total,stats_component_html,alpha-target,b,Attribute Removal,APPLICABLE,,-
stat-total,x-test-stat-total,stats_component_html,alpha-target,c,Attribute Identifier Modification,APPLICABLE,,-
stat-total,x-test-stat-total,stats_component_html,alpha-target,d,Text Content Modification,APPLICABLE,,-
stat-total,x-test-stat-total,stats_component_html,alpha-target,e,Text Content Removal,APPLICABLE,,-
stat-total,x-test-stat-total,stats_component_html,alpha-target,f,HTML Tag Movement (within a container),APPLICABLE,,-
stat-total,x-test-stat-total,stats_component_html,alpha-target,g,HTML Tag Movement (any point of the HTML tree),APPLICABLE,,-
stat-total,x-test-stat-total,stats_component_html,alpha-target,j,HTML Tag Type Modification,APPLICABLE,,-
stat-total,x-test-stat-total,stats_component_html,alpha-target,k,HTML Tag Insertion,APPLICABLE,,-
stat-total,x-test-stat-total,stats_component_html,beta-parent,d,Text Content Modification,NA,no-text-content,-
stat-total,x-test-stat-total,stats_component_html,beta-parent,e,Text Content Removal,NA,no-text-content,-
stat-total,x-test-stat-total,stats_component_html,beta-parent,h,HTML Tag Movement (between two templates),NA,between-templates-na-perfile,-
stat-total,x-test-stat-total,stats_component_html,beta-parent,i,HTML Tag Removal,NA,would-drop-x-test,-
stat-total,x-test-stat-total,stats_component_html,beta-parent,a,Attribute Value Modification,APPLICABLE,,-
stat-total,x-test-stat-total,stats_component_html,beta-parent,b,Attribute Removal,APPLICABLE,,-
stat-total,x-test-stat-total,stats_component_html,beta-parent,c,Attribute Identifier Modification,APPLICABLE,,-
stat-total,x-test-stat-total,stats_component_html,beta-parent,f,HTML Tag Movement (within a container),APPLICABLE,,-
stat-total,x-test-stat-total,stats_component_html,beta-parent,g,HTML Tag Movement (any point of the HTML tree),APPLICABLE,,-
stat-total,x-test-stat-total,stats_component_html,beta-parent,j,HTML Tag Type Modification,APPLICABLE,,-
stat-total,x-test-stat-total,stats_component_html,beta-parent,k,HTML Tag Insertion,APPLICABLE,,-
stat-total,x-test-stat-total,stats_component_html,gamma-ancestor,d,Text Content Modification,NA,no-text-content,-
stat-total,x-test-stat-total,stats_component_html,gamma-ancestor,e,Text Content Removal,NA,no-text-content,-
stat-total,x-test-stat-total,stats_component_html,gamma-ancestor,h,HTML Tag Movement (between two templates),NA,between-templates-na-perfile,-
stat-total,x-test-stat-total,stats_component_html,gamma-ancestor,i,HTML Tag Removal,NA,would-drop-x-test,-
stat-total,x-test-stat-total,stats_component_html,gamma-ancestor,a,Attribute Value Modification,APPLICABLE,,-
stat-total,x-test-stat-total,stats_component_html,gamma-ancestor,b,Attribute Removal,APPLICABLE,,-
stat-total,x-test-stat-total,stats_component_html,gamma-ancestor,c,Attribute Identifier Modification,APPLICABLE,,-
stat-total,x-test-stat-total,stats_component_html,gamma-ancestor,f,HTML Tag Movement (within a container),APPLICABLE,,-
stat-total,x-test-stat-total,stats_component_html,gamma-ancestor,g,HTML Tag Movement (any point of the HTML tree),APPLICABLE,,-
stat-total,x-test-stat-total,stats_component_html,gamma-ancestor,j,HTML Tag Type Modification,APPLICABLE,,-
stat-total,x-test-stat-total,stats_component_html,gamma-ancestor,k,HTML Tag Insertion,APPLICABLE,,-
stat-total,x-test-stat-total,stats_component_html,delta-sibling,h,HTML Tag Movement (between two templates),NA,between-templates-na-perfile,-
stat-total,x-test-stat-total,stats_component_html,delta-sibling,i,HTML Tag Removal,NA,would-drop-x-test,-
stat-total,x-test-stat-total,stats_component_html,delta-sibling,a,Attribute Value Modification,APPLICABLE,,-
stat-total,x-test-stat-total,stats_component_html,delta-sibling,b,Attribute Removal,APPLICABLE,,-
stat-total,x-test-stat-total,stats_component_html,delta-sibling,c,Attribute Identifier Modification,APPLICABLE,,-
stat-total,x-test-stat-total,stats_component_html,delta-sibling,d,Text Content Modification,APPLICABLE,,-
stat-total,x-test-stat-total,stats_component_html,delta-sibling,e,Text Content Removal,APPLICABLE,,-
stat-total,x-test-stat-total,stats_component_html,delta-sibling,f,HTML Tag Movement (within a container),APPLICABLE,,-
stat-total,x-test-stat-total,stats_component_html,delta-sibling,g,HTML Tag Movement (any point of the HTML tree),APPLICABLE,,-
stat-total,x-test-stat-total,stats_component_html,delta-sibling,j,HTML Tag Type Modification,APPLICABLE,,-
stat-total,x-test-stat-total,stats_component_html,delta-sibling,k,HTML Tag Insertion,APPLICABLE,,-
stat-total,x-test-stat-total,stats_component_html,epsilon-component,a,Attribute Value Modification,NA,no-such-role,-
stat-total,x-test-stat-total,stats_component_html,epsilon-component,b,Attribute Removal,NA,no-such-role,-
stat-total,x-test-stat-total,stats_component_html,epsilon-component,c,Attribute Identifier Modification,NA,no-such-role,-
stat-total,x-test-stat-total,stats_component_html,epsilon-component,d,Text Content Modification,NA,no-such-role,-
stat-total,x-test-stat-total,stats_component_html,epsilon-component,e,Text Content Removal,NA,no-such-role,-
stat-total,x-test-stat-total,stats_component_html,epsilon-component,f,HTML Tag Movement (within a container),NA,no-such-role,-
stat-total,x-test-stat-total,stats_component_html,epsilon-component,g,HTML Tag Movement (any point of the HTML tree),NA,no-such-role,-
stat-total,x-test-stat-total,stats_component_html,epsilon-component,h,HTML Tag Movement (between two templates),NA,no-such-role,-
stat-total,x-test-stat-total,stats_component_html,epsilon-component,i,HTML Tag Removal,NA,no-such-role,-
stat-total,x-test-stat-total,stats_component_html,epsilon-component,j,HTML Tag Type Modification,NA,no-such-role,-
stat-total,x-test-stat-total,stats_component_html,epsilon-component,k,HTML Tag Insertion,NA,no-such-role,-
stat-backlog,x-test-stat-backlog,stats_component_html,alpha-target,h,HTML Tag Movement (between two templates),NA,between-templates-na-perfile,-
stat-backlog,x-test-stat-backlog,stats_component_html,alpha-target,i,HTML Tag Removal,NA,would-drop-x-test,-
stat-backlog,x-test-stat-backlog,stats_component_html,alpha-target,a,Attribute Value Modification,APPLICABLE,,-
stat-backlog,x-test-stat-backlog,stats_component_html,alpha-target,b,Attribute Removal,APPLICABLE,,-
stat-backlog,x-test-stat-backlog,stats_component_html,alpha-target,c,Attribute Identifier Modification,APPLICABLE,,-
stat-backlog,x-test-stat-backlog,stats_component_html,alpha-target,d,Text Content Modification,APPLICABLE,,-
stat-backlog,x-test-stat-backlog,stats_component_html,alpha-target,e,Text Content Removal,APPLICABLE,,-
stat-backlog,x-test-stat-backlog,stats_component_html,alpha-target,f,HTML Tag Movement (within a container),APPLICABLE,,-
stat-backlog,x-test-stat-backlog,stats_component_html,alpha-target,g,HTML Tag Movement (any point of the HTML tree),APPLICABLE,,-
stat-backlog,x-test-stat-backlog,stats_component_html,alpha-target,j,HTML Tag Type Modification,APPLICABLE,,-
stat-backlog,x-test-stat-backlog,stats_component_html,alpha-target,k,HTML Tag Insertion,APPLICABLE,,-
stat-backlog,x-test-stat-backlog,stats_component_html,beta-parent,d,Text Content Modification,NA,no-text-content,-
stat-backlog,x-test-stat-backlog,stats_component_html,beta-parent,e,Text Content Removal,NA,no-text-content,-
stat-backlog,x-test-stat-backlog,stats_component_html,beta-parent,h,HTML Tag Movement (between two templates),NA,between-templates-na-perfile,-
stat-backlog,x-test-stat-backlog,stats_component_html,beta-parent,i,HTML Tag Removal,NA,would-drop-x-test,-
stat-backlog,x-test-stat-backlog,stats_component_html,beta-parent,a,Attribute Value Modification,APPLICABLE,,-
stat-backlog,x-test-stat-backlog,stats_component_html,beta-parent,b,Attribute Removal,APPLICABLE,,-
stat-backlog,x-test-stat-backlog,stats_component_html,beta-parent,c,Attribute Identifier Modification,APPLICABLE,,-
stat-backlog,x-test-stat-backlog,stats_component_html,beta-parent,f,HTML Tag Movement (within a container),APPLICABLE,,-
stat-backlog,x-test-stat-backlog,stats_component_html,beta-parent,g,HTML Tag Movement (any point of the HTML tree),APPLICABLE,,-
stat-backlog,x-test-stat-backlog,stats_component_html,beta-parent,j,HTML Tag Type Modification,APPLICABLE,,-
stat-backlog,x-test-stat-backlog,stats_component_html,beta-parent,k,HTML Tag Insertion,APPLICABLE,,-
stat-backlog,x-test-stat-backlog,stats_component_html,gamma-ancestor,d,Text Content Modification,NA,no-text-content,-
stat-backlog,x-test-stat-backlog,stats_component_html,gamma-ancestor,e,Text Content Removal,NA,no-text-content,-
stat-backlog,x-test-stat-backlog,stats_component_html,gamma-ancestor,h,HTML Tag Movement (between two templates),NA,between-templates-na-perfile,-
stat-backlog,x-test-stat-backlog,stats_component_html,gamma-ancestor,i,HTML Tag Removal,NA,would-drop-x-test,-
stat-backlog,x-test-stat-backlog,stats_component_html,gamma-ancestor,a,Attribute Value Modification,APPLICABLE,,-
stat-backlog,x-test-stat-backlog,stats_component_html,gamma-ancestor,b,Attribute Removal,APPLICABLE,,-
stat-backlog,x-test-stat-backlog,stats_component_html,gamma-ancestor,c,Attribute Identifier Modification,APPLICABLE,,-
stat-backlog,x-test-stat-backlog,stats_component_html,gamma-ancestor,f,HTML Tag Movement (within a container),APPLICABLE,,-
stat-backlog,x-test-stat-backlog,stats_component_html,gamma-ancestor,g,HTML Tag Movement (any point of the HTML tree),APPLICABLE,,-
stat-backlog,x-test-stat-backlog,stats_component_html,gamma-ancestor,j,HTML Tag Type Modification,APPLICABLE,,-
stat-backlog,x-test-stat-backlog,stats_component_html,gamma-ancestor,k,HTML Tag Insertion,APPLICABLE,,-
stat-backlog,x-test-stat-backlog,stats_component_html,delta-sibling,h,HTML Tag Movement (between two templates),NA,between-templates-na-perfile,-
stat-backlog,x-test-stat-backlog,stats_component_html,delta-sibling,i,HTML Tag Removal,NA,would-drop-x-test,-
stat-backlog,x-test-stat-backlog,stats_component_html,delta-sibling,a,Attribute Value Modification,APPLICABLE,,-
stat-backlog,x-test-stat-backlog,stats_component_html,delta-sibling,b,Attribute Removal,APPLICABLE,,-
stat-backlog,x-test-stat-backlog,stats_component_html,delta-sibling,c,Attribute Identifier Modification,APPLICABLE,,-
stat-backlog,x-test-stat-backlog,stats_component_html,delta-sibling,d,Text Content Modification,APPLICABLE,,-
stat-backlog,x-test-stat-backlog,stats_component_html,delta-sibling,e,Text Content Removal,APPLICABLE,,-
stat-backlog,x-test-stat-backlog,stats_component_html,delta-sibling,f,HTML Tag Movement (within a container),APPLICABLE,,-
stat-backlog,x-test-stat-backlog,stats_component_html,delta-sibling,g,HTML Tag Movement (any point of the HTML tree),APPLICABLE,,-
stat-backlog,x-test-stat-backlog,stats_component_html,delta-sibling,j,HTML Tag Type Modification,APPLICABLE,,-
stat-backlog,x-test-stat-backlog,stats_component_html,delta-sibling,k,HTML Tag Insertion,APPLICABLE,,-
stat-backlog,x-test-stat-backlog,stats_component_html,epsilon-component,a,Attribute Value Modification,NA,no-such-role,-
stat-backlog,x-test-stat-backlog,stats_component_html,epsilon-component,b,Attribute Removal,NA,no-such-role,-
stat-backlog,x-test-stat-backlog,stats_component_html,epsilon-component,c,Attribute Identifier Modification,NA,no-such-role,-
stat-backlog,x-test-stat-backlog,stats_component_html,epsilon-component,d,Text Content Modification,NA,no-such-role,-
stat-backlog,x-test-stat-backlog,stats_component_html,epsilon-component,e,Text Content Removal,NA,no-such-role,-
stat-backlog,x-test-stat-backlog,stats_component_html,epsilon-component,f,HTML Tag Movement (within a container),NA,no-such-role,-
stat-backlog,x-test-stat-backlog,stats_component_html,epsilon-component,g,HTML Tag Movement (any point of the HTML tree),NA,no-such-role,-
stat-backlog,x-test-stat-backlog,stats_component_html,epsilon-component,h,HTML Tag Movement (between two templates),NA,no-such-role,-
stat-backlog,x-test-stat-backlog,stats_component_html,epsilon-component,i,HTML Tag Removal,NA,no-such-role,-
stat-backlog,x-test-stat-backlog,stats_component_html,epsilon-component,j,HTML Tag Type Modification,NA,no-such-role,-
stat-backlog,x-test-stat-backlog,stats_component_html,epsilon-component,k,HTML Tag Insertion,NA,no-such-role,-
stat-inprogress,x-test-stat-inprogress,stats_component_html,alpha-target,h,HTML Tag Movement (between two templates),NA,between-templates-na-perfile,-
stat-inprogress,x-test-stat-inprogress,stats_component_html,alpha-target,i,HTML Tag Removal,NA,would-drop-x-test,-
stat-inprogress,x-test-stat-inprogress,stats_component_html,alpha-target,a,Attribute Value Modification,APPLICABLE,,-
stat-inprogress,x-test-stat-inprogress,stats_component_html,alpha-target,b,Attribute Removal,APPLICABLE,,-
stat-inprogress,x-test-stat-inprogress,stats_component_html,alpha-target,c,Attribute Identifier Modification,APPLICABLE,,-
stat-inprogress,x-test-stat-inprogress,stats_component_html,alpha-target,d,Text Content Modification,APPLICABLE,,-
stat-inprogress,x-test-stat-inprogress,stats_component_html,alpha-target,e,Text Content Removal,APPLICABLE,,-
stat-inprogress,x-test-stat-inprogress,stats_component_html,alpha-target,f,HTML Tag Movement (within a container),APPLICABLE,,-
stat-inprogress,x-test-stat-inprogress,stats_component_html,alpha-target,g,HTML Tag Movement (any point of the HTML tree),APPLICABLE,,-
stat-inprogress,x-test-stat-inprogress,stats_component_html,alpha-target,j,HTML Tag Type Modification,APPLICABLE,,-
stat-inprogress,x-test-stat-inprogress,stats_component_html,alpha-target,k,HTML Tag Insertion,APPLICABLE,,-
stat-inprogress,x-test-stat-inprogress,stats_component_html,beta-parent,d,Text Content Modification,NA,no-text-content,-
stat-inprogress,x-test-stat-inprogress,stats_component_html,beta-parent,e,Text Content Removal,NA,no-text-content,-
stat-inprogress,x-test-stat-inprogress,stats_component_html,beta-parent,h,HTML Tag Movement (between two templates),NA,between-templates-na-perfile,-
stat-inprogress,x-test-stat-inprogress,stats_component_html,beta-parent,i,HTML Tag Removal,NA,would-drop-x-test,-
stat-inprogress,x-test-stat-inprogress,stats_component_html,beta-parent,a,Attribute Value Modification,APPLICABLE,,-
stat-inprogress,x-test-stat-inprogress,stats_component_html,beta-parent,b,Attribute Removal,APPLICABLE,,-
stat-inprogress,x-test-stat-inprogress,stats_component_html,beta-parent,c,Attribute Identifier Modification,APPLICABLE,,-
stat-inprogress,x-test-stat-inprogress,stats_component_html,beta-parent,f,HTML Tag Movement (within a container),APPLICABLE,,-
stat-inprogress,x-test-stat-inprogress,stats_component_html,beta-parent,g,HTML Tag Movement (any point of the HTML tree),APPLICABLE,,-
stat-inprogress,x-test-stat-inprogress,stats_component_html,beta-parent,j,HTML Tag Type Modification,APPLICABLE,,-
stat-inprogress,x-test-stat-inprogress,stats_component_html,beta-parent,k,HTML Tag Insertion,APPLICABLE,,-
stat-inprogress,x-test-stat-inprogress,stats_component_html,gamma-ancestor,d,Text Content Modification,NA,no-text-content,-
stat-inprogress,x-test-stat-inprogress,stats_component_html,gamma-ancestor,e,Text Content Removal,NA,no-text-content,-
stat-inprogress,x-test-stat-inprogress,stats_component_html,gamma-ancestor,h,HTML Tag Movement (between two templates),NA,between-templates-na-perfile,-
stat-inprogress,x-test-stat-inprogress,stats_component_html,gamma-ancestor,i,HTML Tag Removal,NA,would-drop-x-test,-
stat-inprogress,x-test-stat-inprogress,stats_component_html,gamma-ancestor,a,Attribute Value Modification,APPLICABLE,,-
stat-inprogress,x-test-stat-inprogress,stats_component_html,gamma-ancestor,b,Attribute Removal,APPLICABLE,,-
stat-inprogress,x-test-stat-inprogress,stats_component_html,gamma-ancestor,c,Attribute Identifier Modification,APPLICABLE,,-
stat-inprogress,x-test-stat-inprogress,stats_component_html,gamma-ancestor,f,HTML Tag Movement (within a container),APPLICABLE,,-
stat-inprogress,x-test-stat-inprogress,stats_component_html,gamma-ancestor,g,HTML Tag Movement (any point of the HTML tree),APPLICABLE,,-
stat-inprogress,x-test-stat-inprogress,stats_component_html,gamma-ancestor,j,HTML Tag Type Modification,APPLICABLE,,-
stat-inprogress,x-test-stat-inprogress,stats_component_html,gamma-ancestor,k,HTML Tag Insertion,APPLICABLE,,-
stat-inprogress,x-test-stat-inprogress,stats_component_html,delta-sibling,h,HTML Tag Movement (between two templates),NA,between-templates-na-perfile,-
stat-inprogress,x-test-stat-inprogress,stats_component_html,delta-sibling,i,HTML Tag Removal,NA,would-drop-x-test,-
stat-inprogress,x-test-stat-inprogress,stats_component_html,delta-sibling,a,Attribute Value Modification,APPLICABLE,,-
stat-inprogress,x-test-stat-inprogress,stats_component_html,delta-sibling,b,Attribute Removal,APPLICABLE,,-
stat-inprogress,x-test-stat-inprogress,stats_component_html,delta-sibling,c,Attribute Identifier Modification,APPLICABLE,,-
stat-inprogress,x-test-stat-inprogress,stats_component_html,delta-sibling,d,Text Content Modification,APPLICABLE,,-
stat-inprogress,x-test-stat-inprogress,stats_component_html,delta-sibling,e,Text Content Removal,APPLICABLE,,-
stat-inprogress,x-test-stat-inprogress,stats_component_html,delta-sibling,f,HTML Tag Movement (within a container),APPLICABLE,,-
stat-inprogress,x-test-stat-inprogress,stats_component_html,delta-sibling,g,HTML Tag Movement (any point of the HTML tree),APPLICABLE,,-
stat-inprogress,x-test-stat-inprogress,stats_component_html,delta-sibling,j,HTML Tag Type Modification,APPLICABLE,,-
stat-inprogress,x-test-stat-inprogress,stats_component_html,delta-sibling,k,HTML Tag Insertion,APPLICABLE,,-
stat-inprogress,x-test-stat-inprogress,stats_component_html,epsilon-component,a,Attribute Value Modification,NA,no-such-role,-
stat-inprogress,x-test-stat-inprogress,stats_component_html,epsilon-component,b,Attribute Removal,NA,no-such-role,-
stat-inprogress,x-test-stat-inprogress,stats_component_html,epsilon-component,c,Attribute Identifier Modification,NA,no-such-role,-
stat-inprogress,x-test-stat-inprogress,stats_component_html,epsilon-component,d,Text Content Modification,NA,no-such-role,-
stat-inprogress,x-test-stat-inprogress,stats_component_html,epsilon-component,e,Text Content Removal,NA,no-such-role,-
stat-inprogress,x-test-stat-inprogress,stats_component_html,epsilon-component,f,HTML Tag Movement (within a container),NA,no-such-role,-
stat-inprogress,x-test-stat-inprogress,stats_component_html,epsilon-component,g,HTML Tag Movement (any point of the HTML tree),NA,no-such-role,-
stat-inprogress,x-test-stat-inprogress,stats_component_html,epsilon-component,h,HTML Tag Movement (between two templates),NA,no-such-role,-
stat-inprogress,x-test-stat-inprogress,stats_component_html,epsilon-component,i,HTML Tag Removal,NA,no-such-role,-
stat-inprogress,x-test-stat-inprogress,stats_component_html,epsilon-component,j,HTML Tag Type Modification,NA,no-such-role,-
stat-inprogress,x-test-stat-inprogress,stats_component_html,epsilon-component,k,HTML Tag Insertion,NA,no-such-role,-
stat-review,x-test-stat-review,stats_component_html,alpha-target,h,HTML Tag Movement (between two templates),NA,between-templates-na-perfile,-
stat-review,x-test-stat-review,stats_component_html,alpha-target,i,HTML Tag Removal,NA,would-drop-x-test,-
stat-review,x-test-stat-review,stats_component_html,alpha-target,a,Attribute Value Modification,APPLICABLE,,-
stat-review,x-test-stat-review,stats_component_html,alpha-target,b,Attribute Removal,APPLICABLE,,-
stat-review,x-test-stat-review,stats_component_html,alpha-target,c,Attribute Identifier Modification,APPLICABLE,,-
stat-review,x-test-stat-review,stats_component_html,alpha-target,d,Text Content Modification,APPLICABLE,,-
stat-review,x-test-stat-review,stats_component_html,alpha-target,e,Text Content Removal,APPLICABLE,,-
stat-review,x-test-stat-review,stats_component_html,alpha-target,f,HTML Tag Movement (within a container),APPLICABLE,,-
stat-review,x-test-stat-review,stats_component_html,alpha-target,g,HTML Tag Movement (any point of the HTML tree),APPLICABLE,,-
stat-review,x-test-stat-review,stats_component_html,alpha-target,j,HTML Tag Type Modification,APPLICABLE,,-
stat-review,x-test-stat-review,stats_component_html,alpha-target,k,HTML Tag Insertion,APPLICABLE,,-
stat-review,x-test-stat-review,stats_component_html,beta-parent,d,Text Content Modification,NA,no-text-content,-
stat-review,x-test-stat-review,stats_component_html,beta-parent,e,Text Content Removal,NA,no-text-content,-
stat-review,x-test-stat-review,stats_component_html,beta-parent,h,HTML Tag Movement (between two templates),NA,between-templates-na-perfile,-
stat-review,x-test-stat-review,stats_component_html,beta-parent,i,HTML Tag Removal,NA,would-drop-x-test,-
stat-review,x-test-stat-review,stats_component_html,beta-parent,a,Attribute Value Modification,APPLICABLE,,-
stat-review,x-test-stat-review,stats_component_html,beta-parent,b,Attribute Removal,APPLICABLE,,-
stat-review,x-test-stat-review,stats_component_html,beta-parent,c,Attribute Identifier Modification,APPLICABLE,,-
stat-review,x-test-stat-review,stats_component_html,beta-parent,f,HTML Tag Movement (within a container),APPLICABLE,,-
stat-review,x-test-stat-review,stats_component_html,beta-parent,g,HTML Tag Movement (any point of the HTML tree),APPLICABLE,,-
stat-review,x-test-stat-review,stats_component_html,beta-parent,j,HTML Tag Type Modification,APPLICABLE,,-
stat-review,x-test-stat-review,stats_component_html,beta-parent,k,HTML Tag Insertion,APPLICABLE,,-
stat-review,x-test-stat-review,stats_component_html,gamma-ancestor,d,Text Content Modification,NA,no-text-content,-
stat-review,x-test-stat-review,stats_component_html,gamma-ancestor,e,Text Content Removal,NA,no-text-content,-
stat-review,x-test-stat-review,stats_component_html,gamma-ancestor,h,HTML Tag Movement (between two templates),NA,between-templates-na-perfile,-
stat-review,x-test-stat-review,stats_component_html,gamma-ancestor,i,HTML Tag Removal,NA,would-drop-x-test,-
stat-review,x-test-stat-review,stats_component_html,gamma-ancestor,a,Attribute Value Modification,APPLICABLE,,-
stat-review,x-test-stat-review,stats_component_html,gamma-ancestor,b,Attribute Removal,APPLICABLE,,-
stat-review,x-test-stat-review,stats_component_html,gamma-ancestor,c,Attribute Identifier Modification,APPLICABLE,,-
stat-review,x-test-stat-review,stats_component_html,gamma-ancestor,f,HTML Tag Movement (within a container),APPLICABLE,,-
stat-review,x-test-stat-review,stats_component_html,gamma-ancestor,g,HTML Tag Movement (any point of the HTML tree),APPLICABLE,,-
stat-review,x-test-stat-review,stats_component_html,gamma-ancestor,j,HTML Tag Type Modification,APPLICABLE,,-
stat-review,x-test-stat-review,stats_component_html,gamma-ancestor,k,HTML Tag Insertion,APPLICABLE,,-
stat-review,x-test-stat-review,stats_component_html,delta-sibling,h,HTML Tag Movement (between two templates),NA,between-templates-na-perfile,-
stat-review,x-test-stat-review,stats_component_html,delta-sibling,i,HTML Tag Removal,NA,would-drop-x-test,-
stat-review,x-test-stat-review,stats_component_html,delta-sibling,a,Attribute Value Modification,APPLICABLE,,-
stat-review,x-test-stat-review,stats_component_html,delta-sibling,b,Attribute Removal,APPLICABLE,,-
stat-review,x-test-stat-review,stats_component_html,delta-sibling,c,Attribute Identifier Modification,APPLICABLE,,-
stat-review,x-test-stat-review,stats_component_html,delta-sibling,d,Text Content Modification,APPLICABLE,,-
stat-review,x-test-stat-review,stats_component_html,delta-sibling,e,Text Content Removal,APPLICABLE,,-
stat-review,x-test-stat-review,stats_component_html,delta-sibling,f,HTML Tag Movement (within a container),APPLICABLE,,-
stat-review,x-test-stat-review,stats_component_html,delta-sibling,g,HTML Tag Movement (any point of the HTML tree),APPLICABLE,,-
stat-review,x-test-stat-review,stats_component_html,delta-sibling,j,HTML Tag Type Modification,APPLICABLE,,-
stat-review,x-test-stat-review,stats_component_html,delta-sibling,k,HTML Tag Insertion,APPLICABLE,,-
stat-review,x-test-stat-review,stats_component_html,epsilon-component,a,Attribute Value Modification,NA,no-such-role,-
stat-review,x-test-stat-review,stats_component_html,epsilon-component,b,Attribute Removal,NA,no-such-role,-
stat-review,x-test-stat-review,stats_component_html,epsilon-component,c,Attribute Identifier Modification,NA,no-such-role,-
stat-review,x-test-stat-review,stats_component_html,epsilon-component,d,Text Content Modification,NA,no-such-role,-
stat-review,x-test-stat-review,stats_component_html,epsilon-component,e,Text Content Removal,NA,no-such-role,-
stat-review,x-test-stat-review,stats_component_html,epsilon-component,f,HTML Tag Movement (within a container),NA,no-such-role,-
stat-review,x-test-stat-review,stats_component_html,epsilon-component,g,HTML Tag Movement (any point of the HTML tree),NA,no-such-role,-
stat-review,x-test-stat-review,stats_component_html,epsilon-component,h,HTML Tag Movement (between two templates),NA,no-such-role,-
stat-review,x-test-stat-review,stats_component_html,epsilon-component,i,HTML Tag Removal,NA,no-such-role,-
stat-review,x-test-stat-review,stats_component_html,epsilon-component,j,HTML Tag Type Modification,NA,no-such-role,-
stat-review,x-test-stat-review,stats_component_html,epsilon-component,k,HTML Tag Insertion,NA,no-such-role,-
stat-done,x-test-stat-done,stats_component_html,alpha-target,h,HTML Tag Movement (between two templates),NA,between-templates-na-perfile,-
stat-done,x-test-stat-done,stats_component_html,alpha-target,i,HTML Tag Removal,NA,would-drop-x-test,-
stat-done,x-test-stat-done,stats_component_html,alpha-target,a,Attribute Value Modification,APPLICABLE,,-
stat-done,x-test-stat-done,stats_component_html,alpha-target,b,Attribute Removal,APPLICABLE,,-
stat-done,x-test-stat-done,stats_component_html,alpha-target,c,Attribute Identifier Modification,APPLICABLE,,-
stat-done,x-test-stat-done,stats_component_html,alpha-target,d,Text Content Modification,APPLICABLE,,-
stat-done,x-test-stat-done,stats_component_html,alpha-target,e,Text Content Removal,APPLICABLE,,-
stat-done,x-test-stat-done,stats_component_html,alpha-target,f,HTML Tag Movement (within a container),APPLICABLE,,-
stat-done,x-test-stat-done,stats_component_html,alpha-target,g,HTML Tag Movement (any point of the HTML tree),APPLICABLE,,-
stat-done,x-test-stat-done,stats_component_html,alpha-target,j,HTML Tag Type Modification,APPLICABLE,,-
stat-done,x-test-stat-done,stats_component_html,alpha-target,k,HTML Tag Insertion,APPLICABLE,,-
stat-done,x-test-stat-done,stats_component_html,beta-parent,d,Text Content Modification,NA,no-text-content,-
stat-done,x-test-stat-done,stats_component_html,beta-parent,e,Text Content Removal,NA,no-text-content,-
stat-done,x-test-stat-done,stats_component_html,beta-parent,h,HTML Tag Movement (between two templates),NA,between-templates-na-perfile,-
stat-done,x-test-stat-done,stats_component_html,beta-parent,i,HTML Tag Removal,NA,would-drop-x-test,-
stat-done,x-test-stat-done,stats_component_html,beta-parent,a,Attribute Value Modification,APPLICABLE,,-
stat-done,x-test-stat-done,stats_component_html,beta-parent,b,Attribute Removal,APPLICABLE,,-
stat-done,x-test-stat-done,stats_component_html,beta-parent,c,Attribute Identifier Modification,APPLICABLE,,-
stat-done,x-test-stat-done,stats_component_html,beta-parent,f,HTML Tag Movement (within a container),APPLICABLE,,-
stat-done,x-test-stat-done,stats_component_html,beta-parent,g,HTML Tag Movement (any point of the HTML tree),APPLICABLE,,-
stat-done,x-test-stat-done,stats_component_html,beta-parent,j,HTML Tag Type Modification,APPLICABLE,,-
stat-done,x-test-stat-done,stats_component_html,beta-parent,k,HTML Tag Insertion,APPLICABLE,,-
stat-done,x-test-stat-done,stats_component_html,gamma-ancestor,d,Text Content Modification,NA,no-text-content,-
stat-done,x-test-stat-done,stats_component_html,gamma-ancestor,e,Text Content Removal,NA,no-text-content,-
stat-done,x-test-stat-done,stats_component_html,gamma-ancestor,h,HTML Tag Movement (between two templates),NA,between-templates-na-perfile,-
stat-done,x-test-stat-done,stats_component_html,gamma-ancestor,i,HTML Tag Removal,NA,would-drop-x-test,-
stat-done,x-test-stat-done,stats_component_html,gamma-ancestor,a,Attribute Value Modification,APPLICABLE,,-
stat-done,x-test-stat-done,stats_component_html,gamma-ancestor,b,Attribute Removal,APPLICABLE,,-
stat-done,x-test-stat-done,stats_component_html,gamma-ancestor,c,Attribute Identifier Modification,APPLICABLE,,-
stat-done,x-test-stat-done,stats_component_html,gamma-ancestor,f,HTML Tag Movement (within a container),APPLICABLE,,-
stat-done,x-test-stat-done,stats_component_html,gamma-ancestor,g,HTML Tag Movement (any point of the HTML tree),APPLICABLE,,-
stat-done,x-test-stat-done,stats_component_html,gamma-ancestor,j,HTML Tag Type Modification,APPLICABLE,,-
stat-done,x-test-stat-done,stats_component_html,gamma-ancestor,k,HTML Tag Insertion,APPLICABLE,,-
stat-done,x-test-stat-done,stats_component_html,delta-sibling,h,HTML Tag Movement (between two templates),NA,between-templates-na-perfile,-
stat-done,x-test-stat-done,stats_component_html,delta-sibling,i,HTML Tag Removal,NA,would-drop-x-test,-
stat-done,x-test-stat-done,stats_component_html,delta-sibling,a,Attribute Value Modification,APPLICABLE,,-
stat-done,x-test-stat-done,stats_component_html,delta-sibling,b,Attribute Removal,APPLICABLE,,-
stat-done,x-test-stat-done,stats_component_html,delta-sibling,c,Attribute Identifier Modification,APPLICABLE,,-
stat-done,x-test-stat-done,stats_component_html,delta-sibling,d,Text Content Modification,APPLICABLE,,-
stat-done,x-test-stat-done,stats_component_html,delta-sibling,e,Text Content Removal,APPLICABLE,,-
stat-done,x-test-stat-done,stats_component_html,delta-sibling,f,HTML Tag Movement (within a container),APPLICABLE,,-
stat-done,x-test-stat-done,stats_component_html,delta-sibling,g,HTML Tag Movement (any point of the HTML tree),APPLICABLE,,-
stat-done,x-test-stat-done,stats_component_html,delta-sibling,j,HTML Tag Type Modification,APPLICABLE,,-
stat-done,x-test-stat-done,stats_component_html,delta-sibling,k,HTML Tag Insertion,APPLICABLE,,-
stat-done,x-test-stat-done,stats_component_html,epsilon-component,a,Attribute Value Modification,NA,no-such-role,-
stat-done,x-test-stat-done,stats_component_html,epsilon-component,b,Attribute Removal,NA,no-such-role,-
stat-done,x-test-stat-done,stats_component_html,epsilon-component,c,Attribute Identifier Modification,NA,no-such-role,-
stat-done,x-test-stat-done,stats_component_html,epsilon-component,d,Text Content Modification,NA,no-such-role,-
stat-done,x-test-stat-done,stats_component_html,epsilon-component,e,Text Content Removal,NA,no-such-role,-
stat-done,x-test-stat-done,stats_component_html,epsilon-component,f,HTML Tag Movement (within a container),NA,no-such-role,-
stat-done,x-test-stat-done,stats_component_html,epsilon-component,g,HTML Tag Movement (any point of the HTML tree),NA,no-such-role,-
stat-done,x-test-stat-done,stats_component_html,epsilon-component,h,HTML Tag Movement (between two templates),NA,no-such-role,-
stat-done,x-test-stat-done,stats_component_html,epsilon-component,i,HTML Tag Removal,NA,no-such-role,-
stat-done,x-test-stat-done,stats_component_html,epsilon-component,j,HTML Tag Type Modification,NA,no-such-role,-
stat-done,x-test-stat-done,stats_component_html,epsilon-component,k,HTML Tag Insertion,NA,no-such-role,-
stat-high,x-test-stat-high,stats_component_html,alpha-target,h,HTML Tag Movement (between two templates),NA,between-templates-na-perfile,-
stat-high,x-test-stat-high,stats_component_html,alpha-target,i,HTML Tag Removal,NA,would-drop-x-test,-
stat-high,x-test-stat-high,stats_component_html,alpha-target,a,Attribute Value Modification,APPLICABLE,,-
stat-high,x-test-stat-high,stats_component_html,alpha-target,b,Attribute Removal,APPLICABLE,,-
stat-high,x-test-stat-high,stats_component_html,alpha-target,c,Attribute Identifier Modification,APPLICABLE,,-
stat-high,x-test-stat-high,stats_component_html,alpha-target,d,Text Content Modification,APPLICABLE,,-
stat-high,x-test-stat-high,stats_component_html,alpha-target,e,Text Content Removal,APPLICABLE,,-
stat-high,x-test-stat-high,stats_component_html,alpha-target,f,HTML Tag Movement (within a container),APPLICABLE,,-
stat-high,x-test-stat-high,stats_component_html,alpha-target,g,HTML Tag Movement (any point of the HTML tree),APPLICABLE,,-
stat-high,x-test-stat-high,stats_component_html,alpha-target,j,HTML Tag Type Modification,APPLICABLE,,-
stat-high,x-test-stat-high,stats_component_html,alpha-target,k,HTML Tag Insertion,APPLICABLE,,-
stat-high,x-test-stat-high,stats_component_html,beta-parent,d,Text Content Modification,NA,no-text-content,-
stat-high,x-test-stat-high,stats_component_html,beta-parent,e,Text Content Removal,NA,no-text-content,-
stat-high,x-test-stat-high,stats_component_html,beta-parent,h,HTML Tag Movement (between two templates),NA,between-templates-na-perfile,-
stat-high,x-test-stat-high,stats_component_html,beta-parent,i,HTML Tag Removal,NA,would-drop-x-test,-
stat-high,x-test-stat-high,stats_component_html,beta-parent,a,Attribute Value Modification,APPLICABLE,,-
stat-high,x-test-stat-high,stats_component_html,beta-parent,b,Attribute Removal,APPLICABLE,,-
stat-high,x-test-stat-high,stats_component_html,beta-parent,c,Attribute Identifier Modification,APPLICABLE,,-
stat-high,x-test-stat-high,stats_component_html,beta-parent,f,HTML Tag Movement (within a container),APPLICABLE,,-
stat-high,x-test-stat-high,stats_component_html,beta-parent,g,HTML Tag Movement (any point of the HTML tree),APPLICABLE,,-
stat-high,x-test-stat-high,stats_component_html,beta-parent,j,HTML Tag Type Modification,APPLICABLE,,-
stat-high,x-test-stat-high,stats_component_html,beta-parent,k,HTML Tag Insertion,APPLICABLE,,-
stat-high,x-test-stat-high,stats_component_html,gamma-ancestor,d,Text Content Modification,NA,no-text-content,-
stat-high,x-test-stat-high,stats_component_html,gamma-ancestor,e,Text Content Removal,NA,no-text-content,-
stat-high,x-test-stat-high,stats_component_html,gamma-ancestor,h,HTML Tag Movement (between two templates),NA,between-templates-na-perfile,-
stat-high,x-test-stat-high,stats_component_html,gamma-ancestor,i,HTML Tag Removal,NA,would-drop-x-test,-
stat-high,x-test-stat-high,stats_component_html,gamma-ancestor,a,Attribute Value Modification,APPLICABLE,,-
stat-high,x-test-stat-high,stats_component_html,gamma-ancestor,b,Attribute Removal,APPLICABLE,,-
stat-high,x-test-stat-high,stats_component_html,gamma-ancestor,c,Attribute Identifier Modification,APPLICABLE,,-
stat-high,x-test-stat-high,stats_component_html,gamma-ancestor,f,HTML Tag Movement (within a container),APPLICABLE,,-
stat-high,x-test-stat-high,stats_component_html,gamma-ancestor,g,HTML Tag Movement (any point of the HTML tree),APPLICABLE,,-
stat-high,x-test-stat-high,stats_component_html,gamma-ancestor,j,HTML Tag Type Modification,APPLICABLE,,-
stat-high,x-test-stat-high,stats_component_html,gamma-ancestor,k,HTML Tag Insertion,APPLICABLE,,-
stat-high,x-test-stat-high,stats_component_html,delta-sibling,h,HTML Tag Movement (between two templates),NA,between-templates-na-perfile,-
stat-high,x-test-stat-high,stats_component_html,delta-sibling,i,HTML Tag Removal,NA,would-drop-x-test,-
stat-high,x-test-stat-high,stats_component_html,delta-sibling,a,Attribute Value Modification,APPLICABLE,,-
stat-high,x-test-stat-high,stats_component_html,delta-sibling,b,Attribute Removal,APPLICABLE,,-
stat-high,x-test-stat-high,stats_component_html,delta-sibling,c,Attribute Identifier Modification,APPLICABLE,,-
stat-high,x-test-stat-high,stats_component_html,delta-sibling,d,Text Content Modification,APPLICABLE,,-
stat-high,x-test-stat-high,stats_component_html,delta-sibling,e,Text Content Removal,APPLICABLE,,-
stat-high,x-test-stat-high,stats_component_html,delta-sibling,f,HTML Tag Movement (within a container),APPLICABLE,,-
stat-high,x-test-stat-high,stats_component_html,delta-sibling,g,HTML Tag Movement (any point of the HTML tree),APPLICABLE,,-
stat-high,x-test-stat-high,stats_component_html,delta-sibling,j,HTML Tag Type Modification,APPLICABLE,,-
stat-high,x-test-stat-high,stats_component_html,delta-sibling,k,HTML Tag Insertion,APPLICABLE,,-
stat-high,x-test-stat-high,stats_component_html,epsilon-component,a,Attribute Value Modification,NA,no-such-role,-
stat-high,x-test-stat-high,stats_component_html,epsilon-component,b,Attribute Removal,NA,no-such-role,-
stat-high,x-test-stat-high,stats_component_html,epsilon-component,c,Attribute Identifier Modification,NA,no-such-role,-
stat-high,x-test-stat-high,stats_component_html,epsilon-component,d,Text Content Modification,NA,no-such-role,-
stat-high,x-test-stat-high,stats_component_html,epsilon-component,e,Text Content Removal,NA,no-such-role,-
stat-high,x-test-stat-high,stats_component_html,epsilon-component,f,HTML Tag Movement (within a container),NA,no-such-role,-
stat-high,x-test-stat-high,stats_component_html,epsilon-component,g,HTML Tag Movement (any point of the HTML tree),NA,no-such-role,-
stat-high,x-test-stat-high,stats_component_html,epsilon-component,h,HTML Tag Movement (between two templates),NA,no-such-role,-
stat-high,x-test-stat-high,stats_component_html,epsilon-component,i,HTML Tag Removal,NA,no-such-role,-
stat-high,x-test-stat-high,stats_component_html,epsilon-component,j,HTML Tag Type Modification,NA,no-such-role,-
stat-high,x-test-stat-high,stats_component_html,epsilon-component,k,HTML Tag Insertion,NA,no-such-role,-
stat-medium,x-test-stat-medium,stats_component_html,alpha-target,h,HTML Tag Movement (between two templates),NA,between-templates-na-perfile,-
stat-medium,x-test-stat-medium,stats_component_html,alpha-target,i,HTML Tag Removal,NA,would-drop-x-test,-
stat-medium,x-test-stat-medium,stats_component_html,alpha-target,a,Attribute Value Modification,APPLICABLE,,-
stat-medium,x-test-stat-medium,stats_component_html,alpha-target,b,Attribute Removal,APPLICABLE,,-
stat-medium,x-test-stat-medium,stats_component_html,alpha-target,c,Attribute Identifier Modification,APPLICABLE,,-
stat-medium,x-test-stat-medium,stats_component_html,alpha-target,d,Text Content Modification,APPLICABLE,,-
stat-medium,x-test-stat-medium,stats_component_html,alpha-target,e,Text Content Removal,APPLICABLE,,-
stat-medium,x-test-stat-medium,stats_component_html,alpha-target,f,HTML Tag Movement (within a container),APPLICABLE,,-
stat-medium,x-test-stat-medium,stats_component_html,alpha-target,g,HTML Tag Movement (any point of the HTML tree),APPLICABLE,,-
stat-medium,x-test-stat-medium,stats_component_html,alpha-target,j,HTML Tag Type Modification,APPLICABLE,,-
stat-medium,x-test-stat-medium,stats_component_html,alpha-target,k,HTML Tag Insertion,APPLICABLE,,-
stat-medium,x-test-stat-medium,stats_component_html,beta-parent,d,Text Content Modification,NA,no-text-content,-
stat-medium,x-test-stat-medium,stats_component_html,beta-parent,e,Text Content Removal,NA,no-text-content,-
stat-medium,x-test-stat-medium,stats_component_html,beta-parent,h,HTML Tag Movement (between two templates),NA,between-templates-na-perfile,-
stat-medium,x-test-stat-medium,stats_component_html,beta-parent,i,HTML Tag Removal,NA,would-drop-x-test,-
stat-medium,x-test-stat-medium,stats_component_html,beta-parent,a,Attribute Value Modification,APPLICABLE,,-
stat-medium,x-test-stat-medium,stats_component_html,beta-parent,b,Attribute Removal,APPLICABLE,,-
stat-medium,x-test-stat-medium,stats_component_html,beta-parent,c,Attribute Identifier Modification,APPLICABLE,,-
stat-medium,x-test-stat-medium,stats_component_html,beta-parent,f,HTML Tag Movement (within a container),APPLICABLE,,-
stat-medium,x-test-stat-medium,stats_component_html,beta-parent,g,HTML Tag Movement (any point of the HTML tree),APPLICABLE,,-
stat-medium,x-test-stat-medium,stats_component_html,beta-parent,j,HTML Tag Type Modification,APPLICABLE,,-
stat-medium,x-test-stat-medium,stats_component_html,beta-parent,k,HTML Tag Insertion,APPLICABLE,,-
stat-medium,x-test-stat-medium,stats_component_html,gamma-ancestor,d,Text Content Modification,NA,no-text-content,-
stat-medium,x-test-stat-medium,stats_component_html,gamma-ancestor,e,Text Content Removal,NA,no-text-content,-
stat-medium,x-test-stat-medium,stats_component_html,gamma-ancestor,h,HTML Tag Movement (between two templates),NA,between-templates-na-perfile,-
stat-medium,x-test-stat-medium,stats_component_html,gamma-ancestor,i,HTML Tag Removal,NA,would-drop-x-test,-
stat-medium,x-test-stat-medium,stats_component_html,gamma-ancestor,a,Attribute Value Modification,APPLICABLE,,-
stat-medium,x-test-stat-medium,stats_component_html,gamma-ancestor,b,Attribute Removal,APPLICABLE,,-
stat-medium,x-test-stat-medium,stats_component_html,gamma-ancestor,c,Attribute Identifier Modification,APPLICABLE,,-
stat-medium,x-test-stat-medium,stats_component_html,gamma-ancestor,f,HTML Tag Movement (within a container),APPLICABLE,,-
stat-medium,x-test-stat-medium,stats_component_html,gamma-ancestor,g,HTML Tag Movement (any point of the HTML tree),APPLICABLE,,-
stat-medium,x-test-stat-medium,stats_component_html,gamma-ancestor,j,HTML Tag Type Modification,APPLICABLE,,-
stat-medium,x-test-stat-medium,stats_component_html,gamma-ancestor,k,HTML Tag Insertion,APPLICABLE,,-
stat-medium,x-test-stat-medium,stats_component_html,delta-sibling,h,HTML Tag Movement (between two templates),NA,between-templates-na-perfile,-
stat-medium,x-test-stat-medium,stats_component_html,delta-sibling,i,HTML Tag Removal,NA,would-drop-x-test,-
stat-medium,x-test-stat-medium,stats_component_html,delta-sibling,a,Attribute Value Modification,APPLICABLE,,-
stat-medium,x-test-stat-medium,stats_component_html,delta-sibling,b,Attribute Removal,APPLICABLE,,-
stat-medium,x-test-stat-medium,stats_component_html,delta-sibling,c,Attribute Identifier Modification,APPLICABLE,,-
stat-medium,x-test-stat-medium,stats_component_html,delta-sibling,d,Text Content Modification,APPLICABLE,,-
stat-medium,x-test-stat-medium,stats_component_html,delta-sibling,e,Text Content Removal,APPLICABLE,,-
stat-medium,x-test-stat-medium,stats_component_html,delta-sibling,f,HTML Tag Movement (within a container),APPLICABLE,,-
stat-medium,x-test-stat-medium,stats_component_html,delta-sibling,g,HTML Tag Movement (any point of the HTML tree),APPLICABLE,,-
stat-medium,x-test-stat-medium,stats_component_html,delta-sibling,j,HTML Tag Type Modification,APPLICABLE,,-
stat-medium,x-test-stat-medium,stats_component_html,delta-sibling,k,HTML Tag Insertion,APPLICABLE,,-
stat-medium,x-test-stat-medium,stats_component_html,epsilon-component,a,Attribute Value Modification,NA,no-such-role,-
stat-medium,x-test-stat-medium,stats_component_html,epsilon-component,b,Attribute Removal,NA,no-such-role,-
stat-medium,x-test-stat-medium,stats_component_html,epsilon-component,c,Attribute Identifier Modification,NA,no-such-role,-
stat-medium,x-test-stat-medium,stats_component_html,epsilon-component,d,Text Content Modification,NA,no-such-role,-
stat-medium,x-test-stat-medium,stats_component_html,epsilon-component,e,Text Content Removal,NA,no-such-role,-
stat-medium,x-test-stat-medium,stats_component_html,epsilon-component,f,HTML Tag Movement (within a container),NA,no-such-role,-
stat-medium,x-test-stat-medium,stats_component_html,epsilon-component,g,HTML Tag Movement (any point of the HTML tree),NA,no-such-role,-
stat-medium,x-test-stat-medium,stats_component_html,epsilon-component,h,HTML Tag Movement (between two templates),NA,no-such-role,-
stat-medium,x-test-stat-medium,stats_component_html,epsilon-component,i,HTML Tag Removal,NA,no-such-role,-
stat-medium,x-test-stat-medium,stats_component_html,epsilon-component,j,HTML Tag Type Modification,NA,no-such-role,-
stat-medium,x-test-stat-medium,stats_component_html,epsilon-component,k,HTML Tag Insertion,NA,no-such-role,-
stat-low,x-test-stat-low,stats_component_html,alpha-target,h,HTML Tag Movement (between two templates),NA,between-templates-na-perfile,-
stat-low,x-test-stat-low,stats_component_html,alpha-target,i,HTML Tag Removal,NA,would-drop-x-test,-
stat-low,x-test-stat-low,stats_component_html,alpha-target,a,Attribute Value Modification,APPLICABLE,,-
stat-low,x-test-stat-low,stats_component_html,alpha-target,b,Attribute Removal,APPLICABLE,,-
stat-low,x-test-stat-low,stats_component_html,alpha-target,c,Attribute Identifier Modification,APPLICABLE,,-
stat-low,x-test-stat-low,stats_component_html,alpha-target,d,Text Content Modification,APPLICABLE,,-
stat-low,x-test-stat-low,stats_component_html,alpha-target,e,Text Content Removal,APPLICABLE,,-
stat-low,x-test-stat-low,stats_component_html,alpha-target,f,HTML Tag Movement (within a container),APPLICABLE,,-
stat-low,x-test-stat-low,stats_component_html,alpha-target,g,HTML Tag Movement (any point of the HTML tree),APPLICABLE,,-
stat-low,x-test-stat-low,stats_component_html,alpha-target,j,HTML Tag Type Modification,APPLICABLE,,-
stat-low,x-test-stat-low,stats_component_html,alpha-target,k,HTML Tag Insertion,APPLICABLE,,-
stat-low,x-test-stat-low,stats_component_html,beta-parent,d,Text Content Modification,NA,no-text-content,-
stat-low,x-test-stat-low,stats_component_html,beta-parent,e,Text Content Removal,NA,no-text-content,-
stat-low,x-test-stat-low,stats_component_html,beta-parent,h,HTML Tag Movement (between two templates),NA,between-templates-na-perfile,-
stat-low,x-test-stat-low,stats_component_html,beta-parent,i,HTML Tag Removal,NA,would-drop-x-test,-
stat-low,x-test-stat-low,stats_component_html,beta-parent,a,Attribute Value Modification,APPLICABLE,,-
stat-low,x-test-stat-low,stats_component_html,beta-parent,b,Attribute Removal,APPLICABLE,,-
stat-low,x-test-stat-low,stats_component_html,beta-parent,c,Attribute Identifier Modification,APPLICABLE,,-
stat-low,x-test-stat-low,stats_component_html,beta-parent,f,HTML Tag Movement (within a container),APPLICABLE,,-
stat-low,x-test-stat-low,stats_component_html,beta-parent,g,HTML Tag Movement (any point of the HTML tree),APPLICABLE,,-
stat-low,x-test-stat-low,stats_component_html,beta-parent,j,HTML Tag Type Modification,APPLICABLE,,-
stat-low,x-test-stat-low,stats_component_html,beta-parent,k,HTML Tag Insertion,APPLICABLE,,-
stat-low,x-test-stat-low,stats_component_html,gamma-ancestor,d,Text Content Modification,NA,no-text-content,-
stat-low,x-test-stat-low,stats_component_html,gamma-ancestor,e,Text Content Removal,NA,no-text-content,-
stat-low,x-test-stat-low,stats_component_html,gamma-ancestor,h,HTML Tag Movement (between two templates),NA,between-templates-na-perfile,-
stat-low,x-test-stat-low,stats_component_html,gamma-ancestor,i,HTML Tag Removal,NA,would-drop-x-test,-
stat-low,x-test-stat-low,stats_component_html,gamma-ancestor,a,Attribute Value Modification,APPLICABLE,,-
stat-low,x-test-stat-low,stats_component_html,gamma-ancestor,b,Attribute Removal,APPLICABLE,,-
stat-low,x-test-stat-low,stats_component_html,gamma-ancestor,c,Attribute Identifier Modification,APPLICABLE,,-
stat-low,x-test-stat-low,stats_component_html,gamma-ancestor,f,HTML Tag Movement (within a container),APPLICABLE,,-
stat-low,x-test-stat-low,stats_component_html,gamma-ancestor,g,HTML Tag Movement (any point of the HTML tree),APPLICABLE,,-
stat-low,x-test-stat-low,stats_component_html,gamma-ancestor,j,HTML Tag Type Modification,APPLICABLE,,-
stat-low,x-test-stat-low,stats_component_html,gamma-ancestor,k,HTML Tag Insertion,APPLICABLE,,-
stat-low,x-test-stat-low,stats_component_html,delta-sibling,h,HTML Tag Movement (between two templates),NA,between-templates-na-perfile,-
stat-low,x-test-stat-low,stats_component_html,delta-sibling,i,HTML Tag Removal,NA,would-drop-x-test,-
stat-low,x-test-stat-low,stats_component_html,delta-sibling,a,Attribute Value Modification,APPLICABLE,,-
stat-low,x-test-stat-low,stats_component_html,delta-sibling,b,Attribute Removal,APPLICABLE,,-
stat-low,x-test-stat-low,stats_component_html,delta-sibling,c,Attribute Identifier Modification,APPLICABLE,,-
stat-low,x-test-stat-low,stats_component_html,delta-sibling,d,Text Content Modification,APPLICABLE,,-
stat-low,x-test-stat-low,stats_component_html,delta-sibling,e,Text Content Removal,APPLICABLE,,-
stat-low,x-test-stat-low,stats_component_html,delta-sibling,f,HTML Tag Movement (within a container),APPLICABLE,,-
stat-low,x-test-stat-low,stats_component_html,delta-sibling,g,HTML Tag Movement (any point of the HTML tree),APPLICABLE,,-
stat-low,x-test-stat-low,stats_component_html,delta-sibling,j,HTML Tag Type Modification,APPLICABLE,,-
stat-low,x-test-stat-low,stats_component_html,delta-sibling,k,HTML Tag Insertion,APPLICABLE,,-
stat-low,x-test-stat-low,stats_component_html,epsilon-component,a,Attribute Value Modification,NA,no-such-role,-
stat-low,x-test-stat-low,stats_component_html,epsilon-component,b,Attribute Removal,NA,no-such-role,-
stat-low,x-test-stat-low,stats_component_html,epsilon-component,c,Attribute Identifier Modification,NA,no-such-role,-
stat-low,x-test-stat-low,stats_component_html,epsilon-component,d,Text Content Modification,NA,no-such-role,-
stat-low,x-test-stat-low,stats_component_html,epsilon-component,e,Text Content Removal,NA,no-such-role,-
stat-low,x-test-stat-low,stats_component_html,epsilon-component,f,HTML Tag Movement (within a container),NA,no-such-role,-
stat-low,x-test-stat-low,stats_component_html,epsilon-component,g,HTML Tag Movement (any point of the HTML tree),NA,no-such-role,-
stat-low,x-test-stat-low,stats_component_html,epsilon-component,h,HTML Tag Movement (between two templates),NA,no-such-role,-
stat-low,x-test-stat-low,stats_component_html,epsilon-component,i,HTML Tag Removal,NA,no-such-role,-
stat-low,x-test-stat-low,stats_component_html,epsilon-component,j,HTML Tag Type Modification,NA,no-such-role,-
stat-low,x-test-stat-low,stats_component_html,epsilon-component,k,HTML Tag Insertion,NA,no-such-role,-
stats-title,x-test-stats-title,stats_component_html,alpha-target,h,HTML Tag Movement (between two templates),NA,between-templates-na-perfile,-
stats-title,x-test-stats-title,stats_component_html,alpha-target,i,HTML Tag Removal,NA,would-drop-x-test,-
stats-title,x-test-stats-title,stats_component_html,alpha-target,a,Attribute Value Modification,APPLICABLE,,-
stats-title,x-test-stats-title,stats_component_html,alpha-target,b,Attribute Removal,APPLICABLE,,-
stats-title,x-test-stats-title,stats_component_html,alpha-target,c,Attribute Identifier Modification,APPLICABLE,,-
stats-title,x-test-stats-title,stats_component_html,alpha-target,d,Text Content Modification,APPLICABLE,,-
stats-title,x-test-stats-title,stats_component_html,alpha-target,e,Text Content Removal,APPLICABLE,,-
stats-title,x-test-stats-title,stats_component_html,alpha-target,f,HTML Tag Movement (within a container),APPLICABLE,,-
stats-title,x-test-stats-title,stats_component_html,alpha-target,g,HTML Tag Movement (any point of the HTML tree),APPLICABLE,,-
stats-title,x-test-stats-title,stats_component_html,alpha-target,j,HTML Tag Type Modification,APPLICABLE,,-
stats-title,x-test-stats-title,stats_component_html,alpha-target,k,HTML Tag Insertion,APPLICABLE,,-
stats-title,x-test-stats-title,stats_component_html,beta-parent,d,Text Content Modification,NA,no-text-content,-
stats-title,x-test-stats-title,stats_component_html,beta-parent,e,Text Content Removal,NA,no-text-content,-
stats-title,x-test-stats-title,stats_component_html,beta-parent,h,HTML Tag Movement (between two templates),NA,between-templates-na-perfile,-
stats-title,x-test-stats-title,stats_component_html,beta-parent,i,HTML Tag Removal,NA,would-drop-x-test,-
stats-title,x-test-stats-title,stats_component_html,beta-parent,a,Attribute Value Modification,APPLICABLE,,-
stats-title,x-test-stats-title,stats_component_html,beta-parent,b,Attribute Removal,APPLICABLE,,-
stats-title,x-test-stats-title,stats_component_html,beta-parent,c,Attribute Identifier Modification,APPLICABLE,,-
stats-title,x-test-stats-title,stats_component_html,beta-parent,f,HTML Tag Movement (within a container),APPLICABLE,,-
stats-title,x-test-stats-title,stats_component_html,beta-parent,g,HTML Tag Movement (any point of the HTML tree),APPLICABLE,,-
stats-title,x-test-stats-title,stats_component_html,beta-parent,j,HTML Tag Type Modification,APPLICABLE,,-
stats-title,x-test-stats-title,stats_component_html,beta-parent,k,HTML Tag Insertion,APPLICABLE,,-
stats-title,x-test-stats-title,stats_component_html,gamma-ancestor,d,Text Content Modification,NA,no-text-content,-
stats-title,x-test-stats-title,stats_component_html,gamma-ancestor,e,Text Content Removal,NA,no-text-content,-
stats-title,x-test-stats-title,stats_component_html,gamma-ancestor,f,HTML Tag Movement (within a container),NA,no-sibling-to-reorder,-
stats-title,x-test-stats-title,stats_component_html,gamma-ancestor,g,HTML Tag Movement (any point of the HTML tree),NA,root-element,-
stats-title,x-test-stats-title,stats_component_html,gamma-ancestor,h,HTML Tag Movement (between two templates),NA,between-templates-na-perfile,-
stats-title,x-test-stats-title,stats_component_html,gamma-ancestor,i,HTML Tag Removal,NA,root-element,-
stats-title,x-test-stats-title,stats_component_html,gamma-ancestor,a,Attribute Value Modification,APPLICABLE,,-
stats-title,x-test-stats-title,stats_component_html,gamma-ancestor,b,Attribute Removal,APPLICABLE,,-
stats-title,x-test-stats-title,stats_component_html,gamma-ancestor,c,Attribute Identifier Modification,APPLICABLE,,-
stats-title,x-test-stats-title,stats_component_html,gamma-ancestor,j,HTML Tag Type Modification,APPLICABLE,,-
stats-title,x-test-stats-title,stats_component_html,gamma-ancestor,k,HTML Tag Insertion,APPLICABLE,,-
stats-title,x-test-stats-title,stats_component_html,delta-sibling,h,HTML Tag Movement (between two templates),NA,between-templates-na-perfile,-
stats-title,x-test-stats-title,stats_component_html,delta-sibling,i,HTML Tag Removal,NA,would-drop-x-test,-
stats-title,x-test-stats-title,stats_component_html,delta-sibling,a,Attribute Value Modification,APPLICABLE,,-
stats-title,x-test-stats-title,stats_component_html,delta-sibling,b,Attribute Removal,APPLICABLE,,-
stats-title,x-test-stats-title,stats_component_html,delta-sibling,c,Attribute Identifier Modification,APPLICABLE,,-
stats-title,x-test-stats-title,stats_component_html,delta-sibling,d,Text Content Modification,APPLICABLE,,-
stats-title,x-test-stats-title,stats_component_html,delta-sibling,e,Text Content Removal,APPLICABLE,,-
stats-title,x-test-stats-title,stats_component_html,delta-sibling,f,HTML Tag Movement (within a container),APPLICABLE,,-
stats-title,x-test-stats-title,stats_component_html,delta-sibling,g,HTML Tag Movement (any point of the HTML tree),APPLICABLE,,-
stats-title,x-test-stats-title,stats_component_html,delta-sibling,j,HTML Tag Type Modification,APPLICABLE,,-
stats-title,x-test-stats-title,stats_component_html,delta-sibling,k,HTML Tag Insertion,APPLICABLE,,-
stats-title,x-test-stats-title,stats_component_html,epsilon-component,a,Attribute Value Modification,NA,no-such-role,-
stats-title,x-test-stats-title,stats_component_html,epsilon-component,b,Attribute Removal,NA,no-such-role,-
stats-title,x-test-stats-title,stats_component_html,epsilon-component,c,Attribute Identifier Modification,NA,no-such-role,-
stats-title,x-test-stats-title,stats_component_html,epsilon-component,d,Text Content Modification,NA,no-such-role,-
stats-title,x-test-stats-title,stats_component_html,epsilon-component,e,Text Content Removal,NA,no-such-role,-
stats-title,x-test-stats-title,stats_component_html,epsilon-component,f,HTML Tag Movement (within a container),NA,no-such-role,-
stats-title,x-test-stats-title,stats_component_html,epsilon-component,g,HTML Tag Movement (any point of the HTML tree),NA,no-such-role,-
stats-title,x-test-stats-title,stats_component_html,epsilon-component,h,HTML Tag Movement (between two templates),NA,no-such-role,-
stats-title,x-test-stats-title,stats_component_html,epsilon-component,i,HTML Tag Removal,NA,no-such-role,-
stats-title,x-test-stats-title,stats_component_html,epsilon-component,j,HTML Tag Type Modification,NA,no-such-role,-
stats-title,x-test-stats-title,stats_component_html,epsilon-component,k,HTML Tag Insertion,NA,no-such-role,-
stats-table,x-test-stats-table,stats_component_html,alpha-target,d,Text Content Modification,NA,no-text-content,-
stats-table,x-test-stats-table,stats_component_html,alpha-target,e,Text Content Removal,NA,no-text-content,-
stats-table,x-test-stats-table,stats_component_html,alpha-target,h,HTML Tag Movement (between two templates),NA,between-templates-na-perfile,-
stats-table,x-test-stats-table,stats_component_html,alpha-target,i,HTML Tag Removal,NA,would-drop-x-test,-
stats-table,x-test-stats-table,stats_component_html,alpha-target,a,Attribute Value Modification,APPLICABLE,,-
stats-table,x-test-stats-table,stats_component_html,alpha-target,b,Attribute Removal,APPLICABLE,,-
stats-table,x-test-stats-table,stats_component_html,alpha-target,c,Attribute Identifier Modification,APPLICABLE,,-
stats-table,x-test-stats-table,stats_component_html,alpha-target,f,HTML Tag Movement (within a container),APPLICABLE,,-
stats-table,x-test-stats-table,stats_component_html,alpha-target,g,HTML Tag Movement (any point of the HTML tree),APPLICABLE,,-
stats-table,x-test-stats-table,stats_component_html,alpha-target,j,HTML Tag Type Modification,APPLICABLE,,-
stats-table,x-test-stats-table,stats_component_html,alpha-target,k,HTML Tag Insertion,APPLICABLE,,-
stats-table,x-test-stats-table,stats_component_html,beta-parent,d,Text Content Modification,NA,no-text-content,-
stats-table,x-test-stats-table,stats_component_html,beta-parent,e,Text Content Removal,NA,no-text-content,-
stats-table,x-test-stats-table,stats_component_html,beta-parent,h,HTML Tag Movement (between two templates),NA,between-templates-na-perfile,-
stats-table,x-test-stats-table,stats_component_html,beta-parent,i,HTML Tag Removal,NA,would-drop-x-test,-
stats-table,x-test-stats-table,stats_component_html,beta-parent,a,Attribute Value Modification,APPLICABLE,,-
stats-table,x-test-stats-table,stats_component_html,beta-parent,b,Attribute Removal,APPLICABLE,,-
stats-table,x-test-stats-table,stats_component_html,beta-parent,c,Attribute Identifier Modification,APPLICABLE,,-
stats-table,x-test-stats-table,stats_component_html,beta-parent,f,HTML Tag Movement (within a container),APPLICABLE,,-
stats-table,x-test-stats-table,stats_component_html,beta-parent,g,HTML Tag Movement (any point of the HTML tree),APPLICABLE,,-
stats-table,x-test-stats-table,stats_component_html,beta-parent,j,HTML Tag Type Modification,APPLICABLE,,-
stats-table,x-test-stats-table,stats_component_html,beta-parent,k,HTML Tag Insertion,APPLICABLE,,-
stats-table,x-test-stats-table,stats_component_html,gamma-ancestor,d,Text Content Modification,NA,no-text-content,-
stats-table,x-test-stats-table,stats_component_html,gamma-ancestor,e,Text Content Removal,NA,no-text-content,-
stats-table,x-test-stats-table,stats_component_html,gamma-ancestor,f,HTML Tag Movement (within a container),NA,no-sibling-to-reorder,-
stats-table,x-test-stats-table,stats_component_html,gamma-ancestor,g,HTML Tag Movement (any point of the HTML tree),NA,root-element,-
stats-table,x-test-stats-table,stats_component_html,gamma-ancestor,h,HTML Tag Movement (between two templates),NA,between-templates-na-perfile,-
stats-table,x-test-stats-table,stats_component_html,gamma-ancestor,i,HTML Tag Removal,NA,root-element,-
stats-table,x-test-stats-table,stats_component_html,gamma-ancestor,a,Attribute Value Modification,APPLICABLE,,-
stats-table,x-test-stats-table,stats_component_html,gamma-ancestor,b,Attribute Removal,APPLICABLE,,-
stats-table,x-test-stats-table,stats_component_html,gamma-ancestor,c,Attribute Identifier Modification,APPLICABLE,,-
stats-table,x-test-stats-table,stats_component_html,gamma-ancestor,j,HTML Tag Type Modification,APPLICABLE,,-
stats-table,x-test-stats-table,stats_component_html,gamma-ancestor,k,HTML Tag Insertion,APPLICABLE,,-
stats-table,x-test-stats-table,stats_component_html,delta-sibling,h,HTML Tag Movement (between two templates),NA,between-templates-na-perfile,-
stats-table,x-test-stats-table,stats_component_html,delta-sibling,i,HTML Tag Removal,NA,would-drop-x-test,-
stats-table,x-test-stats-table,stats_component_html,delta-sibling,a,Attribute Value Modification,APPLICABLE,,-
stats-table,x-test-stats-table,stats_component_html,delta-sibling,b,Attribute Removal,APPLICABLE,,-
stats-table,x-test-stats-table,stats_component_html,delta-sibling,c,Attribute Identifier Modification,APPLICABLE,,-
stats-table,x-test-stats-table,stats_component_html,delta-sibling,d,Text Content Modification,APPLICABLE,,-
stats-table,x-test-stats-table,stats_component_html,delta-sibling,e,Text Content Removal,APPLICABLE,,-
stats-table,x-test-stats-table,stats_component_html,delta-sibling,f,HTML Tag Movement (within a container),APPLICABLE,,-
stats-table,x-test-stats-table,stats_component_html,delta-sibling,g,HTML Tag Movement (any point of the HTML tree),APPLICABLE,,-
stats-table,x-test-stats-table,stats_component_html,delta-sibling,j,HTML Tag Type Modification,APPLICABLE,,-
stats-table,x-test-stats-table,stats_component_html,delta-sibling,k,HTML Tag Insertion,APPLICABLE,,-
stats-table,x-test-stats-table,stats_component_html,epsilon-component,a,Attribute Value Modification,NA,no-such-role,-
stats-table,x-test-stats-table,stats_component_html,epsilon-component,b,Attribute Removal,NA,no-such-role,-
stats-table,x-test-stats-table,stats_component_html,epsilon-component,c,Attribute Identifier Modification,NA,no-such-role,-
stats-table,x-test-stats-table,stats_component_html,epsilon-component,d,Text Content Modification,NA,no-such-role,-
stats-table,x-test-stats-table,stats_component_html,epsilon-component,e,Text Content Removal,NA,no-such-role,-
stats-table,x-test-stats-table,stats_component_html,epsilon-component,f,HTML Tag Movement (within a container),NA,no-such-role,-
stats-table,x-test-stats-table,stats_component_html,epsilon-component,g,HTML Tag Movement (any point of the HTML tree),NA,no-such-role,-
stats-table,x-test-stats-table,stats_component_html,epsilon-component,h,HTML Tag Movement (between two templates),NA,no-such-role,-
stats-table,x-test-stats-table,stats_component_html,epsilon-component,i,HTML Tag Removal,NA,no-such-role,-
stats-table,x-test-stats-table,stats_component_html,epsilon-component,j,HTML Tag Type Modification,NA,no-such-role,-
stats-table,x-test-stats-table,stats_component_html,epsilon-component,k,HTML Tag Insertion,NA,no-such-role,-
stats-th-title,x-test-stats-th-title,stats_component_html,alpha-target,h,HTML Tag Movement (between two templates),NA,between-templates-na-perfile,-
stats-th-title,x-test-stats-th-title,stats_component_html,alpha-target,i,HTML Tag Removal,NA,would-drop-x-test,-
stats-th-title,x-test-stats-th-title,stats_component_html,alpha-target,a,Attribute Value Modification,APPLICABLE,,-
stats-th-title,x-test-stats-th-title,stats_component_html,alpha-target,b,Attribute Removal,APPLICABLE,,-
stats-th-title,x-test-stats-th-title,stats_component_html,alpha-target,c,Attribute Identifier Modification,APPLICABLE,,-
stats-th-title,x-test-stats-th-title,stats_component_html,alpha-target,d,Text Content Modification,APPLICABLE,,-
stats-th-title,x-test-stats-th-title,stats_component_html,alpha-target,e,Text Content Removal,APPLICABLE,,-
stats-th-title,x-test-stats-th-title,stats_component_html,alpha-target,f,HTML Tag Movement (within a container),APPLICABLE,,-
stats-th-title,x-test-stats-th-title,stats_component_html,alpha-target,g,HTML Tag Movement (any point of the HTML tree),APPLICABLE,,-
stats-th-title,x-test-stats-th-title,stats_component_html,alpha-target,j,HTML Tag Type Modification,APPLICABLE,,-
stats-th-title,x-test-stats-th-title,stats_component_html,alpha-target,k,HTML Tag Insertion,APPLICABLE,,-
stats-th-title,x-test-stats-th-title,stats_component_html,beta-parent,a,Attribute Value Modification,NA,no-editable-attribute,-
stats-th-title,x-test-stats-th-title,stats_component_html,beta-parent,b,Attribute Removal,NA,no-editable-attribute,-
stats-th-title,x-test-stats-th-title,stats_component_html,beta-parent,c,Attribute Identifier Modification,NA,no-editable-attribute,-
stats-th-title,x-test-stats-th-title,stats_component_html,beta-parent,d,Text Content Modification,NA,no-text-content,-
stats-th-title,x-test-stats-th-title,stats_component_html,beta-parent,e,Text Content Removal,NA,no-text-content,-
stats-th-title,x-test-stats-th-title,stats_component_html,beta-parent,f,HTML Tag Movement (within a container),NA,no-sibling-to-reorder,-
stats-th-title,x-test-stats-th-title,stats_component_html,beta-parent,h,HTML Tag Movement (between two templates),NA,between-templates-na-perfile,-
stats-th-title,x-test-stats-th-title,stats_component_html,beta-parent,g,HTML Tag Movement (any point of the HTML tree),APPLICABLE,,-
stats-th-title,x-test-stats-th-title,stats_component_html,beta-parent,i,HTML Tag Removal,APPLICABLE,,-
stats-th-title,x-test-stats-th-title,stats_component_html,beta-parent,j,HTML Tag Type Modification,APPLICABLE,,-
stats-th-title,x-test-stats-th-title,stats_component_html,beta-parent,k,HTML Tag Insertion,APPLICABLE,,-
stats-th-title,x-test-stats-th-title,stats_component_html,gamma-ancestor,a,Attribute Value Modification,NA,no-editable-attribute,-
stats-th-title,x-test-stats-th-title,stats_component_html,gamma-ancestor,b,Attribute Removal,NA,no-editable-attribute,-
stats-th-title,x-test-stats-th-title,stats_component_html,gamma-ancestor,c,Attribute Identifier Modification,NA,no-editable-attribute,-
stats-th-title,x-test-stats-th-title,stats_component_html,gamma-ancestor,d,Text Content Modification,NA,no-text-content,-
stats-th-title,x-test-stats-th-title,stats_component_html,gamma-ancestor,e,Text Content Removal,NA,no-text-content,-
stats-th-title,x-test-stats-th-title,stats_component_html,gamma-ancestor,h,HTML Tag Movement (between two templates),NA,between-templates-na-perfile,-
stats-th-title,x-test-stats-th-title,stats_component_html,gamma-ancestor,f,HTML Tag Movement (within a container),APPLICABLE,,-
stats-th-title,x-test-stats-th-title,stats_component_html,gamma-ancestor,g,HTML Tag Movement (any point of the HTML tree),APPLICABLE,,-
stats-th-title,x-test-stats-th-title,stats_component_html,gamma-ancestor,i,HTML Tag Removal,APPLICABLE,,-
stats-th-title,x-test-stats-th-title,stats_component_html,gamma-ancestor,j,HTML Tag Type Modification,APPLICABLE,,-
stats-th-title,x-test-stats-th-title,stats_component_html,gamma-ancestor,k,HTML Tag Insertion,APPLICABLE,,-
stats-th-title,x-test-stats-th-title,stats_component_html,delta-sibling,h,HTML Tag Movement (between two templates),NA,between-templates-na-perfile,-
stats-th-title,x-test-stats-th-title,stats_component_html,delta-sibling,i,HTML Tag Removal,NA,would-drop-x-test,-
stats-th-title,x-test-stats-th-title,stats_component_html,delta-sibling,a,Attribute Value Modification,APPLICABLE,,-
stats-th-title,x-test-stats-th-title,stats_component_html,delta-sibling,b,Attribute Removal,APPLICABLE,,-
stats-th-title,x-test-stats-th-title,stats_component_html,delta-sibling,c,Attribute Identifier Modification,APPLICABLE,,-
stats-th-title,x-test-stats-th-title,stats_component_html,delta-sibling,d,Text Content Modification,APPLICABLE,,-
stats-th-title,x-test-stats-th-title,stats_component_html,delta-sibling,e,Text Content Removal,APPLICABLE,,-
stats-th-title,x-test-stats-th-title,stats_component_html,delta-sibling,f,HTML Tag Movement (within a container),APPLICABLE,,-
stats-th-title,x-test-stats-th-title,stats_component_html,delta-sibling,g,HTML Tag Movement (any point of the HTML tree),APPLICABLE,,-
stats-th-title,x-test-stats-th-title,stats_component_html,delta-sibling,j,HTML Tag Type Modification,APPLICABLE,,-
stats-th-title,x-test-stats-th-title,stats_component_html,delta-sibling,k,HTML Tag Insertion,APPLICABLE,,-
stats-th-title,x-test-stats-th-title,stats_component_html,epsilon-component,a,Attribute Value Modification,NA,no-such-role,-
stats-th-title,x-test-stats-th-title,stats_component_html,epsilon-component,b,Attribute Removal,NA,no-such-role,-
stats-th-title,x-test-stats-th-title,stats_component_html,epsilon-component,c,Attribute Identifier Modification,NA,no-such-role,-
stats-th-title,x-test-stats-th-title,stats_component_html,epsilon-component,d,Text Content Modification,NA,no-such-role,-
stats-th-title,x-test-stats-th-title,stats_component_html,epsilon-component,e,Text Content Removal,NA,no-such-role,-
stats-th-title,x-test-stats-th-title,stats_component_html,epsilon-component,f,HTML Tag Movement (within a container),NA,no-such-role,-
stats-th-title,x-test-stats-th-title,stats_component_html,epsilon-component,g,HTML Tag Movement (any point of the HTML tree),NA,no-such-role,-
stats-th-title,x-test-stats-th-title,stats_component_html,epsilon-component,h,HTML Tag Movement (between two templates),NA,no-such-role,-
stats-th-title,x-test-stats-th-title,stats_component_html,epsilon-component,i,HTML Tag Removal,NA,no-such-role,-
stats-th-title,x-test-stats-th-title,stats_component_html,epsilon-component,j,HTML Tag Type Modification,NA,no-such-role,-
stats-th-title,x-test-stats-th-title,stats_component_html,epsilon-component,k,HTML Tag Insertion,NA,no-such-role,-
stat-row,[attr.x-test-stat-row],stats_component_html,alpha-target,d,Text Content Modification,NA,no-text-content,-
stat-row,[attr.x-test-stat-row],stats_component_html,alpha-target,e,Text Content Removal,NA,no-text-content,-
stat-row,[attr.x-test-stat-row],stats_component_html,alpha-target,h,HTML Tag Movement (between two templates),NA,between-templates-na-perfile,-
stat-row,[attr.x-test-stat-row],stats_component_html,alpha-target,a,Attribute Value Modification,APPLICABLE,,-
stat-row,[attr.x-test-stat-row],stats_component_html,alpha-target,b,Attribute Removal,APPLICABLE,,-
stat-row,[attr.x-test-stat-row],stats_component_html,alpha-target,c,Attribute Identifier Modification,APPLICABLE,,-
stat-row,[attr.x-test-stat-row],stats_component_html,alpha-target,f,HTML Tag Movement (within a container),APPLICABLE,,-
stat-row,[attr.x-test-stat-row],stats_component_html,alpha-target,g,HTML Tag Movement (any point of the HTML tree),APPLICABLE,,-
stat-row,[attr.x-test-stat-row],stats_component_html,alpha-target,i,HTML Tag Removal,APPLICABLE,,-
stat-row,[attr.x-test-stat-row],stats_component_html,alpha-target,j,HTML Tag Type Modification,APPLICABLE,,-
stat-row,[attr.x-test-stat-row],stats_component_html,alpha-target,k,HTML Tag Insertion,APPLICABLE,,-
stat-row,[attr.x-test-stat-row],stats_component_html,beta-parent,a,Attribute Value Modification,NA,no-editable-attribute,-
stat-row,[attr.x-test-stat-row],stats_component_html,beta-parent,b,Attribute Removal,NA,no-editable-attribute,-
stat-row,[attr.x-test-stat-row],stats_component_html,beta-parent,c,Attribute Identifier Modification,NA,no-editable-attribute,-
stat-row,[attr.x-test-stat-row],stats_component_html,beta-parent,h,HTML Tag Movement (between two templates),NA,between-templates-na-perfile,-
stat-row,[attr.x-test-stat-row],stats_component_html,beta-parent,d,Text Content Modification,APPLICABLE,,-
stat-row,[attr.x-test-stat-row],stats_component_html,beta-parent,e,Text Content Removal,APPLICABLE,,-
stat-row,[attr.x-test-stat-row],stats_component_html,beta-parent,f,HTML Tag Movement (within a container),APPLICABLE,,-
stat-row,[attr.x-test-stat-row],stats_component_html,beta-parent,g,HTML Tag Movement (any point of the HTML tree),APPLICABLE,,-
stat-row,[attr.x-test-stat-row],stats_component_html,beta-parent,i,HTML Tag Removal,APPLICABLE,,-
stat-row,[attr.x-test-stat-row],stats_component_html,beta-parent,j,HTML Tag Type Modification,APPLICABLE,,-
stat-row,[attr.x-test-stat-row],stats_component_html,beta-parent,k,HTML Tag Insertion,APPLICABLE,,-
stat-row,[attr.x-test-stat-row],stats_component_html,gamma-ancestor,d,Text Content Modification,NA,no-text-content,-
stat-row,[attr.x-test-stat-row],stats_component_html,gamma-ancestor,e,Text Content Removal,NA,no-text-content,-
stat-row,[attr.x-test-stat-row],stats_component_html,gamma-ancestor,h,HTML Tag Movement (between two templates),NA,between-templates-na-perfile,-
stat-row,[attr.x-test-stat-row],stats_component_html,gamma-ancestor,i,HTML Tag Removal,NA,would-drop-x-test,-
stat-row,[attr.x-test-stat-row],stats_component_html,gamma-ancestor,a,Attribute Value Modification,APPLICABLE,,-
stat-row,[attr.x-test-stat-row],stats_component_html,gamma-ancestor,b,Attribute Removal,APPLICABLE,,-
stat-row,[attr.x-test-stat-row],stats_component_html,gamma-ancestor,c,Attribute Identifier Modification,APPLICABLE,,-
stat-row,[attr.x-test-stat-row],stats_component_html,gamma-ancestor,f,HTML Tag Movement (within a container),APPLICABLE,,-
stat-row,[attr.x-test-stat-row],stats_component_html,gamma-ancestor,g,HTML Tag Movement (any point of the HTML tree),APPLICABLE,,-
stat-row,[attr.x-test-stat-row],stats_component_html,gamma-ancestor,j,HTML Tag Type Modification,APPLICABLE,,-
stat-row,[attr.x-test-stat-row],stats_component_html,gamma-ancestor,k,HTML Tag Insertion,APPLICABLE,,-
stat-row,[attr.x-test-stat-row],stats_component_html,delta-sibling,d,Text Content Modification,NA,no-text-content,-
stat-row,[attr.x-test-stat-row],stats_component_html,delta-sibling,e,Text Content Removal,NA,no-text-content,-
stat-row,[attr.x-test-stat-row],stats_component_html,delta-sibling,h,HTML Tag Movement (between two templates),NA,between-templates-na-perfile,-
stat-row,[attr.x-test-stat-row],stats_component_html,delta-sibling,a,Attribute Value Modification,APPLICABLE,,-
stat-row,[attr.x-test-stat-row],stats_component_html,delta-sibling,b,Attribute Removal,APPLICABLE,,-
stat-row,[attr.x-test-stat-row],stats_component_html,delta-sibling,c,Attribute Identifier Modification,APPLICABLE,,-
stat-row,[attr.x-test-stat-row],stats_component_html,delta-sibling,f,HTML Tag Movement (within a container),APPLICABLE,,-
stat-row,[attr.x-test-stat-row],stats_component_html,delta-sibling,g,HTML Tag Movement (any point of the HTML tree),APPLICABLE,,-
stat-row,[attr.x-test-stat-row],stats_component_html,delta-sibling,i,HTML Tag Removal,APPLICABLE,,-
stat-row,[attr.x-test-stat-row],stats_component_html,delta-sibling,j,HTML Tag Type Modification,APPLICABLE,,-
stat-row,[attr.x-test-stat-row],stats_component_html,delta-sibling,k,HTML Tag Insertion,APPLICABLE,,-
stat-row,[attr.x-test-stat-row],stats_component_html,epsilon-component,a,Attribute Value Modification,NA,no-such-role,-
stat-row,[attr.x-test-stat-row],stats_component_html,epsilon-component,b,Attribute Removal,NA,no-such-role,-
stat-row,[attr.x-test-stat-row],stats_component_html,epsilon-component,c,Attribute Identifier Modification,NA,no-such-role,-
stat-row,[attr.x-test-stat-row],stats_component_html,epsilon-component,d,Text Content Modification,NA,no-such-role,-
stat-row,[attr.x-test-stat-row],stats_component_html,epsilon-component,e,Text Content Removal,NA,no-such-role,-
stat-row,[attr.x-test-stat-row],stats_component_html,epsilon-component,f,HTML Tag Movement (within a container),NA,no-such-role,-
stat-row,[attr.x-test-stat-row],stats_component_html,epsilon-component,g,HTML Tag Movement (any point of the HTML tree),NA,no-such-role,-
stat-row,[attr.x-test-stat-row],stats_component_html,epsilon-component,h,HTML Tag Movement (between two templates),NA,no-such-role,-
stat-row,[attr.x-test-stat-row],stats_component_html,epsilon-component,i,HTML Tag Removal,NA,no-such-role,-
stat-row,[attr.x-test-stat-row],stats_component_html,epsilon-component,j,HTML Tag Type Modification,NA,no-such-role,-
stat-row,[attr.x-test-stat-row],stats_component_html,epsilon-component,k,HTML Tag Insertion,NA,no-such-role,-
footer-brand,x-test-footer-brand,app_component_html,alpha-target,h,HTML Tag Movement (between two templates),NA,between-templates-na-perfile,-
footer-brand,x-test-footer-brand,app_component_html,alpha-target,i,HTML Tag Removal,NA,would-drop-x-test,-
footer-brand,x-test-footer-brand,app_component_html,alpha-target,a,Attribute Value Modification,APPLICABLE,,-
footer-brand,x-test-footer-brand,app_component_html,alpha-target,b,Attribute Removal,APPLICABLE,,-
footer-brand,x-test-footer-brand,app_component_html,alpha-target,c,Attribute Identifier Modification,APPLICABLE,,-
footer-brand,x-test-footer-brand,app_component_html,alpha-target,d,Text Content Modification,APPLICABLE,,-
footer-brand,x-test-footer-brand,app_component_html,alpha-target,e,Text Content Removal,APPLICABLE,,-
footer-brand,x-test-footer-brand,app_component_html,alpha-target,f,HTML Tag Movement (within a container),APPLICABLE,,-
footer-brand,x-test-footer-brand,app_component_html,alpha-target,g,HTML Tag Movement (any point of the HTML tree),APPLICABLE,,-
footer-brand,x-test-footer-brand,app_component_html,alpha-target,j,HTML Tag Type Modification,APPLICABLE,,-
footer-brand,x-test-footer-brand,app_component_html,alpha-target,k,HTML Tag Insertion,APPLICABLE,,-
footer-brand,x-test-footer-brand,app_component_html,beta-parent,d,Text Content Modification,NA,no-text-content,-
footer-brand,x-test-footer-brand,app_component_html,beta-parent,e,Text Content Removal,NA,no-text-content,-
footer-brand,x-test-footer-brand,app_component_html,beta-parent,f,HTML Tag Movement (within a container),NA,no-sibling-to-reorder,-
footer-brand,x-test-footer-brand,app_component_html,beta-parent,h,HTML Tag Movement (between two templates),NA,between-templates-na-perfile,-
footer-brand,x-test-footer-brand,app_component_html,beta-parent,a,Attribute Value Modification,APPLICABLE,,-
footer-brand,x-test-footer-brand,app_component_html,beta-parent,b,Attribute Removal,APPLICABLE,,-
footer-brand,x-test-footer-brand,app_component_html,beta-parent,c,Attribute Identifier Modification,APPLICABLE,,-
footer-brand,x-test-footer-brand,app_component_html,beta-parent,g,HTML Tag Movement (any point of the HTML tree),APPLICABLE,,-
footer-brand,x-test-footer-brand,app_component_html,beta-parent,i,HTML Tag Removal,APPLICABLE,,-
footer-brand,x-test-footer-brand,app_component_html,beta-parent,j,HTML Tag Type Modification,APPLICABLE,,-
footer-brand,x-test-footer-brand,app_component_html,beta-parent,k,HTML Tag Insertion,APPLICABLE,,-
footer-brand,x-test-footer-brand,app_component_html,gamma-ancestor,d,Text Content Modification,NA,no-text-content,-
footer-brand,x-test-footer-brand,app_component_html,gamma-ancestor,e,Text Content Removal,NA,no-text-content,-
footer-brand,x-test-footer-brand,app_component_html,gamma-ancestor,h,HTML Tag Movement (between two templates),NA,between-templates-na-perfile,-
footer-brand,x-test-footer-brand,app_component_html,gamma-ancestor,i,HTML Tag Removal,NA,would-drop-x-test,-
footer-brand,x-test-footer-brand,app_component_html,gamma-ancestor,a,Attribute Value Modification,APPLICABLE,,-
footer-brand,x-test-footer-brand,app_component_html,gamma-ancestor,b,Attribute Removal,APPLICABLE,,-
footer-brand,x-test-footer-brand,app_component_html,gamma-ancestor,c,Attribute Identifier Modification,APPLICABLE,,-
footer-brand,x-test-footer-brand,app_component_html,gamma-ancestor,f,HTML Tag Movement (within a container),APPLICABLE,,-
footer-brand,x-test-footer-brand,app_component_html,gamma-ancestor,g,HTML Tag Movement (any point of the HTML tree),APPLICABLE,,-
footer-brand,x-test-footer-brand,app_component_html,gamma-ancestor,j,HTML Tag Type Modification,APPLICABLE,,-
footer-brand,x-test-footer-brand,app_component_html,gamma-ancestor,k,HTML Tag Insertion,APPLICABLE,,-
footer-brand,x-test-footer-brand,app_component_html,delta-sibling,h,HTML Tag Movement (between two templates),NA,between-templates-na-perfile,-
footer-brand,x-test-footer-brand,app_component_html,delta-sibling,a,Attribute Value Modification,APPLICABLE,,-
footer-brand,x-test-footer-brand,app_component_html,delta-sibling,b,Attribute Removal,APPLICABLE,,-
footer-brand,x-test-footer-brand,app_component_html,delta-sibling,c,Attribute Identifier Modification,APPLICABLE,,-
footer-brand,x-test-footer-brand,app_component_html,delta-sibling,d,Text Content Modification,APPLICABLE,,-
footer-brand,x-test-footer-brand,app_component_html,delta-sibling,e,Text Content Removal,APPLICABLE,,-
footer-brand,x-test-footer-brand,app_component_html,delta-sibling,f,HTML Tag Movement (within a container),APPLICABLE,,-
footer-brand,x-test-footer-brand,app_component_html,delta-sibling,g,HTML Tag Movement (any point of the HTML tree),APPLICABLE,,-
footer-brand,x-test-footer-brand,app_component_html,delta-sibling,i,HTML Tag Removal,APPLICABLE,,-
footer-brand,x-test-footer-brand,app_component_html,delta-sibling,j,HTML Tag Type Modification,APPLICABLE,,-
footer-brand,x-test-footer-brand,app_component_html,delta-sibling,k,HTML Tag Insertion,APPLICABLE,,-
footer-brand,x-test-footer-brand,app_component_html,epsilon-component,a,Attribute Value Modification,NA,no-such-role,-
footer-brand,x-test-footer-brand,app_component_html,epsilon-component,b,Attribute Removal,NA,no-such-role,-
footer-brand,x-test-footer-brand,app_component_html,epsilon-component,c,Attribute Identifier Modification,NA,no-such-role,-
footer-brand,x-test-footer-brand,app_component_html,epsilon-component,d,Text Content Modification,NA,no-such-role,-
footer-brand,x-test-footer-brand,app_component_html,epsilon-component,e,Text Content Removal,NA,no-such-role,-
footer-brand,x-test-footer-brand,app_component_html,epsilon-component,f,HTML Tag Movement (within a container),NA,no-such-role,-
footer-brand,x-test-footer-brand,app_component_html,epsilon-component,g,HTML Tag Movement (any point of the HTML tree),NA,no-such-role,-
footer-brand,x-test-footer-brand,app_component_html,epsilon-component,h,HTML Tag Movement (between two templates),NA,no-such-role,-
footer-brand,x-test-footer-brand,app_component_html,epsilon-component,i,HTML Tag Removal,NA,no-such-role,-
footer-brand,x-test-footer-brand,app_component_html,epsilon-component,j,HTML Tag Type Modification,NA,no-such-role,-
footer-brand,x-test-footer-brand,app_component_html,epsilon-component,k,HTML Tag Insertion,NA,no-such-role,-
footer-note,x-test-footer-note,app_component_html,alpha-target,h,HTML Tag Movement (between two templates),NA,between-templates-na-perfile,-
footer-note,x-test-footer-note,app_component_html,alpha-target,i,HTML Tag Removal,NA,would-drop-x-test,-
footer-note,x-test-footer-note,app_component_html,alpha-target,a,Attribute Value Modification,APPLICABLE,,-
footer-note,x-test-footer-note,app_component_html,alpha-target,b,Attribute Removal,APPLICABLE,,-
footer-note,x-test-footer-note,app_component_html,alpha-target,c,Attribute Identifier Modification,APPLICABLE,,-
footer-note,x-test-footer-note,app_component_html,alpha-target,d,Text Content Modification,APPLICABLE,,-
footer-note,x-test-footer-note,app_component_html,alpha-target,e,Text Content Removal,APPLICABLE,,-
footer-note,x-test-footer-note,app_component_html,alpha-target,f,HTML Tag Movement (within a container),APPLICABLE,,-
footer-note,x-test-footer-note,app_component_html,alpha-target,g,HTML Tag Movement (any point of the HTML tree),APPLICABLE,,-
footer-note,x-test-footer-note,app_component_html,alpha-target,j,HTML Tag Type Modification,APPLICABLE,,-
footer-note,x-test-footer-note,app_component_html,alpha-target,k,HTML Tag Insertion,APPLICABLE,,-
footer-note,x-test-footer-note,app_component_html,beta-parent,d,Text Content Modification,NA,no-text-content,-
footer-note,x-test-footer-note,app_component_html,beta-parent,e,Text Content Removal,NA,no-text-content,-
footer-note,x-test-footer-note,app_component_html,beta-parent,f,HTML Tag Movement (within a container),NA,no-sibling-to-reorder,-
footer-note,x-test-footer-note,app_component_html,beta-parent,h,HTML Tag Movement (between two templates),NA,between-templates-na-perfile,-
footer-note,x-test-footer-note,app_component_html,beta-parent,a,Attribute Value Modification,APPLICABLE,,-
footer-note,x-test-footer-note,app_component_html,beta-parent,b,Attribute Removal,APPLICABLE,,-
footer-note,x-test-footer-note,app_component_html,beta-parent,c,Attribute Identifier Modification,APPLICABLE,,-
footer-note,x-test-footer-note,app_component_html,beta-parent,g,HTML Tag Movement (any point of the HTML tree),APPLICABLE,,-
footer-note,x-test-footer-note,app_component_html,beta-parent,i,HTML Tag Removal,APPLICABLE,,-
footer-note,x-test-footer-note,app_component_html,beta-parent,j,HTML Tag Type Modification,APPLICABLE,,-
footer-note,x-test-footer-note,app_component_html,beta-parent,k,HTML Tag Insertion,APPLICABLE,,-
footer-note,x-test-footer-note,app_component_html,gamma-ancestor,d,Text Content Modification,NA,no-text-content,-
footer-note,x-test-footer-note,app_component_html,gamma-ancestor,e,Text Content Removal,NA,no-text-content,-
footer-note,x-test-footer-note,app_component_html,gamma-ancestor,h,HTML Tag Movement (between two templates),NA,between-templates-na-perfile,-
footer-note,x-test-footer-note,app_component_html,gamma-ancestor,i,HTML Tag Removal,NA,would-drop-x-test,-
footer-note,x-test-footer-note,app_component_html,gamma-ancestor,a,Attribute Value Modification,APPLICABLE,,-
footer-note,x-test-footer-note,app_component_html,gamma-ancestor,b,Attribute Removal,APPLICABLE,,-
footer-note,x-test-footer-note,app_component_html,gamma-ancestor,c,Attribute Identifier Modification,APPLICABLE,,-
footer-note,x-test-footer-note,app_component_html,gamma-ancestor,f,HTML Tag Movement (within a container),APPLICABLE,,-
footer-note,x-test-footer-note,app_component_html,gamma-ancestor,g,HTML Tag Movement (any point of the HTML tree),APPLICABLE,,-
footer-note,x-test-footer-note,app_component_html,gamma-ancestor,j,HTML Tag Type Modification,APPLICABLE,,-
footer-note,x-test-footer-note,app_component_html,gamma-ancestor,k,HTML Tag Insertion,APPLICABLE,,-
footer-note,x-test-footer-note,app_component_html,delta-sibling,h,HTML Tag Movement (between two templates),NA,between-templates-na-perfile,-
footer-note,x-test-footer-note,app_component_html,delta-sibling,a,Attribute Value Modification,APPLICABLE,,-
footer-note,x-test-footer-note,app_component_html,delta-sibling,b,Attribute Removal,APPLICABLE,,-
footer-note,x-test-footer-note,app_component_html,delta-sibling,c,Attribute Identifier Modification,APPLICABLE,,-
footer-note,x-test-footer-note,app_component_html,delta-sibling,d,Text Content Modification,APPLICABLE,,-
footer-note,x-test-footer-note,app_component_html,delta-sibling,e,Text Content Removal,APPLICABLE,,-
footer-note,x-test-footer-note,app_component_html,delta-sibling,f,HTML Tag Movement (within a container),APPLICABLE,,-
footer-note,x-test-footer-note,app_component_html,delta-sibling,g,HTML Tag Movement (any point of the HTML tree),APPLICABLE,,-
footer-note,x-test-footer-note,app_component_html,delta-sibling,i,HTML Tag Removal,APPLICABLE,,-
footer-note,x-test-footer-note,app_component_html,delta-sibling,j,HTML Tag Type Modification,APPLICABLE,,-
footer-note,x-test-footer-note,app_component_html,delta-sibling,k,HTML Tag Insertion,APPLICABLE,,-
footer-note,x-test-footer-note,app_component_html,epsilon-component,a,Attribute Value Modification,NA,no-such-role,-
footer-note,x-test-footer-note,app_component_html,epsilon-component,b,Attribute Removal,NA,no-such-role,-
footer-note,x-test-footer-note,app_component_html,epsilon-component,c,Attribute Identifier Modification,NA,no-such-role,-
footer-note,x-test-footer-note,app_component_html,epsilon-component,d,Text Content Modification,NA,no-such-role,-
footer-note,x-test-footer-note,app_component_html,epsilon-component,e,Text Content Removal,NA,no-such-role,-
footer-note,x-test-footer-note,app_component_html,epsilon-component,f,HTML Tag Movement (within a container),NA,no-such-role,-
footer-note,x-test-footer-note,app_component_html,epsilon-component,g,HTML Tag Movement (any point of the HTML tree),NA,no-such-role,-
footer-note,x-test-footer-note,app_component_html,epsilon-component,h,HTML Tag Movement (between two templates),NA,no-such-role,-
footer-note,x-test-footer-note,app_component_html,epsilon-component,i,HTML Tag Removal,NA,no-such-role,-
footer-note,x-test-footer-note,app_component_html,epsilon-component,j,HTML Tag Type Modification,NA,no-such-role,-
footer-note,x-test-footer-note,app_component_html,epsilon-component,k,HTML Tag Insertion,NA,no-such-role,-
footer-version,x-test-footer-version,app_component_html,alpha-target,h,HTML Tag Movement (between two templates),NA,between-templates-na-perfile,-
footer-version,x-test-footer-version,app_component_html,alpha-target,i,HTML Tag Removal,NA,would-drop-x-test,-
footer-version,x-test-footer-version,app_component_html,alpha-target,a,Attribute Value Modification,APPLICABLE,,-
footer-version,x-test-footer-version,app_component_html,alpha-target,b,Attribute Removal,APPLICABLE,,-
footer-version,x-test-footer-version,app_component_html,alpha-target,c,Attribute Identifier Modification,APPLICABLE,,-
footer-version,x-test-footer-version,app_component_html,alpha-target,d,Text Content Modification,APPLICABLE,,-
footer-version,x-test-footer-version,app_component_html,alpha-target,e,Text Content Removal,APPLICABLE,,-
footer-version,x-test-footer-version,app_component_html,alpha-target,f,HTML Tag Movement (within a container),APPLICABLE,,-
footer-version,x-test-footer-version,app_component_html,alpha-target,g,HTML Tag Movement (any point of the HTML tree),APPLICABLE,,-
footer-version,x-test-footer-version,app_component_html,alpha-target,j,HTML Tag Type Modification,APPLICABLE,,-
footer-version,x-test-footer-version,app_component_html,alpha-target,k,HTML Tag Insertion,APPLICABLE,,-
footer-version,x-test-footer-version,app_component_html,beta-parent,d,Text Content Modification,NA,no-text-content,-
footer-version,x-test-footer-version,app_component_html,beta-parent,e,Text Content Removal,NA,no-text-content,-
footer-version,x-test-footer-version,app_component_html,beta-parent,f,HTML Tag Movement (within a container),NA,no-sibling-to-reorder,-
footer-version,x-test-footer-version,app_component_html,beta-parent,h,HTML Tag Movement (between two templates),NA,between-templates-na-perfile,-
footer-version,x-test-footer-version,app_component_html,beta-parent,a,Attribute Value Modification,APPLICABLE,,-
footer-version,x-test-footer-version,app_component_html,beta-parent,b,Attribute Removal,APPLICABLE,,-
footer-version,x-test-footer-version,app_component_html,beta-parent,c,Attribute Identifier Modification,APPLICABLE,,-
footer-version,x-test-footer-version,app_component_html,beta-parent,g,HTML Tag Movement (any point of the HTML tree),APPLICABLE,,-
footer-version,x-test-footer-version,app_component_html,beta-parent,i,HTML Tag Removal,APPLICABLE,,-
footer-version,x-test-footer-version,app_component_html,beta-parent,j,HTML Tag Type Modification,APPLICABLE,,-
footer-version,x-test-footer-version,app_component_html,beta-parent,k,HTML Tag Insertion,APPLICABLE,,-
footer-version,x-test-footer-version,app_component_html,gamma-ancestor,d,Text Content Modification,NA,no-text-content,-
footer-version,x-test-footer-version,app_component_html,gamma-ancestor,e,Text Content Removal,NA,no-text-content,-
footer-version,x-test-footer-version,app_component_html,gamma-ancestor,h,HTML Tag Movement (between two templates),NA,between-templates-na-perfile,-
footer-version,x-test-footer-version,app_component_html,gamma-ancestor,i,HTML Tag Removal,NA,would-drop-x-test,-
footer-version,x-test-footer-version,app_component_html,gamma-ancestor,a,Attribute Value Modification,APPLICABLE,,-
footer-version,x-test-footer-version,app_component_html,gamma-ancestor,b,Attribute Removal,APPLICABLE,,-
footer-version,x-test-footer-version,app_component_html,gamma-ancestor,c,Attribute Identifier Modification,APPLICABLE,,-
footer-version,x-test-footer-version,app_component_html,gamma-ancestor,f,HTML Tag Movement (within a container),APPLICABLE,,-
footer-version,x-test-footer-version,app_component_html,gamma-ancestor,g,HTML Tag Movement (any point of the HTML tree),APPLICABLE,,-
footer-version,x-test-footer-version,app_component_html,gamma-ancestor,j,HTML Tag Type Modification,APPLICABLE,,-
footer-version,x-test-footer-version,app_component_html,gamma-ancestor,k,HTML Tag Insertion,APPLICABLE,,-
footer-version,x-test-footer-version,app_component_html,delta-sibling,h,HTML Tag Movement (between two templates),NA,between-templates-na-perfile,-
footer-version,x-test-footer-version,app_component_html,delta-sibling,a,Attribute Value Modification,APPLICABLE,,-
footer-version,x-test-footer-version,app_component_html,delta-sibling,b,Attribute Removal,APPLICABLE,,-
footer-version,x-test-footer-version,app_component_html,delta-sibling,c,Attribute Identifier Modification,APPLICABLE,,-
footer-version,x-test-footer-version,app_component_html,delta-sibling,d,Text Content Modification,APPLICABLE,,-
footer-version,x-test-footer-version,app_component_html,delta-sibling,e,Text Content Removal,APPLICABLE,,-
footer-version,x-test-footer-version,app_component_html,delta-sibling,f,HTML Tag Movement (within a container),APPLICABLE,,-
footer-version,x-test-footer-version,app_component_html,delta-sibling,g,HTML Tag Movement (any point of the HTML tree),APPLICABLE,,-
footer-version,x-test-footer-version,app_component_html,delta-sibling,i,HTML Tag Removal,APPLICABLE,,-
footer-version,x-test-footer-version,app_component_html,delta-sibling,j,HTML Tag Type Modification,APPLICABLE,,-
footer-version,x-test-footer-version,app_component_html,delta-sibling,k,HTML Tag Insertion,APPLICABLE,,-
footer-version,x-test-footer-version,app_component_html,epsilon-component,a,Attribute Value Modification,NA,no-such-role,-
footer-version,x-test-footer-version,app_component_html,epsilon-component,b,Attribute Removal,NA,no-such-role,-
footer-version,x-test-footer-version,app_component_html,epsilon-component,c,Attribute Identifier Modification,NA,no-such-role,-
footer-version,x-test-footer-version,app_component_html,epsilon-component,d,Text Content Modification,NA,no-such-role,-
footer-version,x-test-footer-version,app_component_html,epsilon-component,e,Text Content Removal,NA,no-such-role,-
footer-version,x-test-footer-version,app_component_html,epsilon-component,f,HTML Tag Movement (within a container),NA,no-such-role,-
footer-version,x-test-footer-version,app_component_html,epsilon-component,g,HTML Tag Movement (any point of the HTML tree),NA,no-such-role,-
footer-version,x-test-footer-version,app_component_html,epsilon-component,h,HTML Tag Movement (between two templates),NA,no-such-role,-
footer-version,x-test-footer-version,app_component_html,epsilon-component,i,HTML Tag Removal,NA,no-such-role,-
footer-version,x-test-footer-version,app_component_html,epsilon-component,j,HTML Tag Type Modification,NA,no-such-role,-
footer-version,x-test-footer-version,app_component_html,epsilon-component,k,HTML Tag Insertion,NA,no-such-role,-
app-main,x-test-main,app_component_html,alpha-target,d,Text Content Modification,NA,no-text-content,-
app-main,x-test-main,app_component_html,alpha-target,e,Text Content Removal,NA,no-text-content,-
app-main,x-test-main,app_component_html,alpha-target,h,HTML Tag Movement (between two templates),NA,between-templates-na-perfile,-
app-main,x-test-main,app_component_html,alpha-target,i,HTML Tag Removal,NA,would-drop-x-test,-
app-main,x-test-main,app_component_html,alpha-target,a,Attribute Value Modification,APPLICABLE,,-
app-main,x-test-main,app_component_html,alpha-target,b,Attribute Removal,APPLICABLE,,-
app-main,x-test-main,app_component_html,alpha-target,c,Attribute Identifier Modification,APPLICABLE,,-
app-main,x-test-main,app_component_html,alpha-target,f,HTML Tag Movement (within a container),APPLICABLE,,-
app-main,x-test-main,app_component_html,alpha-target,g,HTML Tag Movement (any point of the HTML tree),APPLICABLE,,-
app-main,x-test-main,app_component_html,alpha-target,j,HTML Tag Type Modification,APPLICABLE,,-
app-main,x-test-main,app_component_html,alpha-target,k,HTML Tag Insertion,APPLICABLE,,-
app-main,x-test-main,app_component_html,beta-parent,d,Text Content Modification,NA,no-text-content,-
app-main,x-test-main,app_component_html,beta-parent,e,Text Content Removal,NA,no-text-content,-
app-main,x-test-main,app_component_html,beta-parent,f,HTML Tag Movement (within a container),NA,no-sibling-to-reorder,-
app-main,x-test-main,app_component_html,beta-parent,g,HTML Tag Movement (any point of the HTML tree),NA,root-element,-
app-main,x-test-main,app_component_html,beta-parent,h,HTML Tag Movement (between two templates),NA,between-templates-na-perfile,-
app-main,x-test-main,app_component_html,beta-parent,i,HTML Tag Removal,NA,root-element,-
app-main,x-test-main,app_component_html,beta-parent,a,Attribute Value Modification,APPLICABLE,,-
app-main,x-test-main,app_component_html,beta-parent,b,Attribute Removal,APPLICABLE,,-
app-main,x-test-main,app_component_html,beta-parent,c,Attribute Identifier Modification,APPLICABLE,,-
app-main,x-test-main,app_component_html,beta-parent,j,HTML Tag Type Modification,APPLICABLE,,-
app-main,x-test-main,app_component_html,beta-parent,k,HTML Tag Insertion,APPLICABLE,,-
app-main,x-test-main,app_component_html,gamma-ancestor,a,Attribute Value Modification,NA,no-such-role,-
app-main,x-test-main,app_component_html,gamma-ancestor,b,Attribute Removal,NA,no-such-role,-
app-main,x-test-main,app_component_html,gamma-ancestor,c,Attribute Identifier Modification,NA,no-such-role,-
app-main,x-test-main,app_component_html,gamma-ancestor,d,Text Content Modification,NA,no-such-role,-
app-main,x-test-main,app_component_html,gamma-ancestor,e,Text Content Removal,NA,no-such-role,-
app-main,x-test-main,app_component_html,gamma-ancestor,f,HTML Tag Movement (within a container),NA,no-such-role,-
app-main,x-test-main,app_component_html,gamma-ancestor,g,HTML Tag Movement (any point of the HTML tree),NA,no-such-role,-
app-main,x-test-main,app_component_html,gamma-ancestor,h,HTML Tag Movement (between two templates),NA,no-such-role,-
app-main,x-test-main,app_component_html,gamma-ancestor,i,HTML Tag Removal,NA,no-such-role,-
app-main,x-test-main,app_component_html,gamma-ancestor,j,HTML Tag Type Modification,NA,no-such-role,-
app-main,x-test-main,app_component_html,gamma-ancestor,k,HTML Tag Insertion,NA,no-such-role,-
app-main,x-test-main,app_component_html,delta-sibling,a,Attribute Value Modification,NA,no-editable-attribute,-
app-main,x-test-main,app_component_html,delta-sibling,b,Attribute Removal,NA,no-editable-attribute,-
app-main,x-test-main,app_component_html,delta-sibling,c,Attribute Identifier Modification,NA,no-editable-attribute,-
app-main,x-test-main,app_component_html,delta-sibling,d,Text Content Modification,NA,no-text-content,-
app-main,x-test-main,app_component_html,delta-sibling,e,Text Content Removal,NA,no-text-content,-
app-main,x-test-main,app_component_html,delta-sibling,h,HTML Tag Movement (between two templates),NA,between-templates-na-perfile,-
app-main,x-test-main,app_component_html,delta-sibling,f,HTML Tag Movement (within a container),APPLICABLE,,-
app-main,x-test-main,app_component_html,delta-sibling,g,HTML Tag Movement (any point of the HTML tree),APPLICABLE,,-
app-main,x-test-main,app_component_html,delta-sibling,i,HTML Tag Removal,APPLICABLE,,-
app-main,x-test-main,app_component_html,delta-sibling,j,HTML Tag Type Modification,APPLICABLE,,-
app-main,x-test-main,app_component_html,delta-sibling,k,HTML Tag Insertion,APPLICABLE,,-
app-main,x-test-main,app_component_html,epsilon-component,a,Attribute Value Modification,NA,no-such-role,-
app-main,x-test-main,app_component_html,epsilon-component,b,Attribute Removal,NA,no-such-role,-
app-main,x-test-main,app_component_html,epsilon-component,c,Attribute Identifier Modification,NA,no-such-role,-
app-main,x-test-main,app_component_html,epsilon-component,d,Text Content Modification,NA,no-such-role,-
app-main,x-test-main,app_component_html,epsilon-component,e,Text Content Removal,NA,no-such-role,-
app-main,x-test-main,app_component_html,epsilon-component,f,HTML Tag Movement (within a container),NA,no-such-role,-
app-main,x-test-main,app_component_html,epsilon-component,g,HTML Tag Movement (any point of the HTML tree),NA,no-such-role,-
app-main,x-test-main,app_component_html,epsilon-component,h,HTML Tag Movement (between two templates),NA,no-such-role,-
app-main,x-test-main,app_component_html,epsilon-component,i,HTML Tag Removal,NA,no-such-role,-
app-main,x-test-main,app_component_html,epsilon-component,j,HTML Tag Type Modification,NA,no-such-role,-
app-main,x-test-main,app_component_html,epsilon-component,k,HTML Tag Insertion,NA,no-such-role,-
toast-message,x-test-toast,toast_component_html,alpha-target,h,HTML Tag Movement (between two templates),NA,between-templates-na-perfile,-
toast-message,x-test-toast,toast_component_html,alpha-target,i,HTML Tag Removal,NA,would-drop-x-test,-
toast-message,x-test-toast,toast_component_html,alpha-target,a,Attribute Value Modification,APPLICABLE,,-
toast-message,x-test-toast,toast_component_html,alpha-target,b,Attribute Removal,APPLICABLE,,-
toast-message,x-test-toast,toast_component_html,alpha-target,c,Attribute Identifier Modification,APPLICABLE,,-
toast-message,x-test-toast,toast_component_html,alpha-target,d,Text Content Modification,APPLICABLE,,-
toast-message,x-test-toast,toast_component_html,alpha-target,e,Text Content Removal,APPLICABLE,,-
toast-message,x-test-toast,toast_component_html,alpha-target,f,HTML Tag Movement (within a container),APPLICABLE,,-
toast-message,x-test-toast,toast_component_html,alpha-target,g,HTML Tag Movement (any point of the HTML tree),APPLICABLE,,-
toast-message,x-test-toast,toast_component_html,alpha-target,j,HTML Tag Type Modification,APPLICABLE,,-
toast-message,x-test-toast,toast_component_html,alpha-target,k,HTML Tag Insertion,APPLICABLE,,-
toast-message,x-test-toast,toast_component_html,beta-parent,d,Text Content Modification,NA,no-text-content,-
toast-message,x-test-toast,toast_component_html,beta-parent,e,Text Content Removal,NA,no-text-content,-
toast-message,x-test-toast,toast_component_html,beta-parent,f,HTML Tag Movement (within a container),NA,no-sibling-to-reorder,-
toast-message,x-test-toast,toast_component_html,beta-parent,g,HTML Tag Movement (any point of the HTML tree),NA,root-element,-
toast-message,x-test-toast,toast_component_html,beta-parent,h,HTML Tag Movement (between two templates),NA,between-templates-na-perfile,-
toast-message,x-test-toast,toast_component_html,beta-parent,i,HTML Tag Removal,NA,root-element,-
toast-message,x-test-toast,toast_component_html,beta-parent,a,Attribute Value Modification,APPLICABLE,,-
toast-message,x-test-toast,toast_component_html,beta-parent,b,Attribute Removal,APPLICABLE,,-
toast-message,x-test-toast,toast_component_html,beta-parent,c,Attribute Identifier Modification,APPLICABLE,,-
toast-message,x-test-toast,toast_component_html,beta-parent,j,HTML Tag Type Modification,APPLICABLE,,-
toast-message,x-test-toast,toast_component_html,beta-parent,k,HTML Tag Insertion,APPLICABLE,,-
toast-message,x-test-toast,toast_component_html,gamma-ancestor,a,Attribute Value Modification,NA,no-such-role,-
toast-message,x-test-toast,toast_component_html,gamma-ancestor,b,Attribute Removal,NA,no-such-role,-
toast-message,x-test-toast,toast_component_html,gamma-ancestor,c,Attribute Identifier Modification,NA,no-such-role,-
toast-message,x-test-toast,toast_component_html,gamma-ancestor,d,Text Content Modification,NA,no-such-role,-
toast-message,x-test-toast,toast_component_html,gamma-ancestor,e,Text Content Removal,NA,no-such-role,-
toast-message,x-test-toast,toast_component_html,gamma-ancestor,f,HTML Tag Movement (within a container),NA,no-such-role,-
toast-message,x-test-toast,toast_component_html,gamma-ancestor,g,HTML Tag Movement (any point of the HTML tree),NA,no-such-role,-
toast-message,x-test-toast,toast_component_html,gamma-ancestor,h,HTML Tag Movement (between two templates),NA,no-such-role,-
toast-message,x-test-toast,toast_component_html,gamma-ancestor,i,HTML Tag Removal,NA,no-such-role,-
toast-message,x-test-toast,toast_component_html,gamma-ancestor,j,HTML Tag Type Modification,NA,no-such-role,-
toast-message,x-test-toast,toast_component_html,gamma-ancestor,k,HTML Tag Insertion,NA,no-such-role,-
toast-message,x-test-toast,toast_component_html,delta-sibling,h,HTML Tag Movement (between two templates),NA,between-templates-na-perfile,-
toast-message,x-test-toast,toast_component_html,delta-sibling,i,HTML Tag Removal,NA,would-drop-x-test,-
toast-message,x-test-toast,toast_component_html,delta-sibling,a,Attribute Value Modification,APPLICABLE,,-
toast-message,x-test-toast,toast_component_html,delta-sibling,b,Attribute Removal,APPLICABLE,,-
toast-message,x-test-toast,toast_component_html,delta-sibling,c,Attribute Identifier Modification,APPLICABLE,,-
toast-message,x-test-toast,toast_component_html,delta-sibling,d,Text Content Modification,APPLICABLE,,-
toast-message,x-test-toast,toast_component_html,delta-sibling,e,Text Content Removal,APPLICABLE,,-
toast-message,x-test-toast,toast_component_html,delta-sibling,f,HTML Tag Movement (within a container),APPLICABLE,,-
toast-message,x-test-toast,toast_component_html,delta-sibling,g,HTML Tag Movement (any point of the HTML tree),APPLICABLE,,-
toast-message,x-test-toast,toast_component_html,delta-sibling,j,HTML Tag Type Modification,APPLICABLE,,-
toast-message,x-test-toast,toast_component_html,delta-sibling,k,HTML Tag Insertion,APPLICABLE,,-
toast-message,x-test-toast,toast_component_html,epsilon-component,a,Attribute Value Modification,NA,no-such-role,-
toast-message,x-test-toast,toast_component_html,epsilon-component,b,Attribute Removal,NA,no-such-role,-
toast-message,x-test-toast,toast_component_html,epsilon-component,c,Attribute Identifier Modification,NA,no-such-role,-
toast-message,x-test-toast,toast_component_html,epsilon-component,d,Text Content Modification,NA,no-such-role,-
toast-message,x-test-toast,toast_component_html,epsilon-component,e,Text Content Removal,NA,no-such-role,-
toast-message,x-test-toast,toast_component_html,epsilon-component,f,HTML Tag Movement (within a container),NA,no-such-role,-
toast-message,x-test-toast,toast_component_html,epsilon-component,g,HTML Tag Movement (any point of the HTML tree),NA,no-such-role,-
toast-message,x-test-toast,toast_component_html,epsilon-component,h,HTML Tag Movement (between two templates),NA,no-such-role,-
toast-message,x-test-toast,toast_component_html,epsilon-component,i,HTML Tag Removal,NA,no-such-role,-
toast-message,x-test-toast,toast_component_html,epsilon-component,j,HTML Tag Type Modification,NA,no-such-role,-
toast-message,x-test-toast,toast_component_html,epsilon-component,k,HTML Tag Insertion,NA,no-such-role,-
toast-label,x-test-toast-label,toast_component_html,alpha-target,h,HTML Tag Movement (between two templates),NA,between-templates-na-perfile,-
toast-label,x-test-toast-label,toast_component_html,alpha-target,i,HTML Tag Removal,NA,would-drop-x-test,-
toast-label,x-test-toast-label,toast_component_html,alpha-target,a,Attribute Value Modification,APPLICABLE,,-
toast-label,x-test-toast-label,toast_component_html,alpha-target,b,Attribute Removal,APPLICABLE,,-
toast-label,x-test-toast-label,toast_component_html,alpha-target,c,Attribute Identifier Modification,APPLICABLE,,-
toast-label,x-test-toast-label,toast_component_html,alpha-target,d,Text Content Modification,APPLICABLE,,-
toast-label,x-test-toast-label,toast_component_html,alpha-target,e,Text Content Removal,APPLICABLE,,-
toast-label,x-test-toast-label,toast_component_html,alpha-target,f,HTML Tag Movement (within a container),APPLICABLE,,-
toast-label,x-test-toast-label,toast_component_html,alpha-target,g,HTML Tag Movement (any point of the HTML tree),APPLICABLE,,-
toast-label,x-test-toast-label,toast_component_html,alpha-target,j,HTML Tag Type Modification,APPLICABLE,,-
toast-label,x-test-toast-label,toast_component_html,alpha-target,k,HTML Tag Insertion,APPLICABLE,,-
toast-label,x-test-toast-label,toast_component_html,beta-parent,d,Text Content Modification,NA,no-text-content,-
toast-label,x-test-toast-label,toast_component_html,beta-parent,e,Text Content Removal,NA,no-text-content,-
toast-label,x-test-toast-label,toast_component_html,beta-parent,f,HTML Tag Movement (within a container),NA,no-sibling-to-reorder,-
toast-label,x-test-toast-label,toast_component_html,beta-parent,g,HTML Tag Movement (any point of the HTML tree),NA,root-element,-
toast-label,x-test-toast-label,toast_component_html,beta-parent,h,HTML Tag Movement (between two templates),NA,between-templates-na-perfile,-
toast-label,x-test-toast-label,toast_component_html,beta-parent,i,HTML Tag Removal,NA,root-element,-
toast-label,x-test-toast-label,toast_component_html,beta-parent,a,Attribute Value Modification,APPLICABLE,,-
toast-label,x-test-toast-label,toast_component_html,beta-parent,b,Attribute Removal,APPLICABLE,,-
toast-label,x-test-toast-label,toast_component_html,beta-parent,c,Attribute Identifier Modification,APPLICABLE,,-
toast-label,x-test-toast-label,toast_component_html,beta-parent,j,HTML Tag Type Modification,APPLICABLE,,-
toast-label,x-test-toast-label,toast_component_html,beta-parent,k,HTML Tag Insertion,APPLICABLE,,-
toast-label,x-test-toast-label,toast_component_html,gamma-ancestor,a,Attribute Value Modification,NA,no-such-role,-
toast-label,x-test-toast-label,toast_component_html,gamma-ancestor,b,Attribute Removal,NA,no-such-role,-
toast-label,x-test-toast-label,toast_component_html,gamma-ancestor,c,Attribute Identifier Modification,NA,no-such-role,-
toast-label,x-test-toast-label,toast_component_html,gamma-ancestor,d,Text Content Modification,NA,no-such-role,-
toast-label,x-test-toast-label,toast_component_html,gamma-ancestor,e,Text Content Removal,NA,no-such-role,-
toast-label,x-test-toast-label,toast_component_html,gamma-ancestor,f,HTML Tag Movement (within a container),NA,no-such-role,-
toast-label,x-test-toast-label,toast_component_html,gamma-ancestor,g,HTML Tag Movement (any point of the HTML tree),NA,no-such-role,-
toast-label,x-test-toast-label,toast_component_html,gamma-ancestor,h,HTML Tag Movement (between two templates),NA,no-such-role,-
toast-label,x-test-toast-label,toast_component_html,gamma-ancestor,i,HTML Tag Removal,NA,no-such-role,-
toast-label,x-test-toast-label,toast_component_html,gamma-ancestor,j,HTML Tag Type Modification,NA,no-such-role,-
toast-label,x-test-toast-label,toast_component_html,gamma-ancestor,k,HTML Tag Insertion,NA,no-such-role,-
toast-label,x-test-toast-label,toast_component_html,delta-sibling,h,HTML Tag Movement (between two templates),NA,between-templates-na-perfile,-
toast-label,x-test-toast-label,toast_component_html,delta-sibling,i,HTML Tag Removal,NA,would-drop-x-test,-
toast-label,x-test-toast-label,toast_component_html,delta-sibling,a,Attribute Value Modification,APPLICABLE,,-
toast-label,x-test-toast-label,toast_component_html,delta-sibling,b,Attribute Removal,APPLICABLE,,-
toast-label,x-test-toast-label,toast_component_html,delta-sibling,c,Attribute Identifier Modification,APPLICABLE,,-
toast-label,x-test-toast-label,toast_component_html,delta-sibling,d,Text Content Modification,APPLICABLE,,-
toast-label,x-test-toast-label,toast_component_html,delta-sibling,e,Text Content Removal,APPLICABLE,,-
toast-label,x-test-toast-label,toast_component_html,delta-sibling,f,HTML Tag Movement (within a container),APPLICABLE,,-
toast-label,x-test-toast-label,toast_component_html,delta-sibling,g,HTML Tag Movement (any point of the HTML tree),APPLICABLE,,-
toast-label,x-test-toast-label,toast_component_html,delta-sibling,j,HTML Tag Type Modification,APPLICABLE,,-
toast-label,x-test-toast-label,toast_component_html,delta-sibling,k,HTML Tag Insertion,APPLICABLE,,-
toast-label,x-test-toast-label,toast_component_html,epsilon-component,a,Attribute Value Modification,NA,no-such-role,-
toast-label,x-test-toast-label,toast_component_html,epsilon-component,b,Attribute Removal,NA,no-such-role,-
toast-label,x-test-toast-label,toast_component_html,epsilon-component,c,Attribute Identifier Modification,NA,no-such-role,-
toast-label,x-test-toast-label,toast_component_html,epsilon-component,d,Text Content Modification,NA,no-such-role,-
toast-label,x-test-toast-label,toast_component_html,epsilon-component,e,Text Content Removal,NA,no-such-role,-
toast-label,x-test-toast-label,toast_component_html,epsilon-component,f,HTML Tag Movement (within a container),NA,no-such-role,-
toast-label,x-test-toast-label,toast_component_html,epsilon-component,g,HTML Tag Movement (any point of the HTML tree),NA,no-such-role,-
toast-label,x-test-toast-label,toast_component_html,epsilon-component,h,HTML Tag Movement (between two templates),NA,no-such-role,-
toast-label,x-test-toast-label,toast_component_html,epsilon-component,i,HTML Tag Removal,NA,no-such-role,-
toast-label,x-test-toast-label,toast_component_html,epsilon-component,j,HTML Tag Type Modification,NA,no-such-role,-
toast-label,x-test-toast-label,toast_component_html,epsilon-component,k,HTML Tag Insertion,NA,no-such-role,-
