Target,TargetAttr,File,Role,Operator,OpName,Decision,Reason,MutationId
catalog-result-count,x-test-result-count,catalog_component_html,alpha-target,i,HTML Tag Removal,NA,would-drop-x-test,-
catalog-result-count,x-test-result-count,catalog_component_html,alpha-target,a,Attribute Value Modification,SAVED,,LLMR_catalog_component_html_catalog_result_count_alf_a
catalog-result-count,x-test-result-count,catalog_component_html,alpha-target,b,Attribute Removal,SAVED,,LLMR_catalog_component_html_catalog_result_count_alf_b
catalog-result-count,x-test-result-count,catalog_component_html,alpha-target,c,Attribute Identifier Modification,SAVED,,LLMR_catalog_component_html_catalog_result_count_alf_c
catalog-result-count,x-test-result-count,catalog_component_html,alpha-target,d,Text Content Modification,SAVED,,LLMR_catalog_component_html_catalog_result_count_alf_d
catalog-result-count,x-test-result-count,catalog_component_html,alpha-target,e,Text Content Removal,SAVED,,LLMR_catalog_component_html_catalog_result_count_alf_e
catalog-result-count,x-test-result-count,catalog_component_html,alpha-target,j,HTML Tag Type Modification,SAVED,,LLMR_catalog_component_html_catalog_result_count_alf_j
catalog-result-count,x-test-result-count,catalog_component_html,alpha-target,k,HTML Tag Insertion,SAVED,,LLMR_catalog_component_html_catalog_result_count_alf_k
catalog-result-count,x-test-result-count,catalog_component_html,beta-parent,i,HTML Tag Removal,NA,root-element,-
catalog-result-count,x-test-result-count,catalog_component_html,beta-parent,a,Attribute Value Modification,SAVED,,LLMR_catalog_component_html_catalog_result_count_bet_a
catalog-result-count,x-test-result-count,catalog_component_html,beta-parent,b,Attribute Removal,SAVED,,LLMR_catalog_component_html_catalog_result_count_bet_b
catalog-result-count,x-test-result-count,catalog_component_html,beta-parent,c,Attribute Identifier Modification,SAVED,,LLMR_catalog_component_html_catalog_result_count_bet_c
catalog-result-count,x-test-result-count,catalog_component_html,beta-parent,d,Text Content Modification,SAVED,,LLMR_catalog_component_html_catalog_result_count_bet_d
catalog-result-count,x-test-result-count,catalog_component_html,beta-parent,e,Text Content Removal,REJECTED,duplicate,-
catalog-result-count,x-test-result-count,catalog_component_html,beta-parent,j,HTML Tag Type Modification,SAVED,,LLMR_catalog_component_html_catalog_result_count_bet_j
catalog-result-count,x-test-result-count,catalog_component_html,beta-parent,k,HTML Tag Insertion,SAVED,,LLMR_catalog_component_html_catalog_result_count_bet_k
catalog-result-count,x-test-result-count,catalog_component_html,gamma-ancestor,a,Attribute Value Modification,NA,no-such-role,-
catalog-result-count,x-test-result-count,catalog_component_html,gamma-ancestor,b,Attribute Removal,NA,no-such-role,-
catalog-result-count,x-test-result-count,catalog_component_html,gamma-ancestor,c,Attribute Identifier Modification,NA,no-such-role,-
catalog-result-count,x-test-result-count,catalog_component_html,gamma-ancestor,d,Text Content Modification,NA,no-such-role,-
catalog-result-count,x-test-result-count,catalog_component_html,gamma-ancestor,e,Text Content Removal,NA,no-such-role,-
catalog-result-count,x-test-result-count,catalog_component_html,gamma-ancestor,i,HTML Tag Removal,NA,no-such-role,-
catalog-result-count,x-test-result-count,catalog_component_html,gamma-ancestor,j,HTML Tag Type Modification,NA,no-such-role,-
catalog-result-count,x-test-result-count,catalog_component_html,gamma-ancestor,k,HTML Tag Insertion,NA,no-such-role,-
catalog-result-count,x-test-result-count,catalog_component_html,delta-sibling,i,HTML Tag Removal,NA,would-drop-x-test,-
catalog-result-count,x-test-result-count,catalog_component_html,delta-sibling,a,Attribute Value Modification,SAVED,,LLMR_catalog_component_html_catalog_result_count_del_a
catalog-result-count,x-test-result-count,catalog_component_html,delta-sibling,b,Attribute Removal,SAVED,,LLMR_catalog_component_html_catalog_result_count_del_b
catalog-result-count,x-test-result-count,catalog_component_html,delta-sibling,c,Attribute Identifier Modification,SAVED,,LLMR_catalog_component_html_catalog_result_count_del_c
catalog-result-count,x-test-result-count,catalog_component_html,delta-sibling,d,Text Content Modification,SAVED,,LLMR_catalog_component_html_catalog_result_count_del_d
catalog-result-count,x-test-result-count,catalog_component_html,delta-sibling,e,Text Content Removal,SAVED,,LLMR_catalog_component_html_catalog_result_count_del_e
catalog-result-count,x-test-result-count,catalog_component_html,delta-sibling,j,HTML Tag Type Modification,SAVED,,LLMR_catalog_component_html_catalog_result_count_del_j
catalog-result-count,x-test-result-count,catalog_component_html,delta-sibling,k,HTML Tag Insertion,SAVED,,LLMR_catalog_component_html_catalog_result_count_del_k
catalog-result-count,x-test-result-count,catalog_component_html,epsilon-component,a,Attribute Value Modification,NA,no-such-role,-
catalog-result-count,x-test-result-count,catalog_component_html,epsilon-component,b,Attribute Removal,NA,no-such-role,-
catalog-result-count,x-test-result-count,catalog_component_html,epsilon-component,c,Attribute Identifier Modification,NA,no-such-role,-
catalog-result-count,x-test-result-count,catalog_component_html,epsilon-component,d,Text Content Modification,NA,no-such-role,-
catalog-result-count,x-test-result-count,catalog_component_html,epsilon-component,e,Text Content Removal,NA,no-such-role,-
catalog-result-count,x-test-result-count,catalog_component_html,epsilon-component,i,HTML Tag Removal,NA,no-such-role,-
catalog-result-count,x-test-result-count,catalog_component_html,epsilon-component,j,HTML Tag Type Modification,NA,no-such-role,-
catalog-result-count,x-test-result-count,catalog_component_html,epsilon-component,k,HTML Tag Insertion,NA,no-such-role,-
catalog-search-input,x-test-search-input,catalog_component_html,alpha-target,d,Text Content Modification,NA,no-text-content,-
catalog-search-input,x-test-search-input,catalog_component_html,alpha-target,e,Text Content Removal,NA,no-text-content,-
catalog-search-input,x-test-search-input,catalog_component_html,alpha-target,i,HTML Tag Removal,NA,would-drop-x-test,-
catalog-search-input,x-test-search-input,catalog_component_html,alpha-target,a,Attribute Value Modification,SAVED,,LLMR_catalog_component_html_catalog_search_input_alf_a
catalog-search-input,x-test-search-input,catalog_component_html,alpha-target,b,Attribute Removal,SAVED,,LLMR_catalog_component_html_catalog_search_input_alf_b
catalog-search-input,x-test-search-input,catalog_component_html,alpha-target,c,Attribute Identifier Modification,SAVED,,LLMR_catalog_component_html_catalog_search_input_alf_c
catalog-search-input,x-test-search-input,catalog_component_html,alpha-target,j,HTML Tag Type Modification,SAVED,,LLMR_catalog_component_html_catalog_search_input_alf_j
catalog-search-input,x-test-search-input,catalog_component_html,alpha-target,k,HTML Tag Insertion,SAVED,,LLMR_catalog_component_html_catalog_search_input_alf_k
catalog-search-input,x-test-search-input,catalog_component_html,beta-parent,d,Text Content Modification,NA,no-text-content,-
catalog-search-input,x-test-search-input,catalog_component_html,beta-parent,e,Text Content Removal,NA,no-text-content,-
catalog-search-input,x-test-search-input,catalog_component_html,beta-parent,a,Attribute Value Modification,SAVED,,LLMR_catalog_component_html_catalog_search_input_bet_a
catalog-search-input,x-test-search-input,catalog_component_html,beta-parent,b,Attribute Removal,SAVED,,LLMR_catalog_component_html_catalog_search_input_bet_b
catalog-search-input,x-test-search-input,catalog_component_html,beta-parent,c,Attribute Identifier Modification,SAVED,,LLMR_catalog_component_html_catalog_search_input_bet_c
catalog-search-input,x-test-search-input,catalog_component_html,beta-parent,i,HTML Tag Removal,SAVED,,LLMR_catalog_component_html_catalog_search_input_bet_i
catalog-search-input,x-test-search-input,catalog_component_html,beta-parent,j,HTML Tag Type Modification,SAVED,,LLMR_catalog_component_html_catalog_search_input_bet_j
catalog-search-input,x-test-search-input,catalog_component_html,beta-parent,k,HTML Tag Insertion,SAVED,,LLMR_catalog_component_html_catalog_search_input_bet_k
catalog-search-input,x-test-search-input,catalog_component_html,gamma-ancestor,d,Text Content Modification,NA,no-text-content,-
catalog-search-input,x-test-search-input,catalog_component_html,gamma-ancestor,e,Text Content Removal,NA,no-text-content,-
catalog-search-input,x-test-search-input,catalog_component_html,gamma-ancestor,a,Attribute Value Modification,SAVED,,LLMR_catalog_component_html_catalog_search_input_gam_a
catalog-search-input,x-test-search-input,catalog_component_html,gamma-ancestor,b,Attribute Removal,SAVED,,LLMR_catalog_component_html_catalog_search_input_gam_b
catalog-search-input,x-test-search-input,catalog_component_html,gamma-ancestor,c,Attribute Identifier Modification,SAVED,,LLMR_catalog_component_html_catalog_search_input_gam_c
catalog-search-input,x-test-search-input,catalog_component_html,gamma-ancestor,i,HTML Tag Removal,SAVED,,LLMR_catalog_component_html_catalog_search_input_gam_i
catalog-search-input,x-test-search-input,catalog_component_html,gamma-ancestor,j,HTML Tag Type Modification,SAVED,,LLMR_catalog_component_html_catalog_search_input_gam_j
catalog-search-input,x-test-search-input,catalog_component_html,gamma-ancestor,k,HTML Tag Insertion,SAVED,,LLMR_catalog_component_html_catalog_search_input_gam_k
catalog-search-input,x-test-search-input,catalog_component_html,delta-sibling,a,Attribute Value Modification,NA,no-such-role,-
catalog-search-input,x-test-search-input,catalog_component_html,delta-sibling,b,Attribute Removal,NA,no-such-role,-
catalog-search-input,x-test-search-input,catalog_component_html,delta-sibling,c,Attribute Identifier Modification,NA,no-such-role,-
catalog-search-input,x-test-search-input,catalog_component_html,delta-sibling,d,Text Content Modification,NA,no-such-role,-
catalog-search-input,x-test-search-input,catalog_component_html,delta-sibling,e,Text Content Removal,NA,no-such-role,-
catalog-search-input,x-test-search-input,catalog_component_html,delta-sibling,i,HTML Tag Removal,NA,no-such-role,-
catalog-search-input,x-test-search-input,catalog_component_html,delta-sibling,j,HTML Tag Type Modification,NA,no-such-role,-
catalog-search-input,x-test-search-input,catalog_component_html,delta-sibling,k,HTML Tag Insertion,NA,no-such-role,-
catalog-search-input,x-test-search-input,catalog_component_html,epsilon-component,a,Attribute Value Modification,NA,no-such-role,-
catalog-search-input,x-test-search-input,catalog_component_html,epsilon-component,b,Attribute Removal,NA,no-such-role,-
catalog-search-input,x-test-search-input,catalog_component_html,epsilon-component,c,Attribute Identifier Modification,NA,no-such-role,-
catalog-search-input,x-test-search-input,catalog_component_html,epsilon-component,d,Text Content Modification,NA,no-such-role,-
catalog-search-input,x-test-search-input,catalog_component_html,epsilon-component,e,Text Content Removal,NA,no-such-role,-
catalog-search-input,x-test-search-input,catalog_component_html,epsilon-component,i,HTML Tag Removal,NA,no-such-role,-
catalog-search-input,x-test-search-input,catalog_component_html,epsilon-component,j,HTML Tag Type Modification,NA,no-such-role,-
catalog-search-input,x-test-search-input,catalog_component_html,epsilon-component,k,HTML Tag Insertion,NA,no-such-role,-
catalog-filter-genre,x-test-filter-genre,catalog_component_html,alpha-target,i,HTML Tag Removal,NA,would-drop-x-test,-
catalog-filter-genre,x-test-filter-genre,catalog_component_html,alpha-target,a,Attribute Value Modification,SAVED,,LLMR_catalog_component_html_catalog_filter_genre_alf_a
catalog-filter-genre,x-test-filter-genre,catalog_component_html,alpha-target,b,Attribute Removal,SAVED,,LLMR_catalog_component_html_catalog_filter_genre_alf_b
catalog-filter-genre,x-test-filter-genre,catalog_component_html,alpha-target,c,Attribute Identifier Modification,SAVED,,LLMR_catalog_component_html_catalog_filter_genre_alf_c
catalog-filter-genre,x-test-filter-genre,catalog_component_html,alpha-target,d,Text Content Modification,SAVED,,LLMR_catalog_component_html_catalog_filter_genre_alf_d
catalog-filter-genre,x-test-filter-genre,catalog_component_html,alpha-target,e,Text Content Removal,SAVED,,LLMR_catalog_component_html_catalog_filter_genre_alf_e
catalog-filter-genre,x-test-filter-genre,catalog_component_html,alpha-target,j,HTML Tag Type Modification,SAVED,,LLMR_catalog_component_html_catalog_filter_genre_alf_j
catalog-filter-genre,x-test-filter-genre,catalog_component_html,alpha-target,k,HTML Tag Insertion,SAVED,,LLMR_catalog_component_html_catalog_filter_genre_alf_k
catalog-filter-genre,x-test-filter-genre,catalog_component_html,beta-parent,d,Text Content Modification,NA,no-text-content,-
catalog-filter-genre,x-test-filter-genre,catalog_component_html,beta-parent,e,Text Content Removal,NA,no-text-content,-
catalog-filter-genre,x-test-filter-genre,catalog_component_html,beta-parent,a,Attribute Value Modification,REJECTED,duplicate,-
catalog-filter-genre,x-test-filter-genre,catalog_component_html,beta-parent,b,Attribute Removal,REJECTED,duplicate,-
catalog-filter-genre,x-test-filter-genre,catalog_component_html,beta-parent,c,Attribute Identifier Modification,REJECTED,duplicate,-
catalog-filter-genre,x-test-filter-genre,catalog_component_html,beta-parent,i,HTML Tag Removal,REJECTED,duplicate,-
catalog-filter-genre,x-test-filter-genre,catalog_component_html,beta-parent,j,HTML Tag Type Modification,REJECTED,duplicate,-
catalog-filter-genre,x-test-filter-genre,catalog_component_html,beta-parent,k,HTML Tag Insertion,REJECTED,duplicate,-
catalog-filter-genre,x-test-filter-genre,catalog_component_html,gamma-ancestor,i,HTML Tag Removal,NA,root-element,-
catalog-filter-genre,x-test-filter-genre,catalog_component_html,gamma-ancestor,a,Attribute Value Modification,REJECTED,duplicate,-
catalog-filter-genre,x-test-filter-genre,catalog_component_html,gamma-ancestor,b,Attribute Removal,REJECTED,duplicate,-
catalog-filter-genre,x-test-filter-genre,catalog_component_html,gamma-ancestor,c,Attribute Identifier Modification,REJECTED,duplicate,-
catalog-filter-genre,x-test-filter-genre,catalog_component_html,gamma-ancestor,d,Text Content Modification,SAVED,,LLMR_catalog_component_html_catalog_filter_genre_gam_d
catalog-filter-genre,x-test-filter-genre,catalog_component_html,gamma-ancestor,e,Text Content Removal,SAVED,,LLMR_catalog_component_html_catalog_filter_genre_gam_e
catalog-filter-genre,x-test-filter-genre,catalog_component_html,gamma-ancestor,j,HTML Tag Type Modification,REJECTED,duplicate,-
catalog-filter-genre,x-test-filter-genre,catalog_component_html,gamma-ancestor,k,HTML Tag Insertion,REJECTED,duplicate,-
catalog-filter-genre,x-test-filter-genre,catalog_component_html,delta-sibling,d,Text Content Modification,NA,no-text-content,-
catalog-filter-genre,x-test-filter-genre,catalog_component_html,delta-sibling,e,Text Content Removal,NA,no-text-content,-
catalog-filter-genre,x-test-filter-genre,catalog_component_html,delta-sibling,i,HTML Tag Removal,NA,would-drop-x-test,-
catalog-filter-genre,x-test-filter-genre,catalog_component_html,delta-sibling,a,Attribute Value Modification,SAVED,,LLMR_catalog_component_html_catalog_filter_genre_del_a
catalog-filter-genre,x-test-filter-genre,catalog_component_html,delta-sibling,b,Attribute Removal,SAVED,,LLMR_catalog_component_html_catalog_filter_genre_del_b
catalog-filter-genre,x-test-filter-genre,catalog_component_html,delta-sibling,c,Attribute Identifier Modification,SAVED,,LLMR_catalog_component_html_catalog_filter_genre_del_c
catalog-filter-genre,x-test-filter-genre,catalog_component_html,delta-sibling,j,HTML Tag Type Modification,SAVED,,LLMR_catalog_component_html_catalog_filter_genre_del_j
catalog-filter-genre,x-test-filter-genre,catalog_component_html,delta-sibling,k,HTML Tag Insertion,SAVED,,LLMR_catalog_component_html_catalog_filter_genre_del_k
catalog-filter-genre,x-test-filter-genre,catalog_component_html,epsilon-component,a,Attribute Value Modification,NA,no-such-role,-
catalog-filter-genre,x-test-filter-genre,catalog_component_html,epsilon-component,b,Attribute Removal,NA,no-such-role,-
catalog-filter-genre,x-test-filter-genre,catalog_component_html,epsilon-component,c,Attribute Identifier Modification,NA,no-such-role,-
catalog-filter-genre,x-test-filter-genre,catalog_component_html,epsilon-component,d,Text Content Modification,NA,no-such-role,-
catalog-filter-genre,x-test-filter-genre,catalog_component_html,epsilon-component,e,Text Content Removal,NA,no-such-role,-
catalog-filter-genre,x-test-filter-genre,catalog_component_html,epsilon-component,i,HTML Tag Removal,NA,no-such-role,-
catalog-filter-genre,x-test-filter-genre,catalog_component_html,epsilon-component,j,HTML Tag Type Modification,NA,no-such-role,-
catalog-filter-genre,x-test-filter-genre,catalog_component_html,epsilon-component,k,HTML Tag Insertion,NA,no-such-role,-
catalog-sort,x-test-sort,catalog_component_html,alpha-target,d,Text Content Modification,NA,no-text-content,-
catalog-sort,x-test-sort,catalog_component_html,alpha-target,e,Text Content Removal,NA,no-text-content,-
catalog-sort,x-test-sort,catalog_component_html,alpha-target,i,HTML Tag Removal,NA,would-drop-x-test,-
catalog-sort,x-test-sort,catalog_component_html,alpha-target,a,Attribute Value Modification,REJECTED,duplicate,-
catalog-sort,x-test-sort,catalog_component_html,alpha-target,b,Attribute Removal,REJECTED,duplicate,-
catalog-sort,x-test-sort,catalog_component_html,alpha-target,c,Attribute Identifier Modification,REJECTED,duplicate,-
catalog-sort,x-test-sort,catalog_component_html,alpha-target,j,HTML Tag Type Modification,REJECTED,duplicate,-
catalog-sort,x-test-sort,catalog_component_html,alpha-target,k,HTML Tag Insertion,REJECTED,duplicate,-
catalog-sort,x-test-sort,catalog_component_html,beta-parent,d,Text Content Modification,NA,no-text-content,-
catalog-sort,x-test-sort,catalog_component_html,beta-parent,e,Text Content Removal,NA,no-text-content,-
catalog-sort,x-test-sort,catalog_component_html,beta-parent,a,Attribute Value Modification,REJECTED,duplicate,-
catalog-sort,x-test-sort,catalog_component_html,beta-parent,b,Attribute Removal,REJECTED,duplicate,-
catalog-sort,x-test-sort,catalog_component_html,beta-parent,c,Attribute Identifier Modification,REJECTED,duplicate,-
catalog-sort,x-test-sort,catalog_component_html,beta-parent,i,HTML Tag Removal,REJECTED,duplicate,-
catalog-sort,x-test-sort,catalog_component_html,beta-parent,j,HTML Tag Type Modification,REJECTED,duplicate,-
catalog-sort,x-test-sort,catalog_component_html,beta-parent,k,HTML Tag Insertion,REJECTED,duplicate,-
catalog-sort,x-test-sort,catalog_component_html,gamma-ancestor,i,HTML Tag Removal,NA,root-element,-
catalog-sort,x-test-sort,catalog_component_html,gamma-ancestor,a,Attribute Value Modification,REJECTED,duplicate,-
catalog-sort,x-test-sort,catalog_component_html,gamma-ancestor,b,Attribute Removal,REJECTED,duplicate,-
catalog-sort,x-test-sort,catalog_component_html,gamma-ancestor,c,Attribute Identifier Modification,REJECTED,duplicate,-
catalog-sort,x-test-sort,catalog_component_html,gamma-ancestor,d,Text Content Modification,REJECTED,duplicate,-
catalog-sort,x-test-sort,catalog_component_html,gamma-ancestor,e,Text Content Removal,REJECTED,duplicate,-
catalog-sort,x-test-sort,catalog_component_html,gamma-ancestor,j,HTML Tag Type Modification,REJECTED,duplicate,-
catalog-sort,x-test-sort,catalog_component_html,gamma-ancestor,k,HTML Tag Insertion,REJECTED,duplicate,-
catalog-sort,x-test-sort,catalog_component_html,delta-sibling,i,HTML Tag Removal,NA,would-drop-x-test,-
catalog-sort,x-test-sort,catalog_component_html,delta-sibling,a,Attribute Value Modification,SAVED,,LLMR_catalog_component_html_catalog_sort_del_a
catalog-sort,x-test-sort,catalog_component_html,delta-sibling,b,Attribute Removal,SAVED,,LLMR_catalog_component_html_catalog_sort_del_b
catalog-sort,x-test-sort,catalog_component_html,delta-sibling,c,Attribute Identifier Modification,SAVED,,LLMR_catalog_component_html_catalog_sort_del_c
catalog-sort,x-test-sort,catalog_component_html,delta-sibling,d,Text Content Modification,SAVED,,LLMR_catalog_component_html_catalog_sort_del_d
catalog-sort,x-test-sort,catalog_component_html,delta-sibling,e,Text Content Removal,SAVED,,LLMR_catalog_component_html_catalog_sort_del_e
catalog-sort,x-test-sort,catalog_component_html,delta-sibling,j,HTML Tag Type Modification,SAVED,,LLMR_catalog_component_html_catalog_sort_del_j
catalog-sort,x-test-sort,catalog_component_html,delta-sibling,k,HTML Tag Insertion,SAVED,,LLMR_catalog_component_html_catalog_sort_del_k
catalog-sort,x-test-sort,catalog_component_html,epsilon-component,a,Attribute Value Modification,NA,no-such-role,-
catalog-sort,x-test-sort,catalog_component_html,epsilon-component,b,Attribute Removal,NA,no-such-role,-
catalog-sort,x-test-sort,catalog_component_html,epsilon-component,c,Attribute Identifier Modification,NA,no-such-role,-
catalog-sort,x-test-sort,catalog_component_html,epsilon-component,d,Text Content Modification,NA,no-such-role,-
catalog-sort,x-test-sort,catalog_component_html,epsilon-component,e,Text Content Removal,NA,no-such-role,-
catalog-sort,x-test-sort,catalog_component_html,epsilon-component,i,HTML Tag Removal,NA,no-such-role,-
catalog-sort,x-test-sort,catalog_component_html,epsilon-component,j,HTML Tag Type Modification,NA,no-such-role,-
catalog-sort,x-test-sort,catalog_component_html,epsilon-component,k,HTML Tag Insertion,NA,no-such-role,-
catalog-view-list,x-test-view-list,catalog_component_html,alpha-target,i,HTML Tag Removal,NA,would-drop-x-test,-
catalog-view-list,x-test-view-list,catalog_component_html,alpha-target,a,Attribute Value Modification,SAVED,,LLMR_catalog_component_html_catalog_view_list_alf_a
catalog-view-list,x-test-view-list,catalog_component_html,alpha-target,b,Attribute Removal,SAVED,,LLMR_catalog_component_html_catalog_view_list_alf_b
catalog-view-list,x-test-view-list,catalog_component_html,alpha-target,c,Attribute Identifier Modification,SAVED,,LLMR_catalog_component_html_catalog_view_list_alf_c
catalog-view-list,x-test-view-list,catalog_component_html,alpha-target,d,Text Content Modification,SAVED,,LLMR_catalog_component_html_catalog_view_list_alf_d
catalog-view-list,x-test-view-list,catalog_component_html,alpha-target,e,Text Content Removal,SAVED,,LLMR_catalog_component_html_catalog_view_list_alf_e
catalog-view-list,x-test-view-list,catalog_component_html,alpha-target,j,HTML Tag Type Modification,SAVED,,LLMR_catalog_component_html_catalog_view_list_alf_j
catalog-view-list,x-test-view-list,catalog_component_html,alpha-target,k,HTML Tag Insertion,SAVED,,LLMR_catalog_component_html_catalog_view_list_alf_k
catalog-view-list,x-test-view-list,catalog_component_html,beta-parent,d,Text Content Modification,NA,no-text-content,-
catalog-view-list,x-test-view-list,catalog_component_html,beta-parent,e,Text Content Removal,NA,no-text-content,-
catalog-view-list,x-test-view-list,catalog_component_html,beta-parent,i,HTML Tag Removal,NA,would-drop-x-test,-
catalog-view-list,x-test-view-list,catalog_component_html,beta-parent,a,Attribute Value Modification,SAVED,,LLMR_catalog_component_html_catalog_view_list_bet_a
catalog-view-list,x-test-view-list,catalog_component_html,beta-parent,b,Attribute Removal,SAVED,,LLMR_catalog_component_html_catalog_view_list_bet_b
catalog-view-list,x-test-view-list,catalog_component_html,beta-parent,c,Attribute Identifier Modification,SAVED,,LLMR_catalog_component_html_catalog_view_list_bet_c
catalog-view-list,x-test-view-list,catalog_component_html,beta-parent,j,HTML Tag Type Modification,SAVED,,LLMR_catalog_component_html_catalog_view_list_bet_j
catalog-view-list,x-test-view-list,catalog_component_html,beta-parent,k,HTML Tag Insertion,SAVED,,LLMR_catalog_component_html_catalog_view_list_bet_k
catalog-view-list,x-test-view-list,catalog_component_html,gamma-ancestor,d,Text Content Modification,NA,no-text-content,-
catalog-view-list,x-test-view-list,catalog_component_html,gamma-ancestor,e,Text Content Removal,NA,no-text-content,-
catalog-view-list,x-test-view-list,catalog_component_html,gamma-ancestor,a,Attribute Value Modification,SAVED,,LLMR_catalog_component_html_catalog_view_list_gam_a
catalog-view-list,x-test-view-list,catalog_component_html,gamma-ancestor,b,Attribute Removal,SAVED,,LLMR_catalog_component_html_catalog_view_list_gam_b
catalog-view-list,x-test-view-list,catalog_component_html,gamma-ancestor,c,Attribute Identifier Modification,SAVED,,LLMR_catalog_component_html_catalog_view_list_gam_c
catalog-view-list,x-test-view-list,catalog_component_html,gamma-ancestor,i,HTML Tag Removal,SAVED,,LLMR_catalog_component_html_catalog_view_list_gam_i
catalog-view-list,x-test-view-list,catalog_component_html,gamma-ancestor,j,HTML Tag Type Modification,SAVED,,LLMR_catalog_component_html_catalog_view_list_gam_j
catalog-view-list,x-test-view-list,catalog_component_html,gamma-ancestor,k,HTML Tag Insertion,SAVED,,LLMR_catalog_component_html_catalog_view_list_gam_k
catalog-view-list,x-test-view-list,catalog_component_html,delta-sibling,i,HTML Tag Removal,NA,would-drop-x-test,-
catalog-view-list,x-test-view-list,catalog_component_html,delta-sibling,a,Attribute Value Modification,SAVED,,LLMR_catalog_component_html_catalog_view_list_del_a
catalog-view-list,x-test-view-list,catalog_component_html,delta-sibling,b,Attribute Removal,SAVED,,LLMR_catalog_component_html_catalog_view_list_del_b
catalog-view-list,x-test-view-list,catalog_component_html,delta-sibling,c,Attribute Identifier Modification,SAVED,,LLMR_catalog_component_html_catalog_view_list_del_c
catalog-view-list,x-test-view-list,catalog_component_html,delta-sibling,d,Text Content Modification,SAVED,,LLMR_catalog_component_html_catalog_view_list_del_d
catalog-view-list,x-test-view-list,catalog_component_html,delta-sibling,e,Text Content Removal,SAVED,,LLMR_catalog_component_html_catalog_view_list_del_e
catalog-view-list,x-test-view-list,catalog_component_html,delta-sibling,j,HTML Tag Type Modification,SAVED,,LLMR_catalog_component_html_catalog_view_list_del_j
catalog-view-list,x-test-view-list,catalog_component_html,delta-sibling,k,HTML Tag Insertion,SAVED,,LLMR_catalog_component_html_catalog_view_list_del_k
catalog-view-list,x-test-view-list,catalog_component_html,epsilon-component,a,Attribute Value Modification,NA,no-such-role,-
catalog-view-list,x-test-view-list,catalog_component_html,epsilon-component,b,Attribute Removal,NA,no-such-role,-
catalog-view-list,x-test-view-list,catalog_component_html,epsilon-component,c,Attribute Identifier Modification,NA,no-such-role,-
catalog-view-list,x-test-view-list,catalog_component_html,epsilon-component,d,Text Content Modification,NA,no-such-role,-
catalog-view-list,x-test-view-list,catalog_component_html,epsilon-component,e,Text Content Removal,NA,no-such-role,-
catalog-view-list,x-test-view-list,catalog_component_html,epsilon-component,i,HTML Tag Removal,NA,no-such-role,-
catalog-view-list,x-test-view-list,catalog_component_html,epsilon-component,j,HTML Tag Type Modification,NA,no-such-role,-
catalog-view-list,x-test-view-list,catalog_component_html,epsilon-component,k,HTML Tag Insertion,NA,no-such-role,-
card-title,x-test-card-title,movie_card_component_html,alpha-target,i,HTML Tag Removal,NA,would-drop-x-test,-
card-title,x-test-card-title,movie_card_component_html,alpha-target,a,Attribute Value Modification,SAVED,,LLMR_movie_card_component_html_card_title_alf_a
card-title,x-test-card-title,movie_card_component_html,alpha-target,b,Attribute Removal,SAVED,,LLMR_movie_card_component_html_card_title_alf_b
card-title,x-test-card-title,movie_card_component_html,alpha-target,c,Attribute Identifier Modification,SAVED,,LLMR_movie_card_component_html_card_title_alf_c
card-title,x-test-card-title,movie_card_component_html,alpha-target,d,Text Content Modification,SAVED,,LLMR_movie_card_component_html_card_title_alf_d
card-title,x-test-card-title,movie_card_component_html,alpha-target,e,Text Content Removal,SAVED,,LLMR_movie_card_component_html_card_title_alf_e
card-title,x-test-card-title,movie_card_component_html,alpha-target,j,HTML Tag Type Modification,SAVED,,LLMR_movie_card_component_html_card_title_alf_j
card-title,x-test-card-title,movie_card_component_html,alpha-target,k,HTML Tag Insertion,SAVED,,LLMR_movie_card_component_html_card_title_alf_k
card-title,x-test-card-title,movie_card_component_html,beta-parent,d,Text Content Modification,NA,no-text-content,-
card-title,x-test-card-title,movie_card_component_html,beta-parent,e,Text Content Removal,NA,no-text-content,-
card-title,x-test-card-title,movie_card_component_html,beta-parent,i,HTML Tag Removal,NA,would-drop-x-test,-
card-title,x-test-card-title,movie_card_component_html,beta-parent,a,Attribute Value Modification,SAVED,,LLMR_movie_card_component_html_card_title_bet_a
card-title,x-test-card-title,movie_card_component_html,beta-parent,b,Attribute Removal,SAVED,,LLMR_movie_card_component_html_card_title_bet_b
card-title,x-test-card-title,movie_card_component_html,beta-parent,c,Attribute Identifier Modification,SAVED,,LLMR_movie_card_component_html_card_title_bet_c
card-title,x-test-card-title,movie_card_component_html,beta-parent,j,HTML Tag Type Modification,SAVED,,LLMR_movie_card_component_html_card_title_bet_j
card-title,x-test-card-title,movie_card_component_html,beta-parent,k,HTML Tag Insertion,SAVED,,LLMR_movie_card_component_html_card_title_bet_k
card-title,x-test-card-title,movie_card_component_html,gamma-ancestor,d,Text Content Modification,NA,no-text-content,-
card-title,x-test-card-title,movie_card_component_html,gamma-ancestor,e,Text Content Removal,NA,no-text-content,-
card-title,x-test-card-title,movie_card_component_html,gamma-ancestor,a,Attribute Value Modification,SAVED,,LLMR_movie_card_component_html_card_title_gam_a
card-title,x-test-card-title,movie_card_component_html,gamma-ancestor,b,Attribute Removal,SAVED,,LLMR_movie_card_component_html_card_title_gam_b
card-title,x-test-card-title,movie_card_component_html,gamma-ancestor,c,Attribute Identifier Modification,SAVED,,LLMR_movie_card_component_html_card_title_gam_c
card-title,x-test-card-title,movie_card_component_html,gamma-ancestor,i,HTML Tag Removal,SAVED,,LLMR_movie_card_component_html_card_title_gam_i
card-title,x-test-card-title,movie_card_component_html,gamma-ancestor,j,HTML Tag Type Modification,SAVED,,LLMR_movie_card_component_html_card_title_gam_j
card-title,x-test-card-title,movie_card_component_html,gamma-ancestor,k,HTML Tag Insertion,SAVED,,LLMR_movie_card_component_html_card_title_gam_k
card-title,x-test-card-title,movie_card_component_html,delta-sibling,a,Attribute Value Modification,NA,no-such-role,-
card-title,x-test-card-title,movie_card_component_html,delta-sibling,b,Attribute Removal,NA,no-such-role,-
card-title,x-test-card-title,movie_card_component_html,delta-sibling,c,Attribute Identifier Modification,NA,no-such-role,-
card-title,x-test-card-title,movie_card_component_html,delta-sibling,d,Text Content Modification,NA,no-such-role,-
card-title,x-test-card-title,movie_card_component_html,delta-sibling,e,Text Content Removal,NA,no-such-role,-
card-title,x-test-card-title,movie_card_component_html,delta-sibling,i,HTML Tag Removal,NA,no-such-role,-
card-title,x-test-card-title,movie_card_component_html,delta-sibling,j,HTML Tag Type Modification,NA,no-such-role,-
card-title,x-test-card-title,movie_card_component_html,delta-sibling,k,HTML Tag Insertion,NA,no-such-role,-
card-title,x-test-card-title,movie_card_component_html,epsilon-component,a,Attribute Value Modification,NA,no-such-role,-
card-title,x-test-card-title,movie_card_component_html,epsilon-component,b,Attribute Removal,NA,no-such-role,-
card-title,x-test-card-title,movie_card_component_html,epsilon-component,c,Attribute Identifier Modification,NA,no-such-role,-
card-title,x-test-card-title,movie_card_component_html,epsilon-component,d,Text Content Modification,NA,no-such-role,-
card-title,x-test-card-title,movie_card_component_html,epsilon-component,e,Text Content Removal,NA,no-such-role,-
card-title,x-test-card-title,movie_card_component_html,epsilon-component,i,HTML Tag Removal,NA,no-such-role,-
card-title,x-test-card-title,movie_card_component_html,epsilon-component,j,HTML Tag Type Modification,NA,no-such-role,-
card-title,x-test-card-title,movie_card_component_html,epsilon-component,k,HTML Tag Insertion,NA,no-such-role,-
detail-meta,x-test-detail-meta,movie_detail_component_html,alpha-target,i,HTML Tag Removal,NA,would-drop-x-test,-
detail-meta,x-test-detail-meta,movie_detail_component_html,alpha-target,a,Attribute Value Modification,SAVED,,LLMR_movie_detail_component_html_detail_meta_alf_a
detail-meta,x-test-detail-meta,movie_detail_component_html,alpha-target,b,Attribute Removal,SAVED,,LLMR_movie_detail_component_html_detail_meta_alf_b
detail-meta,x-test-detail-meta,movie_detail_component_html,alpha-target,c,Attribute Identifier Modification,SAVED,,LLMR_movie_detail_component_html_detail_meta_alf_c
detail-meta,x-test-detail-meta,movie_detail_component_html,alpha-target,d,Text Content Modification,SAVED,,LLMR_movie_detail_component_html_detail_meta_alf_d
detail-meta,x-test-detail-meta,movie_detail_component_html,alpha-target,e,Text Content Removal,SAVED,,LLMR_movie_detail_component_html_detail_meta_alf_e
detail-meta,x-test-detail-meta,movie_detail_component_html,alpha-target,j,HTML Tag Type Modification,SAVED,,LLMR_movie_detail_component_html_detail_meta_alf_j
detail-meta,x-test-detail-meta,movie_detail_component_html,alpha-target,k,HTML Tag Insertion,SAVED,,LLMR_movie_detail_component_html_detail_meta_alf_k
detail-meta,x-test-detail-meta,movie_detail_component_html,beta-parent,d,Text Content Modification,NA,no-text-content,-
detail-meta,x-test-detail-meta,movie_detail_component_html,beta-parent,e,Text Content Removal,NA,no-text-content,-
detail-meta,x-test-detail-meta,movie_detail_component_html,beta-parent,a,Attribute Value Modification,SAVED,,LLMR_movie_detail_component_html_detail_meta_bet_a
detail-meta,x-test-detail-meta,movie_detail_component_html,beta-parent,b,Attribute Removal,SAVED,,LLMR_movie_detail_component_html_detail_meta_bet_b
detail-meta,x-test-detail-meta,movie_detail_component_html,beta-parent,c,Attribute Identifier Modification,SAVED,,LLMR_movie_detail_component_html_detail_meta_bet_c
detail-meta,x-test-detail-meta,movie_detail_component_html,beta-parent,i,HTML Tag Removal,SAVED,,LLMR_movie_detail_component_html_detail_meta_bet_i
detail-meta,x-test-detail-meta,movie_detail_component_html,beta-parent,j,HTML Tag Type Modification,SAVED,,LLMR_movie_detail_component_html_detail_meta_bet_j
detail-meta,x-test-detail-meta,movie_detail_component_html,beta-parent,k,HTML Tag Insertion,SAVED,,LLMR_movie_detail_component_html_detail_meta_bet_k
detail-meta,x-test-detail-meta,movie_detail_component_html,gamma-ancestor,d,Text Content Modification,NA,no-text-content,-
detail-meta,x-test-detail-meta,movie_detail_component_html,gamma-ancestor,e,Text Content Removal,NA,no-text-content,-
detail-meta,x-test-detail-meta,movie_detail_component_html,gamma-ancestor,a,Attribute Value Modification,SAVED,,LLMR_movie_detail_component_html_detail_meta_gam_a
detail-meta,x-test-detail-meta,movie_detail_component_html,gamma-ancestor,b,Attribute Removal,SAVED,,LLMR_movie_detail_component_html_detail_meta_gam_b
detail-meta,x-test-detail-meta,movie_detail_component_html,gamma-ancestor,c,Attribute Identifier Modification,SAVED,,LLMR_movie_detail_component_html_detail_meta_gam_c
detail-meta,x-test-detail-meta,movie_detail_component_html,gamma-ancestor,i,HTML Tag Removal,SAVED,,LLMR_movie_detail_component_html_detail_meta_gam_i
detail-meta,x-test-detail-meta,movie_detail_component_html,gamma-ancestor,j,HTML Tag Type Modification,SAVED,,LLMR_movie_detail_component_html_detail_meta_gam_j
detail-meta,x-test-detail-meta,movie_detail_component_html,gamma-ancestor,k,HTML Tag Insertion,SAVED,,LLMR_movie_detail_component_html_detail_meta_gam_k
detail-meta,x-test-detail-meta,movie_detail_component_html,delta-sibling,a,Attribute Value Modification,SAVED,,LLMR_movie_detail_component_html_detail_meta_del_a
detail-meta,x-test-detail-meta,movie_detail_component_html,delta-sibling,b,Attribute Removal,SAVED,,LLMR_movie_detail_component_html_detail_meta_del_b
detail-meta,x-test-detail-meta,movie_detail_component_html,delta-sibling,c,Attribute Identifier Modification,SAVED,,LLMR_movie_detail_component_html_detail_meta_del_c
detail-meta,x-test-detail-meta,movie_detail_component_html,delta-sibling,d,Text Content Modification,SAVED,,LLMR_movie_detail_component_html_detail_meta_del_d
detail-meta,x-test-detail-meta,movie_detail_component_html,delta-sibling,e,Text Content Removal,SAVED,,LLMR_movie_detail_component_html_detail_meta_del_e
detail-meta,x-test-detail-meta,movie_detail_component_html,delta-sibling,i,HTML Tag Removal,SAVED,,LLMR_movie_detail_component_html_detail_meta_del_i
detail-meta,x-test-detail-meta,movie_detail_component_html,delta-sibling,j,HTML Tag Type Modification,SAVED,,LLMR_movie_detail_component_html_detail_meta_del_j
detail-meta,x-test-detail-meta,movie_detail_component_html,delta-sibling,k,HTML Tag Insertion,SAVED,,LLMR_movie_detail_component_html_detail_meta_del_k
detail-meta,x-test-detail-meta,movie_detail_component_html,epsilon-component,d,Text Content Modification,NA,no-text-content,-
detail-meta,x-test-detail-meta,movie_detail_component_html,epsilon-component,e,Text Content Removal,NA,no-text-content,-
detail-meta,x-test-detail-meta,movie_detail_component_html,epsilon-component,a,Attribute Value Modification,SAVED,,LLMR_movie_detail_component_html_detail_meta_eps_a
detail-meta,x-test-detail-meta,movie_detail_component_html,epsilon-component,b,Attribute Removal,SAVED,,LLMR_movie_detail_component_html_detail_meta_eps_b
detail-meta,x-test-detail-meta,movie_detail_component_html,epsilon-component,c,Attribute Identifier Modification,SAVED,,LLMR_movie_detail_component_html_detail_meta_eps_c
detail-meta,x-test-detail-meta,movie_detail_component_html,epsilon-component,i,HTML Tag Removal,SAVED,,LLMR_movie_detail_component_html_detail_meta_eps_i
detail-meta,x-test-detail-meta,movie_detail_component_html,epsilon-component,j,HTML Tag Type Modification,SAVED,,LLMR_movie_detail_component_html_detail_meta_eps_j
detail-meta,x-test-detail-meta,movie_detail_component_html,epsilon-component,k,HTML Tag Insertion,SAVED,,LLMR_movie_detail_component_html_detail_meta_eps_k
cast-row,x-test-cast-row,cast_row_component_html,alpha-target,d,Text Content Modification,NA,no-text-content,-
cast-row,x-test-cast-row,cast_row_component_html,alpha-target,e,Text Content Removal,NA,no-text-content,-
cast-row,x-test-cast-row,cast_row_component_html,alpha-target,i,HTML Tag Removal,NA,root-element,-
cast-row,x-test-cast-row,cast_row_component_html,alpha-target,a,Attribute Value Modification,SAVED,,LLMR_cast_row_component_html_cast_row_alf_a
cast-row,x-test-cast-row,cast_row_component_html,alpha-target,b,Attribute Removal,SAVED,,LLMR_cast_row_component_html_cast_row_alf_b
cast-row,x-test-cast-row,cast_row_component_html,alpha-target,c,Attribute Identifier Modification,SAVED,,LLMR_cast_row_component_html_cast_row_alf_c
cast-row,x-test-cast-row,cast_row_component_html,alpha-target,j,HTML Tag Type Modification,SAVED,,LLMR_cast_row_component_html_cast_row_alf_j
cast-row,x-test-cast-row,cast_row_component_html,alpha-target,k,HTML Tag Insertion,SAVED,,LLMR_cast_row_component_html_cast_row_alf_k
cast-row,x-test-cast-row,cast_row_component_html,beta-parent,a,Attribute Value Modification,NA,boundary-element,-
cast-row,x-test-cast-row,cast_row_component_html,beta-parent,b,Attribute Removal,NA,boundary-element,-
cast-row,x-test-cast-row,cast_row_component_html,beta-parent,c,Attribute Identifier Modification,NA,boundary-element,-
cast-row,x-test-cast-row,cast_row_component_html,beta-parent,d,Text Content Modification,NA,boundary-element,-
cast-row,x-test-cast-row,cast_row_component_html,beta-parent,e,Text Content Removal,NA,boundary-element,-
cast-row,x-test-cast-row,cast_row_component_html,beta-parent,i,HTML Tag Removal,NA,boundary-element,-
cast-row,x-test-cast-row,cast_row_component_html,beta-parent,j,HTML Tag Type Modification,NA,boundary-element,-
cast-row,x-test-cast-row,cast_row_component_html,beta-parent,k,HTML Tag Insertion,NA,boundary-element,-
cast-row,x-test-cast-row,cast_row_component_html,gamma-ancestor,a,Attribute Value Modification,NA,no-such-role,-
cast-row,x-test-cast-row,cast_row_component_html,gamma-ancestor,b,Attribute Removal,NA,no-such-role,-
cast-row,x-test-cast-row,cast_row_component_html,gamma-ancestor,c,Attribute Identifier Modification,NA,no-such-role,-
cast-row,x-test-cast-row,cast_row_component_html,gamma-ancestor,d,Text Content Modification,NA,no-such-role,-
cast-row,x-test-cast-row,cast_row_component_html,gamma-ancestor,e,Text Content Removal,NA,no-such-role,-
cast-row,x-test-cast-row,cast_row_component_html,gamma-ancestor,i,HTML Tag Removal,NA,no-such-role,-
cast-row,x-test-cast-row,cast_row_component_html,gamma-ancestor,j,HTML Tag Type Modification,NA,no-such-role,-
cast-row,x-test-cast-row,cast_row_component_html,gamma-ancestor,k,HTML Tag Insertion,NA,no-such-role,-
cast-row,x-test-cast-row,cast_row_component_html,delta-sibling,a,Attribute Value Modification,NA,no-such-role,-
cast-row,x-test-cast-row,cast_row_component_html,delta-sibling,b,Attribute Removal,NA,no-such-role,-
cast-row,x-test-cast-row,cast_row_component_html,delta-sibling,c,Attribute Identifier Modification,NA,no-such-role,-
cast-row,x-test-cast-row,cast_row_component_html,delta-sibling,d,Text Content Modification,NA,no-such-role,-
cast-row,x-test-cast-row,cast_row_component_html,delta-sibling,e,Text Content Removal,NA,no-such-role,-
cast-row,x-test-cast-row,cast_row_component_html,delta-sibling,i,HTML Tag Removal,NA,no-such-role,-
cast-row,x-test-cast-row,cast_row_component_html,delta-sibling,j,HTML Tag Type Modification,NA,no-such-role,-
cast-row,x-test-cast-row,cast_row_component_html,delta-sibling,k,HTML Tag Insertion,NA,no-such-role,-
cast-row,x-test-cast-row,cast_row_component_html,epsilon-component,a,Attribute Value Modification,NA,no-such-role,-
cast-row,x-test-cast-row,cast_row_component_html,epsilon-component,b,Attribute Removal,NA,no-such-role,-
cast-row,x-test-cast-row,cast_row_component_html,epsilon-component,c,Attribute Identifier Modification,NA,no-such-role,-
cast-row,x-test-cast-row,cast_row_component_html,epsilon-component,d,Text Content Modification,NA,no-such-role,-
cast-row,x-test-cast-row,cast_row_component_html,epsilon-component,e,Text Content Removal,NA,no-such-role,-
cast-row,x-test-cast-row,cast_row_component_html,epsilon-component,i,HTML Tag Removal,NA,no-such-role,-
cast-row,x-test-cast-row,cast_row_component_html,epsilon-component,j,HTML Tag Type Modification,NA,no-such-role,-
cast-row,x-test-cast-row,cast_row_component_html,epsilon-component,k,HTML Tag Insertion,NA,no-such-role,-
detail-delete-button,x-test-delete-button,movie_detail_component_html,alpha-target,i,HTML Tag Removal,NA,would-drop-x-test,-
detail-delete-button,x-test-delete-button,movie_detail_component_html,alpha-target,a,Attribute Value Modification,SAVED,,LLMR_movie_detail_component_html_detail_delete_button_alf_a
detail-delete-button,x-test-delete-button,movie_detail_component_html,alpha-target,b,Attribute Removal,SAVED,,LLMR_movie_detail_component_html_detail_delete_button_alf_b
detail-delete-button,x-test-delete-button,movie_detail_component_html,alpha-target,c,Attribute Identifier Modification,SAVED,,LLMR_movie_detail_component_html_detail_delete_button_alf_c
detail-delete-button,x-test-delete-button,movie_detail_component_html,alpha-target,d,Text Content Modification,SAVED,,LLMR_movie_detail_component_html_detail_delete_button_alf_d
detail-delete-button,x-test-delete-button,movie_detail_component_html,alpha-target,e,Text Content Removal,SAVED,,LLMR_movie_detail_component_html_detail_delete_button_alf_e
detail-delete-button,x-test-delete-button,movie_detail_component_html,alpha-target,j,HTML Tag Type Modification,SAVED,,LLMR_movie_detail_component_html_detail_delete_button_alf_j
detail-delete-button,x-test-delete-button,movie_detail_component_html,alpha-target,k,HTML Tag Insertion,SAVED,,LLMR_movie_detail_component_html_detail_delete_button_alf_k
detail-delete-button,x-test-delete-button,movie_detail_component_html,beta-parent,d,Text Content Modification,NA,no-text-content,-
detail-delete-button,x-test-delete-button,movie_detail_component_html,beta-parent,e,Text Content Removal,NA,no-text-content,-
detail-delete-button,x-test-delete-button,movie_detail_component_html,beta-parent,a,Attribute Value Modification,SAVED,,LLMR_movie_detail_component_html_detail_delete_button_bet_a
detail-delete-button,x-test-delete-button,movie_detail_component_html,beta-parent,b,Attribute Removal,SAVED,,LLMR_movie_detail_component_html_detail_delete_button_bet_b
detail-delete-button,x-test-delete-button,movie_detail_component_html,beta-parent,c,Attribute Identifier Modification,SAVED,,LLMR_movie_detail_component_html_detail_delete_button_bet_c
detail-delete-button,x-test-delete-button,movie_detail_component_html,beta-parent,i,HTML Tag Removal,SAVED,,LLMR_movie_detail_component_html_detail_delete_button_bet_i
detail-delete-button,x-test-delete-button,movie_detail_component_html,beta-parent,j,HTML Tag Type Modification,SAVED,,LLMR_movie_detail_component_html_detail_delete_button_bet_j
detail-delete-button,x-test-delete-button,movie_detail_component_html,beta-parent,k,HTML Tag Insertion,SAVED,,LLMR_movie_detail_component_html_detail_delete_button_bet_k
detail-delete-button,x-test-delete-button,movie_detail_component_html,gamma-ancestor,d,Text Content Modification,NA,no-text-content,-
detail-delete-button,x-test-delete-button,movie_detail_component_html,gamma-ancestor,e,Text Content Removal,NA,no-text-content,-
detail-delete-button,x-test-delete-button,movie_detail_component_html,gamma-ancestor,a,Attribute Value Modification,REJECTED,duplicate,-
detail-delete-button,x-test-delete-button,movie_detail_component_html,gamma-ancestor,b,Attribute Removal,REJECTED,duplicate,-
detail-delete-button,x-test-delete-button,movie_detail_component_html,gamma-ancestor,c,Attribute Identifier Modification,REJECTED,duplicate,-
detail-delete-button,x-test-delete-button,movie_detail_component_html,gamma-ancestor,i,HTML Tag Removal,REJECTED,duplicate,-
detail-delete-button,x-test-delete-button,movie_detail_component_html,gamma-ancestor,j,HTML Tag Type Modification,REJECTED,duplicate,-
detail-delete-button,x-test-delete-button,movie_detail_component_html,gamma-ancestor,k,HTML Tag Insertion,REJECTED,duplicate,-
detail-delete-button,x-test-delete-button,movie_detail_component_html,delta-sibling,i,HTML Tag Removal,NA,would-drop-x-test,-
detail-delete-button,x-test-delete-button,movie_detail_component_html,delta-sibling,a,Attribute Value Modification,SAVED,,LLMR_movie_detail_component_html_detail_delete_button_del_a
detail-delete-button,x-test-delete-button,movie_detail_component_html,delta-sibling,b,Attribute Removal,SAVED,,LLMR_movie_detail_component_html_detail_delete_button_del_b
detail-delete-button,x-test-delete-button,movie_detail_component_html,delta-sibling,c,Attribute Identifier Modification,SAVED,,LLMR_movie_detail_component_html_detail_delete_button_del_c
detail-delete-button,x-test-delete-button,movie_detail_component_html,delta-sibling,d,Text Content Modification,SAVED,,LLMR_movie_detail_component_html_detail_delete_button_del_d
detail-delete-button,x-test-delete-button,movie_detail_component_html,delta-sibling,e,Text Content Removal,SAVED,,LLMR_movie_detail_component_html_detail_delete_button_del_e
detail-delete-button,x-test-delete-button,movie_detail_component_html,delta-sibling,j,HTML Tag Type Modification,SAVED,,LLMR_movie_detail_component_html_detail_delete_button_del_j
detail-delete-button,x-test-delete-button,movie_detail_component_html,delta-sibling,k,HTML Tag Insertion,SAVED,,LLMR_movie_detail_component_html_detail_delete_button_del_k
detail-delete-button,x-test-delete-button,movie_detail_component_html,epsilon-component,d,Text Content Modification,NA,no-text-content,-
detail-delete-button,x-test-delete-button,movie_detail_component_html,epsilon-component,e,Text Content Removal,NA,no-text-content,-
detail-delete-button,x-test-delete-button,movie_detail_component_html,epsilon-component,a,Attribute Value Modification,REJECTED,duplicate,-
detail-delete-button,x-test-delete-button,movie_detail_component_html,epsilon-component,b,Attribute Removal,REJECTED,duplicate,-
detail-delete-button,x-test-delete-button,movie_detail_component_html,epsilon-component,c,Attribute Identifier Modification,REJECTED,duplicate,-
detail-delete-button,x-test-delete-button,movie_detail_component_html,epsilon-component,i,HTML Tag Removal,REJECTED,duplicate,-
detail-delete-button,x-test-delete-button,movie_detail_component_html,epsilon-component,j,HTML Tag Type Modification,REJECTED,duplicate,-
detail-delete-button,x-test-delete-button,movie_detail_component_html,epsilon-component,k,HTML Tag Insertion,REJECTED,duplicate,-
detail-not-found,x-test-not-found,movie_detail_component_html,alpha-target,i,HTML Tag Removal,NA,root-element,-
detail-not-found,x-test-not-found,movie_detail_component_html,alpha-target,a,Attribute Value Modification,SAVED,,LLMR_movie_detail_component_html_detail_not_found_alf_a
detail-not-found,x-test-not-found,movie_detail_component_html,alpha-target,b,Attribute Removal,SAVED,,LLMR_movie_detail_component_html_detail_not_found_alf_b
detail-not-found,x-test-not-found,movie_detail_component_html,alpha-target,c,Attribute Identifier Modification,SAVED,,LLMR_movie_detail_component_html_detail_not_found_alf_c
detail-not-found,x-test-not-found,movie_detail_component_html,alpha-target,d,Text Content Modification,SAVED,,LLMR_movie_detail_component_html_detail_not_found_alf_d
detail-not-found,x-test-not-found,movie_detail_component_html,alpha-target,e,Text Content Removal,SAVED,,LLMR_movie_detail_component_html_detail_not_found_alf_e
detail-not-found,x-test-not-found,movie_detail_component_html,alpha-target,j,HTML Tag Type Modification,SAVED,,LLMR_movie_detail_component_html_detail_not_found_alf_j
detail-not-found,x-test-not-found,movie_detail_component_html,alpha-target,k,HTML Tag Insertion,SAVED,,LLMR_movie_detail_component_html_detail_not_found_alf_k
detail-not-found,x-test-not-found,movie_detail_component_html,beta-parent,a,Attribute Value Modification,NA,boundary-element,-
detail-not-found,x-test-not-found,movie_detail_component_html,beta-parent,b,Attribute Removal,NA,boundary-element,-
detail-not-found,x-test-not-found,movie_detail_component_html,beta-parent,c,Attribute Identifier Modification,NA,boundary-element,-
detail-not-found,x-test-not-found,movie_detail_component_html,beta-parent,d,Text Content Modification,NA,boundary-element,-
detail-not-found,x-test-not-found,movie_detail_component_html,beta-parent,e,Text Content Removal,NA,boundary-element,-
detail-not-found,x-test-not-found,movie_detail_component_html,beta-parent,i,HTML Tag Removal,NA,boundary-element,-
detail-not-found,x-test-not-found,movie_detail_component_html,beta-parent,j,HTML Tag Type Modification,NA,boundary-element,-
detail-not-found,x-test-not-found,movie_detail_component_html,beta-parent,k,HTML Tag Insertion,NA,boundary-element,-
detail-not-found,x-test-not-found,movie_detail_component_html,gamma-ancestor,a,Attribute Value Modification,NA,no-such-role,-
detail-not-found,x-test-not-found,movie_detail_component_html,gamma-ancestor,b,Attribute Removal,NA,no-such-role,-
detail-not-found,x-test-not-found,movie_detail_component_html,gamma-ancestor,c,Attribute Identifier Modification,NA,no-such-role,-
detail-not-found,x-test-not-found,movie_detail_component_html,gamma-ancestor,d,Text Content Modification,NA,no-such-role,-
detail-not-found,x-test-not-found,movie_detail_component_html,gamma-ancestor,e,Text Content Removal,NA,no-such-role,-
detail-not-found,x-test-not-found,movie_detail_component_html,gamma-ancestor,i,HTML Tag Removal,NA,no-such-role,-
detail-not-found,x-test-not-found,movie_detail_component_html,gamma-ancestor,j,HTML Tag Type Modification,NA,no-such-role,-
detail-not-found,x-test-not-found,movie_detail_component_html,gamma-ancestor,k,HTML Tag Insertion,NA,no-such-role,-
detail-not-found,x-test-not-found,movie_detail_component_html,delta-sibling,d,Text Content Modification,NA,no-text-content,-
detail-not-found,x-test-not-found,movie_detail_component_html,delta-sibling,e,Text Content Removal,NA,no-text-content,-
detail-not-found,x-test-not-found,movie_detail_component_html,delta-sibling,i,HTML Tag Removal,NA,root-element,-
detail-not-found,x-test-not-found,movie_detail_component_html,delta-sibling,a,Attribute Value Modification,SAVED,,LLMR_movie_detail_component_html_detail_not_found_del_a
detail-not-found,x-test-not-found,movie_detail_component_html,delta-sibling,b,Attribute Removal,SAVED,,LLMR_movie_detail_component_html_detail_not_found_del_b
detail-not-found,x-test-not-found,movie_detail_component_html,delta-sibling,c,Attribute Identifier Modification,SAVED,,LLMR_movie_detail_component_html_detail_not_found_del_c
detail-not-found,x-test-not-found,movie_detail_component_html,delta-sibling,j,HTML Tag Type Modification,SAVED,,LLMR_movie_detail_component_html_detail_not_found_del_j
detail-not-found,x-test-not-found,movie_detail_component_html,delta-sibling,k,HTML Tag Insertion,SAVED,,LLMR_movie_detail_component_html_detail_not_found_del_k
detail-not-found,x-test-not-found,movie_detail_component_html,epsilon-component,a,Attribute Value Modification,NA,no-such-role,-
detail-not-found,x-test-not-found,movie_detail_component_html,epsilon-component,b,Attribute Removal,NA,no-such-role,-
detail-not-found,x-test-not-found,movie_detail_component_html,epsilon-component,c,Attribute Identifier Modification,NA,no-such-role,-
detail-not-found,x-test-not-found,movie_detail_component_html,epsilon-component,d,Text Content Modification,NA,no-such-role,-
detail-not-found,x-test-not-found,movie_detail_component_html,epsilon-component,e,Text Content Removal,NA,no-such-role,-
detail-not-found,x-test-not-found,movie_detail_component_html,epsilon-component,i,HTML Tag Removal,NA,no-such-role,-
detail-not-found,x-test-not-found,movie_detail_component_html,epsilon-component,j,HTML Tag Type Modification,NA,no-such-role,-
detail-not-found,x-test-not-found,movie_detail_component_html,epsilon-component,k,HTML Tag Insertion,NA,no-such-role,-
catalog-favorites-filter,x-test-favorites-filter,catalog_component_html,alpha-target,i,HTML Tag Removal,NA,would-drop-x-test,-
catalog-favorites-filter,x-test-favorites-filter,catalog_component_html,alpha-target,a,Attribute Value Modification,SAVED,,LLMR_catalog_component_html_catalog_favorites_filter_alf_a
catalog-favorites-filter,x-test-favorites-filter,catalog_component_html,alpha-target,b,Attribute Removal,SAVED,,LLMR_catalog_component_html_catalog_favorites_filter_alf_b
catalog-favorites-filter,x-test-favorites-filter,catalog_component_html,alpha-target,c,Attribute Identifier Modification,SAVED,,LLMR_catalog_component_html_catalog_favorites_filter_alf_c
catalog-favorites-filter,x-test-favorites-filter,catalog_component_html,alpha-target,d,Text Content Modification,SAVED,,LLMR_catalog_component_html_catalog_favorites_filter_alf_d
catalog-favorites-filter,x-test-favorites-filter,catalog_component_html,alpha-target,e,Text Content Removal,SAVED,,LLMR_catalog_component_html_catalog_favorites_filter_alf_e
catalog-favorites-filter,x-test-favorites-filter,catalog_component_html,alpha-target,j,HTML Tag Type Modification,SAVED,,LLMR_catalog_component_html_catalog_favorites_filter_alf_j
catalog-favorites-filter,x-test-favorites-filter,catalog_component_html,alpha-target,k,HTML Tag Insertion,SAVED,,LLMR_catalog_component_html_catalog_favorites_filter_alf_k
catalog-favorites-filter,x-test-favorites-filter,catalog_component_html,beta-parent,d,Text Content Modification,NA,no-text-content,-
catalog-favorites-filter,x-test-favorites-filter,catalog_component_html,beta-parent,e,Text Content Removal,NA,no-text-content,-
catalog-favorites-filter,x-test-favorites-filter,catalog_component_html,beta-parent,a,Attribute Value Modification,REJECTED,duplicate,-
catalog-favorites-filter,x-test-favorites-filter,catalog_component_html,beta-parent,b,Attribute Removal,REJECTED,duplicate,-
catalog-favorites-filter,x-test-favorites-filter,catalog_component_html,beta-parent,c,Attribute Identifier Modification,REJECTED,duplicate,-
catalog-favorites-filter,x-test-favorites-filter,catalog_component_html,beta-parent,i,HTML Tag Removal,REJECTED,duplicate,-
catalog-favorites-filter,x-test-favorites-filter,catalog_component_html,beta-parent,j,HTML Tag Type Modification,REJECTED,duplicate,-
catalog-favorites-filter,x-test-favorites-filter,catalog_component_html,beta-parent,k,HTML Tag Insertion,REJECTED,duplicate,-
catalog-favorites-filter,x-test-favorites-filter,catalog_component_html,gamma-ancestor,i,HTML Tag Removal,NA,root-element,-
catalog-favorites-filter,x-test-favorites-filter,catalog_component_html,gamma-ancestor,a,Attribute Value Modification,REJECTED,duplicate,-
catalog-favorites-filter,x-test-favorites-filter,catalog_component_html,gamma-ancestor,b,Attribute Removal,REJECTED,duplicate,-
catalog-favorites-filter,x-test-favorites-filter,catalog_component_html,gamma-ancestor,c,Attribute Identifier Modification,REJECTED,duplicate,-
catalog-favorites-filter,x-test-favorites-filter,catalog_component_html,gamma-ancestor,d,Text Content Modification,REJECTED,duplicate,-
catalog-favorites-filter,x-test-favorites-filter,catalog_component_html,gamma-ancestor,e,Text Content Removal,REJECTED,duplicate,-
catalog-favorites-filter,x-test-favorites-filter,catalog_component_html,gamma-ancestor,j,HTML Tag Type Modification,REJECTED,duplicate,-
catalog-favorites-filter,x-test-favorites-filter,catalog_component_html,gamma-ancestor,k,HTML Tag Insertion,REJECTED,duplicate,-
catalog-favorites-filter,x-test-favorites-filter,catalog_component_html,delta-sibling,d,Text Content Modification,NA,no-text-content,-
catalog-favorites-filter,x-test-favorites-filter,catalog_component_html,delta-sibling,e,Text Content Removal,NA,no-text-content,-
catalog-favorites-filter,x-test-favorites-filter,catalog_component_html,delta-sibling,i,HTML Tag Removal,NA,would-drop-x-test,-
catalog-favorites-filter,x-test-favorites-filter,catalog_component_html,delta-sibling,a,Attribute Value Modification,REJECTED,duplicate,-
catalog-favorites-filter,x-test-favorites-filter,catalog_component_html,delta-sibling,b,Attribute Removal,REJECTED,duplicate,-
catalog-favorites-filter,x-test-favorites-filter,catalog_component_html,delta-sibling,c,Attribute Identifier Modification,REJECTED,duplicate,-
catalog-favorites-filter,x-test-favorites-filter,catalog_component_html,delta-sibling,j,HTML Tag Type Modification,REJECTED,duplicate,-
catalog-favorites-filter,x-test-favorites-filter,catalog_component_html,delta-sibling,k,HTML Tag Insertion,REJECTED,duplicate,-
catalog-favorites-filter,x-test-favorites-filter,catalog_component_html,epsilon-component,a,Attribute Value Modification,NA,no-such-role,-
catalog-favorites-filter,x-test-favorites-filter,catalog_component_html,epsilon-component,b,Attribute Removal,NA,no-such-role,-
catalog-favorites-filter,x-test-favorites-filter,catalog_component_html,epsilon-component,c,Attribute Identifier Modification,NA,no-such-role,-
catalog-favorites-filter,x-test-favorites-filter,catalog_component_html,epsilon-component,d,Text Content Modification,NA,no-such-role,-
catalog-favorites-filter,x-test-favorites-filter,catalog_component_html,epsilon-component,e,Text Content Removal,NA,no-such-role,-
catalog-favorites-filter,x-test-favorites-filter,catalog_component_html,epsilon-component,i,HTML Tag Removal,NA,no-such-role,-
catalog-favorites-filter,x-test-favorites-filter,catalog_component_html,epsilon-component,j,HTML Tag Type Modification,NA,no-such-role,-
catalog-favorites-filter,x-test-favorites-filter,catalog_component_html,epsilon-component,k,HTML Tag Insertion,NA,no-such-role,-
card-favorite-toggle,x-test-favorite-toggle,movie_card_component_html,alpha-target,i,HTML Tag Removal,NA,would-drop-x-test,-
card-favorite-toggle,x-test-favorite-toggle,movie_card_component_html,alpha-target,a,Attribute Value Modification,SAVED,,LLMR_movie_card_component_html_card_favorite_toggle_alf_a
card-favorite-toggle,x-test-favorite-toggle,movie_card_component_html,alpha-target,b,Attribute Removal,SAVED,,LLMR_movie_card_component_html_card_favorite_toggle_alf_b
card-favorite-toggle,x-test-favorite-toggle,movie_card_component_html,alpha-target,c,Attribute Identifier Modification,SAVED,,LLMR_movie_card_component_html_card_favorite_toggle_alf_c
card-favorite-toggle,x-test-favorite-toggle,movie_card_component_html,alpha-target,d,Text Content Modification,SAVED,,LLMR_movie_card_component_html_card_favorite_toggle_alf_d
card-favorite-toggle,x-test-favorite-toggle,movie_card_component_html,alpha-target,e,Text Content Removal,SAVED,,LLMR_movie_card_component_html_card_favorite_toggle_alf_e
card-favorite-toggle,x-test-favorite-toggle,movie_card_component_html,alpha-target,j,HTML Tag Type Modification,SAVED,,LLMR_movie_card_component_html_card_favorite_toggle_alf_j
card-favorite-toggle,x-test-favorite-toggle,movie_card_component_html,alpha-target,k,HTML Tag Insertion,SAVED,,LLMR_movie_card_component_html_card_favorite_toggle_alf_k
card-favorite-toggle,x-test-favorite-toggle,movie_card_component_html,beta-parent,d,Text Content Modification,NA,no-text-content,-
card-favorite-toggle,x-test-favorite-toggle,movie_card_component_html,beta-parent,e,Text Content Removal,NA,no-text-content,-
card-favorite-toggle,x-test-favorite-toggle,movie_card_component_html,beta-parent,i,HTML Tag Removal,NA,root-element,-
card-favorite-toggle,x-test-favorite-toggle,movie_card_component_html,beta-parent,a,Attribute Value Modification,SAVED,,LLMR_movie_card_component_html_card_favorite_toggle_bet_a
card-favorite-toggle,x-test-favorite-toggle,movie_card_component_html,beta-parent,b,Attribute Removal,SAVED,,LLMR_movie_card_component_html_card_favorite_toggle_bet_b
card-favorite-toggle,x-test-favorite-toggle,movie_card_component_html,beta-parent,c,Attribute Identifier Modification,SAVED,,LLMR_movie_card_component_html_card_favorite_toggle_bet_c
card-favorite-toggle,x-test-favorite-toggle,movie_card_component_html,beta-parent,j,HTML Tag Type Modification,SAVED,,LLMR_movie_card_component_html_card_favorite_toggle_bet_j
card-favorite-toggle,x-test-favorite-toggle,movie_card_component_html,beta-parent,k,HTML Tag Insertion,SAVED,,LLMR_movie_card_component_html_card_favorite_toggle_bet_k
card-favorite-toggle,x-test-favorite-toggle,movie_card_component_html,gamma-ancestor,a,Attribute Value Modification,NA,no-such-role,-
card-favorite-toggle,x-test-favorite-toggle,movie_card_component_html,gamma-ancestor,b,Attribute Removal,NA,no-such-role,-
card-favorite-toggle,x-test-favorite-toggle,movie_card_component_html,gamma-ancestor,c,Attribute Identifier Modification,NA,no-such-role,-
card-favorite-toggle,x-test-favorite-toggle,movie_card_component_html,gamma-ancestor,d,Text Content Modification,NA,no-such-role,-
card-favorite-toggle,x-test-favorite-toggle,movie_card_component_html,gamma-ancestor,e,Text Content Removal,NA,no-such-role,-
card-favorite-toggle,x-test-favorite-toggle,movie_card_component_html,gamma-ancestor,i,HTML Tag Removal,NA,no-such-role,-
card-favorite-toggle,x-test-favorite-toggle,movie_card_component_html,gamma-ancestor,j,HTML Tag Type Modification,NA,no-such-role,-
card-favorite-toggle,x-test-favorite-toggle,movie_card_component_html,gamma-ancestor,k,HTML Tag Insertion,NA,no-such-role,-
card-favorite-toggle,x-test-favorite-toggle,movie_card_component_html,delta-sibling,d,Text Content Modification,NA,no-text-content,-
card-favorite-toggle,x-test-favorite-toggle,movie_card_component_html,delta-sibling,e,Text Content Removal,NA,no-text-content,-
card-favorite-toggle,x-test-favorite-toggle,movie_card_component_html,delta-sibling,a,Attribute Value Modification,REJECTED,duplicate,-
card-favorite-toggle,x-test-favorite-toggle,movie_card_component_html,delta-sibling,b,Attribute Removal,REJECTED,duplicate,-
card-favorite-toggle,x-test-favorite-toggle,movie_card_component_html,delta-sibling,c,Attribute Identifier Modification,REJECTED,duplicate,-
card-favorite-toggle,x-test-favorite-toggle,movie_card_component_html,delta-sibling,i,HTML Tag Removal,REJECTED,duplicate,-
card-favorite-toggle,x-test-favorite-toggle,movie_card_component_html,delta-sibling,j,HTML Tag Type Modification,REJECTED,duplicate,-
card-favorite-toggle,x-test-favorite-toggle,movie_card_component_html,delta-sibling,k,HTML Tag Insertion,REJECTED,duplicate,-
card-favorite-toggle,x-test-favorite-toggle,movie_card_component_html,epsilon-component,a,Attribute Value Modification,NA,no-such-role,-
card-favorite-toggle,x-test-favorite-toggle,movie_card_component_html,epsilon-component,b,Attribute Removal,NA,no-such-role,-
card-favorite-toggle,x-test-favorite-toggle,movie_card_component_html,epsilon-component,c,Attribute Identifier Modification,NA,no-such-role,-
card-favorite-toggle,x-test-favorite-toggle,movie_card_component_html,epsilon-component,d,Text Content Modification,NA,no-such-role,-
card-favorite-toggle,x-test-favorite-toggle,movie_card_component_html,epsilon-component,e,Text Content Removal,NA,no-such-role,-
card-favorite-toggle,x-test-favorite-toggle,movie_card_component_html,epsilon-component,i,HTML Tag Removal,NA,no-such-role,-
card-favorite-toggle,x-test-favorite-toggle,movie_card_component_html,epsilon-component,j,HTML Tag Type Modification,NA,no-such-role,-
card-favorite-toggle,x-test-favorite-toggle,movie_card_component_html,epsilon-component,k,HTML Tag Insertion,NA,no-such-role,-
detail-favorite,x-test-detail-favorite,movie_detail_component_html,alpha-target,i,HTML Tag Removal,NA,would-drop-x-test,-
detail-favorite,x-test-detail-favorite,movie_detail_component_html,alpha-target,a,Attribute Value Modification,SAVED,,LLMR_movie_detail_component_html_detail_favorite_alf_a
detail-favorite,x-test-detail-favorite,movie_detail_component_html,alpha-target,b,Attribute Removal,SAVED,,LLMR_movie_detail_component_html_detail_favorite_alf_b
detail-favorite,x-test-detail-favorite,movie_detail_component_html,alpha-target,c,Attribute Identifier Modification,SAVED,,LLMR_movie_detail_component_html_detail_favorite_alf_c
detail-favorite,x-test-detail-favorite,movie_detail_component_html,alpha-target,d,Text Content Modification,SAVED,,LLMR_movie_detail_component_html_detail_favorite_alf_d
detail-favorite,x-test-detail-favorite,movie_detail_component_html,alpha-target,e,Text Content Removal,SAVED,,LLMR_movie_detail_component_html_detail_favorite_alf_e
detail-favorite,x-test-detail-favorite,movie_detail_component_html,alpha-target,j,HTML Tag Type Modification,SAVED,,LLMR_movie_detail_component_html_detail_favorite_alf_j
detail-favorite,x-test-detail-favorite,movie_detail_component_html,alpha-target,k,HTML Tag Insertion,SAVED,,LLMR_movie_detail_component_html_detail_favorite_alf_k
detail-favorite,x-test-detail-favorite,movie_detail_component_html,beta-parent,d,Text Content Modification,NA,no-text-content,-
detail-favorite,x-test-detail-favorite,movie_detail_component_html,beta-parent,e,Text Content Removal,NA,no-text-content,-
detail-favorite,x-test-detail-favorite,movie_detail_component_html,beta-parent,a,Attribute Value Modification,REJECTED,duplicate,-
detail-favorite,x-test-detail-favorite,movie_detail_component_html,beta-parent,b,Attribute Removal,REJECTED,duplicate,-
detail-favorite,x-test-detail-favorite,movie_detail_component_html,beta-parent,c,Attribute Identifier Modification,REJECTED,duplicate,-
detail-favorite,x-test-detail-favorite,movie_detail_component_html,beta-parent,i,HTML Tag Removal,REJECTED,duplicate,-
detail-favorite,x-test-detail-favorite,movie_detail_component_html,beta-parent,j,HTML Tag Type Modification,REJECTED,duplicate,-
detail-favorite,x-test-detail-favorite,movie_detail_component_html,beta-parent,k,HTML Tag Insertion,REJECTED,duplicate,-
detail-favorite,x-test-detail-favorite,movie_detail_component_html,gamma-ancestor,d,Text Content Modification,NA,no-text-content,-
detail-favorite,x-test-detail-favorite,movie_detail_component_html,gamma-ancestor,e,Text Content Removal,NA,no-text-content,-
detail-favorite,x-test-detail-favorite,movie_detail_component_html,gamma-ancestor,a,Attribute Value Modification,REJECTED,duplicate,-
detail-favorite,x-test-detail-favorite,movie_detail_component_html,gamma-ancestor,b,Attribute Removal,REJECTED,duplicate,-
detail-favorite,x-test-detail-favorite,movie_detail_component_html,gamma-ancestor,c,Attribute Identifier Modification,REJECTED,duplicate,-
detail-favorite,x-test-detail-favorite,movie_detail_component_html,gamma-ancestor,i,HTML Tag Removal,REJECTED,duplicate,-
detail-favorite,x-test-detail-favorite,movie_detail_component_html,gamma-ancestor,j,HTML Tag Type Modification,REJECTED,duplicate,-
detail-favorite,x-test-detail-favorite,movie_detail_component_html,gamma-ancestor,k,HTML Tag Insertion,REJECTED,duplicate,-
detail-favorite,x-test-detail-favorite,movie_detail_component_html,delta-sibling,i,HTML Tag Removal,NA,would-drop-x-test,-
detail-favorite,x-test-detail-favorite,movie_detail_component_html,delta-sibling,a,Attribute Value Modification,REJECTED,duplicate,-
detail-favorite,x-test-detail-favorite,movie_detail_component_html,delta-sibling,b,Attribute Removal,REJECTED,duplicate,-
detail-favorite,x-test-detail-favorite,movie_detail_component_html,delta-sibling,c,Attribute Identifier Modification,REJECTED,duplicate,-
detail-favorite,x-test-detail-favorite,movie_detail_component_html,delta-sibling,d,Text Content Modification,REJECTED,duplicate,-
detail-favorite,x-test-detail-favorite,movie_detail_component_html,delta-sibling,e,Text Content Removal,REJECTED,duplicate,-
detail-favorite,x-test-detail-favorite,movie_detail_component_html,delta-sibling,j,HTML Tag Type Modification,REJECTED,duplicate,-
detail-favorite,x-test-detail-favorite,movie_detail_component_html,delta-sibling,k,HTML Tag Insertion,REJECTED,duplicate,-
detail-favorite,x-test-detail-favorite,movie_detail_component_html,epsilon-component,d,Text Content Modification,NA,no-text-content,-
detail-favorite,x-test-detail-favorite,movie_detail_component_html,epsilon-component,e,Text Content Removal,NA,no-text-content,-
detail-favorite,x-test-detail-favorite,movie_detail_component_html,epsilon-component,a,Attribute Value Modification,REJECTED,duplicate,-
detail-favorite,x-test-detail-favorite,movie_detail_component_html,epsilon-component,b,Attribute Removal,REJECTED,duplicate,-
detail-favorite,x-test-detail-favorite,movie_detail_component_html,epsilon-component,c,Attribute Identifier Modification,REJECTED,duplicate,-
detail-favorite,x-test-detail-favorite,movie_detail_component_html,epsilon-component,i,HTML Tag Removal,REJECTED,duplicate,-
detail-favorite,x-test-detail-favorite,movie_detail_component_html,epsilon-component,j,HTML Tag Type Modification,REJECTED,duplicate,-
detail-favorite,x-test-detail-favorite,movie_detail_component_html,epsilon-component,k,HTML Tag Insertion,REJECTED,duplicate,-
review-item,x-test-review-item,reviews_component_html,alpha-target,d,Text Content Modification,NA,no-text-content,-
review-item,x-test-review-item,reviews_component_html,alpha-target,e,Text Content Removal,NA,no-text-content,-
review-item,x-test-review-item,reviews_component_html,alpha-target,i,HTML Tag Removal,NA,would-drop-x-test,-
review-item,x-test-review-item,reviews_component_html,alpha-target,a,Attribute Value Modification,SAVED,,LLMR_reviews_component_html_review_item_alf_a
review-item,x-test-review-item,reviews_component_html,alpha-target,b,Attribute Removal,SAVED,,LLMR_reviews_component_html_review_item_alf_b
review-item,x-test-review-item,reviews_component_html,alpha-target,c,Attribute Identifier Modification,SAVED,,LLMR_reviews_component_html_review_item_alf_c
review-item,x-test-review-item,reviews_component_html,alpha-target,j,HTML Tag Type Modification,SAVED,,LLMR_reviews_component_html_review_item_alf_j
review-item,x-test-review-item,reviews_component_html,alpha-target,k,HTML Tag Insertion,SAVED,,LLMR_reviews_component_html_review_item_alf_k
review-item,x-test-review-item,reviews_component_html,beta-parent,i,HTML Tag Removal,NA,would-drop-x-test,-
review-item,x-test-review-item,reviews_component_html,beta-parent,a,Attribute Value Modification,SAVED,,LLMR_reviews_component_html_review_item_bet_a
review-item,x-test-review-item,reviews_component_html,beta-parent,b,Attribute Removal,SAVED,,LLMR_reviews_component_html_review_item_bet_b
review-item,x-test-review-item,reviews_component_html,beta-parent,c,Attribute Identifier Modification,SAVED,,LLMR_reviews_component_html_review_item_bet_c
review-item,x-test-review-item,reviews_component_html,beta-parent,d,Text Content Modification,SAVED,,LLMR_reviews_component_html_review_item_bet_d
review-item,x-test-review-item,reviews_component_html,beta-parent,e,Text Content Removal,SAVED,,LLMR_reviews_component_html_review_item_bet_e
review-item,x-test-review-item,reviews_component_html,beta-parent,j,HTML Tag Type Modification,SAVED,,LLMR_reviews_component_html_review_item_bet_j
review-item,x-test-review-item,reviews_component_html,beta-parent,k,HTML Tag Insertion,SAVED,,LLMR_reviews_component_html_review_item_bet_k
review-item,x-test-review-item,reviews_component_html,gamma-ancestor,d,Text Content Modification,NA,no-text-content,-
review-item,x-test-review-item,reviews_component_html,gamma-ancestor,e,Text Content Removal,NA,no-text-content,-
review-item,x-test-review-item,reviews_component_html,gamma-ancestor,i,HTML Tag Removal,NA,root-element,-
review-item,x-test-review-item,reviews_component_html,gamma-ancestor,a,Attribute Value Modification,SAVED,,LLMR_reviews_component_html_review_item_gam_a
review-item,x-test-review-item,reviews_component_html,gamma-ancestor,b,Attribute Removal,SAVED,,LLMR_reviews_component_html_review_item_gam_b
review-item,x-test-review-item,reviews_component_html,gamma-ancestor,c,Attribute Identifier Modification,SAVED,,LLMR_reviews_component_html_review_item_gam_c
review-item,x-test-review-item,reviews_component_html,gamma-ancestor,j,HTML Tag Type Modification,SAVED,,LLMR_reviews_component_html_review_item_gam_j
review-item,x-test-review-item,reviews_component_html,gamma-ancestor,k,HTML Tag Insertion,SAVED,,LLMR_reviews_component_html_review_item_gam_k
review-item,x-test-review-item,reviews_component_html,delta-sibling,a,Attribute Value Modification,NA,no-such-role,-
review-item,x-test-review-item,reviews_component_html,delta-sibling,b,Attribute Removal,NA,no-such-role,-
review-item,x-test-review-item,reviews_component_html,delta-sibling,c,Attribute Identifier Modification,NA,no-such-role,-
review-item,x-test-review-item,reviews_component_html,delta-sibling,d,Text Content Modification,NA,no-such-role,-
review-item,x-test-review-item,reviews_component_html,delta-sibling,e,Text Content Removal,NA,no-such-role,-
review-item,x-test-review-item,reviews_component_html,delta-sibling,i,HTML Tag Removal,NA,no-such-role,-
review-item,x-test-review-item,reviews_component_html,delta-sibling,j,HTML Tag Type Modification,NA,no-such-role,-
review-item,x-test-review-item,reviews_component_html,delta-sibling,k,HTML Tag Insertion,NA,no-such-role,-
review-item,x-test-review-item,reviews_component_html,epsilon-component,a,Attribute Value Modification,NA,no-such-role,-
review-item,x-test-review-item,reviews_component_html,epsilon-component,b,Attribute Removal,NA,no-such-role,-
review-item,x-test-review-item,reviews_component_html,epsilon-component,c,Attribute Identifier Modification,NA,no-such-role,-
review-item,x-test-review-item,reviews_component_html,epsilon-component,d,Text Content Modification,NA,no-such-role,-
review-item,x-test-review-item,reviews_component_html,epsilon-component,e,Text Content Removal,NA,no-such-role,-
review-item,x-test-review-item,reviews_component_html,epsilon-component,i,HTML Tag Removal,NA,no-such-role,-
review-item,x-test-review-item,reviews_component_html,epsilon-component,j,HTML Tag Type Modification,NA,no-such-role,-
review-item,x-test-review-item,reviews_component_html,epsilon-component,k,HTML Tag Insertion,NA,no-such-role,-
review-field-author,x-test-review-field-author,reviews_component_html,alpha-target,d,Text Content Modification,NA,no-text-content,-
review-field-author,x-test-review-field-author,reviews_component_html,alpha-target,e,Text Content Removal,NA,no-text-content,-
review-field-author,x-test-review-field-author,reviews_component_html,alpha-target,i,HTML Tag Removal,NA,would-drop-x-test,-
review-field-author,x-test-review-field-author,reviews_component_html,alpha-target,a,Attribute Value Modification,SAVED,,LLMR_reviews_component_html_review_field_author_alf_a
review-field-author,x-test-review-field-author,reviews_component_html,alpha-target,b,Attribute Removal,SAVED,,LLMR_reviews_component_html_review_field_author_alf_b
review-field-author,x-test-review-field-author,reviews_component_html,alpha-target,c,Attribute Identifier Modification,SAVED,,LLMR_reviews_component_html_review_field_author_alf_c
review-field-author,x-test-review-field-author,reviews_component_html,alpha-target,j,HTML Tag Type Modification,SAVED,,LLMR_reviews_component_html_review_field_author_alf_j
review-field-author,x-test-review-field-author,reviews_component_html,alpha-target,k,HTML Tag Insertion,SAVED,,LLMR_reviews_component_html_review_field_author_alf_k
review-field-author,x-test-review-field-author,reviews_component_html,beta-parent,a,Attribute Value Modification,SAVED,,LLMR_reviews_component_html_review_field_author_bet_a
review-field-author,x-test-review-field-author,reviews_component_html,beta-parent,b,Attribute Removal,SAVED,,LLMR_reviews_component_html_review_field_author_bet_b
review-field-author,x-test-review-field-author,reviews_component_html,beta-parent,c,Attribute Identifier Modification,SAVED,,LLMR_reviews_component_html_review_field_author_bet_c
review-field-author,x-test-review-field-author,reviews_component_html,beta-parent,d,Text Content Modification,SAVED,,LLMR_reviews_component_html_review_field_author_bet_d
review-field-author,x-test-review-field-author,reviews_component_html,beta-parent,e,Text Content Removal,SAVED,,LLMR_reviews_component_html_review_field_author_bet_e
review-field-author,x-test-review-field-author,reviews_component_html,beta-parent,i,HTML Tag Removal,SAVED,,LLMR_reviews_component_html_review_field_author_bet_i
review-field-author,x-test-review-field-author,reviews_component_html,beta-parent,j,HTML Tag Type Modification,SAVED,,LLMR_reviews_component_html_review_field_author_bet_j
review-field-author,x-test-review-field-author,reviews_component_html,beta-parent,k,HTML Tag Insertion,SAVED,,LLMR_reviews_component_html_review_field_author_bet_k
review-field-author,x-test-review-field-author,reviews_component_html,gamma-ancestor,d,Text Content Modification,NA,no-text-content,-
review-field-author,x-test-review-field-author,reviews_component_html,gamma-ancestor,e,Text Content Removal,NA,no-text-content,-
review-field-author,x-test-review-field-author,reviews_component_html,gamma-ancestor,a,Attribute Value Modification,SAVED,,LLMR_reviews_component_html_review_field_author_gam_a
review-field-author,x-test-review-field-author,reviews_component_html,gamma-ancestor,b,Attribute Removal,SAVED,,LLMR_reviews_component_html_review_field_author_gam_b
review-field-author,x-test-review-field-author,reviews_component_html,gamma-ancestor,c,Attribute Identifier Modification,SAVED,,LLMR_reviews_component_html_review_field_author_gam_c
review-field-author,x-test-review-field-author,reviews_component_html,gamma-ancestor,i,HTML Tag Removal,SAVED,,LLMR_reviews_component_html_review_field_author_gam_i
review-field-author,x-test-review-field-author,reviews_component_html,gamma-ancestor,j,HTML Tag Type Modification,SAVED,,LLMR_reviews_component_html_review_field_author_gam_j
review-field-author,x-test-review-field-author,reviews_component_html,gamma-ancestor,k,HTML Tag Insertion,SAVED,,LLMR_reviews_component_html_review_field_author_gam_k
review-field-author,x-test-review-field-author,reviews_component_html,delta-sibling,i,HTML Tag Removal,NA,would-drop-x-test,-
review-field-author,x-test-review-field-author,reviews_component_html,delta-sibling,a,Attribute Value Modification,SAVED,,LLMR_reviews_component_html_review_field_author_del_a
review-field-author,x-test-review-field-author,reviews_component_html,delta-sibling,b,Attribute Removal,SAVED,,LLMR_reviews_component_html_review_field_author_del_b
review-field-author,x-test-review-field-author,reviews_component_html,delta-sibling,c,Attribute Identifier Modification,SAVED,,LLMR_reviews_component_html_review_field_author_del_c
review-field-author,x-test-review-field-author,reviews_component_html,delta-sibling,d,Text Content Modification,SAVED,,LLMR_reviews_component_html_review_field_author_del_d
review-field-author,x-test-review-field-author,reviews_component_html,delta-sibling,e,Text Content Removal,SAVED,,LLMR_reviews_component_html_review_field_author_del_e
review-field-author,x-test-review-field-author,reviews_component_html,delta-sibling,j,HTML Tag Type Modification,SAVED,,LLMR_reviews_component_html_review_field_author_del_j
review-field-author,x-test-review-field-author,reviews_component_html,delta-sibling,k,HTML Tag Insertion,SAVED,,LLMR_reviews_component_html_review_field_author_del_k
review-field-author,x-test-review-field-author,reviews_component_html,epsilon-component,a,Attribute Value Modification,NA,no-such-role,-
review-field-author,x-test-review-field-author,reviews_component_html,epsilon-component,b,Attribute Removal,NA,no-such-role,-
review-field-author,x-test-review-field-author,reviews_component_html,epsilon-component,c,Attribute Identifier Modification,NA,no-such-role,-
review-field-author,x-test-review-field-author,reviews_component_html,epsilon-component,d,Text Content Modification,NA,no-such-role,-
review-field-author,x-test-review-field-author,reviews_component_html,epsilon-component,e,Text Content Removal,NA,no-such-role,-
review-field-author,x-test-review-field-author,reviews_component_html,epsilon-component,i,HTML Tag Removal,NA,no-such-role,-
review-field-author,x-test-review-field-author,reviews_component_html,epsilon-component,j,HTML Tag Type Modification,NA,no-such-role,-
review-field-author,x-test-review-field-author,reviews_component_html,epsilon-component,k,HTML Tag Insertion,NA,no-such-role,-
review-submit,x-test-review-submit,reviews_component_html,alpha-target,i,HTML Tag Removal,NA,would-drop-x-test,-
review-submit,x-test-review-submit,reviews_component_html,alpha-target,a,Attribute Value Modification,SAVED,,LLMR_reviews_component_html_review_submit_alf_a
review-submit,x-test-review-submit,reviews_component_html,alpha-target,b,Attribute Removal,SAVED,,LLMR_reviews_component_html_review_submit_alf_b
review-submit,x-test-review-submit,reviews_component_html,alpha-target,c,Attribute Identifier Modification,SAVED,,LLMR_reviews_component_html_review_submit_alf_c
review-submit,x-test-review-submit,reviews_component_html,alpha-target,d,Text Content Modification,SAVED,,LLMR_reviews_component_html_review_submit_alf_d
review-submit,x-test-review-submit,reviews_component_html,alpha-target,e,Text Content Removal,SAVED,,LLMR_reviews_component_html_review_submit_alf_e
review-submit,x-test-review-submit,reviews_component_html,alpha-target,j,HTML Tag Type Modification,SAVED,,LLMR_reviews_component_html_review_submit_alf_j
review-submit,x-test-review-submit,reviews_component_html,alpha-target,k,HTML Tag Insertion,SAVED,,LLMR_reviews_component_html_review_submit_alf_k
review-submit,x-test-review-submit,reviews_component_html,beta-parent,d,Text Content Modification,NA,no-text-content,-
review-submit,x-test-review-submit,reviews_component_html,beta-parent,e,Text Content Removal,NA,no-text-content,-
review-submit,x-test-review-submit,reviews_component_html,beta-parent,a,Attribute Value Modification,SAVED,,LLMR_reviews_component_html_review_submit_bet_a
review-submit,x-test-review-submit,reviews_component_html,beta-parent,b,Attribute Removal,SAVED,,LLMR_reviews_component_html_review_submit_bet_b
review-submit,x-test-review-submit,reviews_component_html,beta-parent,c,Attribute Identifier Modification,SAVED,,LLMR_reviews_component_html_review_submit_bet_c
review-submit,x-test-review-submit,reviews_component_html,beta-parent,i,HTML Tag Removal,SAVED,,LLMR_reviews_component_html_review_submit_bet_i
review-submit,x-test-review-submit,reviews_component_html,beta-parent,j,HTML Tag Type Modification,SAVED,,LLMR_reviews_component_html_review_submit_bet_j
review-submit,x-test-review-submit,reviews_component_html,beta-parent,k,HTML Tag Insertion,SAVED,,LLMR_reviews_component_html_review_submit_bet_k
review-submit,x-test-review-submit,reviews_component_html,gamma-ancestor,d,Text Content Modification,NA,no-text-content,-
review-submit,x-test-review-submit,reviews_component_html,gamma-ancestor,e,Text Content Removal,NA,no-text-content,-
review-submit,x-test-review-submit,reviews_component_html,gamma-ancestor,i,HTML Tag Removal,NA,would-drop-x-test,-
review-submit,x-test-review-submit,reviews_component_html,gamma-ancestor,a,Attribute Value Modification,SAVED,,LLMR_reviews_component_html_review_submit_gam_a
review-submit,x-test-review-submit,reviews_component_html,gamma-ancestor,b,Attribute Removal,SAVED,,LLMR_reviews_component_html_review_submit_gam_b
review-submit,x-test-review-submit,reviews_component_html,gamma-ancestor,c,Attribute Identifier Modification,SAVED,,LLMR_reviews_component_html_review_submit_gam_c
review-submit,x-test-review-submit,reviews_component_html,gamma-ancestor,j,HTML Tag Type Modification,SAVED,,LLMR_reviews_component_html_review_submit_gam_j
review-submit,x-test-review-submit,reviews_component_html,gamma-ancestor,k,HTML Tag Insertion,SAVED,,LLMR_reviews_component_html_review_submit_gam_k
review-submit,x-test-review-submit,reviews_component_html,delta-sibling,a,Attribute Value Modification,NA,no-such-role,-
review-submit,x-test-review-submit,reviews_component_html,delta-sibling,b,Attribute Removal,NA,no-such-role,-
review-submit,x-test-review-submit,reviews_component_html,delta-sibling,c,Attribute Identifier Modification,NA,no-such-role,-
review-submit,x-test-review-submit,reviews_component_html,delta-sibling,d,Text Content Modification,NA,no-such-role,-
review-submit,x-test-review-submit,reviews_component_html,delta-sibling,e,Text Content Removal,NA,no-such-role,-
review-submit,x-test-review-submit,reviews_component_html,delta-sibling,i,HTML Tag Removal,NA,no-such-role,-
review-submit,x-test-review-submit,reviews_component_html,delta-sibling,j,HTML Tag Type Modification,NA,no-such-role,-
review-submit,x-test-review-submit,reviews_component_html,delta-sibling,k,HTML Tag Insertion,NA,no-such-role,-
review-submit,x-test-review-submit,reviews_component_html,epsilon-component,a,Attribute Value Modification,NA,no-such-role,-
review-submit,x-test-review-submit,reviews_component_html,epsilon-component,b,Attribute Removal,NA,no-such-role,-
review-submit,x-test-review-submit,reviews_component_html,epsilon-component,c,Attribute Identifier Modification,NA,no-such-role,-
review-submit,x-test-review-submit,reviews_component_html,epsilon-component,d,Text Content Modification,NA,no-such-role,-
review-submit,x-test-review-submit,reviews_component_html,epsilon-component,e,Text Content Removal,NA,no-such-role,-
review-submit,x-test-review-submit,reviews_component_html,epsilon-component,i,HTML Tag Removal,NA,no-such-role,-
review-submit,x-test-review-submit,reviews_component_html,epsilon-component,j,HTML Tag Type Modification,NA,no-such-role,-
review-submit,x-test-review-submit,reviews_component_html,epsilon-component,k,HTML Tag Insertion,NA,no-such-role,-
review-remove,x-test-review-remove,reviews_component_html,alpha-target,i,HTML Tag Removal,NA,would-drop-x-test,-
review-remove,x-test-review-remove,reviews_component_html,alpha-target,a,Attribute Value Modification,SAVED,,LLMR_reviews_component_html_review_remove_alf_a
review-remove,x-test-review-remove,reviews_component_html,alpha-target,b,Attribute Removal,SAVED,,LLMR_reviews_component_html_review_remove_alf_b
review-remove,x-test-review-remove,reviews_component_html,alpha-target,c,Attribute Identifier Modification,SAVED,,LLMR_reviews_component_html_review_remove_alf_c
review-remove,x-test-review-remove,reviews_component_html,alpha-target,d,Text Content Modification,SAVED,,LLMR_reviews_component_html_review_remove_alf_d
review-remove,x-test-review-remove,reviews_component_html,alpha-target,e,Text Content Removal,SAVED,,LLMR_reviews_component_html_review_remove_alf_e
review-remove,x-test-review-remove,reviews_component_html,alpha-target,j,HTML Tag Type Modification,SAVED,,LLMR_reviews_component_html_review_remove_alf_j
review-remove,x-test-review-remove,reviews_component_html,alpha-target,k,HTML Tag Insertion,SAVED,,LLMR_reviews_component_html_review_remove_alf_k
review-remove,x-test-review-remove,reviews_component_html,beta-parent,d,Text Content Modification,NA,no-text-content,-
review-remove,x-test-review-remove,reviews_component_html,beta-parent,e,Text Content Removal,NA,no-text-content,-
review-remove,x-test-review-remove,reviews_component_html,beta-parent,a,Attribute Value Modification,SAVED,,LLMR_reviews_component_html_review_remove_bet_a
review-remove,x-test-review-remove,reviews_component_html,beta-parent,b,Attribute Removal,SAVED,,LLMR_reviews_component_html_review_remove_bet_b
review-remove,x-test-review-remove,reviews_component_html,beta-parent,c,Attribute Identifier Modification,SAVED,,LLMR_reviews_component_html_review_remove_bet_c
review-remove,x-test-review-remove,reviews_component_html,beta-parent,i,HTML Tag Removal,SAVED,,LLMR_reviews_component_html_review_remove_bet_i
review-remove,x-test-review-remove,reviews_component_html,beta-parent,j,HTML Tag Type Modification,SAVED,,LLMR_reviews_component_html_review_remove_bet_j
review-remove,x-test-review-remove,reviews_component_html,beta-parent,k,HTML Tag Insertion,SAVED,,LLMR_reviews_component_html_review_remove_bet_k
review-remove,x-test-review-remove,reviews_component_html,gamma-ancestor,d,Text Content Modification,NA,no-text-content,-
review-remove,x-test-review-remove,reviews_component_html,gamma-ancestor,e,Text Content Removal,NA,no-text-content,-
review-remove,x-test-review-remove,reviews_component_html,gamma-ancestor,i,HTML Tag Removal,NA,would-drop-x-test,-
review-remove,x-test-review-remove,reviews_component_html,gamma-ancestor,a,Attribute Value Modification,REJECTED,duplicate,-
review-remove,x-test-review-remove,reviews_component_html,gamma-ancestor,b,Attribute Removal,REJECTED,duplicate,-
review-remove,x-test-review-remove,reviews_component_html,gamma-ancestor,c,Attribute Identifier Modification,REJECTED,duplicate,-
review-remove,x-test-review-remove,reviews_component_html,gamma-ancestor,j,HTML Tag Type Modification,REJECTED,duplicate,-
review-remove,x-test-review-remove,reviews_component_html,gamma-ancestor,k,HTML Tag Insertion,REJECTED,duplicate,-
review-remove,x-test-review-remove,reviews_component_html,delta-sibling,i,HTML Tag Removal,NA,would-drop-x-test,-
review-remove,x-test-review-remove,reviews_component_html,delta-sibling,a,Attribute Value Modification,SAVED,,LLMR_reviews_component_html_review_remove_del_a
review-remove,x-test-review-remove,reviews_component_html,delta-sibling,b,Attribute Removal,SAVED,,LLMR_reviews_component_html_review_remove_del_b
review-remove,x-test-review-remove,reviews_component_html,delta-sibling,c,Attribute Identifier Modification,SAVED,,LLMR_reviews_component_html_review_remove_del_c
review-remove,x-test-review-remove,reviews_component_html,delta-sibling,d,Text Content Modification,SAVED,,LLMR_reviews_component_html_review_remove_del_d
review-remove,x-test-review-remove,reviews_component_html,delta-sibling,e,Text Content Removal,SAVED,,LLMR_reviews_component_html_review_remove_del_e
review-remove,x-test-review-remove,reviews_component_html,delta-sibling,j,HTML Tag Type Modification,SAVED,,LLMR_reviews_component_html_review_remove_del_j
review-remove,x-test-review-remove,reviews_component_html,delta-sibling,k,HTML Tag Insertion,SAVED,,LLMR_reviews_component_html_review_remove_del_k
review-remove,x-test-review-remove,reviews_component_html,epsilon-component,a,Attribute Value Modification,NA,no-such-role,-
review-remove,x-test-review-remove,reviews_component_html,epsilon-component,b,Attribute Removal,NA,no-such-role,-
review-remove,x-test-review-remove,reviews_component_html,epsilon-component,c,Attribute Identifier Modification,NA,no-such-role,-
review-remove,x-test-review-remove,reviews_component_html,epsilon-component,d,Text Content Modification,NA,no-such-role,-
review-remove,x-test-review-remove,reviews_component_html,epsilon-component,e,Text Content Removal,NA,no-such-role,-
review-remove,x-test-review-remove,reviews_component_html,epsilon-component,i,HTML Tag Removal,NA,no-such-role,-
review-remove,x-test-review-remove,reviews_component_html,epsilon-component,j,HTML Tag Type Modification,NA,no-such-role,-
review-remove,x-test-review-remove,reviews_component_html,epsilon-component,k,HTML Tag Insertion,NA,no-such-role,-
stat-total-value,x-test-stat-total-value,stats_component_html,alpha-target,i,HTML Tag Removal,NA,would-drop-x-test,-
stat-total-value,x-test-stat-total-value,stats_component_html,alpha-target,a,Attribute Value Modification,SAVED,,LLMR_stats_component_html_stat_total_value_alf_a
stat-total-value,x-test-stat-total-value,stats_component_html,alpha-target,b,Attribute Removal,SAVED,,LLMR_stats_component_html_stat_total_value_alf_b
stat-total-value,x-test-stat-total-value,stats_component_html,alpha-target,c,Attribute Identifier Modification,SAVED,,LLMR_stats_component_html_stat_total_value_alf_c
stat-total-value,x-test-stat-total-value,stats_component_html,alpha-target,d,Text Content Modification,SAVED,,LLMR_stats_component_html_stat_total_value_alf_d
stat-total-value,x-test-stat-total-value,stats_component_html,alpha-target,e,Text Content Removal,SAVED,,LLMR_stats_component_html_stat_total_value_alf_e
stat-total-value,x-test-stat-total-value,stats_component_html,alpha-target,j,HTML Tag Type Modification,SAVED,,LLMR_stats_component_html_stat_total_value_alf_j
stat-total-value,x-test-stat-total-value,stats_component_html,alpha-target,k,HTML Tag Insertion,SAVED,,LLMR_stats_component_html_stat_total_value_alf_k
stat-total-value,x-test-stat-total-value,stats_component_html,beta-parent,d,Text Content Modification,NA,no-text-content,-
stat-total-value,x-test-stat-total-value,stats_component_html,beta-parent,e,Text Content Removal,NA,no-text-content,-
stat-total-value,x-test-stat-total-value,stats_component_html,beta-parent,i,HTML Tag Removal,NA,would-drop-x-test,-
stat-total-value,x-test-stat-total-value,stats_component_html,beta-parent,a,Attribute Value Modification,SAVED,,LLMR_stats_component_html_stat_total_value_bet_a
stat-total-value,x-test-stat-total-value,stats_component_html,beta-parent,b,Attribute Removal,SAVED,,LLMR_stats_component_html_stat_total_value_bet_b
stat-total-value,x-test-stat-total-value,stats_component_html,beta-parent,c,Attribute Identifier Modification,SAVED,,LLMR_stats_component_html_stat_total_value_bet_c
stat-total-value,x-test-stat-total-value,stats_component_html,beta-parent,j,HTML Tag Type Modification,SAVED,,LLMR_stats_component_html_stat_total_value_bet_j
stat-total-value,x-test-stat-total-value,stats_component_html,beta-parent,k,HTML Tag Insertion,SAVED,,LLMR_stats_component_html_stat_total_value_bet_k
stat-total-value,x-test-stat-total-value,stats_component_html,gamma-ancestor,d,Text Content Modification,NA,no-text-content,-
stat-total-value,x-test-stat-total-value,stats_component_html,gamma-ancestor,e,Text Content Removal,NA,no-text-content,-
stat-total-value,x-test-stat-total-value,stats_component_html,gamma-ancestor,i,HTML Tag Removal,NA,would-drop-x-test,-
stat-total-value,x-test-stat-total-value,stats_component_html,gamma-ancestor,a,Attribute Value Modification,SAVED,,LLMR_stats_component_html_stat_total_value_gam_a
stat-total-value,x-test-stat-total-value,stats_component_html,gamma-ancestor,b,Attribute Removal,SAVED,,LLMR_stats_component_html_stat_total_value_gam_b
stat-total-value,x-test-stat-total-value,stats_component_html,gamma-ancestor,c,Attribute Identifier Modification,SAVED,,LLMR_stats_component_html_stat_total_value_gam_c
stat-total-value,x-test-stat-total-value,stats_component_html,gamma-ancestor,j,HTML Tag Type Modification,SAVED,,LLMR_stats_component_html_stat_total_value_gam_j
stat-total-value,x-test-stat-total-value,stats_component_html,gamma-ancestor,k,HTML Tag Insertion,SAVED,,LLMR_stats_component_html_stat_total_value_gam_k
stat-total-value,x-test-stat-total-value,stats_component_html,delta-sibling,a,Attribute Value Modification,SAVED,,LLMR_stats_component_html_stat_total_value_del_a
stat-total-value,x-test-stat-total-value,stats_component_html,delta-sibling,b,Attribute Removal,SAVED,,LLMR_stats_component_html_stat_total_value_del_b
stat-total-value,x-test-stat-total-value,stats_component_html,delta-sibling,c,Attribute Identifier Modification,SAVED,,LLMR_stats_component_html_stat_total_value_del_c
stat-total-value,x-test-stat-total-value,stats_component_html,delta-sibling,d,Text Content Modification,SAVED,,LLMR_stats_component_html_stat_total_value_del_d
stat-total-value,x-test-stat-total-value,stats_component_html,delta-sibling,e,Text Content Removal,SAVED,,LLMR_stats_component_html_stat_total_value_del_e
stat-total-value,x-test-stat-total-value,stats_component_html,delta-sibling,i,HTML Tag Removal,SAVED,,LLMR_stats_component_html_stat_total_value_del_i
stat-total-value,x-test-stat-total-value,stats_component_html,delta-sibling,j,HTML Tag Type Modification,SAVED,,LLMR_stats_component_html_stat_total_value_del_j
stat-total-value,x-test-stat-total-value,stats_component_html,delta-sibling,k,HTML Tag Insertion,SAVED,,LLMR_stats_component_html_stat_total_value_del_k
stat-total-value,x-test-stat-total-value,stats_component_html,epsilon-component,a,Attribute Value Modification,NA,no-such-role,-
stat-total-value,x-test-stat-total-value,stats_component_html,epsilon-component,b,Attribute Removal,NA,no-such-role,-
stat-total-value,x-test-stat-total-value,stats_component_html,epsilon-component,c,Attribute Identifier Modification,NA,no-such-role,-
stat-total-value,x-test-stat-total-value,stats_component_html,epsilon-component,d,Text Content Modification,NA,no-such-role,-
stat-total-value,x-test-stat-total-value,stats_component_html,epsilon-component,e,Text Content Removal,NA,no-such-role,-
stat-total-value,x-test-stat-total-value,stats_component_html,epsilon-component,i,HTML Tag Removal,NA,no-such-role,-
stat-total-value,x-test-stat-total-value,stats_component_html,epsilon-component,j,HTML Tag Type Modification,NA,no-such-role,-
stat-total-value,x-test-stat-total-value,stats_component_html,epsilon-component,k,HTML Tag Insertion,NA,no-such-role,-
genre-row,x-test-genre-row,stats_component_html,alpha-target,d,Text Content Modification,NA,no-text-content,-
genre-row,x-test-genre-row,stats_component_html,alpha-target,e,Text Content Removal,NA,no-text-content,-
genre-row,x-test-genre-row,stats_component_html,alpha-target,i,HTML Tag Removal,NA,would-drop-x-test,-
genre-row,x-test-genre-row,stats_component_html,alpha-target,a,Attribute Value Modification,SAVED,,LLMR_stats_component_html_genre_row_alf_a
genre-row,x-test-genre-row,stats_component_html,alpha-target,b,Attribute Removal,SAVED,,LLMR_stats_component_html_genre_row_alf_b
genre-row,x-test-genre-row,stats_component_html,alpha-target,c,Attribute Identifier Modification,SAVED,,LLMR_stats_component_html_genre_row_alf_c
genre-row,x-test-genre-row,stats_component_html,alpha-target,j,HTML Tag Type Modification,SAVED,,LLMR_stats_component_html_genre_row_alf_j
genre-row,x-test-genre-row,stats_component_html,alpha-target,k,HTML Tag Insertion,SAVED,,LLMR_stats_component_html_genre_row_alf_k
genre-row,x-test-genre-row,stats_component_html,beta-parent,i,HTML Tag Removal,NA,would-drop-x-test,-
genre-row,x-test-genre-row,stats_component_html,beta-parent,a,Attribute Value Modification,SAVED,,LLMR_stats_component_html_genre_row_bet_a
genre-row,x-test-genre-row,stats_component_html,beta-parent,b,Attribute Removal,SAVED,,LLMR_stats_component_html_genre_row_bet_b
genre-row,x-test-genre-row,stats_component_html,beta-parent,c,Attribute Identifier Modification,SAVED,,LLMR_stats_component_html_genre_row_bet_c
genre-row,x-test-genre-row,stats_component_html,beta-parent,d,Text Content Modification,SAVED,,LLMR_stats_component_html_genre_row_bet_d
genre-row,x-test-genre-row,stats_component_html,beta-parent,e,Text Content Removal,SAVED,,LLMR_stats_component_html_genre_row_bet_e
genre-row,x-test-genre-row,stats_component_html,beta-parent,j,HTML Tag Type Modification,SAVED,,LLMR_stats_component_html_genre_row_bet_j
genre-row,x-test-genre-row,stats_component_html,beta-parent,k,HTML Tag Insertion,SAVED,,LLMR_stats_component_html_genre_row_bet_k
genre-row,x-test-genre-row,stats_component_html,gamma-ancestor,d,Text Content Modification,NA,no-text-content,-
genre-row,x-test-genre-row,stats_component_html,gamma-ancestor,e,Text Content Removal,NA,no-text-content,-
genre-row,x-test-genre-row,stats_component_html,gamma-ancestor,a,Attribute Value Modification,SAVED,,LLMR_stats_component_html_genre_row_gam_a
genre-row,x-test-genre-row,stats_component_html,gamma-ancestor,b,Attribute Removal,SAVED,,LLMR_stats_component_html_genre_row_gam_b
genre-row,x-test-genre-row,stats_component_html,gamma-ancestor,c,Attribute Identifier Modification,SAVED,,LLMR_stats_component_html_genre_row_gam_c
genre-row,x-test-genre-row,stats_component_html,gamma-ancestor,i,HTML Tag Removal,SAVED,,LLMR_stats_component_html_genre_row_gam_i
genre-row,x-test-genre-row,stats_component_html,gamma-ancestor,j,HTML Tag Type Modification,SAVED,,LLMR_stats_component_html_genre_row_gam_j
genre-row,x-test-genre-row,stats_component_html,gamma-ancestor,k,HTML Tag Insertion,SAVED,,LLMR_stats_component_html_genre_row_gam_k
genre-row,x-test-genre-row,stats_component_html,delta-sibling,a,Attribute Value Modification,NA,no-such-role,-
genre-row,x-test-genre-row,stats_component_html,delta-sibling,b,Attribute Removal,NA,no-such-role,-
genre-row,x-test-genre-row,stats_component_html,delta-sibling,c,Attribute Identifier Modification,NA,no-such-role,-
genre-row,x-test-genre-row,stats_component_html,delta-sibling,d,Text Content Modification,NA,no-such-role,-
genre-row,x-test-genre-row,stats_component_html,delta-sibling,e,Text Content Removal,NA,no-such-role,-
genre-row,x-test-genre-row,stats_component_html,delta-sibling,i,HTML Tag Removal,NA,no-such-role,-
genre-row,x-test-genre-row,stats_component_html,delta-sibling,j,HTML Tag Type Modification,NA,no-such-role,-
genre-row,x-test-genre-row,stats_component_html,delta-sibling,k,HTML Tag Insertion,NA,no-such-role,-
genre-row,x-test-genre-row,stats_component_html,epsilon-component,d,Text Content Modification,NA,no-text-content,-
genre-row,x-test-genre-row,stats_component_html,epsilon-component,e,Text Content Removal,NA,no-text-content,-
genre-row,x-test-genre-row,stats_component_html,epsilon-component,a,Attribute Value Modification,REJECTED,duplicate,-
genre-row,x-test-genre-row,stats_component_html,epsilon-component,b,Attribute Removal,REJECTED,duplicate,-
genre-row,x-test-genre-row,stats_component_html,epsilon-component,c,Attribute Identifier Modification,REJECTED,duplicate,-
genre-row,x-test-genre-row,stats_component_html,epsilon-component,i,HTML Tag Removal,REJECTED,duplicate,-
genre-row,x-test-genre-row,stats_component_html,epsilon-component,j,HTML Tag Type Modification,REJECTED,duplicate,-
genre-row,x-test-genre-row,stats_component_html,epsilon-component,k,HTML Tag Insertion,REJECTED,duplicate,-
top-row,x-test-top-row,stats_component_html,alpha-target,a,Attribute Value Modification,NA,no-editable-attribute,-
top-row,x-test-top-row,stats_component_html,alpha-target,b,Attribute Removal,NA,no-editable-attribute,-
top-row,x-test-top-row,stats_component_html,alpha-target,c,Attribute Identifier Modification,NA,no-editable-attribute,-
top-row,x-test-top-row,stats_component_html,alpha-target,d,Text Content Modification,NA,no-text-content,-
top-row,x-test-top-row,stats_component_html,alpha-target,e,Text Content Removal,NA,no-text-content,-
top-row,x-test-top-row,stats_component_html,alpha-target,i,HTML Tag Removal,NA,would-drop-x-test,-
top-row,x-test-top-row,stats_component_html,alpha-target,j,HTML Tag Type Modification,SAVED,,LLMR_stats_component_html_top_row_alf_j
top-row,x-test-top-row,stats_component_html,alpha-target,k,HTML Tag Insertion,REJECTED,dropped-x-test-top-row,-
top-row,x-test-top-row,stats_component_html,beta-parent,a,Attribute Value Modification,NA,no-editable-attribute,-
top-row,x-test-top-row,stats_component_html,beta-parent,b,Attribute Removal,NA,no-editable-attribute,-
top-row,x-test-top-row,stats_component_html,beta-parent,c,Attribute Identifier Modification,NA,no-editable-attribute,-
top-row,x-test-top-row,stats_component_html,beta-parent,d,Text Content Modification,REJECTED,dropped-x-test-top-row,-
top-row,x-test-top-row,stats_component_html,beta-parent,e,Text Content Removal,REJECTED,dropped-x-test-top-row,-
top-row,x-test-top-row,stats_component_html,beta-parent,i,HTML Tag Removal,REJECTED,dropped-x-test-top-row,-
top-row,x-test-top-row,stats_component_html,beta-parent,j,HTML Tag Type Modification,REJECTED,dropped-x-test-top-row,-
top-row,x-test-top-row,stats_component_html,beta-parent,k,HTML Tag Insertion,SAVED,,LLMR_stats_component_html_top_row_bet_k
top-row,x-test-top-row,stats_component_html,gamma-ancestor,d,Text Content Modification,NA,no-text-content,-
top-row,x-test-top-row,stats_component_html,gamma-ancestor,e,Text Content Removal,NA,no-text-content,-
top-row,x-test-top-row,stats_component_html,gamma-ancestor,i,HTML Tag Removal,NA,would-drop-x-test,-
top-row,x-test-top-row,stats_component_html,gamma-ancestor,a,Attribute Value Modification,SAVED,,LLMR_stats_component_html_top_row_gam_a
top-row,x-test-top-row,stats_component_html,gamma-ancestor,b,Attribute Removal,SAVED,,LLMR_stats_component_html_top_row_gam_b
top-row,x-test-top-row,stats_component_html,gamma-ancestor,c,Attribute Identifier Modification,SAVED,,LLMR_stats_component_html_top_row_gam_c
top-row,x-test-top-row,stats_component_html,gamma-ancestor,j,HTML Tag Type Modification,REJECTED,dropped-x-test-top-row,-
top-row,x-test-top-row,stats_component_html,gamma-ancestor,k,HTML Tag Insertion,SAVED,,LLMR_stats_component_html_top_row_gam_k
top-row,x-test-top-row,stats_component_html,delta-sibling,a,Attribute Value Modification,NA,no-such-role,-
top-row,x-test-top-row,stats_component_html,delta-sibling,b,Attribute Removal,NA,no-such-role,-
top-row,x-test-top-row,stats_component_html,delta-sibling,c,Attribute Identifier Modification,NA,no-such-role,-
top-row,x-test-top-row,stats_component_html,delta-sibling,d,Text Content Modification,NA,no-such-role,-
top-row,x-test-top-row,stats_component_html,delta-sibling,e,Text Content Removal,NA,no-such-role,-
top-row,x-test-top-row,stats_component_html,delta-sibling,i,HTML Tag Removal,NA,no-such-role,-
top-row,x-test-top-row,stats_component_html,delta-sibling,j,HTML Tag Type Modification,NA,no-such-role,-
top-row,x-test-top-row,stats_component_html,delta-sibling,k,HTML Tag Insertion,NA,no-such-role,-
top-row,x-test-top-row,stats_component_html,epsilon-component,d,Text Content Modification,NA,no-text-content,-
top-row,x-test-top-row,stats_component_html,epsilon-component,e,Text Content Removal,NA,no-text-content,-
top-row,x-test-top-row,stats_component_html,epsilon-component,a,Attribute Value Modification,SAVED,,LLMR_stats_component_html_top_row_eps_a
top-row,x-test-top-row,stats_component_html,epsilon-component,b,Attribute Removal,SAVED,,LLMR_stats_component_html_top_row_eps_b
top-row,x-test-top-row,stats_component_html,epsilon-component,c,Attribute Identifier Modification,SAVED,,LLMR_stats_component_html_top_row_eps_c
top-row,x-test-top-row,stats_component_html,epsilon-component,i,HTML Tag Removal,SAVED,,LLMR_stats_component_html_top_row_eps_i
top-row,x-test-top-row,stats_component_html,epsilon-component,j,HTML Tag Type Modification,SAVED,,LLMR_stats_component_html_top_row_eps_j
top-row,x-test-top-row,stats_component_html,epsilon-component,k,HTML Tag Insertion,SAVED,,LLMR_stats_component_html_top_row_eps_k
top-title,x-test-top-title,stats_component_html,alpha-target,i,HTML Tag Removal,NA,would-drop-x-test,-
top-title,x-test-top-title,stats_component_html,alpha-target,a,Attribute Value Modification,SAVED,,LLMR_stats_component_html_top_title_alf_a
top-title,x-test-top-title,stats_component_html,alpha-target,b,Attribute Removal,SAVED,,LLMR_stats_component_html_top_title_alf_b
top-title,x-test-top-title,stats_component_html,alpha-target,c,Attribute Identifier Modification,SAVED,,LLMR_stats_component_html_top_title_alf_c
top-title,x-test-top-title,stats_component_html,alpha-target,d,Text Content Modification,SAVED,,LLMR_stats_component_html_top_title_alf_d
top-title,x-test-top-title,stats_component_html,alpha-target,e,Text Content Removal,SAVED,,LLMR_stats_component_html_top_title_alf_e
top-title,x-test-top-title,stats_component_html,alpha-target,j,HTML Tag Type Modification,SAVED,,LLMR_stats_component_html_top_title_alf_j
top-title,x-test-top-title,stats_component_html,alpha-target,k,HTML Tag Insertion,SAVED,,LLMR_stats_component_html_top_title_alf_k
top-title,x-test-top-title,stats_component_html,beta-parent,a,Attribute Value Modification,NA,no-editable-attribute,-
top-title,x-test-top-title,stats_component_html,beta-parent,b,Attribute Removal,NA,no-editable-attribute,-
top-title,x-test-top-title,stats_component_html,beta-parent,c,Attribute Identifier Modification,NA,no-editable-attribute,-
top-title,x-test-top-title,stats_component_html,beta-parent,d,Text Content Modification,NA,no-text-content,-
top-title,x-test-top-title,stats_component_html,beta-parent,e,Text Content Removal,NA,no-text-content,-
top-title,x-test-top-title,stats_component_html,beta-parent,i,HTML Tag Removal,SAVED,,LLMR_stats_component_html_top_title_bet_i
top-title,x-test-top-title,stats_component_html,beta-parent,j,HTML Tag Type Modification,REJECTED,duplicate,-
top-title,x-test-top-title,stats_component_html,beta-parent,k,HTML Tag Insertion,SAVED,,LLMR_stats_component_html_top_title_bet_k
top-title,x-test-top-title,stats_component_html,gamma-ancestor,a,Attribute Value Modification,NA,no-editable-attribute,-
top-title,x-test-top-title,stats_component_html,gamma-ancestor,b,Attribute Removal,NA,no-editable-attribute,-
top-title,x-test-top-title,stats_component_html,gamma-ancestor,c,Attribute Identifier Modification,NA,no-editable-attribute,-
top-title,x-test-top-title,stats_component_html,gamma-ancestor,d,Text Content Modification,NA,no-text-content,-
top-title,x-test-top-title,stats_component_html,gamma-ancestor,e,Text Content Removal,NA,no-text-content,-
top-title,x-test-top-title,stats_component_html,gamma-ancestor,i,HTML Tag Removal,NA,would-drop-x-test,-
top-title,x-test-top-title,stats_component_html,gamma-ancestor,j,HTML Tag Type Modification,REJECTED,duplicate,-
top-title,x-test-top-title,stats_component_html,gamma-ancestor,k,HTML Tag Insertion,REJECTED,dropped-x-test-top-row,-
top-title,x-test-top-title,stats_component_html,delta-sibling,a,Attribute Value Modification,NA,no-such-role,-
top-title,x-test-top-title,stats_component_html,delta-sibling,b,Attribute Removal,NA,no-such-role,-
top-title,x-test-top-title,stats_component_html,delta-sibling,c,Attribute Identifier Modification,NA,no-such-role,-
top-title,x-test-top-title,stats_component_html,delta-sibling,d,Text Content Modification,NA,no-such-role,-
top-title,x-test-top-title,stats_component_html,delta-sibling,e,Text Content Removal,NA,no-such-role,-
top-title,x-test-top-title,stats_component_html,delta-sibling,i,HTML Tag Removal,NA,no-such-role,-
top-title,x-test-top-title,stats_component_html,delta-sibling,j,HTML Tag Type Modification,NA,no-such-role,-
top-title,x-test-top-title,stats_component_html,delta-sibling,k,HTML Tag Insertion,NA,no-such-role,-
top-title,x-test-top-title,stats_component_html,epsilon-component,d,Text Content Modification,NA,no-text-content,-
top-title,x-test-top-title,stats_component_html,epsilon-component,e,Text Content Removal,NA,no-text-content,-
top-title,x-test-top-title,stats_component_html,epsilon-component,a,Attribute Value Modification,REJECTED,duplicate,-
top-title,x-test-top-title,stats_component_html,epsilon-component,b,Attribute Removal,REJECTED,duplicate,-
top-title,x-test-top-title,stats_component_html,epsilon-component,c,Attribute Identifier Modification,REJECTED,duplicate,-
top-title,x-test-top-title,stats_component_html,epsilon-component,i,HTML Tag Removal,REJECTED,duplicate,-
top-title,x-test-top-title,stats_component_html,epsilon-component,j,HTML Tag Type Modification,REJECTED,duplicate,-
top-title,x-test-top-title,stats_component_html,epsilon-component,k,HTML Tag Insertion,REJECTED,duplicate,-
field-title,x-test-field-title,movie_form_component_html,alpha-target,d,Text Content Modification,NA,no-text-content,-
field-title,x-test-field-title,movie_form_component_html,alpha-target,e,Text Content Removal,NA,no-text-content,-
field-title,x-test-field-title,movie_form_component_html,alpha-target,i,HTML Tag Removal,NA,would-drop-x-test,-
field-title,x-test-field-title,movie_form_component_html,alpha-target,a,Attribute Value Modification,SAVED,,LLMR_movie_form_component_html_field_title_alf_a
field-title,x-test-field-title,movie_form_component_html,alpha-target,b,Attribute Removal,SAVED,,LLMR_movie_form_component_html_field_title_alf_b
field-title,x-test-field-title,movie_form_component_html,alpha-target,c,Attribute Identifier Modification,SAVED,,LLMR_movie_form_component_html_field_title_alf_c
field-title,x-test-field-title,movie_form_component_html,alpha-target,j,HTML Tag Type Modification,SAVED,,LLMR_movie_form_component_html_field_title_alf_j
field-title,x-test-field-title,movie_form_component_html,alpha-target,k,HTML Tag Insertion,SAVED,,LLMR_movie_form_component_html_field_title_alf_k
field-title,x-test-field-title,movie_form_component_html,beta-parent,a,Attribute Value Modification,SAVED,,LLMR_movie_form_component_html_field_title_bet_a
field-title,x-test-field-title,movie_form_component_html,beta-parent,b,Attribute Removal,SAVED,,LLMR_movie_form_component_html_field_title_bet_b
field-title,x-test-field-title,movie_form_component_html,beta-parent,c,Attribute Identifier Modification,SAVED,,LLMR_movie_form_component_html_field_title_bet_c
field-title,x-test-field-title,movie_form_component_html,beta-parent,d,Text Content Modification,SAVED,,LLMR_movie_form_component_html_field_title_bet_d
field-title,x-test-field-title,movie_form_component_html,beta-parent,e,Text Content Removal,SAVED,,LLMR_movie_form_component_html_field_title_bet_e
field-title,x-test-field-title,movie_form_component_html,beta-parent,i,HTML Tag Removal,SAVED,,LLMR_movie_form_component_html_field_title_bet_i
field-title,x-test-field-title,movie_form_component_html,beta-parent,j,HTML Tag Type Modification,SAVED,,LLMR_movie_form_component_html_field_title_bet_j
field-title,x-test-field-title,movie_form_component_html,beta-parent,k,HTML Tag Insertion,SAVED,,LLMR_movie_form_component_html_field_title_bet_k
field-title,x-test-field-title,movie_form_component_html,gamma-ancestor,d,Text Content Modification,NA,no-text-content,-
field-title,x-test-field-title,movie_form_component_html,gamma-ancestor,e,Text Content Removal,NA,no-text-content,-
field-title,x-test-field-title,movie_form_component_html,gamma-ancestor,i,HTML Tag Removal,NA,would-drop-x-test,-
field-title,x-test-field-title,movie_form_component_html,gamma-ancestor,a,Attribute Value Modification,SAVED,,LLMR_movie_form_component_html_field_title_gam_a
field-title,x-test-field-title,movie_form_component_html,gamma-ancestor,b,Attribute Removal,SAVED,,LLMR_movie_form_component_html_field_title_gam_b
field-title,x-test-field-title,movie_form_component_html,gamma-ancestor,c,Attribute Identifier Modification,SAVED,,LLMR_movie_form_component_html_field_title_gam_c
field-title,x-test-field-title,movie_form_component_html,gamma-ancestor,j,HTML Tag Type Modification,SAVED,,LLMR_movie_form_component_html_field_title_gam_j
field-title,x-test-field-title,movie_form_component_html,gamma-ancestor,k,HTML Tag Insertion,SAVED,,LLMR_movie_form_component_html_field_title_gam_k
field-title,x-test-field-title,movie_form_component_html,delta-sibling,i,HTML Tag Removal,NA,would-drop-x-test,-
field-title,x-test-field-title,movie_form_component_html,delta-sibling,a,Attribute Value Modification,SAVED,,LLMR_movie_form_component_html_field_title_del_a
field-title,x-test-field-title,movie_form_component_html,delta-sibling,b,Attribute Removal,SAVED,,LLMR_movie_form_component_html_field_title_del_b
field-title,x-test-field-title,movie_form_component_html,delta-sibling,c,Attribute Identifier Modification,SAVED,,LLMR_movie_form_component_html_field_title_del_c
field-title,x-test-field-title,movie_form_component_html,delta-sibling,d,Text Content Modification,SAVED,,LLMR_movie_form_component_html_field_title_del_d
field-title,x-test-field-title,movie_form_component_html,delta-sibling,e,Text Content Removal,SAVED,,LLMR_movie_form_component_html_field_title_del_e
field-title,x-test-field-title,movie_form_component_html,delta-sibling,j,HTML Tag Type Modification,SAVED,,LLMR_movie_form_component_html_field_title_del_j
field-title,x-test-field-title,movie_form_component_html,delta-sibling,k,HTML Tag Insertion,SAVED,,LLMR_movie_form_component_html_field_title_del_k
field-title,x-test-field-title,movie_form_component_html,epsilon-component,a,Attribute Value Modification,NA,no-such-role,-
field-title,x-test-field-title,movie_form_component_html,epsilon-component,b,Attribute Removal,NA,no-such-role,-
field-title,x-test-field-title,movie_form_component_html,epsilon-component,c,Attribute Identifier Modification,NA,no-such-role,-
field-title,x-test-field-title,movie_form_component_html,epsilon-component,d,Text Content Modification,NA,no-such-role,-
field-title,x-test-field-title,movie_form_component_html,epsilon-component,e,Text Content Removal,NA,no-such-role,-
field-title,x-test-field-title,movie_form_component_html,epsilon-component,i,HTML Tag Removal,NA,no-such-role,-
field-title,x-test-field-title,movie_form_component_html,epsilon-component,j,HTML Tag Type Modification,NA,no-such-role,-
field-title,x-test-field-title,movie_form_component_html,epsilon-component,k,HTML Tag Insertion,NA,no-such-role,-
form-submit,x-test-form-submit,movie_form_component_html,alpha-target,i,HTML Tag Removal,NA,would-drop-x-test,-
form-submit,x-test-form-submit,movie_form_component_html,alpha-target,a,Attribute Value Modification,SAVED,,LLMR_movie_form_component_html_form_submit_alf_a
form-submit,x-test-form-submit,movie_form_component_html,alpha-target,b,Attribute Removal,SAVED,,LLMR_movie_form_component_html_form_submit_alf_b
form-submit,x-test-form-submit,movie_form_component_html,alpha-target,c,Attribute Identifier Modification,SAVED,,LLMR_movie_form_component_html_form_submit_alf_c
form-submit,x-test-form-submit,movie_form_component_html,alpha-target,d,Text Content Modification,SAVED,,LLMR_movie_form_component_html_form_submit_alf_d
form-submit,x-test-form-submit,movie_form_component_html,alpha-target,e,Text Content Removal,SAVED,,LLMR_movie_form_component_html_form_submit_alf_e
form-submit,x-test-form-submit,movie_form_component_html,alpha-target,j,HTML Tag Type Modification,SAVED,,LLMR_movie_form_component_html_form_submit_alf_j
form-submit,x-test-form-submit,movie_form_component_html,alpha-target,k,HTML Tag Insertion,SAVED,,LLMR_movie_form_component_html_form_submit_alf_k
form-submit,x-test-form-submit,movie_form_component_html,beta-parent,d,Text Content Modification,NA,no-text-content,-
form-submit,x-test-form-submit,movie_form_component_html,beta-parent,e,Text Content Removal,NA,no-text-content,-
form-submit,x-test-form-submit,movie_form_component_html,beta-parent,a,Attribute Value Modification,SAVED,,LLMR_movie_form_component_html_form_submit_bet_a
form-submit,x-test-form-submit,movie_form_component_html,beta-parent,b,Attribute Removal,SAVED,,LLMR_movie_form_component_html_form_submit_bet_b
form-submit,x-test-form-submit,movie_form_component_html,beta-parent,c,Attribute Identifier Modification,SAVED,,LLMR_movie_form_component_html_form_submit_bet_c
form-submit,x-test-form-submit,movie_form_component_html,beta-parent,i,HTML Tag Removal,SAVED,,LLMR_movie_form_component_html_form_submit_bet_i
form-submit,x-test-form-submit,movie_form_component_html,beta-parent,j,HTML Tag Type Modification,SAVED,,LLMR_movie_form_component_html_form_submit_bet_j
form-submit,x-test-form-submit,movie_form_component_html,beta-parent,k,HTML Tag Insertion,SAVED,,LLMR_movie_form_component_html_form_submit_bet_k
form-submit,x-test-form-submit,movie_form_component_html,gamma-ancestor,d,Text Content Modification,NA,no-text-content,-
form-submit,x-test-form-submit,movie_form_component_html,gamma-ancestor,e,Text Content Removal,NA,no-text-content,-
form-submit,x-test-form-submit,movie_form_component_html,gamma-ancestor,i,HTML Tag Removal,NA,would-drop-x-test,-
form-submit,x-test-form-submit,movie_form_component_html,gamma-ancestor,a,Attribute Value Modification,REJECTED,duplicate,-
form-submit,x-test-form-submit,movie_form_component_html,gamma-ancestor,b,Attribute Removal,REJECTED,duplicate,-
form-submit,x-test-form-submit,movie_form_component_html,gamma-ancestor,c,Attribute Identifier Modification,REJECTED,duplicate,-
form-submit,x-test-form-submit,movie_form_component_html,gamma-ancestor,j,HTML Tag Type Modification,REJECTED,duplicate,-
form-submit,x-test-form-submit,movie_form_component_html,gamma-ancestor,k,HTML Tag Insertion,REJECTED,duplicate,-
form-submit,x-test-form-submit,movie_form_component_html,delta-sibling,i,HTML Tag Removal,NA,would-drop-x-test,-
form-submit,x-test-form-submit,movie_form_component_html,delta-sibling,a,Attribute Value Modification,SAVED,,LLMR_movie_form_component_html_form_submit_del_a
form-submit,x-test-form-submit,movie_form_component_html,delta-sibling,b,Attribute Removal,SAVED,,LLMR_movie_form_component_html_form_submit_del_b
form-submit,x-test-form-submit,movie_form_component_html,delta-sibling,c,Attribute Identifier Modification,SAVED,,LLMR_movie_form_component_html_form_submit_del_c
form-submit,x-test-form-submit,movie_form_component_html,delta-sibling,d,Text Content Modification,SAVED,,LLMR_movie_form_component_html_form_submit_del_d
form-submit,x-test-form-submit,movie_form_component_html,delta-sibling,e,Text Content Removal,SAVED,,LLMR_movie_form_component_html_form_submit_del_e
form-submit,x-test-form-submit,movie_form_component_html,delta-sibling,j,HTML Tag Type Modification,SAVED,,LLMR_movie_form_component_html_form_submit_del_j
form-submit,x-test-form-submit,movie_form_component_html,delta-sibling,k,HTML Tag Insertion,SAVED,,LLMR_movie_form_component_html_form_submit_del_k
form-submit,x-test-form-submit,movie_form_component_html,epsilon-component,a,Attribute Value Modification,NA,no-such-role,-
form-submit,x-test-form-submit,movie_form_component_html,epsilon-component,b,Attribute Removal,NA,no-such-role,-
form-submit,x-test-form-submit,movie_form_component_html,epsilon-component,c,Attribute Identifier Modification,NA,no-such-role,-
form-submit,x-test-form-submit,movie_form_component_html,epsilon-component,d,Text Content Modification,NA,no-such-role,-
form-submit,x-test-form-submit,movie_form_component_html,epsilon-component,e,Text Content Removal,NA,no-such-role,-
form-submit,x-test-form-submit,movie_form_component_html,epsilon-component,i,HTML Tag Removal,NA,no-such-role,-
form-submit,x-test-form-submit,movie_form_component_html,epsilon-component,j,HTML Tag Type Modification,NA,no-such-role,-
form-submit,x-test-form-submit,movie_form_component_html,epsilon-component,k,HTML Tag Insertion,NA,no-such-role,-
cast-add,x-test-cast-add,movie_form_component_html,alpha-target,i,HTML Tag Removal,NA,would-drop-x-test,-
cast-add,x-test-cast-add,movie_form_component_html,alpha-target,a,Attribute Value Modification,SAVED,,LLMR_movie_form_component_html_cast_add_alf_a
cast-add,x-test-cast-add,movie_form_component_html,alpha-target,b,Attribute Removal,SAVED,,LLMR_movie_form_component_html_cast_add_alf_b
cast-add,x-test-cast-add,movie_form_component_html,alpha-target,c,Attribute Identifier Modification,SAVED,,LLMR_movie_form_component_html_cast_add_alf_c
cast-add,x-test-cast-add,movie_form_component_html,alpha-target,d,Text Content Modification,SAVED,,LLMR_movie_form_component_html_cast_add_alf_d
cast-add,x-test-cast-add,movie_form_component_html,alpha-target,e,Text Content Removal,SAVED,,LLMR_movie_form_component_html_cast_add_alf_e
cast-add,x-test-cast-add,movie_form_component_html,alpha-target,j,HTML Tag Type Modification,SAVED,,LLMR_movie_form_component_html_cast_add_alf_j
cast-add,x-test-cast-add,movie_form_component_html,alpha-target,k,HTML Tag Insertion,SAVED,,LLMR_movie_form_component_html_cast_add_alf_k
cast-add,x-test-cast-add,movie_form_component_html,beta-parent,d,Text Content Modification,NA,no-text-content,-
cast-add,x-test-cast-add,movie_form_component_html,beta-parent,e,Text Content Removal,NA,no-text-content,-
cast-add,x-test-cast-add,movie_form_component_html,beta-parent,a,Attribute Value Modification,SAVED,,LLMR_movie_form_component_html_cast_add_bet_a
cast-add,x-test-cast-add,movie_form_component_html,beta-parent,b,Attribute Removal,SAVED,,LLMR_movie_form_component_html_cast_add_bet_b
cast-add,x-test-cast-add,movie_form_component_html,beta-parent,c,Attribute Identifier Modification,SAVED,,LLMR_movie_form_component_html_cast_add_bet_c
cast-add,x-test-cast-add,movie_form_component_html,beta-parent,i,HTML Tag Removal,SAVED,,LLMR_movie_form_component_html_cast_add_bet_i
cast-add,x-test-cast-add,movie_form_component_html,beta-parent,j,HTML Tag Type Modification,SAVED,,LLMR_movie_form_component_html_cast_add_bet_j
cast-add,x-test-cast-add,movie_form_component_html,beta-parent,k,HTML Tag Insertion,SAVED,,LLMR_movie_form_component_html_cast_add_bet_k
cast-add,x-test-cast-add,movie_form_component_html,gamma-ancestor,d,Text Content Modification,NA,no-text-content,-
cast-add,x-test-cast-add,movie_form_component_html,gamma-ancestor,e,Text Content Removal,NA,no-text-content,-
cast-add,x-test-cast-add,movie_form_component_html,gamma-ancestor,a,Attribute Value Modification,SAVED,,LLMR_movie_form_component_html_cast_add_gam_a
cast-add,x-test-cast-add,movie_form_component_html,gamma-ancestor,b,Attribute Removal,SAVED,,LLMR_movie_form_component_html_cast_add_gam_b
cast-add,x-test-cast-add,movie_form_component_html,gamma-ancestor,c,Attribute Identifier Modification,SAVED,,LLMR_movie_form_component_html_cast_add_gam_c
cast-add,x-test-cast-add,movie_form_component_html,gamma-ancestor,i,HTML Tag Removal,SAVED,,LLMR_movie_form_component_html_cast_add_gam_i
cast-add,x-test-cast-add,movie_form_component_html,gamma-ancestor,j,HTML Tag Type Modification,SAVED,,LLMR_movie_form_component_html_cast_add_gam_j
cast-add,x-test-cast-add,movie_form_component_html,gamma-ancestor,k,HTML Tag Insertion,SAVED,,LLMR_movie_form_component_html_cast_add_gam_k
cast-add,x-test-cast-add,movie_form_component_html,delta-sibling,a,Attribute Value Modification,SAVED,,LLMR_movie_form_component_html_cast_add_del_a
cast-add,x-test-cast-add,movie_form_component_html,delta-sibling,b,Attribute Removal,SAVED,,LLMR_movie_form_component_html_cast_add_del_b
cast-add,x-test-cast-add,movie_form_component_html,delta-sibling,c,Attribute Identifier Modification,SAVED,,LLMR_movie_form_component_html_cast_add_del_c
cast-add,x-test-cast-add,movie_form_component_html,delta-sibling,d,Text Content Modification,SAVED,,LLMR_movie_form_component_html_cast_add_del_d
cast-add,x-test-cast-add,movie_form_component_html,delta-sibling,e,Text Content Removal,SAVED,,LLMR_movie_form_component_html_cast_add_del_e
cast-add,x-test-cast-add,movie_form_component_html,delta-sibling,i,HTML Tag Removal,SAVED,,LLMR_movie_form_component_html_cast_add_del_i
cast-add,x-test-cast-add,movie_form_component_html,delta-sibling,j,HTML Tag Type Modification,SAVED,,LLMR_movie_form_component_html_cast_add_del_j
cast-add,x-test-cast-add,movie_form_component_html,delta-sibling,k,HTML Tag Insertion,SAVED,,LLMR_movie_form_component_html_cast_add_del_k
cast-add,x-test-cast-add,movie_form_component_html,epsilon-component,a,Attribute Value Modification,NA,no-such-role,-
cast-add,x-test-cast-add,movie_form_component_html,epsilon-component,b,Attribute Removal,NA,no-such-role,-
cast-add,x-test-cast-add,movie_form_component_html,epsilon-component,c,Attribute Identifier Modification,NA,no-such-role,-
cast-add,x-test-cast-add,movie_form_component_html,epsilon-component,d,Text Content Modification,NA,no-such-role,-
cast-add,x-test-cast-add,movie_form_component_html,epsilon-component,e,Text Content Removal,NA,no-such-role,-
cast-add,x-test-cast-add,movie_form_component_html,epsilon-component,i,HTML Tag Removal,NA,no-such-role,-
cast-add,x-test-cast-add,movie_form_component_html,epsilon-component,j,HTML Tag Type Modification,NA,no-such-role,-
cast-add,x-test-cast-add,movie_form_component_html,epsilon-component,k,HTML Tag Insertion,NA,no-such-role,-
catalog-add-button,x-test-add-button,catalog_component_html,alpha-target,i,HTML Tag Removal,NA,would-drop-x-test,-
catalog-add-button,x-test-add-button,catalog_component_html,alpha-target,a,Attribute Value Modification,REJECTED,duplicate,-
catalog-add-button,x-test-add-button,catalog_component_html,alpha-target,b,Attribute Removal,REJECTED,duplicate,-
catalog-add-button,x-test-add-button,catalog_component_html,alpha-target,c,Attribute Identifier Modification,REJECTED,duplicate,-
catalog-add-button,x-test-add-button,catalog_component_html,alpha-target,d,Text Content Modification,REJECTED,duplicate,-
catalog-add-button,x-test-add-button,catalog_component_html,alpha-target,e,Text Content Removal,REJECTED,duplicate,-
catalog-add-button,x-test-add-button,catalog_component_html,alpha-target,j,HTML Tag Type Modification,REJECTED,duplicate,-
catalog-add-button,x-test-add-button,catalog_component_html,alpha-target,k,HTML Tag Insertion,REJECTED,duplicate,-
catalog-add-button,x-test-add-button,catalog_component_html,beta-parent,d,Text Content Modification,NA,no-text-content,-
catalog-add-button,x-test-add-button,catalog_component_html,beta-parent,e,Text Content Removal,NA,no-text-content,-
catalog-add-button,x-test-add-button,catalog_component_html,beta-parent,a,Attribute Value Modification,REJECTED,duplicate,-
catalog-add-button,x-test-add-button,catalog_component_html,beta-parent,b,Attribute Removal,REJECTED,duplicate,-
catalog-add-button,x-test-add-button,catalog_component_html,beta-parent,c,Attribute Identifier Modification,REJECTED,duplicate,-
catalog-add-button,x-test-add-button,catalog_component_html,beta-parent,i,HTML Tag Removal,REJECTED,duplicate,-
catalog-add-button,x-test-add-button,catalog_component_html,beta-parent,j,HTML Tag Type Modification,REJECTED,duplicate,-
catalog-add-button,x-test-add-button,catalog_component_html,beta-parent,k,HTML Tag Insertion,REJECTED,duplicate,-
catalog-add-button,x-test-add-button,catalog_component_html,gamma-ancestor,i,HTML Tag Removal,NA,root-element,-
catalog-add-button,x-test-add-button,catalog_component_html,gamma-ancestor,a,Attribute Value Modification,REJECTED,duplicate,-
catalog-add-button,x-test-add-button,catalog_component_html,gamma-ancestor,b,Attribute Removal,REJECTED,duplicate,-
catalog-add-button,x-test-add-button,catalog_component_html,gamma-ancestor,c,Attribute Identifier Modification,REJECTED,duplicate,-
catalog-add-button,x-test-add-button,catalog_component_html,gamma-ancestor,d,Text Content Modification,SAVED,,LLMR_catalog_component_html_catalog_add_button_gam_d
catalog-add-button,x-test-add-button,catalog_component_html,gamma-ancestor,e,Text Content Removal,REJECTED,duplicate,-
catalog-add-button,x-test-add-button,catalog_component_html,gamma-ancestor,j,HTML Tag Type Modification,REJECTED,duplicate,-
catalog-add-button,x-test-add-button,catalog_component_html,gamma-ancestor,k,HTML Tag Insertion,REJECTED,duplicate,-
catalog-add-button,x-test-add-button,catalog_component_html,delta-sibling,d,Text Content Modification,NA,no-text-content,-
catalog-add-button,x-test-add-button,catalog_component_html,delta-sibling,e,Text Content Removal,NA,no-text-content,-
catalog-add-button,x-test-add-button,catalog_component_html,delta-sibling,i,HTML Tag Removal,NA,would-drop-x-test,-
catalog-add-button,x-test-add-button,catalog_component_html,delta-sibling,a,Attribute Value Modification,REJECTED,duplicate,-
catalog-add-button,x-test-add-button,catalog_component_html,delta-sibling,b,Attribute Removal,REJECTED,duplicate,-
catalog-add-button,x-test-add-button,catalog_component_html,delta-sibling,c,Attribute Identifier Modification,REJECTED,duplicate,-
catalog-add-button,x-test-add-button,catalog_component_html,delta-sibling,j,HTML Tag Type Modification,REJECTED,duplicate,-
catalog-add-button,x-test-add-button,catalog_component_html,delta-sibling,k,HTML Tag Insertion,REJECTED,duplicate,-
catalog-add-button,x-test-add-button,catalog_component_html,epsilon-component,a,Attribute Value Modification,NA,no-such-role,-
catalog-add-button,x-test-add-button,catalog_component_html,epsilon-component,b,Attribute Removal,NA,no-such-role,-
catalog-add-button,x-test-add-button,catalog_component_html,epsilon-component,c,Attribute Identifier Modification,NA,no-such-role,-
catalog-add-button,x-test-add-button,catalog_component_html,epsilon-component,d,Text Content Modification,NA,no-such-role,-
catalog-add-button,x-test-add-button,catalog_component_html,epsilon-component,e,Text Content Removal,NA,no-such-role,-
catalog-add-button,x-test-add-button,catalog_component_html,epsilon-component,i,HTML Tag Removal,NA,no-such-role,-
catalog-add-button,x-test-add-button,catalog_component_html,epsilon-component,j,HTML Tag Type Modification,NA,no-such-role,-
catalog-add-button,x-test-add-button,catalog_component_html,epsilon-component,k,HTML Tag Insertion,NA,no-such-role,-
catalog-reset-button,x-test-reset-button,catalog_component_html,alpha-target,i,HTML Tag Removal,NA,would-drop-x-test,-
catalog-reset-button,x-test-reset-button,catalog_component_html,alpha-target,a,Attribute Value Modification,SAVED,,LLMR_catalog_component_html_catalog_reset_button_alf_a
catalog-reset-button,x-test-reset-button,catalog_component_html,alpha-target,b,Attribute Removal,SAVED,,LLMR_catalog_component_html_catalog_reset_button_alf_b
catalog-reset-button,x-test-reset-button,catalog_component_html,alpha-target,c,Attribute Identifier Modification,SAVED,,LLMR_catalog_component_html_catalog_reset_button_alf_c
catalog-reset-button,x-test-reset-button,catalog_component_html,alpha-target,d,Text Content Modification,SAVED,,LLMR_catalog_component_html_catalog_reset_button_alf_d
catalog-reset-button,x-test-reset-button,catalog_component_html,alpha-target,e,Text Content Removal,SAVED,,LLMR_catalog_component_html_catalog_reset_button_alf_e
catalog-reset-button,x-test-reset-button,catalog_component_html,alpha-target,j,HTML Tag Type Modification,SAVED,,LLMR_catalog_component_html_catalog_reset_button_alf_j
catalog-reset-button,x-test-reset-button,catalog_component_html,alpha-target,k,HTML Tag Insertion,SAVED,,LLMR_catalog_component_html_catalog_reset_button_alf_k
catalog-reset-button,x-test-reset-button,catalog_component_html,beta-parent,d,Text Content Modification,NA,no-text-content,-
catalog-reset-button,x-test-reset-button,catalog_component_html,beta-parent,e,Text Content Removal,NA,no-text-content,-
catalog-reset-button,x-test-reset-button,catalog_component_html,beta-parent,a,Attribute Value Modification,REJECTED,duplicate,-
catalog-reset-button,x-test-reset-button,catalog_component_html,beta-parent,b,Attribute Removal,REJECTED,duplicate,-
catalog-reset-button,x-test-reset-button,catalog_component_html,beta-parent,c,Attribute Identifier Modification,REJECTED,duplicate,-
catalog-reset-button,x-test-reset-button,catalog_component_html,beta-parent,i,HTML Tag Removal,REJECTED,duplicate,-
catalog-reset-button,x-test-reset-button,catalog_component_html,beta-parent,j,HTML Tag Type Modification,REJECTED,duplicate,-
catalog-reset-button,x-test-reset-button,catalog_component_html,beta-parent,k,HTML Tag Insertion,REJECTED,duplicate,-
catalog-reset-button,x-test-reset-button,catalog_component_html,gamma-ancestor,i,HTML Tag Removal,NA,root-element,-
catalog-reset-button,x-test-reset-button,catalog_component_html,gamma-ancestor,a,Attribute Value Modification,REJECTED,duplicate,-
catalog-reset-button,x-test-reset-button,catalog_component_html,gamma-ancestor,b,Attribute Removal,REJECTED,duplicate,-
catalog-reset-button,x-test-reset-button,catalog_component_html,gamma-ancestor,c,Attribute Identifier Modification,REJECTED,duplicate,-
catalog-reset-button,x-test-reset-button,catalog_component_html,gamma-ancestor,d,Text Content Modification,REJECTED,duplicate,-
catalog-reset-button,x-test-reset-button,catalog_component_html,gamma-ancestor,e,Text Content Removal,REJECTED,duplicate,-
catalog-reset-button,x-test-reset-button,catalog_component_html,gamma-ancestor,j,HTML Tag Type Modification,REJECTED,duplicate,-
catalog-reset-button,x-test-reset-button,catalog_component_html,gamma-ancestor,k,HTML Tag Insertion,REJECTED,duplicate,-
catalog-reset-button,x-test-reset-button,catalog_component_html,delta-sibling,d,Text Content Modification,NA,no-text-content,-
catalog-reset-button,x-test-reset-button,catalog_component_html,delta-sibling,e,Text Content Removal,NA,no-text-content,-
catalog-reset-button,x-test-reset-button,catalog_component_html,delta-sibling,i,HTML Tag Removal,NA,would-drop-x-test,-
catalog-reset-button,x-test-reset-button,catalog_component_html,delta-sibling,a,Attribute Value Modification,REJECTED,duplicate,-
catalog-reset-button,x-test-reset-button,catalog_component_html,delta-sibling,b,Attribute Removal,REJECTED,duplicate,-
catalog-reset-button,x-test-reset-button,catalog_component_html,delta-sibling,c,Attribute Identifier Modification,REJECTED,duplicate,-
catalog-reset-button,x-test-reset-button,catalog_component_html,delta-sibling,j,HTML Tag Type Modification,REJECTED,duplicate,-
catalog-reset-button,x-test-reset-button,catalog_component_html,delta-sibling,k,HTML Tag Insertion,REJECTED,duplicate,-
catalog-reset-button,x-test-reset-button,catalog_component_html,epsilon-component,a,Attribute Value Modification,NA,no-such-role,-
catalog-reset-button,x-test-reset-button,catalog_component_html,epsilon-component,b,Attribute Removal,NA,no-such-role,-
catalog-reset-button,x-test-reset-button,catalog_component_html,epsilon-component,c,Attribute Identifier Modification,NA,no-such-role,-
catalog-reset-button,x-test-reset-button,catalog_component_html,epsilon-component,d,Text Content Modification,NA,no-such-role,-
catalog-reset-button,x-test-reset-button,catalog_component_html,epsilon-component,e,Text Content Removal,NA,no-such-role,-
catalog-reset-button,x-test-reset-button,catalog_component_html,epsilon-component,i,HTML Tag Removal,NA,no-such-role,-
catalog-reset-button,x-test-reset-button,catalog_component_html,epsilon-component,j,HTML Tag Type Modification,NA,no-such-role,-
catalog-reset-button,x-test-reset-button,catalog_component_html,epsilon-component,k,HTML Tag Insertion,NA,no-such-role,-
catalog-empty,x-test-empty,catalog_component_html,alpha-target,i,HTML Tag Removal,NA,would-drop-x-test,-
catalog-empty,x-test-empty,catalog_component_html,alpha-target,a,Attribute Value Modification,SAVED,,LLMR_catalog_component_html_catalog_empty_alf_a
catalog-empty,x-test-empty,catalog_component_html,alpha-target,b,Attribute Removal,SAVED,,LLMR_catalog_component_html_catalog_empty_alf_b
catalog-empty,x-test-empty,catalog_component_html,alpha-target,c,Attribute Identifier Modification,SAVED,,LLMR_catalog_component_html_catalog_empty_alf_c
catalog-empty,x-test-empty,catalog_component_html,alpha-target,d,Text Content Modification,REJECTED,duplicate,-
catalog-empty,x-test-empty,catalog_component_html,alpha-target,e,Text Content Removal,REJECTED,duplicate,-
catalog-empty,x-test-empty,catalog_component_html,alpha-target,j,HTML Tag Type Modification,SAVED,,LLMR_catalog_component_html_catalog_empty_alf_j
catalog-empty,x-test-empty,catalog_component_html,alpha-target,k,HTML Tag Insertion,SAVED,,LLMR_catalog_component_html_catalog_empty_alf_k
catalog-empty,x-test-empty,catalog_component_html,beta-parent,i,HTML Tag Removal,NA,root-element,-
catalog-empty,x-test-empty,catalog_component_html,beta-parent,a,Attribute Value Modification,REJECTED,duplicate,-
catalog-empty,x-test-empty,catalog_component_html,beta-parent,b,Attribute Removal,REJECTED,duplicate,-
catalog-empty,x-test-empty,catalog_component_html,beta-parent,c,Attribute Identifier Modification,REJECTED,duplicate,-
catalog-empty,x-test-empty,catalog_component_html,beta-parent,d,Text Content Modification,REJECTED,duplicate,-
catalog-empty,x-test-empty,catalog_component_html,beta-parent,e,Text Content Removal,REJECTED,duplicate,-
catalog-empty,x-test-empty,catalog_component_html,beta-parent,j,HTML Tag Type Modification,REJECTED,duplicate,-
catalog-empty,x-test-empty,catalog_component_html,beta-parent,k,HTML Tag Insertion,REJECTED,duplicate,-
catalog-empty,x-test-empty,catalog_component_html,gamma-ancestor,a,Attribute Value Modification,NA,no-such-role,-
catalog-empty,x-test-empty,catalog_component_html,gamma-ancestor,b,Attribute Removal,NA,no-such-role,-
catalog-empty,x-test-empty,catalog_component_html,gamma-ancestor,c,Attribute Identifier Modification,NA,no-such-role,-
catalog-empty,x-test-empty,catalog_component_html,gamma-ancestor,d,Text Content Modification,NA,no-such-role,-
catalog-empty,x-test-empty,catalog_component_html,gamma-ancestor,e,Text Content Removal,NA,no-such-role,-
catalog-empty,x-test-empty,catalog_component_html,gamma-ancestor,i,HTML Tag Removal,NA,no-such-role,-
catalog-empty,x-test-empty,catalog_component_html,gamma-ancestor,j,HTML Tag Type Modification,NA,no-such-role,-
catalog-empty,x-test-empty,catalog_component_html,gamma-ancestor,k,HTML Tag Insertion,NA,no-such-role,-
catalog-empty,x-test-empty,catalog_component_html,delta-sibling,i,HTML Tag Removal,NA,would-drop-x-test,-
catalog-empty,x-test-empty,catalog_component_html,delta-sibling,a,Attribute Value Modification,REJECTED,duplicate,-
catalog-empty,x-test-empty,catalog_component_html,delta-sibling,b,Attribute Removal,REJECTED,duplicate,-
catalog-empty,x-test-empty,catalog_component_html,delta-sibling,c,Attribute Identifier Modification,REJECTED,duplicate,-
catalog-empty,x-test-empty,catalog_component_html,delta-sibling,d,Text Content Modification,REJECTED,duplicate,-
catalog-empty,x-test-empty,catalog_component_html,delta-sibling,e,Text Content Removal,REJECTED,duplicate,-
catalog-empty,x-test-empty,catalog_component_html,delta-sibling,j,HTML Tag Type Modification,REJECTED,duplicate,-
catalog-empty,x-test-empty,catalog_component_html,delta-sibling,k,HTML Tag Insertion,REJECTED,duplicate,-
catalog-empty,x-test-empty,catalog_component_html,epsilon-component,a,Attribute Value Modification,NA,no-such-role,-
catalog-empty,x-test-empty,catalog_component_html,epsilon-component,b,Attribute Removal,NA,no-such-role,-
catalog-empty,x-test-empty,catalog_component_html,epsilon-component,c,Attribute Identifier Modification,NA,no-such-role,-
catalog-empty,x-test-empty,catalog_component_html,epsilon-component,d,Text Content Modification,NA,no-such-role,-
catalog-empty,x-test-empty,catalog_component_html,epsilon-component,e,Text Content Removal,NA,no-such-role,-
catalog-empty,x-test-empty,catalog_component_html,epsilon-component,i,HTML Tag Removal,NA,no-such-role,-
catalog-empty,x-test-empty,catalog_component_html,epsilon-component,j,HTML Tag Type Modification,NA,no-such-role,-
catalog-empty,x-test-empty,catalog_component_html,epsilon-component,k,HTML Tag Insertion,NA,no-such-role,-
catalog-modal-confirm,x-test-modal-confirm,catalog_component_html,alpha-target,i,HTML Tag Removal,NA,would-drop-x-test,-
catalog-modal-confirm,x-test-modal-confirm,catalog_component_html,alpha-target,a,Attribute Value Modification,SAVED,,LLMR_catalog_component_html_catalog_modal_confirm_alf_a
catalog-modal-confirm,x-test-modal-confirm,catalog_component_html,alpha-target,b,Attribute Removal,SAVED,,LLMR_catalog_component_html_catalog_modal_confirm_alf_b
catalog-modal-confirm,x-test-modal-confirm,catalog_component_html,alpha-target,c,Attribute Identifier Modification,SAVED,,LLMR_catalog_component_html_catalog_modal_confirm_alf_c
catalog-modal-confirm,x-test-modal-confirm,catalog_component_html,alpha-target,d,Text Content Modification,SAVED,,LLMR_catalog_component_html_catalog_modal_confirm_alf_d
catalog-modal-confirm,x-test-modal-confirm,catalog_component_html,alpha-target,e,Text Content Removal,SAVED,,LLMR_catalog_component_html_catalog_modal_confirm_alf_e
catalog-modal-confirm,x-test-modal-confirm,catalog_component_html,alpha-target,j,HTML Tag Type Modification,SAVED,,LLMR_catalog_component_html_catalog_modal_confirm_alf_j
catalog-modal-confirm,x-test-modal-confirm,catalog_component_html,alpha-target,k,HTML Tag Insertion,SAVED,,LLMR_catalog_component_html_catalog_modal_confirm_alf_k
catalog-modal-confirm,x-test-modal-confirm,catalog_component_html,beta-parent,d,Text Content Modification,NA,no-text-content,-
catalog-modal-confirm,x-test-modal-confirm,catalog_component_html,beta-parent,e,Text Content Removal,NA,no-text-content,-
catalog-modal-confirm,x-test-modal-confirm,catalog_component_html,beta-parent,a,Attribute Value Modification,SAVED,,LLMR_catalog_component_html_catalog_modal_confirm_bet_a
catalog-modal-confirm,x-test-modal-confirm,catalog_component_html,beta-parent,b,Attribute Removal,SAVED,,LLMR_catalog_component_html_catalog_modal_confirm_bet_b
catalog-modal-confirm,x-test-modal-confirm,catalog_component_html,beta-parent,c,Attribute Identifier Modification,SAVED,,LLMR_catalog_component_html_catalog_modal_confirm_bet_c
catalog-modal-confirm,x-test-modal-confirm,catalog_component_html,beta-parent,i,HTML Tag Removal,SAVED,,LLMR_catalog_component_html_catalog_modal_confirm_bet_i
catalog-modal-confirm,x-test-modal-confirm,catalog_component_html,beta-parent,j,HTML Tag Type Modification,SAVED,,LLMR_catalog_component_html_catalog_modal_confirm_bet_j
catalog-modal-confirm,x-test-modal-confirm,catalog_component_html,beta-parent,k,HTML Tag Insertion,SAVED,,LLMR_catalog_component_html_catalog_modal_confirm_bet_k
catalog-modal-confirm,x-test-modal-confirm,catalog_component_html,gamma-ancestor,d,Text Content Modification,NA,no-text-content,-
catalog-modal-confirm,x-test-modal-confirm,catalog_component_html,gamma-ancestor,e,Text Content Removal,NA,no-text-content,-
catalog-modal-confirm,x-test-modal-confirm,catalog_component_html,gamma-ancestor,i,HTML Tag Removal,NA,would-drop-x-test,-
catalog-modal-confirm,x-test-modal-confirm,catalog_component_html,gamma-ancestor,a,Attribute Value Modification,SAVED,,LLMR_catalog_component_html_catalog_modal_confirm_gam_a
catalog-modal-confirm,x-test-modal-confirm,catalog_component_html,gamma-ancestor,b,Attribute Removal,SAVED,,LLMR_catalog_component_html_catalog_modal_confirm_gam_b
catalog-modal-confirm,x-test-modal-confirm,catalog_component_html,gamma-ancestor,c,Attribute Identifier Modification,SAVED,,LLMR_catalog_component_html_catalog_modal_confirm_gam_c
catalog-modal-confirm,x-test-modal-confirm,catalog_component_html,gamma-ancestor,j,HTML Tag Type Modification,SAVED,,LLMR_catalog_component_html_catalog_modal_confirm_gam_j
catalog-modal-confirm,x-test-modal-confirm,catalog_component_html,gamma-ancestor,k,HTML Tag Insertion,SAVED,,LLMR_catalog_component_html_catalog_modal_confirm_gam_k
catalog-modal-confirm,x-test-modal-confirm,catalog_component_html,delta-sibling,i,HTML Tag Removal,NA,would-drop-x-test,-
catalog-modal-confirm,x-test-modal-confirm,catalog_component_html,delta-sibling,a,Attribute Value Modification,SAVED,,LLMR_catalog_component_html_catalog_modal_confirm_del_a
catalog-modal-confirm,x-test-modal-confirm,catalog_component_html,delta-sibling,b,Attribute Removal,SAVED,,LLMR_catalog_component_html_catalog_modal_confirm_del_b
catalog-modal-confirm,x-test-modal-confirm,catalog_component_html,delta-sibling,c,Attribute Identifier Modification,SAVED,,LLMR_catalog_component_html_catalog_modal_confirm_del_c
catalog-modal-confirm,x-test-modal-confirm,catalog_component_html,delta-sibling,d,Text Content Modification,SAVED,,LLMR_catalog_component_html_catalog_modal_confirm_del_d
catalog-modal-confirm,x-test-modal-confirm,catalog_component_html,delta-sibling,e,Text Content Removal,SAVED,,LLMR_catalog_component_html_catalog_modal_confirm_del_e
catalog-modal-confirm,x-test-modal-confirm,catalog_component_html,delta-sibling,j,HTML Tag Type Modification,SAVED,,LLMR_catalog_component_html_catalog_modal_confirm_del_j
catalog-modal-confirm,x-test-modal-confirm,catalog_component_html,delta-sibling,k,HTML Tag Insertion,SAVED,,LLMR_catalog_component_html_catalog_modal_confirm_del_k
catalog-modal-confirm,x-test-modal-confirm,catalog_component_html,epsilon-component,a,Attribute Value Modification,NA,no-such-role,-
catalog-modal-confirm,x-test-modal-confirm,catalog_component_html,epsilon-component,b,Attribute Removal,NA,no-such-role,-
catalog-modal-confirm,x-test-modal-confirm,catalog_component_html,epsilon-component,c,Attribute Identifier Modification,NA,no-such-role,-
catalog-modal-confirm,x-test-modal-confirm,catalog_component_html,epsilon-component,d,Text Content Modification,NA,no-such-role,-
catalog-modal-confirm,x-test-modal-confirm,catalog_component_html,epsilon-component,e,Text Content Removal,NA,no-such-role,-
catalog-modal-confirm,x-test-modal-confirm,catalog_component_html,epsilon-component,i,HTML Tag Removal,NA,no-such-role,-
catalog-modal-confirm,x-test-modal-confirm,catalog_component_html,epsilon-component,j,HTML Tag Type Modification,NA,no-such-role,-
catalog-modal-confirm,x-test-modal-confirm,catalog_component_html,epsilon-component,k,HTML Tag Insertion,NA,no-such-role,-
card-meta,x-test-card-meta,movie_card_component_html,alpha-target,i,HTML Tag Removal,NA,would-drop-x-test,-
card-meta,x-test-card-meta,movie_card_component_html,alpha-target,a,Attribute Value Modification,SAVED,,LLMR_movie_card_component_html_card_meta_alf_a
card-meta,x-test-card-meta,movie_card_component_html,alpha-target,b,Attribute Removal,SAVED,,LLMR_movie_card_component_html_card_meta_alf_b
card-meta,x-test-card-meta,movie_card_component_html,alpha-target,c,Attribute Identifier Modification,SAVED,,LLMR_movie_card_component_html_card_meta_alf_c
card-meta,x-test-card-meta,movie_card_component_html,alpha-target,d,Text Content Modification,SAVED,,LLMR_movie_card_component_html_card_meta_alf_d
card-meta,x-test-card-meta,movie_card_component_html,alpha-target,e,Text Content Removal,SAVED,,LLMR_movie_card_component_html_card_meta_alf_e
card-meta,x-test-card-meta,movie_card_component_html,alpha-target,j,HTML Tag Type Modification,SAVED,,LLMR_movie_card_component_html_card_meta_alf_j
card-meta,x-test-card-meta,movie_card_component_html,alpha-target,k,HTML Tag Insertion,SAVED,,LLMR_movie_card_component_html_card_meta_alf_k
card-meta,x-test-card-meta,movie_card_component_html,beta-parent,d,Text Content Modification,NA,no-text-content,-
card-meta,x-test-card-meta,movie_card_component_html,beta-parent,e,Text Content Removal,NA,no-text-content,-
card-meta,x-test-card-meta,movie_card_component_html,beta-parent,a,Attribute Value Modification,REJECTED,duplicate,-
card-meta,x-test-card-meta,movie_card_component_html,beta-parent,b,Attribute Removal,REJECTED,duplicate,-
card-meta,x-test-card-meta,movie_card_component_html,beta-parent,c,Attribute Identifier Modification,REJECTED,duplicate,-
card-meta,x-test-card-meta,movie_card_component_html,beta-parent,i,HTML Tag Removal,REJECTED,duplicate,-
card-meta,x-test-card-meta,movie_card_component_html,beta-parent,j,HTML Tag Type Modification,REJECTED,duplicate,-
card-meta,x-test-card-meta,movie_card_component_html,beta-parent,k,HTML Tag Insertion,REJECTED,duplicate,-
card-meta,x-test-card-meta,movie_card_component_html,gamma-ancestor,d,Text Content Modification,NA,no-text-content,-
card-meta,x-test-card-meta,movie_card_component_html,gamma-ancestor,e,Text Content Removal,NA,no-text-content,-
card-meta,x-test-card-meta,movie_card_component_html,gamma-ancestor,i,HTML Tag Removal,NA,root-element,-
card-meta,x-test-card-meta,movie_card_component_html,gamma-ancestor,a,Attribute Value Modification,REJECTED,duplicate,-
card-meta,x-test-card-meta,movie_card_component_html,gamma-ancestor,b,Attribute Removal,REJECTED,duplicate,-
card-meta,x-test-card-meta,movie_card_component_html,gamma-ancestor,c,Attribute Identifier Modification,REJECTED,duplicate,-
card-meta,x-test-card-meta,movie_card_component_html,gamma-ancestor,j,HTML Tag Type Modification,REJECTED,duplicate,-
card-meta,x-test-card-meta,movie_card_component_html,gamma-ancestor,k,HTML Tag Insertion,REJECTED,duplicate,-
card-meta,x-test-card-meta,movie_card_component_html,delta-sibling,i,HTML Tag Removal,NA,would-drop-x-test,-
card-meta,x-test-card-meta,movie_card_component_html,delta-sibling,a,Attribute Value Modification,SAVED,,LLMR_movie_card_component_html_card_meta_del_a
card-meta,x-test-card-meta,movie_card_component_html,delta-sibling,b,Attribute Removal,SAVED,,LLMR_movie_card_component_html_card_meta_del_b
card-meta,x-test-card-meta,movie_card_component_html,delta-sibling,c,Attribute Identifier Modification,SAVED,,LLMR_movie_card_component_html_card_meta_del_c
card-meta,x-test-card-meta,movie_card_component_html,delta-sibling,d,Text Content Modification,SAVED,,LLMR_movie_card_component_html_card_meta_del_d
card-meta,x-test-card-meta,movie_card_component_html,delta-sibling,e,Text Content Removal,SAVED,,LLMR_movie_card_component_html_card_meta_del_e
card-meta,x-test-card-meta,movie_card_component_html,delta-sibling,j,HTML Tag Type Modification,SAVED,,LLMR_movie_card_component_html_card_meta_del_j
card-meta,x-test-card-meta,movie_card_component_html,delta-sibling,k,HTML Tag Insertion,SAVED,,LLMR_movie_card_component_html_card_meta_del_k
card-meta,x-test-card-meta,movie_card_component_html,epsilon-component,a,Attribute Value Modification,NA,no-such-role,-
card-meta,x-test-card-meta,movie_card_component_html,epsilon-component,b,Attribute Removal,NA,no-such-role,-
card-meta,x-test-card-meta,movie_card_component_html,epsilon-component,c,Attribute Identifier Modification,NA,no-such-role,-
card-meta,x-test-card-meta,movie_card_component_html,epsilon-component,d,Text Content Modification,NA,no-such-role,-
card-meta,x-test-card-meta,movie_card_component_html,epsilon-component,e,Text Content Removal,NA,no-such-role,-
card-meta,x-test-card-meta,movie_card_component_html,epsilon-component,i,HTML Tag Removal,NA,no-such-role,-
card-meta,x-test-card-meta,movie_card_component_html,epsilon-component,j,HTML Tag Type Modification,NA,no-such-role,-
card-meta,x-test-card-meta,movie_card_component_html,epsilon-component,k,HTML Tag Insertion,NA,no-such-role,-
card-rating,x-test-card-rating,movie_card_component_html,alpha-target,i,HTML Tag Removal,NA,would-drop-x-test,-
card-rating,x-test-card-rating,movie_card_component_html,alpha-target,a,Attribute Value Modification,REJECTED,duplicate,-
card-rating,x-test-card-rating,movie_card_component_html,alpha-target,b,Attribute Removal,REJECTED,duplicate,-
card-rating,x-test-card-rating,movie_card_component_html,alpha-target,c,Attribute Identifier Modification,REJECTED,duplicate,-
card-rating,x-test-card-rating,movie_card_component_html,alpha-target,d,Text Content Modification,REJECTED,duplicate,-
card-rating,x-test-card-rating,movie_card_component_html,alpha-target,e,Text Content Removal,REJECTED,duplicate,-
card-rating,x-test-card-rating,movie_card_component_html,alpha-target,j,HTML Tag Type Modification,REJECTED,duplicate,-
card-rating,x-test-card-rating,movie_card_component_html,alpha-target,k,HTML Tag Insertion,REJECTED,duplicate,-
card-rating,x-test-card-rating,movie_card_component_html,beta-parent,d,Text Content Modification,NA,no-text-content,-
card-rating,x-test-card-rating,movie_card_component_html,beta-parent,e,Text Content Removal,NA,no-text-content,-
card-rating,x-test-card-rating,movie_card_component_html,beta-parent,a,Attribute Value Modification,REJECTED,duplicate,-
card-rating,x-test-card-rating,movie_card_component_html,beta-parent,b,Attribute Removal,REJECTED,duplicate,-
card-rating,x-test-card-rating,movie_card_component_html,beta-parent,c,Attribute Identifier Modification,REJECTED,duplicate,-
card-rating,x-test-card-rating,movie_card_component_html,beta-parent,i,HTML Tag Removal,REJECTED,duplicate,-
card-rating,x-test-card-rating,movie_card_component_html,beta-parent,j,HTML Tag Type Modification,REJECTED,duplicate,-
card-rating,x-test-card-rating,movie_card_component_html,beta-parent,k,HTML Tag Insertion,REJECTED,duplicate,-
card-rating,x-test-card-rating,movie_card_component_html,gamma-ancestor,d,Text Content Modification,NA,no-text-content,-
card-rating,x-test-card-rating,movie_card_component_html,gamma-ancestor,e,Text Content Removal,NA,no-text-content,-
card-rating,x-test-card-rating,movie_card_component_html,gamma-ancestor,i,HTML Tag Removal,NA,root-element,-
card-rating,x-test-card-rating,movie_card_component_html,gamma-ancestor,a,Attribute Value Modification,REJECTED,duplicate,-
card-rating,x-test-card-rating,movie_card_component_html,gamma-ancestor,b,Attribute Removal,REJECTED,duplicate,-
card-rating,x-test-card-rating,movie_card_component_html,gamma-ancestor,c,Attribute Identifier Modification,REJECTED,duplicate,-
card-rating,x-test-card-rating,movie_card_component_html,gamma-ancestor,j,HTML Tag Type Modification,REJECTED,duplicate,-
card-rating,x-test-card-rating,movie_card_component_html,gamma-ancestor,k,HTML Tag Insertion,REJECTED,duplicate,-
card-rating,x-test-card-rating,movie_card_component_html,delta-sibling,i,HTML Tag Removal,NA,would-drop-x-test,-
card-rating,x-test-card-rating,movie_card_component_html,delta-sibling,a,Attribute Value Modification,REJECTED,duplicate,-
card-rating,x-test-card-rating,movie_card_component_html,delta-sibling,b,Attribute Removal,REJECTED,duplicate,-
card-rating,x-test-card-rating,movie_card_component_html,delta-sibling,c,Attribute Identifier Modification,REJECTED,duplicate,-
card-rating,x-test-card-rating,movie_card_component_html,delta-sibling,d,Text Content Modification,REJECTED,duplicate,-
card-rating,x-test-card-rating,movie_card_component_html,delta-sibling,e,Text Content Removal,REJECTED,duplicate,-
card-rating,x-test-card-rating,movie_card_component_html,delta-sibling,j,HTML Tag Type Modification,REJECTED,duplicate,-
card-rating,x-test-card-rating,movie_card_component_html,delta-sibling,k,HTML Tag Insertion,REJECTED,duplicate,-
card-rating,x-test-card-rating,movie_card_component_html,epsilon-component,a,Attribute Value Modification,NA,no-such-role,-
card-rating,x-test-card-rating,movie_card_component_html,epsilon-component,b,Attribute Removal,NA,no-such-role,-
card-rating,x-test-card-rating,movie_card_component_html,epsilon-component,c,Attribute Identifier Modification,NA,no-such-role,-
card-rating,x-test-card-rating,movie_card_component_html,epsilon-component,d,Text Content Modification,NA,no-such-role,-
card-rating,x-test-card-rating,movie_card_component_html,epsilon-component,e,Text Content Removal,NA,no-such-role,-
card-rating,x-test-card-rating,movie_card_component_html,epsilon-component,i,HTML Tag Removal,NA,no-such-role,-
card-rating,x-test-card-rating,movie_card_component_html,epsilon-component,j,HTML Tag Type Modification,NA,no-such-role,-
card-rating,x-test-card-rating,movie_card_component_html,epsilon-component,k,HTML Tag Insertion,NA,no-such-role,-
card-poster,x-test-card-poster,movie_card_component_html,alpha-target,d,Text Content Modification,NA,no-text-content,-
card-poster,x-test-card-poster,movie_card_component_html,alpha-target,e,Text Content Removal,NA,no-text-content,-
card-poster,x-test-card-poster,movie_card_component_html,alpha-target,i,HTML Tag Removal,NA,would-drop-x-test,-
card-poster,x-test-card-poster,movie_card_component_html,alpha-target,a,Attribute Value Modification,SAVED,,LLMR_movie_card_component_html_card_poster_alf_a
card-poster,x-test-card-poster,movie_card_component_html,alpha-target,b,Attribute Removal,SAVED,,LLMR_movie_card_component_html_card_poster_alf_b
card-poster,x-test-card-poster,movie_card_component_html,alpha-target,c,Attribute Identifier Modification,SAVED,,LLMR_movie_card_component_html_card_poster_alf_c
card-poster,x-test-card-poster,movie_card_component_html,alpha-target,j,HTML Tag Type Modification,SAVED,,LLMR_movie_card_component_html_card_poster_alf_j
card-poster,x-test-card-poster,movie_card_component_html,alpha-target,k,HTML Tag Insertion,SAVED,,LLMR_movie_card_component_html_card_poster_alf_k
card-poster,x-test-card-poster,movie_card_component_html,beta-parent,d,Text Content Modification,NA,no-text-content,-
card-poster,x-test-card-poster,movie_card_component_html,beta-parent,e,Text Content Removal,NA,no-text-content,-
card-poster,x-test-card-poster,movie_card_component_html,beta-parent,i,HTML Tag Removal,NA,root-element,-
card-poster,x-test-card-poster,movie_card_component_html,beta-parent,a,Attribute Value Modification,REJECTED,duplicate,-
card-poster,x-test-card-poster,movie_card_component_html,beta-parent,b,Attribute Removal,REJECTED,duplicate,-
card-poster,x-test-card-poster,movie_card_component_html,beta-parent,c,Attribute Identifier Modification,REJECTED,duplicate,-
card-poster,x-test-card-poster,movie_card_component_html,beta-parent,j,HTML Tag Type Modification,REJECTED,duplicate,-
card-poster,x-test-card-poster,movie_card_component_html,beta-parent,k,HTML Tag Insertion,REJECTED,duplicate,-
card-poster,x-test-card-poster,movie_card_component_html,gamma-ancestor,a,Attribute Value Modification,NA,no-such-role,-
card-poster,x-test-card-poster,movie_card_component_html,gamma-ancestor,b,Attribute Removal,NA,no-such-role,-
card-poster,x-test-card-poster,movie_card_component_html,gamma-ancestor,c,Attribute Identifier Modification,NA,no-such-role,-
card-poster,x-test-card-poster,movie_card_component_html,gamma-ancestor,d,Text Content Modification,NA,no-such-role,-
card-poster,x-test-card-poster,movie_card_component_html,gamma-ancestor,e,Text Content Removal,NA,no-such-role,-
card-poster,x-test-card-poster,movie_card_component_html,gamma-ancestor,i,HTML Tag Removal,NA,no-such-role,-
card-poster,x-test-card-poster,movie_card_component_html,gamma-ancestor,j,HTML Tag Type Modification,NA,no-such-role,-
card-poster,x-test-card-poster,movie_card_component_html,gamma-ancestor,k,HTML Tag Insertion,NA,no-such-role,-
card-poster,x-test-card-poster,movie_card_component_html,delta-sibling,i,HTML Tag Removal,NA,would-drop-x-test,-
card-poster,x-test-card-poster,movie_card_component_html,delta-sibling,a,Attribute Value Modification,REJECTED,duplicate,-
card-poster,x-test-card-poster,movie_card_component_html,delta-sibling,b,Attribute Removal,REJECTED,duplicate,-
card-poster,x-test-card-poster,movie_card_component_html,delta-sibling,c,Attribute Identifier Modification,REJECTED,duplicate,-
card-poster,x-test-card-poster,movie_card_component_html,delta-sibling,d,Text Content Modification,REJECTED,duplicate,-
card-poster,x-test-card-poster,movie_card_component_html,delta-sibling,e,Text Content Removal,REJECTED,duplicate,-
card-poster,x-test-card-poster,movie_card_component_html,delta-sibling,j,HTML Tag Type Modification,REJECTED,duplicate,-
card-poster,x-test-card-poster,movie_card_component_html,delta-sibling,k,HTML Tag Insertion,REJECTED,duplicate,-
card-poster,x-test-card-poster,movie_card_component_html,epsilon-component,a,Attribute Value Modification,NA,no-such-role,-
card-poster,x-test-card-poster,movie_card_component_html,epsilon-component,b,Attribute Removal,NA,no-such-role,-
card-poster,x-test-card-poster,movie_card_component_html,epsilon-component,c,Attribute Identifier Modification,NA,no-such-role,-
card-poster,x-test-card-poster,movie_card_component_html,epsilon-component,d,Text Content Modification,NA,no-such-role,-
card-poster,x-test-card-poster,movie_card_component_html,epsilon-component,e,Text Content Removal,NA,no-such-role,-
card-poster,x-test-card-poster,movie_card_component_html,epsilon-component,i,HTML Tag Removal,NA,no-such-role,-
card-poster,x-test-card-poster,movie_card_component_html,epsilon-component,j,HTML Tag Type Modification,NA,no-such-role,-
card-poster,x-test-card-poster,movie_card_component_html,epsilon-component,k,HTML Tag Insertion,NA,no-such-role,-
detail-title,x-test-detail-title,movie_detail_component_html,alpha-target,i,HTML Tag Removal,NA,would-drop-x-test,-
detail-title,x-test-detail-title,movie_detail_component_html,alpha-target,a,Attribute Value Modification,SAVED,,LLMR_movie_detail_component_html_detail_title_alf_a
detail-title,x-test-detail-title,movie_detail_component_html,alpha-target,b,Attribute Removal,SAVED,,LLMR_movie_detail_component_html_detail_title_alf_b
detail-title,x-test-detail-title,movie_detail_component_html,alpha-target,c,Attribute Identifier Modification,SAVED,,LLMR_movie_detail_component_html_detail_title_alf_c
detail-title,x-test-detail-title,movie_detail_component_html,alpha-target,d,Text Content Modification,SAVED,,LLMR_movie_detail_component_html_detail_title_alf_d
detail-title,x-test-detail-title,movie_detail_component_html,alpha-target,e,Text Content Removal,SAVED,,LLMR_movie_detail_component_html_detail_title_alf_e
detail-title,x-test-detail-title,movie_detail_component_html,alpha-target,j,HTML Tag Type Modification,SAVED,,LLMR_movie_detail_component_html_detail_title_alf_j
detail-title,x-test-detail-title,movie_detail_component_html,alpha-target,k,HTML Tag Insertion,SAVED,,LLMR_movie_detail_component_html_detail_title_alf_k
detail-title,x-test-detail-title,movie_detail_component_html,beta-parent,d,Text Content Modification,NA,no-text-content,-
detail-title,x-test-detail-title,movie_detail_component_html,beta-parent,e,Text Content Removal,NA,no-text-content,-
detail-title,x-test-detail-title,movie_detail_component_html,beta-parent,a,Attribute Value Modification,REJECTED,duplicate,-
detail-title,x-test-detail-title,movie_detail_component_html,beta-parent,b,Attribute Removal,REJECTED,duplicate,-
detail-title,x-test-detail-title,movie_detail_component_html,beta-parent,c,Attribute Identifier Modification,REJECTED,duplicate,-
detail-title,x-test-detail-title,movie_detail_component_html,beta-parent,i,HTML Tag Removal,REJECTED,duplicate,-
detail-title,x-test-detail-title,movie_detail_component_html,beta-parent,j,HTML Tag Type Modification,REJECTED,duplicate,-
detail-title,x-test-detail-title,movie_detail_component_html,beta-parent,k,HTML Tag Insertion,REJECTED,duplicate,-
detail-title,x-test-detail-title,movie_detail_component_html,gamma-ancestor,d,Text Content Modification,NA,no-text-content,-
detail-title,x-test-detail-title,movie_detail_component_html,gamma-ancestor,e,Text Content Removal,NA,no-text-content,-
detail-title,x-test-detail-title,movie_detail_component_html,gamma-ancestor,a,Attribute Value Modification,REJECTED,duplicate,-
detail-title,x-test-detail-title,movie_detail_component_html,gamma-ancestor,b,Attribute Removal,REJECTED,duplicate,-
detail-title,x-test-detail-title,movie_detail_component_html,gamma-ancestor,c,Attribute Identifier Modification,REJECTED,duplicate,-
detail-title,x-test-detail-title,movie_detail_component_html,gamma-ancestor,i,HTML Tag Removal,REJECTED,duplicate,-
detail-title,x-test-detail-title,movie_detail_component_html,gamma-ancestor,j,HTML Tag Type Modification,REJECTED,duplicate,-
detail-title,x-test-detail-title,movie_detail_component_html,gamma-ancestor,k,HTML Tag Insertion,REJECTED,duplicate,-
detail-title,x-test-detail-title,movie_detail_component_html,delta-sibling,i,HTML Tag Removal,NA,would-drop-x-test,-
detail-title,x-test-detail-title,movie_detail_component_html,delta-sibling,a,Attribute Value Modification,REJECTED,duplicate,-
detail-title,x-test-detail-title,movie_detail_component_html,delta-sibling,b,Attribute Removal,REJECTED,duplicate,-
detail-title,x-test-detail-title,movie_detail_component_html,delta-sibling,c,Attribute Identifier Modification,REJECTED,duplicate,-
detail-title,x-test-detail-title,movie_detail_component_html,delta-sibling,d,Text Content Modification,REJECTED,duplicate,-
detail-title,x-test-detail-title,movie_detail_component_html,delta-sibling,e,Text Content Removal,REJECTED,duplicate,-
detail-title,x-test-detail-title,movie_detail_component_html,delta-sibling,j,HTML Tag Type Modification,REJECTED,duplicate,-
detail-title,x-test-detail-title,movie_detail_component_html,delta-sibling,k,HTML Tag Insertion,REJECTED,duplicate,-
detail-title,x-test-detail-title,movie_detail_component_html,epsilon-component,d,Text Content Modification,NA,no-text-content,-
detail-title,x-test-detail-title,movie_detail_component_html,epsilon-component,e,Text Content Removal,NA,no-text-content,-
detail-title,x-test-detail-title,movie_detail_component_html,epsilon-component,a,Attribute Value Modification,REJECTED,duplicate,-
detail-title,x-test-detail-title,movie_detail_component_html,epsilon-component,b,Attribute Removal,REJECTED,duplicate,-
detail-title,x-test-detail-title,movie_detail_component_html,epsilon-component,c,Attribute Identifier Modification,REJECTED,duplicate,-
detail-title,x-test-detail-title,movie_detail_component_html,epsilon-component,i,HTML Tag Removal,REJECTED,duplicate,-
detail-title,x-test-detail-title,movie_detail_component_html,epsilon-component,j,HTML Tag Type Modification,REJECTED,duplicate,-
detail-title,x-test-detail-title,movie_detail_component_html,epsilon-component,k,HTML Tag Insertion,REJECTED,duplicate,-
detail-synopsis,x-test-synopsis,movie_detail_component_html,alpha-target,i,HTML Tag Removal,NA,would-drop-x-test,-
detail-synopsis,x-test-synopsis,movie_detail_component_html,alpha-target,a,Attribute Value Modification,SAVED,,LLMR_movie_detail_component_html_detail_synopsis_alf_a
detail-synopsis,x-test-synopsis,movie_detail_component_html,alpha-target,b,Attribute Removal,SAVED,,LLMR_movie_detail_component_html_detail_synopsis_alf_b
detail-synopsis,x-test-synopsis,movie_detail_component_html,alpha-target,c,Attribute Identifier Modification,SAVED,,LLMR_movie_detail_component_html_detail_synopsis_alf_c
detail-synopsis,x-test-synopsis,movie_detail_component_html,alpha-target,d,Text Content Modification,SAVED,,LLMR_movie_detail_component_html_detail_synopsis_alf_d
detail-synopsis,x-test-synopsis,movie_detail_component_html,alpha-target,e,Text Content Removal,SAVED,,LLMR_movie_detail_component_html_detail_synopsis_alf_e
detail-synopsis,x-test-synopsis,movie_detail_component_html,alpha-target,j,HTML Tag Type Modification,SAVED,,LLMR_movie_detail_component_html_detail_synopsis_alf_j
detail-synopsis,x-test-synopsis,movie_detail_component_html,alpha-target,k,HTML Tag Insertion,SAVED,,LLMR_movie_detail_component_html_detail_synopsis_alf_k
detail-synopsis,x-test-synopsis,movie_detail_component_html,beta-parent,d,Text Content Modification,NA,no-text-content,-
detail-synopsis,x-test-synopsis,movie_detail_component_html,beta-parent,e,Text Content Removal,NA,no-text-content,-
detail-synopsis,x-test-synopsis,movie_detail_component_html,beta-parent,a,Attribute Value Modification,SAVED,,LLMR_movie_detail_component_html_detail_synopsis_bet_a
detail-synopsis,x-test-synopsis,movie_detail_component_html,beta-parent,b,Attribute Removal,SAVED,,LLMR_movie_detail_component_html_detail_synopsis_bet_b
detail-synopsis,x-test-synopsis,movie_detail_component_html,beta-parent,c,Attribute Identifier Modification,SAVED,,LLMR_movie_detail_component_html_detail_synopsis_bet_c
detail-synopsis,x-test-synopsis,movie_detail_component_html,beta-parent,i,HTML Tag Removal,SAVED,,LLMR_movie_detail_component_html_detail_synopsis_bet_i
detail-synopsis,x-test-synopsis,movie_detail_component_html,beta-parent,j,HTML Tag Type Modification,SAVED,,LLMR_movie_detail_component_html_detail_synopsis_bet_j
detail-synopsis,x-test-synopsis,movie_detail_component_html,beta-parent,k,HTML Tag Insertion,SAVED,,LLMR_movie_detail_component_html_detail_synopsis_bet_k
detail-synopsis,x-test-synopsis,movie_detail_component_html,gamma-ancestor,d,Text Content Modification,NA,no-text-content,-
detail-synopsis,x-test-synopsis,movie_detail_component_html,gamma-ancestor,e,Text Content Removal,NA,no-text-content,-
detail-synopsis,x-test-synopsis,movie_detail_component_html,gamma-ancestor,i,HTML Tag Removal,NA,root-element,-
detail-synopsis,x-test-synopsis,movie_detail_component_html,gamma-ancestor,a,Attribute Value Modification,SAVED,,LLMR_movie_detail_component_html_detail_synopsis_gam_a
detail-synopsis,x-test-synopsis,movie_detail_component_html,gamma-ancestor,b,Attribute Removal,SAVED,,LLMR_movie_detail_component_html_detail_synopsis_gam_b
detail-synopsis,x-test-synopsis,movie_detail_component_html,gamma-ancestor,c,Attribute Identifier Modification,SAVED,,LLMR_movie_detail_component_html_detail_synopsis_gam_c
detail-synopsis,x-test-synopsis,movie_detail_component_html,gamma-ancestor,j,HTML Tag Type Modification,SAVED,,LLMR_movie_detail_component_html_detail_synopsis_gam_j
detail-synopsis,x-test-synopsis,movie_detail_component_html,gamma-ancestor,k,HTML Tag Insertion,SAVED,,LLMR_movie_detail_component_html_detail_synopsis_gam_k
detail-synopsis,x-test-synopsis,movie_detail_component_html,delta-sibling,a,Attribute Value Modification,SAVED,,LLMR_movie_detail_component_html_detail_synopsis_del_a
detail-synopsis,x-test-synopsis,movie_detail_component_html,delta-sibling,b,Attribute Removal,SAVED,,LLMR_movie_detail_component_html_detail_synopsis_del_b
detail-synopsis,x-test-synopsis,movie_detail_component_html,delta-sibling,c,Attribute Identifier Modification,SAVED,,LLMR_movie_detail_component_html_detail_synopsis_del_c
detail-synopsis,x-test-synopsis,movie_detail_component_html,delta-sibling,d,Text Content Modification,SAVED,,LLMR_movie_detail_component_html_detail_synopsis_del_d
detail-synopsis,x-test-synopsis,movie_detail_component_html,delta-sibling,e,Text Content Removal,SAVED,,LLMR_movie_detail_component_html_detail_synopsis_del_e
detail-synopsis,x-test-synopsis,movie_detail_component_html,delta-sibling,i,HTML Tag Removal,SAVED,,LLMR_movie_detail_component_html_detail_synopsis_del_i
detail-synopsis,x-test-synopsis,movie_detail_component_html,delta-sibling,j,HTML Tag Type Modification,SAVED,,LLMR_movie_detail_component_html_detail_synopsis_del_j
detail-synopsis,x-test-synopsis,movie_detail_component_html,delta-sibling,k,HTML Tag Insertion,SAVED,,LLMR_movie_detail_component_html_detail_synopsis_del_k
detail-synopsis,x-test-synopsis,movie_detail_component_html,epsilon-component,a,Attribute Value Modification,NA,no-such-role,-
detail-synopsis,x-test-synopsis,movie_detail_component_html,epsilon-component,b,Attribute Removal,NA,no-such-role,-
detail-synopsis,x-test-synopsis,movie_detail_component_html,epsilon-component,c,Attribute Identifier Modification,NA,no-such-role,-
detail-synopsis,x-test-synopsis,movie_detail_component_html,epsilon-component,d,Text Content Modification,NA,no-such-role,-
detail-synopsis,x-test-synopsis,movie_detail_component_html,epsilon-component,e,Text Content Removal,NA,no-such-role,-
detail-synopsis,x-test-synopsis,movie_detail_component_html,epsilon-component,i,HTML Tag Removal,NA,no-such-role,-
detail-synopsis,x-test-synopsis,movie_detail_component_html,epsilon-component,j,HTML Tag Type Modification,NA,no-such-role,-
detail-synopsis,x-test-synopsis,movie_detail_component_html,epsilon-component,k,HTML Tag Insertion,NA,no-such-role,-
detail-edit-button,x-test-edit-button,movie_detail_component_html,alpha-target,i,HTML Tag Removal,NA,would-drop-x-test,-
detail-edit-button,x-test-edit-button,movie_detail_component_html,alpha-target,a,Attribute Value Modification,REJECTED,duplicate,-
detail-edit-button,x-test-edit-button,movie_detail_component_html,alpha-target,b,Attribute Removal,REJECTED,duplicate,-
detail-edit-button,x-test-edit-button,movie_detail_component_html,alpha-target,c,Attribute Identifier Modification,REJECTED,duplicate,-
detail-edit-button,x-test-edit-button,movie_detail_component_html,alpha-target,d,Text Content Modification,REJECTED,duplicate,-
detail-edit-button,x-test-edit-button,movie_detail_component_html,alpha-target,e,Text Content Removal,REJECTED,duplicate,-
detail-edit-button,x-test-edit-button,movie_detail_component_html,alpha-target,j,HTML Tag Type Modification,REJECTED,duplicate,-
detail-edit-button,x-test-edit-button,movie_detail_component_html,alpha-target,k,HTML Tag Insertion,REJECTED,duplicate,-
detail-edit-button,x-test-edit-button,movie_detail_component_html,beta-parent,d,Text Content Modification,NA,no-text-content,-
detail-edit-button,x-test-edit-button,movie_detail_component_html,beta-parent,e,Text Content Removal,NA,no-text-content,-
detail-edit-button,x-test-edit-button,movie_detail_component_html,beta-parent,a,Attribute Value Modification,REJECTED,duplicate,-
detail-edit-button,x-test-edit-button,movie_detail_component_html,beta-parent,b,Attribute Removal,REJECTED,duplicate,-
detail-edit-button,x-test-edit-button,movie_detail_component_html,beta-parent,c,Attribute Identifier Modification,REJECTED,duplicate,-
detail-edit-button,x-test-edit-button,movie_detail_component_html,beta-parent,i,HTML Tag Removal,REJECTED,duplicate,-
detail-edit-button,x-test-edit-button,movie_detail_component_html,beta-parent,j,HTML Tag Type Modification,REJECTED,duplicate,-
detail-edit-button,x-test-edit-button,movie_detail_component_html,beta-parent,k,HTML Tag Insertion,REJECTED,duplicate,-
detail-edit-button,x-test-edit-button,movie_detail_component_html,gamma-ancestor,d,Text Content Modification,NA,no-text-content,-
detail-edit-button,x-test-edit-button,movie_detail_component_html,gamma-ancestor,e,Text Content Removal,NA,no-text-content,-
detail-edit-button,x-test-edit-button,movie_detail_component_html,gamma-ancestor,a,Attribute Value Modification,REJECTED,duplicate,-
detail-edit-button,x-test-edit-button,movie_detail_component_html,gamma-ancestor,b,Attribute Removal,REJECTED,duplicate,-
detail-edit-button,x-test-edit-button,movie_detail_component_html,gamma-ancestor,c,Attribute Identifier Modification,REJECTED,duplicate,-
detail-edit-button,x-test-edit-button,movie_detail_component_html,gamma-ancestor,i,HTML Tag Removal,REJECTED,duplicate,-
detail-edit-button,x-test-edit-button,movie_detail_component_html,gamma-ancestor,j,HTML Tag Type Modification,REJECTED,duplicate,-
detail-edit-button,x-test-edit-button,movie_detail_component_html,gamma-ancestor,k,HTML Tag Insertion,REJECTED,duplicate,-
detail-edit-button,x-test-edit-button,movie_detail_component_html,delta-sibling,i,HTML Tag Removal,NA,would-drop-x-test,-
detail-edit-button,x-test-edit-button,movie_detail_component_html,delta-sibling,a,Attribute Value Modification,REJECTED,duplicate,-
detail-edit-button,x-test-edit-button,movie_detail_component_html,delta-sibling,b,Attribute Removal,REJECTED,duplicate,-
detail-edit-button,x-test-edit-button,movie_detail_component_html,delta-sibling,c,Attribute Identifier Modification,REJECTED,duplicate,-
detail-edit-button,x-test-edit-button,movie_detail_component_html,delta-sibling,d,Text Content Modification,REJECTED,duplicate,-
detail-edit-button,x-test-edit-button,movie_detail_component_html,delta-sibling,e,Text Content Removal,REJECTED,duplicate,-
detail-edit-button,x-test-edit-button,movie_detail_component_html,delta-sibling,j,HTML Tag Type Modification,REJECTED,duplicate,-
detail-edit-button,x-test-edit-button,movie_detail_component_html,delta-sibling,k,HTML Tag Insertion,REJECTED,duplicate,-
detail-edit-button,x-test-edit-button,movie_detail_component_html,epsilon-component,d,Text Content Modification,NA,no-text-content,-
detail-edit-button,x-test-edit-button,movie_detail_component_html,epsilon-component,e,Text Content Removal,NA,no-text-content,-
detail-edit-button,x-test-edit-button,movie_detail_component_html,epsilon-component,a,Attribute Value Modification,REJECTED,duplicate,-
detail-edit-button,x-test-edit-button,movie_detail_component_html,epsilon-component,b,Attribute Removal,REJECTED,duplicate,-
detail-edit-button,x-test-edit-button,movie_detail_component_html,epsilon-component,c,Attribute Identifier Modification,REJECTED,duplicate,-
detail-edit-button,x-test-edit-button,movie_detail_component_html,epsilon-component,i,HTML Tag Removal,REJECTED,duplicate,-
detail-edit-button,x-test-edit-button,movie_detail_component_html,epsilon-component,j,HTML Tag Type Modification,REJECTED,duplicate,-
detail-edit-button,x-test-edit-button,movie_detail_component_html,epsilon-component,k,HTML Tag Insertion,REJECTED,duplicate,-
cast-name,x-test-cast-name,cast_row_component_html,alpha-target,i,HTML Tag Removal,NA,would-drop-x-test,-
cast-name,x-test-cast-name,cast_row_component_html,alpha-target,a,Attribute Value Modification,SAVED,,LLMR_cast_row_component_html_cast_name_alf_a
cast-name,x-test-cast-name,cast_row_component_html,alpha-target,b,Attribute Removal,SAVED,,LLMR_cast_row_component_html_cast_name_alf_b
cast-name,x-test-cast-name,cast_row_component_html,alpha-target,c,Attribute Identifier Modification,SAVED,,LLMR_cast_row_component_html_cast_name_alf_c
cast-name,x-test-cast-name,cast_row_component_html,alpha-target,d,Text Content Modification,SAVED,,LLMR_cast_row_component_html_cast_name_alf_d
cast-name,x-test-cast-name,cast_row_component_html,alpha-target,e,Text Content Removal,SAVED,,LLMR_cast_row_component_html_cast_name_alf_e
cast-name,x-test-cast-name,cast_row_component_html,alpha-target,j,HTML Tag Type Modification,SAVED,,LLMR_cast_row_component_html_cast_name_alf_j
cast-name,x-test-cast-name,cast_row_component_html,alpha-target,k,HTML Tag Insertion,SAVED,,LLMR_cast_row_component_html_cast_name_alf_k
cast-name,x-test-cast-name,cast_row_component_html,beta-parent,d,Text Content Modification,NA,no-text-content,-
cast-name,x-test-cast-name,cast_row_component_html,beta-parent,e,Text Content Removal,NA,no-text-content,-
cast-name,x-test-cast-name,cast_row_component_html,beta-parent,i,HTML Tag Removal,NA,root-element,-
cast-name,x-test-cast-name,cast_row_component_html,beta-parent,a,Attribute Value Modification,REJECTED,duplicate,-
cast-name,x-test-cast-name,cast_row_component_html,beta-parent,b,Attribute Removal,REJECTED,duplicate,-
cast-name,x-test-cast-name,cast_row_component_html,beta-parent,c,Attribute Identifier Modification,REJECTED,duplicate,-
cast-name,x-test-cast-name,cast_row_component_html,beta-parent,j,HTML Tag Type Modification,REJECTED,duplicate,-
cast-name,x-test-cast-name,cast_row_component_html,beta-parent,k,HTML Tag Insertion,REJECTED,duplicate,-
cast-name,x-test-cast-name,cast_row_component_html,gamma-ancestor,a,Attribute Value Modification,NA,no-such-role,-
cast-name,x-test-cast-name,cast_row_component_html,gamma-ancestor,b,Attribute Removal,NA,no-such-role,-
cast-name,x-test-cast-name,cast_row_component_html,gamma-ancestor,c,Attribute Identifier Modification,NA,no-such-role,-
cast-name,x-test-cast-name,cast_row_component_html,gamma-ancestor,d,Text Content Modification,NA,no-such-role,-
cast-name,x-test-cast-name,cast_row_component_html,gamma-ancestor,e,Text Content Removal,NA,no-such-role,-
cast-name,x-test-cast-name,cast_row_component_html,gamma-ancestor,i,HTML Tag Removal,NA,no-such-role,-
cast-name,x-test-cast-name,cast_row_component_html,gamma-ancestor,j,HTML Tag Type Modification,NA,no-such-role,-
cast-name,x-test-cast-name,cast_row_component_html,gamma-ancestor,k,HTML Tag Insertion,NA,no-such-role,-
cast-name,x-test-cast-name,cast_row_component_html,delta-sibling,i,HTML Tag Removal,NA,would-drop-x-test,-
cast-name,x-test-cast-name,cast_row_component_html,delta-sibling,a,Attribute Value Modification,SAVED,,LLMR_cast_row_component_html_cast_name_del_a
cast-name,x-test-cast-name,cast_row_component_html,delta-sibling,b,Attribute Removal,SAVED,,LLMR_cast_row_component_html_cast_name_del_b
cast-name,x-test-cast-name,cast_row_component_html,delta-sibling,c,Attribute Identifier Modification,SAVED,,LLMR_cast_row_component_html_cast_name_del_c
cast-name,x-test-cast-name,cast_row_component_html,delta-sibling,d,Text Content Modification,SAVED,,LLMR_cast_row_component_html_cast_name_del_d
cast-name,x-test-cast-name,cast_row_component_html,delta-sibling,e,Text Content Removal,SAVED,,LLMR_cast_row_component_html_cast_name_del_e
cast-name,x-test-cast-name,cast_row_component_html,delta-sibling,j,HTML Tag Type Modification,SAVED,,LLMR_cast_row_component_html_cast_name_del_j
cast-name,x-test-cast-name,cast_row_component_html,delta-sibling,k,HTML Tag Insertion,SAVED,,LLMR_cast_row_component_html_cast_name_del_k
cast-name,x-test-cast-name,cast_row_component_html,epsilon-component,a,Attribute Value Modification,NA,no-such-role,-
cast-name,x-test-cast-name,cast_row_component_html,epsilon-component,b,Attribute Removal,NA,no-such-role,-
cast-name,x-test-cast-name,cast_row_component_html,epsilon-component,c,Attribute Identifier Modification,NA,no-such-role,-
cast-name,x-test-cast-name,cast_row_component_html,epsilon-component,d,Text Content Modification,NA,no-such-role,-
cast-name,x-test-cast-name,cast_row_component_html,epsilon-component,e,Text Content Removal,NA,no-such-role,-
cast-name,x-test-cast-name,cast_row_component_html,epsilon-component,i,HTML Tag Removal,NA,no-such-role,-
cast-name,x-test-cast-name,cast_row_component_html,epsilon-component,j,HTML Tag Type Modification,NA,no-such-role,-
cast-name,x-test-cast-name,cast_row_component_html,epsilon-component,k,HTML Tag Insertion,NA,no-such-role,-
cast-role,x-test-cast-role,cast_row_component_html,alpha-target,i,HTML Tag Removal,NA,would-drop-x-test,-
cast-role,x-test-cast-role,cast_row_component_html,alpha-target,a,Attribute Value Modification,REJECTED,duplicate,-
cast-role,x-test-cast-role,cast_row_component_html,alpha-target,b,Attribute Removal,REJECTED,duplicate,-
cast-role,x-test-cast-role,cast_row_component_html,alpha-target,c,Attribute Identifier Modification,REJECTED,duplicate,-
cast-role,x-test-cast-role,cast_row_component_html,alpha-target,d,Text Content Modification,REJECTED,duplicate,-
cast-role,x-test-cast-role,cast_row_component_html,alpha-target,e,Text Content Removal,REJECTED,duplicate,-
cast-role,x-test-cast-role,cast_row_component_html,alpha-target,j,HTML Tag Type Modification,REJECTED,duplicate,-
cast-role,x-test-cast-role,cast_row_component_html,alpha-target,k,HTML Tag Insertion,REJECTED,duplicate,-
cast-role,x-test-cast-role,cast_row_component_html,beta-parent,d,Text Content Modification,NA,no-text-content,-
cast-role,x-test-cast-role,cast_row_component_html,beta-parent,e,Text Content Removal,NA,no-text-content,-
cast-role,x-test-cast-role,cast_row_component_html,beta-parent,i,HTML Tag Removal,NA,root-element,-
cast-role,x-test-cast-role,cast_row_component_html,beta-parent,a,Attribute Value Modification,REJECTED,duplicate,-
cast-role,x-test-cast-role,cast_row_component_html,beta-parent,b,Attribute Removal,REJECTED,duplicate,-
cast-role,x-test-cast-role,cast_row_component_html,beta-parent,c,Attribute Identifier Modification,REJECTED,duplicate,-
cast-role,x-test-cast-role,cast_row_component_html,beta-parent,j,HTML Tag Type Modification,REJECTED,duplicate,-
cast-role,x-test-cast-role,cast_row_component_html,beta-parent,k,HTML Tag Insertion,REJECTED,duplicate,-
cast-role,x-test-cast-role,cast_row_component_html,gamma-ancestor,a,Attribute Value Modification,NA,no-such-role,-
cast-role,x-test-cast-role,cast_row_component_html,gamma-ancestor,b,Attribute Removal,NA,no-such-role,-
cast-role,x-test-cast-role,cast_row_component_html,gamma-ancestor,c,Attribute Identifier Modification,NA,no-such-role,-
cast-role,x-test-cast-role,cast_row_component_html,gamma-ancestor,d,Text Content Modification,NA,no-such-role,-
cast-role,x-test-cast-role,cast_row_component_html,gamma-ancestor,e,Text Content Removal,NA,no-such-role,-
cast-role,x-test-cast-role,cast_row_component_html,gamma-ancestor,i,HTML Tag Removal,NA,no-such-role,-
cast-role,x-test-cast-role,cast_row_component_html,gamma-ancestor,j,HTML Tag Type Modification,NA,no-such-role,-
cast-role,x-test-cast-role,cast_row_component_html,gamma-ancestor,k,HTML Tag Insertion,NA,no-such-role,-
cast-role,x-test-cast-role,cast_row_component_html,delta-sibling,i,HTML Tag Removal,NA,would-drop-x-test,-
cast-role,x-test-cast-role,cast_row_component_html,delta-sibling,a,Attribute Value Modification,REJECTED,duplicate,-
cast-role,x-test-cast-role,cast_row_component_html,delta-sibling,b,Attribute Removal,REJECTED,duplicate,-
cast-role,x-test-cast-role,cast_row_component_html,delta-sibling,c,Attribute Identifier Modification,REJECTED,duplicate,-
cast-role,x-test-cast-role,cast_row_component_html,delta-sibling,d,Text Content Modification,REJECTED,duplicate,-
cast-role,x-test-cast-role,cast_row_component_html,delta-sibling,e,Text Content Removal,REJECTED,duplicate,-
cast-role,x-test-cast-role,cast_row_component_html,delta-sibling,j,HTML Tag Type Modification,REJECTED,duplicate,-
cast-role,x-test-cast-role,cast_row_component_html,delta-sibling,k,HTML Tag Insertion,REJECTED,duplicate,-
cast-role,x-test-cast-role,cast_row_component_html,epsilon-component,a,Attribute Value Modification,NA,no-such-role,-
cast-role,x-test-cast-role,cast_row_component_html,epsilon-component,b,Attribute Removal,NA,no-such-role,-
cast-role,x-test-cast-role,cast_row_component_html,epsilon-component,c,Attribute Identifier Modification,NA,no-such-role,-
cast-role,x-test-cast-role,cast_row_component_html,epsilon-component,d,Text Content Modification,NA,no-such-role,-
cast-role,x-test-cast-role,cast_row_component_html,epsilon-component,e,Text Content Removal,NA,no-such-role,-
cast-role,x-test-cast-role,cast_row_component_html,epsilon-component,i,HTML Tag Removal,NA,no-such-role,-
cast-role,x-test-cast-role,cast_row_component_html,epsilon-component,j,HTML Tag Type Modification,NA,no-such-role,-
cast-role,x-test-cast-role,cast_row_component_html,epsilon-component,k,HTML Tag Insertion,NA,no-such-role,-
reviews-average,x-test-reviews-average,reviews_component_html,alpha-target,i,HTML Tag Removal,NA,would-drop-x-test,-
reviews-average,x-test-reviews-average,reviews_component_html,alpha-target,a,Attribute Value Modification,SAVED,,LLMR_reviews_component_html_reviews_average_alf_a
reviews-average,x-test-reviews-average,reviews_component_html,alpha-target,b,Attribute Removal,SAVED,,LLMR_reviews_component_html_reviews_average_alf_b
reviews-average,x-test-reviews-average,reviews_component_html,alpha-target,c,Attribute Identifier Modification,SAVED,,LLMR_reviews_component_html_reviews_average_alf_c
reviews-average,x-test-reviews-average,reviews_component_html,alpha-target,d,Text Content Modification,SAVED,,LLMR_reviews_component_html_reviews_average_alf_d
reviews-average,x-test-reviews-average,reviews_component_html,alpha-target,e,Text Content Removal,SAVED,,LLMR_reviews_component_html_reviews_average_alf_e
reviews-average,x-test-reviews-average,reviews_component_html,alpha-target,j,HTML Tag Type Modification,SAVED,,LLMR_reviews_component_html_reviews_average_alf_j
reviews-average,x-test-reviews-average,reviews_component_html,alpha-target,k,HTML Tag Insertion,SAVED,,LLMR_reviews_component_html_reviews_average_alf_k
reviews-average,x-test-reviews-average,reviews_component_html,beta-parent,i,HTML Tag Removal,NA,would-drop-x-test,-
reviews-average,x-test-reviews-average,reviews_component_html,beta-parent,a,Attribute Value Modification,SAVED,,LLMR_reviews_component_html_reviews_average_bet_a
reviews-average,x-test-reviews-average,reviews_component_html,beta-parent,b,Attribute Removal,SAVED,,LLMR_reviews_component_html_reviews_average_bet_b
reviews-average,x-test-reviews-average,reviews_component_html,beta-parent,c,Attribute Identifier Modification,SAVED,,LLMR_reviews_component_html_reviews_average_bet_c
reviews-average,x-test-reviews-average,reviews_component_html,beta-parent,d,Text Content Modification,SAVED,,LLMR_reviews_component_html_reviews_average_bet_d
reviews-average,x-test-reviews-average,reviews_component_html,beta-parent,e,Text Content Removal,SAVED,,LLMR_reviews_component_html_reviews_average_bet_e
reviews-average,x-test-reviews-average,reviews_component_html,beta-parent,j,HTML Tag Type Modification,SAVED,,LLMR_reviews_component_html_reviews_average_bet_j
reviews-average,x-test-reviews-average,reviews_component_html,beta-parent,k,HTML Tag Insertion,SAVED,,LLMR_reviews_component_html_reviews_average_bet_k
reviews-average,x-test-reviews-average,reviews_component_html,gamma-ancestor,d,Text Content Modification,NA,no-text-content,-
reviews-average,x-test-reviews-average,reviews_component_html,gamma-ancestor,e,Text Content Removal,NA,no-text-content,-
reviews-average,x-test-reviews-average,reviews_component_html,gamma-ancestor,i,HTML Tag Removal,NA,root-element,-
reviews-average,x-test-reviews-average,reviews_component_html,gamma-ancestor,a,Attribute Value Modification,REJECTED,duplicate,-
reviews-average,x-test-reviews-average,reviews_component_html,gamma-ancestor,b,Attribute Removal,REJECTED,duplicate,-
reviews-average,x-test-reviews-average,reviews_component_html,gamma-ancestor,c,Attribute Identifier Modification,REJECTED,duplicate,-
reviews-average,x-test-reviews-average,reviews_component_html,gamma-ancestor,j,HTML Tag Type Modification,REJECTED,duplicate,-
reviews-average,x-test-reviews-average,reviews_component_html,gamma-ancestor,k,HTML Tag Insertion,REJECTED,duplicate,-
reviews-average,x-test-reviews-average,reviews_component_html,delta-sibling,i,HTML Tag Removal,NA,would-drop-x-test,-
reviews-average,x-test-reviews-average,reviews_component_html,delta-sibling,a,Attribute Value Modification,SAVED,,LLMR_reviews_component_html_reviews_average_del_a
reviews-average,x-test-reviews-average,reviews_component_html,delta-sibling,b,Attribute Removal,SAVED,,LLMR_reviews_component_html_reviews_average_del_b
reviews-average,x-test-reviews-average,reviews_component_html,delta-sibling,c,Attribute Identifier Modification,SAVED,,LLMR_reviews_component_html_reviews_average_del_c
reviews-average,x-test-reviews-average,reviews_component_html,delta-sibling,d,Text Content Modification,SAVED,,LLMR_reviews_component_html_reviews_average_del_d
reviews-average,x-test-reviews-average,reviews_component_html,delta-sibling,e,Text Content Removal,SAVED,,LLMR_reviews_component_html_reviews_average_del_e
reviews-average,x-test-reviews-average,reviews_component_html,delta-sibling,j,HTML Tag Type Modification,SAVED,,LLMR_reviews_component_html_reviews_average_del_j
reviews-average,x-test-reviews-average,reviews_component_html,delta-sibling,k,HTML Tag Insertion,SAVED,,LLMR_reviews_component_html_reviews_average_del_k
reviews-average,x-test-reviews-average,reviews_component_html,epsilon-component,a,Attribute Value Modification,NA,no-such-role,-
reviews-average,x-test-reviews-average,reviews_component_html,epsilon-component,b,Attribute Removal,NA,no-such-role,-
reviews-average,x-test-reviews-average,reviews_component_html,epsilon-component,c,Attribute Identifier Modification,NA,no-such-role,-
reviews-average,x-test-reviews-average,reviews_component_html,epsilon-component,d,Text Content Modification,NA,no-such-role,-
reviews-average,x-test-reviews-average,reviews_component_html,epsilon-component,e,Text Content Removal,NA,no-such-role,-
reviews-average,x-test-reviews-average,reviews_component_html,epsilon-component,i,HTML Tag Removal,NA,no-such-role,-
reviews-average,x-test-reviews-average,reviews_component_html,epsilon-component,j,HTML Tag Type Modification,NA,no-such-role,-
reviews-average,x-test-reviews-average,reviews_component_html,epsilon-component,k,HTML Tag Insertion,NA,no-such-role,-
review-comment,x-test-review-comment,reviews_component_html,alpha-target,i,HTML Tag Removal,NA,would-drop-x-test,-
review-comment,x-test-review-comment,reviews_component_html,alpha-target,a,Attribute Value Modification,SAVED,,LLMR_reviews_component_html_review_comment_alf_a
review-comment,x-test-review-comment,reviews_component_html,alpha-target,b,Attribute Removal,SAVED,,LLMR_reviews_component_html_review_comment_alf_b
review-comment,x-test-review-comment,reviews_component_html,alpha-target,c,Attribute Identifier Modification,SAVED,,LLMR_reviews_component_html_review_comment_alf_c
review-comment,x-test-review-comment,reviews_component_html,alpha-target,d,Text Content Modification,SAVED,,LLMR_reviews_component_html_review_comment_alf_d
review-comment,x-test-review-comment,reviews_component_html,alpha-target,e,Text Content Removal,REJECTED,duplicate,-
review-comment,x-test-review-comment,reviews_component_html,alpha-target,j,HTML Tag Type Modification,SAVED,,LLMR_reviews_component_html_review_comment_alf_j
review-comment,x-test-review-comment,reviews_component_html,alpha-target,k,HTML Tag Insertion,SAVED,,LLMR_reviews_component_html_review_comment_alf_k
review-comment,x-test-review-comment,reviews_component_html,beta-parent,d,Text Content Modification,NA,no-text-content,-
review-comment,x-test-review-comment,reviews_component_html,beta-parent,e,Text Content Removal,NA,no-text-content,-
review-comment,x-test-review-comment,reviews_component_html,beta-parent,i,HTML Tag Removal,NA,would-drop-x-test,-
review-comment,x-test-review-comment,reviews_component_html,beta-parent,a,Attribute Value Modification,REJECTED,duplicate,-
review-comment,x-test-review-comment,reviews_component_html,beta-parent,b,Attribute Removal,REJECTED,duplicate,-
review-comment,x-test-review-comment,reviews_component_html,beta-parent,c,Attribute Identifier Modification,REJECTED,duplicate,-
review-comment,x-test-review-comment,reviews_component_html,beta-parent,j,HTML Tag Type Modification,REJECTED,duplicate,-
review-comment,x-test-review-comment,reviews_component_html,beta-parent,k,HTML Tag Insertion,REJECTED,duplicate,-
review-comment,x-test-review-comment,reviews_component_html,gamma-ancestor,i,HTML Tag Removal,NA,would-drop-x-test,-
review-comment,x-test-review-comment,reviews_component_html,gamma-ancestor,a,Attribute Value Modification,REJECTED,duplicate,-
review-comment,x-test-review-comment,reviews_component_html,gamma-ancestor,b,Attribute Removal,REJECTED,duplicate,-
review-comment,x-test-review-comment,reviews_component_html,gamma-ancestor,c,Attribute Identifier Modification,REJECTED,duplicate,-
review-comment,x-test-review-comment,reviews_component_html,gamma-ancestor,d,Text Content Modification,REJECTED,duplicate,-
review-comment,x-test-review-comment,reviews_component_html,gamma-ancestor,e,Text Content Removal,REJECTED,duplicate,-
review-comment,x-test-review-comment,reviews_component_html,gamma-ancestor,j,HTML Tag Type Modification,REJECTED,duplicate,-
review-comment,x-test-review-comment,reviews_component_html,gamma-ancestor,k,HTML Tag Insertion,REJECTED,duplicate,-
review-comment,x-test-review-comment,reviews_component_html,delta-sibling,d,Text Content Modification,NA,no-text-content,-
review-comment,x-test-review-comment,reviews_component_html,delta-sibling,e,Text Content Removal,NA,no-text-content,-
review-comment,x-test-review-comment,reviews_component_html,delta-sibling,a,Attribute Value Modification,REJECTED,duplicate,-
review-comment,x-test-review-comment,reviews_component_html,delta-sibling,b,Attribute Removal,REJECTED,duplicate,-
review-comment,x-test-review-comment,reviews_component_html,delta-sibling,c,Attribute Identifier Modification,REJECTED,duplicate,-
review-comment,x-test-review-comment,reviews_component_html,delta-sibling,i,HTML Tag Removal,REJECTED,duplicate,-
review-comment,x-test-review-comment,reviews_component_html,delta-sibling,j,HTML Tag Type Modification,REJECTED,duplicate,-
review-comment,x-test-review-comment,reviews_component_html,delta-sibling,k,HTML Tag Insertion,REJECTED,duplicate,-
review-comment,x-test-review-comment,reviews_component_html,epsilon-component,a,Attribute Value Modification,NA,no-such-role,-
review-comment,x-test-review-comment,reviews_component_html,epsilon-component,b,Attribute Removal,NA,no-such-role,-
review-comment,x-test-review-comment,reviews_component_html,epsilon-component,c,Attribute Identifier Modification,NA,no-such-role,-
review-comment,x-test-review-comment,reviews_component_html,epsilon-component,d,Text Content Modification,NA,no-such-role,-
review-comment,x-test-review-comment,reviews_component_html,epsilon-component,e,Text Content Removal,NA,no-such-role,-
review-comment,x-test-review-comment,reviews_component_html,epsilon-component,i,HTML Tag Removal,NA,no-such-role,-
review-comment,x-test-review-comment,reviews_component_html,epsilon-component,j,HTML Tag Type Modification,NA,no-such-role,-
review-comment,x-test-review-comment,reviews_component_html,epsilon-component,k,HTML Tag Insertion,NA,no-such-role,-
review-field-comment,x-test-review-field-comment,reviews_component_html,alpha-target,d,Text Content Modification,NA,no-text-content,-
review-field-comment,x-test-review-field-comment,reviews_component_html,alpha-target,e,Text Content Removal,NA,no-text-content,-
review-field-comment,x-test-review-field-comment,reviews_component_html,alpha-target,i,HTML Tag Removal,NA,would-drop-x-test,-
review-field-comment,x-test-review-field-comment,reviews_component_html,alpha-target,a,Attribute Value Modification,SAVED,,LLMR_reviews_component_html_review_field_comment_alf_a
review-field-comment,x-test-review-field-comment,reviews_component_html,alpha-target,b,Attribute Removal,SAVED,,LLMR_reviews_component_html_review_field_comment_alf_b
review-field-comment,x-test-review-field-comment,reviews_component_html,alpha-target,c,Attribute Identifier Modification,SAVED,,LLMR_reviews_component_html_review_field_comment_alf_c
review-field-comment,x-test-review-field-comment,reviews_component_html,alpha-target,j,HTML Tag Type Modification,SAVED,,LLMR_reviews_component_html_review_field_comment_alf_j
review-field-comment,x-test-review-field-comment,reviews_component_html,alpha-target,k,HTML Tag Insertion,SAVED,,LLMR_reviews_component_html_review_field_comment_alf_k
review-field-comment,x-test-review-field-comment,reviews_component_html,beta-parent,a,Attribute Value Modification,SAVED,,LLMR_reviews_component_html_review_field_comment_bet_a
review-field-comment,x-test-review-field-comment,reviews_component_html,beta-parent,b,Attribute Removal,SAVED,,LLMR_reviews_component_html_review_field_comment_bet_b
review-field-comment,x-test-review-field-comment,reviews_component_html,beta-parent,c,Attribute Identifier Modification,SAVED,,LLMR_reviews_component_html_review_field_comment_bet_c
review-field-comment,x-test-review-field-comment,reviews_component_html,beta-parent,d,Text Content Modification,SAVED,,LLMR_reviews_component_html_review_field_comment_bet_d
review-field-comment,x-test-review-field-comment,reviews_component_html,beta-parent,e,Text Content Removal,SAVED,,LLMR_reviews_component_html_review_field_comment_bet_e
review-field-comment,x-test-review-field-comment,reviews_component_html,beta-parent,i,HTML Tag Removal,SAVED,,LLMR_reviews_component_html_review_field_comment_bet_i
review-field-comment,x-test-review-field-comment,reviews_component_html,beta-parent,j,HTML Tag Type Modification,SAVED,,LLMR_reviews_component_html_review_field_comment_bet_j
review-field-comment,x-test-review-field-comment,reviews_component_html,beta-parent,k,HTML Tag Insertion,SAVED,,LLMR_reviews_component_html_review_field_comment_bet_k
review-field-comment,x-test-review-field-comment,reviews_component_html,gamma-ancestor,d,Text Content Modification,NA,no-text-content,-
review-field-comment,x-test-review-field-comment,reviews_component_html,gamma-ancestor,e,Text Content Removal,NA,no-text-content,-
review-field-comment,x-test-review-field-comment,reviews_component_html,gamma-ancestor,i,HTML Tag Removal,NA,would-drop-x-test,-
review-field-comment,x-test-review-field-comment,reviews_component_html,gamma-ancestor,a,Attribute Value Modification,REJECTED,duplicate,-
review-field-comment,x-test-review-field-comment,reviews_component_html,gamma-ancestor,b,Attribute Removal,REJECTED,duplicate,-
review-field-comment,x-test-review-field-comment,reviews_component_html,gamma-ancestor,c,Attribute Identifier Modification,REJECTED,duplicate,-
review-field-comment,x-test-review-field-comment,reviews_component_html,gamma-ancestor,j,HTML Tag Type Modification,REJECTED,duplicate,-
review-field-comment,x-test-review-field-comment,reviews_component_html,gamma-ancestor,k,HTML Tag Insertion,REJECTED,duplicate,-
review-field-comment,x-test-review-field-comment,reviews_component_html,delta-sibling,i,HTML Tag Removal,NA,would-drop-x-test,-
review-field-comment,x-test-review-field-comment,reviews_component_html,delta-sibling,a,Attribute Value Modification,SAVED,,LLMR_reviews_component_html_review_field_comment_del_a
review-field-comment,x-test-review-field-comment,reviews_component_html,delta-sibling,b,Attribute Removal,SAVED,,LLMR_reviews_component_html_review_field_comment_del_b
review-field-comment,x-test-review-field-comment,reviews_component_html,delta-sibling,c,Attribute Identifier Modification,SAVED,,LLMR_reviews_component_html_review_field_comment_del_c
review-field-comment,x-test-review-field-comment,reviews_component_html,delta-sibling,d,Text Content Modification,SAVED,,LLMR_reviews_component_html_review_field_comment_del_d
review-field-comment,x-test-review-field-comment,reviews_component_html,delta-sibling,e,Text Content Removal,SAVED,,LLMR_reviews_component_html_review_field_comment_del_e
review-field-comment,x-test-review-field-comment,reviews_component_html,delta-sibling,j,HTML Tag Type Modification,SAVED,,LLMR_reviews_component_html_review_field_comment_del_j
review-field-comment,x-test-review-field-comment,reviews_component_html,delta-sibling,k,HTML Tag Insertion,SAVED,,LLMR_reviews_component_html_review_field_comment_del_k
review-field-comment,x-test-review-field-comment,reviews_component_html,epsilon-component,a,Attribute Value Modification,NA,no-such-role,-
review-field-comment,x-test-review-field-comment,reviews_component_html,epsilon-component,b,Attribute Removal,NA,no-such-role,-
review-field-comment,x-test-review-field-comment,reviews_component_html,epsilon-component,c,Attribute Identifier Modification,NA,no-such-role,-
review-field-comment,x-test-review-field-comment,reviews_component_html,epsilon-component,d,Text Content Modification,NA,no-such-role,-
review-field-comment,x-test-review-field-comment,reviews_component_html,epsilon-component,e,Text Content Removal,NA,no-such-role,-
review-field-comment,x-test-review-field-comment,reviews_component_html,epsilon-component,i,HTML Tag Removal,NA,no-such-role,-
review-field-comment,x-test-review-field-comment,reviews_component_html,epsilon-component,j,HTML Tag Type Modification,NA,no-such-role,-
review-field-comment,x-test-review-field-comment,reviews_component_html,epsilon-component,k,HTML Tag Insertion,NA,no-such-role,-
stats-heading,x-test-stats-heading,stats_component_html,alpha-target,i,HTML Tag Removal,NA,would-drop-x-test,-
stats-heading,x-test-stats-heading,stats_component_html,alpha-target,a,Attribute Value Modification,SAVED,,LLMR_stats_component_html_stats_heading_alf_a
stats-heading,x-test-stats-heading,stats_component_html,alpha-target,b,Attribute Removal,SAVED,,LLMR_stats_component_html_stats_heading_alf_b
stats-heading,x-test-stats-heading,stats_component_html,alpha-target,c,Attribute Identifier Modification,SAVED,,LLMR_stats_component_html_stats_heading_alf_c
stats-heading,x-test-stats-heading,stats_component_html,alpha-target,d,Text Content Modification,SAVED,,LLMR_stats_component_html_stats_heading_alf_d
stats-heading,x-test-stats-heading,stats_component_html,alpha-target,e,Text Content Removal,SAVED,,LLMR_stats_component_html_stats_heading_alf_e
stats-heading,x-test-stats-heading,stats_component_html,alpha-target,j,HTML Tag Type Modification,SAVED,,LLMR_stats_component_html_stats_heading_alf_j
stats-heading,x-test-stats-heading,stats_component_html,alpha-target,k,HTML Tag Insertion,SAVED,,LLMR_stats_component_html_stats_heading_alf_k
stats-heading,x-test-stats-heading,stats_component_html,beta-parent,d,Text Content Modification,NA,no-text-content,-
stats-heading,x-test-stats-heading,stats_component_html,beta-parent,e,Text Content Removal,NA,no-text-content,-
stats-heading,x-test-stats-heading,stats_component_html,beta-parent,i,HTML Tag Removal,NA,root-element,-
stats-heading,x-test-stats-heading,stats_component_html,beta-parent,a,Attribute Value Modification,SAVED,,LLMR_stats_component_html_stats_heading_bet_a
stats-heading,x-test-stats-heading,stats_component_html,beta-parent,b,Attribute Removal,SAVED,,LLMR_stats_component_html_stats_heading_bet_b
stats-heading,x-test-stats-heading,stats_component_html,beta-parent,c,Attribute Identifier Modification,SAVED,,LLMR_stats_component_html_stats_heading_bet_c
stats-heading,x-test-stats-heading,stats_component_html,beta-parent,j,HTML Tag Type Modification,SAVED,,LLMR_stats_component_html_stats_heading_bet_j
stats-heading,x-test-stats-heading,stats_component_html,beta-parent,k,HTML Tag Insertion,SAVED,,LLMR_stats_component_html_stats_heading_bet_k
stats-heading,x-test-stats-heading,stats_component_html,gamma-ancestor,a,Attribute Value Modification,NA,no-such-role,-
stats-heading,x-test-stats-heading,stats_component_html,gamma-ancestor,b,Attribute Removal,NA,no-such-role,-
stats-heading,x-test-stats-heading,stats_component_html,gamma-ancestor,c,Attribute Identifier Modification,NA,no-such-role,-
stats-heading,x-test-stats-heading,stats_component_html,gamma-ancestor,d,Text Content Modification,NA,no-such-role,-
stats-heading,x-test-stats-heading,stats_component_html,gamma-ancestor,e,Text Content Removal,NA,no-such-role,-
stats-heading,x-test-stats-heading,stats_component_html,gamma-ancestor,i,HTML Tag Removal,NA,no-such-role,-
stats-heading,x-test-stats-heading,stats_component_html,gamma-ancestor,j,HTML Tag Type Modification,NA,no-such-role,-
stats-heading,x-test-stats-heading,stats_component_html,gamma-ancestor,k,HTML Tag Insertion,NA,no-such-role,-
stats-heading,x-test-stats-heading,stats_component_html,delta-sibling,d,Text Content Modification,NA,no-text-content,-
stats-heading,x-test-stats-heading,stats_component_html,delta-sibling,e,Text Content Removal,NA,no-text-content,-
stats-heading,x-test-stats-heading,stats_component_html,delta-sibling,i,HTML Tag Removal,NA,would-drop-x-test,-
stats-heading,x-test-stats-heading,stats_component_html,delta-sibling,a,Attribute Value Modification,REJECTED,duplicate,-
stats-heading,x-test-stats-heading,stats_component_html,delta-sibling,b,Attribute Removal,REJECTED,duplicate,-
stats-heading,x-test-stats-heading,stats_component_html,delta-sibling,c,Attribute Identifier Modification,REJECTED,duplicate,-
stats-heading,x-test-stats-heading,stats_component_html,delta-sibling,j,HTML Tag Type Modification,REJECTED,duplicate,-
stats-heading,x-test-stats-heading,stats_component_html,delta-sibling,k,HTML Tag Insertion,REJECTED,duplicate,-
stats-heading,x-test-stats-heading,stats_component_html,epsilon-component,a,Attribute Value Modification,NA,no-such-role,-
stats-heading,x-test-stats-heading,stats_component_html,epsilon-component,b,Attribute Removal,NA,no-such-role,-
stats-heading,x-test-stats-heading,stats_component_html,epsilon-component,c,Attribute Identifier Modification,NA,no-such-role,-
stats-heading,x-test-stats-heading,stats_component_html,epsilon-component,d,Text Content Modification,NA,no-such-role,-
stats-heading,x-test-stats-heading,stats_component_html,epsilon-component,e,Text Content Removal,NA,no-such-role,-
stats-heading,x-test-stats-heading,stats_component_html,epsilon-component,i,HTML Tag Removal,NA,no-such-role,-
stats-heading,x-test-stats-heading,stats_component_html,epsilon-component,j,HTML Tag Type Modification,NA,no-such-role,-
stats-heading,x-test-stats-heading,stats_component_html,epsilon-component,k,HTML Tag Insertion,NA,no-such-role,-
genre-count,x-test-genre-count,stats_component_html,alpha-target,i,HTML Tag Removal,NA,would-drop-x-test,-
genre-count,x-test-genre-count,stats_component_html,alpha-target,a,Attribute Value Modification,SAVED,,LLMR_stats_component_html_genre_count_alf_a
genre-count,x-test-genre-count,stats_component_html,alpha-target,b,Attribute Removal,SAVED,,LLMR_stats_component_html_genre_count_alf_b
genre-count,x-test-genre-count,stats_component_html,alpha-target,c,Attribute Identifier Modification,SAVED,,LLMR_stats_component_html_genre_count_alf_c
genre-count,x-test-genre-count,stats_component_html,alpha-target,d,Text Content Modification,SAVED,,LLMR_stats_component_html_genre_count_alf_d
genre-count,x-test-genre-count,stats_component_html,alpha-target,e,Text Content Removal,SAVED,,LLMR_stats_component_html_genre_count_alf_e
genre-count,x-test-genre-count,stats_component_html,alpha-target,j,HTML Tag Type Modification,SAVED,,LLMR_stats_component_html_genre_count_alf_j
genre-count,x-test-genre-count,stats_component_html,alpha-target,k,HTML Tag Insertion,SAVED,,LLMR_stats_component_html_genre_count_alf_k
genre-count,x-test-genre-count,stats_component_html,beta-parent,d,Text Content Modification,NA,no-text-content,-
genre-count,x-test-genre-count,stats_component_html,beta-parent,e,Text Content Removal,NA,no-text-content,-
genre-count,x-test-genre-count,stats_component_html,beta-parent,i,HTML Tag Removal,NA,would-drop-x-test,-
genre-count,x-test-genre-count,stats_component_html,beta-parent,a,Attribute Value Modification,REJECTED,duplicate,-
genre-count,x-test-genre-count,stats_component_html,beta-parent,b,Attribute Removal,REJECTED,duplicate,-
genre-count,x-test-genre-count,stats_component_html,beta-parent,c,Attribute Identifier Modification,REJECTED,duplicate,-
genre-count,x-test-genre-count,stats_component_html,beta-parent,j,HTML Tag Type Modification,REJECTED,duplicate,-
genre-count,x-test-genre-count,stats_component_html,beta-parent,k,HTML Tag Insertion,REJECTED,duplicate,-
genre-count,x-test-genre-count,stats_component_html,gamma-ancestor,i,HTML Tag Removal,NA,would-drop-x-test,-
genre-count,x-test-genre-count,stats_component_html,gamma-ancestor,a,Attribute Value Modification,REJECTED,duplicate,-
genre-count,x-test-genre-count,stats_component_html,gamma-ancestor,b,Attribute Removal,REJECTED,duplicate,-
genre-count,x-test-genre-count,stats_component_html,gamma-ancestor,c,Attribute Identifier Modification,REJECTED,duplicate,-
genre-count,x-test-genre-count,stats_component_html,gamma-ancestor,d,Text Content Modification,REJECTED,duplicate,-
genre-count,x-test-genre-count,stats_component_html,gamma-ancestor,e,Text Content Removal,REJECTED,duplicate,-
genre-count,x-test-genre-count,stats_component_html,gamma-ancestor,j,HTML Tag Type Modification,REJECTED,duplicate,-
genre-count,x-test-genre-count,stats_component_html,gamma-ancestor,k,HTML Tag Insertion,REJECTED,duplicate,-
genre-count,x-test-genre-count,stats_component_html,delta-sibling,d,Text Content Modification,NA,no-text-content,-
genre-count,x-test-genre-count,stats_component_html,delta-sibling,e,Text Content Removal,NA,no-text-content,-
genre-count,x-test-genre-count,stats_component_html,delta-sibling,a,Attribute Value Modification,SAVED,,LLMR_stats_component_html_genre_count_del_a
genre-count,x-test-genre-count,stats_component_html,delta-sibling,b,Attribute Removal,SAVED,,LLMR_stats_component_html_genre_count_del_b
genre-count,x-test-genre-count,stats_component_html,delta-sibling,c,Attribute Identifier Modification,SAVED,,LLMR_stats_component_html_genre_count_del_c
genre-count,x-test-genre-count,stats_component_html,delta-sibling,i,HTML Tag Removal,SAVED,,LLMR_stats_component_html_genre_count_del_i
genre-count,x-test-genre-count,stats_component_html,delta-sibling,j,HTML Tag Type Modification,SAVED,,LLMR_stats_component_html_genre_count_del_j
genre-count,x-test-genre-count,stats_component_html,delta-sibling,k,HTML Tag Insertion,SAVED,,LLMR_stats_component_html_genre_count_del_k
genre-count,x-test-genre-count,stats_component_html,epsilon-component,d,Text Content Modification,NA,no-text-content,-
genre-count,x-test-genre-count,stats_component_html,epsilon-component,e,Text Content Removal,NA,no-text-content,-
genre-count,x-test-genre-count,stats_component_html,epsilon-component,a,Attribute Value Modification,REJECTED,duplicate,-
genre-count,x-test-genre-count,stats_component_html,epsilon-component,b,Attribute Removal,REJECTED,duplicate,-
genre-count,x-test-genre-count,stats_component_html,epsilon-component,c,Attribute Identifier Modification,REJECTED,duplicate,-
genre-count,x-test-genre-count,stats_component_html,epsilon-component,i,HTML Tag Removal,REJECTED,duplicate,-
genre-count,x-test-genre-count,stats_component_html,epsilon-component,j,HTML Tag Type Modification,REJECTED,duplicate,-
genre-count,x-test-genre-count,stats_component_html,epsilon-component,k,HTML Tag Insertion,REJECTED,duplicate,-
stat-favorites-value,x-test-stat-favorites-value,stats_component_html,alpha-target,i,HTML Tag Removal,NA,would-drop-x-test,-
stat-favorites-value,x-test-stat-favorites-value,stats_component_html,alpha-target,a,Attribute Value Modification,SAVED,,LLMR_stats_component_html_stat_favorites_value_alf_a
stat-favorites-value,x-test-stat-favorites-value,stats_component_html,alpha-target,b,Attribute Removal,SAVED,,LLMR_stats_component_html_stat_favorites_value_alf_b
stat-favorites-value,x-test-stat-favorites-value,stats_component_html,alpha-target,c,Attribute Identifier Modification,SAVED,,LLMR_stats_component_html_stat_favorites_value_alf_c
stat-favorites-value,x-test-stat-favorites-value,stats_component_html,alpha-target,d,Text Content Modification,SAVED,,LLMR_stats_component_html_stat_favorites_value_alf_d
stat-favorites-value,x-test-stat-favorites-value,stats_component_html,alpha-target,e,Text Content Removal,SAVED,,LLMR_stats_component_html_stat_favorites_value_alf_e
stat-favorites-value,x-test-stat-favorites-value,stats_component_html,alpha-target,j,HTML Tag Type Modification,SAVED,,LLMR_stats_component_html_stat_favorites_value_alf_j
stat-favorites-value,x-test-stat-favorites-value,stats_component_html,alpha-target,k,HTML Tag Insertion,SAVED,,LLMR_stats_component_html_stat_favorites_value_alf_k
stat-favorites-value,x-test-stat-favorites-value,stats_component_html,beta-parent,d,Text Content Modification,NA,no-text-content,-
stat-favorites-value,x-test-stat-favorites-value,stats_component_html,beta-parent,e,Text Content Removal,NA,no-text-content,-
stat-favorites-value,x-test-stat-favorites-value,stats_component_html,beta-parent,i,HTML Tag Removal,NA,would-drop-x-test,-
stat-favorites-value,x-test-stat-favorites-value,stats_component_html,beta-parent,a,Attribute Value Modification,SAVED,,LLMR_stats_component_html_stat_favorites_value_bet_a
stat-favorites-value,x-test-stat-favorites-value,stats_component_html,beta-parent,b,Attribute Removal,SAVED,,LLMR_stats_component_html_stat_favorites_value_bet_b
stat-favorites-value,x-test-stat-favorites-value,stats_component_html,beta-parent,c,Attribute Identifier Modification,SAVED,,LLMR_stats_component_html_stat_favorites_value_bet_c
stat-favorites-value,x-test-stat-favorites-value,stats_component_html,beta-parent,j,HTML Tag Type Modification,SAVED,,LLMR_stats_component_html_stat_favorites_value_bet_j
stat-favorites-value,x-test-stat-favorites-value,stats_component_html,beta-parent,k,HTML Tag Insertion,SAVED,,LLMR_stats_component_html_stat_favorites_value_bet_k
stat-favorites-value,x-test-stat-favorites-value,stats_component_html,gamma-ancestor,d,Text Content Modification,NA,no-text-content,-
stat-favorites-value,x-test-stat-favorites-value,stats_component_html,gamma-ancestor,e,Text Content Removal,NA,no-text-content,-
stat-favorites-value,x-test-stat-favorites-value,stats_component_html,gamma-ancestor,i,HTML Tag Removal,NA,would-drop-x-test,-
stat-favorites-value,x-test-stat-favorites-value,stats_component_html,gamma-ancestor,a,Attribute Value Modification,REJECTED,duplicate,-
stat-favorites-value,x-test-stat-favorites-value,stats_component_html,gamma-ancestor,b,Attribute Removal,REJECTED,duplicate,-
stat-favorites-value,x-test-stat-favorites-value,stats_component_html,gamma-ancestor,c,Attribute Identifier Modification,REJECTED,duplicate,-
stat-favorites-value,x-test-stat-favorites-value,stats_component_html,gamma-ancestor,j,HTML Tag Type Modification,REJECTED,duplicate,-
stat-favorites-value,x-test-stat-favorites-value,stats_component_html,gamma-ancestor,k,HTML Tag Insertion,REJECTED,duplicate,-
stat-favorites-value,x-test-stat-favorites-value,stats_component_html,delta-sibling,a,Attribute Value Modification,SAVED,,LLMR_stats_component_html_stat_favorites_value_del_a
stat-favorites-value,x-test-stat-favorites-value,stats_component_html,delta-sibling,b,Attribute Removal,SAVED,,LLMR_stats_component_html_stat_favorites_value_del_b
stat-favorites-value,x-test-stat-favorites-value,stats_component_html,delta-sibling,c,Attribute Identifier Modification,SAVED,,LLMR_stats_component_html_stat_favorites_value_del_c
stat-favorites-value,x-test-stat-favorites-value,stats_component_html,delta-sibling,d,Text Content Modification,SAVED,,LLMR_stats_component_html_stat_favorites_value_del_d
stat-favorites-value,x-test-stat-favorites-value,stats_component_html,delta-sibling,e,Text Content Removal,SAVED,,LLMR_stats_component_html_stat_favorites_value_del_e
stat-favorites-value,x-test-stat-favorites-value,stats_component_html,delta-sibling,i,HTML Tag Removal,SAVED,,LLMR_stats_component_html_stat_favorites_value_del_i
stat-favorites-value,x-test-stat-favorites-value,stats_component_html,delta-sibling,j,HTML Tag Type Modification,SAVED,,LLMR_stats_component_html_stat_favorites_value_del_j
stat-favorites-value,x-test-stat-favorites-value,stats_component_html,delta-sibling,k,HTML Tag Insertion,SAVED,,LLMR_stats_component_html_stat_favorites_value_del_k
stat-favorites-value,x-test-stat-favorites-value,stats_component_html,epsilon-component,a,Attribute Value Modification,NA,no-such-role,-
stat-favorites-value,x-test-stat-favorites-value,stats_component_html,epsilon-component,b,Attribute Removal,NA,no-such-role,-
stat-favorites-value,x-test-stat-favorites-value,stats_component_html,epsilon-component,c,Attribute Identifier Modification,NA,no-such-role,-
stat-favorites-value,x-test-stat-favorites-value,stats_component_html,epsilon-component,d,Text Content Modification,NA,no-such-role,-
stat-favorites-value,x-test-stat-favorites-value,stats_component_html,epsilon-component,e,Text Content Removal,NA,no-such-role,-
stat-favorites-value,x-test-stat-favorites-value,stats_component_html,epsilon-component,i,HTML Tag Removal,NA,no-such-role,-
stat-favorites-value,x-test-stat-favorites-value,stats_component_html,epsilon-component,j,HTML Tag Type Modification,NA,no-such-role,-
stat-favorites-value,x-test-stat-favorites-value,stats_component_html,epsilon-component,k,HTML Tag Insertion,NA,no-such-role,-
field-year,x-test-field-year,movie_form_component_html,alpha-target,d,Text Content Modification,NA,no-text-content,-
field-year,x-test-field-year,movie_form_component_html,alpha-target,e,Text Content Removal,NA,no-text-content,-
field-year,x-test-field-year,movie_form_component_html,alpha-target,i,HTML Tag Removal,NA,would-drop-x-test,-
field-year,x-test-field-year,movie_form_component_html,alpha-target,a,Attribute Value Modification,SAVED,,LLMR_movie_form_component_html_field_year_alf_a
field-year,x-test-field-year,movie_form_component_html,alpha-target,b,Attribute Removal,SAVED,,LLMR_movie_form_component_html_field_year_alf_b
field-year,x-test-field-year,movie_form_component_html,alpha-target,c,Attribute Identifier Modification,SAVED,,LLMR_movie_form_component_html_field_year_alf_c
field-year,x-test-field-year,movie_form_component_html,alpha-target,j,HTML Tag Type Modification,SAVED,,LLMR_movie_form_component_html_field_year_alf_j
field-year,x-test-field-year,movie_form_component_html,alpha-target,k,HTML Tag Insertion,SAVED,,LLMR_movie_form_component_html_field_year_alf_k
field-year,x-test-field-year,movie_form_component_html,beta-parent,a,Attribute Value Modification,SAVED,,LLMR_movie_form_component_html_field_year_bet_a
field-year,x-test-field-year,movie_form_component_html,beta-parent,b,Attribute Removal,SAVED,,LLMR_movie_form_component_html_field_year_bet_b
field-year,x-test-field-year,movie_form_component_html,beta-parent,c,Attribute Identifier Modification,SAVED,,LLMR_movie_form_component_html_field_year_bet_c
field-year,x-test-field-year,movie_form_component_html,beta-parent,d,Text Content Modification,SAVED,,LLMR_movie_form_component_html_field_year_bet_d
field-year,x-test-field-year,movie_form_component_html,beta-parent,e,Text Content Removal,SAVED,,LLMR_movie_form_component_html_field_year_bet_e
field-year,x-test-field-year,movie_form_component_html,beta-parent,i,HTML Tag Removal,SAVED,,LLMR_movie_form_component_html_field_year_bet_i
field-year,x-test-field-year,movie_form_component_html,beta-parent,j,HTML Tag Type Modification,SAVED,,LLMR_movie_form_component_html_field_year_bet_j
field-year,x-test-field-year,movie_form_component_html,beta-parent,k,HTML Tag Insertion,SAVED,,LLMR_movie_form_component_html_field_year_bet_k
field-year,x-test-field-year,movie_form_component_html,gamma-ancestor,d,Text Content Modification,NA,no-text-content,-
field-year,x-test-field-year,movie_form_component_html,gamma-ancestor,e,Text Content Removal,NA,no-text-content,-
field-year,x-test-field-year,movie_form_component_html,gamma-ancestor,a,Attribute Value Modification,SAVED,,LLMR_movie_form_component_html_field_year_gam_a
field-year,x-test-field-year,movie_form_component_html,gamma-ancestor,b,Attribute Removal,SAVED,,LLMR_movie_form_component_html_field_year_gam_b
field-year,x-test-field-year,movie_form_component_html,gamma-ancestor,c,Attribute Identifier Modification,SAVED,,LLMR_movie_form_component_html_field_year_gam_c
field-year,x-test-field-year,movie_form_component_html,gamma-ancestor,i,HTML Tag Removal,SAVED,,LLMR_movie_form_component_html_field_year_gam_i
field-year,x-test-field-year,movie_form_component_html,gamma-ancestor,j,HTML Tag Type Modification,SAVED,,LLMR_movie_form_component_html_field_year_gam_j
field-year,x-test-field-year,movie_form_component_html,gamma-ancestor,k,HTML Tag Insertion,SAVED,,LLMR_movie_form_component_html_field_year_gam_k
field-year,x-test-field-year,movie_form_component_html,delta-sibling,i,HTML Tag Removal,NA,would-drop-x-test,-
field-year,x-test-field-year,movie_form_component_html,delta-sibling,a,Attribute Value Modification,SAVED,,LLMR_movie_form_component_html_field_year_del_a
field-year,x-test-field-year,movie_form_component_html,delta-sibling,b,Attribute Removal,SAVED,,LLMR_movie_form_component_html_field_year_del_b
field-year,x-test-field-year,movie_form_component_html,delta-sibling,c,Attribute Identifier Modification,SAVED,,LLMR_movie_form_component_html_field_year_del_c
field-year,x-test-field-year,movie_form_component_html,delta-sibling,d,Text Content Modification,SAVED,,LLMR_movie_form_component_html_field_year_del_d
field-year,x-test-field-year,movie_form_component_html,delta-sibling,e,Text Content Removal,SAVED,,LLMR_movie_form_component_html_field_year_del_e
field-year,x-test-field-year,movie_form_component_html,delta-sibling,j,HTML Tag Type Modification,SAVED,,LLMR_movie_form_component_html_field_year_del_j
field-year,x-test-field-year,movie_form_component_html,delta-sibling,k,HTML Tag Insertion,SAVED,,LLMR_movie_form_component_html_field_year_del_k
field-year,x-test-field-year,movie_form_component_html,epsilon-component,d,Text Content Modification,NA,no-text-content,-
field-year,x-test-field-year,movie_form_component_html,epsilon-component,e,Text Content Removal,NA,no-text-content,-
field-year,x-test-field-year,movie_form_component_html,epsilon-component,a,Attribute Value Modification,SAVED,,LLMR_movie_form_component_html_field_year_eps_a
field-year,x-test-field-year,movie_form_component_html,epsilon-component,b,Attribute Removal,SAVED,,LLMR_movie_form_component_html_field_year_eps_b
field-year,x-test-field-year,movie_form_component_html,epsilon-component,c,Attribute Identifier Modification,SAVED,,LLMR_movie_form_component_html_field_year_eps_c
field-year,x-test-field-year,movie_form_component_html,epsilon-component,i,HTML Tag Removal,SAVED,,LLMR_movie_form_component_html_field_year_eps_i
field-year,x-test-field-year,movie_form_component_html,epsilon-component,j,HTML Tag Type Modification,SAVED,,LLMR_movie_form_component_html_field_year_eps_j
field-year,x-test-field-year,movie_form_component_html,epsilon-component,k,HTML Tag Insertion,SAVED,,LLMR_movie_form_component_html_field_year_eps_k
form-cancel,x-test-form-cancel,movie_form_component_html,alpha-target,i,HTML Tag Removal,NA,would-drop-x-test,-
form-cancel,x-test-form-cancel,movie_form_component_html,alpha-target,a,Attribute Value Modification,REJECTED,duplicate,-
form-cancel,x-test-form-cancel,movie_form_component_html,alpha-target,b,Attribute Removal,REJECTED,duplicate,-
form-cancel,x-test-form-cancel,movie_form_component_html,alpha-target,c,Attribute Identifier Modification,REJECTED,duplicate,-
form-cancel,x-test-form-cancel,movie_form_component_html,alpha-target,d,Text Content Modification,REJECTED,duplicate,-
form-cancel,x-test-form-cancel,movie_form_component_html,alpha-target,e,Text Content Removal,REJECTED,duplicate,-
form-cancel,x-test-form-cancel,movie_form_component_html,alpha-target,j,HTML Tag Type Modification,REJECTED,duplicate,-
form-cancel,x-test-form-cancel,movie_form_component_html,alpha-target,k,HTML Tag Insertion,REJECTED,duplicate,-
form-cancel,x-test-form-cancel,movie_form_component_html,beta-parent,d,Text Content Modification,NA,no-text-content,-
form-cancel,x-test-form-cancel,movie_form_component_html,beta-parent,e,Text Content Removal,NA,no-text-content,-
form-cancel,x-test-form-cancel,movie_form_component_html,beta-parent,a,Attribute Value Modification,REJECTED,duplicate,-
form-cancel,x-test-form-cancel,movie_form_component_html,beta-parent,b,Attribute Removal,REJECTED,duplicate,-
form-cancel,x-test-form-cancel,movie_form_component_html,beta-parent,c,Attribute Identifier Modification,REJECTED,duplicate,-
form-cancel,x-test-form-cancel,movie_form_component_html,beta-parent,i,HTML Tag Removal,REJECTED,duplicate,-
form-cancel,x-test-form-cancel,movie_form_component_html,beta-parent,j,HTML Tag Type Modification,REJECTED,duplicate,-
form-cancel,x-test-form-cancel,movie_form_component_html,beta-parent,k,HTML Tag Insertion,REJECTED,duplicate,-
form-cancel,x-test-form-cancel,movie_form_component_html,gamma-ancestor,d,Text Content Modification,NA,no-text-content,-
form-cancel,x-test-form-cancel,movie_form_component_html,gamma-ancestor,e,Text Content Removal,NA,no-text-content,-
form-cancel,x-test-form-cancel,movie_form_component_html,gamma-ancestor,i,HTML Tag Removal,NA,would-drop-x-test,-
form-cancel,x-test-form-cancel,movie_form_component_html,gamma-ancestor,a,Attribute Value Modification,REJECTED,duplicate,-
form-cancel,x-test-form-cancel,movie_form_component_html,gamma-ancestor,b,Attribute Removal,REJECTED,duplicate,-
form-cancel,x-test-form-cancel,movie_form_component_html,gamma-ancestor,c,Attribute Identifier Modification,REJECTED,duplicate,-
form-cancel,x-test-form-cancel,movie_form_component_html,gamma-ancestor,j,HTML Tag Type Modification,REJECTED,duplicate,-
form-cancel,x-test-form-cancel,movie_form_component_html,gamma-ancestor,k,HTML Tag Insertion,REJECTED,duplicate,-
form-cancel,x-test-form-cancel,movie_form_component_html,delta-sibling,i,HTML Tag Removal,NA,would-drop-x-test,-
form-cancel,x-test-form-cancel,movie_form_component_html,delta-sibling,a,Attribute Value Modification,REJECTED,duplicate,-
form-cancel,x-test-form-cancel,movie_form_component_html,delta-sibling,b,Attribute Removal,REJECTED,duplicate,-
form-cancel,x-test-form-cancel,movie_form_component_html,delta-sibling,c,Attribute Identifier Modification,REJECTED,duplicate,-
form-cancel,x-test-form-cancel,movie_form_component_html,delta-sibling,d,Text Content Modification,REJECTED,duplicate,-
form-cancel,x-test-form-cancel,movie_form_component_html,delta-sibling,e,Text Content Removal,REJECTED,duplicate,-
form-cancel,x-test-form-cancel,movie_form_component_html,delta-sibling,j,HTML Tag Type Modification,REJECTED,duplicate,-
form-cancel,x-test-form-cancel,movie_form_component_html,delta-sibling,k,HTML Tag Insertion,REJECTED,duplicate,-
form-cancel,x-test-form-cancel,movie_form_component_html,epsilon-component,a,Attribute Value Modification,NA,no-such-role,-
form-cancel,x-test-form-cancel,movie_form_component_html,epsilon-component,b,Attribute Removal,NA,no-such-role,-
form-cancel,x-test-form-cancel,movie_form_component_html,epsilon-component,c,Attribute Identifier Modification,NA,no-such-role,-
form-cancel,x-test-form-cancel,movie_form_component_html,epsilon-component,d,Text Content Modification,NA,no-such-role,-
form-cancel,x-test-form-cancel,movie_form_component_html,epsilon-component,e,Text Content Removal,NA,no-such-role,-
form-cancel,x-test-form-cancel,movie_form_component_html,epsilon-component,i,HTML Tag Removal,NA,no-such-role,-
form-cancel,x-test-form-cancel,movie_form_component_html,epsilon-component,j,HTML Tag Type Modification,NA,no-such-role,-
form-cancel,x-test-form-cancel,movie_form_component_html,epsilon-component,k,HTML Tag Insertion,NA,no-such-role,-
cast-remove,x-test-cast-remove,movie_form_component_html,alpha-target,i,HTML Tag Removal,NA,would-drop-x-test,-
cast-remove,x-test-cast-remove,movie_form_component_html,alpha-target,a,Attribute Value Modification,SAVED,,LLMR_movie_form_component_html_cast_remove_alf_a
cast-remove,x-test-cast-remove,movie_form_component_html,alpha-target,b,Attribute Removal,SAVED,,LLMR_movie_form_component_html_cast_remove_alf_b
cast-remove,x-test-cast-remove,movie_form_component_html,alpha-target,c,Attribute Identifier Modification,SAVED,,LLMR_movie_form_component_html_cast_remove_alf_c
cast-remove,x-test-cast-remove,movie_form_component_html,alpha-target,d,Text Content Modification,SAVED,,LLMR_movie_form_component_html_cast_remove_alf_d
cast-remove,x-test-cast-remove,movie_form_component_html,alpha-target,e,Text Content Removal,SAVED,,LLMR_movie_form_component_html_cast_remove_alf_e
cast-remove,x-test-cast-remove,movie_form_component_html,alpha-target,j,HTML Tag Type Modification,SAVED,,LLMR_movie_form_component_html_cast_remove_alf_j
cast-remove,x-test-cast-remove,movie_form_component_html,alpha-target,k,HTML Tag Insertion,SAVED,,LLMR_movie_form_component_html_cast_remove_alf_k
cast-remove,x-test-cast-remove,movie_form_component_html,beta-parent,d,Text Content Modification,NA,no-text-content,-
cast-remove,x-test-cast-remove,movie_form_component_html,beta-parent,e,Text Content Removal,NA,no-text-content,-
cast-remove,x-test-cast-remove,movie_form_component_html,beta-parent,i,HTML Tag Removal,NA,would-drop-x-test,-
cast-remove,x-test-cast-remove,movie_form_component_html,beta-parent,a,Attribute Value Modification,SAVED,,LLMR_movie_form_component_html_cast_remove_bet_a
cast-remove,x-test-cast-remove,movie_form_component_html,beta-parent,b,Attribute Removal,SAVED,,LLMR_movie_form_component_html_cast_remove_bet_b
cast-remove,x-test-cast-remove,movie_form_component_html,beta-parent,c,Attribute Identifier Modification,SAVED,,LLMR_movie_form_component_html_cast_remove_bet_c
cast-remove,x-test-cast-remove,movie_form_component_html,beta-parent,j,HTML Tag Type Modification,SAVED,,LLMR_movie_form_component_html_cast_remove_bet_j
cast-remove,x-test-cast-remove,movie_form_component_html,beta-parent,k,HTML Tag Insertion,SAVED,,LLMR_movie_form_component_html_cast_remove_bet_k
cast-remove,x-test-cast-remove,movie_form_component_html,gamma-ancestor,i,HTML Tag Removal,NA,would-drop-x-test,-
cast-remove,x-test-cast-remove,movie_form_component_html,gamma-ancestor,a,Attribute Value Modification,SAVED,,LLMR_movie_form_component_html_cast_remove_gam_a
cast-remove,x-test-cast-remove,movie_form_component_html,gamma-ancestor,b,Attribute Removal,SAVED,,LLMR_movie_form_component_html_cast_remove_gam_b
cast-remove,x-test-cast-remove,movie_form_component_html,gamma-ancestor,c,Attribute Identifier Modification,SAVED,,LLMR_movie_form_component_html_cast_remove_gam_c
cast-remove,x-test-cast-remove,movie_form_component_html,gamma-ancestor,d,Text Content Modification,SAVED,,LLMR_movie_form_component_html_cast_remove_gam_d
cast-remove,x-test-cast-remove,movie_form_component_html,gamma-ancestor,e,Text Content Removal,SAVED,,LLMR_movie_form_component_html_cast_remove_gam_e
cast-remove,x-test-cast-remove,movie_form_component_html,gamma-ancestor,j,HTML Tag Type Modification,SAVED,,LLMR_movie_form_component_html_cast_remove_gam_j
cast-remove,x-test-cast-remove,movie_form_component_html,gamma-ancestor,k,HTML Tag Insertion,SAVED,,LLMR_movie_form_component_html_cast_remove_gam_k
cast-remove,x-test-cast-remove,movie_form_component_html,delta-sibling,d,Text Content Modification,NA,no-text-content,-
cast-remove,x-test-cast-remove,movie_form_component_html,delta-sibling,e,Text Content Removal,NA,no-text-content,-
cast-remove,x-test-cast-remove,movie_form_component_html,delta-sibling,i,HTML Tag Removal,NA,would-drop-x-test,-
cast-remove,x-test-cast-remove,movie_form_component_html,delta-sibling,a,Attribute Value Modification,SAVED,,LLMR_movie_form_component_html_cast_remove_del_a
cast-remove,x-test-cast-remove,movie_form_component_html,delta-sibling,b,Attribute Removal,SAVED,,LLMR_movie_form_component_html_cast_remove_del_b
cast-remove,x-test-cast-remove,movie_form_component_html,delta-sibling,c,Attribute Identifier Modification,SAVED,,LLMR_movie_form_component_html_cast_remove_del_c
cast-remove,x-test-cast-remove,movie_form_component_html,delta-sibling,j,HTML Tag Type Modification,SAVED,,LLMR_movie_form_component_html_cast_remove_del_j
cast-remove,x-test-cast-remove,movie_form_component_html,delta-sibling,k,HTML Tag Insertion,SAVED,,LLMR_movie_form_component_html_cast_remove_del_k
cast-remove,x-test-cast-remove,movie_form_component_html,epsilon-component,a,Attribute Value Modification,NA,no-such-role,-
cast-remove,x-test-cast-remove,movie_form_component_html,epsilon-component,b,Attribute Removal,NA,no-such-role,-
cast-remove,x-test-cast-remove,movie_form_component_html,epsilon-component,c,Attribute Identifier Modification,NA,no-such-role,-
cast-remove,x-test-cast-remove,movie_form_component_html,epsilon-component,d,Text Content Modification,NA,no-such-role,-
cast-remove,x-test-cast-remove,movie_form_component_html,epsilon-component,e,Text Content Removal,NA,no-such-role,-
cast-remove,x-test-cast-remove,movie_form_component_html,epsilon-component,i,HTML Tag Removal,NA,no-such-role,-
cast-remove,x-test-cast-remove,movie_form_component_html,epsilon-component,j,HTML Tag Type Modification,NA,no-such-role,-
cast-remove,x-test-cast-remove,movie_form_component_html,epsilon-component,k,HTML Tag Insertion,NA,no-such-role,-
