MutationId,Element,Name,Type,Status,Files,ExportFile
LLMR_cast_row_component_html_cast_name_alf_a,cast_row_component_html,a,LLM_ROLE,HELD,1,cast_row_component_html__LLMR_cast_row_component_html_cast_name_alf_a.mut
LLMR_cast_row_component_html_cast_name_alf_b,cast_row_component_html,b,LLM_ROLE,HELD,1,cast_row_component_html__LLMR_cast_row_component_html_cast_name_alf_b.mut
LLMR_cast_row_component_html_cast_name_alf_c,cast_row_component_html,c,LLM_ROLE,HELD,1,cast_row_component_html__LLMR_cast_row_component_html_cast_name_alf_c.mut
LLMR_cast_row_component_html_cast_name_alf_d,cast_row_component_html,d,LLM_ROLE,HELD,1,cast_row_component_html__LLMR_cast_row_component_html_cast_name_alf_d.mut
LLMR_cast_row_component_html_cast_name_alf_e,cast_row_component_html,e,LLM_ROLE,HELD,1,cast_row_component_html__LLMR_cast_row_component_html_cast_name_alf_e.mut
LLMR_cast_row_component_html_cast_name_alf_f,cast_row_component_html,f,LLM_ROLE,HELD,1,cast_row_component_html__LLMR_cast_row_component_html_cast_name_alf_f.mut
LLMR_cast_row_component_html_cast_name_alf_j,cast_row_component_html,j,LLM_ROLE,HELD,1,cast_row_component_html__LLMR_cast_row_component_html_cast_name_alf_j.mut
LLMR_cast_row_component_html_cast_name_alf_k,cast_row_component_html,k,LLM_ROLE,HELD,1,cast_row_component_html__LLMR_cast_row_component_html_cast_name_alf_k.mut
LLMR_cast_row_component_html_cast_name_del_a,cast_row_component_html,a,LLM_ROLE,HELD,1,cast_row_component_html__LLMR_cast_row_component_html_cast_name_del_a.mut
LLMR_cast_row_component_html_cast_name_del_b,cast_row_component_html,b,LLM_ROLE,HELD,1,cast_row_component_html__LLMR_cast_row_component_html_cast_name_del_b.mut
LLMR_cast_row_component_html_cast_name_del_c,cast_row_component_html,c,LLM_ROLE,HELD,1,cast_row_component_html__LLMR_cast_row_component_html_cast_name_del_c.mut
LLMR_cast_row_component_html_cast_name_del_d,cast_row_component_html,d,LLM_ROLE,HELD,1,cast_row_component_html__LLMR_cast_row_component_html_cast_name_del_d.mut
LLMR_cast_row_component_html_cast_name_del_e,cast_row_component_html,e,LLM_ROLE,HELD,1,cast_row_component_html__LLMR_cast_row_component_html_cast_name_del_e.mut
LLMR_cast_row_component_html_cast_name_del_f,cast_row_component_html,f,LLM_ROLE,HELD,1,cast_row_component_html__LLMR_cast_row_component_html_cast_name_del_f.mut
LLMR_cast_row_component_html_cast_name_del_j,cast_row_component_html,j,LLM_ROLE,HELD,1,cast_row_component_html__LLMR_cast_row_component_html_cast_name_del_j.mut
LLMR_cast_row_component_html_cast_name_del_k,cast_row_component_html,k,LLM_ROLE,HELD,1,cast_row_component_html__LLMR_cast_row_component_html_cast_name_del_k.mut
LLMR_cast_row_component_html_cast_row_alf_a,cast_row_component_html,a,LLM_ROLE,HELD,1,cast_row_component_html__LLMR_cast_row_component_html_cast_row_alf_a.mut
LLMR_cast_row_component_html_cast_row_alf_b,cast_row_component_html,b,LLM_ROLE,HELD,1,cast_row_component_html__LLMR_cast_row_component_html_cast_row_alf_b.mut
LLMR_cast_row_component_html_cast_row_alf_c,cast_row_component_html,c,LLM_ROLE,HELD,1,cast_row_component_html__LLMR_cast_row_component_html_cast_row_alf_c.mut
LLMR_cast_row_component_html_cast_row_alf_j,cast_row_component_html,j,LLM_ROLE,HELD,1,cast_row_component_html__LLMR_cast_row_component_html_cast_row_alf_j.mut
LLMR_cast_row_component_html_cast_row_alf_k,cast_row_component_html,k,LLM_ROLE,HELD,1,cast_row_component_html__LLMR_cast_row_component_html_cast_row_alf_k.mut
LLMR_h_cast_name_alf,cast_row_component_html,h,LLM_ROLE,HELD,2,cast_row_component_html__LLMR_h_cast_name_alf.mut
LLMR_h_cast_name_del,cast_row_component_html,h,LLM_ROLE,HELD,2,cast_row_component_html__LLMR_h_cast_name_del.mut
LLMR_h_cast_row_alf,cast_row_component_html,h,LLM_ROLE,HELD,2,cast_row_component_html__LLMR_h_cast_row_alf.mut
LLMR_catalog_component_html_catalog_add_button_gam_d,catalog_component_html,d,LLM_ROLE,HELD,1,catalog_component_html__LLMR_catalog_component_html_catalog_add_button_gam_d.mut
LLMR_catalog_component_html_catalog_empty_alf_a,catalog_component_html,a,LLM_ROLE,HELD,1,catalog_component_html__LLMR_catalog_component_html_catalog_empty_alf_a.mut
LLMR_catalog_component_html_catalog_empty_alf_b,catalog_component_html,b,LLM_ROLE,HELD,1,catalog_component_html__LLMR_catalog_component_html_catalog_empty_alf_b.mut
LLMR_catalog_component_html_catalog_empty_alf_c,catalog_component_html,c,LLM_ROLE,HELD,1,catalog_component_html__LLMR_catalog_component_html_catalog_empty_alf_c.mut
LLMR_catalog_component_html_catalog_empty_alf_f,catalog_component_html,f,LLM_ROLE,HELD,1,catalog_component_html__LLMR_catalog_component_html_catalog_empty_alf_f.mut
LLMR_catalog_component_html_catalog_empty_alf_j,catalog_component_html,j,LLM_ROLE,HELD,1,catalog_component_html__LLMR_catalog_component_html_catalog_empty_alf_j.mut
LLMR_catalog_component_html_catalog_empty_alf_k,catalog_component_html,k,LLM_ROLE,HELD,1,catalog_component_html__LLMR_catalog_component_html_catalog_empty_alf_k.mut
LLMR_catalog_component_html_catalog_favorites_filter_alf_a,catalog_component_html,a,LLM_ROLE,HELD,1,catalog_component_html__LLMR_catalog_component_html_catalog_favorites_filter_alf_a.mut
LLMR_catalog_component_html_catalog_favorites_filter_alf_b,catalog_component_html,b,LLM_ROLE,HELD,1,catalog_component_html__LLMR_catalog_component_html_catalog_favorites_filter_alf_b.mut
LLMR_catalog_component_html_catalog_favorites_filter_alf_c,catalog_component_html,c,LLM_ROLE,HELD,1,catalog_component_html__LLMR_catalog_component_html_catalog_favorites_filter_alf_c.mut
LLMR_catalog_component_html_catalog_favorites_filter_alf_d,catalog_component_html,d,LLM_ROLE,HELD,1,catalog_component_html__LLMR_catalog_component_html_catalog_favorites_filter_alf_d.mut
LLMR_catalog_component_html_catalog_favorites_filter_alf_e,catalog_component_html,e,LLM_ROLE,HELD,1,catalog_component_html__LLMR_catalog_component_html_catalog_favorites_filter_alf_e.mut
LLMR_catalog_component_html_catalog_favorites_filter_alf_f,catalog_component_html,f,LLM_ROLE,HELD,1,catalog_component_html__LLMR_catalog_component_html_catalog_favorites_filter_alf_f.mut
LLMR_catalog_component_html_catalog_favorites_filter_alf_g,catalog_component_html,g,LLM_ROLE,HELD,1,catalog_component_html__LLMR_catalog_component_html_catalog_favorites_filter_alf_g.mut
LLMR_catalog_component_html_catalog_favorites_filter_alf_j,catalog_component_html,j,LLM_ROLE,HELD,1,catalog_component_html__LLMR_catalog_component_html_catalog_favorites_filter_alf_j.mut
LLMR_catalog_component_html_catalog_favorites_filter_alf_k,catalog_component_html,k,LLM_ROLE,HELD,1,catalog_component_html__LLMR_catalog_component_html_catalog_favorites_filter_alf_k.mut
LLMR_catalog_component_html_catalog_filter_genre_alf_a,catalog_component_html,a,LLM_ROLE,HELD,1,catalog_component_html__LLMR_catalog_component_html_catalog_filter_genre_alf_a.mut
LLMR_catalog_component_html_catalog_filter_genre_alf_b,catalog_component_html,b,LLM_ROLE,HELD,1,catalog_component_html__LLMR_catalog_component_html_catalog_filter_genre_alf_b.mut
LLMR_catalog_component_html_catalog_filter_genre_alf_c,catalog_component_html,c,LLM_ROLE,HELD,1,catalog_component_html__LLMR_catalog_component_html_catalog_filter_genre_alf_c.mut
LLMR_catalog_component_html_catalog_filter_genre_alf_d,catalog_component_html,d,LLM_ROLE,HELD,1,catalog_component_html__LLMR_catalog_component_html_catalog_filter_genre_alf_d.mut
LLMR_catalog_component_html_catalog_filter_genre_alf_e,catalog_component_html,e,LLM_ROLE,HELD,1,catalog_component_html__LLMR_catalog_component_html_catalog_filter_genre_alf_e.mut
LLMR_catalog_component_html_catalog_filter_genre_alf_f,catalog_component_html,f,LLM_ROLE,HELD,1,catalog_component_html__LLMR_catalog_component_html_catalog_filter_genre_alf_f.mut
LLMR_catalog_component_html_catalog_filter_genre_alf_g,catalog_component_html,g,LLM_ROLE,HELD,1,catalog_component_html__LLMR_catalog_component_html_catalog_filter_genre_alf_g.mut
LLMR_catalog_component_html_catalog_filter_genre_alf_j,catalog_component_html,j,LLM_ROLE,HELD,1,catalog_component_html__LLMR_catalog_component_html_catalog_filter_genre_alf_j.mut
LLMR_catalog_component_html_catalog_filter_genre_alf_k,catalog_component_html,k,LLM_ROLE,HELD,1,catalog_component_html__LLMR_catalog_component_html_catalog_filter_genre_alf_k.mut
LLMR_catalog_component_html_catalog_filter_genre_del_a,catalog_component_html,a,LLM_ROLE,HELD,1,catalog_component_html__LLMR_catalog_component_html_catalog_filter_genre_del_a.mut
LLMR_catalog_component_html_catalog_filter_genre_del_b,catalog_component_html,b,LLM_ROLE,HELD,1,catalog_component_html__LLMR_catalog_component_html_catalog_filter_genre_del_b.mut
LLMR_catalog_component_html_catalog_filter_genre_del_c,catalog_component_html,c,LLM_ROLE,HELD,1,catalog_component_html__LLMR_catalog_component_html_catalog_filter_genre_del_c.mut
LLMR_catalog_component_html_catalog_filter_genre_del_f,catalog_component_html,f,LLM_ROLE,HELD,1,catalog_component_html__LLMR_catalog_component_html_catalog_filter_genre_del_f.mut
LLMR_catalog_component_html_catalog_filter_genre_del_g,catalog_component_html,g,LLM_ROLE,HELD,1,catalog_component_html__LLMR_catalog_component_html_catalog_filter_genre_del_g.mut
LLMR_catalog_component_html_catalog_filter_genre_del_j,catalog_component_html,j,LLM_ROLE,HELD,1,catalog_component_html__LLMR_catalog_component_html_catalog_filter_genre_del_j.mut
LLMR_catalog_component_html_catalog_filter_genre_del_k,catalog_component_html,k,LLM_ROLE,HELD,1,catalog_component_html__LLMR_catalog_component_html_catalog_filter_genre_del_k.mut
LLMR_catalog_component_html_catalog_filter_genre_gam_d,catalog_component_html,d,LLM_ROLE,HELD,1,catalog_component_html__LLMR_catalog_component_html_catalog_filter_genre_gam_d.mut
LLMR_catalog_component_html_catalog_filter_genre_gam_e,catalog_component_html,e,LLM_ROLE,HELD,1,catalog_component_html__LLMR_catalog_component_html_catalog_filter_genre_gam_e.mut
LLMR_catalog_component_html_catalog_modal_confirm_alf_a,catalog_component_html,a,LLM_ROLE,HELD,1,catalog_component_html__LLMR_catalog_component_html_catalog_modal_confirm_alf_a.mut
LLMR_catalog_component_html_catalog_modal_confirm_alf_b,catalog_component_html,b,LLM_ROLE,HELD,1,catalog_component_html__LLMR_catalog_component_html_catalog_modal_confirm_alf_b.mut
LLMR_catalog_component_html_catalog_modal_confirm_alf_c,catalog_component_html,c,LLM_ROLE,HELD,1,catalog_component_html__LLMR_catalog_component_html_catalog_modal_confirm_alf_c.mut
LLMR_catalog_component_html_catalog_modal_confirm_alf_d,catalog_component_html,d,LLM_ROLE,HELD,1,catalog_component_html__LLMR_catalog_component_html_catalog_modal_confirm_alf_d.mut
LLMR_catalog_component_html_catalog_modal_confirm_alf_e,catalog_component_html,e,LLM_ROLE,HELD,1,catalog_component_html__LLMR_catalog_component_html_catalog_modal_confirm_alf_e.mut
LLMR_catalog_component_html_catalog_modal_confirm_alf_f,catalog_component_html,f,LLM_ROLE,HELD,1,catalog_component_html__LLMR_catalog_component_html_catalog_modal_confirm_alf_f.mut
LLMR_catalog_component_html_catalog_modal_confirm_alf_g,catalog_component_html,g,LLM_ROLE,HELD,1,catalog_component_html__LLMR_catalog_component_html_catalog_modal_confirm_alf_g.mut
LLMR_catalog_component_html_catalog_modal_confirm_alf_j,catalog_component_html,j,LLM_ROLE,HELD,1,catalog_component_html__LLMR_catalog_component_html_catalog_modal_confirm_alf_j.mut
LLMR_catalog_component_html_catalog_modal_confirm_alf_k,catalog_component_html,k,LLM_ROLE,HELD,1,catalog_component_html__LLMR_catalog_component_html_catalog_modal_confirm_alf_k.mut
LLMR_catalog_component_html_catalog_modal_confirm_bet_a,catalog_component_html,a,LLM_ROLE,HELD,1,catalog_component_html__LLMR_catalog_component_html_catalog_modal_confirm_bet_a.mut
LLMR_catalog_component_html_catalog_modal_confirm_bet_b,catalog_component_html,b,LLM_ROLE,HELD,1,catalog_component_html__LLMR_catalog_component_html_catalog_modal_confirm_bet_b.mut
LLMR_catalog_component_html_catalog_modal_confirm_bet_c,catalog_component_html,c,LLM_ROLE,HELD,1,catalog_component_html__LLMR_catalog_component_html_catalog_modal_confirm_bet_c.mut
LLMR_catalog_component_html_catalog_modal_confirm_bet_f,catalog_component_html,f,LLM_ROLE,HELD,1,catalog_component_html__LLMR_catalog_component_html_catalog_modal_confirm_bet_f.mut
LLMR_catalog_component_html_catalog_modal_confirm_bet_g,catalog_component_html,g,LLM_ROLE,HELD,1,catalog_component_html__LLMR_catalog_component_html_catalog_modal_confirm_bet_g.mut
LLMR_catalog_component_html_catalog_modal_confirm_bet_i,catalog_component_html,i,LLM_ROLE,HELD,1,catalog_component_html__LLMR_catalog_component_html_catalog_modal_confirm_bet_i.mut
LLMR_catalog_component_html_catalog_modal_confirm_bet_j,catalog_component_html,j,LLM_ROLE,HELD,1,catalog_component_html__LLMR_catalog_component_html_catalog_modal_confirm_bet_j.mut
LLMR_catalog_component_html_catalog_modal_confirm_bet_k,catalog_component_html,k,LLM_ROLE,HELD,1,catalog_component_html__LLMR_catalog_component_html_catalog_modal_confirm_bet_k.mut
LLMR_catalog_component_html_catalog_modal_confirm_del_a,catalog_component_html,a,LLM_ROLE,HELD,1,catalog_component_html__LLMR_catalog_component_html_catalog_modal_confirm_del_a.mut
LLMR_catalog_component_html_catalog_modal_confirm_del_b,catalog_component_html,b,LLM_ROLE,HELD,1,catalog_component_html__LLMR_catalog_component_html_catalog_modal_confirm_del_b.mut
LLMR_catalog_component_html_catalog_modal_confirm_del_c,catalog_component_html,c,LLM_ROLE,HELD,1,catalog_component_html__LLMR_catalog_component_html_catalog_modal_confirm_del_c.mut
LLMR_catalog_component_html_catalog_modal_confirm_del_d,catalog_component_html,d,LLM_ROLE,HELD,1,catalog_component_html__LLMR_catalog_component_html_catalog_modal_confirm_del_d.mut
LLMR_catalog_component_html_catalog_modal_confirm_del_e,catalog_component_html,e,LLM_ROLE,HELD,1,catalog_component_html__LLMR_catalog_component_html_catalog_modal_confirm_del_e.mut
LLMR_catalog_component_html_catalog_modal_confirm_del_f,catalog_component_html,f,LLM_ROLE,HELD,1,catalog_component_html__LLMR_catalog_component_html_catalog_modal_confirm_del_f.mut
LLMR_catalog_component_html_catalog_modal_confirm_del_g,catalog_component_html,g,LLM_ROLE,HELD,1,catalog_component_html__LLMR_catalog_component_html_catalog_modal_confirm_del_g.mut
LLMR_catalog_component_html_catalog_modal_confirm_del_j,catalog_component_html,j,LLM_ROLE,HELD,1,catalog_component_html__LLMR_catalog_component_html_catalog_modal_confirm_del_j.mut
LLMR_catalog_component_html_catalog_modal_confirm_del_k,catalog_component_html,k,LLM_ROLE,HELD,1,catalog_component_html__LLMR_catalog_component_html_catalog_modal_confirm_del_k.mut
LLMR_catalog_component_html_catalog_modal_confirm_gam_a,catalog_component_html,a,LLM_ROLE,HELD,1,catalog_component_html__LLMR_catalog_component_html_catalog_modal_confirm_gam_a.mut
LLMR_catalog_component_html_catalog_modal_confirm_gam_b,catalog_component_html,b,LLM_ROLE,HELD,1,catalog_component_html__LLMR_catalog_component_html_catalog_modal_confirm_gam_b.mut
LLMR_catalog_component_html_catalog_modal_confirm_gam_c,catalog_component_html,c,LLM_ROLE,HELD,1,catalog_component_html__LLMR_catalog_component_html_catalog_modal_confirm_gam_c.mut
LLMR_catalog_component_html_catalog_modal_confirm_gam_j,catalog_component_html,j,LLM_ROLE,HELD,1,catalog_component_html__LLMR_catalog_component_html_catalog_modal_confirm_gam_j.mut
LLMR_catalog_component_html_catalog_modal_confirm_gam_k,catalog_component_html,k,LLM_ROLE,HELD,1,catalog_component_html__LLMR_catalog_component_html_catalog_modal_confirm_gam_k.mut
LLMR_catalog_component_html_catalog_reset_button_alf_a,catalog_component_html,a,LLM_ROLE,HELD,1,catalog_component_html__LLMR_catalog_component_html_catalog_reset_button_alf_a.mut
LLMR_catalog_component_html_catalog_reset_button_alf_b,catalog_component_html,b,LLM_ROLE,HELD,1,catalog_component_html__LLMR_catalog_component_html_catalog_reset_button_alf_b.mut
LLMR_catalog_component_html_catalog_reset_button_alf_c,catalog_component_html,c,LLM_ROLE,HELD,1,catalog_component_html__LLMR_catalog_component_html_catalog_reset_button_alf_c.mut
LLMR_catalog_component_html_catalog_reset_button_alf_d,catalog_component_html,d,LLM_ROLE,HELD,1,catalog_component_html__LLMR_catalog_component_html_catalog_reset_button_alf_d.mut
LLMR_catalog_component_html_catalog_reset_button_alf_e,catalog_component_html,e,LLM_ROLE,HELD,1,catalog_component_html__LLMR_catalog_component_html_catalog_reset_button_alf_e.mut
LLMR_catalog_component_html_catalog_reset_button_alf_f,catalog_component_html,f,LLM_ROLE,HELD,1,catalog_component_html__LLMR_catalog_component_html_catalog_reset_button_alf_f.mut
LLMR_catalog_component_html_catalog_reset_button_alf_g,catalog_component_html,g,LLM_ROLE,HELD,1,catalog_component_html__LLMR_catalog_component_html_catalog_reset_button_alf_g.mut
LLMR_catalog_component_html_catalog_reset_button_alf_j,catalog_component_html,j,LLM_ROLE,HELD,1,catalog_component_html__LLMR_catalog_component_html_catalog_reset_button_alf_j.mut
LLMR_catalog_component_html_catalog_reset_button_alf_k,catalog_component_html,k,LLM_ROLE,HELD,1,catalog_component_html__LLMR_catalog_component_html_catalog_reset_button_alf_k.mut
LLMR_catalog_component_html_catalog_result_count_alf_a,catalog_component_html,a,LLM_ROLE,HELD,1,catalog_component_html__LLMR_catalog_component_html_catalog_result_count_alf_a.mut
LLMR_catalog_component_html_catalog_result_count_alf_b,catalog_component_html,b,LLM_ROLE,HELD,1,catalog_component_html__LLMR_catalog_component_html_catalog_result_count_alf_b.mut
LLMR_catalog_component_html_catalog_result_count_alf_c,catalog_component_html,c,LLM_ROLE,HELD,1,catalog_component_html__LLMR_catalog_component_html_catalog_result_count_alf_c.mut
LLMR_catalog_component_html_catalog_result_count_alf_d,catalog_component_html,d,LLM_ROLE,HELD,1,catalog_component_html__LLMR_catalog_component_html_catalog_result_count_alf_d.mut
LLMR_catalog_component_html_catalog_result_count_alf_e,catalog_component_html,e,LLM_ROLE,HELD,1,catalog_component_html__LLMR_catalog_component_html_catalog_result_count_alf_e.mut
LLMR_catalog_component_html_catalog_result_count_alf_f,catalog_component_html,f,LLM_ROLE,HELD,1,catalog_component_html__LLMR_catalog_component_html_catalog_result_count_alf_f.mut
LLMR_catalog_component_html_catalog_result_count_alf_j,catalog_component_html,j,LLM_ROLE,HELD,1,catalog_component_html__LLMR_catalog_component_html_catalog_result_count_alf_j.mut
LLMR_catalog_component_html_catalog_result_count_alf_k,catalog_component_html,k,LLM_ROLE,HELD,1,catalog_component_html__LLMR_catalog_component_html_catalog_result_count_alf_k.mut
LLMR_catalog_component_html_catalog_result_count_bet_a,catalog_component_html,a,LLM_ROLE,HELD,1,catalog_component_html__LLMR_catalog_component_html_catalog_result_count_bet_a.mut
LLMR_catalog_component_html_catalog_result_count_bet_b,catalog_component_html,b,LLM_ROLE,HELD,1,catalog_component_html__LLMR_catalog_component_html_catalog_result_count_bet_b.mut
LLMR_catalog_component_html_catalog_result_count_bet_c,catalog_component_html,c,LLM_ROLE,HELD,1,catalog_component_html__LLMR_catalog_component_html_catalog_result_count_bet_c.mut
LLMR_catalog_component_html_catalog_result_count_bet_d,catalog_component_html,d,LLM_ROLE,HELD,1,catalog_component_html__LLMR_catalog_component_html_catalog_result_count_bet_d.mut
LLMR_catalog_component_html_catalog_result_count_bet_f,catalog_component_html,f,LLM_ROLE,HELD,1,catalog_component_html__LLMR_catalog_component_html_catalog_result_count_bet_f.mut
LLMR_catalog_component_html_catalog_result_count_bet_j,catalog_component_html,j,LLM_ROLE,HELD,1,catalog_component_html__LLMR_catalog_component_html_catalog_result_count_bet_j.mut
LLMR_catalog_component_html_catalog_result_count_bet_k,catalog_component_html,k,LLM_ROLE,HELD,1,catalog_component_html__LLMR_catalog_component_html_catalog_result_count_bet_k.mut
LLMR_catalog_component_html_catalog_result_count_del_a,catalog_component_html,a,LLM_ROLE,HELD,1,catalog_component_html__LLMR_catalog_component_html_catalog_result_count_del_a.mut
LLMR_catalog_component_html_catalog_result_count_del_b,catalog_component_html,b,LLM_ROLE,HELD,1,catalog_component_html__LLMR_catalog_component_html_catalog_result_count_del_b.mut
LLMR_catalog_component_html_catalog_result_count_del_c,catalog_component_html,c,LLM_ROLE,HELD,1,catalog_component_html__LLMR_catalog_component_html_catalog_result_count_del_c.mut
LLMR_catalog_component_html_catalog_result_count_del_d,catalog_component_html,d,LLM_ROLE,HELD,1,catalog_component_html__LLMR_catalog_component_html_catalog_result_count_del_d.mut
LLMR_catalog_component_html_catalog_result_count_del_e,catalog_component_html,e,LLM_ROLE,HELD,1,catalog_component_html__LLMR_catalog_component_html_catalog_result_count_del_e.mut
LLMR_catalog_component_html_catalog_result_count_del_f,catalog_component_html,f,LLM_ROLE,HELD,1,catalog_component_html__LLMR_catalog_component_html_catalog_result_count_del_f.mut
LLMR_catalog_component_html_catalog_result_count_del_j,catalog_component_html,j,LLM_ROLE,HELD,1,catalog_component_html__LLMR_catalog_component_html_catalog_result_count_del_j.mut
LLMR_catalog_component_html_catalog_result_count_del_k,catalog_component_html,k,LLM_ROLE,HELD,1,catalog_component_html__LLMR_catalog_component_html_catalog_result_count_del_k.mut
LLMR_catalog_component_html_catalog_search_input_alf_a,catalog_component_html,a,LLM_ROLE,HELD,1,catalog_component_html__LLMR_catalog_component_html_catalog_search_input_alf_a.mut
LLMR_catalog_component_html_catalog_search_input_alf_b,catalog_component_html,b,LLM_ROLE,HELD,1,catalog_component_html__LLMR_catalog_component_html_catalog_search_input_alf_b.mut
LLMR_catalog_component_html_catalog_search_input_alf_c,catalog_component_html,c,LLM_ROLE,HELD,1,catalog_component_html__LLMR_catalog_component_html_catalog_search_input_alf_c.mut
LLMR_catalog_component_html_catalog_search_input_alf_g,catalog_component_html,g,LLM_ROLE,HELD,1,catalog_component_html__LLMR_catalog_component_html_catalog_search_input_alf_g.mut
LLMR_catalog_component_html_catalog_search_input_alf_j,catalog_component_html,j,LLM_ROLE,HELD,1,catalog_component_html__LLMR_catalog_component_html_catalog_search_input_alf_j.mut
LLMR_catalog_component_html_catalog_search_input_alf_k,catalog_component_html,k,LLM_ROLE,HELD,1,catalog_component_html__LLMR_catalog_component_html_catalog_search_input_alf_k.mut
LLMR_catalog_component_html_catalog_search_input_bet_a,catalog_component_html,a,LLM_ROLE,HELD,1,catalog_component_html__LLMR_catalog_component_html_catalog_search_input_bet_a.mut
LLMR_catalog_component_html_catalog_search_input_bet_b,catalog_component_html,b,LLM_ROLE,HELD,1,catalog_component_html__LLMR_catalog_component_html_catalog_search_input_bet_b.mut
LLMR_catalog_component_html_catalog_search_input_bet_c,catalog_component_html,c,LLM_ROLE,HELD,1,catalog_component_html__LLMR_catalog_component_html_catalog_search_input_bet_c.mut
LLMR_catalog_component_html_catalog_search_input_bet_f,catalog_component_html,f,LLM_ROLE,HELD,1,catalog_component_html__LLMR_catalog_component_html_catalog_search_input_bet_f.mut
LLMR_catalog_component_html_catalog_search_input_bet_g,catalog_component_html,g,LLM_ROLE,HELD,1,catalog_component_html__LLMR_catalog_component_html_catalog_search_input_bet_g.mut
LLMR_catalog_component_html_catalog_search_input_bet_i,catalog_component_html,i,LLM_ROLE,HELD,1,catalog_component_html__LLMR_catalog_component_html_catalog_search_input_bet_i.mut
LLMR_catalog_component_html_catalog_search_input_bet_j,catalog_component_html,j,LLM_ROLE,HELD,1,catalog_component_html__LLMR_catalog_component_html_catalog_search_input_bet_j.mut
LLMR_catalog_component_html_catalog_search_input_bet_k,catalog_component_html,k,LLM_ROLE,HELD,1,catalog_component_html__LLMR_catalog_component_html_catalog_search_input_bet_k.mut
LLMR_catalog_component_html_catalog_search_input_gam_a,catalog_component_html,a,LLM_ROLE,HELD,1,catalog_component_html__LLMR_catalog_component_html_catalog_search_input_gam_a.mut
LLMR_catalog_component_html_catalog_search_input_gam_b,catalog_component_html,b,LLM_ROLE,HELD,1,catalog_component_html__LLMR_catalog_component_html_catalog_search_input_gam_b.mut
LLMR_catalog_component_html_catalog_search_input_gam_c,catalog_component_html,c,LLM_ROLE,HELD,1,catalog_component_html__LLMR_catalog_component_html_catalog_search_input_gam_c.mut
LLMR_catalog_component_html_catalog_search_input_gam_f,catalog_component_html,f,LLM_ROLE,HELD,1,catalog_component_html__LLMR_catalog_component_html_catalog_search_input_gam_f.mut
LLMR_catalog_component_html_catalog_search_input_gam_i,catalog_component_html,i,LLM_ROLE,HELD,1,catalog_component_html__LLMR_catalog_component_html_catalog_search_input_gam_i.mut
LLMR_catalog_component_html_catalog_search_input_gam_j,catalog_component_html,j,LLM_ROLE,HELD,1,catalog_component_html__LLMR_catalog_component_html_catalog_search_input_gam_j.mut
LLMR_catalog_component_html_catalog_search_input_gam_k,catalog_component_html,k,LLM_ROLE,HELD,1,catalog_component_html__LLMR_catalog_component_html_catalog_search_input_gam_k.mut
LLMR_catalog_component_html_catalog_sort_del_a,catalog_component_html,a,LLM_ROLE,HELD,1,catalog_component_html__LLMR_catalog_component_html_catalog_sort_del_a.mut
LLMR_catalog_component_html_catalog_sort_del_b,catalog_component_html,b,LLM_ROLE,HELD,1,catalog_component_html__LLMR_catalog_component_html_catalog_sort_del_b.mut
LLMR_catalog_component_html_catalog_sort_del_c,catalog_component_html,c,LLM_ROLE,HELD,1,catalog_component_html__LLMR_catalog_component_html_catalog_sort_del_c.mut
LLMR_catalog_component_html_catalog_sort_del_d,catalog_component_html,d,LLM_ROLE,HELD,1,catalog_component_html__LLMR_catalog_component_html_catalog_sort_del_d.mut
LLMR_catalog_component_html_catalog_sort_del_e,catalog_component_html,e,LLM_ROLE,HELD,1,catalog_component_html__LLMR_catalog_component_html_catalog_sort_del_e.mut
LLMR_catalog_component_html_catalog_sort_del_f,catalog_component_html,f,LLM_ROLE,HELD,1,catalog_component_html__LLMR_catalog_component_html_catalog_sort_del_f.mut
LLMR_catalog_component_html_catalog_sort_del_g,catalog_component_html,g,LLM_ROLE,HELD,1,catalog_component_html__LLMR_catalog_component_html_catalog_sort_del_g.mut
LLMR_catalog_component_html_catalog_sort_del_j,catalog_component_html,j,LLM_ROLE,HELD,1,catalog_component_html__LLMR_catalog_component_html_catalog_sort_del_j.mut
LLMR_catalog_component_html_catalog_sort_del_k,catalog_component_html,k,LLM_ROLE,HELD,1,catalog_component_html__LLMR_catalog_component_html_catalog_sort_del_k.mut
LLMR_catalog_component_html_catalog_view_list_alf_a,catalog_component_html,a,LLM_ROLE,HELD,1,catalog_component_html__LLMR_catalog_component_html_catalog_view_list_alf_a.mut
LLMR_catalog_component_html_catalog_view_list_alf_b,catalog_component_html,b,LLM_ROLE,HELD,1,catalog_component_html__LLMR_catalog_component_html_catalog_view_list_alf_b.mut
LLMR_catalog_component_html_catalog_view_list_alf_c,catalog_component_html,c,LLM_ROLE,HELD,1,catalog_component_html__LLMR_catalog_component_html_catalog_view_list_alf_c.mut
LLMR_catalog_component_html_catalog_view_list_alf_d,catalog_component_html,d,LLM_ROLE,HELD,1,catalog_component_html__LLMR_catalog_component_html_catalog_view_list_alf_d.mut
LLMR_catalog_component_html_catalog_view_list_alf_e,catalog_component_html,e,LLM_ROLE,HELD,1,catalog_component_html__LLMR_catalog_component_html_catalog_view_list_alf_e.mut
LLMR_catalog_component_html_catalog_view_list_alf_f,catalog_component_html,f,LLM_ROLE,HELD,1,catalog_component_html__LLMR_catalog_component_html_catalog_view_list_alf_f.mut
LLMR_catalog_component_html_catalog_view_list_alf_g,catalog_component_html,g,LLM_ROLE,HELD,1,catalog_component_html__LLMR_catalog_component_html_catalog_view_list_alf_g.mut
LLMR_catalog_component_html_catalog_view_list_alf_j,catalog_component_html,j,LLM_ROLE,HELD,1,catalog_component_html__LLMR_catalog_component_html_catalog_view_list_alf_j.mut
LLMR_catalog_component_html_catalog_view_list_alf_k,catalog_component_html,k,LLM_ROLE,HELD,1,catalog_component_html__LLMR_catalog_component_html_catalog_view_list_alf_k.mut
LLMR_catalog_component_html_catalog_view_list_bet_a,catalog_component_html,a,LLM_ROLE,HELD,1,catalog_component_html__LLMR_catalog_component_html_catalog_view_list_bet_a.mut
LLMR_catalog_component_html_catalog_view_list_bet_b,catalog_component_html,b,LLM_ROLE,HELD,1,catalog_component_html__LLMR_catalog_component_html_catalog_view_list_bet_b.mut
LLMR_catalog_component_html_catalog_view_list_bet_c,catalog_component_html,c,LLM_ROLE,HELD,1,catalog_component_html__LLMR_catalog_component_html_catalog_view_list_bet_c.mut
LLMR_catalog_component_html_catalog_view_list_bet_f,catalog_component_html,f,LLM_ROLE,HELD,1,catalog_component_html__LLMR_catalog_component_html_catalog_view_list_bet_f.mut
LLMR_catalog_component_html_catalog_view_list_bet_g,catalog_component_html,g,LLM_ROLE,HELD,1,catalog_component_html__LLMR_catalog_component_html_catalog_view_list_bet_g.mut
LLMR_catalog_component_html_catalog_view_list_bet_j,catalog_component_html,j,LLM_ROLE,HELD,1,catalog_component_html__LLMR_catalog_component_html_catalog_view_list_bet_j.mut
LLMR_catalog_component_html_catalog_view_list_bet_k,catalog_component_html,k,LLM_ROLE,HELD,1,catalog_component_html__LLMR_catalog_component_html_catalog_view_list_bet_k.mut
LLMR_catalog_component_html_catalog_view_list_del_a,catalog_component_html,a,LLM_ROLE,HELD,1,catalog_component_html__LLMR_catalog_component_html_catalog_view_list_del_a.mut
LLMR_catalog_component_html_catalog_view_list_del_b,catalog_component_html,b,LLM_ROLE,HELD,1,catalog_component_html__LLMR_catalog_component_html_catalog_view_list_del_b.mut
LLMR_catalog_component_html_catalog_view_list_del_c,catalog_component_html,c,LLM_ROLE,HELD,1,catalog_component_html__LLMR_catalog_component_html_catalog_view_list_del_c.mut
LLMR_catalog_component_html_catalog_view_list_del_d,catalog_component_html,d,LLM_ROLE,HELD,1,catalog_component_html__LLMR_catalog_component_html_catalog_view_list_del_d.mut
LLMR_catalog_component_html_catalog_view_list_del_e,catalog_component_html,e,LLM_ROLE,HELD,1,catalog_component_html__LLMR_catalog_component_html_catalog_view_list_del_e.mut
LLMR_catalog_component_html_catalog_view_list_del_f,catalog_component_html,f,LLM_ROLE,HELD,1,catalog_component_html__LLMR_catalog_component_html_catalog_view_list_del_f.mut
LLMR_catalog_component_html_catalog_view_list_del_g,catalog_component_html,g,LLM_ROLE,HELD,1,catalog_component_html__LLMR_catalog_component_html_catalog_view_list_del_g.mut
LLMR_catalog_component_html_catalog_view_list_del_j,catalog_component_html,j,LLM_ROLE,HELD,1,catalog_component_html__LLMR_catalog_component_html_catalog_view_list_del_j.mut
LLMR_catalog_component_html_catalog_view_list_del_k,catalog_component_html,k,LLM_ROLE,HELD,1,catalog_component_html__LLMR_catalog_component_html_catalog_view_list_del_k.mut
LLMR_catalog_component_html_catalog_view_list_gam_a,catalog_component_html,a,LLM_ROLE,HELD,1,catalog_component_html__LLMR_catalog_component_html_catalog_view_list_gam_a.mut
LLMR_catalog_component_html_catalog_view_list_gam_b,catalog_component_html,b,LLM_ROLE,HELD,1,catalog_component_html__LLMR_catalog_component_html_catalog_view_list_gam_b.mut
LLMR_catalog_component_html_catalog_view_list_gam_c,catalog_component_html,c,LLM_ROLE,HELD,1,catalog_component_html__LLMR_catalog_component_html_catalog_view_list_gam_c.mut
LLMR_catalog_component_html_catalog_view_list_gam_f,catalog_component_html,f,LLM_ROLE,HELD,1,catalog_component_html__LLMR_catalog_component_html_catalog_view_list_gam_f.mut
LLMR_catalog_component_html_catalog_view_list_gam_i,catalog_component_html,i,LLM_ROLE,HELD,1,catalog_component_html__LLMR_catalog_component_html_catalog_view_list_gam_i.mut
LLMR_catalog_component_html_catalog_view_list_gam_j,catalog_component_html,j,LLM_ROLE,HELD,1,catalog_component_html__LLMR_catalog_component_html_catalog_view_list_gam_j.mut
LLMR_catalog_component_html_catalog_view_list_gam_k,catalog_component_html,k,LLM_ROLE,HELD,1,catalog_component_html__LLMR_catalog_component_html_catalog_view_list_gam_k.mut
LLMR_h_catalog_empty_alf,catalog_component_html,h,LLM_ROLE,HELD,2,catalog_component_html__LLMR_h_catalog_empty_alf.mut
LLMR_h_catalog_favorites_filter_alf,catalog_component_html,h,LLM_ROLE,HELD,2,catalog_component_html__LLMR_h_catalog_favorites_filter_alf.mut
LLMR_h_catalog_filter_genre_alf,catalog_component_html,h,LLM_ROLE,HELD,2,catalog_component_html__LLMR_h_catalog_filter_genre_alf.mut
LLMR_h_catalog_filter_genre_del,catalog_component_html,h,LLM_ROLE,HELD,2,catalog_component_html__LLMR_h_catalog_filter_genre_del.mut
LLMR_h_catalog_modal_confirm_alf,catalog_component_html,h,LLM_ROLE,HELD,2,catalog_component_html__LLMR_h_catalog_modal_confirm_alf.mut
LLMR_h_catalog_modal_confirm_bet,catalog_component_html,h,LLM_ROLE,HELD,2,catalog_component_html__LLMR_h_catalog_modal_confirm_bet.mut
LLMR_h_catalog_modal_confirm_del,catalog_component_html,h,LLM_ROLE,HELD,2,catalog_component_html__LLMR_h_catalog_modal_confirm_del.mut
LLMR_h_catalog_modal_confirm_gam,catalog_component_html,h,LLM_ROLE,HELD,2,catalog_component_html__LLMR_h_catalog_modal_confirm_gam.mut
LLMR_h_catalog_reset_button_alf,catalog_component_html,h,LLM_ROLE,HELD,2,catalog_component_html__LLMR_h_catalog_reset_button_alf.mut
LLMR_h_catalog_result_count_alf,catalog_component_html,h,LLM_ROLE,HELD,2,catalog_component_html__LLMR_h_catalog_result_count_alf.mut
LLMR_h_catalog_result_count_bet,catalog_component_html,h,LLM_ROLE,HELD,2,catalog_component_html__LLMR_h_catalog_result_count_bet.mut
LLMR_h_catalog_result_count_del,catalog_component_html,h,LLM_ROLE,HELD,2,catalog_component_html__LLMR_h_catalog_result_count_del.mut
LLMR_h_catalog_search_input_alf,catalog_component_html,h,LLM_ROLE,HELD,2,catalog_component_html__LLMR_h_catalog_search_input_alf.mut
LLMR_h_catalog_search_input_bet,catalog_component_html,h,LLM_ROLE,HELD,2,catalog_component_html__LLMR_h_catalog_search_input_bet.mut
LLMR_h_catalog_search_input_gam,catalog_component_html,h,LLM_ROLE,HELD,2,catalog_component_html__LLMR_h_catalog_search_input_gam.mut
LLMR_h_catalog_sort_del,catalog_component_html,h,LLM_ROLE,HELD,2,catalog_component_html__LLMR_h_catalog_sort_del.mut
LLMR_h_catalog_view_list_alf,catalog_component_html,h,LLM_ROLE,HELD,2,catalog_component_html__LLMR_h_catalog_view_list_alf.mut
LLMR_h_catalog_view_list_bet,catalog_component_html,h,LLM_ROLE,HELD,2,catalog_component_html__LLMR_h_catalog_view_list_bet.mut
LLMR_h_catalog_view_list_del,catalog_component_html,h,LLM_ROLE,HELD,2,catalog_component_html__LLMR_h_catalog_view_list_del.mut
LLMR_h_catalog_view_list_gam,catalog_component_html,h,LLM_ROLE,HELD,2,catalog_component_html__LLMR_h_catalog_view_list_gam.mut
LLMR_h_card_favorite_toggle_alf,movie_card_component_html,h,LLM_ROLE,HELD,2,movie_card_component_html__LLMR_h_card_favorite_toggle_alf.mut
LLMR_h_card_favorite_toggle_bet,movie_card_component_html,h,LLM_ROLE,HELD,2,movie_card_component_html__LLMR_h_card_favorite_toggle_bet.mut
LLMR_h_card_meta_alf,movie_card_component_html,h,LLM_ROLE,HELD,2,movie_card_component_html__LLMR_h_card_meta_alf.mut
LLMR_h_card_meta_del,movie_card_component_html,h,LLM_ROLE,HELD,2,movie_card_component_html__LLMR_h_card_meta_del.mut
LLMR_h_card_poster_alf,movie_card_component_html,h,LLM_ROLE,HELD,2,movie_card_component_html__LLMR_h_card_poster_alf.mut
LLMR_h_card_title_alf,movie_card_component_html,h,LLM_ROLE,HELD,2,movie_card_component_html__LLMR_h_card_title_alf.mut
LLMR_h_card_title_bet,movie_card_component_html,h,LLM_ROLE,HELD,2,movie_card_component_html__LLMR_h_card_title_bet.mut
LLMR_h_card_title_gam,movie_card_component_html,h,LLM_ROLE,HELD,2,movie_card_component_html__LLMR_h_card_title_gam.mut
LLMR_movie_card_component_html_card_favorite_toggle_alf_a,movie_card_component_html,a,LLM_ROLE,HELD,1,movie_card_component_html__LLMR_movie_card_component_html_card_favorite_toggle_alf_a.mut
LLMR_movie_card_component_html_card_favorite_toggle_alf_b,movie_card_component_html,b,LLM_ROLE,HELD,1,movie_card_component_html__LLMR_movie_card_component_html_card_favorite_toggle_alf_b.mut
LLMR_movie_card_component_html_card_favorite_toggle_alf_c,movie_card_component_html,c,LLM_ROLE,HELD,1,movie_card_component_html__LLMR_movie_card_component_html_card_favorite_toggle_alf_c.mut
LLMR_movie_card_component_html_card_favorite_toggle_alf_d,movie_card_component_html,d,LLM_ROLE,HELD,1,movie_card_component_html__LLMR_movie_card_component_html_card_favorite_toggle_alf_d.mut
LLMR_movie_card_component_html_card_favorite_toggle_alf_e,movie_card_component_html,e,LLM_ROLE,HELD,1,movie_card_component_html__LLMR_movie_card_component_html_card_favorite_toggle_alf_e.mut
LLMR_movie_card_component_html_card_favorite_toggle_alf_f,movie_card_component_html,f,LLM_ROLE,HELD,1,movie_card_component_html__LLMR_movie_card_component_html_card_favorite_toggle_alf_f.mut
LLMR_movie_card_component_html_card_favorite_toggle_alf_j,movie_card_component_html,j,LLM_ROLE,HELD,1,movie_card_component_html__LLMR_movie_card_component_html_card_favorite_toggle_alf_j.mut
LLMR_movie_card_component_html_card_favorite_toggle_alf_k,movie_card_component_html,k,LLM_ROLE,HELD,1,movie_card_component_html__LLMR_movie_card_component_html_card_favorite_toggle_alf_k.mut
LLMR_movie_card_component_html_card_favorite_toggle_bet_a,movie_card_component_html,a,LLM_ROLE,HELD,1,movie_card_component_html__LLMR_movie_card_component_html_card_favorite_toggle_bet_a.mut
LLMR_movie_card_component_html_card_favorite_toggle_bet_b,movie_card_component_html,b,LLM_ROLE,HELD,1,movie_card_component_html__LLMR_movie_card_component_html_card_favorite_toggle_bet_b.mut
LLMR_movie_card_component_html_card_favorite_toggle_bet_c,movie_card_component_html,c,LLM_ROLE,HELD,1,movie_card_component_html__LLMR_movie_card_component_html_card_favorite_toggle_bet_c.mut
LLMR_movie_card_component_html_card_favorite_toggle_bet_j,movie_card_component_html,j,LLM_ROLE,HELD,1,movie_card_component_html__LLMR_movie_card_component_html_card_favorite_toggle_bet_j.mut
LLMR_movie_card_component_html_card_favorite_toggle_bet_k,movie_card_component_html,k,LLM_ROLE,HELD,1,movie_card_component_html__LLMR_movie_card_component_html_card_favorite_toggle_bet_k.mut
LLMR_movie_card_component_html_card_meta_alf_a,movie_card_component_html,a,LLM_ROLE,HELD,1,movie_card_component_html__LLMR_movie_card_component_html_card_meta_alf_a.mut
LLMR_movie_card_component_html_card_meta_alf_b,movie_card_component_html,b,LLM_ROLE,HELD,1,movie_card_component_html__LLMR_movie_card_component_html_card_meta_alf_b.mut
LLMR_movie_card_component_html_card_meta_alf_c,movie_card_component_html,c,LLM_ROLE,HELD,1,movie_card_component_html__LLMR_movie_card_component_html_card_meta_alf_c.mut
LLMR_movie_card_component_html_card_meta_alf_d,movie_card_component_html,d,LLM_ROLE,HELD,1,movie_card_component_html__LLMR_movie_card_component_html_card_meta_alf_d.mut
LLMR_movie_card_component_html_card_meta_alf_e,movie_card_component_html,e,LLM_ROLE,HELD,1,movie_card_component_html__LLMR_movie_card_component_html_card_meta_alf_e.mut
LLMR_movie_card_component_html_card_meta_alf_f,movie_card_component_html,f,LLM_ROLE,HELD,1,movie_card_component_html__LLMR_movie_card_component_html_card_meta_alf_f.mut
LLMR_movie_card_component_html_card_meta_alf_g,movie_card_component_html,g,LLM_ROLE,HELD,1,movie_card_component_html__LLMR_movie_card_component_html_card_meta_alf_g.mut
LLMR_movie_card_component_html_card_meta_alf_j,movie_card_component_html,j,LLM_ROLE,HELD,1,movie_card_component_html__LLMR_movie_card_component_html_card_meta_alf_j.mut
LLMR_movie_card_component_html_card_meta_alf_k,movie_card_component_html,k,LLM_ROLE,HELD,1,movie_card_component_html__LLMR_movie_card_component_html_card_meta_alf_k.mut
LLMR_movie_card_component_html_card_meta_del_a,movie_card_component_html,a,LLM_ROLE,HELD,1,movie_card_component_html__LLMR_movie_card_component_html_card_meta_del_a.mut
LLMR_movie_card_component_html_card_meta_del_b,movie_card_component_html,b,LLM_ROLE,HELD,1,movie_card_component_html__LLMR_movie_card_component_html_card_meta_del_b.mut
LLMR_movie_card_component_html_card_meta_del_c,movie_card_component_html,c,LLM_ROLE,HELD,1,movie_card_component_html__LLMR_movie_card_component_html_card_meta_del_c.mut
LLMR_movie_card_component_html_card_meta_del_d,movie_card_component_html,d,LLM_ROLE,HELD,1,movie_card_component_html__LLMR_movie_card_component_html_card_meta_del_d.mut
LLMR_movie_card_component_html_card_meta_del_e,movie_card_component_html,e,LLM_ROLE,HELD,1,movie_card_component_html__LLMR_movie_card_component_html_card_meta_del_e.mut
LLMR_movie_card_component_html_card_meta_del_f,movie_card_component_html,f,LLM_ROLE,HELD,1,movie_card_component_html__LLMR_movie_card_component_html_card_meta_del_f.mut
LLMR_movie_card_component_html_card_meta_del_g,movie_card_component_html,g,LLM_ROLE,HELD,1,movie_card_component_html__LLMR_movie_card_component_html_card_meta_del_g.mut
LLMR_movie_card_component_html_card_meta_del_j,movie_card_component_html,j,LLM_ROLE,HELD,1,movie_card_component_html__LLMR_movie_card_component_html_card_meta_del_j.mut
LLMR_movie_card_component_html_card_meta_del_k,movie_card_component_html,k,LLM_ROLE,HELD,1,movie_card_component_html__LLMR_movie_card_component_html_card_meta_del_k.mut
LLMR_movie_card_component_html_card_poster_alf_a,movie_card_component_html,a,LLM_ROLE,HELD,1,movie_card_component_html__LLMR_movie_card_component_html_card_poster_alf_a.mut
LLMR_movie_card_component_html_card_poster_alf_b,movie_card_component_html,b,LLM_ROLE,HELD,1,movie_card_component_html__LLMR_movie_card_component_html_card_poster_alf_b.mut
LLMR_movie_card_component_html_card_poster_alf_c,movie_card_component_html,c,LLM_ROLE,HELD,1,movie_card_component_html__LLMR_movie_card_component_html_card_poster_alf_c.mut
LLMR_movie_card_component_html_card_poster_alf_f,movie_card_component_html,f,LLM_ROLE,HELD,1,movie_card_component_html__LLMR_movie_card_component_html_card_poster_alf_f.mut
LLMR_movie_card_component_html_card_poster_alf_j,movie_card_component_html,j,LLM_ROLE,HELD,1,movie_card_component_html__LLMR_movie_card_component_html_card_poster_alf_j.mut
LLMR_movie_card_component_html_card_poster_alf_k,movie_card_component_html,k,LLM_ROLE,HELD,1,movie_card_component_html__LLMR_movie_card_component_html_card_poster_alf_k.mut
LLMR_movie_card_component_html_card_title_alf_a,movie_card_component_html,a,LLM_ROLE,HELD,1,movie_card_component_html__LLMR_movie_card_component_html_card_title_alf_a.mut
LLMR_movie_card_component_html_card_title_alf_b,movie_card_component_html,b,LLM_ROLE,HELD,1,movie_card_component_html__LLMR_movie_card_component_html_card_title_alf_b.mut
LLMR_movie_card_component_html_card_title_alf_c,movie_card_component_html,c,LLM_ROLE,HELD,1,movie_card_component_html__LLMR_movie_card_component_html_card_title_alf_c.mut
LLMR_movie_card_component_html_card_title_alf_d,movie_card_component_html,d,LLM_ROLE,HELD,1,movie_card_component_html__LLMR_movie_card_component_html_card_title_alf_d.mut
LLMR_movie_card_component_html_card_title_alf_e,movie_card_component_html,e,LLM_ROLE,HELD,1,movie_card_component_html__LLMR_movie_card_component_html_card_title_alf_e.mut
LLMR_movie_card_component_html_card_title_alf_g,movie_card_component_html,g,LLM_ROLE,HELD,1,movie_card_component_html__LLMR_movie_card_component_html_card_title_alf_g.mut
LLMR_movie_card_component_html_card_title_alf_j,movie_card_component_html,j,LLM_ROLE,HELD,1,movie_card_component_html__LLMR_movie_card_component_html_card_title_alf_j.mut
LLMR_movie_card_component_html_card_title_alf_k,movie_card_component_html,k,LLM_ROLE,HELD,1,movie_card_component_html__LLMR_movie_card_component_html_card_title_alf_k.mut
LLMR_movie_card_component_html_card_title_bet_a,movie_card_component_html,a,LLM_ROLE,HELD,1,movie_card_component_html__LLMR_movie_card_component_html_card_title_bet_a.mut
LLMR_movie_card_component_html_card_title_bet_b,movie_card_component_html,b,LLM_ROLE,HELD,1,movie_card_component_html__LLMR_movie_card_component_html_card_title_bet_b.mut
LLMR_movie_card_component_html_card_title_bet_c,movie_card_component_html,c,LLM_ROLE,HELD,1,movie_card_component_html__LLMR_movie_card_component_html_card_title_bet_c.mut
LLMR_movie_card_component_html_card_title_bet_f,movie_card_component_html,f,LLM_ROLE,HELD,1,movie_card_component_html__LLMR_movie_card_component_html_card_title_bet_f.mut
LLMR_movie_card_component_html_card_title_bet_g,movie_card_component_html,g,LLM_ROLE,HELD,1,movie_card_component_html__LLMR_movie_card_component_html_card_title_bet_g.mut
LLMR_movie_card_component_html_card_title_bet_j,movie_card_component_html,j,LLM_ROLE,HELD,1,movie_card_component_html__LLMR_movie_card_component_html_card_title_bet_j.mut
LLMR_movie_card_component_html_card_title_bet_k,movie_card_component_html,k,LLM_ROLE,HELD,1,movie_card_component_html__LLMR_movie_card_component_html_card_title_bet_k.mut
LLMR_movie_card_component_html_card_title_gam_a,movie_card_component_html,a,LLM_ROLE,HELD,1,movie_card_component_html__LLMR_movie_card_component_html_card_title_gam_a.mut
LLMR_movie_card_component_html_card_title_gam_b,movie_card_component_html,b,LLM_ROLE,HELD,1,movie_card_component_html__LLMR_movie_card_component_html_card_title_gam_b.mut
LLMR_movie_card_component_html_card_title_gam_c,movie_card_component_html,c,LLM_ROLE,HELD,1,movie_card_component_html__LLMR_movie_card_component_html_card_title_gam_c.mut
LLMR_movie_card_component_html_card_title_gam_f,movie_card_component_html,f,LLM_ROLE,HELD,1,movie_card_component_html__LLMR_movie_card_component_html_card_title_gam_f.mut
LLMR_movie_card_component_html_card_title_gam_i,movie_card_component_html,i,LLM_ROLE,HELD,1,movie_card_component_html__LLMR_movie_card_component_html_card_title_gam_i.mut
LLMR_movie_card_component_html_card_title_gam_j,movie_card_component_html,j,LLM_ROLE,HELD,1,movie_card_component_html__LLMR_movie_card_component_html_card_title_gam_j.mut
LLMR_movie_card_component_html_card_title_gam_k,movie_card_component_html,k,LLM_ROLE,HELD,1,movie_card_component_html__LLMR_movie_card_component_html_card_title_gam_k.mut
LLMR_h_detail_delete_button_alf,movie_detail_component_html,h,LLM_ROLE,HELD,2,movie_detail_component_html__LLMR_h_detail_delete_button_alf.mut
LLMR_h_detail_delete_button_bet,movie_detail_component_html,h,LLM_ROLE,HELD,2,movie_detail_component_html__LLMR_h_detail_delete_button_bet.mut
LLMR_h_detail_delete_button_del,movie_detail_component_html,h,LLM_ROLE,HELD,2,movie_detail_component_html__LLMR_h_detail_delete_button_del.mut
LLMR_h_detail_favorite_alf,movie_detail_component_html,h,LLM_ROLE,HELD,2,movie_detail_component_html__LLMR_h_detail_favorite_alf.mut
LLMR_h_detail_meta_alf,movie_detail_component_html,h,LLM_ROLE,HELD,2,movie_detail_component_html__LLMR_h_detail_meta_alf.mut
LLMR_h_detail_meta_bet,movie_detail_component_html,h,LLM_ROLE,HELD,2,movie_detail_component_html__LLMR_h_detail_meta_bet.mut
LLMR_h_detail_meta_del,movie_detail_component_html,h,LLM_ROLE,HELD,2,movie_detail_component_html__LLMR_h_detail_meta_del.mut
LLMR_h_detail_meta_eps,movie_detail_component_html,h,LLM_ROLE,HELD,2,movie_detail_component_html__LLMR_h_detail_meta_eps.mut
LLMR_h_detail_meta_gam,movie_detail_component_html,h,LLM_ROLE,HELD,2,movie_detail_component_html__LLMR_h_detail_meta_gam.mut
LLMR_h_detail_not_found_alf,movie_detail_component_html,h,LLM_ROLE,HELD,2,movie_detail_component_html__LLMR_h_detail_not_found_alf.mut
LLMR_h_detail_not_found_del,movie_detail_component_html,h,LLM_ROLE,HELD,2,movie_detail_component_html__LLMR_h_detail_not_found_del.mut
LLMR_h_detail_synopsis_alf,movie_detail_component_html,h,LLM_ROLE,HELD,2,movie_detail_component_html__LLMR_h_detail_synopsis_alf.mut
LLMR_h_detail_synopsis_bet,movie_detail_component_html,h,LLM_ROLE,HELD,2,movie_detail_component_html__LLMR_h_detail_synopsis_bet.mut
LLMR_h_detail_synopsis_del,movie_detail_component_html,h,LLM_ROLE,HELD,2,movie_detail_component_html__LLMR_h_detail_synopsis_del.mut
LLMR_h_detail_synopsis_gam,movie_detail_component_html,h,LLM_ROLE,HELD,2,movie_detail_component_html__LLMR_h_detail_synopsis_gam.mut
LLMR_h_detail_title_alf,movie_detail_component_html,h,LLM_ROLE,HELD,2,movie_detail_component_html__LLMR_h_detail_title_alf.mut
LLMR_movie_detail_component_html_detail_delete_button_alf_a,movie_detail_component_html,a,LLM_ROLE,HELD,1,movie_detail_component_html__LLMR_movie_detail_component_html_detail_delete_button_alf_a.mut
LLMR_movie_detail_component_html_detail_delete_button_alf_b,movie_detail_component_html,b,LLM_ROLE,HELD,1,movie_detail_component_html__LLMR_movie_detail_component_html_detail_delete_button_alf_b.mut
LLMR_movie_detail_component_html_detail_delete_button_alf_c,movie_detail_component_html,c,LLM_ROLE,HELD,1,movie_detail_component_html__LLMR_movie_detail_component_html_detail_delete_button_alf_c.mut
LLMR_movie_detail_component_html_detail_delete_button_alf_d,movie_detail_component_html,d,LLM_ROLE,HELD,1,movie_detail_component_html__LLMR_movie_detail_component_html_detail_delete_button_alf_d.mut
LLMR_movie_detail_component_html_detail_delete_button_alf_e,movie_detail_component_html,e,LLM_ROLE,HELD,1,movie_detail_component_html__LLMR_movie_detail_component_html_detail_delete_button_alf_e.mut
LLMR_movie_detail_component_html_detail_delete_button_alf_f,movie_detail_component_html,f,LLM_ROLE,HELD,1,movie_detail_component_html__LLMR_movie_detail_component_html_detail_delete_button_alf_f.mut
LLMR_movie_detail_component_html_detail_delete_button_alf_g,movie_detail_component_html,g,LLM_ROLE,HELD,1,movie_detail_component_html__LLMR_movie_detail_component_html_detail_delete_button_alf_g.mut
LLMR_movie_detail_component_html_detail_delete_button_alf_j,movie_detail_component_html,j,LLM_ROLE,HELD,1,movie_detail_component_html__LLMR_movie_detail_component_html_detail_delete_button_alf_j.mut
LLMR_movie_detail_component_html_detail_delete_button_alf_k,movie_detail_component_html,k,LLM_ROLE,HELD,1,movie_detail_component_html__LLMR_movie_detail_component_html_detail_delete_button_alf_k.mut
LLMR_movie_detail_component_html_detail_delete_button_bet_a,movie_detail_component_html,a,LLM_ROLE,HELD,1,movie_detail_component_html__LLMR_movie_detail_component_html_detail_delete_button_bet_a.mut
LLMR_movie_detail_component_html_detail_delete_button_bet_b,movie_detail_component_html,b,LLM_ROLE,HELD,1,movie_detail_component_html__LLMR_movie_detail_component_html_detail_delete_button_bet_b.mut
LLMR_movie_detail_component_html_detail_delete_button_bet_c,movie_detail_component_html,c,LLM_ROLE,HELD,1,movie_detail_component_html__LLMR_movie_detail_component_html_detail_delete_button_bet_c.mut
LLMR_movie_detail_component_html_detail_delete_button_bet_f,movie_detail_component_html,f,LLM_ROLE,HELD,1,movie_detail_component_html__LLMR_movie_detail_component_html_detail_delete_button_bet_f.mut
LLMR_movie_detail_component_html_detail_delete_button_bet_g,movie_detail_component_html,g,LLM_ROLE,HELD,1,movie_detail_component_html__LLMR_movie_detail_component_html_detail_delete_button_bet_g.mut
LLMR_movie_detail_component_html_detail_delete_button_bet_i,movie_detail_component_html,i,LLM_ROLE,HELD,1,movie_detail_component_html__LLMR_movie_detail_component_html_detail_delete_button_bet_i.mut
LLMR_movie_detail_component_html_detail_delete_button_bet_j,movie_detail_component_html,j,LLM_ROLE,HELD,1,movie_detail_component_html__LLMR_movie_detail_component_html_detail_delete_button_bet_j.mut
LLMR_movie_detail_component_html_detail_delete_button_bet_k,movie_detail_component_html,k,LLM_ROLE,HELD,1,movie_detail_component_html__LLMR_movie_detail_component_html_detail_delete_button_bet_k.mut
LLMR_movie_detail_component_html_detail_delete_button_del_a,movie_detail_component_html,a,LLM_ROLE,HELD,1,movie_detail_component_html__LLMR_movie_detail_component_html_detail_delete_button_del_a.mut
LLMR_movie_detail_component_html_detail_delete_button_del_b,movie_detail_component_html,b,LLM_ROLE,HELD,1,movie_detail_component_html__LLMR_movie_detail_component_html_detail_delete_button_del_b.mut
LLMR_movie_detail_component_html_detail_delete_button_del_c,movie_detail_component_html,c,LLM_ROLE,HELD,1,movie_detail_component_html__LLMR_movie_detail_component_html_detail_delete_button_del_c.mut
LLMR_movie_detail_component_html_detail_delete_button_del_d,movie_detail_component_html,d,LLM_ROLE,HELD,1,movie_detail_component_html__LLMR_movie_detail_component_html_detail_delete_button_del_d.mut
LLMR_movie_detail_component_html_detail_delete_button_del_e,movie_detail_component_html,e,LLM_ROLE,HELD,1,movie_detail_component_html__LLMR_movie_detail_component_html_detail_delete_button_del_e.mut
LLMR_movie_detail_component_html_detail_delete_button_del_f,movie_detail_component_html,f,LLM_ROLE,HELD,1,movie_detail_component_html__LLMR_movie_detail_component_html_detail_delete_button_del_f.mut
LLMR_movie_detail_component_html_detail_delete_button_del_g,movie_detail_component_html,g,LLM_ROLE,HELD,1,movie_detail_component_html__LLMR_movie_detail_component_html_detail_delete_button_del_g.mut
LLMR_movie_detail_component_html_detail_delete_button_del_j,movie_detail_component_html,j,LLM_ROLE,HELD,1,movie_detail_component_html__LLMR_movie_detail_component_html_detail_delete_button_del_j.mut
LLMR_movie_detail_component_html_detail_delete_button_del_k,movie_detail_component_html,k,LLM_ROLE,HELD,1,movie_detail_component_html__LLMR_movie_detail_component_html_detail_delete_button_del_k.mut
LLMR_movie_detail_component_html_detail_favorite_alf_a,movie_detail_component_html,a,LLM_ROLE,HELD,1,movie_detail_component_html__LLMR_movie_detail_component_html_detail_favorite_alf_a.mut
LLMR_movie_detail_component_html_detail_favorite_alf_b,movie_detail_component_html,b,LLM_ROLE,HELD,1,movie_detail_component_html__LLMR_movie_detail_component_html_detail_favorite_alf_b.mut
LLMR_movie_detail_component_html_detail_favorite_alf_c,movie_detail_component_html,c,LLM_ROLE,HELD,1,movie_detail_component_html__LLMR_movie_detail_component_html_detail_favorite_alf_c.mut
LLMR_movie_detail_component_html_detail_favorite_alf_d,movie_detail_component_html,d,LLM_ROLE,HELD,1,movie_detail_component_html__LLMR_movie_detail_component_html_detail_favorite_alf_d.mut
LLMR_movie_detail_component_html_detail_favorite_alf_e,movie_detail_component_html,e,LLM_ROLE,HELD,1,movie_detail_component_html__LLMR_movie_detail_component_html_detail_favorite_alf_e.mut
LLMR_movie_detail_component_html_detail_favorite_alf_f,movie_detail_component_html,f,LLM_ROLE,HELD,1,movie_detail_component_html__LLMR_movie_detail_component_html_detail_favorite_alf_f.mut
LLMR_movie_detail_component_html_detail_favorite_alf_g,movie_detail_component_html,g,LLM_ROLE,HELD,1,movie_detail_component_html__LLMR_movie_detail_component_html_detail_favorite_alf_g.mut
LLMR_movie_detail_component_html_detail_favorite_alf_j,movie_detail_component_html,j,LLM_ROLE,HELD,1,movie_detail_component_html__LLMR_movie_detail_component_html_detail_favorite_alf_j.mut
LLMR_movie_detail_component_html_detail_favorite_alf_k,movie_detail_component_html,k,LLM_ROLE,HELD,1,movie_detail_component_html__LLMR_movie_detail_component_html_detail_favorite_alf_k.mut
LLMR_movie_detail_component_html_detail_meta_alf_a,movie_detail_component_html,a,LLM_ROLE,HELD,1,movie_detail_component_html__LLMR_movie_detail_component_html_detail_meta_alf_a.mut
LLMR_movie_detail_component_html_detail_meta_alf_b,movie_detail_component_html,b,LLM_ROLE,HELD,1,movie_detail_component_html__LLMR_movie_detail_component_html_detail_meta_alf_b.mut
LLMR_movie_detail_component_html_detail_meta_alf_c,movie_detail_component_html,c,LLM_ROLE,HELD,1,movie_detail_component_html__LLMR_movie_detail_component_html_detail_meta_alf_c.mut
LLMR_movie_detail_component_html_detail_meta_alf_d,movie_detail_component_html,d,LLM_ROLE,HELD,1,movie_detail_component_html__LLMR_movie_detail_component_html_detail_meta_alf_d.mut
LLMR_movie_detail_component_html_detail_meta_alf_e,movie_detail_component_html,e,LLM_ROLE,HELD,1,movie_detail_component_html__LLMR_movie_detail_component_html_detail_meta_alf_e.mut
LLMR_movie_detail_component_html_detail_meta_alf_f,movie_detail_component_html,f,LLM_ROLE,HELD,1,movie_detail_component_html__LLMR_movie_detail_component_html_detail_meta_alf_f.mut
LLMR_movie_detail_component_html_detail_meta_alf_g,movie_detail_component_html,g,LLM_ROLE,HELD,1,movie_detail_component_html__LLMR_movie_detail_component_html_detail_meta_alf_g.mut
LLMR_movie_detail_component_html_detail_meta_alf_j,movie_detail_component_html,j,LLM_ROLE,HELD,1,movie_detail_component_html__LLMR_movie_detail_component_html_detail_meta_alf_j.mut
LLMR_movie_detail_component_html_detail_meta_alf_k,movie_detail_component_html,k,LLM_ROLE,HELD,1,movie_detail_component_html__LLMR_movie_detail_component_html_detail_meta_alf_k.mut
LLMR_movie_detail_component_html_detail_meta_bet_a,movie_detail_component_html,a,LLM_ROLE,HELD,1,movie_detail_component_html__LLMR_movie_detail_component_html_detail_meta_bet_a.mut
LLMR_movie_detail_component_html_detail_meta_bet_b,movie_detail_component_html,b,LLM_ROLE,HELD,1,movie_detail_component_html__LLMR_movie_detail_component_html_detail_meta_bet_b.mut
LLMR_movie_detail_component_html_detail_meta_bet_c,movie_detail_component_html,c,LLM_ROLE,HELD,1,movie_detail_component_html__LLMR_movie_detail_component_html_detail_meta_bet_c.mut
LLMR_movie_detail_component_html_detail_meta_bet_f,movie_detail_component_html,f,LLM_ROLE,HELD,1,movie_detail_component_html__LLMR_movie_detail_component_html_detail_meta_bet_f.mut
LLMR_movie_detail_component_html_detail_meta_bet_g,movie_detail_component_html,g,LLM_ROLE,HELD,1,movie_detail_component_html__LLMR_movie_detail_component_html_detail_meta_bet_g.mut
LLMR_movie_detail_component_html_detail_meta_bet_i,movie_detail_component_html,i,LLM_ROLE,HELD,1,movie_detail_component_html__LLMR_movie_detail_component_html_detail_meta_bet_i.mut
LLMR_movie_detail_component_html_detail_meta_bet_j,movie_detail_component_html,j,LLM_ROLE,HELD,1,movie_detail_component_html__LLMR_movie_detail_component_html_detail_meta_bet_j.mut
LLMR_movie_detail_component_html_detail_meta_bet_k,movie_detail_component_html,k,LLM_ROLE,HELD,1,movie_detail_component_html__LLMR_movie_detail_component_html_detail_meta_bet_k.mut
LLMR_movie_detail_component_html_detail_meta_del_a,movie_detail_component_html,a,LLM_ROLE,HELD,1,movie_detail_component_html__LLMR_movie_detail_component_html_detail_meta_del_a.mut
LLMR_movie_detail_component_html_detail_meta_del_b,movie_detail_component_html,b,LLM_ROLE,HELD,1,movie_detail_component_html__LLMR_movie_detail_component_html_detail_meta_del_b.mut
LLMR_movie_detail_component_html_detail_meta_del_c,movie_detail_component_html,c,LLM_ROLE,HELD,1,movie_detail_component_html__LLMR_movie_detail_component_html_detail_meta_del_c.mut
LLMR_movie_detail_component_html_detail_meta_del_d,movie_detail_component_html,d,LLM_ROLE,HELD,1,movie_detail_component_html__LLMR_movie_detail_component_html_detail_meta_del_d.mut
LLMR_movie_detail_component_html_detail_meta_del_e,movie_detail_component_html,e,LLM_ROLE,HELD,1,movie_detail_component_html__LLMR_movie_detail_component_html_detail_meta_del_e.mut
LLMR_movie_detail_component_html_detail_meta_del_f,movie_detail_component_html,f,LLM_ROLE,HELD,1,movie_detail_component_html__LLMR_movie_detail_component_html_detail_meta_del_f.mut
LLMR_movie_detail_component_html_detail_meta_del_g,movie_detail_component_html,g,LLM_ROLE,HELD,1,movie_detail_component_html__LLMR_movie_detail_component_html_detail_meta_del_g.mut
LLMR_movie_detail_component_html_detail_meta_del_i,movie_detail_component_html,i,LLM_ROLE,HELD,1,movie_detail_component_html__LLMR_movie_detail_component_html_detail_meta_del_i.mut
LLMR_movie_detail_component_html_detail_meta_del_j,movie_detail_component_html,j,LLM_ROLE,HELD,1,movie_detail_component_html__LLMR_movie_detail_component_html_detail_meta_del_j.mut
LLMR_movie_detail_component_html_detail_meta_del_k,movie_detail_component_html,k,LLM_ROLE,HELD,1,movie_detail_component_html__LLMR_movie_detail_component_html_detail_meta_del_k.mut
LLMR_movie_detail_component_html_detail_meta_eps_a,movie_detail_component_html,a,LLM_ROLE,HELD,1,movie_detail_component_html__LLMR_movie_detail_component_html_detail_meta_eps_a.mut
LLMR_movie_detail_component_html_detail_meta_eps_b,movie_detail_component_html,b,LLM_ROLE,HELD,1,movie_detail_component_html__LLMR_movie_detail_component_html_detail_meta_eps_b.mut
LLMR_movie_detail_component_html_detail_meta_eps_c,movie_detail_component_html,c,LLM_ROLE,HELD,1,movie_detail_component_html__LLMR_movie_detail_component_html_detail_meta_eps_c.mut
LLMR_movie_detail_component_html_detail_meta_eps_f,movie_detail_component_html,f,LLM_ROLE,HELD,1,movie_detail_component_html__LLMR_movie_detail_component_html_detail_meta_eps_f.mut
LLMR_movie_detail_component_html_detail_meta_eps_i,movie_detail_component_html,i,LLM_ROLE,HELD,1,movie_detail_component_html__LLMR_movie_detail_component_html_detail_meta_eps_i.mut
LLMR_movie_detail_component_html_detail_meta_eps_j,movie_detail_component_html,j,LLM_ROLE,HELD,1,movie_detail_component_html__LLMR_movie_detail_component_html_detail_meta_eps_j.mut
LLMR_movie_detail_component_html_detail_meta_eps_k,movie_detail_component_html,k,LLM_ROLE,HELD,1,movie_detail_component_html__LLMR_movie_detail_component_html_detail_meta_eps_k.mut
LLMR_movie_detail_component_html_detail_meta_gam_a,movie_detail_component_html,a,LLM_ROLE,HELD,1,movie_detail_component_html__LLMR_movie_detail_component_html_detail_meta_gam_a.mut
LLMR_movie_detail_component_html_detail_meta_gam_b,movie_detail_component_html,b,LLM_ROLE,HELD,1,movie_detail_component_html__LLMR_movie_detail_component_html_detail_meta_gam_b.mut
LLMR_movie_detail_component_html_detail_meta_gam_c,movie_detail_component_html,c,LLM_ROLE,HELD,1,movie_detail_component_html__LLMR_movie_detail_component_html_detail_meta_gam_c.mut
LLMR_movie_detail_component_html_detail_meta_gam_g,movie_detail_component_html,g,LLM_ROLE,HELD,1,movie_detail_component_html__LLMR_movie_detail_component_html_detail_meta_gam_g.mut
LLMR_movie_detail_component_html_detail_meta_gam_i,movie_detail_component_html,i,LLM_ROLE,HELD,1,movie_detail_component_html__LLMR_movie_detail_component_html_detail_meta_gam_i.mut
LLMR_movie_detail_component_html_detail_meta_gam_j,movie_detail_component_html,j,LLM_ROLE,HELD,1,movie_detail_component_html__LLMR_movie_detail_component_html_detail_meta_gam_j.mut
LLMR_movie_detail_component_html_detail_meta_gam_k,movie_detail_component_html,k,LLM_ROLE,HELD,1,movie_detail_component_html__LLMR_movie_detail_component_html_detail_meta_gam_k.mut
LLMR_movie_detail_component_html_detail_not_found_alf_a,movie_detail_component_html,a,LLM_ROLE,HELD,1,movie_detail_component_html__LLMR_movie_detail_component_html_detail_not_found_alf_a.mut
LLMR_movie_detail_component_html_detail_not_found_alf_b,movie_detail_component_html,b,LLM_ROLE,HELD,1,movie_detail_component_html__LLMR_movie_detail_component_html_detail_not_found_alf_b.mut
LLMR_movie_detail_component_html_detail_not_found_alf_c,movie_detail_component_html,c,LLM_ROLE,HELD,1,movie_detail_component_html__LLMR_movie_detail_component_html_detail_not_found_alf_c.mut
LLMR_movie_detail_component_html_detail_not_found_alf_d,movie_detail_component_html,d,LLM_ROLE,HELD,1,movie_detail_component_html__LLMR_movie_detail_component_html_detail_not_found_alf_d.mut
LLMR_movie_detail_component_html_detail_not_found_alf_e,movie_detail_component_html,e,LLM_ROLE,HELD,1,movie_detail_component_html__LLMR_movie_detail_component_html_detail_not_found_alf_e.mut
LLMR_movie_detail_component_html_detail_not_found_alf_f,movie_detail_component_html,f,LLM_ROLE,HELD,1,movie_detail_component_html__LLMR_movie_detail_component_html_detail_not_found_alf_f.mut
LLMR_movie_detail_component_html_detail_not_found_alf_j,movie_detail_component_html,j,LLM_ROLE,HELD,1,movie_detail_component_html__LLMR_movie_detail_component_html_detail_not_found_alf_j.mut
LLMR_movie_detail_component_html_detail_not_found_alf_k,movie_detail_component_html,k,LLM_ROLE,HELD,1,movie_detail_component_html__LLMR_movie_detail_component_html_detail_not_found_alf_k.mut
LLMR_movie_detail_component_html_detail_not_found_del_a,movie_detail_component_html,a,LLM_ROLE,HELD,1,movie_detail_component_html__LLMR_movie_detail_component_html_detail_not_found_del_a.mut
LLMR_movie_detail_component_html_detail_not_found_del_b,movie_detail_component_html,b,LLM_ROLE,HELD,1,movie_detail_component_html__LLMR_movie_detail_component_html_detail_not_found_del_b.mut
LLMR_movie_detail_component_html_detail_not_found_del_c,movie_detail_component_html,c,LLM_ROLE,HELD,1,movie_detail_component_html__LLMR_movie_detail_component_html_detail_not_found_del_c.mut
LLMR_movie_detail_component_html_detail_not_found_del_f,movie_detail_component_html,f,LLM_ROLE,HELD,1,movie_detail_component_html__LLMR_movie_detail_component_html_detail_not_found_del_f.mut
LLMR_movie_detail_component_html_detail_not_found_del_j,movie_detail_component_html,j,LLM_ROLE,HELD,1,movie_detail_component_html__LLMR_movie_detail_component_html_detail_not_found_del_j.mut
LLMR_movie_detail_component_html_detail_not_found_del_k,movie_detail_component_html,k,LLM_ROLE,HELD,1,movie_detail_component_html__LLMR_movie_detail_component_html_detail_not_found_del_k.mut
LLMR_movie_detail_component_html_detail_synopsis_alf_a,movie_detail_component_html,a,LLM_ROLE,HELD,1,movie_detail_component_html__LLMR_movie_detail_component_html_detail_synopsis_alf_a.mut
LLMR_movie_detail_component_html_detail_synopsis_alf_b,movie_detail_component_html,b,LLM_ROLE,HELD,1,movie_detail_component_html__LLMR_movie_detail_component_html_detail_synopsis_alf_b.mut
LLMR_movie_detail_component_html_detail_synopsis_alf_c,movie_detail_component_html,c,LLM_ROLE,HELD,1,movie_detail_component_html__LLMR_movie_detail_component_html_detail_synopsis_alf_c.mut
LLMR_movie_detail_component_html_detail_synopsis_alf_d,movie_detail_component_html,d,LLM_ROLE,HELD,1,movie_detail_component_html__LLMR_movie_detail_component_html_detail_synopsis_alf_d.mut
LLMR_movie_detail_component_html_detail_synopsis_alf_e,movie_detail_component_html,e,LLM_ROLE,HELD,1,movie_detail_component_html__LLMR_movie_detail_component_html_detail_synopsis_alf_e.mut
LLMR_movie_detail_component_html_detail_synopsis_alf_f,movie_detail_component_html,f,LLM_ROLE,HELD,1,movie_detail_component_html__LLMR_movie_detail_component_html_detail_synopsis_alf_f.mut
LLMR_movie_detail_component_html_detail_synopsis_alf_g,movie_detail_component_html,g,LLM_ROLE,HELD,1,movie_detail_component_html__LLMR_movie_detail_component_html_detail_synopsis_alf_g.mut
LLMR_movie_detail_component_html_detail_synopsis_alf_j,movie_detail_component_html,j,LLM_ROLE,HELD,1,movie_detail_component_html__LLMR_movie_detail_component_html_detail_synopsis_alf_j.mut
LLMR_movie_detail_component_html_detail_synopsis_alf_k,movie_detail_component_html,k,LLM_ROLE,HELD,1,movie_detail_component_html__LLMR_movie_detail_component_html_detail_synopsis_alf_k.mut
LLMR_movie_detail_component_html_detail_synopsis_bet_a,movie_detail_component_html,a,LLM_ROLE,HELD,1,movie_detail_component_html__LLMR_movie_detail_component_html_detail_synopsis_bet_a.mut
LLMR_movie_detail_component_html_detail_synopsis_bet_b,movie_detail_component_html,b,LLM_ROLE,HELD,1,movie_detail_component_html__LLMR_movie_detail_component_html_detail_synopsis_bet_b.mut
LLMR_movie_detail_component_html_detail_synopsis_bet_c,movie_detail_component_html,c,LLM_ROLE,HELD,1,movie_detail_component_html__LLMR_movie_detail_component_html_detail_synopsis_bet_c.mut
LLMR_movie_detail_component_html_detail_synopsis_bet_f,movie_detail_component_html,f,LLM_ROLE,HELD,1,movie_detail_component_html__LLMR_movie_detail_component_html_detail_synopsis_bet_f.mut
LLMR_movie_detail_component_html_detail_synopsis_bet_i,movie_detail_component_html,i,LLM_ROLE,HELD,1,movie_detail_component_html__LLMR_movie_detail_component_html_detail_synopsis_bet_i.mut
LLMR_movie_detail_component_html_detail_synopsis_bet_j,movie_detail_component_html,j,LLM_ROLE,HELD,1,movie_detail_component_html__LLMR_movie_detail_component_html_detail_synopsis_bet_j.mut
LLMR_movie_detail_component_html_detail_synopsis_bet_k,movie_detail_component_html,k,LLM_ROLE,HELD,1,movie_detail_component_html__LLMR_movie_detail_component_html_detail_synopsis_bet_k.mut
LLMR_movie_detail_component_html_detail_synopsis_del_a,movie_detail_component_html,a,LLM_ROLE,HELD,1,movie_detail_component_html__LLMR_movie_detail_component_html_detail_synopsis_del_a.mut
LLMR_movie_detail_component_html_detail_synopsis_del_b,movie_detail_component_html,b,LLM_ROLE,HELD,1,movie_detail_component_html__LLMR_movie_detail_component_html_detail_synopsis_del_b.mut
LLMR_movie_detail_component_html_detail_synopsis_del_c,movie_detail_component_html,c,LLM_ROLE,HELD,1,movie_detail_component_html__LLMR_movie_detail_component_html_detail_synopsis_del_c.mut
LLMR_movie_detail_component_html_detail_synopsis_del_d,movie_detail_component_html,d,LLM_ROLE,HELD,1,movie_detail_component_html__LLMR_movie_detail_component_html_detail_synopsis_del_d.mut
LLMR_movie_detail_component_html_detail_synopsis_del_e,movie_detail_component_html,e,LLM_ROLE,HELD,1,movie_detail_component_html__LLMR_movie_detail_component_html_detail_synopsis_del_e.mut
LLMR_movie_detail_component_html_detail_synopsis_del_f,movie_detail_component_html,f,LLM_ROLE,HELD,1,movie_detail_component_html__LLMR_movie_detail_component_html_detail_synopsis_del_f.mut
LLMR_movie_detail_component_html_detail_synopsis_del_g,movie_detail_component_html,g,LLM_ROLE,HELD,1,movie_detail_component_html__LLMR_movie_detail_component_html_detail_synopsis_del_g.mut
LLMR_movie_detail_component_html_detail_synopsis_del_i,movie_detail_component_html,i,LLM_ROLE,HELD,1,movie_detail_component_html__LLMR_movie_detail_component_html_detail_synopsis_del_i.mut
LLMR_movie_detail_component_html_detail_synopsis_del_j,movie_detail_component_html,j,LLM_ROLE,HELD,1,movie_detail_component_html__LLMR_movie_detail_component_html_detail_synopsis_del_j.mut
LLMR_movie_detail_component_html_detail_synopsis_del_k,movie_detail_component_html,k,LLM_ROLE,HELD,1,movie_detail_component_html__LLMR_movie_detail_component_html_detail_synopsis_del_k.mut
LLMR_movie_detail_component_html_detail_synopsis_gam_a,movie_detail_component_html,a,LLM_ROLE,HELD,1,movie_detail_component_html__LLMR_movie_detail_component_html_detail_synopsis_gam_a.mut
LLMR_movie_detail_component_html_detail_synopsis_gam_b,movie_detail_component_html,b,LLM_ROLE,HELD,1,movie_detail_component_html__LLMR_movie_detail_component_html_detail_synopsis_gam_b.mut
LLMR_movie_detail_component_html_detail_synopsis_gam_c,movie_detail_component_html,c,LLM_ROLE,HELD,1,movie_detail_component_html__LLMR_movie_detail_component_html_detail_synopsis_gam_c.mut
LLMR_movie_detail_component_html_detail_synopsis_gam_f,movie_detail_component_html,f,LLM_ROLE,HELD,1,movie_detail_component_html__LLMR_movie_detail_component_html_detail_synopsis_gam_f.mut
LLMR_movie_detail_component_html_detail_synopsis_gam_j,movie_detail_component_html,j,LLM_ROLE,HELD,1,movie_detail_component_html__LLMR_movie_detail_component_html_detail_synopsis_gam_j.mut
LLMR_movie_detail_component_html_detail_synopsis_gam_k,movie_detail_component_html,k,LLM_ROLE,HELD,1,movie_detail_component_html__LLMR_movie_detail_component_html_detail_synopsis_gam_k.mut
LLMR_movie_detail_component_html_detail_title_alf_a,movie_detail_component_html,a,LLM_ROLE,HELD,1,movie_detail_component_html__LLMR_movie_detail_component_html_detail_title_alf_a.mut
LLMR_movie_detail_component_html_detail_title_alf_b,movie_detail_component_html,b,LLM_ROLE,HELD,1,movie_detail_component_html__LLMR_movie_detail_component_html_detail_title_alf_b.mut
LLMR_movie_detail_component_html_detail_title_alf_c,movie_detail_component_html,c,LLM_ROLE,HELD,1,movie_detail_component_html__LLMR_movie_detail_component_html_detail_title_alf_c.mut
LLMR_movie_detail_component_html_detail_title_alf_d,movie_detail_component_html,d,LLM_ROLE,HELD,1,movie_detail_component_html__LLMR_movie_detail_component_html_detail_title_alf_d.mut
LLMR_movie_detail_component_html_detail_title_alf_e,movie_detail_component_html,e,LLM_ROLE,HELD,1,movie_detail_component_html__LLMR_movie_detail_component_html_detail_title_alf_e.mut
LLMR_movie_detail_component_html_detail_title_alf_f,movie_detail_component_html,f,LLM_ROLE,HELD,1,movie_detail_component_html__LLMR_movie_detail_component_html_detail_title_alf_f.mut
LLMR_movie_detail_component_html_detail_title_alf_g,movie_detail_component_html,g,LLM_ROLE,HELD,1,movie_detail_component_html__LLMR_movie_detail_component_html_detail_title_alf_g.mut
LLMR_movie_detail_component_html_detail_title_alf_j,movie_detail_component_html,j,LLM_ROLE,HELD,1,movie_detail_component_html__LLMR_movie_detail_component_html_detail_title_alf_j.mut
LLMR_movie_detail_component_html_detail_title_alf_k,movie_detail_component_html,k,LLM_ROLE,HELD,1,movie_detail_component_html__LLMR_movie_detail_component_html_detail_title_alf_k.mut
LLMR_h_cast_add_alf,movie_form_component_html,h,LLM_ROLE,HELD,2,movie_form_component_html__LLMR_h_cast_add_alf.mut
LLMR_h_cast_add_bet,movie_form_component_html,h,LLM_ROLE,HELD,2,movie_form_component_html__LLMR_h_cast_add_bet.mut
LLMR_h_cast_add_del,movie_form_component_html,h,LLM_ROLE,HELD,2,movie_form_component_html__LLMR_h_cast_add_del.mut
LLMR_h_cast_add_gam,movie_form_component_html,h,LLM_ROLE,HELD,2,movie_form_component_html__LLMR_h_cast_add_gam.mut
LLMR_h_cast_remove_alf,movie_form_component_html,h,LLM_ROLE,HELD,2,movie_form_component_html__LLMR_h_cast_remove_alf.mut
LLMR_h_cast_remove_bet,movie_form_component_html,h,LLM_ROLE,HELD,2,movie_form_component_html__LLMR_h_cast_remove_bet.mut
LLMR_h_cast_remove_del,movie_form_component_html,h,LLM_ROLE,HELD,2,movie_form_component_html__LLMR_h_cast_remove_del.mut
LLMR_h_cast_remove_gam,movie_form_component_html,h,LLM_ROLE,HELD,2,movie_form_component_html__LLMR_h_cast_remove_gam.mut
LLMR_h_field_title_alf,movie_form_component_html,h,LLM_ROLE,HELD,2,movie_form_component_html__LLMR_h_field_title_alf.mut
LLMR_h_field_title_bet,movie_form_component_html,h,LLM_ROLE,HELD,2,movie_form_component_html__LLMR_h_field_title_bet.mut
LLMR_h_field_title_del,movie_form_component_html,h,LLM_ROLE,HELD,2,movie_form_component_html__LLMR_h_field_title_del.mut
LLMR_h_field_title_gam,movie_form_component_html,h,LLM_ROLE,HELD,2,movie_form_component_html__LLMR_h_field_title_gam.mut
LLMR_h_field_year_alf,movie_form_component_html,h,LLM_ROLE,HELD,2,movie_form_component_html__LLMR_h_field_year_alf.mut
LLMR_h_field_year_bet,movie_form_component_html,h,LLM_ROLE,HELD,2,movie_form_component_html__LLMR_h_field_year_bet.mut
LLMR_h_field_year_del,movie_form_component_html,h,LLM_ROLE,HELD,2,movie_form_component_html__LLMR_h_field_year_del.mut
LLMR_h_field_year_eps,movie_form_component_html,h,LLM_ROLE,HELD,2,movie_form_component_html__LLMR_h_field_year_eps.mut
LLMR_h_field_year_gam,movie_form_component_html,h,LLM_ROLE,HELD,2,movie_form_component_html__LLMR_h_field_year_gam.mut
LLMR_h_form_submit_alf,movie_form_component_html,h,LLM_ROLE,HELD,2,movie_form_component_html__LLMR_h_form_submit_alf.mut
LLMR_h_form_submit_bet,movie_form_component_html,h,LLM_ROLE,HELD,2,movie_form_component_html__LLMR_h_form_submit_bet.mut
LLMR_h_form_submit_del,movie_form_component_html,h,LLM_ROLE,HELD,2,movie_form_component_html__LLMR_h_form_submit_del.mut
LLMR_movie_form_component_html_cast_add_alf_a,movie_form_component_html,a,LLM_ROLE,HELD,1,movie_form_component_html__LLMR_movie_form_component_html_cast_add_alf_a.mut
LLMR_movie_form_component_html_cast_add_alf_b,movie_form_component_html,b,LLM_ROLE,HELD,1,movie_form_component_html__LLMR_movie_form_component_html_cast_add_alf_b.mut
LLMR_movie_form_component_html_cast_add_alf_c,movie_form_component_html,c,LLM_ROLE,HELD,1,movie_form_component_html__LLMR_movie_form_component_html_cast_add_alf_c.mut
LLMR_movie_form_component_html_cast_add_alf_d,movie_form_component_html,d,LLM_ROLE,HELD,1,movie_form_component_html__LLMR_movie_form_component_html_cast_add_alf_d.mut
LLMR_movie_form_component_html_cast_add_alf_e,movie_form_component_html,e,LLM_ROLE,HELD,1,movie_form_component_html__LLMR_movie_form_component_html_cast_add_alf_e.mut
LLMR_movie_form_component_html_cast_add_alf_f,movie_form_component_html,f,LLM_ROLE,HELD,1,movie_form_component_html__LLMR_movie_form_component_html_cast_add_alf_f.mut
LLMR_movie_form_component_html_cast_add_alf_g,movie_form_component_html,g,LLM_ROLE,HELD,1,movie_form_component_html__LLMR_movie_form_component_html_cast_add_alf_g.mut
LLMR_movie_form_component_html_cast_add_alf_j,movie_form_component_html,j,LLM_ROLE,HELD,1,movie_form_component_html__LLMR_movie_form_component_html_cast_add_alf_j.mut
LLMR_movie_form_component_html_cast_add_alf_k,movie_form_component_html,k,LLM_ROLE,HELD,1,movie_form_component_html__LLMR_movie_form_component_html_cast_add_alf_k.mut
LLMR_movie_form_component_html_cast_add_bet_a,movie_form_component_html,a,LLM_ROLE,HELD,1,movie_form_component_html__LLMR_movie_form_component_html_cast_add_bet_a.mut
LLMR_movie_form_component_html_cast_add_bet_b,movie_form_component_html,b,LLM_ROLE,HELD,1,movie_form_component_html__LLMR_movie_form_component_html_cast_add_bet_b.mut
LLMR_movie_form_component_html_cast_add_bet_c,movie_form_component_html,c,LLM_ROLE,HELD,1,movie_form_component_html__LLMR_movie_form_component_html_cast_add_bet_c.mut
LLMR_movie_form_component_html_cast_add_bet_f,movie_form_component_html,f,LLM_ROLE,HELD,1,movie_form_component_html__LLMR_movie_form_component_html_cast_add_bet_f.mut
LLMR_movie_form_component_html_cast_add_bet_g,movie_form_component_html,g,LLM_ROLE,HELD,1,movie_form_component_html__LLMR_movie_form_component_html_cast_add_bet_g.mut
LLMR_movie_form_component_html_cast_add_bet_i,movie_form_component_html,i,LLM_ROLE,HELD,1,movie_form_component_html__LLMR_movie_form_component_html_cast_add_bet_i.mut
LLMR_movie_form_component_html_cast_add_bet_j,movie_form_component_html,j,LLM_ROLE,HELD,1,movie_form_component_html__LLMR_movie_form_component_html_cast_add_bet_j.mut
LLMR_movie_form_component_html_cast_add_bet_k,movie_form_component_html,k,LLM_ROLE,HELD,1,movie_form_component_html__LLMR_movie_form_component_html_cast_add_bet_k.mut
LLMR_movie_form_component_html_cast_add_del_a,movie_form_component_html,a,LLM_ROLE,HELD,1,movie_form_component_html__LLMR_movie_form_component_html_cast_add_del_a.mut
LLMR_movie_form_component_html_cast_add_del_b,movie_form_component_html,b,LLM_ROLE,HELD,1,movie_form_component_html__LLMR_movie_form_component_html_cast_add_del_b.mut
LLMR_movie_form_component_html_cast_add_del_c,movie_form_component_html,c,LLM_ROLE,HELD,1,movie_form_component_html__LLMR_movie_form_component_html_cast_add_del_c.mut
LLMR_movie_form_component_html_cast_add_del_d,movie_form_component_html,d,LLM_ROLE,HELD,1,movie_form_component_html__LLMR_movie_form_component_html_cast_add_del_d.mut
LLMR_movie_form_component_html_cast_add_del_e,movie_form_component_html,e,LLM_ROLE,HELD,1,movie_form_component_html__LLMR_movie_form_component_html_cast_add_del_e.mut
LLMR_movie_form_component_html_cast_add_del_f,movie_form_component_html,f,LLM_ROLE,HELD,1,movie_form_component_html__LLMR_movie_form_component_html_cast_add_del_f.mut
LLMR_movie_form_component_html_cast_add_del_g,movie_form_component_html,g,LLM_ROLE,HELD,1,movie_form_component_html__LLMR_movie_form_component_html_cast_add_del_g.mut
LLMR_movie_form_component_html_cast_add_del_i,movie_form_component_html,i,LLM_ROLE,HELD,1,movie_form_component_html__LLMR_movie_form_component_html_cast_add_del_i.mut
LLMR_movie_form_component_html_cast_add_del_j,movie_form_component_html,j,LLM_ROLE,HELD,1,movie_form_component_html__LLMR_movie_form_component_html_cast_add_del_j.mut
LLMR_movie_form_component_html_cast_add_del_k,movie_form_component_html,k,LLM_ROLE,HELD,1,movie_form_component_html__LLMR_movie_form_component_html_cast_add_del_k.mut
LLMR_movie_form_component_html_cast_add_gam_a,movie_form_component_html,a,LLM_ROLE,HELD,1,movie_form_component_html__LLMR_movie_form_component_html_cast_add_gam_a.mut
LLMR_movie_form_component_html_cast_add_gam_b,movie_form_component_html,b,LLM_ROLE,HELD,1,movie_form_component_html__LLMR_movie_form_component_html_cast_add_gam_b.mut
LLMR_movie_form_component_html_cast_add_gam_c,movie_form_component_html,c,LLM_ROLE,HELD,1,movie_form_component_html__LLMR_movie_form_component_html_cast_add_gam_c.mut
LLMR_movie_form_component_html_cast_add_gam_f,movie_form_component_html,f,LLM_ROLE,HELD,1,movie_form_component_html__LLMR_movie_form_component_html_cast_add_gam_f.mut
LLMR_movie_form_component_html_cast_add_gam_g,movie_form_component_html,g,LLM_ROLE,HELD,1,movie_form_component_html__LLMR_movie_form_component_html_cast_add_gam_g.mut
LLMR_movie_form_component_html_cast_add_gam_i,movie_form_component_html,i,LLM_ROLE,HELD,1,movie_form_component_html__LLMR_movie_form_component_html_cast_add_gam_i.mut
LLMR_movie_form_component_html_cast_add_gam_j,movie_form_component_html,j,LLM_ROLE,HELD,1,movie_form_component_html__LLMR_movie_form_component_html_cast_add_gam_j.mut
LLMR_movie_form_component_html_cast_add_gam_k,movie_form_component_html,k,LLM_ROLE,HELD,1,movie_form_component_html__LLMR_movie_form_component_html_cast_add_gam_k.mut
LLMR_movie_form_component_html_cast_remove_alf_a,movie_form_component_html,a,LLM_ROLE,HELD,1,movie_form_component_html__LLMR_movie_form_component_html_cast_remove_alf_a.mut
LLMR_movie_form_component_html_cast_remove_alf_b,movie_form_component_html,b,LLM_ROLE,HELD,1,movie_form_component_html__LLMR_movie_form_component_html_cast_remove_alf_b.mut
LLMR_movie_form_component_html_cast_remove_alf_c,movie_form_component_html,c,LLM_ROLE,HELD,1,movie_form_component_html__LLMR_movie_form_component_html_cast_remove_alf_c.mut
LLMR_movie_form_component_html_cast_remove_alf_d,movie_form_component_html,d,LLM_ROLE,HELD,1,movie_form_component_html__LLMR_movie_form_component_html_cast_remove_alf_d.mut
LLMR_movie_form_component_html_cast_remove_alf_e,movie_form_component_html,e,LLM_ROLE,HELD,1,movie_form_component_html__LLMR_movie_form_component_html_cast_remove_alf_e.mut
LLMR_movie_form_component_html_cast_remove_alf_f,movie_form_component_html,f,LLM_ROLE,HELD,1,movie_form_component_html__LLMR_movie_form_component_html_cast_remove_alf_f.mut
LLMR_movie_form_component_html_cast_remove_alf_g,movie_form_component_html,g,LLM_ROLE,HELD,1,movie_form_component_html__LLMR_movie_form_component_html_cast_remove_alf_g.mut
LLMR_movie_form_component_html_cast_remove_alf_j,movie_form_component_html,j,LLM_ROLE,HELD,1,movie_form_component_html__LLMR_movie_form_component_html_cast_remove_alf_j.mut
LLMR_movie_form_component_html_cast_remove_alf_k,movie_form_component_html,k,LLM_ROLE,HELD,1,movie_form_component_html__LLMR_movie_form_component_html_cast_remove_alf_k.mut
LLMR_movie_form_component_html_cast_remove_bet_a,movie_form_component_html,a,LLM_ROLE,HELD,1,movie_form_component_html__LLMR_movie_form_component_html_cast_remove_bet_a.mut
LLMR_movie_form_component_html_cast_remove_bet_b,movie_form_component_html,b,LLM_ROLE,HELD,1,movie_form_component_html__LLMR_movie_form_component_html_cast_remove_bet_b.mut
LLMR_movie_form_component_html_cast_remove_bet_c,movie_form_component_html,c,LLM_ROLE,HELD,1,movie_form_component_html__LLMR_movie_form_component_html_cast_remove_bet_c.mut
LLMR_movie_form_component_html_cast_remove_bet_f,movie_form_component_html,f,LLM_ROLE,HELD,1,movie_form_component_html__LLMR_movie_form_component_html_cast_remove_bet_f.mut
LLMR_movie_form_component_html_cast_remove_bet_g,movie_form_component_html,g,LLM_ROLE,HELD,1,movie_form_component_html__LLMR_movie_form_component_html_cast_remove_bet_g.mut
LLMR_movie_form_component_html_cast_remove_bet_j,movie_form_component_html,j,LLM_ROLE,HELD,1,movie_form_component_html__LLMR_movie_form_component_html_cast_remove_bet_j.mut
LLMR_movie_form_component_html_cast_remove_bet_k,movie_form_component_html,k,LLM_ROLE,HELD,1,movie_form_component_html__LLMR_movie_form_component_html_cast_remove_bet_k.mut
LLMR_movie_form_component_html_cast_remove_del_a,movie_form_component_html,a,LLM_ROLE,HELD,1,movie_form_component_html__LLMR_movie_form_component_html_cast_remove_del_a.mut
LLMR_movie_form_component_html_cast_remove_del_b,movie_form_component_html,b,LLM_ROLE,HELD,1,movie_form_component_html__LLMR_movie_form_component_html_cast_remove_del_b.mut
LLMR_movie_form_component_html_cast_remove_del_c,movie_form_component_html,c,LLM_ROLE,HELD,1,movie_form_component_html__LLMR_movie_form_component_html_cast_remove_del_c.mut
LLMR_movie_form_component_html_cast_remove_del_f,movie_form_component_html,f,LLM_ROLE,HELD,1,movie_form_component_html__LLMR_movie_form_component_html_cast_remove_del_f.mut
LLMR_movie_form_component_html_cast_remove_del_g,movie_form_component_html,g,LLM_ROLE,HELD,1,movie_form_component_html__LLMR_movie_form_component_html_cast_remove_del_g.mut
LLMR_movie_form_component_html_cast_remove_del_j,movie_form_component_html,j,LLM_ROLE,HELD,1,movie_form_component_html__LLMR_movie_form_component_html_cast_remove_del_j.mut
LLMR_movie_form_component_html_cast_remove_del_k,movie_form_component_html,k,LLM_ROLE,HELD,1,movie_form_component_html__LLMR_movie_form_component_html_cast_remove_del_k.mut
LLMR_movie_form_component_html_cast_remove_gam_a,movie_form_component_html,a,LLM_ROLE,HELD,1,movie_form_component_html__LLMR_movie_form_component_html_cast_remove_gam_a.mut
LLMR_movie_form_component_html_cast_remove_gam_b,movie_form_component_html,b,LLM_ROLE,HELD,1,movie_form_component_html__LLMR_movie_form_component_html_cast_remove_gam_b.mut
LLMR_movie_form_component_html_cast_remove_gam_c,movie_form_component_html,c,LLM_ROLE,HELD,1,movie_form_component_html__LLMR_movie_form_component_html_cast_remove_gam_c.mut
LLMR_movie_form_component_html_cast_remove_gam_d,movie_form_component_html,d,LLM_ROLE,HELD,1,movie_form_component_html__LLMR_movie_form_component_html_cast_remove_gam_d.mut
LLMR_movie_form_component_html_cast_remove_gam_e,movie_form_component_html,e,LLM_ROLE,HELD,1,movie_form_component_html__LLMR_movie_form_component_html_cast_remove_gam_e.mut
LLMR_movie_form_component_html_cast_remove_gam_f,movie_form_component_html,f,LLM_ROLE,HELD,1,movie_form_component_html__LLMR_movie_form_component_html_cast_remove_gam_f.mut
LLMR_movie_form_component_html_cast_remove_gam_g,movie_form_component_html,g,LLM_ROLE,HELD,1,movie_form_component_html__LLMR_movie_form_component_html_cast_remove_gam_g.mut
LLMR_movie_form_component_html_cast_remove_gam_j,movie_form_component_html,j,LLM_ROLE,HELD,1,movie_form_component_html__LLMR_movie_form_component_html_cast_remove_gam_j.mut
LLMR_movie_form_component_html_cast_remove_gam_k,movie_form_component_html,k,LLM_ROLE,HELD,1,movie_form_component_html__LLMR_movie_form_component_html_cast_remove_gam_k.mut
LLMR_movie_form_component_html_field_title_alf_a,movie_form_component_html,a,LLM_ROLE,HELD,1,movie_form_component_html__LLMR_movie_form_component_html_field_title_alf_a.mut
LLMR_movie_form_component_html_field_title_alf_b,movie_form_component_html,b,LLM_ROLE,HELD,1,movie_form_component_html__LLMR_movie_form_component_html_field_title_alf_b.mut
LLMR_movie_form_component_html_field_title_alf_c,movie_form_component_html,c,LLM_ROLE,HELD,1,movie_form_component_html__LLMR_movie_form_component_html_field_title_alf_c.mut
LLMR_movie_form_component_html_field_title_alf_f,movie_form_component_html,f,LLM_ROLE,HELD,1,movie_form_component_html__LLMR_movie_form_component_html_field_title_alf_f.mut
LLMR_movie_form_component_html_field_title_alf_g,movie_form_component_html,g,LLM_ROLE,HELD,1,movie_form_component_html__LLMR_movie_form_component_html_field_title_alf_g.mut
LLMR_movie_form_component_html_field_title_alf_j,movie_form_component_html,j,LLM_ROLE,HELD,1,movie_form_component_html__LLMR_movie_form_component_html_field_title_alf_j.mut
LLMR_movie_form_component_html_field_title_alf_k,movie_form_component_html,k,LLM_ROLE,HELD,1,movie_form_component_html__LLMR_movie_form_component_html_field_title_alf_k.mut
LLMR_movie_form_component_html_field_title_bet_a,movie_form_component_html,a,LLM_ROLE,HELD,1,movie_form_component_html__LLMR_movie_form_component_html_field_title_bet_a.mut
LLMR_movie_form_component_html_field_title_bet_b,movie_form_component_html,b,LLM_ROLE,HELD,1,movie_form_component_html__LLMR_movie_form_component_html_field_title_bet_b.mut
LLMR_movie_form_component_html_field_title_bet_c,movie_form_component_html,c,LLM_ROLE,HELD,1,movie_form_component_html__LLMR_movie_form_component_html_field_title_bet_c.mut
LLMR_movie_form_component_html_field_title_bet_d,movie_form_component_html,d,LLM_ROLE,HELD,1,movie_form_component_html__LLMR_movie_form_component_html_field_title_bet_d.mut
LLMR_movie_form_component_html_field_title_bet_e,movie_form_component_html,e,LLM_ROLE,HELD,1,movie_form_component_html__LLMR_movie_form_component_html_field_title_bet_e.mut
LLMR_movie_form_component_html_field_title_bet_f,movie_form_component_html,f,LLM_ROLE,HELD,1,movie_form_component_html__LLMR_movie_form_component_html_field_title_bet_f.mut
LLMR_movie_form_component_html_field_title_bet_g,movie_form_component_html,g,LLM_ROLE,HELD,1,movie_form_component_html__LLMR_movie_form_component_html_field_title_bet_g.mut
LLMR_movie_form_component_html_field_title_bet_i,movie_form_component_html,i,LLM_ROLE,HELD,1,movie_form_component_html__LLMR_movie_form_component_html_field_title_bet_i.mut
LLMR_movie_form_component_html_field_title_bet_j,movie_form_component_html,j,LLM_ROLE,HELD,1,movie_form_component_html__LLMR_movie_form_component_html_field_title_bet_j.mut
LLMR_movie_form_component_html_field_title_bet_k,movie_form_component_html,k,LLM_ROLE,HELD,1,movie_form_component_html__LLMR_movie_form_component_html_field_title_bet_k.mut
LLMR_movie_form_component_html_field_title_del_a,movie_form_component_html,a,LLM_ROLE,HELD,1,movie_form_component_html__LLMR_movie_form_component_html_field_title_del_a.mut
LLMR_movie_form_component_html_field_title_del_b,movie_form_component_html,b,LLM_ROLE,HELD,1,movie_form_component_html__LLMR_movie_form_component_html_field_title_del_b.mut
LLMR_movie_form_component_html_field_title_del_c,movie_form_component_html,c,LLM_ROLE,HELD,1,movie_form_component_html__LLMR_movie_form_component_html_field_title_del_c.mut
LLMR_movie_form_component_html_field_title_del_d,movie_form_component_html,d,LLM_ROLE,HELD,1,movie_form_component_html__LLMR_movie_form_component_html_field_title_del_d.mut
LLMR_movie_form_component_html_field_title_del_e,movie_form_component_html,e,LLM_ROLE,HELD,1,movie_form_component_html__LLMR_movie_form_component_html_field_title_del_e.mut
LLMR_movie_form_component_html_field_title_del_f,movie_form_component_html,f,LLM_ROLE,HELD,1,movie_form_component_html__LLMR_movie_form_component_html_field_title_del_f.mut
LLMR_movie_form_component_html_field_title_del_g,movie_form_component_html,g,LLM_ROLE,HELD,1,movie_form_component_html__LLMR_movie_form_component_html_field_title_del_g.mut
LLMR_movie_form_component_html_field_title_del_j,movie_form_component_html,j,LLM_ROLE,HELD,1,movie_form_component_html__LLMR_movie_form_component_html_field_title_del_j.mut
LLMR_movie_form_component_html_field_title_del_k,movie_form_component_html,k,LLM_ROLE,HELD,1,movie_form_component_html__LLMR_movie_form_component_html_field_title_del_k.mut
LLMR_movie_form_component_html_field_title_gam_a,movie_form_component_html,a,LLM_ROLE,HELD,1,movie_form_component_html__LLMR_movie_form_component_html_field_title_gam_a.mut
LLMR_movie_form_component_html_field_title_gam_b,movie_form_component_html,b,LLM_ROLE,HELD,1,movie_form_component_html__LLMR_movie_form_component_html_field_title_gam_b.mut
LLMR_movie_form_component_html_field_title_gam_c,movie_form_component_html,c,LLM_ROLE,HELD,1,movie_form_component_html__LLMR_movie_form_component_html_field_title_gam_c.mut
LLMR_movie_form_component_html_field_title_gam_f,movie_form_component_html,f,LLM_ROLE,HELD,1,movie_form_component_html__LLMR_movie_form_component_html_field_title_gam_f.mut
LLMR_movie_form_component_html_field_title_gam_j,movie_form_component_html,j,LLM_ROLE,HELD,1,movie_form_component_html__LLMR_movie_form_component_html_field_title_gam_j.mut
LLMR_movie_form_component_html_field_title_gam_k,movie_form_component_html,k,LLM_ROLE,HELD,1,movie_form_component_html__LLMR_movie_form_component_html_field_title_gam_k.mut
LLMR_movie_form_component_html_field_year_alf_a,movie_form_component_html,a,LLM_ROLE,HELD,1,movie_form_component_html__LLMR_movie_form_component_html_field_year_alf_a.mut
LLMR_movie_form_component_html_field_year_alf_b,movie_form_component_html,b,LLM_ROLE,HELD,1,movie_form_component_html__LLMR_movie_form_component_html_field_year_alf_b.mut
LLMR_movie_form_component_html_field_year_alf_c,movie_form_component_html,c,LLM_ROLE,HELD,1,movie_form_component_html__LLMR_movie_form_component_html_field_year_alf_c.mut
LLMR_movie_form_component_html_field_year_alf_f,movie_form_component_html,f,LLM_ROLE,HELD,1,movie_form_component_html__LLMR_movie_form_component_html_field_year_alf_f.mut
LLMR_movie_form_component_html_field_year_alf_g,movie_form_component_html,g,LLM_ROLE,HELD,1,movie_form_component_html__LLMR_movie_form_component_html_field_year_alf_g.mut
LLMR_movie_form_component_html_field_year_alf_j,movie_form_component_html,j,LLM_ROLE,HELD,1,movie_form_component_html__LLMR_movie_form_component_html_field_year_alf_j.mut
LLMR_movie_form_component_html_field_year_alf_k,movie_form_component_html,k,LLM_ROLE,HELD,1,movie_form_component_html__LLMR_movie_form_component_html_field_year_alf_k.mut
LLMR_movie_form_component_html_field_year_bet_a,movie_form_component_html,a,LLM_ROLE,HELD,1,movie_form_component_html__LLMR_movie_form_component_html_field_year_bet_a.mut
LLMR_movie_form_component_html_field_year_bet_b,movie_form_component_html,b,LLM_ROLE,HELD,1,movie_form_component_html__LLMR_movie_form_component_html_field_year_bet_b.mut
LLMR_movie_form_component_html_field_year_bet_c,movie_form_component_html,c,LLM_ROLE,HELD,1,movie_form_component_html__LLMR_movie_form_component_html_field_year_bet_c.mut
LLMR_movie_form_component_html_field_year_bet_d,movie_form_component_html,d,LLM_ROLE,HELD,1,movie_form_component_html__LLMR_movie_form_component_html_field_year_bet_d.mut
LLMR_movie_form_component_html_field_year_bet_e,movie_form_component_html,e,LLM_ROLE,HELD,1,movie_form_component_html__LLMR_movie_form_component_html_field_year_bet_e.mut
LLMR_movie_form_component_html_field_year_bet_f,movie_form_component_html,f,LLM_ROLE,HELD,1,movie_form_component_html__LLMR_movie_form_component_html_field_year_bet_f.mut
LLMR_movie_form_component_html_field_year_bet_g,movie_form_component_html,g,LLM_ROLE,HELD,1,movie_form_component_html__LLMR_movie_form_component_html_field_year_bet_g.mut
LLMR_movie_form_component_html_field_year_bet_i,movie_form_component_html,i,LLM_ROLE,HELD,1,movie_form_component_html__LLMR_movie_form_component_html_field_year_bet_i.mut
LLMR_movie_form_component_html_field_year_bet_j,movie_form_component_html,j,LLM_ROLE,HELD,1,movie_form_component_html__LLMR_movie_form_component_html_field_year_bet_j.mut
LLMR_movie_form_component_html_field_year_bet_k,movie_form_component_html,k,LLM_ROLE,HELD,1,movie_form_component_html__LLMR_movie_form_component_html_field_year_bet_k.mut
LLMR_movie_form_component_html_field_year_del_a,movie_form_component_html,a,LLM_ROLE,HELD,1,movie_form_component_html__LLMR_movie_form_component_html_field_year_del_a.mut
LLMR_movie_form_component_html_field_year_del_b,movie_form_component_html,b,LLM_ROLE,HELD,1,movie_form_component_html__LLMR_movie_form_component_html_field_year_del_b.mut
LLMR_movie_form_component_html_field_year_del_c,movie_form_component_html,c,LLM_ROLE,HELD,1,movie_form_component_html__LLMR_movie_form_component_html_field_year_del_c.mut
LLMR_movie_form_component_html_field_year_del_d,movie_form_component_html,d,LLM_ROLE,HELD,1,movie_form_component_html__LLMR_movie_form_component_html_field_year_del_d.mut
LLMR_movie_form_component_html_field_year_del_e,movie_form_component_html,e,LLM_ROLE,HELD,1,movie_form_component_html__LLMR_movie_form_component_html_field_year_del_e.mut
LLMR_movie_form_component_html_field_year_del_f,movie_form_component_html,f,LLM_ROLE,HELD,1,movie_form_component_html__LLMR_movie_form_component_html_field_year_del_f.mut
LLMR_movie_form_component_html_field_year_del_g,movie_form_component_html,g,LLM_ROLE,HELD,1,movie_form_component_html__LLMR_movie_form_component_html_field_year_del_g.mut
LLMR_movie_form_component_html_field_year_del_j,movie_form_component_html,j,LLM_ROLE,HELD,1,movie_form_component_html__LLMR_movie_form_component_html_field_year_del_j.mut
LLMR_movie_form_component_html_field_year_del_k,movie_form_component_html,k,LLM_ROLE,HELD,1,movie_form_component_html__LLMR_movie_form_component_html_field_year_del_k.mut
LLMR_movie_form_component_html_field_year_eps_a,movie_form_component_html,a,LLM_ROLE,HELD,1,movie_form_component_html__LLMR_movie_form_component_html_field_year_eps_a.mut
LLMR_movie_form_component_html_field_year_eps_b,movie_form_component_html,b,LLM_ROLE,HELD,1,movie_form_component_html__LLMR_movie_form_component_html_field_year_eps_b.mut
LLMR_movie_form_component_html_field_year_eps_c,movie_form_component_html,c,LLM_ROLE,HELD,1,movie_form_component_html__LLMR_movie_form_component_html_field_year_eps_c.mut
LLMR_movie_form_component_html_field_year_eps_f,movie_form_component_html,f,LLM_ROLE,HELD,1,movie_form_component_html__LLMR_movie_form_component_html_field_year_eps_f.mut
LLMR_movie_form_component_html_field_year_eps_g,movie_form_component_html,g,LLM_ROLE,HELD,1,movie_form_component_html__LLMR_movie_form_component_html_field_year_eps_g.mut
LLMR_movie_form_component_html_field_year_eps_i,movie_form_component_html,i,LLM_ROLE,HELD,1,movie_form_component_html__LLMR_movie_form_component_html_field_year_eps_i.mut
LLMR_movie_form_component_html_field_year_eps_j,movie_form_component_html,j,LLM_ROLE,HELD,1,movie_form_component_html__LLMR_movie_form_component_html_field_year_eps_j.mut
LLMR_movie_form_component_html_field_year_eps_k,movie_form_component_html,k,LLM_ROLE,HELD,1,movie_form_component_html__LLMR_movie_form_component_html_field_year_eps_k.mut
LLMR_movie_form_component_html_field_year_gam_a,movie_form_component_html,a,LLM_ROLE,HELD,1,movie_form_component_html__LLMR_movie_form_component_html_field_year_gam_a.mut
LLMR_movie_form_component_html_field_year_gam_b,movie_form_component_html,b,LLM_ROLE,HELD,1,movie_form_component_html__LLMR_movie_form_component_html_field_year_gam_b.mut
LLMR_movie_form_component_html_field_year_gam_c,movie_form_component_html,c,LLM_ROLE,HELD,1,movie_form_component_html__LLMR_movie_form_component_html_field_year_gam_c.mut
LLMR_movie_form_component_html_field_year_gam_g,movie_form_component_html,g,LLM_ROLE,HELD,1,movie_form_component_html__LLMR_movie_form_component_html_field_year_gam_g.mut
LLMR_movie_form_component_html_field_year_gam_i,movie_form_component_html,i,LLM_ROLE,HELD,1,movie_form_component_html__LLMR_movie_form_component_html_field_year_gam_i.mut
LLMR_movie_form_component_html_field_year_gam_j,movie_form_component_html,j,LLM_ROLE,HELD,1,movie_form_component_html__LLMR_movie_form_component_html_field_year_gam_j.mut
LLMR_movie_form_component_html_field_year_gam_k,movie_form_component_html,k,LLM_ROLE,HELD,1,movie_form_component_html__LLMR_movie_form_component_html_field_year_gam_k.mut
LLMR_movie_form_component_html_form_submit_alf_a,movie_form_component_html,a,LLM_ROLE,HELD,1,movie_form_component_html__LLMR_movie_form_component_html_form_submit_alf_a.mut
LLMR_movie_form_component_html_form_submit_alf_b,movie_form_component_html,b,LLM_ROLE,HELD,1,movie_form_component_html__LLMR_movie_form_component_html_form_submit_alf_b.mut
LLMR_movie_form_component_html_form_submit_alf_c,movie_form_component_html,c,LLM_ROLE,HELD,1,movie_form_component_html__LLMR_movie_form_component_html_form_submit_alf_c.mut
LLMR_movie_form_component_html_form_submit_alf_d,movie_form_component_html,d,LLM_ROLE,HELD,1,movie_form_component_html__LLMR_movie_form_component_html_form_submit_alf_d.mut
LLMR_movie_form_component_html_form_submit_alf_e,movie_form_component_html,e,LLM_ROLE,HELD,1,movie_form_component_html__LLMR_movie_form_component_html_form_submit_alf_e.mut
LLMR_movie_form_component_html_form_submit_alf_f,movie_form_component_html,f,LLM_ROLE,HELD,1,movie_form_component_html__LLMR_movie_form_component_html_form_submit_alf_f.mut
LLMR_movie_form_component_html_form_submit_alf_g,movie_form_component_html,g,LLM_ROLE,HELD,1,movie_form_component_html__LLMR_movie_form_component_html_form_submit_alf_g.mut
LLMR_movie_form_component_html_form_submit_alf_j,movie_form_component_html,j,LLM_ROLE,HELD,1,movie_form_component_html__LLMR_movie_form_component_html_form_submit_alf_j.mut
LLMR_movie_form_component_html_form_submit_alf_k,movie_form_component_html,k,LLM_ROLE,HELD,1,movie_form_component_html__LLMR_movie_form_component_html_form_submit_alf_k.mut
LLMR_movie_form_component_html_form_submit_bet_a,movie_form_component_html,a,LLM_ROLE,HELD,1,movie_form_component_html__LLMR_movie_form_component_html_form_submit_bet_a.mut
LLMR_movie_form_component_html_form_submit_bet_b,movie_form_component_html,b,LLM_ROLE,HELD,1,movie_form_component_html__LLMR_movie_form_component_html_form_submit_bet_b.mut
LLMR_movie_form_component_html_form_submit_bet_c,movie_form_component_html,c,LLM_ROLE,HELD,1,movie_form_component_html__LLMR_movie_form_component_html_form_submit_bet_c.mut
LLMR_movie_form_component_html_form_submit_bet_f,movie_form_component_html,f,LLM_ROLE,HELD,1,movie_form_component_html__LLMR_movie_form_component_html_form_submit_bet_f.mut
LLMR_movie_form_component_html_form_submit_bet_g,movie_form_component_html,g,LLM_ROLE,HELD,1,movie_form_component_html__LLMR_movie_form_component_html_form_submit_bet_g.mut
LLMR_movie_form_component_html_form_submit_bet_i,movie_form_component_html,i,LLM_ROLE,HELD,1,movie_form_component_html__LLMR_movie_form_component_html_form_submit_bet_i.mut
LLMR_movie_form_component_html_form_submit_bet_j,movie_form_component_html,j,LLM_ROLE,HELD,1,movie_form_component_html__LLMR_movie_form_component_html_form_submit_bet_j.mut
LLMR_movie_form_component_html_form_submit_bet_k,movie_form_component_html,k,LLM_ROLE,HELD,1,movie_form_component_html__LLMR_movie_form_component_html_form_submit_bet_k.mut
LLMR_movie_form_component_html_form_submit_del_a,movie_form_component_html,a,LLM_ROLE,HELD,1,movie_form_component_html__LLMR_movie_form_component_html_form_submit_del_a.mut
LLMR_movie_form_component_html_form_submit_del_b,movie_form_component_html,b,LLM_ROLE,HELD,1,movie_form_component_html__LLMR_movie_form_component_html_form_submit_del_b.mut
LLMR_movie_form_component_html_form_submit_del_c,movie_form_component_html,c,LLM_ROLE,HELD,1,movie_form_component_html__LLMR_movie_form_component_html_form_submit_del_c.mut
LLMR_movie_form_component_html_form_submit_del_d,movie_form_component_html,d,LLM_ROLE,HELD,1,movie_form_component_html__LLMR_movie_form_component_html_form_submit_del_d.mut
LLMR_movie_form_component_html_form_submit_del_e,movie_form_component_html,e,LLM_ROLE,HELD,1,movie_form_component_html__LLMR_movie_form_component_html_form_submit_del_e.mut
LLMR_movie_form_component_html_form_submit_del_f,movie_form_component_html,f,LLM_ROLE,HELD,1,movie_form_component_html__LLMR_movie_form_component_html_form_submit_del_f.mut
LLMR_movie_form_component_html_form_submit_del_g,movie_form_component_html,g,LLM_ROLE,HELD,1,movie_form_component_html__LLMR_movie_form_component_html_form_submit_del_g.mut
LLMR_movie_form_component_html_form_submit_del_j,movie_form_component_html,j,LLM_ROLE,HELD,1,movie_form_component_html__LLMR_movie_form_component_html_form_submit_del_j.mut
LLMR_movie_form_component_html_form_submit_del_k,movie_form_component_html,k,LLM_ROLE,HELD,1,movie_form_component_html__LLMR_movie_form_component_html_form_submit_del_k.mut
LLMR_h_review_comment_alf,reviews_component_html,h,LLM_ROLE,HELD,2,reviews_component_html__LLMR_h_review_comment_alf.mut
LLMR_h_review_field_author_alf,reviews_component_html,h,LLM_ROLE,HELD,2,reviews_component_html__LLMR_h_review_field_author_alf.mut
LLMR_h_review_field_author_bet,reviews_component_html,h,LLM_ROLE,HELD,2,reviews_component_html__LLMR_h_review_field_author_bet.mut
LLMR_h_review_field_author_del,reviews_component_html,h,LLM_ROLE,HELD,2,reviews_component_html__LLMR_h_review_field_author_del.mut
LLMR_h_review_field_author_gam,reviews_component_html,h,LLM_ROLE,HELD,2,reviews_component_html__LLMR_h_review_field_author_gam.mut
LLMR_h_review_field_comment_alf,reviews_component_html,h,LLM_ROLE,HELD,2,reviews_component_html__LLMR_h_review_field_comment_alf.mut
LLMR_h_review_field_comment_bet,reviews_component_html,h,LLM_ROLE,HELD,2,reviews_component_html__LLMR_h_review_field_comment_bet.mut
LLMR_h_review_field_comment_del,reviews_component_html,h,LLM_ROLE,HELD,2,reviews_component_html__LLMR_h_review_field_comment_del.mut
LLMR_h_review_item_alf,reviews_component_html,h,LLM_ROLE,HELD,2,reviews_component_html__LLMR_h_review_item_alf.mut
LLMR_h_review_item_bet,reviews_component_html,h,LLM_ROLE,HELD,2,reviews_component_html__LLMR_h_review_item_bet.mut
LLMR_h_review_item_gam,reviews_component_html,h,LLM_ROLE,HELD,2,reviews_component_html__LLMR_h_review_item_gam.mut
LLMR_h_review_remove_alf,reviews_component_html,h,LLM_ROLE,HELD,2,reviews_component_html__LLMR_h_review_remove_alf.mut
LLMR_h_review_remove_bet,reviews_component_html,h,LLM_ROLE,HELD,2,reviews_component_html__LLMR_h_review_remove_bet.mut
LLMR_h_review_remove_del,reviews_component_html,h,LLM_ROLE,HELD,2,reviews_component_html__LLMR_h_review_remove_del.mut
LLMR_h_review_submit_alf,reviews_component_html,h,LLM_ROLE,HELD,2,reviews_component_html__LLMR_h_review_submit_alf.mut
LLMR_h_review_submit_bet,reviews_component_html,h,LLM_ROLE,HELD,2,reviews_component_html__LLMR_h_review_submit_bet.mut
LLMR_h_review_submit_gam,reviews_component_html,h,LLM_ROLE,HELD,2,reviews_component_html__LLMR_h_review_submit_gam.mut
LLMR_h_reviews_average_alf,reviews_component_html,h,LLM_ROLE,HELD,2,reviews_component_html__LLMR_h_reviews_average_alf.mut
LLMR_h_reviews_average_bet,reviews_component_html,h,LLM_ROLE,HELD,2,reviews_component_html__LLMR_h_reviews_average_bet.mut
LLMR_h_reviews_average_del,reviews_component_html,h,LLM_ROLE,HELD,2,reviews_component_html__LLMR_h_reviews_average_del.mut
LLMR_reviews_component_html_review_comment_alf_a,reviews_component_html,a,LLM_ROLE,HELD,1,reviews_component_html__LLMR_reviews_component_html_review_comment_alf_a.mut
LLMR_reviews_component_html_review_comment_alf_b,reviews_component_html,b,LLM_ROLE,HELD,1,reviews_component_html__LLMR_reviews_component_html_review_comment_alf_b.mut
LLMR_reviews_component_html_review_comment_alf_c,reviews_component_html,c,LLM_ROLE,HELD,1,reviews_component_html__LLMR_reviews_component_html_review_comment_alf_c.mut
LLMR_reviews_component_html_review_comment_alf_d,reviews_component_html,d,LLM_ROLE,HELD,1,reviews_component_html__LLMR_reviews_component_html_review_comment_alf_d.mut
LLMR_reviews_component_html_review_comment_alf_f,reviews_component_html,f,LLM_ROLE,HELD,1,reviews_component_html__LLMR_reviews_component_html_review_comment_alf_f.mut
LLMR_reviews_component_html_review_comment_alf_g,reviews_component_html,g,LLM_ROLE,HELD,1,reviews_component_html__LLMR_reviews_component_html_review_comment_alf_g.mut
LLMR_reviews_component_html_review_comment_alf_j,reviews_component_html,j,LLM_ROLE,HELD,1,reviews_component_html__LLMR_reviews_component_html_review_comment_alf_j.mut
LLMR_reviews_component_html_review_comment_alf_k,reviews_component_html,k,LLM_ROLE,HELD,1,reviews_component_html__LLMR_reviews_component_html_review_comment_alf_k.mut
LLMR_reviews_component_html_review_field_author_alf_a,reviews_component_html,a,LLM_ROLE,HELD,1,reviews_component_html__LLMR_reviews_component_html_review_field_author_alf_a.mut
LLMR_reviews_component_html_review_field_author_alf_b,reviews_component_html,b,LLM_ROLE,HELD,1,reviews_component_html__LLMR_reviews_component_html_review_field_author_alf_b.mut
LLMR_reviews_component_html_review_field_author_alf_c,reviews_component_html,c,LLM_ROLE,HELD,1,reviews_component_html__LLMR_reviews_component_html_review_field_author_alf_c.mut
LLMR_reviews_component_html_review_field_author_alf_f,reviews_component_html,f,LLM_ROLE,HELD,1,reviews_component_html__LLMR_reviews_component_html_review_field_author_alf_f.mut
LLMR_reviews_component_html_review_field_author_alf_g,reviews_component_html,g,LLM_ROLE,HELD,1,reviews_component_html__LLMR_reviews_component_html_review_field_author_alf_g.mut
LLMR_reviews_component_html_review_field_author_alf_j,reviews_component_html,j,LLM_ROLE,HELD,1,reviews_component_html__LLMR_reviews_component_html_review_field_author_alf_j.mut
LLMR_reviews_component_html_review_field_author_alf_k,reviews_component_html,k,LLM_ROLE,HELD,1,reviews_component_html__LLMR_reviews_component_html_review_field_author_alf_k.mut
LLMR_reviews_component_html_review_field_author_bet_a,reviews_component_html,a,LLM_ROLE,HELD,1,reviews_component_html__LLMR_reviews_component_html_review_field_author_bet_a.mut
LLMR_reviews_component_html_review_field_author_bet_b,reviews_component_html,b,LLM_ROLE,HELD,1,reviews_component_html__LLMR_reviews_component_html_review_field_author_bet_b.mut
LLMR_reviews_component_html_review_field_author_bet_c,reviews_component_html,c,LLM_ROLE,HELD,1,reviews_component_html__LLMR_reviews_component_html_review_field_author_bet_c.mut
LLMR_reviews_component_html_review_field_author_bet_d,reviews_component_html,d,LLM_ROLE,HELD,1,reviews_component_html__LLMR_reviews_component_html_review_field_author_bet_d.mut
LLMR_reviews_component_html_review_field_author_bet_e,reviews_component_html,e,LLM_ROLE,HELD,1,reviews_component_html__LLMR_reviews_component_html_review_field_author_bet_e.mut
LLMR_reviews_component_html_review_field_author_bet_f,reviews_component_html,f,LLM_ROLE,HELD,1,reviews_component_html__LLMR_reviews_component_html_review_field_author_bet_f.mut
LLMR_reviews_component_html_review_field_author_bet_g,reviews_component_html,g,LLM_ROLE,HELD,1,reviews_component_html__LLMR_reviews_component_html_review_field_author_bet_g.mut
LLMR_reviews_component_html_review_field_author_bet_i,reviews_component_html,i,LLM_ROLE,HELD,1,reviews_component_html__LLMR_reviews_component_html_review_field_author_bet_i.mut
LLMR_reviews_component_html_review_field_author_bet_j,reviews_component_html,j,LLM_ROLE,HELD,1,reviews_component_html__LLMR_reviews_component_html_review_field_author_bet_j.mut
LLMR_reviews_component_html_review_field_author_bet_k,reviews_component_html,k,LLM_ROLE,HELD,1,reviews_component_html__LLMR_reviews_component_html_review_field_author_bet_k.mut
LLMR_reviews_component_html_review_field_author_del_a,reviews_component_html,a,LLM_ROLE,HELD,1,reviews_component_html__LLMR_reviews_component_html_review_field_author_del_a.mut
LLMR_reviews_component_html_review_field_author_del_b,reviews_component_html,b,LLM_ROLE,HELD,1,reviews_component_html__LLMR_reviews_component_html_review_field_author_del_b.mut
LLMR_reviews_component_html_review_field_author_del_c,reviews_component_html,c,LLM_ROLE,HELD,1,reviews_component_html__LLMR_reviews_component_html_review_field_author_del_c.mut
LLMR_reviews_component_html_review_field_author_del_d,reviews_component_html,d,LLM_ROLE,HELD,1,reviews_component_html__LLMR_reviews_component_html_review_field_author_del_d.mut
LLMR_reviews_component_html_review_field_author_del_e,reviews_component_html,e,LLM_ROLE,HELD,1,reviews_component_html__LLMR_reviews_component_html_review_field_author_del_e.mut
LLMR_reviews_component_html_review_field_author_del_f,reviews_component_html,f,LLM_ROLE,HELD,1,reviews_component_html__LLMR_reviews_component_html_review_field_author_del_f.mut
LLMR_reviews_component_html_review_field_author_del_g,reviews_component_html,g,LLM_ROLE,HELD,1,reviews_component_html__LLMR_reviews_component_html_review_field_author_del_g.mut
LLMR_reviews_component_html_review_field_author_del_j,reviews_component_html,j,LLM_ROLE,HELD,1,reviews_component_html__LLMR_reviews_component_html_review_field_author_del_j.mut
LLMR_reviews_component_html_review_field_author_del_k,reviews_component_html,k,LLM_ROLE,HELD,1,reviews_component_html__LLMR_reviews_component_html_review_field_author_del_k.mut
LLMR_reviews_component_html_review_field_author_gam_a,reviews_component_html,a,LLM_ROLE,HELD,1,reviews_component_html__LLMR_reviews_component_html_review_field_author_gam_a.mut
LLMR_reviews_component_html_review_field_author_gam_b,reviews_component_html,b,LLM_ROLE,HELD,1,reviews_component_html__LLMR_reviews_component_html_review_field_author_gam_b.mut
LLMR_reviews_component_html_review_field_author_gam_c,reviews_component_html,c,LLM_ROLE,HELD,1,reviews_component_html__LLMR_reviews_component_html_review_field_author_gam_c.mut
LLMR_reviews_component_html_review_field_author_gam_f,reviews_component_html,f,LLM_ROLE,HELD,1,reviews_component_html__LLMR_reviews_component_html_review_field_author_gam_f.mut
LLMR_reviews_component_html_review_field_author_gam_g,reviews_component_html,g,LLM_ROLE,HELD,1,reviews_component_html__LLMR_reviews_component_html_review_field_author_gam_g.mut
LLMR_reviews_component_html_review_field_author_gam_i,reviews_component_html,i,LLM_ROLE,HELD,1,reviews_component_html__LLMR_reviews_component_html_review_field_author_gam_i.mut
LLMR_reviews_component_html_review_field_author_gam_j,reviews_component_html,j,LLM_ROLE,HELD,1,reviews_component_html__LLMR_reviews_component_html_review_field_author_gam_j.mut
LLMR_reviews_component_html_review_field_author_gam_k,reviews_component_html,k,LLM_ROLE,HELD,1,reviews_component_html__LLMR_reviews_component_html_review_field_author_gam_k.mut
LLMR_reviews_component_html_review_field_comment_alf_a,reviews_component_html,a,LLM_ROLE,HELD,1,reviews_component_html__LLMR_reviews_component_html_review_field_comment_alf_a.mut
LLMR_reviews_component_html_review_field_comment_alf_b,reviews_component_html,b,LLM_ROLE,HELD,1,reviews_component_html__LLMR_reviews_component_html_review_field_comment_alf_b.mut
LLMR_reviews_component_html_review_field_comment_alf_c,reviews_component_html,c,LLM_ROLE,HELD,1,reviews_component_html__LLMR_reviews_component_html_review_field_comment_alf_c.mut
LLMR_reviews_component_html_review_field_comment_alf_f,reviews_component_html,f,LLM_ROLE,HELD,1,reviews_component_html__LLMR_reviews_component_html_review_field_comment_alf_f.mut
LLMR_reviews_component_html_review_field_comment_alf_g,reviews_component_html,g,LLM_ROLE,HELD,1,reviews_component_html__LLMR_reviews_component_html_review_field_comment_alf_g.mut
LLMR_reviews_component_html_review_field_comment_alf_j,reviews_component_html,j,LLM_ROLE,HELD,1,reviews_component_html__LLMR_reviews_component_html_review_field_comment_alf_j.mut
LLMR_reviews_component_html_review_field_comment_alf_k,reviews_component_html,k,LLM_ROLE,HELD,1,reviews_component_html__LLMR_reviews_component_html_review_field_comment_alf_k.mut
LLMR_reviews_component_html_review_field_comment_bet_a,reviews_component_html,a,LLM_ROLE,HELD,1,reviews_component_html__LLMR_reviews_component_html_review_field_comment_bet_a.mut
LLMR_reviews_component_html_review_field_comment_bet_b,reviews_component_html,b,LLM_ROLE,HELD,1,reviews_component_html__LLMR_reviews_component_html_review_field_comment_bet_b.mut
LLMR_reviews_component_html_review_field_comment_bet_c,reviews_component_html,c,LLM_ROLE,HELD,1,reviews_component_html__LLMR_reviews_component_html_review_field_comment_bet_c.mut
LLMR_reviews_component_html_review_field_comment_bet_d,reviews_component_html,d,LLM_ROLE,HELD,1,reviews_component_html__LLMR_reviews_component_html_review_field_comment_bet_d.mut
LLMR_reviews_component_html_review_field_comment_bet_e,reviews_component_html,e,LLM_ROLE,HELD,1,reviews_component_html__LLMR_reviews_component_html_review_field_comment_bet_e.mut
LLMR_reviews_component_html_review_field_comment_bet_f,reviews_component_html,f,LLM_ROLE,HELD,1,reviews_component_html__LLMR_reviews_component_html_review_field_comment_bet_f.mut
LLMR_reviews_component_html_review_field_comment_bet_g,reviews_component_html,g,LLM_ROLE,HELD,1,reviews_component_html__LLMR_reviews_component_html_review_field_comment_bet_g.mut
LLMR_reviews_component_html_review_field_comment_bet_i,reviews_component_html,i,LLM_ROLE,HELD,1,reviews_component_html__LLMR_reviews_component_html_review_field_comment_bet_i.mut
LLMR_reviews_component_html_review_field_comment_bet_j,reviews_component_html,j,LLM_ROLE,HELD,1,reviews_component_html__LLMR_reviews_component_html_review_field_comment_bet_j.mut
LLMR_reviews_component_html_review_field_comment_bet_k,reviews_component_html,k,LLM_ROLE,HELD,1,reviews_component_html__LLMR_reviews_component_html_review_field_comment_bet_k.mut
LLMR_reviews_component_html_review_field_comment_del_a,reviews_component_html,a,LLM_ROLE,HELD,1,reviews_component_html__LLMR_reviews_component_html_review_field_comment_del_a.mut
LLMR_reviews_component_html_review_field_comment_del_b,reviews_component_html,b,LLM_ROLE,HELD,1,reviews_component_html__LLMR_reviews_component_html_review_field_comment_del_b.mut
LLMR_reviews_component_html_review_field_comment_del_c,reviews_component_html,c,LLM_ROLE,HELD,1,reviews_component_html__LLMR_reviews_component_html_review_field_comment_del_c.mut
LLMR_reviews_component_html_review_field_comment_del_d,reviews_component_html,d,LLM_ROLE,HELD,1,reviews_component_html__LLMR_reviews_component_html_review_field_comment_del_d.mut
LLMR_reviews_component_html_review_field_comment_del_e,reviews_component_html,e,LLM_ROLE,HELD,1,reviews_component_html__LLMR_reviews_component_html_review_field_comment_del_e.mut
LLMR_reviews_component_html_review_field_comment_del_f,reviews_component_html,f,LLM_ROLE,HELD,1,reviews_component_html__LLMR_reviews_component_html_review_field_comment_del_f.mut
LLMR_reviews_component_html_review_field_comment_del_g,reviews_component_html,g,LLM_ROLE,HELD,1,reviews_component_html__LLMR_reviews_component_html_review_field_comment_del_g.mut
LLMR_reviews_component_html_review_field_comment_del_j,reviews_component_html,j,LLM_ROLE,HELD,1,reviews_component_html__LLMR_reviews_component_html_review_field_comment_del_j.mut
LLMR_reviews_component_html_review_field_comment_del_k,reviews_component_html,k,LLM_ROLE,HELD,1,reviews_component_html__LLMR_reviews_component_html_review_field_comment_del_k.mut
LLMR_reviews_component_html_review_item_alf_a,reviews_component_html,a,LLM_ROLE,HELD,1,reviews_component_html__LLMR_reviews_component_html_review_item_alf_a.mut
LLMR_reviews_component_html_review_item_alf_b,reviews_component_html,b,LLM_ROLE,HELD,1,reviews_component_html__LLMR_reviews_component_html_review_item_alf_b.mut
LLMR_reviews_component_html_review_item_alf_c,reviews_component_html,c,LLM_ROLE,HELD,1,reviews_component_html__LLMR_reviews_component_html_review_item_alf_c.mut
LLMR_reviews_component_html_review_item_alf_g,reviews_component_html,g,LLM_ROLE,HELD,1,reviews_component_html__LLMR_reviews_component_html_review_item_alf_g.mut
LLMR_reviews_component_html_review_item_alf_j,reviews_component_html,j,LLM_ROLE,HELD,1,reviews_component_html__LLMR_reviews_component_html_review_item_alf_j.mut
LLMR_reviews_component_html_review_item_alf_k,reviews_component_html,k,LLM_ROLE,HELD,1,reviews_component_html__LLMR_reviews_component_html_review_item_alf_k.mut
LLMR_reviews_component_html_review_item_bet_a,reviews_component_html,a,LLM_ROLE,HELD,1,reviews_component_html__LLMR_reviews_component_html_review_item_bet_a.mut
LLMR_reviews_component_html_review_item_bet_b,reviews_component_html,b,LLM_ROLE,HELD,1,reviews_component_html__LLMR_reviews_component_html_review_item_bet_b.mut
LLMR_reviews_component_html_review_item_bet_c,reviews_component_html,c,LLM_ROLE,HELD,1,reviews_component_html__LLMR_reviews_component_html_review_item_bet_c.mut
LLMR_reviews_component_html_review_item_bet_d,reviews_component_html,d,LLM_ROLE,HELD,1,reviews_component_html__LLMR_reviews_component_html_review_item_bet_d.mut
LLMR_reviews_component_html_review_item_bet_e,reviews_component_html,e,LLM_ROLE,HELD,1,reviews_component_html__LLMR_reviews_component_html_review_item_bet_e.mut
LLMR_reviews_component_html_review_item_bet_f,reviews_component_html,f,LLM_ROLE,HELD,1,reviews_component_html__LLMR_reviews_component_html_review_item_bet_f.mut
LLMR_reviews_component_html_review_item_bet_j,reviews_component_html,j,LLM_ROLE,HELD,1,reviews_component_html__LLMR_reviews_component_html_review_item_bet_j.mut
LLMR_reviews_component_html_review_item_bet_k,reviews_component_html,k,LLM_ROLE,HELD,1,reviews_component_html__LLMR_reviews_component_html_review_item_bet_k.mut
LLMR_reviews_component_html_review_item_gam_a,reviews_component_html,a,LLM_ROLE,HELD,1,reviews_component_html__LLMR_reviews_component_html_review_item_gam_a.mut
LLMR_reviews_component_html_review_item_gam_b,reviews_component_html,b,LLM_ROLE,HELD,1,reviews_component_html__LLMR_reviews_component_html_review_item_gam_b.mut
LLMR_reviews_component_html_review_item_gam_c,reviews_component_html,c,LLM_ROLE,HELD,1,reviews_component_html__LLMR_reviews_component_html_review_item_gam_c.mut
LLMR_reviews_component_html_review_item_gam_j,reviews_component_html,j,LLM_ROLE,HELD,1,reviews_component_html__LLMR_reviews_component_html_review_item_gam_j.mut
LLMR_reviews_component_html_review_item_gam_k,reviews_component_html,k,LLM_ROLE,HELD,1,reviews_component_html__LLMR_reviews_component_html_review_item_gam_k.mut
LLMR_reviews_component_html_review_remove_alf_a,reviews_component_html,a,LLM_ROLE,HELD,1,reviews_component_html__LLMR_reviews_component_html_review_remove_alf_a.mut
LLMR_reviews_component_html_review_remove_alf_b,reviews_component_html,b,LLM_ROLE,HELD,1,reviews_component_html__LLMR_reviews_component_html_review_remove_alf_b.mut
LLMR_reviews_component_html_review_remove_alf_c,reviews_component_html,c,LLM_ROLE,HELD,1,reviews_component_html__LLMR_reviews_component_html_review_remove_alf_c.mut
LLMR_reviews_component_html_review_remove_alf_d,reviews_component_html,d,LLM_ROLE,HELD,1,reviews_component_html__LLMR_reviews_component_html_review_remove_alf_d.mut
LLMR_reviews_component_html_review_remove_alf_e,reviews_component_html,e,LLM_ROLE,HELD,1,reviews_component_html__LLMR_reviews_component_html_review_remove_alf_e.mut
LLMR_reviews_component_html_review_remove_alf_f,reviews_component_html,f,LLM_ROLE,HELD,1,reviews_component_html__LLMR_reviews_component_html_review_remove_alf_f.mut
LLMR_reviews_component_html_review_remove_alf_g,reviews_component_html,g,LLM_ROLE,HELD,1,reviews_component_html__LLMR_reviews_component_html_review_remove_alf_g.mut
LLMR_reviews_component_html_review_remove_alf_j,reviews_component_html,j,LLM_ROLE,HELD,1,reviews_component_html__LLMR_reviews_component_html_review_remove_alf_j.mut
LLMR_reviews_component_html_review_remove_alf_k,reviews_component_html,k,LLM_ROLE,HELD,1,reviews_component_html__LLMR_reviews_component_html_review_remove_alf_k.mut
LLMR_reviews_component_html_review_remove_bet_a,reviews_component_html,a,LLM_ROLE,HELD,1,reviews_component_html__LLMR_reviews_component_html_review_remove_bet_a.mut
LLMR_reviews_component_html_review_remove_bet_b,reviews_component_html,b,LLM_ROLE,HELD,1,reviews_component_html__LLMR_reviews_component_html_review_remove_bet_b.mut
LLMR_reviews_component_html_review_remove_bet_c,reviews_component_html,c,LLM_ROLE,HELD,1,reviews_component_html__LLMR_reviews_component_html_review_remove_bet_c.mut
LLMR_reviews_component_html_review_remove_bet_f,reviews_component_html,f,LLM_ROLE,HELD,1,reviews_component_html__LLMR_reviews_component_html_review_remove_bet_f.mut
LLMR_reviews_component_html_review_remove_bet_g,reviews_component_html,g,LLM_ROLE,HELD,1,reviews_component_html__LLMR_reviews_component_html_review_remove_bet_g.mut
LLMR_reviews_component_html_review_remove_bet_i,reviews_component_html,i,LLM_ROLE,HELD,1,reviews_component_html__LLMR_reviews_component_html_review_remove_bet_i.mut
LLMR_reviews_component_html_review_remove_bet_j,reviews_component_html,j,LLM_ROLE,HELD,1,reviews_component_html__LLMR_reviews_component_html_review_remove_bet_j.mut
LLMR_reviews_component_html_review_remove_bet_k,reviews_component_html,k,LLM_ROLE,HELD,1,reviews_component_html__LLMR_reviews_component_html_review_remove_bet_k.mut
LLMR_reviews_component_html_review_remove_del_a,reviews_component_html,a,LLM_ROLE,HELD,1,reviews_component_html__LLMR_reviews_component_html_review_remove_del_a.mut
LLMR_reviews_component_html_review_remove_del_b,reviews_component_html,b,LLM_ROLE,HELD,1,reviews_component_html__LLMR_reviews_component_html_review_remove_del_b.mut
LLMR_reviews_component_html_review_remove_del_c,reviews_component_html,c,LLM_ROLE,HELD,1,reviews_component_html__LLMR_reviews_component_html_review_remove_del_c.mut
LLMR_reviews_component_html_review_remove_del_d,reviews_component_html,d,LLM_ROLE,HELD,1,reviews_component_html__LLMR_reviews_component_html_review_remove_del_d.mut
LLMR_reviews_component_html_review_remove_del_e,reviews_component_html,e,LLM_ROLE,HELD,1,reviews_component_html__LLMR_reviews_component_html_review_remove_del_e.mut
LLMR_reviews_component_html_review_remove_del_f,reviews_component_html,f,LLM_ROLE,HELD,1,reviews_component_html__LLMR_reviews_component_html_review_remove_del_f.mut
LLMR_reviews_component_html_review_remove_del_g,reviews_component_html,g,LLM_ROLE,HELD,1,reviews_component_html__LLMR_reviews_component_html_review_remove_del_g.mut
LLMR_reviews_component_html_review_remove_del_j,reviews_component_html,j,LLM_ROLE,HELD,1,reviews_component_html__LLMR_reviews_component_html_review_remove_del_j.mut
LLMR_reviews_component_html_review_remove_del_k,reviews_component_html,k,LLM_ROLE,HELD,1,reviews_component_html__LLMR_reviews_component_html_review_remove_del_k.mut
LLMR_reviews_component_html_review_submit_alf_a,reviews_component_html,a,LLM_ROLE,HELD,1,reviews_component_html__LLMR_reviews_component_html_review_submit_alf_a.mut
LLMR_reviews_component_html_review_submit_alf_b,reviews_component_html,b,LLM_ROLE,HELD,1,reviews_component_html__LLMR_reviews_component_html_review_submit_alf_b.mut
LLMR_reviews_component_html_review_submit_alf_c,reviews_component_html,c,LLM_ROLE,HELD,1,reviews_component_html__LLMR_reviews_component_html_review_submit_alf_c.mut
LLMR_reviews_component_html_review_submit_alf_d,reviews_component_html,d,LLM_ROLE,HELD,1,reviews_component_html__LLMR_reviews_component_html_review_submit_alf_d.mut
LLMR_reviews_component_html_review_submit_alf_e,reviews_component_html,e,LLM_ROLE,HELD,1,reviews_component_html__LLMR_reviews_component_html_review_submit_alf_e.mut
LLMR_reviews_component_html_review_submit_alf_g,reviews_component_html,g,LLM_ROLE,HELD,1,reviews_component_html__LLMR_reviews_component_html_review_submit_alf_g.mut
LLMR_reviews_component_html_review_submit_alf_j,reviews_component_html,j,LLM_ROLE,HELD,1,reviews_component_html__LLMR_reviews_component_html_review_submit_alf_j.mut
LLMR_reviews_component_html_review_submit_alf_k,reviews_component_html,k,LLM_ROLE,HELD,1,reviews_component_html__LLMR_reviews_component_html_review_submit_alf_k.mut
LLMR_reviews_component_html_review_submit_bet_a,reviews_component_html,a,LLM_ROLE,HELD,1,reviews_component_html__LLMR_reviews_component_html_review_submit_bet_a.mut
LLMR_reviews_component_html_review_submit_bet_b,reviews_component_html,b,LLM_ROLE,HELD,1,reviews_component_html__LLMR_reviews_component_html_review_submit_bet_b.mut
LLMR_reviews_component_html_review_submit_bet_c,reviews_component_html,c,LLM_ROLE,HELD,1,reviews_component_html__LLMR_reviews_component_html_review_submit_bet_c.mut
LLMR_reviews_component_html_review_submit_bet_f,reviews_component_html,f,LLM_ROLE,HELD,1,reviews_component_html__LLMR_reviews_component_html_review_submit_bet_f.mut
LLMR_reviews_component_html_review_submit_bet_g,reviews_component_html,g,LLM_ROLE,HELD,1,reviews_component_html__LLMR_reviews_component_html_review_submit_bet_g.mut
LLMR_reviews_component_html_review_submit_bet_i,reviews_component_html,i,LLM_ROLE,HELD,1,reviews_component_html__LLMR_reviews_component_html_review_submit_bet_i.mut
LLMR_reviews_component_html_review_submit_bet_j,reviews_component_html,j,LLM_ROLE,HELD,1,reviews_component_html__LLMR_reviews_component_html_review_submit_bet_j.mut
LLMR_reviews_component_html_review_submit_bet_k,reviews_component_html,k,LLM_ROLE,HELD,1,reviews_component_html__LLMR_reviews_component_html_review_submit_bet_k.mut
LLMR_reviews_component_html_review_submit_gam_a,reviews_component_html,a,LLM_ROLE,HELD,1,reviews_component_html__LLMR_reviews_component_html_review_submit_gam_a.mut
LLMR_reviews_component_html_review_submit_gam_b,reviews_component_html,b,LLM_ROLE,HELD,1,reviews_component_html__LLMR_reviews_component_html_review_submit_gam_b.mut
LLMR_reviews_component_html_review_submit_gam_c,reviews_component_html,c,LLM_ROLE,HELD,1,reviews_component_html__LLMR_reviews_component_html_review_submit_gam_c.mut
LLMR_reviews_component_html_review_submit_gam_f,reviews_component_html,f,LLM_ROLE,HELD,1,reviews_component_html__LLMR_reviews_component_html_review_submit_gam_f.mut
LLMR_reviews_component_html_review_submit_gam_j,reviews_component_html,j,LLM_ROLE,HELD,1,reviews_component_html__LLMR_reviews_component_html_review_submit_gam_j.mut
LLMR_reviews_component_html_review_submit_gam_k,reviews_component_html,k,LLM_ROLE,HELD,1,reviews_component_html__LLMR_reviews_component_html_review_submit_gam_k.mut
LLMR_reviews_component_html_reviews_average_alf_a,reviews_component_html,a,LLM_ROLE,HELD,1,reviews_component_html__LLMR_reviews_component_html_reviews_average_alf_a.mut
LLMR_reviews_component_html_reviews_average_alf_b,reviews_component_html,b,LLM_ROLE,HELD,1,reviews_component_html__LLMR_reviews_component_html_reviews_average_alf_b.mut
LLMR_reviews_component_html_reviews_average_alf_c,reviews_component_html,c,LLM_ROLE,HELD,1,reviews_component_html__LLMR_reviews_component_html_reviews_average_alf_c.mut
LLMR_reviews_component_html_reviews_average_alf_d,reviews_component_html,d,LLM_ROLE,HELD,1,reviews_component_html__LLMR_reviews_component_html_reviews_average_alf_d.mut
LLMR_reviews_component_html_reviews_average_alf_e,reviews_component_html,e,LLM_ROLE,HELD,1,reviews_component_html__LLMR_reviews_component_html_reviews_average_alf_e.mut
LLMR_reviews_component_html_reviews_average_alf_f,reviews_component_html,f,LLM_ROLE,HELD,1,reviews_component_html__LLMR_reviews_component_html_reviews_average_alf_f.mut
LLMR_reviews_component_html_reviews_average_alf_g,reviews_component_html,g,LLM_ROLE,HELD,1,reviews_component_html__LLMR_reviews_component_html_reviews_average_alf_g.mut
LLMR_reviews_component_html_reviews_average_alf_j,reviews_component_html,j,LLM_ROLE,HELD,1,reviews_component_html__LLMR_reviews_component_html_reviews_average_alf_j.mut
LLMR_reviews_component_html_reviews_average_alf_k,reviews_component_html,k,LLM_ROLE,HELD,1,reviews_component_html__LLMR_reviews_component_html_reviews_average_alf_k.mut
LLMR_reviews_component_html_reviews_average_bet_a,reviews_component_html,a,LLM_ROLE,HELD,1,reviews_component_html__LLMR_reviews_component_html_reviews_average_bet_a.mut
LLMR_reviews_component_html_reviews_average_bet_b,reviews_component_html,b,LLM_ROLE,HELD,1,reviews_component_html__LLMR_reviews_component_html_reviews_average_bet_b.mut
LLMR_reviews_component_html_reviews_average_bet_c,reviews_component_html,c,LLM_ROLE,HELD,1,reviews_component_html__LLMR_reviews_component_html_reviews_average_bet_c.mut
LLMR_reviews_component_html_reviews_average_bet_d,reviews_component_html,d,LLM_ROLE,HELD,1,reviews_component_html__LLMR_reviews_component_html_reviews_average_bet_d.mut
LLMR_reviews_component_html_reviews_average_bet_e,reviews_component_html,e,LLM_ROLE,HELD,1,reviews_component_html__LLMR_reviews_component_html_reviews_average_bet_e.mut
LLMR_reviews_component_html_reviews_average_bet_f,reviews_component_html,f,LLM_ROLE,HELD,1,reviews_component_html__LLMR_reviews_component_html_reviews_average_bet_f.mut
LLMR_reviews_component_html_reviews_average_bet_j,reviews_component_html,j,LLM_ROLE,HELD,1,reviews_component_html__LLMR_reviews_component_html_reviews_average_bet_j.mut
LLMR_reviews_component_html_reviews_average_bet_k,reviews_component_html,k,LLM_ROLE,HELD,1,reviews_component_html__LLMR_reviews_component_html_reviews_average_bet_k.mut
LLMR_reviews_component_html_reviews_average_del_a,reviews_component_html,a,LLM_ROLE,HELD,1,reviews_component_html__LLMR_reviews_component_html_reviews_average_del_a.mut
LLMR_reviews_component_html_reviews_average_del_b,reviews_component_html,b,LLM_ROLE,HELD,1,reviews_component_html__LLMR_reviews_component_html_reviews_average_del_b.mut
LLMR_reviews_component_html_reviews_average_del_c,reviews_component_html,c,LLM_ROLE,HELD,1,reviews_component_html__LLMR_reviews_component_html_reviews_average_del_c.mut
LLMR_reviews_component_html_reviews_average_del_d,reviews_component_html,d,LLM_ROLE,HELD,1,reviews_component_html__LLMR_reviews_component_html_reviews_average_del_d.mut
LLMR_reviews_component_html_reviews_average_del_e,reviews_component_html,e,LLM_ROLE,HELD,1,reviews_component_html__LLMR_reviews_component_html_reviews_average_del_e.mut
LLMR_reviews_component_html_reviews_average_del_f,reviews_component_html,f,LLM_ROLE,HELD,1,reviews_component_html__LLMR_reviews_component_html_reviews_average_del_f.mut
LLMR_reviews_component_html_reviews_average_del_g,reviews_component_html,g,LLM_ROLE,HELD,1,reviews_component_html__LLMR_reviews_component_html_reviews_average_del_g.mut
LLMR_reviews_component_html_reviews_average_del_j,reviews_component_html,j,LLM_ROLE,HELD,1,reviews_component_html__LLMR_reviews_component_html_reviews_average_del_j.mut
LLMR_reviews_component_html_reviews_average_del_k,reviews_component_html,k,LLM_ROLE,HELD,1,reviews_component_html__LLMR_reviews_component_html_reviews_average_del_k.mut
LLMR_h_genre_count_alf,stats_component_html,h,LLM_ROLE,COMPLETE,2,stats_component_html__LLMR_h_genre_count_alf.mut
LLMR_h_genre_count_del,stats_component_html,h,LLM_ROLE,COMPLETE,2,stats_component_html__LLMR_h_genre_count_del.mut
LLMR_h_genre_row_alf,stats_component_html,h,LLM_ROLE,COMPLETE,2,stats_component_html__LLMR_h_genre_row_alf.mut
LLMR_h_genre_row_bet,stats_component_html,h,LLM_ROLE,COMPLETE,2,stats_component_html__LLMR_h_genre_row_bet.mut
LLMR_h_genre_row_gam,stats_component_html,h,LLM_ROLE,COMPLETE,2,stats_component_html__LLMR_h_genre_row_gam.mut
LLMR_h_stat_favorites_value_alf,stats_component_html,h,LLM_ROLE,COMPLETE,2,stats_component_html__LLMR_h_stat_favorites_value_alf.mut
LLMR_h_stat_favorites_value_bet,stats_component_html,h,LLM_ROLE,COMPLETE,2,stats_component_html__LLMR_h_stat_favorites_value_bet.mut
LLMR_h_stat_favorites_value_del,stats_component_html,h,LLM_ROLE,COMPLETE,2,stats_component_html__LLMR_h_stat_favorites_value_del.mut
LLMR_h_stat_total_value_alf,stats_component_html,h,LLM_ROLE,COMPLETE,2,stats_component_html__LLMR_h_stat_total_value_alf.mut
LLMR_h_stat_total_value_bet,stats_component_html,h,LLM_ROLE,COMPLETE,2,stats_component_html__LLMR_h_stat_total_value_bet.mut
LLMR_h_stat_total_value_del,stats_component_html,h,LLM_ROLE,COMPLETE,2,stats_component_html__LLMR_h_stat_total_value_del.mut
LLMR_h_stat_total_value_gam,stats_component_html,h,LLM_ROLE,COMPLETE,2,stats_component_html__LLMR_h_stat_total_value_gam.mut
LLMR_h_stats_heading_alf,stats_component_html,h,LLM_ROLE,COMPLETE,2,stats_component_html__LLMR_h_stats_heading_alf.mut
LLMR_h_stats_heading_bet,stats_component_html,h,LLM_ROLE,COMPLETE,2,stats_component_html__LLMR_h_stats_heading_bet.mut
LLMR_h_top_row_alf,stats_component_html,h,LLM_ROLE,COMPLETE,2,stats_component_html__LLMR_h_top_row_alf.mut
LLMR_h_top_row_bet,stats_component_html,h,LLM_ROLE,COMPLETE,2,stats_component_html__LLMR_h_top_row_bet.mut
LLMR_h_top_row_eps,stats_component_html,h,LLM_ROLE,COMPLETE,2,stats_component_html__LLMR_h_top_row_eps.mut
LLMR_h_top_row_gam,stats_component_html,h,LLM_ROLE,COMPLETE,2,stats_component_html__LLMR_h_top_row_gam.mut
LLMR_h_top_title_alf,stats_component_html,h,LLM_ROLE,COMPLETE,2,stats_component_html__LLMR_h_top_title_alf.mut
LLMR_h_top_title_bet,stats_component_html,h,LLM_ROLE,COMPLETE,2,stats_component_html__LLMR_h_top_title_bet.mut
LLMR_stats_component_html_genre_count_alf_a,stats_component_html,a,LLM_ROLE,COMPLETE,1,stats_component_html__LLMR_stats_component_html_genre_count_alf_a.mut
LLMR_stats_component_html_genre_count_alf_b,stats_component_html,b,LLM_ROLE,COMPLETE,1,stats_component_html__LLMR_stats_component_html_genre_count_alf_b.mut
LLMR_stats_component_html_genre_count_alf_c,stats_component_html,c,LLM_ROLE,COMPLETE,1,stats_component_html__LLMR_stats_component_html_genre_count_alf_c.mut
LLMR_stats_component_html_genre_count_alf_d,stats_component_html,d,LLM_ROLE,COMPLETE,1,stats_component_html__LLMR_stats_component_html_genre_count_alf_d.mut
LLMR_stats_component_html_genre_count_alf_e,stats_component_html,e,LLM_ROLE,COMPLETE,1,stats_component_html__LLMR_stats_component_html_genre_count_alf_e.mut
LLMR_stats_component_html_genre_count_alf_f,stats_component_html,f,LLM_ROLE,COMPLETE,1,stats_component_html__LLMR_stats_component_html_genre_count_alf_f.mut
LLMR_stats_component_html_genre_count_alf_g,stats_component_html,g,LLM_ROLE,COMPLETE,1,stats_component_html__LLMR_stats_component_html_genre_count_alf_g.mut
LLMR_stats_component_html_genre_count_alf_j,stats_component_html,j,LLM_ROLE,COMPLETE,1,stats_component_html__LLMR_stats_component_html_genre_count_alf_j.mut
LLMR_stats_component_html_genre_count_alf_k,stats_component_html,k,LLM_ROLE,COMPLETE,1,stats_component_html__LLMR_stats_component_html_genre_count_alf_k.mut
LLMR_stats_component_html_genre_count_del_a,stats_component_html,a,LLM_ROLE,COMPLETE,1,stats_component_html__LLMR_stats_component_html_genre_count_del_a.mut
LLMR_stats_component_html_genre_count_del_b,stats_component_html,b,LLM_ROLE,COMPLETE,1,stats_component_html__LLMR_stats_component_html_genre_count_del_b.mut
LLMR_stats_component_html_genre_count_del_c,stats_component_html,c,LLM_ROLE,COMPLETE,1,stats_component_html__LLMR_stats_component_html_genre_count_del_c.mut
LLMR_stats_component_html_genre_count_del_f,stats_component_html,f,LLM_ROLE,COMPLETE,1,stats_component_html__LLMR_stats_component_html_genre_count_del_f.mut
LLMR_stats_component_html_genre_count_del_g,stats_component_html,g,LLM_ROLE,COMPLETE,1,stats_component_html__LLMR_stats_component_html_genre_count_del_g.mut
LLMR_stats_component_html_genre_count_del_i,stats_component_html,i,LLM_ROLE,COMPLETE,1,stats_component_html__LLMR_stats_component_html_genre_count_del_i.mut
LLMR_stats_component_html_genre_count_del_j,stats_component_html,j,LLM_ROLE,COMPLETE,1,stats_component_html__LLMR_stats_component_html_genre_count_del_j.mut
LLMR_stats_component_html_genre_count_del_k,stats_component_html,k,LLM_ROLE,COMPLETE,1,stats_component_html__LLMR_stats_component_html_genre_count_del_k.mut
LLMR_stats_component_html_genre_row_alf_a,stats_component_html,a,LLM_ROLE,COMPLETE,1,stats_component_html__LLMR_stats_component_html_genre_row_alf_a.mut
LLMR_stats_component_html_genre_row_alf_b,stats_component_html,b,LLM_ROLE,COMPLETE,1,stats_component_html__LLMR_stats_component_html_genre_row_alf_b.mut
LLMR_stats_component_html_genre_row_alf_c,stats_component_html,c,LLM_ROLE,COMPLETE,1,stats_component_html__LLMR_stats_component_html_genre_row_alf_c.mut
LLMR_stats_component_html_genre_row_alf_g,stats_component_html,g,LLM_ROLE,COMPLETE,1,stats_component_html__LLMR_stats_component_html_genre_row_alf_g.mut
LLMR_stats_component_html_genre_row_alf_j,stats_component_html,j,LLM_ROLE,COMPLETE,1,stats_component_html__LLMR_stats_component_html_genre_row_alf_j.mut
LLMR_stats_component_html_genre_row_alf_k,stats_component_html,k,LLM_ROLE,COMPLETE,1,stats_component_html__LLMR_stats_component_html_genre_row_alf_k.mut
LLMR_stats_component_html_genre_row_bet_a,stats_component_html,a,LLM_ROLE,COMPLETE,1,stats_component_html__LLMR_stats_component_html_genre_row_bet_a.mut
LLMR_stats_component_html_genre_row_bet_b,stats_component_html,b,LLM_ROLE,COMPLETE,1,stats_component_html__LLMR_stats_component_html_genre_row_bet_b.mut
LLMR_stats_component_html_genre_row_bet_c,stats_component_html,c,LLM_ROLE,COMPLETE,1,stats_component_html__LLMR_stats_component_html_genre_row_bet_c.mut
LLMR_stats_component_html_genre_row_bet_d,stats_component_html,d,LLM_ROLE,COMPLETE,1,stats_component_html__LLMR_stats_component_html_genre_row_bet_d.mut
LLMR_stats_component_html_genre_row_bet_e,stats_component_html,e,LLM_ROLE,COMPLETE,1,stats_component_html__LLMR_stats_component_html_genre_row_bet_e.mut
LLMR_stats_component_html_genre_row_bet_g,stats_component_html,g,LLM_ROLE,COMPLETE,1,stats_component_html__LLMR_stats_component_html_genre_row_bet_g.mut
LLMR_stats_component_html_genre_row_bet_j,stats_component_html,j,LLM_ROLE,COMPLETE,1,stats_component_html__LLMR_stats_component_html_genre_row_bet_j.mut
LLMR_stats_component_html_genre_row_bet_k,stats_component_html,k,LLM_ROLE,COMPLETE,1,stats_component_html__LLMR_stats_component_html_genre_row_bet_k.mut
LLMR_stats_component_html_genre_row_gam_a,stats_component_html,a,LLM_ROLE,COMPLETE,1,stats_component_html__LLMR_stats_component_html_genre_row_gam_a.mut
LLMR_stats_component_html_genre_row_gam_b,stats_component_html,b,LLM_ROLE,COMPLETE,1,stats_component_html__LLMR_stats_component_html_genre_row_gam_b.mut
LLMR_stats_component_html_genre_row_gam_c,stats_component_html,c,LLM_ROLE,COMPLETE,1,stats_component_html__LLMR_stats_component_html_genre_row_gam_c.mut
LLMR_stats_component_html_genre_row_gam_f,stats_component_html,f,LLM_ROLE,COMPLETE,1,stats_component_html__LLMR_stats_component_html_genre_row_gam_f.mut
LLMR_stats_component_html_genre_row_gam_g,stats_component_html,g,LLM_ROLE,COMPLETE,1,stats_component_html__LLMR_stats_component_html_genre_row_gam_g.mut
LLMR_stats_component_html_genre_row_gam_i,stats_component_html,i,LLM_ROLE,COMPLETE,1,stats_component_html__LLMR_stats_component_html_genre_row_gam_i.mut
LLMR_stats_component_html_genre_row_gam_j,stats_component_html,j,LLM_ROLE,COMPLETE,1,stats_component_html__LLMR_stats_component_html_genre_row_gam_j.mut
LLMR_stats_component_html_genre_row_gam_k,stats_component_html,k,LLM_ROLE,COMPLETE,1,stats_component_html__LLMR_stats_component_html_genre_row_gam_k.mut
LLMR_stats_component_html_stat_favorites_value_alf_a,stats_component_html,a,LLM_ROLE,COMPLETE,1,stats_component_html__LLMR_stats_component_html_stat_favorites_value_alf_a.mut
LLMR_stats_component_html_stat_favorites_value_alf_b,stats_component_html,b,LLM_ROLE,COMPLETE,1,stats_component_html__LLMR_stats_component_html_stat_favorites_value_alf_b.mut
LLMR_stats_component_html_stat_favorites_value_alf_c,stats_component_html,c,LLM_ROLE,COMPLETE,1,stats_component_html__LLMR_stats_component_html_stat_favorites_value_alf_c.mut
LLMR_stats_component_html_stat_favorites_value_alf_d,stats_component_html,d,LLM_ROLE,COMPLETE,1,stats_component_html__LLMR_stats_component_html_stat_favorites_value_alf_d.mut
LLMR_stats_component_html_stat_favorites_value_alf_e,stats_component_html,e,LLM_ROLE,COMPLETE,1,stats_component_html__LLMR_stats_component_html_stat_favorites_value_alf_e.mut
LLMR_stats_component_html_stat_favorites_value_alf_f,stats_component_html,f,LLM_ROLE,COMPLETE,1,stats_component_html__LLMR_stats_component_html_stat_favorites_value_alf_f.mut
LLMR_stats_component_html_stat_favorites_value_alf_g,stats_component_html,g,LLM_ROLE,COMPLETE,1,stats_component_html__LLMR_stats_component_html_stat_favorites_value_alf_g.mut
LLMR_stats_component_html_stat_favorites_value_alf_j,stats_component_html,j,LLM_ROLE,COMPLETE,1,stats_component_html__LLMR_stats_component_html_stat_favorites_value_alf_j.mut
LLMR_stats_component_html_stat_favorites_value_alf_k,stats_component_html,k,LLM_ROLE,COMPLETE,1,stats_component_html__LLMR_stats_component_html_stat_favorites_value_alf_k.mut
LLMR_stats_component_html_stat_favorites_value_bet_a,stats_component_html,a,LLM_ROLE,COMPLETE,1,stats_component_html__LLMR_stats_component_html_stat_favorites_value_bet_a.mut
LLMR_stats_component_html_stat_favorites_value_bet_b,stats_component_html,b,LLM_ROLE,COMPLETE,1,stats_component_html__LLMR_stats_component_html_stat_favorites_value_bet_b.mut
LLMR_stats_component_html_stat_favorites_value_bet_c,stats_component_html,c,LLM_ROLE,COMPLETE,1,stats_component_html__LLMR_stats_component_html_stat_favorites_value_bet_c.mut
LLMR_stats_component_html_stat_favorites_value_bet_f,stats_component_html,f,LLM_ROLE,COMPLETE,1,stats_component_html__LLMR_stats_component_html_stat_favorites_value_bet_f.mut
LLMR_stats_component_html_stat_favorites_value_bet_g,stats_component_html,g,LLM_ROLE,COMPLETE,1,stats_component_html__LLMR_stats_component_html_stat_favorites_value_bet_g.mut
LLMR_stats_component_html_stat_favorites_value_bet_j,stats_component_html,j,LLM_ROLE,COMPLETE,1,stats_component_html__LLMR_stats_component_html_stat_favorites_value_bet_j.mut
LLMR_stats_component_html_stat_favorites_value_bet_k,stats_component_html,k,LLM_ROLE,COMPLETE,1,stats_component_html__LLMR_stats_component_html_stat_favorites_value_bet_k.mut
LLMR_stats_component_html_stat_favorites_value_del_a,stats_component_html,a,LLM_ROLE,COMPLETE,1,stats_component_html__LLMR_stats_component_html_stat_favorites_value_del_a.mut
LLMR_stats_component_html_stat_favorites_value_del_b,stats_component_html,b,LLM_ROLE,COMPLETE,1,stats_component_html__LLMR_stats_component_html_stat_favorites_value_del_b.mut
LLMR_stats_component_html_stat_favorites_value_del_c,stats_component_html,c,LLM_ROLE,COMPLETE,1,stats_component_html__LLMR_stats_component_html_stat_favorites_value_del_c.mut
LLMR_stats_component_html_stat_favorites_value_del_d,stats_component_html,d,LLM_ROLE,COMPLETE,1,stats_component_html__LLMR_stats_component_html_stat_favorites_value_del_d.mut
LLMR_stats_component_html_stat_favorites_value_del_e,stats_component_html,e,LLM_ROLE,COMPLETE,1,stats_component_html__LLMR_stats_component_html_stat_favorites_value_del_e.mut
LLMR_stats_component_html_stat_favorites_value_del_f,stats_component_html,f,LLM_ROLE,COMPLETE,1,stats_component_html__LLMR_stats_component_html_stat_favorites_value_del_f.mut
LLMR_stats_component_html_stat_favorites_value_del_g,stats_component_html,g,LLM_ROLE,COMPLETE,1,stats_component_html__LLMR_stats_component_html_stat_favorites_value_del_g.mut
LLMR_stats_component_html_stat_favorites_value_del_i,stats_component_html,i,LLM_ROLE,COMPLETE,1,stats_component_html__LLMR_stats_component_html_stat_favorites_value_del_i.mut
LLMR_stats_component_html_stat_favorites_value_del_j,stats_component_html,j,LLM_ROLE,COMPLETE,1,stats_component_html__LLMR_stats_component_html_stat_favorites_value_del_j.mut
LLMR_stats_component_html_stat_favorites_value_del_k,stats_component_html,k,LLM_ROLE,COMPLETE,1,stats_component_html__LLMR_stats_component_html_stat_favorites_value_del_k.mut
LLMR_stats_component_html_stat_total_value_alf_a,stats_component_html,a,LLM_ROLE,COMPLETE,1,stats_component_html__LLMR_stats_component_html_stat_total_value_alf_a.mut
LLMR_stats_component_html_stat_total_value_alf_b,stats_component_html,b,LLM_ROLE,COMPLETE,1,stats_component_html__LLMR_stats_component_html_stat_total_value_alf_b.mut
LLMR_stats_component_html_stat_total_value_alf_c,stats_component_html,c,LLM_ROLE,COMPLETE,1,stats_component_html__LLMR_stats_component_html_stat_total_value_alf_c.mut
LLMR_stats_component_html_stat_total_value_alf_d,stats_component_html,d,LLM_ROLE,COMPLETE,1,stats_component_html__LLMR_stats_component_html_stat_total_value_alf_d.mut
LLMR_stats_component_html_stat_total_value_alf_e,stats_component_html,e,LLM_ROLE,COMPLETE,1,stats_component_html__LLMR_stats_component_html_stat_total_value_alf_e.mut
LLMR_stats_component_html_stat_total_value_alf_f,stats_component_html,f,LLM_ROLE,COMPLETE,1,stats_component_html__LLMR_stats_component_html_stat_total_value_alf_f.mut
LLMR_stats_component_html_stat_total_value_alf_g,stats_component_html,g,LLM_ROLE,COMPLETE,1,stats_component_html__LLMR_stats_component_html_stat_total_value_alf_g.mut
LLMR_stats_component_html_stat_total_value_alf_j,stats_component_html,j,LLM_ROLE,COMPLETE,1,stats_component_html__LLMR_stats_component_html_stat_total_value_alf_j.mut
LLMR_stats_component_html_stat_total_value_alf_k,stats_component_html,k,LLM_ROLE,COMPLETE,1,stats_component_html__LLMR_stats_component_html_stat_total_value_alf_k.mut
LLMR_stats_component_html_stat_total_value_bet_a,stats_component_html,a,LLM_ROLE,COMPLETE,1,stats_component_html__LLMR_stats_component_html_stat_total_value_bet_a.mut
LLMR_stats_component_html_stat_total_value_bet_b,stats_component_html,b,LLM_ROLE,COMPLETE,1,stats_component_html__LLMR_stats_component_html_stat_total_value_bet_b.mut
LLMR_stats_component_html_stat_total_value_bet_c,stats_component_html,c,LLM_ROLE,COMPLETE,1,stats_component_html__LLMR_stats_component_html_stat_total_value_bet_c.mut
LLMR_stats_component_html_stat_total_value_bet_f,stats_component_html,f,LLM_ROLE,COMPLETE,1,stats_component_html__LLMR_stats_component_html_stat_total_value_bet_f.mut
LLMR_stats_component_html_stat_total_value_bet_g,stats_component_html,g,LLM_ROLE,COMPLETE,1,stats_component_html__LLMR_stats_component_html_stat_total_value_bet_g.mut
LLMR_stats_component_html_stat_total_value_bet_j,stats_component_html,j,LLM_ROLE,COMPLETE,1,stats_component_html__LLMR_stats_component_html_stat_total_value_bet_j.mut
LLMR_stats_component_html_stat_total_value_bet_k,stats_component_html,k,LLM_ROLE,COMPLETE,1,stats_component_html__LLMR_stats_component_html_stat_total_value_bet_k.mut
LLMR_stats_component_html_stat_total_value_del_a,stats_component_html,a,LLM_ROLE,COMPLETE,1,stats_component_html__LLMR_stats_component_html_stat_total_value_del_a.mut
LLMR_stats_component_html_stat_total_value_del_b,stats_component_html,b,LLM_ROLE,COMPLETE,1,stats_component_html__LLMR_stats_component_html_stat_total_value_del_b.mut
LLMR_stats_component_html_stat_total_value_del_c,stats_component_html,c,LLM_ROLE,COMPLETE,1,stats_component_html__LLMR_stats_component_html_stat_total_value_del_c.mut
LLMR_stats_component_html_stat_total_value_del_d,stats_component_html,d,LLM_ROLE,COMPLETE,1,stats_component_html__LLMR_stats_component_html_stat_total_value_del_d.mut
LLMR_stats_component_html_stat_total_value_del_e,stats_component_html,e,LLM_ROLE,COMPLETE,1,stats_component_html__LLMR_stats_component_html_stat_total_value_del_e.mut
LLMR_stats_component_html_stat_total_value_del_f,stats_component_html,f,LLM_ROLE,COMPLETE,1,stats_component_html__LLMR_stats_component_html_stat_total_value_del_f.mut
LLMR_stats_component_html_stat_total_value_del_g,stats_component_html,g,LLM_ROLE,COMPLETE,1,stats_component_html__LLMR_stats_component_html_stat_total_value_del_g.mut
LLMR_stats_component_html_stat_total_value_del_i,stats_component_html,i,LLM_ROLE,COMPLETE,1,stats_component_html__LLMR_stats_component_html_stat_total_value_del_i.mut
LLMR_stats_component_html_stat_total_value_del_j,stats_component_html,j,LLM_ROLE,COMPLETE,1,stats_component_html__LLMR_stats_component_html_stat_total_value_del_j.mut
LLMR_stats_component_html_stat_total_value_del_k,stats_component_html,k,LLM_ROLE,COMPLETE,1,stats_component_html__LLMR_stats_component_html_stat_total_value_del_k.mut
LLMR_stats_component_html_stat_total_value_gam_a,stats_component_html,a,LLM_ROLE,COMPLETE,1,stats_component_html__LLMR_stats_component_html_stat_total_value_gam_a.mut
LLMR_stats_component_html_stat_total_value_gam_b,stats_component_html,b,LLM_ROLE,COMPLETE,1,stats_component_html__LLMR_stats_component_html_stat_total_value_gam_b.mut
LLMR_stats_component_html_stat_total_value_gam_c,stats_component_html,c,LLM_ROLE,COMPLETE,1,stats_component_html__LLMR_stats_component_html_stat_total_value_gam_c.mut
LLMR_stats_component_html_stat_total_value_gam_f,stats_component_html,f,LLM_ROLE,COMPLETE,1,stats_component_html__LLMR_stats_component_html_stat_total_value_gam_f.mut
LLMR_stats_component_html_stat_total_value_gam_j,stats_component_html,j,LLM_ROLE,COMPLETE,1,stats_component_html__LLMR_stats_component_html_stat_total_value_gam_j.mut
LLMR_stats_component_html_stat_total_value_gam_k,stats_component_html,k,LLM_ROLE,COMPLETE,1,stats_component_html__LLMR_stats_component_html_stat_total_value_gam_k.mut
LLMR_stats_component_html_stats_heading_alf_a,stats_component_html,a,LLM_ROLE,COMPLETE,1,stats_component_html__LLMR_stats_component_html_stats_heading_alf_a.mut
LLMR_stats_component_html_stats_heading_alf_b,stats_component_html,b,LLM_ROLE,COMPLETE,1,stats_component_html__LLMR_stats_component_html_stats_heading_alf_b.mut
LLMR_stats_component_html_stats_heading_alf_c,stats_component_html,c,LLM_ROLE,COMPLETE,1,stats_component_html__LLMR_stats_component_html_stats_heading_alf_c.mut
LLMR_stats_component_html_stats_heading_alf_d,stats_component_html,d,LLM_ROLE,COMPLETE,1,stats_component_html__LLMR_stats_component_html_stats_heading_alf_d.mut
LLMR_stats_component_html_stats_heading_alf_e,stats_component_html,e,LLM_ROLE,COMPLETE,1,stats_component_html__LLMR_stats_component_html_stats_heading_alf_e.mut
LLMR_stats_component_html_stats_heading_alf_f,stats_component_html,f,LLM_ROLE,COMPLETE,1,stats_component_html__LLMR_stats_component_html_stats_heading_alf_f.mut
LLMR_stats_component_html_stats_heading_alf_j,stats_component_html,j,LLM_ROLE,COMPLETE,1,stats_component_html__LLMR_stats_component_html_stats_heading_alf_j.mut
LLMR_stats_component_html_stats_heading_alf_k,stats_component_html,k,LLM_ROLE,COMPLETE,1,stats_component_html__LLMR_stats_component_html_stats_heading_alf_k.mut
LLMR_stats_component_html_stats_heading_bet_a,stats_component_html,a,LLM_ROLE,COMPLETE,1,stats_component_html__LLMR_stats_component_html_stats_heading_bet_a.mut
LLMR_stats_component_html_stats_heading_bet_b,stats_component_html,b,LLM_ROLE,COMPLETE,1,stats_component_html__LLMR_stats_component_html_stats_heading_bet_b.mut
LLMR_stats_component_html_stats_heading_bet_c,stats_component_html,c,LLM_ROLE,COMPLETE,1,stats_component_html__LLMR_stats_component_html_stats_heading_bet_c.mut
LLMR_stats_component_html_stats_heading_bet_j,stats_component_html,j,LLM_ROLE,COMPLETE,1,stats_component_html__LLMR_stats_component_html_stats_heading_bet_j.mut
LLMR_stats_component_html_stats_heading_bet_k,stats_component_html,k,LLM_ROLE,COMPLETE,1,stats_component_html__LLMR_stats_component_html_stats_heading_bet_k.mut
LLMR_stats_component_html_top_row_alf_g,stats_component_html,g,LLM_ROLE,COMPLETE,1,stats_component_html__LLMR_stats_component_html_top_row_alf_g.mut
LLMR_stats_component_html_top_row_alf_j,stats_component_html,j,LLM_ROLE,COMPLETE,1,stats_component_html__LLMR_stats_component_html_top_row_alf_j.mut
LLMR_stats_component_html_top_row_bet_f,stats_component_html,f,LLM_ROLE,COMPLETE,1,stats_component_html__LLMR_stats_component_html_top_row_bet_f.mut
LLMR_stats_component_html_top_row_bet_g,stats_component_html,g,LLM_ROLE,COMPLETE,1,stats_component_html__LLMR_stats_component_html_top_row_bet_g.mut
LLMR_stats_component_html_top_row_bet_k,stats_component_html,k,LLM_ROLE,COMPLETE,1,stats_component_html__LLMR_stats_component_html_top_row_bet_k.mut
LLMR_stats_component_html_top_row_eps_a,stats_component_html,a,LLM_ROLE,COMPLETE,1,stats_component_html__LLMR_stats_component_html_top_row_eps_a.mut
LLMR_stats_component_html_top_row_eps_b,stats_component_html,b,LLM_ROLE,COMPLETE,1,stats_component_html__LLMR_stats_component_html_top_row_eps_b.mut
LLMR_stats_component_html_top_row_eps_c,stats_component_html,c,LLM_ROLE,COMPLETE,1,stats_component_html__LLMR_stats_component_html_top_row_eps_c.mut
LLMR_stats_component_html_top_row_eps_f,stats_component_html,f,LLM_ROLE,COMPLETE,1,stats_component_html__LLMR_stats_component_html_top_row_eps_f.mut
LLMR_stats_component_html_top_row_eps_g,stats_component_html,g,LLM_ROLE,COMPLETE,1,stats_component_html__LLMR_stats_component_html_top_row_eps_g.mut
LLMR_stats_component_html_top_row_eps_i,stats_component_html,i,LLM_ROLE,COMPLETE,1,stats_component_html__LLMR_stats_component_html_top_row_eps_i.mut
LLMR_stats_component_html_top_row_eps_j,stats_component_html,j,LLM_ROLE,COMPLETE,1,stats_component_html__LLMR_stats_component_html_top_row_eps_j.mut
LLMR_stats_component_html_top_row_eps_k,stats_component_html,k,LLM_ROLE,COMPLETE,1,stats_component_html__LLMR_stats_component_html_top_row_eps_k.mut
LLMR_stats_component_html_top_row_gam_a,stats_component_html,a,LLM_ROLE,COMPLETE,1,stats_component_html__LLMR_stats_component_html_top_row_gam_a.mut
LLMR_stats_component_html_top_row_gam_b,stats_component_html,b,LLM_ROLE,COMPLETE,1,stats_component_html__LLMR_stats_component_html_top_row_gam_b.mut
LLMR_stats_component_html_top_row_gam_c,stats_component_html,c,LLM_ROLE,COMPLETE,1,stats_component_html__LLMR_stats_component_html_top_row_gam_c.mut
LLMR_stats_component_html_top_row_gam_g,stats_component_html,g,LLM_ROLE,COMPLETE,1,stats_component_html__LLMR_stats_component_html_top_row_gam_g.mut
LLMR_stats_component_html_top_row_gam_k,stats_component_html,k,LLM_ROLE,COMPLETE,1,stats_component_html__LLMR_stats_component_html_top_row_gam_k.mut
LLMR_stats_component_html_top_title_alf_a,stats_component_html,a,LLM_ROLE,COMPLETE,1,stats_component_html__LLMR_stats_component_html_top_title_alf_a.mut
LLMR_stats_component_html_top_title_alf_b,stats_component_html,b,LLM_ROLE,COMPLETE,1,stats_component_html__LLMR_stats_component_html_top_title_alf_b.mut
LLMR_stats_component_html_top_title_alf_c,stats_component_html,c,LLM_ROLE,COMPLETE,1,stats_component_html__LLMR_stats_component_html_top_title_alf_c.mut
LLMR_stats_component_html_top_title_alf_d,stats_component_html,d,LLM_ROLE,COMPLETE,1,stats_component_html__LLMR_stats_component_html_top_title_alf_d.mut
LLMR_stats_component_html_top_title_alf_e,stats_component_html,e,LLM_ROLE,COMPLETE,1,stats_component_html__LLMR_stats_component_html_top_title_alf_e.mut
LLMR_stats_component_html_top_title_alf_g,stats_component_html,g,LLM_ROLE,COMPLETE,1,stats_component_html__LLMR_stats_component_html_top_title_alf_g.mut
LLMR_stats_component_html_top_title_alf_j,stats_component_html,j,LLM_ROLE,COMPLETE,1,stats_component_html__LLMR_stats_component_html_top_title_alf_j.mut
LLMR_stats_component_html_top_title_alf_k,stats_component_html,k,LLM_ROLE,COMPLETE,1,stats_component_html__LLMR_stats_component_html_top_title_alf_k.mut
LLMR_stats_component_html_top_title_bet_f,stats_component_html,f,LLM_ROLE,COMPLETE,1,stats_component_html__LLMR_stats_component_html_top_title_bet_f.mut
LLMR_stats_component_html_top_title_bet_g,stats_component_html,g,LLM_ROLE,COMPLETE,1,stats_component_html__LLMR_stats_component_html_top_title_bet_g.mut
LLMR_stats_component_html_top_title_bet_i,stats_component_html,i,LLM_ROLE,COMPLETE,1,stats_component_html__LLMR_stats_component_html_top_title_bet_i.mut
LLMR_stats_component_html_top_title_bet_k,stats_component_html,k,LLM_ROLE,COMPLETE,1,stats_component_html__LLMR_stats_component_html_top_title_bet_k.mut
