Target,TargetAttr,File,Role,Operator,OpName,Decision,Reason,MutationId
app-footer-brand,x-test-footer-brand,app_component_html,alpha-target,h,HTML Tag Movement (between two templates),NA,between-templates-na-perfile,-
app-footer-brand,x-test-footer-brand,app_component_html,alpha-target,i,HTML Tag Removal,NA,would-drop-x-test,-
app-footer-brand,x-test-footer-brand,app_component_html,alpha-target,a,Attribute Value Modification,APPLICABLE,,-
app-footer-brand,x-test-footer-brand,app_component_html,alpha-target,b,Attribute Removal,APPLICABLE,,-
app-footer-brand,x-test-footer-brand,app_component_html,alpha-target,c,Attribute Identifier Modification,APPLICABLE,,-
app-footer-brand,x-test-footer-brand,app_component_html,alpha-target,d,Text Content Modification,APPLICABLE,,-
app-footer-brand,x-test-footer-brand,app_component_html,alpha-target,e,Text Content Removal,APPLICABLE,,-
app-footer-brand,x-test-footer-brand,app_component_html,alpha-target,f,HTML Tag Movement (within a container),APPLICABLE,,-
app-footer-brand,x-test-footer-brand,app_component_html,alpha-target,g,HTML Tag Movement (any point of the HTML tree),APPLICABLE,,-
app-footer-brand,x-test-footer-brand,app_component_html,alpha-target,j,HTML Tag Type Modification,APPLICABLE,,-
app-footer-brand,x-test-footer-brand,app_component_html,alpha-target,k,HTML Tag Insertion,APPLICABLE,,-
app-footer-brand,x-test-footer-brand,app_component_html,beta-parent,d,Text Content Modification,NA,no-text-content,-
app-footer-brand,x-test-footer-brand,app_component_html,beta-parent,e,Text Content Removal,NA,no-text-content,-
app-footer-brand,x-test-footer-brand,app_component_html,beta-parent,h,HTML Tag Movement (between two templates),NA,between-templates-na-perfile,-
app-footer-brand,x-test-footer-brand,app_component_html,beta-parent,a,Attribute Value Modification,APPLICABLE,,-
app-footer-brand,x-test-footer-brand,app_component_html,beta-parent,b,Attribute Removal,APPLICABLE,,-
app-footer-brand,x-test-footer-brand,app_component_html,beta-parent,c,Attribute Identifier Modification,APPLICABLE,,-
app-footer-brand,x-test-footer-brand,app_component_html,beta-parent,f,HTML Tag Movement (within a container),APPLICABLE,,-
app-footer-brand,x-test-footer-brand,app_component_html,beta-parent,g,HTML Tag Movement (any point of the HTML tree),APPLICABLE,,-
app-footer-brand,x-test-footer-brand,app_component_html,beta-parent,i,HTML Tag Removal,APPLICABLE,,-
app-footer-brand,x-test-footer-brand,app_component_html,beta-parent,j,HTML Tag Type Modification,APPLICABLE,,-
app-footer-brand,x-test-footer-brand,app_component_html,beta-parent,k,HTML Tag Insertion,APPLICABLE,,-
app-footer-brand,x-test-footer-brand,app_component_html,gamma-ancestor,d,Text Content Modification,NA,no-text-content,-
app-footer-brand,x-test-footer-brand,app_component_html,gamma-ancestor,e,Text Content Removal,NA,no-text-content,-
app-footer-brand,x-test-footer-brand,app_component_html,gamma-ancestor,f,HTML Tag Movement (within a container),NA,no-sibling-to-reorder,-
app-footer-brand,x-test-footer-brand,app_component_html,gamma-ancestor,h,HTML Tag Movement (between two templates),NA,between-templates-na-perfile,-
app-footer-brand,x-test-footer-brand,app_component_html,gamma-ancestor,a,Attribute Value Modification,APPLICABLE,,-
app-footer-brand,x-test-footer-brand,app_component_html,gamma-ancestor,b,Attribute Removal,APPLICABLE,,-
app-footer-brand,x-test-footer-brand,app_component_html,gamma-ancestor,c,Attribute Identifier Modification,APPLICABLE,,-
app-footer-brand,x-test-footer-brand,app_component_html,gamma-ancestor,g,HTML Tag Movement (any point of the HTML tree),APPLICABLE,,-
app-footer-brand,x-test-footer-brand,app_component_html,gamma-ancestor,i,HTML Tag Removal,APPLICABLE,,-
app-footer-brand,x-test-footer-brand,app_component_html,gamma-ancestor,j,HTML Tag Type Modification,APPLICABLE,,-
app-footer-brand,x-test-footer-brand,app_component_html,gamma-ancestor,k,HTML Tag Insertion,APPLICABLE,,-
app-footer-brand,x-test-footer-brand,app_component_html,delta-sibling,h,HTML Tag Movement (between two templates),NA,between-templates-na-perfile,-
app-footer-brand,x-test-footer-brand,app_component_html,delta-sibling,a,Attribute Value Modification,APPLICABLE,,-
app-footer-brand,x-test-footer-brand,app_component_html,delta-sibling,b,Attribute Removal,APPLICABLE,,-
app-footer-brand,x-test-footer-brand,app_component_html,delta-sibling,c,Attribute Identifier Modification,APPLICABLE,,-
app-footer-brand,x-test-footer-brand,app_component_html,delta-sibling,d,Text Content Modification,APPLICABLE,,-
app-footer-brand,x-test-footer-brand,app_component_html,delta-sibling,e,Text Content Removal,APPLICABLE,,-
app-footer-brand,x-test-footer-brand,app_component_html,delta-sibling,f,HTML Tag Movement (within a container),APPLICABLE,,-
app-footer-brand,x-test-footer-brand,app_component_html,delta-sibling,g,HTML Tag Movement (any point of the HTML tree),APPLICABLE,,-
app-footer-brand,x-test-footer-brand,app_component_html,delta-sibling,i,HTML Tag Removal,APPLICABLE,,-
app-footer-brand,x-test-footer-brand,app_component_html,delta-sibling,j,HTML Tag Type Modification,APPLICABLE,,-
app-footer-brand,x-test-footer-brand,app_component_html,delta-sibling,k,HTML Tag Insertion,APPLICABLE,,-
app-footer-brand,x-test-footer-brand,app_component_html,epsilon-component,a,Attribute Value Modification,NA,no-such-role,-
app-footer-brand,x-test-footer-brand,app_component_html,epsilon-component,b,Attribute Removal,NA,no-such-role,-
app-footer-brand,x-test-footer-brand,app_component_html,epsilon-component,c,Attribute Identifier Modification,NA,no-such-role,-
app-footer-brand,x-test-footer-brand,app_component_html,epsilon-component,d,Text Content Modification,NA,no-such-role,-
app-footer-brand,x-test-footer-brand,app_component_html,epsilon-component,e,Text Content Removal,NA,no-such-role,-
app-footer-brand,x-test-footer-brand,app_component_html,epsilon-component,f,HTML Tag Movement (within a container),NA,no-such-role,-
app-footer-brand,x-test-footer-brand,app_component_html,epsilon-component,g,HTML Tag Movement (any point of the HTML tree),NA,no-such-role,-
app-footer-brand,x-test-footer-brand,app_component_html,epsilon-component,h,HTML Tag Movement (between two templates),NA,no-such-role,-
app-footer-brand,x-test-footer-brand,app_component_html,epsilon-component,i,HTML Tag Removal,NA,no-such-role,-
app-footer-brand,x-test-footer-brand,app_component_html,epsilon-component,j,HTML Tag Type Modification,NA,no-such-role,-
app-footer-brand,x-test-footer-brand,app_component_html,epsilon-component,k,HTML Tag Insertion,NA,no-such-role,-
app-footer-version,x-test-footer-version,app_component_html,alpha-target,h,HTML Tag Movement (between two templates),NA,between-templates-na-perfile,-
app-footer-version,x-test-footer-version,app_component_html,alpha-target,i,HTML Tag Removal,NA,would-drop-x-test,-
app-footer-version,x-test-footer-version,app_component_html,alpha-target,a,Attribute Value Modification,APPLICABLE,,-
app-footer-version,x-test-footer-version,app_component_html,alpha-target,b,Attribute Removal,APPLICABLE,,-
app-footer-version,x-test-footer-version,app_component_html,alpha-target,c,Attribute Identifier Modification,APPLICABLE,,-
app-footer-version,x-test-footer-version,app_component_html,alpha-target,d,Text Content Modification,APPLICABLE,,-
app-footer-version,x-test-footer-version,app_component_html,alpha-target,e,Text Content Removal,APPLICABLE,,-
app-footer-version,x-test-footer-version,app_component_html,alpha-target,f,HTML Tag Movement (within a container),APPLICABLE,,-
app-footer-version,x-test-footer-version,app_component_html,alpha-target,g,HTML Tag Movement (any point of the HTML tree),APPLICABLE,,-
app-footer-version,x-test-footer-version,app_component_html,alpha-target,j,HTML Tag Type Modification,APPLICABLE,,-
app-footer-version,x-test-footer-version,app_component_html,alpha-target,k,HTML Tag Insertion,APPLICABLE,,-
app-footer-version,x-test-footer-version,app_component_html,beta-parent,d,Text Content Modification,NA,no-text-content,-
app-footer-version,x-test-footer-version,app_component_html,beta-parent,e,Text Content Removal,NA,no-text-content,-
app-footer-version,x-test-footer-version,app_component_html,beta-parent,h,HTML Tag Movement (between two templates),NA,between-templates-na-perfile,-
app-footer-version,x-test-footer-version,app_component_html,beta-parent,a,Attribute Value Modification,APPLICABLE,,-
app-footer-version,x-test-footer-version,app_component_html,beta-parent,b,Attribute Removal,APPLICABLE,,-
app-footer-version,x-test-footer-version,app_component_html,beta-parent,c,Attribute Identifier Modification,APPLICABLE,,-
app-footer-version,x-test-footer-version,app_component_html,beta-parent,f,HTML Tag Movement (within a container),APPLICABLE,,-
app-footer-version,x-test-footer-version,app_component_html,beta-parent,g,HTML Tag Movement (any point of the HTML tree),APPLICABLE,,-
app-footer-version,x-test-footer-version,app_component_html,beta-parent,i,HTML Tag Removal,APPLICABLE,,-
app-footer-version,x-test-footer-version,app_component_html,beta-parent,j,HTML Tag Type Modification,APPLICABLE,,-
app-footer-version,x-test-footer-version,app_component_html,beta-parent,k,HTML Tag Insertion,APPLICABLE,,-
app-footer-version,x-test-footer-version,app_component_html,gamma-ancestor,d,Text Content Modification,NA,no-text-content,-
app-footer-version,x-test-footer-version,app_component_html,gamma-ancestor,e,Text Content Removal,NA,no-text-content,-
app-footer-version,x-test-footer-version,app_component_html,gamma-ancestor,f,HTML Tag Movement (within a container),NA,no-sibling-to-reorder,-
app-footer-version,x-test-footer-version,app_component_html,gamma-ancestor,h,HTML Tag Movement (between two templates),NA,between-templates-na-perfile,-
app-footer-version,x-test-footer-version,app_component_html,gamma-ancestor,a,Attribute Value Modification,APPLICABLE,,-
app-footer-version,x-test-footer-version,app_component_html,gamma-ancestor,b,Attribute Removal,APPLICABLE,,-
app-footer-version,x-test-footer-version,app_component_html,gamma-ancestor,c,Attribute Identifier Modification,APPLICABLE,,-
app-footer-version,x-test-footer-version,app_component_html,gamma-ancestor,g,HTML Tag Movement (any point of the HTML tree),APPLICABLE,,-
app-footer-version,x-test-footer-version,app_component_html,gamma-ancestor,i,HTML Tag Removal,APPLICABLE,,-
app-footer-version,x-test-footer-version,app_component_html,gamma-ancestor,j,HTML Tag Type Modification,APPLICABLE,,-
app-footer-version,x-test-footer-version,app_component_html,gamma-ancestor,k,HTML Tag Insertion,APPLICABLE,,-
app-footer-version,x-test-footer-version,app_component_html,delta-sibling,h,HTML Tag Movement (between two templates),NA,between-templates-na-perfile,-
app-footer-version,x-test-footer-version,app_component_html,delta-sibling,a,Attribute Value Modification,APPLICABLE,,-
app-footer-version,x-test-footer-version,app_component_html,delta-sibling,b,Attribute Removal,APPLICABLE,,-
app-footer-version,x-test-footer-version,app_component_html,delta-sibling,c,Attribute Identifier Modification,APPLICABLE,,-
app-footer-version,x-test-footer-version,app_component_html,delta-sibling,d,Text Content Modification,APPLICABLE,,-
app-footer-version,x-test-footer-version,app_component_html,delta-sibling,e,Text Content Removal,APPLICABLE,,-
app-footer-version,x-test-footer-version,app_component_html,delta-sibling,f,HTML Tag Movement (within a container),APPLICABLE,,-
app-footer-version,x-test-footer-version,app_component_html,delta-sibling,g,HTML Tag Movement (any point of the HTML tree),APPLICABLE,,-
app-footer-version,x-test-footer-version,app_component_html,delta-sibling,i,HTML Tag Removal,APPLICABLE,,-
app-footer-version,x-test-footer-version,app_component_html,delta-sibling,j,HTML Tag Type Modification,APPLICABLE,,-
app-footer-version,x-test-footer-version,app_component_html,delta-sibling,k,HTML Tag Insertion,APPLICABLE,,-
app-footer-version,x-test-footer-version,app_component_html,epsilon-component,a,Attribute Value Modification,NA,no-such-role,-
app-footer-version,x-test-footer-version,app_component_html,epsilon-component,b,Attribute Removal,NA,no-such-role,-
app-footer-version,x-test-footer-version,app_component_html,epsilon-component,c,Attribute Identifier Modification,NA,no-such-role,-
app-footer-version,x-test-footer-version,app_component_html,epsilon-component,d,Text Content Modification,NA,no-such-role,-
app-footer-version,x-test-footer-version,app_component_html,epsilon-component,e,Text Content Removal,NA,no-such-role,-
app-footer-version,x-test-footer-version,app_component_html,epsilon-component,f,HTML Tag Movement (within a container),NA,no-such-role,-
app-footer-version,x-test-footer-version,app_component_html,epsilon-component,g,HTML Tag Movement (any point of the HTML tree),NA,no-such-role,-
app-footer-version,x-test-footer-version,app_component_html,epsilon-component,h,HTML Tag Movement (between two templates),NA,no-such-role,-
app-footer-version,x-test-footer-version,app_component_html,epsilon-component,i,HTML Tag Removal,NA,no-such-role,-
app-footer-version,x-test-footer-version,app_component_html,epsilon-component,j,HTML Tag Type Modification,NA,no-such-role,-
app-footer-version,x-test-footer-version,app_component_html,epsilon-component,k,HTML Tag Insertion,NA,no-such-role,-
header-brand-name,x-test-brand-name,header_component_html,alpha-target,h,HTML Tag Movement (between two templates),NA,between-templates-na-perfile,-
header-brand-name,x-test-brand-name,header_component_html,alpha-target,i,HTML Tag Removal,NA,would-drop-x-test,-
header-brand-name,x-test-brand-name,header_component_html,alpha-target,a,Attribute Value Modification,APPLICABLE,,-
header-brand-name,x-test-brand-name,header_component_html,alpha-target,b,Attribute Removal,APPLICABLE,,-
header-brand-name,x-test-brand-name,header_component_html,alpha-target,c,Attribute Identifier Modification,APPLICABLE,,-
header-brand-name,x-test-brand-name,header_component_html,alpha-target,d,Text Content Modification,APPLICABLE,,-
header-brand-name,x-test-brand-name,header_component_html,alpha-target,e,Text Content Removal,APPLICABLE,,-
header-brand-name,x-test-brand-name,header_component_html,alpha-target,f,HTML Tag Movement (within a container),APPLICABLE,,-
header-brand-name,x-test-brand-name,header_component_html,alpha-target,g,HTML Tag Movement (any point of the HTML tree),APPLICABLE,,-
header-brand-name,x-test-brand-name,header_component_html,alpha-target,j,HTML Tag Type Modification,APPLICABLE,,-
header-brand-name,x-test-brand-name,header_component_html,alpha-target,k,HTML Tag Insertion,APPLICABLE,,-
header-brand-name,x-test-brand-name,header_component_html,beta-parent,d,Text Content Modification,NA,no-text-content,-
header-brand-name,x-test-brand-name,header_component_html,beta-parent,e,Text Content Removal,NA,no-text-content,-
header-brand-name,x-test-brand-name,header_component_html,beta-parent,h,HTML Tag Movement (between two templates),NA,between-templates-na-perfile,-
header-brand-name,x-test-brand-name,header_component_html,beta-parent,a,Attribute Value Modification,APPLICABLE,,-
header-brand-name,x-test-brand-name,header_component_html,beta-parent,b,Attribute Removal,APPLICABLE,,-
header-brand-name,x-test-brand-name,header_component_html,beta-parent,c,Attribute Identifier Modification,APPLICABLE,,-
header-brand-name,x-test-brand-name,header_component_html,beta-parent,f,HTML Tag Movement (within a container),APPLICABLE,,-
header-brand-name,x-test-brand-name,header_component_html,beta-parent,g,HTML Tag Movement (any point of the HTML tree),APPLICABLE,,-
header-brand-name,x-test-brand-name,header_component_html,beta-parent,i,HTML Tag Removal,APPLICABLE,,-
header-brand-name,x-test-brand-name,header_component_html,beta-parent,j,HTML Tag Type Modification,APPLICABLE,,-
header-brand-name,x-test-brand-name,header_component_html,beta-parent,k,HTML Tag Insertion,APPLICABLE,,-
header-brand-name,x-test-brand-name,header_component_html,gamma-ancestor,d,Text Content Modification,NA,no-text-content,-
header-brand-name,x-test-brand-name,header_component_html,gamma-ancestor,e,Text Content Removal,NA,no-text-content,-
header-brand-name,x-test-brand-name,header_component_html,gamma-ancestor,h,HTML Tag Movement (between two templates),NA,between-templates-na-perfile,-
header-brand-name,x-test-brand-name,header_component_html,gamma-ancestor,a,Attribute Value Modification,APPLICABLE,,-
header-brand-name,x-test-brand-name,header_component_html,gamma-ancestor,b,Attribute Removal,APPLICABLE,,-
header-brand-name,x-test-brand-name,header_component_html,gamma-ancestor,c,Attribute Identifier Modification,APPLICABLE,,-
header-brand-name,x-test-brand-name,header_component_html,gamma-ancestor,f,HTML Tag Movement (within a container),APPLICABLE,,-
header-brand-name,x-test-brand-name,header_component_html,gamma-ancestor,g,HTML Tag Movement (any point of the HTML tree),APPLICABLE,,-
header-brand-name,x-test-brand-name,header_component_html,gamma-ancestor,i,HTML Tag Removal,APPLICABLE,,-
header-brand-name,x-test-brand-name,header_component_html,gamma-ancestor,j,HTML Tag Type Modification,APPLICABLE,,-
header-brand-name,x-test-brand-name,header_component_html,gamma-ancestor,k,HTML Tag Insertion,APPLICABLE,,-
header-brand-name,x-test-brand-name,header_component_html,delta-sibling,h,HTML Tag Movement (between two templates),NA,between-templates-na-perfile,-
header-brand-name,x-test-brand-name,header_component_html,delta-sibling,a,Attribute Value Modification,APPLICABLE,,-
header-brand-name,x-test-brand-name,header_component_html,delta-sibling,b,Attribute Removal,APPLICABLE,,-
header-brand-name,x-test-brand-name,header_component_html,delta-sibling,c,Attribute Identifier Modification,APPLICABLE,,-
header-brand-name,x-test-brand-name,header_component_html,delta-sibling,d,Text Content Modification,APPLICABLE,,-
header-brand-name,x-test-brand-name,header_component_html,delta-sibling,e,Text Content Removal,APPLICABLE,,-
header-brand-name,x-test-brand-name,header_component_html,delta-sibling,f,HTML Tag Movement (within a container),APPLICABLE,,-
header-brand-name,x-test-brand-name,header_component_html,delta-sibling,g,HTML Tag Movement (any point of the HTML tree),APPLICABLE,,-
header-brand-name,x-test-brand-name,header_component_html,delta-sibling,i,HTML Tag Removal,APPLICABLE,,-
header-brand-name,x-test-brand-name,header_component_html,delta-sibling,j,HTML Tag Type Modification,APPLICABLE,,-
header-brand-name,x-test-brand-name,header_component_html,delta-sibling,k,HTML Tag Insertion,APPLICABLE,,-
header-brand-name,x-test-brand-name,header_component_html,epsilon-component,a,Attribute Value Modification,NA,no-such-role,-
header-brand-name,x-test-brand-name,header_component_html,epsilon-component,b,Attribute Removal,NA,no-such-role,-
header-brand-name,x-test-brand-name,header_component_html,epsilon-component,c,Attribute Identifier Modification,NA,no-such-role,-
header-brand-name,x-test-brand-name,header_component_html,epsilon-component,d,Text Content Modification,NA,no-such-role,-
header-brand-name,x-test-brand-name,header_component_html,epsilon-component,e,Text Content Removal,NA,no-such-role,-
header-brand-name,x-test-brand-name,header_component_html,epsilon-component,f,HTML Tag Movement (within a container),NA,no-such-role,-
header-brand-name,x-test-brand-name,header_component_html,epsilon-component,g,HTML Tag Movement (any point of the HTML tree),NA,no-such-role,-
header-brand-name,x-test-brand-name,header_component_html,epsilon-component,h,HTML Tag Movement (between two templates),NA,no-such-role,-
header-brand-name,x-test-brand-name,header_component_html,epsilon-component,i,HTML Tag Removal,NA,no-such-role,-
header-brand-name,x-test-brand-name,header_component_html,epsilon-component,j,HTML Tag Type Modification,NA,no-such-role,-
header-brand-name,x-test-brand-name,header_component_html,epsilon-component,k,HTML Tag Insertion,NA,no-such-role,-
header-nav-shopping,x-test-nav-shopping,header_component_html,alpha-target,h,HTML Tag Movement (between two templates),NA,between-templates-na-perfile,-
header-nav-shopping,x-test-nav-shopping,header_component_html,alpha-target,i,HTML Tag Removal,NA,would-drop-x-test,-
header-nav-shopping,x-test-nav-shopping,header_component_html,alpha-target,a,Attribute Value Modification,APPLICABLE,,-
header-nav-shopping,x-test-nav-shopping,header_component_html,alpha-target,b,Attribute Removal,APPLICABLE,,-
header-nav-shopping,x-test-nav-shopping,header_component_html,alpha-target,c,Attribute Identifier Modification,APPLICABLE,,-
header-nav-shopping,x-test-nav-shopping,header_component_html,alpha-target,d,Text Content Modification,APPLICABLE,,-
header-nav-shopping,x-test-nav-shopping,header_component_html,alpha-target,e,Text Content Removal,APPLICABLE,,-
header-nav-shopping,x-test-nav-shopping,header_component_html,alpha-target,f,HTML Tag Movement (within a container),APPLICABLE,,-
header-nav-shopping,x-test-nav-shopping,header_component_html,alpha-target,g,HTML Tag Movement (any point of the HTML tree),APPLICABLE,,-
header-nav-shopping,x-test-nav-shopping,header_component_html,alpha-target,j,HTML Tag Type Modification,APPLICABLE,,-
header-nav-shopping,x-test-nav-shopping,header_component_html,alpha-target,k,HTML Tag Insertion,APPLICABLE,,-
header-nav-shopping,x-test-nav-shopping,header_component_html,beta-parent,d,Text Content Modification,NA,no-text-content,-
header-nav-shopping,x-test-nav-shopping,header_component_html,beta-parent,e,Text Content Removal,NA,no-text-content,-
header-nav-shopping,x-test-nav-shopping,header_component_html,beta-parent,h,HTML Tag Movement (between two templates),NA,between-templates-na-perfile,-
header-nav-shopping,x-test-nav-shopping,header_component_html,beta-parent,a,Attribute Value Modification,APPLICABLE,,-
header-nav-shopping,x-test-nav-shopping,header_component_html,beta-parent,b,Attribute Removal,APPLICABLE,,-
header-nav-shopping,x-test-nav-shopping,header_component_html,beta-parent,c,Attribute Identifier Modification,APPLICABLE,,-
header-nav-shopping,x-test-nav-shopping,header_component_html,beta-parent,f,HTML Tag Movement (within a container),APPLICABLE,,-
header-nav-shopping,x-test-nav-shopping,header_component_html,beta-parent,g,HTML Tag Movement (any point of the HTML tree),APPLICABLE,,-
header-nav-shopping,x-test-nav-shopping,header_component_html,beta-parent,i,HTML Tag Removal,APPLICABLE,,-
header-nav-shopping,x-test-nav-shopping,header_component_html,beta-parent,j,HTML Tag Type Modification,APPLICABLE,,-
header-nav-shopping,x-test-nav-shopping,header_component_html,beta-parent,k,HTML Tag Insertion,APPLICABLE,,-
header-nav-shopping,x-test-nav-shopping,header_component_html,gamma-ancestor,d,Text Content Modification,NA,no-text-content,-
header-nav-shopping,x-test-nav-shopping,header_component_html,gamma-ancestor,e,Text Content Removal,NA,no-text-content,-
header-nav-shopping,x-test-nav-shopping,header_component_html,gamma-ancestor,f,HTML Tag Movement (within a container),NA,no-sibling-to-reorder,-
header-nav-shopping,x-test-nav-shopping,header_component_html,gamma-ancestor,h,HTML Tag Movement (between two templates),NA,between-templates-na-perfile,-
header-nav-shopping,x-test-nav-shopping,header_component_html,gamma-ancestor,a,Attribute Value Modification,APPLICABLE,,-
header-nav-shopping,x-test-nav-shopping,header_component_html,gamma-ancestor,b,Attribute Removal,APPLICABLE,,-
header-nav-shopping,x-test-nav-shopping,header_component_html,gamma-ancestor,c,Attribute Identifier Modification,APPLICABLE,,-
header-nav-shopping,x-test-nav-shopping,header_component_html,gamma-ancestor,g,HTML Tag Movement (any point of the HTML tree),APPLICABLE,,-
header-nav-shopping,x-test-nav-shopping,header_component_html,gamma-ancestor,i,HTML Tag Removal,APPLICABLE,,-
header-nav-shopping,x-test-nav-shopping,header_component_html,gamma-ancestor,j,HTML Tag Type Modification,APPLICABLE,,-
header-nav-shopping,x-test-nav-shopping,header_component_html,gamma-ancestor,k,HTML Tag Insertion,APPLICABLE,,-
header-nav-shopping,x-test-nav-shopping,header_component_html,delta-sibling,h,HTML Tag Movement (between two templates),NA,between-templates-na-perfile,-
header-nav-shopping,x-test-nav-shopping,header_component_html,delta-sibling,a,Attribute Value Modification,APPLICABLE,,-
header-nav-shopping,x-test-nav-shopping,header_component_html,delta-sibling,b,Attribute Removal,APPLICABLE,,-
header-nav-shopping,x-test-nav-shopping,header_component_html,delta-sibling,c,Attribute Identifier Modification,APPLICABLE,,-
header-nav-shopping,x-test-nav-shopping,header_component_html,delta-sibling,d,Text Content Modification,APPLICABLE,,-
header-nav-shopping,x-test-nav-shopping,header_component_html,delta-sibling,e,Text Content Removal,APPLICABLE,,-
header-nav-shopping,x-test-nav-shopping,header_component_html,delta-sibling,f,HTML Tag Movement (within a container),APPLICABLE,,-
header-nav-shopping,x-test-nav-shopping,header_component_html,delta-sibling,g,HTML Tag Movement (any point of the HTML tree),APPLICABLE,,-
header-nav-shopping,x-test-nav-shopping,header_component_html,delta-sibling,i,HTML Tag Removal,APPLICABLE,,-
header-nav-shopping,x-test-nav-shopping,header_component_html,delta-sibling,j,HTML Tag Type Modification,APPLICABLE,,-
header-nav-shopping,x-test-nav-shopping,header_component_html,delta-sibling,k,HTML Tag Insertion,APPLICABLE,,-
header-nav-shopping,x-test-nav-shopping,header_component_html,epsilon-component,a,Attribute Value Modification,NA,no-such-role,-
header-nav-shopping,x-test-nav-shopping,header_component_html,epsilon-component,b,Attribute Removal,NA,no-such-role,-
header-nav-shopping,x-test-nav-shopping,header_component_html,epsilon-component,c,Attribute Identifier Modification,NA,no-such-role,-
header-nav-shopping,x-test-nav-shopping,header_component_html,epsilon-component,d,Text Content Modification,NA,no-such-role,-
header-nav-shopping,x-test-nav-shopping,header_component_html,epsilon-component,e,Text Content Removal,NA,no-such-role,-
header-nav-shopping,x-test-nav-shopping,header_component_html,epsilon-component,f,HTML Tag Movement (within a container),NA,no-such-role,-
header-nav-shopping,x-test-nav-shopping,header_component_html,epsilon-component,g,HTML Tag Movement (any point of the HTML tree),NA,no-such-role,-
header-nav-shopping,x-test-nav-shopping,header_component_html,epsilon-component,h,HTML Tag Movement (between two templates),NA,no-such-role,-
header-nav-shopping,x-test-nav-shopping,header_component_html,epsilon-component,i,HTML Tag Removal,NA,no-such-role,-
header-nav-shopping,x-test-nav-shopping,header_component_html,epsilon-component,j,HTML Tag Type Modification,NA,no-such-role,-
header-nav-shopping,x-test-nav-shopping,header_component_html,epsilon-component,k,HTML Tag Insertion,NA,no-such-role,-
header-nav-stats,x-test-nav-stats,header_component_html,alpha-target,h,HTML Tag Movement (between two templates),NA,between-templates-na-perfile,-
header-nav-stats,x-test-nav-stats,header_component_html,alpha-target,i,HTML Tag Removal,NA,would-drop-x-test,-
header-nav-stats,x-test-nav-stats,header_component_html,alpha-target,a,Attribute Value Modification,APPLICABLE,,-
header-nav-stats,x-test-nav-stats,header_component_html,alpha-target,b,Attribute Removal,APPLICABLE,,-
header-nav-stats,x-test-nav-stats,header_component_html,alpha-target,c,Attribute Identifier Modification,APPLICABLE,,-
header-nav-stats,x-test-nav-stats,header_component_html,alpha-target,d,Text Content Modification,APPLICABLE,,-
header-nav-stats,x-test-nav-stats,header_component_html,alpha-target,e,Text Content Removal,APPLICABLE,,-
header-nav-stats,x-test-nav-stats,header_component_html,alpha-target,f,HTML Tag Movement (within a container),APPLICABLE,,-
header-nav-stats,x-test-nav-stats,header_component_html,alpha-target,g,HTML Tag Movement (any point of the HTML tree),APPLICABLE,,-
header-nav-stats,x-test-nav-stats,header_component_html,alpha-target,j,HTML Tag Type Modification,APPLICABLE,,-
header-nav-stats,x-test-nav-stats,header_component_html,alpha-target,k,HTML Tag Insertion,APPLICABLE,,-
header-nav-stats,x-test-nav-stats,header_component_html,beta-parent,d,Text Content Modification,NA,no-text-content,-
header-nav-stats,x-test-nav-stats,header_component_html,beta-parent,e,Text Content Removal,NA,no-text-content,-
header-nav-stats,x-test-nav-stats,header_component_html,beta-parent,h,HTML Tag Movement (between two templates),NA,between-templates-na-perfile,-
header-nav-stats,x-test-nav-stats,header_component_html,beta-parent,a,Attribute Value Modification,APPLICABLE,,-
header-nav-stats,x-test-nav-stats,header_component_html,beta-parent,b,Attribute Removal,APPLICABLE,,-
header-nav-stats,x-test-nav-stats,header_component_html,beta-parent,c,Attribute Identifier Modification,APPLICABLE,,-
header-nav-stats,x-test-nav-stats,header_component_html,beta-parent,f,HTML Tag Movement (within a container),APPLICABLE,,-
header-nav-stats,x-test-nav-stats,header_component_html,beta-parent,g,HTML Tag Movement (any point of the HTML tree),APPLICABLE,,-
header-nav-stats,x-test-nav-stats,header_component_html,beta-parent,i,HTML Tag Removal,APPLICABLE,,-
header-nav-stats,x-test-nav-stats,header_component_html,beta-parent,j,HTML Tag Type Modification,APPLICABLE,,-
header-nav-stats,x-test-nav-stats,header_component_html,beta-parent,k,HTML Tag Insertion,APPLICABLE,,-
header-nav-stats,x-test-nav-stats,header_component_html,gamma-ancestor,d,Text Content Modification,NA,no-text-content,-
header-nav-stats,x-test-nav-stats,header_component_html,gamma-ancestor,e,Text Content Removal,NA,no-text-content,-
header-nav-stats,x-test-nav-stats,header_component_html,gamma-ancestor,f,HTML Tag Movement (within a container),NA,no-sibling-to-reorder,-
header-nav-stats,x-test-nav-stats,header_component_html,gamma-ancestor,h,HTML Tag Movement (between two templates),NA,between-templates-na-perfile,-
header-nav-stats,x-test-nav-stats,header_component_html,gamma-ancestor,a,Attribute Value Modification,APPLICABLE,,-
header-nav-stats,x-test-nav-stats,header_component_html,gamma-ancestor,b,Attribute Removal,APPLICABLE,,-
header-nav-stats,x-test-nav-stats,header_component_html,gamma-ancestor,c,Attribute Identifier Modification,APPLICABLE,,-
header-nav-stats,x-test-nav-stats,header_component_html,gamma-ancestor,g,HTML Tag Movement (any point of the HTML tree),APPLICABLE,,-
header-nav-stats,x-test-nav-stats,header_component_html,gamma-ancestor,i,HTML Tag Removal,APPLICABLE,,-
header-nav-stats,x-test-nav-stats,header_component_html,gamma-ancestor,j,HTML Tag Type Modification,APPLICABLE,,-
header-nav-stats,x-test-nav-stats,header_component_html,gamma-ancestor,k,HTML Tag Insertion,APPLICABLE,,-
header-nav-stats,x-test-nav-stats,header_component_html,delta-sibling,h,HTML Tag Movement (between two templates),NA,between-templates-na-perfile,-
header-nav-stats,x-test-nav-stats,header_component_html,delta-sibling,a,Attribute Value Modification,APPLICABLE,,-
header-nav-stats,x-test-nav-stats,header_component_html,delta-sibling,b,Attribute Removal,APPLICABLE,,-
header-nav-stats,x-test-nav-stats,header_component_html,delta-sibling,c,Attribute Identifier Modification,APPLICABLE,,-
header-nav-stats,x-test-nav-stats,header_component_html,delta-sibling,d,Text Content Modification,APPLICABLE,,-
header-nav-stats,x-test-nav-stats,header_component_html,delta-sibling,e,Text Content Removal,APPLICABLE,,-
header-nav-stats,x-test-nav-stats,header_component_html,delta-sibling,f,HTML Tag Movement (within a container),APPLICABLE,,-
header-nav-stats,x-test-nav-stats,header_component_html,delta-sibling,g,HTML Tag Movement (any point of the HTML tree),APPLICABLE,,-
header-nav-stats,x-test-nav-stats,header_component_html,delta-sibling,i,HTML Tag Removal,APPLICABLE,,-
header-nav-stats,x-test-nav-stats,header_component_html,delta-sibling,j,HTML Tag Type Modification,APPLICABLE,,-
header-nav-stats,x-test-nav-stats,header_component_html,delta-sibling,k,HTML Tag Insertion,APPLICABLE,,-
header-nav-stats,x-test-nav-stats,header_component_html,epsilon-component,a,Attribute Value Modification,NA,no-such-role,-
header-nav-stats,x-test-nav-stats,header_component_html,epsilon-component,b,Attribute Removal,NA,no-such-role,-
header-nav-stats,x-test-nav-stats,header_component_html,epsilon-component,c,Attribute Identifier Modification,NA,no-such-role,-
header-nav-stats,x-test-nav-stats,header_component_html,epsilon-component,d,Text Content Modification,NA,no-such-role,-
header-nav-stats,x-test-nav-stats,header_component_html,epsilon-component,e,Text Content Removal,NA,no-such-role,-
header-nav-stats,x-test-nav-stats,header_component_html,epsilon-component,f,HTML Tag Movement (within a container),NA,no-such-role,-
header-nav-stats,x-test-nav-stats,header_component_html,epsilon-component,g,HTML Tag Movement (any point of the HTML tree),NA,no-such-role,-
header-nav-stats,x-test-nav-stats,header_component_html,epsilon-component,h,HTML Tag Movement (between two templates),NA,no-such-role,-
header-nav-stats,x-test-nav-stats,header_component_html,epsilon-component,i,HTML Tag Removal,NA,no-such-role,-
header-nav-stats,x-test-nav-stats,header_component_html,epsilon-component,j,HTML Tag Type Modification,NA,no-such-role,-
header-nav-stats,x-test-nav-stats,header_component_html,epsilon-component,k,HTML Tag Insertion,NA,no-such-role,-
toast-toast-message,x-test-toast-message,toast_component_html,alpha-target,h,HTML Tag Movement (between two templates),NA,between-templates-na-perfile,-
toast-toast-message,x-test-toast-message,toast_component_html,alpha-target,i,HTML Tag Removal,NA,would-drop-x-test,-
toast-toast-message,x-test-toast-message,toast_component_html,alpha-target,a,Attribute Value Modification,APPLICABLE,,-
toast-toast-message,x-test-toast-message,toast_component_html,alpha-target,b,Attribute Removal,APPLICABLE,,-
toast-toast-message,x-test-toast-message,toast_component_html,alpha-target,c,Attribute Identifier Modification,APPLICABLE,,-
toast-toast-message,x-test-toast-message,toast_component_html,alpha-target,d,Text Content Modification,APPLICABLE,,-
toast-toast-message,x-test-toast-message,toast_component_html,alpha-target,e,Text Content Removal,APPLICABLE,,-
toast-toast-message,x-test-toast-message,toast_component_html,alpha-target,f,HTML Tag Movement (within a container),APPLICABLE,,-
toast-toast-message,x-test-toast-message,toast_component_html,alpha-target,g,HTML Tag Movement (any point of the HTML tree),APPLICABLE,,-
toast-toast-message,x-test-toast-message,toast_component_html,alpha-target,j,HTML Tag Type Modification,APPLICABLE,,-
toast-toast-message,x-test-toast-message,toast_component_html,alpha-target,k,HTML Tag Insertion,APPLICABLE,,-
toast-toast-message,x-test-toast-message,toast_component_html,beta-parent,d,Text Content Modification,NA,no-text-content,-
toast-toast-message,x-test-toast-message,toast_component_html,beta-parent,e,Text Content Removal,NA,no-text-content,-
toast-toast-message,x-test-toast-message,toast_component_html,beta-parent,f,HTML Tag Movement (within a container),NA,no-sibling-to-reorder,-
toast-toast-message,x-test-toast-message,toast_component_html,beta-parent,h,HTML Tag Movement (between two templates),NA,between-templates-na-perfile,-
toast-toast-message,x-test-toast-message,toast_component_html,beta-parent,a,Attribute Value Modification,APPLICABLE,,-
toast-toast-message,x-test-toast-message,toast_component_html,beta-parent,b,Attribute Removal,APPLICABLE,,-
toast-toast-message,x-test-toast-message,toast_component_html,beta-parent,c,Attribute Identifier Modification,APPLICABLE,,-
toast-toast-message,x-test-toast-message,toast_component_html,beta-parent,g,HTML Tag Movement (any point of the HTML tree),APPLICABLE,,-
toast-toast-message,x-test-toast-message,toast_component_html,beta-parent,i,HTML Tag Removal,APPLICABLE,,-
toast-toast-message,x-test-toast-message,toast_component_html,beta-parent,j,HTML Tag Type Modification,APPLICABLE,,-
toast-toast-message,x-test-toast-message,toast_component_html,beta-parent,k,HTML Tag Insertion,APPLICABLE,,-
toast-toast-message,x-test-toast-message,toast_component_html,gamma-ancestor,d,Text Content Modification,NA,no-text-content,-
toast-toast-message,x-test-toast-message,toast_component_html,gamma-ancestor,e,Text Content Removal,NA,no-text-content,-
toast-toast-message,x-test-toast-message,toast_component_html,gamma-ancestor,f,HTML Tag Movement (within a container),NA,no-sibling-to-reorder,-
toast-toast-message,x-test-toast-message,toast_component_html,gamma-ancestor,g,HTML Tag Movement (any point of the HTML tree),NA,root-element,-
toast-toast-message,x-test-toast-message,toast_component_html,gamma-ancestor,h,HTML Tag Movement (between two templates),NA,between-templates-na-perfile,-
toast-toast-message,x-test-toast-message,toast_component_html,gamma-ancestor,i,HTML Tag Removal,NA,root-element,-
toast-toast-message,x-test-toast-message,toast_component_html,gamma-ancestor,a,Attribute Value Modification,APPLICABLE,,-
toast-toast-message,x-test-toast-message,toast_component_html,gamma-ancestor,b,Attribute Removal,APPLICABLE,,-
toast-toast-message,x-test-toast-message,toast_component_html,gamma-ancestor,c,Attribute Identifier Modification,APPLICABLE,,-
toast-toast-message,x-test-toast-message,toast_component_html,gamma-ancestor,j,HTML Tag Type Modification,APPLICABLE,,-
toast-toast-message,x-test-toast-message,toast_component_html,gamma-ancestor,k,HTML Tag Insertion,APPLICABLE,,-
toast-toast-message,x-test-toast-message,toast_component_html,delta-sibling,h,HTML Tag Movement (between two templates),NA,between-templates-na-perfile,-
toast-toast-message,x-test-toast-message,toast_component_html,delta-sibling,a,Attribute Value Modification,APPLICABLE,,-
toast-toast-message,x-test-toast-message,toast_component_html,delta-sibling,b,Attribute Removal,APPLICABLE,,-
toast-toast-message,x-test-toast-message,toast_component_html,delta-sibling,c,Attribute Identifier Modification,APPLICABLE,,-
toast-toast-message,x-test-toast-message,toast_component_html,delta-sibling,d,Text Content Modification,APPLICABLE,,-
toast-toast-message,x-test-toast-message,toast_component_html,delta-sibling,e,Text Content Removal,APPLICABLE,,-
toast-toast-message,x-test-toast-message,toast_component_html,delta-sibling,f,HTML Tag Movement (within a container),APPLICABLE,,-
toast-toast-message,x-test-toast-message,toast_component_html,delta-sibling,g,HTML Tag Movement (any point of the HTML tree),APPLICABLE,,-
toast-toast-message,x-test-toast-message,toast_component_html,delta-sibling,i,HTML Tag Removal,APPLICABLE,,-
toast-toast-message,x-test-toast-message,toast_component_html,delta-sibling,j,HTML Tag Type Modification,APPLICABLE,,-
toast-toast-message,x-test-toast-message,toast_component_html,delta-sibling,k,HTML Tag Insertion,APPLICABLE,,-
toast-toast-message,x-test-toast-message,toast_component_html,epsilon-component,a,Attribute Value Modification,NA,no-such-role,-
toast-toast-message,x-test-toast-message,toast_component_html,epsilon-component,b,Attribute Removal,NA,no-such-role,-
toast-toast-message,x-test-toast-message,toast_component_html,epsilon-component,c,Attribute Identifier Modification,NA,no-such-role,-
toast-toast-message,x-test-toast-message,toast_component_html,epsilon-component,d,Text Content Modification,NA,no-such-role,-
toast-toast-message,x-test-toast-message,toast_component_html,epsilon-component,e,Text Content Removal,NA,no-such-role,-
toast-toast-message,x-test-toast-message,toast_component_html,epsilon-component,f,HTML Tag Movement (within a container),NA,no-such-role,-
toast-toast-message,x-test-toast-message,toast_component_html,epsilon-component,g,HTML Tag Movement (any point of the HTML tree),NA,no-such-role,-
toast-toast-message,x-test-toast-message,toast_component_html,epsilon-component,h,HTML Tag Movement (between two templates),NA,no-such-role,-
toast-toast-message,x-test-toast-message,toast_component_html,epsilon-component,i,HTML Tag Removal,NA,no-such-role,-
toast-toast-message,x-test-toast-message,toast_component_html,epsilon-component,j,HTML Tag Type Modification,NA,no-such-role,-
toast-toast-message,x-test-toast-message,toast_component_html,epsilon-component,k,HTML Tag Insertion,NA,no-such-role,-
recipe-list-list-title,x-test-list-title,recipe_list_component_html,alpha-target,h,HTML Tag Movement (between two templates),NA,between-templates-na-perfile,-
recipe-list-list-title,x-test-list-title,recipe_list_component_html,alpha-target,i,HTML Tag Removal,NA,would-drop-x-test,-
recipe-list-list-title,x-test-list-title,recipe_list_component_html,alpha-target,a,Attribute Value Modification,APPLICABLE,,-
recipe-list-list-title,x-test-list-title,recipe_list_component_html,alpha-target,b,Attribute Removal,APPLICABLE,,-
recipe-list-list-title,x-test-list-title,recipe_list_component_html,alpha-target,c,Attribute Identifier Modification,APPLICABLE,,-
recipe-list-list-title,x-test-list-title,recipe_list_component_html,alpha-target,d,Text Content Modification,APPLICABLE,,-
recipe-list-list-title,x-test-list-title,recipe_list_component_html,alpha-target,e,Text Content Removal,APPLICABLE,,-
recipe-list-list-title,x-test-list-title,recipe_list_component_html,alpha-target,f,HTML Tag Movement (within a container),APPLICABLE,,-
recipe-list-list-title,x-test-list-title,recipe_list_component_html,alpha-target,g,HTML Tag Movement (any point of the HTML tree),APPLICABLE,,-
recipe-list-list-title,x-test-list-title,recipe_list_component_html,alpha-target,j,HTML Tag Type Modification,APPLICABLE,,-
recipe-list-list-title,x-test-list-title,recipe_list_component_html,alpha-target,k,HTML Tag Insertion,APPLICABLE,,-
recipe-list-list-title,x-test-list-title,recipe_list_component_html,beta-parent,d,Text Content Modification,NA,no-text-content,-
recipe-list-list-title,x-test-list-title,recipe_list_component_html,beta-parent,e,Text Content Removal,NA,no-text-content,-
recipe-list-list-title,x-test-list-title,recipe_list_component_html,beta-parent,f,HTML Tag Movement (within a container),NA,no-sibling-to-reorder,-
recipe-list-list-title,x-test-list-title,recipe_list_component_html,beta-parent,h,HTML Tag Movement (between two templates),NA,between-templates-na-perfile,-
recipe-list-list-title,x-test-list-title,recipe_list_component_html,beta-parent,a,Attribute Value Modification,APPLICABLE,,-
recipe-list-list-title,x-test-list-title,recipe_list_component_html,beta-parent,b,Attribute Removal,APPLICABLE,,-
recipe-list-list-title,x-test-list-title,recipe_list_component_html,beta-parent,c,Attribute Identifier Modification,APPLICABLE,,-
recipe-list-list-title,x-test-list-title,recipe_list_component_html,beta-parent,g,HTML Tag Movement (any point of the HTML tree),APPLICABLE,,-
recipe-list-list-title,x-test-list-title,recipe_list_component_html,beta-parent,i,HTML Tag Removal,APPLICABLE,,-
recipe-list-list-title,x-test-list-title,recipe_list_component_html,beta-parent,j,HTML Tag Type Modification,APPLICABLE,,-
recipe-list-list-title,x-test-list-title,recipe_list_component_html,beta-parent,k,HTML Tag Insertion,APPLICABLE,,-
recipe-list-list-title,x-test-list-title,recipe_list_component_html,gamma-ancestor,d,Text Content Modification,NA,no-text-content,-
recipe-list-list-title,x-test-list-title,recipe_list_component_html,gamma-ancestor,e,Text Content Removal,NA,no-text-content,-
recipe-list-list-title,x-test-list-title,recipe_list_component_html,gamma-ancestor,h,HTML Tag Movement (between two templates),NA,between-templates-na-perfile,-
recipe-list-list-title,x-test-list-title,recipe_list_component_html,gamma-ancestor,a,Attribute Value Modification,APPLICABLE,,-
recipe-list-list-title,x-test-list-title,recipe_list_component_html,gamma-ancestor,b,Attribute Removal,APPLICABLE,,-
recipe-list-list-title,x-test-list-title,recipe_list_component_html,gamma-ancestor,c,Attribute Identifier Modification,APPLICABLE,,-
recipe-list-list-title,x-test-list-title,recipe_list_component_html,gamma-ancestor,f,HTML Tag Movement (within a container),APPLICABLE,,-
recipe-list-list-title,x-test-list-title,recipe_list_component_html,gamma-ancestor,g,HTML Tag Movement (any point of the HTML tree),APPLICABLE,,-
recipe-list-list-title,x-test-list-title,recipe_list_component_html,gamma-ancestor,i,HTML Tag Removal,APPLICABLE,,-
recipe-list-list-title,x-test-list-title,recipe_list_component_html,gamma-ancestor,j,HTML Tag Type Modification,APPLICABLE,,-
recipe-list-list-title,x-test-list-title,recipe_list_component_html,gamma-ancestor,k,HTML Tag Insertion,APPLICABLE,,-
recipe-list-list-title,x-test-list-title,recipe_list_component_html,delta-sibling,h,HTML Tag Movement (between two templates),NA,between-templates-na-perfile,-
recipe-list-list-title,x-test-list-title,recipe_list_component_html,delta-sibling,a,Attribute Value Modification,APPLICABLE,,-
recipe-list-list-title,x-test-list-title,recipe_list_component_html,delta-sibling,b,Attribute Removal,APPLICABLE,,-
recipe-list-list-title,x-test-list-title,recipe_list_component_html,delta-sibling,c,Attribute Identifier Modification,APPLICABLE,,-
recipe-list-list-title,x-test-list-title,recipe_list_component_html,delta-sibling,d,Text Content Modification,APPLICABLE,,-
recipe-list-list-title,x-test-list-title,recipe_list_component_html,delta-sibling,e,Text Content Removal,APPLICABLE,,-
recipe-list-list-title,x-test-list-title,recipe_list_component_html,delta-sibling,f,HTML Tag Movement (within a container),APPLICABLE,,-
recipe-list-list-title,x-test-list-title,recipe_list_component_html,delta-sibling,g,HTML Tag Movement (any point of the HTML tree),APPLICABLE,,-
recipe-list-list-title,x-test-list-title,recipe_list_component_html,delta-sibling,i,HTML Tag Removal,APPLICABLE,,-
recipe-list-list-title,x-test-list-title,recipe_list_component_html,delta-sibling,j,HTML Tag Type Modification,APPLICABLE,,-
recipe-list-list-title,x-test-list-title,recipe_list_component_html,delta-sibling,k,HTML Tag Insertion,APPLICABLE,,-
recipe-list-list-title,x-test-list-title,recipe_list_component_html,epsilon-component,a,Attribute Value Modification,NA,no-such-role,-
recipe-list-list-title,x-test-list-title,recipe_list_component_html,epsilon-component,b,Attribute Removal,NA,no-such-role,-
recipe-list-list-title,x-test-list-title,recipe_list_component_html,epsilon-component,c,Attribute Identifier Modification,NA,no-such-role,-
recipe-list-list-title,x-test-list-title,recipe_list_component_html,epsilon-component,d,Text Content Modification,NA,no-such-role,-
recipe-list-list-title,x-test-list-title,recipe_list_component_html,epsilon-component,e,Text Content Removal,NA,no-such-role,-
recipe-list-list-title,x-test-list-title,recipe_list_component_html,epsilon-component,f,HTML Tag Movement (within a container),NA,no-such-role,-
recipe-list-list-title,x-test-list-title,recipe_list_component_html,epsilon-component,g,HTML Tag Movement (any point of the HTML tree),NA,no-such-role,-
recipe-list-list-title,x-test-list-title,recipe_list_component_html,epsilon-component,h,HTML Tag Movement (between two templates),NA,no-such-role,-
recipe-list-list-title,x-test-list-title,recipe_list_component_html,epsilon-component,i,HTML Tag Removal,NA,no-such-role,-
recipe-list-list-title,x-test-list-title,recipe_list_component_html,epsilon-component,j,HTML Tag Type Modification,NA,no-such-role,-
recipe-list-list-title,x-test-list-title,recipe_list_component_html,epsilon-component,k,HTML Tag Insertion,NA,no-such-role,-
recipe-list-search,x-test-search,recipe_list_component_html,alpha-target,d,Text Content Modification,NA,no-text-content,-
recipe-list-search,x-test-search,recipe_list_component_html,alpha-target,e,Text Content Removal,NA,no-text-content,-
recipe-list-search,x-test-search,recipe_list_component_html,alpha-target,h,HTML Tag Movement (between two templates),NA,between-templates-na-perfile,-
recipe-list-search,x-test-search,recipe_list_component_html,alpha-target,i,HTML Tag Removal,NA,would-drop-x-test,-
recipe-list-search,x-test-search,recipe_list_component_html,alpha-target,a,Attribute Value Modification,APPLICABLE,,-
recipe-list-search,x-test-search,recipe_list_component_html,alpha-target,b,Attribute Removal,APPLICABLE,,-
recipe-list-search,x-test-search,recipe_list_component_html,alpha-target,c,Attribute Identifier Modification,APPLICABLE,,-
recipe-list-search,x-test-search,recipe_list_component_html,alpha-target,f,HTML Tag Movement (within a container),APPLICABLE,,-
recipe-list-search,x-test-search,recipe_list_component_html,alpha-target,g,HTML Tag Movement (any point of the HTML tree),APPLICABLE,,-
recipe-list-search,x-test-search,recipe_list_component_html,alpha-target,j,HTML Tag Type Modification,APPLICABLE,,-
recipe-list-search,x-test-search,recipe_list_component_html,alpha-target,k,HTML Tag Insertion,APPLICABLE,,-
recipe-list-search,x-test-search,recipe_list_component_html,beta-parent,d,Text Content Modification,NA,no-text-content,-
recipe-list-search,x-test-search,recipe_list_component_html,beta-parent,e,Text Content Removal,NA,no-text-content,-
recipe-list-search,x-test-search,recipe_list_component_html,beta-parent,f,HTML Tag Movement (within a container),NA,no-sibling-to-reorder,-
recipe-list-search,x-test-search,recipe_list_component_html,beta-parent,h,HTML Tag Movement (between two templates),NA,between-templates-na-perfile,-
recipe-list-search,x-test-search,recipe_list_component_html,beta-parent,a,Attribute Value Modification,APPLICABLE,,-
recipe-list-search,x-test-search,recipe_list_component_html,beta-parent,b,Attribute Removal,APPLICABLE,,-
recipe-list-search,x-test-search,recipe_list_component_html,beta-parent,c,Attribute Identifier Modification,APPLICABLE,,-
recipe-list-search,x-test-search,recipe_list_component_html,beta-parent,g,HTML Tag Movement (any point of the HTML tree),APPLICABLE,,-
recipe-list-search,x-test-search,recipe_list_component_html,beta-parent,i,HTML Tag Removal,APPLICABLE,,-
recipe-list-search,x-test-search,recipe_list_component_html,beta-parent,j,HTML Tag Type Modification,APPLICABLE,,-
recipe-list-search,x-test-search,recipe_list_component_html,beta-parent,k,HTML Tag Insertion,APPLICABLE,,-
recipe-list-search,x-test-search,recipe_list_component_html,gamma-ancestor,d,Text Content Modification,NA,no-text-content,-
recipe-list-search,x-test-search,recipe_list_component_html,gamma-ancestor,e,Text Content Removal,NA,no-text-content,-
recipe-list-search,x-test-search,recipe_list_component_html,gamma-ancestor,h,HTML Tag Movement (between two templates),NA,between-templates-na-perfile,-
recipe-list-search,x-test-search,recipe_list_component_html,gamma-ancestor,a,Attribute Value Modification,APPLICABLE,,-
recipe-list-search,x-test-search,recipe_list_component_html,gamma-ancestor,b,Attribute Removal,APPLICABLE,,-
recipe-list-search,x-test-search,recipe_list_component_html,gamma-ancestor,c,Attribute Identifier Modification,APPLICABLE,,-
recipe-list-search,x-test-search,recipe_list_component_html,gamma-ancestor,f,HTML Tag Movement (within a container),APPLICABLE,,-
recipe-list-search,x-test-search,recipe_list_component_html,gamma-ancestor,g,HTML Tag Movement (any point of the HTML tree),APPLICABLE,,-
recipe-list-search,x-test-search,recipe_list_component_html,gamma-ancestor,i,HTML Tag Removal,APPLICABLE,,-
recipe-list-search,x-test-search,recipe_list_component_html,gamma-ancestor,j,HTML Tag Type Modification,APPLICABLE,,-
recipe-list-search,x-test-search,recipe_list_component_html,gamma-ancestor,k,HTML Tag Insertion,APPLICABLE,,-
recipe-list-search,x-test-search,recipe_list_component_html,delta-sibling,h,HTML Tag Movement (between two templates),NA,between-templates-na-perfile,-
recipe-list-search,x-test-search,recipe_list_component_html,delta-sibling,a,Attribute Value Modification,APPLICABLE,,-
recipe-list-search,x-test-search,recipe_list_component_html,delta-sibling,b,Attribute Removal,APPLICABLE,,-
recipe-list-search,x-test-search,recipe_list_component_html,delta-sibling,c,Attribute Identifier Modification,APPLICABLE,,-
recipe-list-search,x-test-search,recipe_list_component_html,delta-sibling,d,Text Content Modification,APPLICABLE,,-
recipe-list-search,x-test-search,recipe_list_component_html,delta-sibling,e,Text Content Removal,APPLICABLE,,-
recipe-list-search,x-test-search,recipe_list_component_html,delta-sibling,f,HTML Tag Movement (within a container),APPLICABLE,,-
recipe-list-search,x-test-search,recipe_list_component_html,delta-sibling,g,HTML Tag Movement (any point of the HTML tree),APPLICABLE,,-
recipe-list-search,x-test-search,recipe_list_component_html,delta-sibling,i,HTML Tag Removal,APPLICABLE,,-
recipe-list-search,x-test-search,recipe_list_component_html,delta-sibling,j,HTML Tag Type Modification,APPLICABLE,,-
recipe-list-search,x-test-search,recipe_list_component_html,delta-sibling,k,HTML Tag Insertion,APPLICABLE,,-
recipe-list-search,x-test-search,recipe_list_component_html,epsilon-component,a,Attribute Value Modification,NA,no-such-role,-
recipe-list-search,x-test-search,recipe_list_component_html,epsilon-component,b,Attribute Removal,NA,no-such-role,-
recipe-list-search,x-test-search,recipe_list_component_html,epsilon-component,c,Attribute Identifier Modification,NA,no-such-role,-
recipe-list-search,x-test-search,recipe_list_component_html,epsilon-component,d,Text Content Modification,NA,no-such-role,-
recipe-list-search,x-test-search,recipe_list_component_html,epsilon-component,e,Text Content Removal,NA,no-such-role,-
recipe-list-search,x-test-search,recipe_list_component_html,epsilon-component,f,HTML Tag Movement (within a container),NA,no-such-role,-
recipe-list-search,x-test-search,recipe_list_component_html,epsilon-component,g,HTML Tag Movement (any point of the HTML tree),NA,no-such-role,-
recipe-list-search,x-test-search,recipe_list_component_html,epsilon-component,h,HTML Tag Movement (between two templates),NA,no-such-role,-
recipe-list-search,x-test-search,recipe_list_component_html,epsilon-component,i,HTML Tag Removal,NA,no-such-role,-
recipe-list-search,x-test-search,recipe_list_component_html,epsilon-component,j,HTML Tag Type Modification,NA,no-such-role,-
recipe-list-search,x-test-search,recipe_list_component_html,epsilon-component,k,HTML Tag Insertion,NA,no-such-role,-
recipe-list-course-filter,x-test-course-filter,recipe_list_component_html,alpha-target,d,Text Content Modification,NA,no-text-content,-
recipe-list-course-filter,x-test-course-filter,recipe_list_component_html,alpha-target,e,Text Content Removal,NA,no-text-content,-
recipe-list-course-filter,x-test-course-filter,recipe_list_component_html,alpha-target,h,HTML Tag Movement (between two templates),NA,between-templates-na-perfile,-
recipe-list-course-filter,x-test-course-filter,recipe_list_component_html,alpha-target,i,HTML Tag Removal,NA,would-drop-x-test,-
recipe-list-course-filter,x-test-course-filter,recipe_list_component_html,alpha-target,a,Attribute Value Modification,APPLICABLE,,-
recipe-list-course-filter,x-test-course-filter,recipe_list_component_html,alpha-target,b,Attribute Removal,APPLICABLE,,-
recipe-list-course-filter,x-test-course-filter,recipe_list_component_html,alpha-target,c,Attribute Identifier Modification,APPLICABLE,,-
recipe-list-course-filter,x-test-course-filter,recipe_list_component_html,alpha-target,f,HTML Tag Movement (within a container),APPLICABLE,,-
recipe-list-course-filter,x-test-course-filter,recipe_list_component_html,alpha-target,g,HTML Tag Movement (any point of the HTML tree),APPLICABLE,,-
recipe-list-course-filter,x-test-course-filter,recipe_list_component_html,alpha-target,j,HTML Tag Type Modification,APPLICABLE,,-
recipe-list-course-filter,x-test-course-filter,recipe_list_component_html,alpha-target,k,HTML Tag Insertion,APPLICABLE,,-
recipe-list-course-filter,x-test-course-filter,recipe_list_component_html,beta-parent,d,Text Content Modification,NA,no-text-content,-
recipe-list-course-filter,x-test-course-filter,recipe_list_component_html,beta-parent,e,Text Content Removal,NA,no-text-content,-
recipe-list-course-filter,x-test-course-filter,recipe_list_component_html,beta-parent,f,HTML Tag Movement (within a container),NA,no-sibling-to-reorder,-
recipe-list-course-filter,x-test-course-filter,recipe_list_component_html,beta-parent,h,HTML Tag Movement (between two templates),NA,between-templates-na-perfile,-
recipe-list-course-filter,x-test-course-filter,recipe_list_component_html,beta-parent,a,Attribute Value Modification,APPLICABLE,,-
recipe-list-course-filter,x-test-course-filter,recipe_list_component_html,beta-parent,b,Attribute Removal,APPLICABLE,,-
recipe-list-course-filter,x-test-course-filter,recipe_list_component_html,beta-parent,c,Attribute Identifier Modification,APPLICABLE,,-
recipe-list-course-filter,x-test-course-filter,recipe_list_component_html,beta-parent,g,HTML Tag Movement (any point of the HTML tree),APPLICABLE,,-
recipe-list-course-filter,x-test-course-filter,recipe_list_component_html,beta-parent,i,HTML Tag Removal,APPLICABLE,,-
recipe-list-course-filter,x-test-course-filter,recipe_list_component_html,beta-parent,j,HTML Tag Type Modification,APPLICABLE,,-
recipe-list-course-filter,x-test-course-filter,recipe_list_component_html,beta-parent,k,HTML Tag Insertion,APPLICABLE,,-
recipe-list-course-filter,x-test-course-filter,recipe_list_component_html,gamma-ancestor,d,Text Content Modification,NA,no-text-content,-
recipe-list-course-filter,x-test-course-filter,recipe_list_component_html,gamma-ancestor,e,Text Content Removal,NA,no-text-content,-
recipe-list-course-filter,x-test-course-filter,recipe_list_component_html,gamma-ancestor,h,HTML Tag Movement (between two templates),NA,between-templates-na-perfile,-
recipe-list-course-filter,x-test-course-filter,recipe_list_component_html,gamma-ancestor,a,Attribute Value Modification,APPLICABLE,,-
recipe-list-course-filter,x-test-course-filter,recipe_list_component_html,gamma-ancestor,b,Attribute Removal,APPLICABLE,,-
recipe-list-course-filter,x-test-course-filter,recipe_list_component_html,gamma-ancestor,c,Attribute Identifier Modification,APPLICABLE,,-
recipe-list-course-filter,x-test-course-filter,recipe_list_component_html,gamma-ancestor,f,HTML Tag Movement (within a container),APPLICABLE,,-
recipe-list-course-filter,x-test-course-filter,recipe_list_component_html,gamma-ancestor,g,HTML Tag Movement (any point of the HTML tree),APPLICABLE,,-
recipe-list-course-filter,x-test-course-filter,recipe_list_component_html,gamma-ancestor,i,HTML Tag Removal,APPLICABLE,,-
recipe-list-course-filter,x-test-course-filter,recipe_list_component_html,gamma-ancestor,j,HTML Tag Type Modification,APPLICABLE,,-
recipe-list-course-filter,x-test-course-filter,recipe_list_component_html,gamma-ancestor,k,HTML Tag Insertion,APPLICABLE,,-
recipe-list-course-filter,x-test-course-filter,recipe_list_component_html,delta-sibling,h,HTML Tag Movement (between two templates),NA,between-templates-na-perfile,-
recipe-list-course-filter,x-test-course-filter,recipe_list_component_html,delta-sibling,a,Attribute Value Modification,APPLICABLE,,-
recipe-list-course-filter,x-test-course-filter,recipe_list_component_html,delta-sibling,b,Attribute Removal,APPLICABLE,,-
recipe-list-course-filter,x-test-course-filter,recipe_list_component_html,delta-sibling,c,Attribute Identifier Modification,APPLICABLE,,-
recipe-list-course-filter,x-test-course-filter,recipe_list_component_html,delta-sibling,d,Text Content Modification,APPLICABLE,,-
recipe-list-course-filter,x-test-course-filter,recipe_list_component_html,delta-sibling,e,Text Content Removal,APPLICABLE,,-
recipe-list-course-filter,x-test-course-filter,recipe_list_component_html,delta-sibling,f,HTML Tag Movement (within a container),APPLICABLE,,-
recipe-list-course-filter,x-test-course-filter,recipe_list_component_html,delta-sibling,g,HTML Tag Movement (any point of the HTML tree),APPLICABLE,,-
recipe-list-course-filter,x-test-course-filter,recipe_list_component_html,delta-sibling,i,HTML Tag Removal,APPLICABLE,,-
recipe-list-course-filter,x-test-course-filter,recipe_list_component_html,delta-sibling,j,HTML Tag Type Modification,APPLICABLE,,-
recipe-list-course-filter,x-test-course-filter,recipe_list_component_html,delta-sibling,k,HTML Tag Insertion,APPLICABLE,,-
recipe-list-course-filter,x-test-course-filter,recipe_list_component_html,epsilon-component,a,Attribute Value Modification,NA,no-such-role,-
recipe-list-course-filter,x-test-course-filter,recipe_list_component_html,epsilon-component,b,Attribute Removal,NA,no-such-role,-
recipe-list-course-filter,x-test-course-filter,recipe_list_component_html,epsilon-component,c,Attribute Identifier Modification,NA,no-such-role,-
recipe-list-course-filter,x-test-course-filter,recipe_list_component_html,epsilon-component,d,Text Content Modification,NA,no-such-role,-
recipe-list-course-filter,x-test-course-filter,recipe_list_component_html,epsilon-component,e,Text Content Removal,NA,no-such-role,-
recipe-list-course-filter,x-test-course-filter,recipe_list_component_html,epsilon-component,f,HTML Tag Movement (within a container),NA,no-such-role,-
recipe-list-course-filter,x-test-course-filter,recipe_list_component_html,epsilon-component,g,HTML Tag Movement (any point of the HTML tree),NA,no-such-role,-
recipe-list-course-filter,x-test-course-filter,recipe_list_component_html,epsilon-component,h,HTML Tag Movement (between two templates),NA,no-such-role,-
recipe-list-course-filter,x-test-course-filter,recipe_list_component_html,epsilon-component,i,HTML Tag Removal,NA,no-such-role,-
recipe-list-course-filter,x-test-course-filter,recipe_list_component_html,epsilon-component,j,HTML Tag Type Modification,NA,no-such-role,-
recipe-list-course-filter,x-test-course-filter,recipe_list_component_html,epsilon-component,k,HTML Tag Insertion,NA,no-such-role,-
recipe-list-veg-only,x-test-veg-only,recipe_list_component_html,alpha-target,d,Text Content Modification,NA,no-text-content,-
recipe-list-veg-only,x-test-veg-only,recipe_list_component_html,alpha-target,e,Text Content Removal,NA,no-text-content,-
recipe-list-veg-only,x-test-veg-only,recipe_list_component_html,alpha-target,h,HTML Tag Movement (between two templates),NA,between-templates-na-perfile,-
recipe-list-veg-only,x-test-veg-only,recipe_list_component_html,alpha-target,i,HTML Tag Removal,NA,would-drop-x-test,-
recipe-list-veg-only,x-test-veg-only,recipe_list_component_html,alpha-target,a,Attribute Value Modification,APPLICABLE,,-
recipe-list-veg-only,x-test-veg-only,recipe_list_component_html,alpha-target,b,Attribute Removal,APPLICABLE,,-
recipe-list-veg-only,x-test-veg-only,recipe_list_component_html,alpha-target,c,Attribute Identifier Modification,APPLICABLE,,-
recipe-list-veg-only,x-test-veg-only,recipe_list_component_html,alpha-target,f,HTML Tag Movement (within a container),APPLICABLE,,-
recipe-list-veg-only,x-test-veg-only,recipe_list_component_html,alpha-target,g,HTML Tag Movement (any point of the HTML tree),APPLICABLE,,-
recipe-list-veg-only,x-test-veg-only,recipe_list_component_html,alpha-target,j,HTML Tag Type Modification,APPLICABLE,,-
recipe-list-veg-only,x-test-veg-only,recipe_list_component_html,alpha-target,k,HTML Tag Insertion,APPLICABLE,,-
recipe-list-veg-only,x-test-veg-only,recipe_list_component_html,beta-parent,d,Text Content Modification,NA,no-text-content,-
recipe-list-veg-only,x-test-veg-only,recipe_list_component_html,beta-parent,e,Text Content Removal,NA,no-text-content,-
recipe-list-veg-only,x-test-veg-only,recipe_list_component_html,beta-parent,f,HTML Tag Movement (within a container),NA,no-sibling-to-reorder,-
recipe-list-veg-only,x-test-veg-only,recipe_list_component_html,beta-parent,h,HTML Tag Movement (between two templates),NA,between-templates-na-perfile,-
recipe-list-veg-only,x-test-veg-only,recipe_list_component_html,beta-parent,a,Attribute Value Modification,APPLICABLE,,-
recipe-list-veg-only,x-test-veg-only,recipe_list_component_html,beta-parent,b,Attribute Removal,APPLICABLE,,-
recipe-list-veg-only,x-test-veg-only,recipe_list_component_html,beta-parent,c,Attribute Identifier Modification,APPLICABLE,,-
recipe-list-veg-only,x-test-veg-only,recipe_list_component_html,beta-parent,g,HTML Tag Movement (any point of the HTML tree),APPLICABLE,,-
recipe-list-veg-only,x-test-veg-only,recipe_list_component_html,beta-parent,i,HTML Tag Removal,APPLICABLE,,-
recipe-list-veg-only,x-test-veg-only,recipe_list_component_html,beta-parent,j,HTML Tag Type Modification,APPLICABLE,,-
recipe-list-veg-only,x-test-veg-only,recipe_list_component_html,beta-parent,k,HTML Tag Insertion,APPLICABLE,,-
recipe-list-veg-only,x-test-veg-only,recipe_list_component_html,gamma-ancestor,d,Text Content Modification,NA,no-text-content,-
recipe-list-veg-only,x-test-veg-only,recipe_list_component_html,gamma-ancestor,e,Text Content Removal,NA,no-text-content,-
recipe-list-veg-only,x-test-veg-only,recipe_list_component_html,gamma-ancestor,h,HTML Tag Movement (between two templates),NA,between-templates-na-perfile,-
recipe-list-veg-only,x-test-veg-only,recipe_list_component_html,gamma-ancestor,a,Attribute Value Modification,APPLICABLE,,-
recipe-list-veg-only,x-test-veg-only,recipe_list_component_html,gamma-ancestor,b,Attribute Removal,APPLICABLE,,-
recipe-list-veg-only,x-test-veg-only,recipe_list_component_html,gamma-ancestor,c,Attribute Identifier Modification,APPLICABLE,,-
recipe-list-veg-only,x-test-veg-only,recipe_list_component_html,gamma-ancestor,f,HTML Tag Movement (within a container),APPLICABLE,,-
recipe-list-veg-only,x-test-veg-only,recipe_list_component_html,gamma-ancestor,g,HTML Tag Movement (any point of the HTML tree),APPLICABLE,,-
recipe-list-veg-only,x-test-veg-only,recipe_list_component_html,gamma-ancestor,i,HTML Tag Removal,APPLICABLE,,-
recipe-list-veg-only,x-test-veg-only,recipe_list_component_html,gamma-ancestor,j,HTML Tag Type Modification,APPLICABLE,,-
recipe-list-veg-only,x-test-veg-only,recipe_list_component_html,gamma-ancestor,k,HTML Tag Insertion,APPLICABLE,,-
recipe-list-veg-only,x-test-veg-only,recipe_list_component_html,delta-sibling,h,HTML Tag Movement (between two templates),NA,between-templates-na-perfile,-
recipe-list-veg-only,x-test-veg-only,recipe_list_component_html,delta-sibling,a,Attribute Value Modification,APPLICABLE,,-
recipe-list-veg-only,x-test-veg-only,recipe_list_component_html,delta-sibling,b,Attribute Removal,APPLICABLE,,-
recipe-list-veg-only,x-test-veg-only,recipe_list_component_html,delta-sibling,c,Attribute Identifier Modification,APPLICABLE,,-
recipe-list-veg-only,x-test-veg-only,recipe_list_component_html,delta-sibling,d,Text Content Modification,APPLICABLE,,-
recipe-list-veg-only,x-test-veg-only,recipe_list_component_html,delta-sibling,e,Text Content Removal,APPLICABLE,,-
recipe-list-veg-only,x-test-veg-only,recipe_list_component_html,delta-sibling,f,HTML Tag Movement (within a container),APPLICABLE,,-
recipe-list-veg-only,x-test-veg-only,recipe_list_component_html,delta-sibling,g,HTML Tag Movement (any point of the HTML tree),APPLICABLE,,-
recipe-list-veg-only,x-test-veg-only,recipe_list_component_html,delta-sibling,i,HTML Tag Removal,APPLICABLE,,-
recipe-list-veg-only,x-test-veg-only,recipe_list_component_html,delta-sibling,j,HTML Tag Type Modification,APPLICABLE,,-
recipe-list-veg-only,x-test-veg-only,recipe_list_component_html,delta-sibling,k,HTML Tag Insertion,APPLICABLE,,-
recipe-list-veg-only,x-test-veg-only,recipe_list_component_html,epsilon-component,a,Attribute Value Modification,NA,no-such-role,-
recipe-list-veg-only,x-test-veg-only,recipe_list_component_html,epsilon-component,b,Attribute Removal,NA,no-such-role,-
recipe-list-veg-only,x-test-veg-only,recipe_list_component_html,epsilon-component,c,Attribute Identifier Modification,NA,no-such-role,-
recipe-list-veg-only,x-test-veg-only,recipe_list_component_html,epsilon-component,d,Text Content Modification,NA,no-such-role,-
recipe-list-veg-only,x-test-veg-only,recipe_list_component_html,epsilon-component,e,Text Content Removal,NA,no-such-role,-
recipe-list-veg-only,x-test-veg-only,recipe_list_component_html,epsilon-component,f,HTML Tag Movement (within a container),NA,no-such-role,-
recipe-list-veg-only,x-test-veg-only,recipe_list_component_html,epsilon-component,g,HTML Tag Movement (any point of the HTML tree),NA,no-such-role,-
recipe-list-veg-only,x-test-veg-only,recipe_list_component_html,epsilon-component,h,HTML Tag Movement (between two templates),NA,no-such-role,-
recipe-list-veg-only,x-test-veg-only,recipe_list_component_html,epsilon-component,i,HTML Tag Removal,NA,no-such-role,-
recipe-list-veg-only,x-test-veg-only,recipe_list_component_html,epsilon-component,j,HTML Tag Type Modification,NA,no-such-role,-
recipe-list-veg-only,x-test-veg-only,recipe_list_component_html,epsilon-component,k,HTML Tag Insertion,NA,no-such-role,-
recipe-list-sort,x-test-sort,recipe_list_component_html,alpha-target,d,Text Content Modification,NA,no-text-content,-
recipe-list-sort,x-test-sort,recipe_list_component_html,alpha-target,e,Text Content Removal,NA,no-text-content,-
recipe-list-sort,x-test-sort,recipe_list_component_html,alpha-target,h,HTML Tag Movement (between two templates),NA,between-templates-na-perfile,-
recipe-list-sort,x-test-sort,recipe_list_component_html,alpha-target,i,HTML Tag Removal,NA,would-drop-x-test,-
recipe-list-sort,x-test-sort,recipe_list_component_html,alpha-target,a,Attribute Value Modification,APPLICABLE,,-
recipe-list-sort,x-test-sort,recipe_list_component_html,alpha-target,b,Attribute Removal,APPLICABLE,,-
recipe-list-sort,x-test-sort,recipe_list_component_html,alpha-target,c,Attribute Identifier Modification,APPLICABLE,,-
recipe-list-sort,x-test-sort,recipe_list_component_html,alpha-target,f,HTML Tag Movement (within a container),APPLICABLE,,-
recipe-list-sort,x-test-sort,recipe_list_component_html,alpha-target,g,HTML Tag Movement (any point of the HTML tree),APPLICABLE,,-
recipe-list-sort,x-test-sort,recipe_list_component_html,alpha-target,j,HTML Tag Type Modification,APPLICABLE,,-
recipe-list-sort,x-test-sort,recipe_list_component_html,alpha-target,k,HTML Tag Insertion,APPLICABLE,,-
recipe-list-sort,x-test-sort,recipe_list_component_html,beta-parent,d,Text Content Modification,NA,no-text-content,-
recipe-list-sort,x-test-sort,recipe_list_component_html,beta-parent,e,Text Content Removal,NA,no-text-content,-
recipe-list-sort,x-test-sort,recipe_list_component_html,beta-parent,f,HTML Tag Movement (within a container),NA,no-sibling-to-reorder,-
recipe-list-sort,x-test-sort,recipe_list_component_html,beta-parent,h,HTML Tag Movement (between two templates),NA,between-templates-na-perfile,-
recipe-list-sort,x-test-sort,recipe_list_component_html,beta-parent,a,Attribute Value Modification,APPLICABLE,,-
recipe-list-sort,x-test-sort,recipe_list_component_html,beta-parent,b,Attribute Removal,APPLICABLE,,-
recipe-list-sort,x-test-sort,recipe_list_component_html,beta-parent,c,Attribute Identifier Modification,APPLICABLE,,-
recipe-list-sort,x-test-sort,recipe_list_component_html,beta-parent,g,HTML Tag Movement (any point of the HTML tree),APPLICABLE,,-
recipe-list-sort,x-test-sort,recipe_list_component_html,beta-parent,i,HTML Tag Removal,APPLICABLE,,-
recipe-list-sort,x-test-sort,recipe_list_component_html,beta-parent,j,HTML Tag Type Modification,APPLICABLE,,-
recipe-list-sort,x-test-sort,recipe_list_component_html,beta-parent,k,HTML Tag Insertion,APPLICABLE,,-
recipe-list-sort,x-test-sort,recipe_list_component_html,gamma-ancestor,d,Text Content Modification,NA,no-text-content,-
recipe-list-sort,x-test-sort,recipe_list_component_html,gamma-ancestor,e,Text Content Removal,NA,no-text-content,-
recipe-list-sort,x-test-sort,recipe_list_component_html,gamma-ancestor,h,HTML Tag Movement (between two templates),NA,between-templates-na-perfile,-
recipe-list-sort,x-test-sort,recipe_list_component_html,gamma-ancestor,a,Attribute Value Modification,APPLICABLE,,-
recipe-list-sort,x-test-sort,recipe_list_component_html,gamma-ancestor,b,Attribute Removal,APPLICABLE,,-
recipe-list-sort,x-test-sort,recipe_list_component_html,gamma-ancestor,c,Attribute Identifier Modification,APPLICABLE,,-
recipe-list-sort,x-test-sort,recipe_list_component_html,gamma-ancestor,f,HTML Tag Movement (within a container),APPLICABLE,,-
recipe-list-sort,x-test-sort,recipe_list_component_html,gamma-ancestor,g,HTML Tag Movement (any point of the HTML tree),APPLICABLE,,-
recipe-list-sort,x-test-sort,recipe_list_component_html,gamma-ancestor,i,HTML Tag Removal,APPLICABLE,,-
recipe-list-sort,x-test-sort,recipe_list_component_html,gamma-ancestor,j,HTML Tag Type Modification,APPLICABLE,,-
recipe-list-sort,x-test-sort,recipe_list_component_html,gamma-ancestor,k,HTML Tag Insertion,APPLICABLE,,-
recipe-list-sort,x-test-sort,recipe_list_component_html,delta-sibling,h,HTML Tag Movement (between two templates),NA,between-templates-na-perfile,-
recipe-list-sort,x-test-sort,recipe_list_component_html,delta-sibling,a,Attribute Value Modification,APPLICABLE,,-
recipe-list-sort,x-test-sort,recipe_list_component_html,delta-sibling,b,Attribute Removal,APPLICABLE,,-
recipe-list-sort,x-test-sort,recipe_list_component_html,delta-sibling,c,Attribute Identifier Modification,APPLICABLE,,-
recipe-list-sort,x-test-sort,recipe_list_component_html,delta-sibling,d,Text Content Modification,APPLICABLE,,-
recipe-list-sort,x-test-sort,recipe_list_component_html,delta-sibling,e,Text Content Removal,APPLICABLE,,-
recipe-list-sort,x-test-sort,recipe_list_component_html,delta-sibling,f,HTML Tag Movement (within a container),APPLICABLE,,-
recipe-list-sort,x-test-sort,recipe_list_component_html,delta-sibling,g,HTML Tag Movement (any point of the HTML tree),APPLICABLE,,-
recipe-list-sort,x-test-sort,recipe_list_component_html,delta-sibling,i,HTML Tag Removal,APPLICABLE,,-
recipe-list-sort,x-test-sort,recipe_list_component_html,delta-sibling,j,HTML Tag Type Modification,APPLICABLE,,-
recipe-list-sort,x-test-sort,recipe_list_component_html,delta-sibling,k,HTML Tag Insertion,APPLICABLE,,-
recipe-list-sort,x-test-sort,recipe_list_component_html,epsilon-component,a,Attribute Value Modification,NA,no-such-role,-
recipe-list-sort,x-test-sort,recipe_list_component_html,epsilon-component,b,Attribute Removal,NA,no-such-role,-
recipe-list-sort,x-test-sort,recipe_list_component_html,epsilon-component,c,Attribute Identifier Modification,NA,no-such-role,-
recipe-list-sort,x-test-sort,recipe_list_component_html,epsilon-component,d,Text Content Modification,NA,no-such-role,-
recipe-list-sort,x-test-sort,recipe_list_component_html,epsilon-component,e,Text Content Removal,NA,no-such-role,-
recipe-list-sort,x-test-sort,recipe_list_component_html,epsilon-component,f,HTML Tag Movement (within a container),NA,no-such-role,-
recipe-list-sort,x-test-sort,recipe_list_component_html,epsilon-component,g,HTML Tag Movement (any point of the HTML tree),NA,no-such-role,-
recipe-list-sort,x-test-sort,recipe_list_component_html,epsilon-component,h,HTML Tag Movement (between two templates),NA,no-such-role,-
recipe-list-sort,x-test-sort,recipe_list_component_html,epsilon-component,i,HTML Tag Removal,NA,no-such-role,-
recipe-list-sort,x-test-sort,recipe_list_component_html,epsilon-component,j,HTML Tag Type Modification,NA,no-such-role,-
recipe-list-sort,x-test-sort,recipe_list_component_html,epsilon-component,k,HTML Tag Insertion,NA,no-such-role,-
recipe-list-result-count,x-test-result-count,recipe_list_component_html,alpha-target,h,HTML Tag Movement (between two templates),NA,between-templates-na-perfile,-
recipe-list-result-count,x-test-result-count,recipe_list_component_html,alpha-target,i,HTML Tag Removal,NA,would-drop-x-test,-
recipe-list-result-count,x-test-result-count,recipe_list_component_html,alpha-target,a,Attribute Value Modification,APPLICABLE,,-
recipe-list-result-count,x-test-result-count,recipe_list_component_html,alpha-target,b,Attribute Removal,APPLICABLE,,-
recipe-list-result-count,x-test-result-count,recipe_list_component_html,alpha-target,c,Attribute Identifier Modification,APPLICABLE,,-
recipe-list-result-count,x-test-result-count,recipe_list_component_html,alpha-target,d,Text Content Modification,APPLICABLE,,-
recipe-list-result-count,x-test-result-count,recipe_list_component_html,alpha-target,e,Text Content Removal,APPLICABLE,,-
recipe-list-result-count,x-test-result-count,recipe_list_component_html,alpha-target,f,HTML Tag Movement (within a container),APPLICABLE,,-
recipe-list-result-count,x-test-result-count,recipe_list_component_html,alpha-target,g,HTML Tag Movement (any point of the HTML tree),APPLICABLE,,-
recipe-list-result-count,x-test-result-count,recipe_list_component_html,alpha-target,j,HTML Tag Type Modification,APPLICABLE,,-
recipe-list-result-count,x-test-result-count,recipe_list_component_html,alpha-target,k,HTML Tag Insertion,APPLICABLE,,-
recipe-list-result-count,x-test-result-count,recipe_list_component_html,beta-parent,d,Text Content Modification,NA,no-text-content,-
recipe-list-result-count,x-test-result-count,recipe_list_component_html,beta-parent,e,Text Content Removal,NA,no-text-content,-
recipe-list-result-count,x-test-result-count,recipe_list_component_html,beta-parent,h,HTML Tag Movement (between two templates),NA,between-templates-na-perfile,-
recipe-list-result-count,x-test-result-count,recipe_list_component_html,beta-parent,a,Attribute Value Modification,APPLICABLE,,-
recipe-list-result-count,x-test-result-count,recipe_list_component_html,beta-parent,b,Attribute Removal,APPLICABLE,,-
recipe-list-result-count,x-test-result-count,recipe_list_component_html,beta-parent,c,Attribute Identifier Modification,APPLICABLE,,-
recipe-list-result-count,x-test-result-count,recipe_list_component_html,beta-parent,f,HTML Tag Movement (within a container),APPLICABLE,,-
recipe-list-result-count,x-test-result-count,recipe_list_component_html,beta-parent,g,HTML Tag Movement (any point of the HTML tree),APPLICABLE,,-
recipe-list-result-count,x-test-result-count,recipe_list_component_html,beta-parent,i,HTML Tag Removal,APPLICABLE,,-
recipe-list-result-count,x-test-result-count,recipe_list_component_html,beta-parent,j,HTML Tag Type Modification,APPLICABLE,,-
recipe-list-result-count,x-test-result-count,recipe_list_component_html,beta-parent,k,HTML Tag Insertion,APPLICABLE,,-
recipe-list-result-count,x-test-result-count,recipe_list_component_html,gamma-ancestor,d,Text Content Modification,NA,no-text-content,-
recipe-list-result-count,x-test-result-count,recipe_list_component_html,gamma-ancestor,e,Text Content Removal,NA,no-text-content,-
recipe-list-result-count,x-test-result-count,recipe_list_component_html,gamma-ancestor,h,HTML Tag Movement (between two templates),NA,between-templates-na-perfile,-
recipe-list-result-count,x-test-result-count,recipe_list_component_html,gamma-ancestor,a,Attribute Value Modification,APPLICABLE,,-
recipe-list-result-count,x-test-result-count,recipe_list_component_html,gamma-ancestor,b,Attribute Removal,APPLICABLE,,-
recipe-list-result-count,x-test-result-count,recipe_list_component_html,gamma-ancestor,c,Attribute Identifier Modification,APPLICABLE,,-
recipe-list-result-count,x-test-result-count,recipe_list_component_html,gamma-ancestor,f,HTML Tag Movement (within a container),APPLICABLE,,-
recipe-list-result-count,x-test-result-count,recipe_list_component_html,gamma-ancestor,g,HTML Tag Movement (any point of the HTML tree),APPLICABLE,,-
recipe-list-result-count,x-test-result-count,recipe_list_component_html,gamma-ancestor,i,HTML Tag Removal,APPLICABLE,,-
recipe-list-result-count,x-test-result-count,recipe_list_component_html,gamma-ancestor,j,HTML Tag Type Modification,APPLICABLE,,-
recipe-list-result-count,x-test-result-count,recipe_list_component_html,gamma-ancestor,k,HTML Tag Insertion,APPLICABLE,,-
recipe-list-result-count,x-test-result-count,recipe_list_component_html,delta-sibling,h,HTML Tag Movement (between two templates),NA,between-templates-na-perfile,-
recipe-list-result-count,x-test-result-count,recipe_list_component_html,delta-sibling,a,Attribute Value Modification,APPLICABLE,,-
recipe-list-result-count,x-test-result-count,recipe_list_component_html,delta-sibling,b,Attribute Removal,APPLICABLE,,-
recipe-list-result-count,x-test-result-count,recipe_list_component_html,delta-sibling,c,Attribute Identifier Modification,APPLICABLE,,-
recipe-list-result-count,x-test-result-count,recipe_list_component_html,delta-sibling,d,Text Content Modification,APPLICABLE,,-
recipe-list-result-count,x-test-result-count,recipe_list_component_html,delta-sibling,e,Text Content Removal,APPLICABLE,,-
recipe-list-result-count,x-test-result-count,recipe_list_component_html,delta-sibling,f,HTML Tag Movement (within a container),APPLICABLE,,-
recipe-list-result-count,x-test-result-count,recipe_list_component_html,delta-sibling,g,HTML Tag Movement (any point of the HTML tree),APPLICABLE,,-
recipe-list-result-count,x-test-result-count,recipe_list_component_html,delta-sibling,i,HTML Tag Removal,APPLICABLE,,-
recipe-list-result-count,x-test-result-count,recipe_list_component_html,delta-sibling,j,HTML Tag Type Modification,APPLICABLE,,-
recipe-list-result-count,x-test-result-count,recipe_list_component_html,delta-sibling,k,HTML Tag Insertion,APPLICABLE,,-
recipe-list-result-count,x-test-result-count,recipe_list_component_html,epsilon-component,a,Attribute Value Modification,NA,no-such-role,-
recipe-list-result-count,x-test-result-count,recipe_list_component_html,epsilon-component,b,Attribute Removal,NA,no-such-role,-
recipe-list-result-count,x-test-result-count,recipe_list_component_html,epsilon-component,c,Attribute Identifier Modification,NA,no-such-role,-
recipe-list-result-count,x-test-result-count,recipe_list_component_html,epsilon-component,d,Text Content Modification,NA,no-such-role,-
recipe-list-result-count,x-test-result-count,recipe_list_component_html,epsilon-component,e,Text Content Removal,NA,no-such-role,-
recipe-list-result-count,x-test-result-count,recipe_list_component_html,epsilon-component,f,HTML Tag Movement (within a container),NA,no-such-role,-
recipe-list-result-count,x-test-result-count,recipe_list_component_html,epsilon-component,g,HTML Tag Movement (any point of the HTML tree),NA,no-such-role,-
recipe-list-result-count,x-test-result-count,recipe_list_component_html,epsilon-component,h,HTML Tag Movement (between two templates),NA,no-such-role,-
recipe-list-result-count,x-test-result-count,recipe_list_component_html,epsilon-component,i,HTML Tag Removal,NA,no-such-role,-
recipe-list-result-count,x-test-result-count,recipe_list_component_html,epsilon-component,j,HTML Tag Type Modification,NA,no-such-role,-
recipe-list-result-count,x-test-result-count,recipe_list_component_html,epsilon-component,k,HTML Tag Insertion,NA,no-such-role,-
recipe-list-add-recipe,x-test-add-recipe,recipe_list_component_html,alpha-target,h,HTML Tag Movement (between two templates),NA,between-templates-na-perfile,-
recipe-list-add-recipe,x-test-add-recipe,recipe_list_component_html,alpha-target,i,HTML Tag Removal,NA,would-drop-x-test,-
recipe-list-add-recipe,x-test-add-recipe,recipe_list_component_html,alpha-target,a,Attribute Value Modification,APPLICABLE,,-
recipe-list-add-recipe,x-test-add-recipe,recipe_list_component_html,alpha-target,b,Attribute Removal,APPLICABLE,,-
recipe-list-add-recipe,x-test-add-recipe,recipe_list_component_html,alpha-target,c,Attribute Identifier Modification,APPLICABLE,,-
recipe-list-add-recipe,x-test-add-recipe,recipe_list_component_html,alpha-target,d,Text Content Modification,APPLICABLE,,-
recipe-list-add-recipe,x-test-add-recipe,recipe_list_component_html,alpha-target,e,Text Content Removal,APPLICABLE,,-
recipe-list-add-recipe,x-test-add-recipe,recipe_list_component_html,alpha-target,f,HTML Tag Movement (within a container),APPLICABLE,,-
recipe-list-add-recipe,x-test-add-recipe,recipe_list_component_html,alpha-target,g,HTML Tag Movement (any point of the HTML tree),APPLICABLE,,-
recipe-list-add-recipe,x-test-add-recipe,recipe_list_component_html,alpha-target,j,HTML Tag Type Modification,APPLICABLE,,-
recipe-list-add-recipe,x-test-add-recipe,recipe_list_component_html,alpha-target,k,HTML Tag Insertion,APPLICABLE,,-
recipe-list-add-recipe,x-test-add-recipe,recipe_list_component_html,beta-parent,d,Text Content Modification,NA,no-text-content,-
recipe-list-add-recipe,x-test-add-recipe,recipe_list_component_html,beta-parent,e,Text Content Removal,NA,no-text-content,-
recipe-list-add-recipe,x-test-add-recipe,recipe_list_component_html,beta-parent,h,HTML Tag Movement (between two templates),NA,between-templates-na-perfile,-
recipe-list-add-recipe,x-test-add-recipe,recipe_list_component_html,beta-parent,a,Attribute Value Modification,APPLICABLE,,-
recipe-list-add-recipe,x-test-add-recipe,recipe_list_component_html,beta-parent,b,Attribute Removal,APPLICABLE,,-
recipe-list-add-recipe,x-test-add-recipe,recipe_list_component_html,beta-parent,c,Attribute Identifier Modification,APPLICABLE,,-
recipe-list-add-recipe,x-test-add-recipe,recipe_list_component_html,beta-parent,f,HTML Tag Movement (within a container),APPLICABLE,,-
recipe-list-add-recipe,x-test-add-recipe,recipe_list_component_html,beta-parent,g,HTML Tag Movement (any point of the HTML tree),APPLICABLE,,-
recipe-list-add-recipe,x-test-add-recipe,recipe_list_component_html,beta-parent,i,HTML Tag Removal,APPLICABLE,,-
recipe-list-add-recipe,x-test-add-recipe,recipe_list_component_html,beta-parent,j,HTML Tag Type Modification,APPLICABLE,,-
recipe-list-add-recipe,x-test-add-recipe,recipe_list_component_html,beta-parent,k,HTML Tag Insertion,APPLICABLE,,-
recipe-list-add-recipe,x-test-add-recipe,recipe_list_component_html,gamma-ancestor,d,Text Content Modification,NA,no-text-content,-
recipe-list-add-recipe,x-test-add-recipe,recipe_list_component_html,gamma-ancestor,e,Text Content Removal,NA,no-text-content,-
recipe-list-add-recipe,x-test-add-recipe,recipe_list_component_html,gamma-ancestor,h,HTML Tag Movement (between two templates),NA,between-templates-na-perfile,-
recipe-list-add-recipe,x-test-add-recipe,recipe_list_component_html,gamma-ancestor,a,Attribute Value Modification,APPLICABLE,,-
recipe-list-add-recipe,x-test-add-recipe,recipe_list_component_html,gamma-ancestor,b,Attribute Removal,APPLICABLE,,-
recipe-list-add-recipe,x-test-add-recipe,recipe_list_component_html,gamma-ancestor,c,Attribute Identifier Modification,APPLICABLE,,-
recipe-list-add-recipe,x-test-add-recipe,recipe_list_component_html,gamma-ancestor,f,HTML Tag Movement (within a container),APPLICABLE,,-
recipe-list-add-recipe,x-test-add-recipe,recipe_list_component_html,gamma-ancestor,g,HTML Tag Movement (any point of the HTML tree),APPLICABLE,,-
recipe-list-add-recipe,x-test-add-recipe,recipe_list_component_html,gamma-ancestor,i,HTML Tag Removal,APPLICABLE,,-
recipe-list-add-recipe,x-test-add-recipe,recipe_list_component_html,gamma-ancestor,j,HTML Tag Type Modification,APPLICABLE,,-
recipe-list-add-recipe,x-test-add-recipe,recipe_list_component_html,gamma-ancestor,k,HTML Tag Insertion,APPLICABLE,,-
recipe-list-add-recipe,x-test-add-recipe,recipe_list_component_html,delta-sibling,h,HTML Tag Movement (between two templates),NA,between-templates-na-perfile,-
recipe-list-add-recipe,x-test-add-recipe,recipe_list_component_html,delta-sibling,a,Attribute Value Modification,APPLICABLE,,-
recipe-list-add-recipe,x-test-add-recipe,recipe_list_component_html,delta-sibling,b,Attribute Removal,APPLICABLE,,-
recipe-list-add-recipe,x-test-add-recipe,recipe_list_component_html,delta-sibling,c,Attribute Identifier Modification,APPLICABLE,,-
recipe-list-add-recipe,x-test-add-recipe,recipe_list_component_html,delta-sibling,d,Text Content Modification,APPLICABLE,,-
recipe-list-add-recipe,x-test-add-recipe,recipe_list_component_html,delta-sibling,e,Text Content Removal,APPLICABLE,,-
recipe-list-add-recipe,x-test-add-recipe,recipe_list_component_html,delta-sibling,f,HTML Tag Movement (within a container),APPLICABLE,,-
recipe-list-add-recipe,x-test-add-recipe,recipe_list_component_html,delta-sibling,g,HTML Tag Movement (any point of the HTML tree),APPLICABLE,,-
recipe-list-add-recipe,x-test-add-recipe,recipe_list_component_html,delta-sibling,i,HTML Tag Removal,APPLICABLE,,-
recipe-list-add-recipe,x-test-add-recipe,recipe_list_component_html,delta-sibling,j,HTML Tag Type Modification,APPLICABLE,,-
recipe-list-add-recipe,x-test-add-recipe,recipe_list_component_html,delta-sibling,k,HTML Tag Insertion,APPLICABLE,,-
recipe-list-add-recipe,x-test-add-recipe,recipe_list_component_html,epsilon-component,a,Attribute Value Modification,NA,no-such-role,-
recipe-list-add-recipe,x-test-add-recipe,recipe_list_component_html,epsilon-component,b,Attribute Removal,NA,no-such-role,-
recipe-list-add-recipe,x-test-add-recipe,recipe_list_component_html,epsilon-component,c,Attribute Identifier Modification,NA,no-such-role,-
recipe-list-add-recipe,x-test-add-recipe,recipe_list_component_html,epsilon-component,d,Text Content Modification,NA,no-such-role,-
recipe-list-add-recipe,x-test-add-recipe,recipe_list_component_html,epsilon-component,e,Text Content Removal,NA,no-such-role,-
recipe-list-add-recipe,x-test-add-recipe,recipe_list_component_html,epsilon-component,f,HTML Tag Movement (within a container),NA,no-such-role,-
recipe-list-add-recipe,x-test-add-recipe,recipe_list_component_html,epsilon-component,g,HTML Tag Movement (any point of the HTML tree),NA,no-such-role,-
recipe-list-add-recipe,x-test-add-recipe,recipe_list_component_html,epsilon-component,h,HTML Tag Movement (between two templates),NA,no-such-role,-
recipe-list-add-recipe,x-test-add-recipe,recipe_list_component_html,epsilon-component,i,HTML Tag Removal,NA,no-such-role,-
recipe-list-add-recipe,x-test-add-recipe,recipe_list_component_html,epsilon-component,j,HTML Tag Type Modification,NA,no-such-role,-
recipe-list-add-recipe,x-test-add-recipe,recipe_list_component_html,epsilon-component,k,HTML Tag Insertion,NA,no-such-role,-
recipe-list-empty,x-test-empty,recipe_list_component_html,alpha-target,h,HTML Tag Movement (between two templates),NA,between-templates-na-perfile,-
recipe-list-empty,x-test-empty,recipe_list_component_html,alpha-target,i,HTML Tag Removal,NA,would-drop-x-test,-
recipe-list-empty,x-test-empty,recipe_list_component_html,alpha-target,a,Attribute Value Modification,APPLICABLE,,-
recipe-list-empty,x-test-empty,recipe_list_component_html,alpha-target,b,Attribute Removal,APPLICABLE,,-
recipe-list-empty,x-test-empty,recipe_list_component_html,alpha-target,c,Attribute Identifier Modification,APPLICABLE,,-
recipe-list-empty,x-test-empty,recipe_list_component_html,alpha-target,d,Text Content Modification,APPLICABLE,,-
recipe-list-empty,x-test-empty,recipe_list_component_html,alpha-target,e,Text Content Removal,APPLICABLE,,-
recipe-list-empty,x-test-empty,recipe_list_component_html,alpha-target,f,HTML Tag Movement (within a container),APPLICABLE,,-
recipe-list-empty,x-test-empty,recipe_list_component_html,alpha-target,g,HTML Tag Movement (any point of the HTML tree),APPLICABLE,,-
recipe-list-empty,x-test-empty,recipe_list_component_html,alpha-target,j,HTML Tag Type Modification,APPLICABLE,,-
recipe-list-empty,x-test-empty,recipe_list_component_html,alpha-target,k,HTML Tag Insertion,APPLICABLE,,-
recipe-list-empty,x-test-empty,recipe_list_component_html,beta-parent,d,Text Content Modification,NA,no-text-content,-
recipe-list-empty,x-test-empty,recipe_list_component_html,beta-parent,e,Text Content Removal,NA,no-text-content,-
recipe-list-empty,x-test-empty,recipe_list_component_html,beta-parent,h,HTML Tag Movement (between two templates),NA,between-templates-na-perfile,-
recipe-list-empty,x-test-empty,recipe_list_component_html,beta-parent,a,Attribute Value Modification,APPLICABLE,,-
recipe-list-empty,x-test-empty,recipe_list_component_html,beta-parent,b,Attribute Removal,APPLICABLE,,-
recipe-list-empty,x-test-empty,recipe_list_component_html,beta-parent,c,Attribute Identifier Modification,APPLICABLE,,-
recipe-list-empty,x-test-empty,recipe_list_component_html,beta-parent,f,HTML Tag Movement (within a container),APPLICABLE,,-
recipe-list-empty,x-test-empty,recipe_list_component_html,beta-parent,g,HTML Tag Movement (any point of the HTML tree),APPLICABLE,,-
recipe-list-empty,x-test-empty,recipe_list_component_html,beta-parent,i,HTML Tag Removal,APPLICABLE,,-
recipe-list-empty,x-test-empty,recipe_list_component_html,beta-parent,j,HTML Tag Type Modification,APPLICABLE,,-
recipe-list-empty,x-test-empty,recipe_list_component_html,beta-parent,k,HTML Tag Insertion,APPLICABLE,,-
recipe-list-empty,x-test-empty,recipe_list_component_html,gamma-ancestor,h,HTML Tag Movement (between two templates),NA,between-templates-na-perfile,-
recipe-list-empty,x-test-empty,recipe_list_component_html,gamma-ancestor,a,Attribute Value Modification,APPLICABLE,,-
recipe-list-empty,x-test-empty,recipe_list_component_html,gamma-ancestor,b,Attribute Removal,APPLICABLE,,-
recipe-list-empty,x-test-empty,recipe_list_component_html,gamma-ancestor,c,Attribute Identifier Modification,APPLICABLE,,-
recipe-list-empty,x-test-empty,recipe_list_component_html,gamma-ancestor,d,Text Content Modification,APPLICABLE,,-
recipe-list-empty,x-test-empty,recipe_list_component_html,gamma-ancestor,e,Text Content Removal,APPLICABLE,,-
recipe-list-empty,x-test-empty,recipe_list_component_html,gamma-ancestor,f,HTML Tag Movement (within a container),APPLICABLE,,-
recipe-list-empty,x-test-empty,recipe_list_component_html,gamma-ancestor,g,HTML Tag Movement (any point of the HTML tree),APPLICABLE,,-
recipe-list-empty,x-test-empty,recipe_list_component_html,gamma-ancestor,i,HTML Tag Removal,APPLICABLE,,-
recipe-list-empty,x-test-empty,recipe_list_component_html,gamma-ancestor,j,HTML Tag Type Modification,APPLICABLE,,-
recipe-list-empty,x-test-empty,recipe_list_component_html,gamma-ancestor,k,HTML Tag Insertion,APPLICABLE,,-
recipe-list-empty,x-test-empty,recipe_list_component_html,delta-sibling,h,HTML Tag Movement (between two templates),NA,between-templates-na-perfile,-
recipe-list-empty,x-test-empty,recipe_list_component_html,delta-sibling,a,Attribute Value Modification,APPLICABLE,,-
recipe-list-empty,x-test-empty,recipe_list_component_html,delta-sibling,b,Attribute Removal,APPLICABLE,,-
recipe-list-empty,x-test-empty,recipe_list_component_html,delta-sibling,c,Attribute Identifier Modification,APPLICABLE,,-
recipe-list-empty,x-test-empty,recipe_list_component_html,delta-sibling,d,Text Content Modification,APPLICABLE,,-
recipe-list-empty,x-test-empty,recipe_list_component_html,delta-sibling,e,Text Content Removal,APPLICABLE,,-
recipe-list-empty,x-test-empty,recipe_list_component_html,delta-sibling,f,HTML Tag Movement (within a container),APPLICABLE,,-
recipe-list-empty,x-test-empty,recipe_list_component_html,delta-sibling,g,HTML Tag Movement (any point of the HTML tree),APPLICABLE,,-
recipe-list-empty,x-test-empty,recipe_list_component_html,delta-sibling,i,HTML Tag Removal,APPLICABLE,,-
recipe-list-empty,x-test-empty,recipe_list_component_html,delta-sibling,j,HTML Tag Type Modification,APPLICABLE,,-
recipe-list-empty,x-test-empty,recipe_list_component_html,delta-sibling,k,HTML Tag Insertion,APPLICABLE,,-
recipe-list-empty,x-test-empty,recipe_list_component_html,epsilon-component,a,Attribute Value Modification,NA,no-such-role,-
recipe-list-empty,x-test-empty,recipe_list_component_html,epsilon-component,b,Attribute Removal,NA,no-such-role,-
recipe-list-empty,x-test-empty,recipe_list_component_html,epsilon-component,c,Attribute Identifier Modification,NA,no-such-role,-
recipe-list-empty,x-test-empty,recipe_list_component_html,epsilon-component,d,Text Content Modification,NA,no-such-role,-
recipe-list-empty,x-test-empty,recipe_list_component_html,epsilon-component,e,Text Content Removal,NA,no-such-role,-
recipe-list-empty,x-test-empty,recipe_list_component_html,epsilon-component,f,HTML Tag Movement (within a container),NA,no-such-role,-
recipe-list-empty,x-test-empty,recipe_list_component_html,epsilon-component,g,HTML Tag Movement (any point of the HTML tree),NA,no-such-role,-
recipe-list-empty,x-test-empty,recipe_list_component_html,epsilon-component,h,HTML Tag Movement (between two templates),NA,no-such-role,-
recipe-list-empty,x-test-empty,recipe_list_component_html,epsilon-component,i,HTML Tag Removal,NA,no-such-role,-
recipe-list-empty,x-test-empty,recipe_list_component_html,epsilon-component,j,HTML Tag Type Modification,NA,no-such-role,-
recipe-list-empty,x-test-empty,recipe_list_component_html,epsilon-component,k,HTML Tag Insertion,NA,no-such-role,-
recipe-card-card,[attr.x-test-card],recipe_card_component_html,alpha-target,d,Text Content Modification,NA,no-text-content,-
recipe-card-card,[attr.x-test-card],recipe_card_component_html,alpha-target,e,Text Content Removal,NA,no-text-content,-
recipe-card-card,[attr.x-test-card],recipe_card_component_html,alpha-target,h,HTML Tag Movement (between two templates),NA,between-templates-na-perfile,-
recipe-card-card,[attr.x-test-card],recipe_card_component_html,alpha-target,a,Attribute Value Modification,APPLICABLE,,-
recipe-card-card,[attr.x-test-card],recipe_card_component_html,alpha-target,b,Attribute Removal,APPLICABLE,,-
recipe-card-card,[attr.x-test-card],recipe_card_component_html,alpha-target,c,Attribute Identifier Modification,APPLICABLE,,-
recipe-card-card,[attr.x-test-card],recipe_card_component_html,alpha-target,f,HTML Tag Movement (within a container),APPLICABLE,,-
recipe-card-card,[attr.x-test-card],recipe_card_component_html,alpha-target,g,HTML Tag Movement (any point of the HTML tree),APPLICABLE,,-
recipe-card-card,[attr.x-test-card],recipe_card_component_html,alpha-target,i,HTML Tag Removal,APPLICABLE,,-
recipe-card-card,[attr.x-test-card],recipe_card_component_html,alpha-target,j,HTML Tag Type Modification,APPLICABLE,,-
recipe-card-card,[attr.x-test-card],recipe_card_component_html,alpha-target,k,HTML Tag Insertion,APPLICABLE,,-
recipe-card-card,[attr.x-test-card],recipe_card_component_html,beta-parent,d,Text Content Modification,NA,no-text-content,-
recipe-card-card,[attr.x-test-card],recipe_card_component_html,beta-parent,e,Text Content Removal,NA,no-text-content,-
recipe-card-card,[attr.x-test-card],recipe_card_component_html,beta-parent,f,HTML Tag Movement (within a container),NA,no-sibling-to-reorder,-
recipe-card-card,[attr.x-test-card],recipe_card_component_html,beta-parent,h,HTML Tag Movement (between two templates),NA,between-templates-na-perfile,-
recipe-card-card,[attr.x-test-card],recipe_card_component_html,beta-parent,a,Attribute Value Modification,APPLICABLE,,-
recipe-card-card,[attr.x-test-card],recipe_card_component_html,beta-parent,b,Attribute Removal,APPLICABLE,,-
recipe-card-card,[attr.x-test-card],recipe_card_component_html,beta-parent,c,Attribute Identifier Modification,APPLICABLE,,-
recipe-card-card,[attr.x-test-card],recipe_card_component_html,beta-parent,g,HTML Tag Movement (any point of the HTML tree),APPLICABLE,,-
recipe-card-card,[attr.x-test-card],recipe_card_component_html,beta-parent,i,HTML Tag Removal,APPLICABLE,,-
recipe-card-card,[attr.x-test-card],recipe_card_component_html,beta-parent,j,HTML Tag Type Modification,APPLICABLE,,-
recipe-card-card,[attr.x-test-card],recipe_card_component_html,beta-parent,k,HTML Tag Insertion,APPLICABLE,,-
recipe-card-card,[attr.x-test-card],recipe_card_component_html,gamma-ancestor,d,Text Content Modification,NA,no-text-content,-
recipe-card-card,[attr.x-test-card],recipe_card_component_html,gamma-ancestor,e,Text Content Removal,NA,no-text-content,-
recipe-card-card,[attr.x-test-card],recipe_card_component_html,gamma-ancestor,f,HTML Tag Movement (within a container),NA,no-sibling-to-reorder,-
recipe-card-card,[attr.x-test-card],recipe_card_component_html,gamma-ancestor,g,HTML Tag Movement (any point of the HTML tree),NA,root-element,-
recipe-card-card,[attr.x-test-card],recipe_card_component_html,gamma-ancestor,h,HTML Tag Movement (between two templates),NA,between-templates-na-perfile,-
recipe-card-card,[attr.x-test-card],recipe_card_component_html,gamma-ancestor,i,HTML Tag Removal,NA,root-element,-
recipe-card-card,[attr.x-test-card],recipe_card_component_html,gamma-ancestor,a,Attribute Value Modification,APPLICABLE,,-
recipe-card-card,[attr.x-test-card],recipe_card_component_html,gamma-ancestor,b,Attribute Removal,APPLICABLE,,-
recipe-card-card,[attr.x-test-card],recipe_card_component_html,gamma-ancestor,c,Attribute Identifier Modification,APPLICABLE,,-
recipe-card-card,[attr.x-test-card],recipe_card_component_html,gamma-ancestor,j,HTML Tag Type Modification,APPLICABLE,,-
recipe-card-card,[attr.x-test-card],recipe_card_component_html,gamma-ancestor,k,HTML Tag Insertion,APPLICABLE,,-
recipe-card-card,[attr.x-test-card],recipe_card_component_html,delta-sibling,h,HTML Tag Movement (between two templates),NA,between-templates-na-perfile,-
recipe-card-card,[attr.x-test-card],recipe_card_component_html,delta-sibling,a,Attribute Value Modification,APPLICABLE,,-
recipe-card-card,[attr.x-test-card],recipe_card_component_html,delta-sibling,b,Attribute Removal,APPLICABLE,,-
recipe-card-card,[attr.x-test-card],recipe_card_component_html,delta-sibling,c,Attribute Identifier Modification,APPLICABLE,,-
recipe-card-card,[attr.x-test-card],recipe_card_component_html,delta-sibling,d,Text Content Modification,APPLICABLE,,-
recipe-card-card,[attr.x-test-card],recipe_card_component_html,delta-sibling,e,Text Content Removal,APPLICABLE,,-
recipe-card-card,[attr.x-test-card],recipe_card_component_html,delta-sibling,f,HTML Tag Movement (within a container),APPLICABLE,,-
recipe-card-card,[attr.x-test-card],recipe_card_component_html,delta-sibling,g,HTML Tag Movement (any point of the HTML tree),APPLICABLE,,-
recipe-card-card,[attr.x-test-card],recipe_card_component_html,delta-sibling,i,HTML Tag Removal,APPLICABLE,,-
recipe-card-card,[attr.x-test-card],recipe_card_component_html,delta-sibling,j,HTML Tag Type Modification,APPLICABLE,,-
recipe-card-card,[attr.x-test-card],recipe_card_component_html,delta-sibling,k,HTML Tag Insertion,APPLICABLE,,-
recipe-card-card,[attr.x-test-card],recipe_card_component_html,epsilon-component,a,Attribute Value Modification,NA,no-such-role,-
recipe-card-card,[attr.x-test-card],recipe_card_component_html,epsilon-component,b,Attribute Removal,NA,no-such-role,-
recipe-card-card,[attr.x-test-card],recipe_card_component_html,epsilon-component,c,Attribute Identifier Modification,NA,no-such-role,-
recipe-card-card,[attr.x-test-card],recipe_card_component_html,epsilon-component,d,Text Content Modification,NA,no-such-role,-
recipe-card-card,[attr.x-test-card],recipe_card_component_html,epsilon-component,e,Text Content Removal,NA,no-such-role,-
recipe-card-card,[attr.x-test-card],recipe_card_component_html,epsilon-component,f,HTML Tag Movement (within a container),NA,no-such-role,-
recipe-card-card,[attr.x-test-card],recipe_card_component_html,epsilon-component,g,HTML Tag Movement (any point of the HTML tree),NA,no-such-role,-
recipe-card-card,[attr.x-test-card],recipe_card_component_html,epsilon-component,h,HTML Tag Movement (between two templates),NA,no-such-role,-
recipe-card-card,[attr.x-test-card],recipe_card_component_html,epsilon-component,i,HTML Tag Removal,NA,no-such-role,-
recipe-card-card,[attr.x-test-card],recipe_card_component_html,epsilon-component,j,HTML Tag Type Modification,NA,no-such-role,-
recipe-card-card,[attr.x-test-card],recipe_card_component_html,epsilon-component,k,HTML Tag Insertion,NA,no-such-role,-
recipe-card-card-title,[attr.x-test-card-title],recipe_card_component_html,alpha-target,h,HTML Tag Movement (between two templates),NA,between-templates-na-perfile,-
recipe-card-card-title,[attr.x-test-card-title],recipe_card_component_html,alpha-target,a,Attribute Value Modification,APPLICABLE,,-
recipe-card-card-title,[attr.x-test-card-title],recipe_card_component_html,alpha-target,b,Attribute Removal,APPLICABLE,,-
recipe-card-card-title,[attr.x-test-card-title],recipe_card_component_html,alpha-target,c,Attribute Identifier Modification,APPLICABLE,,-
recipe-card-card-title,[attr.x-test-card-title],recipe_card_component_html,alpha-target,d,Text Content Modification,APPLICABLE,,-
recipe-card-card-title,[attr.x-test-card-title],recipe_card_component_html,alpha-target,e,Text Content Removal,APPLICABLE,,-
recipe-card-card-title,[attr.x-test-card-title],recipe_card_component_html,alpha-target,f,HTML Tag Movement (within a container),APPLICABLE,,-
recipe-card-card-title,[attr.x-test-card-title],recipe_card_component_html,alpha-target,g,HTML Tag Movement (any point of the HTML tree),APPLICABLE,,-
recipe-card-card-title,[attr.x-test-card-title],recipe_card_component_html,alpha-target,i,HTML Tag Removal,APPLICABLE,,-
recipe-card-card-title,[attr.x-test-card-title],recipe_card_component_html,alpha-target,j,HTML Tag Type Modification,APPLICABLE,,-
recipe-card-card-title,[attr.x-test-card-title],recipe_card_component_html,alpha-target,k,HTML Tag Insertion,APPLICABLE,,-
recipe-card-card-title,[attr.x-test-card-title],recipe_card_component_html,beta-parent,d,Text Content Modification,NA,no-text-content,-
recipe-card-card-title,[attr.x-test-card-title],recipe_card_component_html,beta-parent,e,Text Content Removal,NA,no-text-content,-
recipe-card-card-title,[attr.x-test-card-title],recipe_card_component_html,beta-parent,h,HTML Tag Movement (between two templates),NA,between-templates-na-perfile,-
recipe-card-card-title,[attr.x-test-card-title],recipe_card_component_html,beta-parent,a,Attribute Value Modification,APPLICABLE,,-
recipe-card-card-title,[attr.x-test-card-title],recipe_card_component_html,beta-parent,b,Attribute Removal,APPLICABLE,,-
recipe-card-card-title,[attr.x-test-card-title],recipe_card_component_html,beta-parent,c,Attribute Identifier Modification,APPLICABLE,,-
recipe-card-card-title,[attr.x-test-card-title],recipe_card_component_html,beta-parent,f,HTML Tag Movement (within a container),APPLICABLE,,-
recipe-card-card-title,[attr.x-test-card-title],recipe_card_component_html,beta-parent,g,HTML Tag Movement (any point of the HTML tree),APPLICABLE,,-
recipe-card-card-title,[attr.x-test-card-title],recipe_card_component_html,beta-parent,i,HTML Tag Removal,APPLICABLE,,-
recipe-card-card-title,[attr.x-test-card-title],recipe_card_component_html,beta-parent,j,HTML Tag Type Modification,APPLICABLE,,-
recipe-card-card-title,[attr.x-test-card-title],recipe_card_component_html,beta-parent,k,HTML Tag Insertion,APPLICABLE,,-
recipe-card-card-title,[attr.x-test-card-title],recipe_card_component_html,gamma-ancestor,d,Text Content Modification,NA,no-text-content,-
recipe-card-card-title,[attr.x-test-card-title],recipe_card_component_html,gamma-ancestor,e,Text Content Removal,NA,no-text-content,-
recipe-card-card-title,[attr.x-test-card-title],recipe_card_component_html,gamma-ancestor,f,HTML Tag Movement (within a container),NA,no-sibling-to-reorder,-
recipe-card-card-title,[attr.x-test-card-title],recipe_card_component_html,gamma-ancestor,h,HTML Tag Movement (between two templates),NA,between-templates-na-perfile,-
recipe-card-card-title,[attr.x-test-card-title],recipe_card_component_html,gamma-ancestor,a,Attribute Value Modification,APPLICABLE,,-
recipe-card-card-title,[attr.x-test-card-title],recipe_card_component_html,gamma-ancestor,b,Attribute Removal,APPLICABLE,,-
recipe-card-card-title,[attr.x-test-card-title],recipe_card_component_html,gamma-ancestor,c,Attribute Identifier Modification,APPLICABLE,,-
recipe-card-card-title,[attr.x-test-card-title],recipe_card_component_html,gamma-ancestor,g,HTML Tag Movement (any point of the HTML tree),APPLICABLE,,-
recipe-card-card-title,[attr.x-test-card-title],recipe_card_component_html,gamma-ancestor,i,HTML Tag Removal,APPLICABLE,,-
recipe-card-card-title,[attr.x-test-card-title],recipe_card_component_html,gamma-ancestor,j,HTML Tag Type Modification,APPLICABLE,,-
recipe-card-card-title,[attr.x-test-card-title],recipe_card_component_html,gamma-ancestor,k,HTML Tag Insertion,APPLICABLE,,-
recipe-card-card-title,[attr.x-test-card-title],recipe_card_component_html,delta-sibling,h,HTML Tag Movement (between two templates),NA,between-templates-na-perfile,-
recipe-card-card-title,[attr.x-test-card-title],recipe_card_component_html,delta-sibling,a,Attribute Value Modification,APPLICABLE,,-
recipe-card-card-title,[attr.x-test-card-title],recipe_card_component_html,delta-sibling,b,Attribute Removal,APPLICABLE,,-
recipe-card-card-title,[attr.x-test-card-title],recipe_card_component_html,delta-sibling,c,Attribute Identifier Modification,APPLICABLE,,-
recipe-card-card-title,[attr.x-test-card-title],recipe_card_component_html,delta-sibling,d,Text Content Modification,APPLICABLE,,-
recipe-card-card-title,[attr.x-test-card-title],recipe_card_component_html,delta-sibling,e,Text Content Removal,APPLICABLE,,-
recipe-card-card-title,[attr.x-test-card-title],recipe_card_component_html,delta-sibling,f,HTML Tag Movement (within a container),APPLICABLE,,-
recipe-card-card-title,[attr.x-test-card-title],recipe_card_component_html,delta-sibling,g,HTML Tag Movement (any point of the HTML tree),APPLICABLE,,-
recipe-card-card-title,[attr.x-test-card-title],recipe_card_component_html,delta-sibling,i,HTML Tag Removal,APPLICABLE,,-
recipe-card-card-title,[attr.x-test-card-title],recipe_card_component_html,delta-sibling,j,HTML Tag Type Modification,APPLICABLE,,-
recipe-card-card-title,[attr.x-test-card-title],recipe_card_component_html,delta-sibling,k,HTML Tag Insertion,APPLICABLE,,-
recipe-card-card-title,[attr.x-test-card-title],recipe_card_component_html,epsilon-component,a,Attribute Value Modification,NA,no-such-role,-
recipe-card-card-title,[attr.x-test-card-title],recipe_card_component_html,epsilon-component,b,Attribute Removal,NA,no-such-role,-
recipe-card-card-title,[attr.x-test-card-title],recipe_card_component_html,epsilon-component,c,Attribute Identifier Modification,NA,no-such-role,-
recipe-card-card-title,[attr.x-test-card-title],recipe_card_component_html,epsilon-component,d,Text Content Modification,NA,no-such-role,-
recipe-card-card-title,[attr.x-test-card-title],recipe_card_component_html,epsilon-component,e,Text Content Removal,NA,no-such-role,-
recipe-card-card-title,[attr.x-test-card-title],recipe_card_component_html,epsilon-component,f,HTML Tag Movement (within a container),NA,no-such-role,-
recipe-card-card-title,[attr.x-test-card-title],recipe_card_component_html,epsilon-component,g,HTML Tag Movement (any point of the HTML tree),NA,no-such-role,-
recipe-card-card-title,[attr.x-test-card-title],recipe_card_component_html,epsilon-component,h,HTML Tag Movement (between two templates),NA,no-such-role,-
recipe-card-card-title,[attr.x-test-card-title],recipe_card_component_html,epsilon-component,i,HTML Tag Removal,NA,no-such-role,-
recipe-card-card-title,[attr.x-test-card-title],recipe_card_component_html,epsilon-component,j,HTML Tag Type Modification,NA,no-such-role,-
recipe-card-card-title,[attr.x-test-card-title],recipe_card_component_html,epsilon-component,k,HTML Tag Insertion,NA,no-such-role,-
recipe-card-card-fav,[attr.x-test-card-fav],recipe_card_component_html,alpha-target,h,HTML Tag Movement (between two templates),NA,between-templates-na-perfile,-
recipe-card-card-fav,[attr.x-test-card-fav],recipe_card_component_html,alpha-target,a,Attribute Value Modification,APPLICABLE,,-
recipe-card-card-fav,[attr.x-test-card-fav],recipe_card_component_html,alpha-target,b,Attribute Removal,APPLICABLE,,-
recipe-card-card-fav,[attr.x-test-card-fav],recipe_card_component_html,alpha-target,c,Attribute Identifier Modification,APPLICABLE,,-
recipe-card-card-fav,[attr.x-test-card-fav],recipe_card_component_html,alpha-target,d,Text Content Modification,APPLICABLE,,-
recipe-card-card-fav,[attr.x-test-card-fav],recipe_card_component_html,alpha-target,e,Text Content Removal,APPLICABLE,,-
recipe-card-card-fav,[attr.x-test-card-fav],recipe_card_component_html,alpha-target,f,HTML Tag Movement (within a container),APPLICABLE,,-
recipe-card-card-fav,[attr.x-test-card-fav],recipe_card_component_html,alpha-target,g,HTML Tag Movement (any point of the HTML tree),APPLICABLE,,-
recipe-card-card-fav,[attr.x-test-card-fav],recipe_card_component_html,alpha-target,i,HTML Tag Removal,APPLICABLE,,-
recipe-card-card-fav,[attr.x-test-card-fav],recipe_card_component_html,alpha-target,j,HTML Tag Type Modification,APPLICABLE,,-
recipe-card-card-fav,[attr.x-test-card-fav],recipe_card_component_html,alpha-target,k,HTML Tag Insertion,APPLICABLE,,-
recipe-card-card-fav,[attr.x-test-card-fav],recipe_card_component_html,beta-parent,d,Text Content Modification,NA,no-text-content,-
recipe-card-card-fav,[attr.x-test-card-fav],recipe_card_component_html,beta-parent,e,Text Content Removal,NA,no-text-content,-
recipe-card-card-fav,[attr.x-test-card-fav],recipe_card_component_html,beta-parent,f,HTML Tag Movement (within a container),NA,no-sibling-to-reorder,-
recipe-card-card-fav,[attr.x-test-card-fav],recipe_card_component_html,beta-parent,h,HTML Tag Movement (between two templates),NA,between-templates-na-perfile,-
recipe-card-card-fav,[attr.x-test-card-fav],recipe_card_component_html,beta-parent,a,Attribute Value Modification,APPLICABLE,,-
recipe-card-card-fav,[attr.x-test-card-fav],recipe_card_component_html,beta-parent,b,Attribute Removal,APPLICABLE,,-
recipe-card-card-fav,[attr.x-test-card-fav],recipe_card_component_html,beta-parent,c,Attribute Identifier Modification,APPLICABLE,,-
recipe-card-card-fav,[attr.x-test-card-fav],recipe_card_component_html,beta-parent,g,HTML Tag Movement (any point of the HTML tree),APPLICABLE,,-
recipe-card-card-fav,[attr.x-test-card-fav],recipe_card_component_html,beta-parent,i,HTML Tag Removal,APPLICABLE,,-
recipe-card-card-fav,[attr.x-test-card-fav],recipe_card_component_html,beta-parent,j,HTML Tag Type Modification,APPLICABLE,,-
recipe-card-card-fav,[attr.x-test-card-fav],recipe_card_component_html,beta-parent,k,HTML Tag Insertion,APPLICABLE,,-
recipe-card-card-fav,[attr.x-test-card-fav],recipe_card_component_html,gamma-ancestor,d,Text Content Modification,NA,no-text-content,-
recipe-card-card-fav,[attr.x-test-card-fav],recipe_card_component_html,gamma-ancestor,e,Text Content Removal,NA,no-text-content,-
recipe-card-card-fav,[attr.x-test-card-fav],recipe_card_component_html,gamma-ancestor,h,HTML Tag Movement (between two templates),NA,between-templates-na-perfile,-
recipe-card-card-fav,[attr.x-test-card-fav],recipe_card_component_html,gamma-ancestor,a,Attribute Value Modification,APPLICABLE,,-
recipe-card-card-fav,[attr.x-test-card-fav],recipe_card_component_html,gamma-ancestor,b,Attribute Removal,APPLICABLE,,-
recipe-card-card-fav,[attr.x-test-card-fav],recipe_card_component_html,gamma-ancestor,c,Attribute Identifier Modification,APPLICABLE,,-
recipe-card-card-fav,[attr.x-test-card-fav],recipe_card_component_html,gamma-ancestor,f,HTML Tag Movement (within a container),APPLICABLE,,-
recipe-card-card-fav,[attr.x-test-card-fav],recipe_card_component_html,gamma-ancestor,g,HTML Tag Movement (any point of the HTML tree),APPLICABLE,,-
recipe-card-card-fav,[attr.x-test-card-fav],recipe_card_component_html,gamma-ancestor,i,HTML Tag Removal,APPLICABLE,,-
recipe-card-card-fav,[attr.x-test-card-fav],recipe_card_component_html,gamma-ancestor,j,HTML Tag Type Modification,APPLICABLE,,-
recipe-card-card-fav,[attr.x-test-card-fav],recipe_card_component_html,gamma-ancestor,k,HTML Tag Insertion,APPLICABLE,,-
recipe-card-card-fav,[attr.x-test-card-fav],recipe_card_component_html,delta-sibling,d,Text Content Modification,NA,no-text-content,-
recipe-card-card-fav,[attr.x-test-card-fav],recipe_card_component_html,delta-sibling,e,Text Content Removal,NA,no-text-content,-
recipe-card-card-fav,[attr.x-test-card-fav],recipe_card_component_html,delta-sibling,h,HTML Tag Movement (between two templates),NA,between-templates-na-perfile,-
recipe-card-card-fav,[attr.x-test-card-fav],recipe_card_component_html,delta-sibling,a,Attribute Value Modification,APPLICABLE,,-
recipe-card-card-fav,[attr.x-test-card-fav],recipe_card_component_html,delta-sibling,b,Attribute Removal,APPLICABLE,,-
recipe-card-card-fav,[attr.x-test-card-fav],recipe_card_component_html,delta-sibling,c,Attribute Identifier Modification,APPLICABLE,,-
recipe-card-card-fav,[attr.x-test-card-fav],recipe_card_component_html,delta-sibling,f,HTML Tag Movement (within a container),APPLICABLE,,-
recipe-card-card-fav,[attr.x-test-card-fav],recipe_card_component_html,delta-sibling,g,HTML Tag Movement (any point of the HTML tree),APPLICABLE,,-
recipe-card-card-fav,[attr.x-test-card-fav],recipe_card_component_html,delta-sibling,i,HTML Tag Removal,APPLICABLE,,-
recipe-card-card-fav,[attr.x-test-card-fav],recipe_card_component_html,delta-sibling,j,HTML Tag Type Modification,APPLICABLE,,-
recipe-card-card-fav,[attr.x-test-card-fav],recipe_card_component_html,delta-sibling,k,HTML Tag Insertion,APPLICABLE,,-
recipe-card-card-fav,[attr.x-test-card-fav],recipe_card_component_html,epsilon-component,a,Attribute Value Modification,NA,no-such-role,-
recipe-card-card-fav,[attr.x-test-card-fav],recipe_card_component_html,epsilon-component,b,Attribute Removal,NA,no-such-role,-
recipe-card-card-fav,[attr.x-test-card-fav],recipe_card_component_html,epsilon-component,c,Attribute Identifier Modification,NA,no-such-role,-
recipe-card-card-fav,[attr.x-test-card-fav],recipe_card_component_html,epsilon-component,d,Text Content Modification,NA,no-such-role,-
recipe-card-card-fav,[attr.x-test-card-fav],recipe_card_component_html,epsilon-component,e,Text Content Removal,NA,no-such-role,-
recipe-card-card-fav,[attr.x-test-card-fav],recipe_card_component_html,epsilon-component,f,HTML Tag Movement (within a container),NA,no-such-role,-
recipe-card-card-fav,[attr.x-test-card-fav],recipe_card_component_html,epsilon-component,g,HTML Tag Movement (any point of the HTML tree),NA,no-such-role,-
recipe-card-card-fav,[attr.x-test-card-fav],recipe_card_component_html,epsilon-component,h,HTML Tag Movement (between two templates),NA,no-such-role,-
recipe-card-card-fav,[attr.x-test-card-fav],recipe_card_component_html,epsilon-component,i,HTML Tag Removal,NA,no-such-role,-
recipe-card-card-fav,[attr.x-test-card-fav],recipe_card_component_html,epsilon-component,j,HTML Tag Type Modification,NA,no-such-role,-
recipe-card-card-fav,[attr.x-test-card-fav],recipe_card_component_html,epsilon-component,k,HTML Tag Insertion,NA,no-such-role,-
recipe-card-card-time,[attr.x-test-card-time],recipe_card_component_html,alpha-target,h,HTML Tag Movement (between two templates),NA,between-templates-na-perfile,-
recipe-card-card-time,[attr.x-test-card-time],recipe_card_component_html,alpha-target,a,Attribute Value Modification,APPLICABLE,,-
recipe-card-card-time,[attr.x-test-card-time],recipe_card_component_html,alpha-target,b,Attribute Removal,APPLICABLE,,-
recipe-card-card-time,[attr.x-test-card-time],recipe_card_component_html,alpha-target,c,Attribute Identifier Modification,APPLICABLE,,-
recipe-card-card-time,[attr.x-test-card-time],recipe_card_component_html,alpha-target,d,Text Content Modification,APPLICABLE,,-
recipe-card-card-time,[attr.x-test-card-time],recipe_card_component_html,alpha-target,e,Text Content Removal,APPLICABLE,,-
recipe-card-card-time,[attr.x-test-card-time],recipe_card_component_html,alpha-target,f,HTML Tag Movement (within a container),APPLICABLE,,-
recipe-card-card-time,[attr.x-test-card-time],recipe_card_component_html,alpha-target,g,HTML Tag Movement (any point of the HTML tree),APPLICABLE,,-
recipe-card-card-time,[attr.x-test-card-time],recipe_card_component_html,alpha-target,i,HTML Tag Removal,APPLICABLE,,-
recipe-card-card-time,[attr.x-test-card-time],recipe_card_component_html,alpha-target,j,HTML Tag Type Modification,APPLICABLE,,-
recipe-card-card-time,[attr.x-test-card-time],recipe_card_component_html,alpha-target,k,HTML Tag Insertion,APPLICABLE,,-
recipe-card-card-time,[attr.x-test-card-time],recipe_card_component_html,beta-parent,d,Text Content Modification,NA,no-text-content,-
recipe-card-card-time,[attr.x-test-card-time],recipe_card_component_html,beta-parent,e,Text Content Removal,NA,no-text-content,-
recipe-card-card-time,[attr.x-test-card-time],recipe_card_component_html,beta-parent,h,HTML Tag Movement (between two templates),NA,between-templates-na-perfile,-
recipe-card-card-time,[attr.x-test-card-time],recipe_card_component_html,beta-parent,a,Attribute Value Modification,APPLICABLE,,-
recipe-card-card-time,[attr.x-test-card-time],recipe_card_component_html,beta-parent,b,Attribute Removal,APPLICABLE,,-
recipe-card-card-time,[attr.x-test-card-time],recipe_card_component_html,beta-parent,c,Attribute Identifier Modification,APPLICABLE,,-
recipe-card-card-time,[attr.x-test-card-time],recipe_card_component_html,beta-parent,f,HTML Tag Movement (within a container),APPLICABLE,,-
recipe-card-card-time,[attr.x-test-card-time],recipe_card_component_html,beta-parent,g,HTML Tag Movement (any point of the HTML tree),APPLICABLE,,-
recipe-card-card-time,[attr.x-test-card-time],recipe_card_component_html,beta-parent,i,HTML Tag Removal,APPLICABLE,,-
recipe-card-card-time,[attr.x-test-card-time],recipe_card_component_html,beta-parent,j,HTML Tag Type Modification,APPLICABLE,,-
recipe-card-card-time,[attr.x-test-card-time],recipe_card_component_html,beta-parent,k,HTML Tag Insertion,APPLICABLE,,-
recipe-card-card-time,[attr.x-test-card-time],recipe_card_component_html,gamma-ancestor,d,Text Content Modification,NA,no-text-content,-
recipe-card-card-time,[attr.x-test-card-time],recipe_card_component_html,gamma-ancestor,e,Text Content Removal,NA,no-text-content,-
recipe-card-card-time,[attr.x-test-card-time],recipe_card_component_html,gamma-ancestor,h,HTML Tag Movement (between two templates),NA,between-templates-na-perfile,-
recipe-card-card-time,[attr.x-test-card-time],recipe_card_component_html,gamma-ancestor,a,Attribute Value Modification,APPLICABLE,,-
recipe-card-card-time,[attr.x-test-card-time],recipe_card_component_html,gamma-ancestor,b,Attribute Removal,APPLICABLE,,-
recipe-card-card-time,[attr.x-test-card-time],recipe_card_component_html,gamma-ancestor,c,Attribute Identifier Modification,APPLICABLE,,-
recipe-card-card-time,[attr.x-test-card-time],recipe_card_component_html,gamma-ancestor,f,HTML Tag Movement (within a container),APPLICABLE,,-
recipe-card-card-time,[attr.x-test-card-time],recipe_card_component_html,gamma-ancestor,g,HTML Tag Movement (any point of the HTML tree),APPLICABLE,,-
recipe-card-card-time,[attr.x-test-card-time],recipe_card_component_html,gamma-ancestor,i,HTML Tag Removal,APPLICABLE,,-
recipe-card-card-time,[attr.x-test-card-time],recipe_card_component_html,gamma-ancestor,j,HTML Tag Type Modification,APPLICABLE,,-
recipe-card-card-time,[attr.x-test-card-time],recipe_card_component_html,gamma-ancestor,k,HTML Tag Insertion,APPLICABLE,,-
recipe-card-card-time,[attr.x-test-card-time],recipe_card_component_html,delta-sibling,h,HTML Tag Movement (between two templates),NA,between-templates-na-perfile,-
recipe-card-card-time,[attr.x-test-card-time],recipe_card_component_html,delta-sibling,a,Attribute Value Modification,APPLICABLE,,-
recipe-card-card-time,[attr.x-test-card-time],recipe_card_component_html,delta-sibling,b,Attribute Removal,APPLICABLE,,-
recipe-card-card-time,[attr.x-test-card-time],recipe_card_component_html,delta-sibling,c,Attribute Identifier Modification,APPLICABLE,,-
recipe-card-card-time,[attr.x-test-card-time],recipe_card_component_html,delta-sibling,d,Text Content Modification,APPLICABLE,,-
recipe-card-card-time,[attr.x-test-card-time],recipe_card_component_html,delta-sibling,e,Text Content Removal,APPLICABLE,,-
recipe-card-card-time,[attr.x-test-card-time],recipe_card_component_html,delta-sibling,f,HTML Tag Movement (within a container),APPLICABLE,,-
recipe-card-card-time,[attr.x-test-card-time],recipe_card_component_html,delta-sibling,g,HTML Tag Movement (any point of the HTML tree),APPLICABLE,,-
recipe-card-card-time,[attr.x-test-card-time],recipe_card_component_html,delta-sibling,i,HTML Tag Removal,APPLICABLE,,-
recipe-card-card-time,[attr.x-test-card-time],recipe_card_component_html,delta-sibling,j,HTML Tag Type Modification,APPLICABLE,,-
recipe-card-card-time,[attr.x-test-card-time],recipe_card_component_html,delta-sibling,k,HTML Tag Insertion,APPLICABLE,,-
recipe-card-card-time,[attr.x-test-card-time],recipe_card_component_html,epsilon-component,a,Attribute Value Modification,NA,no-such-role,-
recipe-card-card-time,[attr.x-test-card-time],recipe_card_component_html,epsilon-component,b,Attribute Removal,NA,no-such-role,-
recipe-card-card-time,[attr.x-test-card-time],recipe_card_component_html,epsilon-component,c,Attribute Identifier Modification,NA,no-such-role,-
recipe-card-card-time,[attr.x-test-card-time],recipe_card_component_html,epsilon-component,d,Text Content Modification,NA,no-such-role,-
recipe-card-card-time,[attr.x-test-card-time],recipe_card_component_html,epsilon-component,e,Text Content Removal,NA,no-such-role,-
recipe-card-card-time,[attr.x-test-card-time],recipe_card_component_html,epsilon-component,f,HTML Tag Movement (within a container),NA,no-such-role,-
recipe-card-card-time,[attr.x-test-card-time],recipe_card_component_html,epsilon-component,g,HTML Tag Movement (any point of the HTML tree),NA,no-such-role,-
recipe-card-card-time,[attr.x-test-card-time],recipe_card_component_html,epsilon-component,h,HTML Tag Movement (between two templates),NA,no-such-role,-
recipe-card-card-time,[attr.x-test-card-time],recipe_card_component_html,epsilon-component,i,HTML Tag Removal,NA,no-such-role,-
recipe-card-card-time,[attr.x-test-card-time],recipe_card_component_html,epsilon-component,j,HTML Tag Type Modification,NA,no-such-role,-
recipe-card-card-time,[attr.x-test-card-time],recipe_card_component_html,epsilon-component,k,HTML Tag Insertion,NA,no-such-role,-
recipe-detail-detail-title,x-test-detail-title,recipe_detail_component_html,alpha-target,h,HTML Tag Movement (between two templates),NA,between-templates-na-perfile,-
recipe-detail-detail-title,x-test-detail-title,recipe_detail_component_html,alpha-target,i,HTML Tag Removal,NA,would-drop-x-test,-
recipe-detail-detail-title,x-test-detail-title,recipe_detail_component_html,alpha-target,a,Attribute Value Modification,APPLICABLE,,-
recipe-detail-detail-title,x-test-detail-title,recipe_detail_component_html,alpha-target,b,Attribute Removal,APPLICABLE,,-
recipe-detail-detail-title,x-test-detail-title,recipe_detail_component_html,alpha-target,c,Attribute Identifier Modification,APPLICABLE,,-
recipe-detail-detail-title,x-test-detail-title,recipe_detail_component_html,alpha-target,d,Text Content Modification,APPLICABLE,,-
recipe-detail-detail-title,x-test-detail-title,recipe_detail_component_html,alpha-target,e,Text Content Removal,APPLICABLE,,-
recipe-detail-detail-title,x-test-detail-title,recipe_detail_component_html,alpha-target,f,HTML Tag Movement (within a container),APPLICABLE,,-
recipe-detail-detail-title,x-test-detail-title,recipe_detail_component_html,alpha-target,g,HTML Tag Movement (any point of the HTML tree),APPLICABLE,,-
recipe-detail-detail-title,x-test-detail-title,recipe_detail_component_html,alpha-target,j,HTML Tag Type Modification,APPLICABLE,,-
recipe-detail-detail-title,x-test-detail-title,recipe_detail_component_html,alpha-target,k,HTML Tag Insertion,APPLICABLE,,-
recipe-detail-detail-title,x-test-detail-title,recipe_detail_component_html,beta-parent,d,Text Content Modification,NA,no-text-content,-
recipe-detail-detail-title,x-test-detail-title,recipe_detail_component_html,beta-parent,e,Text Content Removal,NA,no-text-content,-
recipe-detail-detail-title,x-test-detail-title,recipe_detail_component_html,beta-parent,h,HTML Tag Movement (between two templates),NA,between-templates-na-perfile,-
recipe-detail-detail-title,x-test-detail-title,recipe_detail_component_html,beta-parent,a,Attribute Value Modification,APPLICABLE,,-
recipe-detail-detail-title,x-test-detail-title,recipe_detail_component_html,beta-parent,b,Attribute Removal,APPLICABLE,,-
recipe-detail-detail-title,x-test-detail-title,recipe_detail_component_html,beta-parent,c,Attribute Identifier Modification,APPLICABLE,,-
recipe-detail-detail-title,x-test-detail-title,recipe_detail_component_html,beta-parent,f,HTML Tag Movement (within a container),APPLICABLE,,-
recipe-detail-detail-title,x-test-detail-title,recipe_detail_component_html,beta-parent,g,HTML Tag Movement (any point of the HTML tree),APPLICABLE,,-
recipe-detail-detail-title,x-test-detail-title,recipe_detail_component_html,beta-parent,i,HTML Tag Removal,APPLICABLE,,-
recipe-detail-detail-title,x-test-detail-title,recipe_detail_component_html,beta-parent,j,HTML Tag Type Modification,APPLICABLE,,-
recipe-detail-detail-title,x-test-detail-title,recipe_detail_component_html,beta-parent,k,HTML Tag Insertion,APPLICABLE,,-
recipe-detail-detail-title,x-test-detail-title,recipe_detail_component_html,gamma-ancestor,d,Text Content Modification,NA,no-text-content,-
recipe-detail-detail-title,x-test-detail-title,recipe_detail_component_html,gamma-ancestor,e,Text Content Removal,NA,no-text-content,-
recipe-detail-detail-title,x-test-detail-title,recipe_detail_component_html,gamma-ancestor,h,HTML Tag Movement (between two templates),NA,between-templates-na-perfile,-
recipe-detail-detail-title,x-test-detail-title,recipe_detail_component_html,gamma-ancestor,a,Attribute Value Modification,APPLICABLE,,-
recipe-detail-detail-title,x-test-detail-title,recipe_detail_component_html,gamma-ancestor,b,Attribute Removal,APPLICABLE,,-
recipe-detail-detail-title,x-test-detail-title,recipe_detail_component_html,gamma-ancestor,c,Attribute Identifier Modification,APPLICABLE,,-
recipe-detail-detail-title,x-test-detail-title,recipe_detail_component_html,gamma-ancestor,f,HTML Tag Movement (within a container),APPLICABLE,,-
recipe-detail-detail-title,x-test-detail-title,recipe_detail_component_html,gamma-ancestor,g,HTML Tag Movement (any point of the HTML tree),APPLICABLE,,-
recipe-detail-detail-title,x-test-detail-title,recipe_detail_component_html,gamma-ancestor,i,HTML Tag Removal,APPLICABLE,,-
recipe-detail-detail-title,x-test-detail-title,recipe_detail_component_html,gamma-ancestor,j,HTML Tag Type Modification,APPLICABLE,,-
recipe-detail-detail-title,x-test-detail-title,recipe_detail_component_html,gamma-ancestor,k,HTML Tag Insertion,APPLICABLE,,-
recipe-detail-detail-title,x-test-detail-title,recipe_detail_component_html,delta-sibling,h,HTML Tag Movement (between two templates),NA,between-templates-na-perfile,-
recipe-detail-detail-title,x-test-detail-title,recipe_detail_component_html,delta-sibling,a,Attribute Value Modification,APPLICABLE,,-
recipe-detail-detail-title,x-test-detail-title,recipe_detail_component_html,delta-sibling,b,Attribute Removal,APPLICABLE,,-
recipe-detail-detail-title,x-test-detail-title,recipe_detail_component_html,delta-sibling,c,Attribute Identifier Modification,APPLICABLE,,-
recipe-detail-detail-title,x-test-detail-title,recipe_detail_component_html,delta-sibling,d,Text Content Modification,APPLICABLE,,-
recipe-detail-detail-title,x-test-detail-title,recipe_detail_component_html,delta-sibling,e,Text Content Removal,APPLICABLE,,-
recipe-detail-detail-title,x-test-detail-title,recipe_detail_component_html,delta-sibling,f,HTML Tag Movement (within a container),APPLICABLE,,-
recipe-detail-detail-title,x-test-detail-title,recipe_detail_component_html,delta-sibling,g,HTML Tag Movement (any point of the HTML tree),APPLICABLE,,-
recipe-detail-detail-title,x-test-detail-title,recipe_detail_component_html,delta-sibling,i,HTML Tag Removal,APPLICABLE,,-
recipe-detail-detail-title,x-test-detail-title,recipe_detail_component_html,delta-sibling,j,HTML Tag Type Modification,APPLICABLE,,-
recipe-detail-detail-title,x-test-detail-title,recipe_detail_component_html,delta-sibling,k,HTML Tag Insertion,APPLICABLE,,-
recipe-detail-detail-title,x-test-detail-title,recipe_detail_component_html,epsilon-component,a,Attribute Value Modification,NA,no-such-role,-
recipe-detail-detail-title,x-test-detail-title,recipe_detail_component_html,epsilon-component,b,Attribute Removal,NA,no-such-role,-
recipe-detail-detail-title,x-test-detail-title,recipe_detail_component_html,epsilon-component,c,Attribute Identifier Modification,NA,no-such-role,-
recipe-detail-detail-title,x-test-detail-title,recipe_detail_component_html,epsilon-component,d,Text Content Modification,NA,no-such-role,-
recipe-detail-detail-title,x-test-detail-title,recipe_detail_component_html,epsilon-component,e,Text Content Removal,NA,no-such-role,-
recipe-detail-detail-title,x-test-detail-title,recipe_detail_component_html,epsilon-component,f,HTML Tag Movement (within a container),NA,no-such-role,-
recipe-detail-detail-title,x-test-detail-title,recipe_detail_component_html,epsilon-component,g,HTML Tag Movement (any point of the HTML tree),NA,no-such-role,-
recipe-detail-detail-title,x-test-detail-title,recipe_detail_component_html,epsilon-component,h,HTML Tag Movement (between two templates),NA,no-such-role,-
recipe-detail-detail-title,x-test-detail-title,recipe_detail_component_html,epsilon-component,i,HTML Tag Removal,NA,no-such-role,-
recipe-detail-detail-title,x-test-detail-title,recipe_detail_component_html,epsilon-component,j,HTML Tag Type Modification,NA,no-such-role,-
recipe-detail-detail-title,x-test-detail-title,recipe_detail_component_html,epsilon-component,k,HTML Tag Insertion,NA,no-such-role,-
recipe-detail-detail-author,x-test-detail-author,recipe_detail_component_html,alpha-target,h,HTML Tag Movement (between two templates),NA,between-templates-na-perfile,-
recipe-detail-detail-author,x-test-detail-author,recipe_detail_component_html,alpha-target,i,HTML Tag Removal,NA,would-drop-x-test,-
recipe-detail-detail-author,x-test-detail-author,recipe_detail_component_html,alpha-target,a,Attribute Value Modification,APPLICABLE,,-
recipe-detail-detail-author,x-test-detail-author,recipe_detail_component_html,alpha-target,b,Attribute Removal,APPLICABLE,,-
recipe-detail-detail-author,x-test-detail-author,recipe_detail_component_html,alpha-target,c,Attribute Identifier Modification,APPLICABLE,,-
recipe-detail-detail-author,x-test-detail-author,recipe_detail_component_html,alpha-target,d,Text Content Modification,APPLICABLE,,-
recipe-detail-detail-author,x-test-detail-author,recipe_detail_component_html,alpha-target,e,Text Content Removal,APPLICABLE,,-
recipe-detail-detail-author,x-test-detail-author,recipe_detail_component_html,alpha-target,f,HTML Tag Movement (within a container),APPLICABLE,,-
recipe-detail-detail-author,x-test-detail-author,recipe_detail_component_html,alpha-target,g,HTML Tag Movement (any point of the HTML tree),APPLICABLE,,-
recipe-detail-detail-author,x-test-detail-author,recipe_detail_component_html,alpha-target,j,HTML Tag Type Modification,APPLICABLE,,-
recipe-detail-detail-author,x-test-detail-author,recipe_detail_component_html,alpha-target,k,HTML Tag Insertion,APPLICABLE,,-
recipe-detail-detail-author,x-test-detail-author,recipe_detail_component_html,beta-parent,d,Text Content Modification,NA,no-text-content,-
recipe-detail-detail-author,x-test-detail-author,recipe_detail_component_html,beta-parent,e,Text Content Removal,NA,no-text-content,-
recipe-detail-detail-author,x-test-detail-author,recipe_detail_component_html,beta-parent,h,HTML Tag Movement (between two templates),NA,between-templates-na-perfile,-
recipe-detail-detail-author,x-test-detail-author,recipe_detail_component_html,beta-parent,a,Attribute Value Modification,APPLICABLE,,-
recipe-detail-detail-author,x-test-detail-author,recipe_detail_component_html,beta-parent,b,Attribute Removal,APPLICABLE,,-
recipe-detail-detail-author,x-test-detail-author,recipe_detail_component_html,beta-parent,c,Attribute Identifier Modification,APPLICABLE,,-
recipe-detail-detail-author,x-test-detail-author,recipe_detail_component_html,beta-parent,f,HTML Tag Movement (within a container),APPLICABLE,,-
recipe-detail-detail-author,x-test-detail-author,recipe_detail_component_html,beta-parent,g,HTML Tag Movement (any point of the HTML tree),APPLICABLE,,-
recipe-detail-detail-author,x-test-detail-author,recipe_detail_component_html,beta-parent,i,HTML Tag Removal,APPLICABLE,,-
recipe-detail-detail-author,x-test-detail-author,recipe_detail_component_html,beta-parent,j,HTML Tag Type Modification,APPLICABLE,,-
recipe-detail-detail-author,x-test-detail-author,recipe_detail_component_html,beta-parent,k,HTML Tag Insertion,APPLICABLE,,-
recipe-detail-detail-author,x-test-detail-author,recipe_detail_component_html,gamma-ancestor,d,Text Content Modification,NA,no-text-content,-
recipe-detail-detail-author,x-test-detail-author,recipe_detail_component_html,gamma-ancestor,e,Text Content Removal,NA,no-text-content,-
recipe-detail-detail-author,x-test-detail-author,recipe_detail_component_html,gamma-ancestor,h,HTML Tag Movement (between two templates),NA,between-templates-na-perfile,-
recipe-detail-detail-author,x-test-detail-author,recipe_detail_component_html,gamma-ancestor,a,Attribute Value Modification,APPLICABLE,,-
recipe-detail-detail-author,x-test-detail-author,recipe_detail_component_html,gamma-ancestor,b,Attribute Removal,APPLICABLE,,-
recipe-detail-detail-author,x-test-detail-author,recipe_detail_component_html,gamma-ancestor,c,Attribute Identifier Modification,APPLICABLE,,-
recipe-detail-detail-author,x-test-detail-author,recipe_detail_component_html,gamma-ancestor,f,HTML Tag Movement (within a container),APPLICABLE,,-
recipe-detail-detail-author,x-test-detail-author,recipe_detail_component_html,gamma-ancestor,g,HTML Tag Movement (any point of the HTML tree),APPLICABLE,,-
recipe-detail-detail-author,x-test-detail-author,recipe_detail_component_html,gamma-ancestor,i,HTML Tag Removal,APPLICABLE,,-
recipe-detail-detail-author,x-test-detail-author,recipe_detail_component_html,gamma-ancestor,j,HTML Tag Type Modification,APPLICABLE,,-
recipe-detail-detail-author,x-test-detail-author,recipe_detail_component_html,gamma-ancestor,k,HTML Tag Insertion,APPLICABLE,,-
recipe-detail-detail-author,x-test-detail-author,recipe_detail_component_html,delta-sibling,h,HTML Tag Movement (between two templates),NA,between-templates-na-perfile,-
recipe-detail-detail-author,x-test-detail-author,recipe_detail_component_html,delta-sibling,a,Attribute Value Modification,APPLICABLE,,-
recipe-detail-detail-author,x-test-detail-author,recipe_detail_component_html,delta-sibling,b,Attribute Removal,APPLICABLE,,-
recipe-detail-detail-author,x-test-detail-author,recipe_detail_component_html,delta-sibling,c,Attribute Identifier Modification,APPLICABLE,,-
recipe-detail-detail-author,x-test-detail-author,recipe_detail_component_html,delta-sibling,d,Text Content Modification,APPLICABLE,,-
recipe-detail-detail-author,x-test-detail-author,recipe_detail_component_html,delta-sibling,e,Text Content Removal,APPLICABLE,,-
recipe-detail-detail-author,x-test-detail-author,recipe_detail_component_html,delta-sibling,f,HTML Tag Movement (within a container),APPLICABLE,,-
recipe-detail-detail-author,x-test-detail-author,recipe_detail_component_html,delta-sibling,g,HTML Tag Movement (any point of the HTML tree),APPLICABLE,,-
recipe-detail-detail-author,x-test-detail-author,recipe_detail_component_html,delta-sibling,i,HTML Tag Removal,APPLICABLE,,-
recipe-detail-detail-author,x-test-detail-author,recipe_detail_component_html,delta-sibling,j,HTML Tag Type Modification,APPLICABLE,,-
recipe-detail-detail-author,x-test-detail-author,recipe_detail_component_html,delta-sibling,k,HTML Tag Insertion,APPLICABLE,,-
recipe-detail-detail-author,x-test-detail-author,recipe_detail_component_html,epsilon-component,a,Attribute Value Modification,NA,no-such-role,-
recipe-detail-detail-author,x-test-detail-author,recipe_detail_component_html,epsilon-component,b,Attribute Removal,NA,no-such-role,-
recipe-detail-detail-author,x-test-detail-author,recipe_detail_component_html,epsilon-component,c,Attribute Identifier Modification,NA,no-such-role,-
recipe-detail-detail-author,x-test-detail-author,recipe_detail_component_html,epsilon-component,d,Text Content Modification,NA,no-such-role,-
recipe-detail-detail-author,x-test-detail-author,recipe_detail_component_html,epsilon-component,e,Text Content Removal,NA,no-such-role,-
recipe-detail-detail-author,x-test-detail-author,recipe_detail_component_html,epsilon-component,f,HTML Tag Movement (within a container),NA,no-such-role,-
recipe-detail-detail-author,x-test-detail-author,recipe_detail_component_html,epsilon-component,g,HTML Tag Movement (any point of the HTML tree),NA,no-such-role,-
recipe-detail-detail-author,x-test-detail-author,recipe_detail_component_html,epsilon-component,h,HTML Tag Movement (between two templates),NA,no-such-role,-
recipe-detail-detail-author,x-test-detail-author,recipe_detail_component_html,epsilon-component,i,HTML Tag Removal,NA,no-such-role,-
recipe-detail-detail-author,x-test-detail-author,recipe_detail_component_html,epsilon-component,j,HTML Tag Type Modification,NA,no-such-role,-
recipe-detail-detail-author,x-test-detail-author,recipe_detail_component_html,epsilon-component,k,HTML Tag Insertion,NA,no-such-role,-
recipe-detail-servings,x-test-servings,recipe_detail_component_html,alpha-target,d,Text Content Modification,NA,no-text-content,-
recipe-detail-servings,x-test-servings,recipe_detail_component_html,alpha-target,e,Text Content Removal,NA,no-text-content,-
recipe-detail-servings,x-test-servings,recipe_detail_component_html,alpha-target,h,HTML Tag Movement (between two templates),NA,between-templates-na-perfile,-
recipe-detail-servings,x-test-servings,recipe_detail_component_html,alpha-target,i,HTML Tag Removal,NA,would-drop-x-test,-
recipe-detail-servings,x-test-servings,recipe_detail_component_html,alpha-target,a,Attribute Value Modification,APPLICABLE,,-
recipe-detail-servings,x-test-servings,recipe_detail_component_html,alpha-target,b,Attribute Removal,APPLICABLE,,-
recipe-detail-servings,x-test-servings,recipe_detail_component_html,alpha-target,c,Attribute Identifier Modification,APPLICABLE,,-
recipe-detail-servings,x-test-servings,recipe_detail_component_html,alpha-target,f,HTML Tag Movement (within a container),APPLICABLE,,-
recipe-detail-servings,x-test-servings,recipe_detail_component_html,alpha-target,g,HTML Tag Movement (any point of the HTML tree),APPLICABLE,,-
recipe-detail-servings,x-test-servings,recipe_detail_component_html,alpha-target,j,HTML Tag Type Modification,APPLICABLE,,-
recipe-detail-servings,x-test-servings,recipe_detail_component_html,alpha-target,k,HTML Tag Insertion,APPLICABLE,,-
recipe-detail-servings,x-test-servings,recipe_detail_component_html,beta-parent,d,Text Content Modification,NA,no-text-content,-
recipe-detail-servings,x-test-servings,recipe_detail_component_html,beta-parent,e,Text Content Removal,NA,no-text-content,-
recipe-detail-servings,x-test-servings,recipe_detail_component_html,beta-parent,f,HTML Tag Movement (within a container),NA,no-sibling-to-reorder,-
recipe-detail-servings,x-test-servings,recipe_detail_component_html,beta-parent,h,HTML Tag Movement (between two templates),NA,between-templates-na-perfile,-
recipe-detail-servings,x-test-servings,recipe_detail_component_html,beta-parent,a,Attribute Value Modification,APPLICABLE,,-
recipe-detail-servings,x-test-servings,recipe_detail_component_html,beta-parent,b,Attribute Removal,APPLICABLE,,-
recipe-detail-servings,x-test-servings,recipe_detail_component_html,beta-parent,c,Attribute Identifier Modification,APPLICABLE,,-
recipe-detail-servings,x-test-servings,recipe_detail_component_html,beta-parent,g,HTML Tag Movement (any point of the HTML tree),APPLICABLE,,-
recipe-detail-servings,x-test-servings,recipe_detail_component_html,beta-parent,i,HTML Tag Removal,APPLICABLE,,-
recipe-detail-servings,x-test-servings,recipe_detail_component_html,beta-parent,j,HTML Tag Type Modification,APPLICABLE,,-
recipe-detail-servings,x-test-servings,recipe_detail_component_html,beta-parent,k,HTML Tag Insertion,APPLICABLE,,-
recipe-detail-servings,x-test-servings,recipe_detail_component_html,gamma-ancestor,d,Text Content Modification,NA,no-text-content,-
recipe-detail-servings,x-test-servings,recipe_detail_component_html,gamma-ancestor,e,Text Content Removal,NA,no-text-content,-
recipe-detail-servings,x-test-servings,recipe_detail_component_html,gamma-ancestor,h,HTML Tag Movement (between two templates),NA,between-templates-na-perfile,-
recipe-detail-servings,x-test-servings,recipe_detail_component_html,gamma-ancestor,a,Attribute Value Modification,APPLICABLE,,-
recipe-detail-servings,x-test-servings,recipe_detail_component_html,gamma-ancestor,b,Attribute Removal,APPLICABLE,,-
recipe-detail-servings,x-test-servings,recipe_detail_component_html,gamma-ancestor,c,Attribute Identifier Modification,APPLICABLE,,-
recipe-detail-servings,x-test-servings,recipe_detail_component_html,gamma-ancestor,f,HTML Tag Movement (within a container),APPLICABLE,,-
recipe-detail-servings,x-test-servings,recipe_detail_component_html,gamma-ancestor,g,HTML Tag Movement (any point of the HTML tree),APPLICABLE,,-
recipe-detail-servings,x-test-servings,recipe_detail_component_html,gamma-ancestor,i,HTML Tag Removal,APPLICABLE,,-
recipe-detail-servings,x-test-servings,recipe_detail_component_html,gamma-ancestor,j,HTML Tag Type Modification,APPLICABLE,,-
recipe-detail-servings,x-test-servings,recipe_detail_component_html,gamma-ancestor,k,HTML Tag Insertion,APPLICABLE,,-
recipe-detail-servings,x-test-servings,recipe_detail_component_html,delta-sibling,h,HTML Tag Movement (between two templates),NA,between-templates-na-perfile,-
recipe-detail-servings,x-test-servings,recipe_detail_component_html,delta-sibling,a,Attribute Value Modification,APPLICABLE,,-
recipe-detail-servings,x-test-servings,recipe_detail_component_html,delta-sibling,b,Attribute Removal,APPLICABLE,,-
recipe-detail-servings,x-test-servings,recipe_detail_component_html,delta-sibling,c,Attribute Identifier Modification,APPLICABLE,,-
recipe-detail-servings,x-test-servings,recipe_detail_component_html,delta-sibling,d,Text Content Modification,APPLICABLE,,-
recipe-detail-servings,x-test-servings,recipe_detail_component_html,delta-sibling,e,Text Content Removal,APPLICABLE,,-
recipe-detail-servings,x-test-servings,recipe_detail_component_html,delta-sibling,f,HTML Tag Movement (within a container),APPLICABLE,,-
recipe-detail-servings,x-test-servings,recipe_detail_component_html,delta-sibling,g,HTML Tag Movement (any point of the HTML tree),APPLICABLE,,-
recipe-detail-servings,x-test-servings,recipe_detail_component_html,delta-sibling,i,HTML Tag Removal,APPLICABLE,,-
recipe-detail-servings,x-test-servings,recipe_detail_component_html,delta-sibling,j,HTML Tag Type Modification,APPLICABLE,,-
recipe-detail-servings,x-test-servings,recipe_detail_component_html,delta-sibling,k,HTML Tag Insertion,APPLICABLE,,-
recipe-detail-servings,x-test-servings,recipe_detail_component_html,epsilon-component,d,Text Content Modification,NA,no-text-content,-
recipe-detail-servings,x-test-servings,recipe_detail_component_html,epsilon-component,e,Text Content Removal,NA,no-text-content,-
recipe-detail-servings,x-test-servings,recipe_detail_component_html,epsilon-component,h,HTML Tag Movement (between two templates),NA,between-templates-na-perfile,-
recipe-detail-servings,x-test-servings,recipe_detail_component_html,epsilon-component,a,Attribute Value Modification,APPLICABLE,,-
recipe-detail-servings,x-test-servings,recipe_detail_component_html,epsilon-component,b,Attribute Removal,APPLICABLE,,-
recipe-detail-servings,x-test-servings,recipe_detail_component_html,epsilon-component,c,Attribute Identifier Modification,APPLICABLE,,-
recipe-detail-servings,x-test-servings,recipe_detail_component_html,epsilon-component,f,HTML Tag Movement (within a container),APPLICABLE,,-
recipe-detail-servings,x-test-servings,recipe_detail_component_html,epsilon-component,g,HTML Tag Movement (any point of the HTML tree),APPLICABLE,,-
recipe-detail-servings,x-test-servings,recipe_detail_component_html,epsilon-component,i,HTML Tag Removal,APPLICABLE,,-
recipe-detail-servings,x-test-servings,recipe_detail_component_html,epsilon-component,j,HTML Tag Type Modification,APPLICABLE,,-
recipe-detail-servings,x-test-servings,recipe_detail_component_html,epsilon-component,k,HTML Tag Insertion,APPLICABLE,,-
recipe-detail-kcal,x-test-kcal,recipe_detail_component_html,alpha-target,h,HTML Tag Movement (between two templates),NA,between-templates-na-perfile,-
recipe-detail-kcal,x-test-kcal,recipe_detail_component_html,alpha-target,i,HTML Tag Removal,NA,would-drop-x-test,-
recipe-detail-kcal,x-test-kcal,recipe_detail_component_html,alpha-target,a,Attribute Value Modification,APPLICABLE,,-
recipe-detail-kcal,x-test-kcal,recipe_detail_component_html,alpha-target,b,Attribute Removal,APPLICABLE,,-
recipe-detail-kcal,x-test-kcal,recipe_detail_component_html,alpha-target,c,Attribute Identifier Modification,APPLICABLE,,-
recipe-detail-kcal,x-test-kcal,recipe_detail_component_html,alpha-target,d,Text Content Modification,APPLICABLE,,-
recipe-detail-kcal,x-test-kcal,recipe_detail_component_html,alpha-target,e,Text Content Removal,APPLICABLE,,-
recipe-detail-kcal,x-test-kcal,recipe_detail_component_html,alpha-target,f,HTML Tag Movement (within a container),APPLICABLE,,-
recipe-detail-kcal,x-test-kcal,recipe_detail_component_html,alpha-target,g,HTML Tag Movement (any point of the HTML tree),APPLICABLE,,-
recipe-detail-kcal,x-test-kcal,recipe_detail_component_html,alpha-target,j,HTML Tag Type Modification,APPLICABLE,,-
recipe-detail-kcal,x-test-kcal,recipe_detail_component_html,alpha-target,k,HTML Tag Insertion,APPLICABLE,,-
recipe-detail-kcal,x-test-kcal,recipe_detail_component_html,beta-parent,d,Text Content Modification,NA,no-text-content,-
recipe-detail-kcal,x-test-kcal,recipe_detail_component_html,beta-parent,e,Text Content Removal,NA,no-text-content,-
recipe-detail-kcal,x-test-kcal,recipe_detail_component_html,beta-parent,h,HTML Tag Movement (between two templates),NA,between-templates-na-perfile,-
recipe-detail-kcal,x-test-kcal,recipe_detail_component_html,beta-parent,a,Attribute Value Modification,APPLICABLE,,-
recipe-detail-kcal,x-test-kcal,recipe_detail_component_html,beta-parent,b,Attribute Removal,APPLICABLE,,-
recipe-detail-kcal,x-test-kcal,recipe_detail_component_html,beta-parent,c,Attribute Identifier Modification,APPLICABLE,,-
recipe-detail-kcal,x-test-kcal,recipe_detail_component_html,beta-parent,f,HTML Tag Movement (within a container),APPLICABLE,,-
recipe-detail-kcal,x-test-kcal,recipe_detail_component_html,beta-parent,g,HTML Tag Movement (any point of the HTML tree),APPLICABLE,,-
recipe-detail-kcal,x-test-kcal,recipe_detail_component_html,beta-parent,i,HTML Tag Removal,APPLICABLE,,-
recipe-detail-kcal,x-test-kcal,recipe_detail_component_html,beta-parent,j,HTML Tag Type Modification,APPLICABLE,,-
recipe-detail-kcal,x-test-kcal,recipe_detail_component_html,beta-parent,k,HTML Tag Insertion,APPLICABLE,,-
recipe-detail-kcal,x-test-kcal,recipe_detail_component_html,gamma-ancestor,d,Text Content Modification,NA,no-text-content,-
recipe-detail-kcal,x-test-kcal,recipe_detail_component_html,gamma-ancestor,e,Text Content Removal,NA,no-text-content,-
recipe-detail-kcal,x-test-kcal,recipe_detail_component_html,gamma-ancestor,f,HTML Tag Movement (within a container),NA,no-sibling-to-reorder,-
recipe-detail-kcal,x-test-kcal,recipe_detail_component_html,gamma-ancestor,h,HTML Tag Movement (between two templates),NA,between-templates-na-perfile,-
recipe-detail-kcal,x-test-kcal,recipe_detail_component_html,gamma-ancestor,a,Attribute Value Modification,APPLICABLE,,-
recipe-detail-kcal,x-test-kcal,recipe_detail_component_html,gamma-ancestor,b,Attribute Removal,APPLICABLE,,-
recipe-detail-kcal,x-test-kcal,recipe_detail_component_html,gamma-ancestor,c,Attribute Identifier Modification,APPLICABLE,,-
recipe-detail-kcal,x-test-kcal,recipe_detail_component_html,gamma-ancestor,g,HTML Tag Movement (any point of the HTML tree),APPLICABLE,,-
recipe-detail-kcal,x-test-kcal,recipe_detail_component_html,gamma-ancestor,i,HTML Tag Removal,APPLICABLE,,-
recipe-detail-kcal,x-test-kcal,recipe_detail_component_html,gamma-ancestor,j,HTML Tag Type Modification,APPLICABLE,,-
recipe-detail-kcal,x-test-kcal,recipe_detail_component_html,gamma-ancestor,k,HTML Tag Insertion,APPLICABLE,,-
recipe-detail-kcal,x-test-kcal,recipe_detail_component_html,delta-sibling,h,HTML Tag Movement (between two templates),NA,between-templates-na-perfile,-
recipe-detail-kcal,x-test-kcal,recipe_detail_component_html,delta-sibling,a,Attribute Value Modification,APPLICABLE,,-
recipe-detail-kcal,x-test-kcal,recipe_detail_component_html,delta-sibling,b,Attribute Removal,APPLICABLE,,-
recipe-detail-kcal,x-test-kcal,recipe_detail_component_html,delta-sibling,c,Attribute Identifier Modification,APPLICABLE,,-
recipe-detail-kcal,x-test-kcal,recipe_detail_component_html,delta-sibling,d,Text Content Modification,APPLICABLE,,-
recipe-detail-kcal,x-test-kcal,recipe_detail_component_html,delta-sibling,e,Text Content Removal,APPLICABLE,,-
recipe-detail-kcal,x-test-kcal,recipe_detail_component_html,delta-sibling,f,HTML Tag Movement (within a container),APPLICABLE,,-
recipe-detail-kcal,x-test-kcal,recipe_detail_component_html,delta-sibling,g,HTML Tag Movement (any point of the HTML tree),APPLICABLE,,-
recipe-detail-kcal,x-test-kcal,recipe_detail_component_html,delta-sibling,i,HTML Tag Removal,APPLICABLE,,-
recipe-detail-kcal,x-test-kcal,recipe_detail_component_html,delta-sibling,j,HTML Tag Type Modification,APPLICABLE,,-
recipe-detail-kcal,x-test-kcal,recipe_detail_component_html,delta-sibling,k,HTML Tag Insertion,APPLICABLE,,-
recipe-detail-kcal,x-test-kcal,recipe_detail_component_html,epsilon-component,d,Text Content Modification,NA,no-text-content,-
recipe-detail-kcal,x-test-kcal,recipe_detail_component_html,epsilon-component,e,Text Content Removal,NA,no-text-content,-
recipe-detail-kcal,x-test-kcal,recipe_detail_component_html,epsilon-component,h,HTML Tag Movement (between two templates),NA,between-templates-na-perfile,-
recipe-detail-kcal,x-test-kcal,recipe_detail_component_html,epsilon-component,a,Attribute Value Modification,APPLICABLE,,-
recipe-detail-kcal,x-test-kcal,recipe_detail_component_html,epsilon-component,b,Attribute Removal,APPLICABLE,,-
recipe-detail-kcal,x-test-kcal,recipe_detail_component_html,epsilon-component,c,Attribute Identifier Modification,APPLICABLE,,-
recipe-detail-kcal,x-test-kcal,recipe_detail_component_html,epsilon-component,f,HTML Tag Movement (within a container),APPLICABLE,,-
recipe-detail-kcal,x-test-kcal,recipe_detail_component_html,epsilon-component,g,HTML Tag Movement (any point of the HTML tree),APPLICABLE,,-
recipe-detail-kcal,x-test-kcal,recipe_detail_component_html,epsilon-component,i,HTML Tag Removal,APPLICABLE,,-
recipe-detail-kcal,x-test-kcal,recipe_detail_component_html,epsilon-component,j,HTML Tag Type Modification,APPLICABLE,,-
recipe-detail-kcal,x-test-kcal,recipe_detail_component_html,epsilon-component,k,HTML Tag Insertion,APPLICABLE,,-
recipe-detail-protein,x-test-protein,recipe_detail_component_html,alpha-target,h,HTML Tag Movement (between two templates),NA,between-templates-na-perfile,-
recipe-detail-protein,x-test-protein,recipe_detail_component_html,alpha-target,i,HTML Tag Removal,NA,would-drop-x-test,-
recipe-detail-protein,x-test-protein,recipe_detail_component_html,alpha-target,a,Attribute Value Modification,APPLICABLE,,-
recipe-detail-protein,x-test-protein,recipe_detail_component_html,alpha-target,b,Attribute Removal,APPLICABLE,,-
recipe-detail-protein,x-test-protein,recipe_detail_component_html,alpha-target,c,Attribute Identifier Modification,APPLICABLE,,-
recipe-detail-protein,x-test-protein,recipe_detail_component_html,alpha-target,d,Text Content Modification,APPLICABLE,,-
recipe-detail-protein,x-test-protein,recipe_detail_component_html,alpha-target,e,Text Content Removal,APPLICABLE,,-
recipe-detail-protein,x-test-protein,recipe_detail_component_html,alpha-target,f,HTML Tag Movement (within a container),APPLICABLE,,-
recipe-detail-protein,x-test-protein,recipe_detail_component_html,alpha-target,g,HTML Tag Movement (any point of the HTML tree),APPLICABLE,,-
recipe-detail-protein,x-test-protein,recipe_detail_component_html,alpha-target,j,HTML Tag Type Modification,APPLICABLE,,-
recipe-detail-protein,x-test-protein,recipe_detail_component_html,alpha-target,k,HTML Tag Insertion,APPLICABLE,,-
recipe-detail-protein,x-test-protein,recipe_detail_component_html,beta-parent,d,Text Content Modification,NA,no-text-content,-
recipe-detail-protein,x-test-protein,recipe_detail_component_html,beta-parent,e,Text Content Removal,NA,no-text-content,-
recipe-detail-protein,x-test-protein,recipe_detail_component_html,beta-parent,h,HTML Tag Movement (between two templates),NA,between-templates-na-perfile,-
recipe-detail-protein,x-test-protein,recipe_detail_component_html,beta-parent,a,Attribute Value Modification,APPLICABLE,,-
recipe-detail-protein,x-test-protein,recipe_detail_component_html,beta-parent,b,Attribute Removal,APPLICABLE,,-
recipe-detail-protein,x-test-protein,recipe_detail_component_html,beta-parent,c,Attribute Identifier Modification,APPLICABLE,,-
recipe-detail-protein,x-test-protein,recipe_detail_component_html,beta-parent,f,HTML Tag Movement (within a container),APPLICABLE,,-
recipe-detail-protein,x-test-protein,recipe_detail_component_html,beta-parent,g,HTML Tag Movement (any point of the HTML tree),APPLICABLE,,-
recipe-detail-protein,x-test-protein,recipe_detail_component_html,beta-parent,i,HTML Tag Removal,APPLICABLE,,-
recipe-detail-protein,x-test-protein,recipe_detail_component_html,beta-parent,j,HTML Tag Type Modification,APPLICABLE,,-
recipe-detail-protein,x-test-protein,recipe_detail_component_html,beta-parent,k,HTML Tag Insertion,APPLICABLE,,-
recipe-detail-protein,x-test-protein,recipe_detail_component_html,gamma-ancestor,d,Text Content Modification,NA,no-text-content,-
recipe-detail-protein,x-test-protein,recipe_detail_component_html,gamma-ancestor,e,Text Content Removal,NA,no-text-content,-
recipe-detail-protein,x-test-protein,recipe_detail_component_html,gamma-ancestor,f,HTML Tag Movement (within a container),NA,no-sibling-to-reorder,-
recipe-detail-protein,x-test-protein,recipe_detail_component_html,gamma-ancestor,h,HTML Tag Movement (between two templates),NA,between-templates-na-perfile,-
recipe-detail-protein,x-test-protein,recipe_detail_component_html,gamma-ancestor,a,Attribute Value Modification,APPLICABLE,,-
recipe-detail-protein,x-test-protein,recipe_detail_component_html,gamma-ancestor,b,Attribute Removal,APPLICABLE,,-
recipe-detail-protein,x-test-protein,recipe_detail_component_html,gamma-ancestor,c,Attribute Identifier Modification,APPLICABLE,,-
recipe-detail-protein,x-test-protein,recipe_detail_component_html,gamma-ancestor,g,HTML Tag Movement (any point of the HTML tree),APPLICABLE,,-
recipe-detail-protein,x-test-protein,recipe_detail_component_html,gamma-ancestor,i,HTML Tag Removal,APPLICABLE,,-
recipe-detail-protein,x-test-protein,recipe_detail_component_html,gamma-ancestor,j,HTML Tag Type Modification,APPLICABLE,,-
recipe-detail-protein,x-test-protein,recipe_detail_component_html,gamma-ancestor,k,HTML Tag Insertion,APPLICABLE,,-
recipe-detail-protein,x-test-protein,recipe_detail_component_html,delta-sibling,h,HTML Tag Movement (between two templates),NA,between-templates-na-perfile,-
recipe-detail-protein,x-test-protein,recipe_detail_component_html,delta-sibling,a,Attribute Value Modification,APPLICABLE,,-
recipe-detail-protein,x-test-protein,recipe_detail_component_html,delta-sibling,b,Attribute Removal,APPLICABLE,,-
recipe-detail-protein,x-test-protein,recipe_detail_component_html,delta-sibling,c,Attribute Identifier Modification,APPLICABLE,,-
recipe-detail-protein,x-test-protein,recipe_detail_component_html,delta-sibling,d,Text Content Modification,APPLICABLE,,-
recipe-detail-protein,x-test-protein,recipe_detail_component_html,delta-sibling,e,Text Content Removal,APPLICABLE,,-
recipe-detail-protein,x-test-protein,recipe_detail_component_html,delta-sibling,f,HTML Tag Movement (within a container),APPLICABLE,,-
recipe-detail-protein,x-test-protein,recipe_detail_component_html,delta-sibling,g,HTML Tag Movement (any point of the HTML tree),APPLICABLE,,-
recipe-detail-protein,x-test-protein,recipe_detail_component_html,delta-sibling,i,HTML Tag Removal,APPLICABLE,,-
recipe-detail-protein,x-test-protein,recipe_detail_component_html,delta-sibling,j,HTML Tag Type Modification,APPLICABLE,,-
recipe-detail-protein,x-test-protein,recipe_detail_component_html,delta-sibling,k,HTML Tag Insertion,APPLICABLE,,-
recipe-detail-protein,x-test-protein,recipe_detail_component_html,epsilon-component,d,Text Content Modification,NA,no-text-content,-
recipe-detail-protein,x-test-protein,recipe_detail_component_html,epsilon-component,e,Text Content Removal,NA,no-text-content,-
recipe-detail-protein,x-test-protein,recipe_detail_component_html,epsilon-component,h,HTML Tag Movement (between two templates),NA,between-templates-na-perfile,-
recipe-detail-protein,x-test-protein,recipe_detail_component_html,epsilon-component,a,Attribute Value Modification,APPLICABLE,,-
recipe-detail-protein,x-test-protein,recipe_detail_component_html,epsilon-component,b,Attribute Removal,APPLICABLE,,-
recipe-detail-protein,x-test-protein,recipe_detail_component_html,epsilon-component,c,Attribute Identifier Modification,APPLICABLE,,-
recipe-detail-protein,x-test-protein,recipe_detail_component_html,epsilon-component,f,HTML Tag Movement (within a container),APPLICABLE,,-
recipe-detail-protein,x-test-protein,recipe_detail_component_html,epsilon-component,g,HTML Tag Movement (any point of the HTML tree),APPLICABLE,,-
recipe-detail-protein,x-test-protein,recipe_detail_component_html,epsilon-component,i,HTML Tag Removal,APPLICABLE,,-
recipe-detail-protein,x-test-protein,recipe_detail_component_html,epsilon-component,j,HTML Tag Type Modification,APPLICABLE,,-
recipe-detail-protein,x-test-protein,recipe_detail_component_html,epsilon-component,k,HTML Tag Insertion,APPLICABLE,,-
recipe-detail-add-shopping,x-test-add-shopping,recipe_detail_component_html,alpha-target,h,HTML Tag Movement (between two templates),NA,between-templates-na-perfile,-
recipe-detail-add-shopping,x-test-add-shopping,recipe_detail_component_html,alpha-target,i,HTML Tag Removal,NA,would-drop-x-test,-
recipe-detail-add-shopping,x-test-add-shopping,recipe_detail_component_html,alpha-target,a,Attribute Value Modification,APPLICABLE,,-
recipe-detail-add-shopping,x-test-add-shopping,recipe_detail_component_html,alpha-target,b,Attribute Removal,APPLICABLE,,-
recipe-detail-add-shopping,x-test-add-shopping,recipe_detail_component_html,alpha-target,c,Attribute Identifier Modification,APPLICABLE,,-
recipe-detail-add-shopping,x-test-add-shopping,recipe_detail_component_html,alpha-target,d,Text Content Modification,APPLICABLE,,-
recipe-detail-add-shopping,x-test-add-shopping,recipe_detail_component_html,alpha-target,e,Text Content Removal,APPLICABLE,,-
recipe-detail-add-shopping,x-test-add-shopping,recipe_detail_component_html,alpha-target,f,HTML Tag Movement (within a container),APPLICABLE,,-
recipe-detail-add-shopping,x-test-add-shopping,recipe_detail_component_html,alpha-target,g,HTML Tag Movement (any point of the HTML tree),APPLICABLE,,-
recipe-detail-add-shopping,x-test-add-shopping,recipe_detail_component_html,alpha-target,j,HTML Tag Type Modification,APPLICABLE,,-
recipe-detail-add-shopping,x-test-add-shopping,recipe_detail_component_html,alpha-target,k,HTML Tag Insertion,APPLICABLE,,-
recipe-detail-add-shopping,x-test-add-shopping,recipe_detail_component_html,beta-parent,d,Text Content Modification,NA,no-text-content,-
recipe-detail-add-shopping,x-test-add-shopping,recipe_detail_component_html,beta-parent,e,Text Content Removal,NA,no-text-content,-
recipe-detail-add-shopping,x-test-add-shopping,recipe_detail_component_html,beta-parent,h,HTML Tag Movement (between two templates),NA,between-templates-na-perfile,-
recipe-detail-add-shopping,x-test-add-shopping,recipe_detail_component_html,beta-parent,a,Attribute Value Modification,APPLICABLE,,-
recipe-detail-add-shopping,x-test-add-shopping,recipe_detail_component_html,beta-parent,b,Attribute Removal,APPLICABLE,,-
recipe-detail-add-shopping,x-test-add-shopping,recipe_detail_component_html,beta-parent,c,Attribute Identifier Modification,APPLICABLE,,-
recipe-detail-add-shopping,x-test-add-shopping,recipe_detail_component_html,beta-parent,f,HTML Tag Movement (within a container),APPLICABLE,,-
recipe-detail-add-shopping,x-test-add-shopping,recipe_detail_component_html,beta-parent,g,HTML Tag Movement (any point of the HTML tree),APPLICABLE,,-
recipe-detail-add-shopping,x-test-add-shopping,recipe_detail_component_html,beta-parent,i,HTML Tag Removal,APPLICABLE,,-
recipe-detail-add-shopping,x-test-add-shopping,recipe_detail_component_html,beta-parent,j,HTML Tag Type Modification,APPLICABLE,,-
recipe-detail-add-shopping,x-test-add-shopping,recipe_detail_component_html,beta-parent,k,HTML Tag Insertion,APPLICABLE,,-
recipe-detail-add-shopping,x-test-add-shopping,recipe_detail_component_html,gamma-ancestor,d,Text Content Modification,NA,no-text-content,-
recipe-detail-add-shopping,x-test-add-shopping,recipe_detail_component_html,gamma-ancestor,e,Text Content Removal,NA,no-text-content,-
recipe-detail-add-shopping,x-test-add-shopping,recipe_detail_component_html,gamma-ancestor,h,HTML Tag Movement (between two templates),NA,between-templates-na-perfile,-
recipe-detail-add-shopping,x-test-add-shopping,recipe_detail_component_html,gamma-ancestor,a,Attribute Value Modification,APPLICABLE,,-
recipe-detail-add-shopping,x-test-add-shopping,recipe_detail_component_html,gamma-ancestor,b,Attribute Removal,APPLICABLE,,-
recipe-detail-add-shopping,x-test-add-shopping,recipe_detail_component_html,gamma-ancestor,c,Attribute Identifier Modification,APPLICABLE,,-
recipe-detail-add-shopping,x-test-add-shopping,recipe_detail_component_html,gamma-ancestor,f,HTML Tag Movement (within a container),APPLICABLE,,-
recipe-detail-add-shopping,x-test-add-shopping,recipe_detail_component_html,gamma-ancestor,g,HTML Tag Movement (any point of the HTML tree),APPLICABLE,,-
recipe-detail-add-shopping,x-test-add-shopping,recipe_detail_component_html,gamma-ancestor,i,HTML Tag Removal,APPLICABLE,,-
recipe-detail-add-shopping,x-test-add-shopping,recipe_detail_component_html,gamma-ancestor,j,HTML Tag Type Modification,APPLICABLE,,-
recipe-detail-add-shopping,x-test-add-shopping,recipe_detail_component_html,gamma-ancestor,k,HTML Tag Insertion,APPLICABLE,,-
recipe-detail-add-shopping,x-test-add-shopping,recipe_detail_component_html,delta-sibling,h,HTML Tag Movement (between two templates),NA,between-templates-na-perfile,-
recipe-detail-add-shopping,x-test-add-shopping,recipe_detail_component_html,delta-sibling,a,Attribute Value Modification,APPLICABLE,,-
recipe-detail-add-shopping,x-test-add-shopping,recipe_detail_component_html,delta-sibling,b,Attribute Removal,APPLICABLE,,-
recipe-detail-add-shopping,x-test-add-shopping,recipe_detail_component_html,delta-sibling,c,Attribute Identifier Modification,APPLICABLE,,-
recipe-detail-add-shopping,x-test-add-shopping,recipe_detail_component_html,delta-sibling,d,Text Content Modification,APPLICABLE,,-
recipe-detail-add-shopping,x-test-add-shopping,recipe_detail_component_html,delta-sibling,e,Text Content Removal,APPLICABLE,,-
recipe-detail-add-shopping,x-test-add-shopping,recipe_detail_component_html,delta-sibling,f,HTML Tag Movement (within a container),APPLICABLE,,-
recipe-detail-add-shopping,x-test-add-shopping,recipe_detail_component_html,delta-sibling,g,HTML Tag Movement (any point of the HTML tree),APPLICABLE,,-
recipe-detail-add-shopping,x-test-add-shopping,recipe_detail_component_html,delta-sibling,i,HTML Tag Removal,APPLICABLE,,-
recipe-detail-add-shopping,x-test-add-shopping,recipe_detail_component_html,delta-sibling,j,HTML Tag Type Modification,APPLICABLE,,-
recipe-detail-add-shopping,x-test-add-shopping,recipe_detail_component_html,delta-sibling,k,HTML Tag Insertion,APPLICABLE,,-
recipe-detail-add-shopping,x-test-add-shopping,recipe_detail_component_html,epsilon-component,a,Attribute Value Modification,NA,no-such-role,-
recipe-detail-add-shopping,x-test-add-shopping,recipe_detail_component_html,epsilon-component,b,Attribute Removal,NA,no-such-role,-
recipe-detail-add-shopping,x-test-add-shopping,recipe_detail_component_html,epsilon-component,c,Attribute Identifier Modification,NA,no-such-role,-
recipe-detail-add-shopping,x-test-add-shopping,recipe_detail_component_html,epsilon-component,d,Text Content Modification,NA,no-such-role,-
recipe-detail-add-shopping,x-test-add-shopping,recipe_detail_component_html,epsilon-component,e,Text Content Removal,NA,no-such-role,-
recipe-detail-add-shopping,x-test-add-shopping,recipe_detail_component_html,epsilon-component,f,HTML Tag Movement (within a container),NA,no-such-role,-
recipe-detail-add-shopping,x-test-add-shopping,recipe_detail_component_html,epsilon-component,g,HTML Tag Movement (any point of the HTML tree),NA,no-such-role,-
recipe-detail-add-shopping,x-test-add-shopping,recipe_detail_component_html,epsilon-component,h,HTML Tag Movement (between two templates),NA,no-such-role,-
recipe-detail-add-shopping,x-test-add-shopping,recipe_detail_component_html,epsilon-component,i,HTML Tag Removal,NA,no-such-role,-
recipe-detail-add-shopping,x-test-add-shopping,recipe_detail_component_html,epsilon-component,j,HTML Tag Type Modification,NA,no-such-role,-
recipe-detail-add-shopping,x-test-add-shopping,recipe_detail_component_html,epsilon-component,k,HTML Tag Insertion,NA,no-such-role,-
recipe-detail-delete,x-test-delete,recipe_detail_component_html,alpha-target,h,HTML Tag Movement (between two templates),NA,between-templates-na-perfile,-
recipe-detail-delete,x-test-delete,recipe_detail_component_html,alpha-target,i,HTML Tag Removal,NA,would-drop-x-test,-
recipe-detail-delete,x-test-delete,recipe_detail_component_html,alpha-target,a,Attribute Value Modification,APPLICABLE,,-
recipe-detail-delete,x-test-delete,recipe_detail_component_html,alpha-target,b,Attribute Removal,APPLICABLE,,-
recipe-detail-delete,x-test-delete,recipe_detail_component_html,alpha-target,c,Attribute Identifier Modification,APPLICABLE,,-
recipe-detail-delete,x-test-delete,recipe_detail_component_html,alpha-target,d,Text Content Modification,APPLICABLE,,-
recipe-detail-delete,x-test-delete,recipe_detail_component_html,alpha-target,e,Text Content Removal,APPLICABLE,,-
recipe-detail-delete,x-test-delete,recipe_detail_component_html,alpha-target,f,HTML Tag Movement (within a container),APPLICABLE,,-
recipe-detail-delete,x-test-delete,recipe_detail_component_html,alpha-target,g,HTML Tag Movement (any point of the HTML tree),APPLICABLE,,-
recipe-detail-delete,x-test-delete,recipe_detail_component_html,alpha-target,j,HTML Tag Type Modification,APPLICABLE,,-
recipe-detail-delete,x-test-delete,recipe_detail_component_html,alpha-target,k,HTML Tag Insertion,APPLICABLE,,-
recipe-detail-delete,x-test-delete,recipe_detail_component_html,beta-parent,d,Text Content Modification,NA,no-text-content,-
recipe-detail-delete,x-test-delete,recipe_detail_component_html,beta-parent,e,Text Content Removal,NA,no-text-content,-
recipe-detail-delete,x-test-delete,recipe_detail_component_html,beta-parent,h,HTML Tag Movement (between two templates),NA,between-templates-na-perfile,-
recipe-detail-delete,x-test-delete,recipe_detail_component_html,beta-parent,a,Attribute Value Modification,APPLICABLE,,-
recipe-detail-delete,x-test-delete,recipe_detail_component_html,beta-parent,b,Attribute Removal,APPLICABLE,,-
recipe-detail-delete,x-test-delete,recipe_detail_component_html,beta-parent,c,Attribute Identifier Modification,APPLICABLE,,-
recipe-detail-delete,x-test-delete,recipe_detail_component_html,beta-parent,f,HTML Tag Movement (within a container),APPLICABLE,,-
recipe-detail-delete,x-test-delete,recipe_detail_component_html,beta-parent,g,HTML Tag Movement (any point of the HTML tree),APPLICABLE,,-
recipe-detail-delete,x-test-delete,recipe_detail_component_html,beta-parent,i,HTML Tag Removal,APPLICABLE,,-
recipe-detail-delete,x-test-delete,recipe_detail_component_html,beta-parent,j,HTML Tag Type Modification,APPLICABLE,,-
recipe-detail-delete,x-test-delete,recipe_detail_component_html,beta-parent,k,HTML Tag Insertion,APPLICABLE,,-
recipe-detail-delete,x-test-delete,recipe_detail_component_html,gamma-ancestor,d,Text Content Modification,NA,no-text-content,-
recipe-detail-delete,x-test-delete,recipe_detail_component_html,gamma-ancestor,e,Text Content Removal,NA,no-text-content,-
recipe-detail-delete,x-test-delete,recipe_detail_component_html,gamma-ancestor,h,HTML Tag Movement (between two templates),NA,between-templates-na-perfile,-
recipe-detail-delete,x-test-delete,recipe_detail_component_html,gamma-ancestor,a,Attribute Value Modification,APPLICABLE,,-
recipe-detail-delete,x-test-delete,recipe_detail_component_html,gamma-ancestor,b,Attribute Removal,APPLICABLE,,-
recipe-detail-delete,x-test-delete,recipe_detail_component_html,gamma-ancestor,c,Attribute Identifier Modification,APPLICABLE,,-
recipe-detail-delete,x-test-delete,recipe_detail_component_html,gamma-ancestor,f,HTML Tag Movement (within a container),APPLICABLE,,-
recipe-detail-delete,x-test-delete,recipe_detail_component_html,gamma-ancestor,g,HTML Tag Movement (any point of the HTML tree),APPLICABLE,,-
recipe-detail-delete,x-test-delete,recipe_detail_component_html,gamma-ancestor,i,HTML Tag Removal,APPLICABLE,,-
recipe-detail-delete,x-test-delete,recipe_detail_component_html,gamma-ancestor,j,HTML Tag Type Modification,APPLICABLE,,-
recipe-detail-delete,x-test-delete,recipe_detail_component_html,gamma-ancestor,k,HTML Tag Insertion,APPLICABLE,,-
recipe-detail-delete,x-test-delete,recipe_detail_component_html,delta-sibling,h,HTML Tag Movement (between two templates),NA,between-templates-na-perfile,-
recipe-detail-delete,x-test-delete,recipe_detail_component_html,delta-sibling,a,Attribute Value Modification,APPLICABLE,,-
recipe-detail-delete,x-test-delete,recipe_detail_component_html,delta-sibling,b,Attribute Removal,APPLICABLE,,-
recipe-detail-delete,x-test-delete,recipe_detail_component_html,delta-sibling,c,Attribute Identifier Modification,APPLICABLE,,-
recipe-detail-delete,x-test-delete,recipe_detail_component_html,delta-sibling,d,Text Content Modification,APPLICABLE,,-
recipe-detail-delete,x-test-delete,recipe_detail_component_html,delta-sibling,e,Text Content Removal,APPLICABLE,,-
recipe-detail-delete,x-test-delete,recipe_detail_component_html,delta-sibling,f,HTML Tag Movement (within a container),APPLICABLE,,-
recipe-detail-delete,x-test-delete,recipe_detail_component_html,delta-sibling,g,HTML Tag Movement (any point of the HTML tree),APPLICABLE,,-
recipe-detail-delete,x-test-delete,recipe_detail_component_html,delta-sibling,i,HTML Tag Removal,APPLICABLE,,-
recipe-detail-delete,x-test-delete,recipe_detail_component_html,delta-sibling,j,HTML Tag Type Modification,APPLICABLE,,-
recipe-detail-delete,x-test-delete,recipe_detail_component_html,delta-sibling,k,HTML Tag Insertion,APPLICABLE,,-
recipe-detail-delete,x-test-delete,recipe_detail_component_html,epsilon-component,a,Attribute Value Modification,NA,no-such-role,-
recipe-detail-delete,x-test-delete,recipe_detail_component_html,epsilon-component,b,Attribute Removal,NA,no-such-role,-
recipe-detail-delete,x-test-delete,recipe_detail_component_html,epsilon-component,c,Attribute Identifier Modification,NA,no-such-role,-
recipe-detail-delete,x-test-delete,recipe_detail_component_html,epsilon-component,d,Text Content Modification,NA,no-such-role,-
recipe-detail-delete,x-test-delete,recipe_detail_component_html,epsilon-component,e,Text Content Removal,NA,no-such-role,-
recipe-detail-delete,x-test-delete,recipe_detail_component_html,epsilon-component,f,HTML Tag Movement (within a container),NA,no-such-role,-
recipe-detail-delete,x-test-delete,recipe_detail_component_html,epsilon-component,g,HTML Tag Movement (any point of the HTML tree),NA,no-such-role,-
recipe-detail-delete,x-test-delete,recipe_detail_component_html,epsilon-component,h,HTML Tag Movement (between two templates),NA,no-such-role,-
recipe-detail-delete,x-test-delete,recipe_detail_component_html,epsilon-component,i,HTML Tag Removal,NA,no-such-role,-
recipe-detail-delete,x-test-delete,recipe_detail_component_html,epsilon-component,j,HTML Tag Type Modification,NA,no-such-role,-
recipe-detail-delete,x-test-delete,recipe_detail_component_html,epsilon-component,k,HTML Tag Insertion,NA,no-such-role,-
recipe-detail-not-found,x-test-not-found,recipe_detail_component_html,alpha-target,h,HTML Tag Movement (between two templates),NA,between-templates-na-perfile,-
recipe-detail-not-found,x-test-not-found,recipe_detail_component_html,alpha-target,i,HTML Tag Removal,NA,would-drop-x-test,-
recipe-detail-not-found,x-test-not-found,recipe_detail_component_html,alpha-target,a,Attribute Value Modification,APPLICABLE,,-
recipe-detail-not-found,x-test-not-found,recipe_detail_component_html,alpha-target,b,Attribute Removal,APPLICABLE,,-
recipe-detail-not-found,x-test-not-found,recipe_detail_component_html,alpha-target,c,Attribute Identifier Modification,APPLICABLE,,-
recipe-detail-not-found,x-test-not-found,recipe_detail_component_html,alpha-target,d,Text Content Modification,APPLICABLE,,-
recipe-detail-not-found,x-test-not-found,recipe_detail_component_html,alpha-target,e,Text Content Removal,APPLICABLE,,-
recipe-detail-not-found,x-test-not-found,recipe_detail_component_html,alpha-target,f,HTML Tag Movement (within a container),APPLICABLE,,-
recipe-detail-not-found,x-test-not-found,recipe_detail_component_html,alpha-target,g,HTML Tag Movement (any point of the HTML tree),APPLICABLE,,-
recipe-detail-not-found,x-test-not-found,recipe_detail_component_html,alpha-target,j,HTML Tag Type Modification,APPLICABLE,,-
recipe-detail-not-found,x-test-not-found,recipe_detail_component_html,alpha-target,k,HTML Tag Insertion,APPLICABLE,,-
recipe-detail-not-found,x-test-not-found,recipe_detail_component_html,beta-parent,d,Text Content Modification,NA,no-text-content,-
recipe-detail-not-found,x-test-not-found,recipe_detail_component_html,beta-parent,e,Text Content Removal,NA,no-text-content,-
recipe-detail-not-found,x-test-not-found,recipe_detail_component_html,beta-parent,f,HTML Tag Movement (within a container),NA,no-sibling-to-reorder,-
recipe-detail-not-found,x-test-not-found,recipe_detail_component_html,beta-parent,h,HTML Tag Movement (between two templates),NA,between-templates-na-perfile,-
recipe-detail-not-found,x-test-not-found,recipe_detail_component_html,beta-parent,a,Attribute Value Modification,APPLICABLE,,-
recipe-detail-not-found,x-test-not-found,recipe_detail_component_html,beta-parent,b,Attribute Removal,APPLICABLE,,-
recipe-detail-not-found,x-test-not-found,recipe_detail_component_html,beta-parent,c,Attribute Identifier Modification,APPLICABLE,,-
recipe-detail-not-found,x-test-not-found,recipe_detail_component_html,beta-parent,g,HTML Tag Movement (any point of the HTML tree),APPLICABLE,,-
recipe-detail-not-found,x-test-not-found,recipe_detail_component_html,beta-parent,i,HTML Tag Removal,APPLICABLE,,-
recipe-detail-not-found,x-test-not-found,recipe_detail_component_html,beta-parent,j,HTML Tag Type Modification,APPLICABLE,,-
recipe-detail-not-found,x-test-not-found,recipe_detail_component_html,beta-parent,k,HTML Tag Insertion,APPLICABLE,,-
recipe-detail-not-found,x-test-not-found,recipe_detail_component_html,gamma-ancestor,d,Text Content Modification,NA,no-text-content,-
recipe-detail-not-found,x-test-not-found,recipe_detail_component_html,gamma-ancestor,e,Text Content Removal,NA,no-text-content,-
recipe-detail-not-found,x-test-not-found,recipe_detail_component_html,gamma-ancestor,g,HTML Tag Movement (any point of the HTML tree),NA,root-element,-
recipe-detail-not-found,x-test-not-found,recipe_detail_component_html,gamma-ancestor,h,HTML Tag Movement (between two templates),NA,between-templates-na-perfile,-
recipe-detail-not-found,x-test-not-found,recipe_detail_component_html,gamma-ancestor,i,HTML Tag Removal,NA,root-element,-
recipe-detail-not-found,x-test-not-found,recipe_detail_component_html,gamma-ancestor,a,Attribute Value Modification,APPLICABLE,,-
recipe-detail-not-found,x-test-not-found,recipe_detail_component_html,gamma-ancestor,b,Attribute Removal,APPLICABLE,,-
recipe-detail-not-found,x-test-not-found,recipe_detail_component_html,gamma-ancestor,c,Attribute Identifier Modification,APPLICABLE,,-
recipe-detail-not-found,x-test-not-found,recipe_detail_component_html,gamma-ancestor,f,HTML Tag Movement (within a container),APPLICABLE,,-
recipe-detail-not-found,x-test-not-found,recipe_detail_component_html,gamma-ancestor,j,HTML Tag Type Modification,APPLICABLE,,-
recipe-detail-not-found,x-test-not-found,recipe_detail_component_html,gamma-ancestor,k,HTML Tag Insertion,APPLICABLE,,-
recipe-detail-not-found,x-test-not-found,recipe_detail_component_html,delta-sibling,h,HTML Tag Movement (between two templates),NA,between-templates-na-perfile,-
recipe-detail-not-found,x-test-not-found,recipe_detail_component_html,delta-sibling,a,Attribute Value Modification,APPLICABLE,,-
recipe-detail-not-found,x-test-not-found,recipe_detail_component_html,delta-sibling,b,Attribute Removal,APPLICABLE,,-
recipe-detail-not-found,x-test-not-found,recipe_detail_component_html,delta-sibling,c,Attribute Identifier Modification,APPLICABLE,,-
recipe-detail-not-found,x-test-not-found,recipe_detail_component_html,delta-sibling,d,Text Content Modification,APPLICABLE,,-
recipe-detail-not-found,x-test-not-found,recipe_detail_component_html,delta-sibling,e,Text Content Removal,APPLICABLE,,-
recipe-detail-not-found,x-test-not-found,recipe_detail_component_html,delta-sibling,f,HTML Tag Movement (within a container),APPLICABLE,,-
recipe-detail-not-found,x-test-not-found,recipe_detail_component_html,delta-sibling,g,HTML Tag Movement (any point of the HTML tree),APPLICABLE,,-
recipe-detail-not-found,x-test-not-found,recipe_detail_component_html,delta-sibling,i,HTML Tag Removal,APPLICABLE,,-
recipe-detail-not-found,x-test-not-found,recipe_detail_component_html,delta-sibling,j,HTML Tag Type Modification,APPLICABLE,,-
recipe-detail-not-found,x-test-not-found,recipe_detail_component_html,delta-sibling,k,HTML Tag Insertion,APPLICABLE,,-
recipe-detail-not-found,x-test-not-found,recipe_detail_component_html,epsilon-component,a,Attribute Value Modification,NA,no-such-role,-
recipe-detail-not-found,x-test-not-found,recipe_detail_component_html,epsilon-component,b,Attribute Removal,NA,no-such-role,-
recipe-detail-not-found,x-test-not-found,recipe_detail_component_html,epsilon-component,c,Attribute Identifier Modification,NA,no-such-role,-
recipe-detail-not-found,x-test-not-found,recipe_detail_component_html,epsilon-component,d,Text Content Modification,NA,no-such-role,-
recipe-detail-not-found,x-test-not-found,recipe_detail_component_html,epsilon-component,e,Text Content Removal,NA,no-such-role,-
recipe-detail-not-found,x-test-not-found,recipe_detail_component_html,epsilon-component,f,HTML Tag Movement (within a container),NA,no-such-role,-
recipe-detail-not-found,x-test-not-found,recipe_detail_component_html,epsilon-component,g,HTML Tag Movement (any point of the HTML tree),NA,no-such-role,-
recipe-detail-not-found,x-test-not-found,recipe_detail_component_html,epsilon-component,h,HTML Tag Movement (between two templates),NA,no-such-role,-
recipe-detail-not-found,x-test-not-found,recipe_detail_component_html,epsilon-component,i,HTML Tag Removal,NA,no-such-role,-
recipe-detail-not-found,x-test-not-found,recipe_detail_component_html,epsilon-component,j,HTML Tag Type Modification,NA,no-such-role,-
recipe-detail-not-found,x-test-not-found,recipe_detail_component_html,epsilon-component,k,HTML Tag Insertion,NA,no-such-role,-
ingredient-row-ing-qty,[attr.x-test-ing-qty],ingredient_row_component_html,alpha-target,h,HTML Tag Movement (between two templates),NA,between-templates-na-perfile,-
ingredient-row-ing-qty,[attr.x-test-ing-qty],ingredient_row_component_html,alpha-target,a,Attribute Value Modification,APPLICABLE,,-
ingredient-row-ing-qty,[attr.x-test-ing-qty],ingredient_row_component_html,alpha-target,b,Attribute Removal,APPLICABLE,,-
ingredient-row-ing-qty,[attr.x-test-ing-qty],ingredient_row_component_html,alpha-target,c,Attribute Identifier Modification,APPLICABLE,,-
ingredient-row-ing-qty,[attr.x-test-ing-qty],ingredient_row_component_html,alpha-target,d,Text Content Modification,APPLICABLE,,-
ingredient-row-ing-qty,[attr.x-test-ing-qty],ingredient_row_component_html,alpha-target,e,Text Content Removal,APPLICABLE,,-
ingredient-row-ing-qty,[attr.x-test-ing-qty],ingredient_row_component_html,alpha-target,f,HTML Tag Movement (within a container),APPLICABLE,,-
ingredient-row-ing-qty,[attr.x-test-ing-qty],ingredient_row_component_html,alpha-target,g,HTML Tag Movement (any point of the HTML tree),APPLICABLE,,-
ingredient-row-ing-qty,[attr.x-test-ing-qty],ingredient_row_component_html,alpha-target,i,HTML Tag Removal,APPLICABLE,,-
ingredient-row-ing-qty,[attr.x-test-ing-qty],ingredient_row_component_html,alpha-target,j,HTML Tag Type Modification,APPLICABLE,,-
ingredient-row-ing-qty,[attr.x-test-ing-qty],ingredient_row_component_html,alpha-target,k,HTML Tag Insertion,APPLICABLE,,-
ingredient-row-ing-qty,[attr.x-test-ing-qty],ingredient_row_component_html,beta-parent,d,Text Content Modification,NA,no-text-content,-
ingredient-row-ing-qty,[attr.x-test-ing-qty],ingredient_row_component_html,beta-parent,e,Text Content Removal,NA,no-text-content,-
ingredient-row-ing-qty,[attr.x-test-ing-qty],ingredient_row_component_html,beta-parent,h,HTML Tag Movement (between two templates),NA,between-templates-na-perfile,-
ingredient-row-ing-qty,[attr.x-test-ing-qty],ingredient_row_component_html,beta-parent,a,Attribute Value Modification,APPLICABLE,,-
ingredient-row-ing-qty,[attr.x-test-ing-qty],ingredient_row_component_html,beta-parent,b,Attribute Removal,APPLICABLE,,-
ingredient-row-ing-qty,[attr.x-test-ing-qty],ingredient_row_component_html,beta-parent,c,Attribute Identifier Modification,APPLICABLE,,-
ingredient-row-ing-qty,[attr.x-test-ing-qty],ingredient_row_component_html,beta-parent,f,HTML Tag Movement (within a container),APPLICABLE,,-
ingredient-row-ing-qty,[attr.x-test-ing-qty],ingredient_row_component_html,beta-parent,g,HTML Tag Movement (any point of the HTML tree),APPLICABLE,,-
ingredient-row-ing-qty,[attr.x-test-ing-qty],ingredient_row_component_html,beta-parent,i,HTML Tag Removal,APPLICABLE,,-
ingredient-row-ing-qty,[attr.x-test-ing-qty],ingredient_row_component_html,beta-parent,j,HTML Tag Type Modification,APPLICABLE,,-
ingredient-row-ing-qty,[attr.x-test-ing-qty],ingredient_row_component_html,beta-parent,k,HTML Tag Insertion,APPLICABLE,,-
ingredient-row-ing-qty,[attr.x-test-ing-qty],ingredient_row_component_html,gamma-ancestor,d,Text Content Modification,NA,no-text-content,-
ingredient-row-ing-qty,[attr.x-test-ing-qty],ingredient_row_component_html,gamma-ancestor,e,Text Content Removal,NA,no-text-content,-
ingredient-row-ing-qty,[attr.x-test-ing-qty],ingredient_row_component_html,gamma-ancestor,f,HTML Tag Movement (within a container),NA,no-sibling-to-reorder,-
ingredient-row-ing-qty,[attr.x-test-ing-qty],ingredient_row_component_html,gamma-ancestor,g,HTML Tag Movement (any point of the HTML tree),NA,root-element,-
ingredient-row-ing-qty,[attr.x-test-ing-qty],ingredient_row_component_html,gamma-ancestor,h,HTML Tag Movement (between two templates),NA,between-templates-na-perfile,-
ingredient-row-ing-qty,[attr.x-test-ing-qty],ingredient_row_component_html,gamma-ancestor,i,HTML Tag Removal,NA,root-element,-
ingredient-row-ing-qty,[attr.x-test-ing-qty],ingredient_row_component_html,gamma-ancestor,a,Attribute Value Modification,APPLICABLE,,-
ingredient-row-ing-qty,[attr.x-test-ing-qty],ingredient_row_component_html,gamma-ancestor,b,Attribute Removal,APPLICABLE,,-
ingredient-row-ing-qty,[attr.x-test-ing-qty],ingredient_row_component_html,gamma-ancestor,c,Attribute Identifier Modification,APPLICABLE,,-
ingredient-row-ing-qty,[attr.x-test-ing-qty],ingredient_row_component_html,gamma-ancestor,j,HTML Tag Type Modification,APPLICABLE,,-
ingredient-row-ing-qty,[attr.x-test-ing-qty],ingredient_row_component_html,gamma-ancestor,k,HTML Tag Insertion,APPLICABLE,,-
ingredient-row-ing-qty,[attr.x-test-ing-qty],ingredient_row_component_html,delta-sibling,h,HTML Tag Movement (between two templates),NA,between-templates-na-perfile,-
ingredient-row-ing-qty,[attr.x-test-ing-qty],ingredient_row_component_html,delta-sibling,a,Attribute Value Modification,APPLICABLE,,-
ingredient-row-ing-qty,[attr.x-test-ing-qty],ingredient_row_component_html,delta-sibling,b,Attribute Removal,APPLICABLE,,-
ingredient-row-ing-qty,[attr.x-test-ing-qty],ingredient_row_component_html,delta-sibling,c,Attribute Identifier Modification,APPLICABLE,,-
ingredient-row-ing-qty,[attr.x-test-ing-qty],ingredient_row_component_html,delta-sibling,d,Text Content Modification,APPLICABLE,,-
ingredient-row-ing-qty,[attr.x-test-ing-qty],ingredient_row_component_html,delta-sibling,e,Text Content Removal,APPLICABLE,,-
ingredient-row-ing-qty,[attr.x-test-ing-qty],ingredient_row_component_html,delta-sibling,f,HTML Tag Movement (within a container),APPLICABLE,,-
ingredient-row-ing-qty,[attr.x-test-ing-qty],ingredient_row_component_html,delta-sibling,g,HTML Tag Movement (any point of the HTML tree),APPLICABLE,,-
ingredient-row-ing-qty,[attr.x-test-ing-qty],ingredient_row_component_html,delta-sibling,i,HTML Tag Removal,APPLICABLE,,-
ingredient-row-ing-qty,[attr.x-test-ing-qty],ingredient_row_component_html,delta-sibling,j,HTML Tag Type Modification,APPLICABLE,,-
ingredient-row-ing-qty,[attr.x-test-ing-qty],ingredient_row_component_html,delta-sibling,k,HTML Tag Insertion,APPLICABLE,,-
ingredient-row-ing-qty,[attr.x-test-ing-qty],ingredient_row_component_html,epsilon-component,a,Attribute Value Modification,NA,no-such-role,-
ingredient-row-ing-qty,[attr.x-test-ing-qty],ingredient_row_component_html,epsilon-component,b,Attribute Removal,NA,no-such-role,-
ingredient-row-ing-qty,[attr.x-test-ing-qty],ingredient_row_component_html,epsilon-component,c,Attribute Identifier Modification,NA,no-such-role,-
ingredient-row-ing-qty,[attr.x-test-ing-qty],ingredient_row_component_html,epsilon-component,d,Text Content Modification,NA,no-such-role,-
ingredient-row-ing-qty,[attr.x-test-ing-qty],ingredient_row_component_html,epsilon-component,e,Text Content Removal,NA,no-such-role,-
ingredient-row-ing-qty,[attr.x-test-ing-qty],ingredient_row_component_html,epsilon-component,f,HTML Tag Movement (within a container),NA,no-such-role,-
ingredient-row-ing-qty,[attr.x-test-ing-qty],ingredient_row_component_html,epsilon-component,g,HTML Tag Movement (any point of the HTML tree),NA,no-such-role,-
ingredient-row-ing-qty,[attr.x-test-ing-qty],ingredient_row_component_html,epsilon-component,h,HTML Tag Movement (between two templates),NA,no-such-role,-
ingredient-row-ing-qty,[attr.x-test-ing-qty],ingredient_row_component_html,epsilon-component,i,HTML Tag Removal,NA,no-such-role,-
ingredient-row-ing-qty,[attr.x-test-ing-qty],ingredient_row_component_html,epsilon-component,j,HTML Tag Type Modification,NA,no-such-role,-
ingredient-row-ing-qty,[attr.x-test-ing-qty],ingredient_row_component_html,epsilon-component,k,HTML Tag Insertion,NA,no-such-role,-
ingredient-row-ing-name,[attr.x-test-ing-name],ingredient_row_component_html,alpha-target,h,HTML Tag Movement (between two templates),NA,between-templates-na-perfile,-
ingredient-row-ing-name,[attr.x-test-ing-name],ingredient_row_component_html,alpha-target,a,Attribute Value Modification,APPLICABLE,,-
ingredient-row-ing-name,[attr.x-test-ing-name],ingredient_row_component_html,alpha-target,b,Attribute Removal,APPLICABLE,,-
ingredient-row-ing-name,[attr.x-test-ing-name],ingredient_row_component_html,alpha-target,c,Attribute Identifier Modification,APPLICABLE,,-
ingredient-row-ing-name,[attr.x-test-ing-name],ingredient_row_component_html,alpha-target,d,Text Content Modification,APPLICABLE,,-
ingredient-row-ing-name,[attr.x-test-ing-name],ingredient_row_component_html,alpha-target,e,Text Content Removal,APPLICABLE,,-
ingredient-row-ing-name,[attr.x-test-ing-name],ingredient_row_component_html,alpha-target,f,HTML Tag Movement (within a container),APPLICABLE,,-
ingredient-row-ing-name,[attr.x-test-ing-name],ingredient_row_component_html,alpha-target,g,HTML Tag Movement (any point of the HTML tree),APPLICABLE,,-
ingredient-row-ing-name,[attr.x-test-ing-name],ingredient_row_component_html,alpha-target,i,HTML Tag Removal,APPLICABLE,,-
ingredient-row-ing-name,[attr.x-test-ing-name],ingredient_row_component_html,alpha-target,j,HTML Tag Type Modification,APPLICABLE,,-
ingredient-row-ing-name,[attr.x-test-ing-name],ingredient_row_component_html,alpha-target,k,HTML Tag Insertion,APPLICABLE,,-
ingredient-row-ing-name,[attr.x-test-ing-name],ingredient_row_component_html,beta-parent,d,Text Content Modification,NA,no-text-content,-
ingredient-row-ing-name,[attr.x-test-ing-name],ingredient_row_component_html,beta-parent,e,Text Content Removal,NA,no-text-content,-
ingredient-row-ing-name,[attr.x-test-ing-name],ingredient_row_component_html,beta-parent,h,HTML Tag Movement (between two templates),NA,between-templates-na-perfile,-
ingredient-row-ing-name,[attr.x-test-ing-name],ingredient_row_component_html,beta-parent,a,Attribute Value Modification,APPLICABLE,,-
ingredient-row-ing-name,[attr.x-test-ing-name],ingredient_row_component_html,beta-parent,b,Attribute Removal,APPLICABLE,,-
ingredient-row-ing-name,[attr.x-test-ing-name],ingredient_row_component_html,beta-parent,c,Attribute Identifier Modification,APPLICABLE,,-
ingredient-row-ing-name,[attr.x-test-ing-name],ingredient_row_component_html,beta-parent,f,HTML Tag Movement (within a container),APPLICABLE,,-
ingredient-row-ing-name,[attr.x-test-ing-name],ingredient_row_component_html,beta-parent,g,HTML Tag Movement (any point of the HTML tree),APPLICABLE,,-
ingredient-row-ing-name,[attr.x-test-ing-name],ingredient_row_component_html,beta-parent,i,HTML Tag Removal,APPLICABLE,,-
ingredient-row-ing-name,[attr.x-test-ing-name],ingredient_row_component_html,beta-parent,j,HTML Tag Type Modification,APPLICABLE,,-
ingredient-row-ing-name,[attr.x-test-ing-name],ingredient_row_component_html,beta-parent,k,HTML Tag Insertion,APPLICABLE,,-
ingredient-row-ing-name,[attr.x-test-ing-name],ingredient_row_component_html,gamma-ancestor,d,Text Content Modification,NA,no-text-content,-
ingredient-row-ing-name,[attr.x-test-ing-name],ingredient_row_component_html,gamma-ancestor,e,Text Content Removal,NA,no-text-content,-
ingredient-row-ing-name,[attr.x-test-ing-name],ingredient_row_component_html,gamma-ancestor,f,HTML Tag Movement (within a container),NA,no-sibling-to-reorder,-
ingredient-row-ing-name,[attr.x-test-ing-name],ingredient_row_component_html,gamma-ancestor,g,HTML Tag Movement (any point of the HTML tree),NA,root-element,-
ingredient-row-ing-name,[attr.x-test-ing-name],ingredient_row_component_html,gamma-ancestor,h,HTML Tag Movement (between two templates),NA,between-templates-na-perfile,-
ingredient-row-ing-name,[attr.x-test-ing-name],ingredient_row_component_html,gamma-ancestor,i,HTML Tag Removal,NA,root-element,-
ingredient-row-ing-name,[attr.x-test-ing-name],ingredient_row_component_html,gamma-ancestor,a,Attribute Value Modification,APPLICABLE,,-
ingredient-row-ing-name,[attr.x-test-ing-name],ingredient_row_component_html,gamma-ancestor,b,Attribute Removal,APPLICABLE,,-
ingredient-row-ing-name,[attr.x-test-ing-name],ingredient_row_component_html,gamma-ancestor,c,Attribute Identifier Modification,APPLICABLE,,-
ingredient-row-ing-name,[attr.x-test-ing-name],ingredient_row_component_html,gamma-ancestor,j,HTML Tag Type Modification,APPLICABLE,,-
ingredient-row-ing-name,[attr.x-test-ing-name],ingredient_row_component_html,gamma-ancestor,k,HTML Tag Insertion,APPLICABLE,,-
ingredient-row-ing-name,[attr.x-test-ing-name],ingredient_row_component_html,delta-sibling,h,HTML Tag Movement (between two templates),NA,between-templates-na-perfile,-
ingredient-row-ing-name,[attr.x-test-ing-name],ingredient_row_component_html,delta-sibling,a,Attribute Value Modification,APPLICABLE,,-
ingredient-row-ing-name,[attr.x-test-ing-name],ingredient_row_component_html,delta-sibling,b,Attribute Removal,APPLICABLE,,-
ingredient-row-ing-name,[attr.x-test-ing-name],ingredient_row_component_html,delta-sibling,c,Attribute Identifier Modification,APPLICABLE,,-
ingredient-row-ing-name,[attr.x-test-ing-name],ingredient_row_component_html,delta-sibling,d,Text Content Modification,APPLICABLE,,-
ingredient-row-ing-name,[attr.x-test-ing-name],ingredient_row_component_html,delta-sibling,e,Text Content Removal,APPLICABLE,,-
ingredient-row-ing-name,[attr.x-test-ing-name],ingredient_row_component_html,delta-sibling,f,HTML Tag Movement (within a container),APPLICABLE,,-
ingredient-row-ing-name,[attr.x-test-ing-name],ingredient_row_component_html,delta-sibling,g,HTML Tag Movement (any point of the HTML tree),APPLICABLE,,-
ingredient-row-ing-name,[attr.x-test-ing-name],ingredient_row_component_html,delta-sibling,i,HTML Tag Removal,APPLICABLE,,-
ingredient-row-ing-name,[attr.x-test-ing-name],ingredient_row_component_html,delta-sibling,j,HTML Tag Type Modification,APPLICABLE,,-
ingredient-row-ing-name,[attr.x-test-ing-name],ingredient_row_component_html,delta-sibling,k,HTML Tag Insertion,APPLICABLE,,-
ingredient-row-ing-name,[attr.x-test-ing-name],ingredient_row_component_html,epsilon-component,a,Attribute Value Modification,NA,no-such-role,-
ingredient-row-ing-name,[attr.x-test-ing-name],ingredient_row_component_html,epsilon-component,b,Attribute Removal,NA,no-such-role,-
ingredient-row-ing-name,[attr.x-test-ing-name],ingredient_row_component_html,epsilon-component,c,Attribute Identifier Modification,NA,no-such-role,-
ingredient-row-ing-name,[attr.x-test-ing-name],ingredient_row_component_html,epsilon-component,d,Text Content Modification,NA,no-such-role,-
ingredient-row-ing-name,[attr.x-test-ing-name],ingredient_row_component_html,epsilon-component,e,Text Content Removal,NA,no-such-role,-
ingredient-row-ing-name,[attr.x-test-ing-name],ingredient_row_component_html,epsilon-component,f,HTML Tag Movement (within a container),NA,no-such-role,-
ingredient-row-ing-name,[attr.x-test-ing-name],ingredient_row_component_html,epsilon-component,g,HTML Tag Movement (any point of the HTML tree),NA,no-such-role,-
ingredient-row-ing-name,[attr.x-test-ing-name],ingredient_row_component_html,epsilon-component,h,HTML Tag Movement (between two templates),NA,no-such-role,-
ingredient-row-ing-name,[attr.x-test-ing-name],ingredient_row_component_html,epsilon-component,i,HTML Tag Removal,NA,no-such-role,-
ingredient-row-ing-name,[attr.x-test-ing-name],ingredient_row_component_html,epsilon-component,j,HTML Tag Type Modification,NA,no-such-role,-
ingredient-row-ing-name,[attr.x-test-ing-name],ingredient_row_component_html,epsilon-component,k,HTML Tag Insertion,NA,no-such-role,-
step-item-step-number,[attr.x-test-step-number],step_item_component_html,alpha-target,h,HTML Tag Movement (between two templates),NA,between-templates-na-perfile,-
step-item-step-number,[attr.x-test-step-number],step_item_component_html,alpha-target,a,Attribute Value Modification,APPLICABLE,,-
step-item-step-number,[attr.x-test-step-number],step_item_component_html,alpha-target,b,Attribute Removal,APPLICABLE,,-
step-item-step-number,[attr.x-test-step-number],step_item_component_html,alpha-target,c,Attribute Identifier Modification,APPLICABLE,,-
step-item-step-number,[attr.x-test-step-number],step_item_component_html,alpha-target,d,Text Content Modification,APPLICABLE,,-
step-item-step-number,[attr.x-test-step-number],step_item_component_html,alpha-target,e,Text Content Removal,APPLICABLE,,-
step-item-step-number,[attr.x-test-step-number],step_item_component_html,alpha-target,f,HTML Tag Movement (within a container),APPLICABLE,,-
step-item-step-number,[attr.x-test-step-number],step_item_component_html,alpha-target,g,HTML Tag Movement (any point of the HTML tree),APPLICABLE,,-
step-item-step-number,[attr.x-test-step-number],step_item_component_html,alpha-target,i,HTML Tag Removal,APPLICABLE,,-
step-item-step-number,[attr.x-test-step-number],step_item_component_html,alpha-target,j,HTML Tag Type Modification,APPLICABLE,,-
step-item-step-number,[attr.x-test-step-number],step_item_component_html,alpha-target,k,HTML Tag Insertion,APPLICABLE,,-
step-item-step-number,[attr.x-test-step-number],step_item_component_html,beta-parent,d,Text Content Modification,NA,no-text-content,-
step-item-step-number,[attr.x-test-step-number],step_item_component_html,beta-parent,e,Text Content Removal,NA,no-text-content,-
step-item-step-number,[attr.x-test-step-number],step_item_component_html,beta-parent,h,HTML Tag Movement (between two templates),NA,between-templates-na-perfile,-
step-item-step-number,[attr.x-test-step-number],step_item_component_html,beta-parent,a,Attribute Value Modification,APPLICABLE,,-
step-item-step-number,[attr.x-test-step-number],step_item_component_html,beta-parent,b,Attribute Removal,APPLICABLE,,-
step-item-step-number,[attr.x-test-step-number],step_item_component_html,beta-parent,c,Attribute Identifier Modification,APPLICABLE,,-
step-item-step-number,[attr.x-test-step-number],step_item_component_html,beta-parent,f,HTML Tag Movement (within a container),APPLICABLE,,-
step-item-step-number,[attr.x-test-step-number],step_item_component_html,beta-parent,g,HTML Tag Movement (any point of the HTML tree),APPLICABLE,,-
step-item-step-number,[attr.x-test-step-number],step_item_component_html,beta-parent,i,HTML Tag Removal,APPLICABLE,,-
step-item-step-number,[attr.x-test-step-number],step_item_component_html,beta-parent,j,HTML Tag Type Modification,APPLICABLE,,-
step-item-step-number,[attr.x-test-step-number],step_item_component_html,beta-parent,k,HTML Tag Insertion,APPLICABLE,,-
step-item-step-number,[attr.x-test-step-number],step_item_component_html,gamma-ancestor,d,Text Content Modification,NA,no-text-content,-
step-item-step-number,[attr.x-test-step-number],step_item_component_html,gamma-ancestor,e,Text Content Removal,NA,no-text-content,-
step-item-step-number,[attr.x-test-step-number],step_item_component_html,gamma-ancestor,f,HTML Tag Movement (within a container),NA,no-sibling-to-reorder,-
step-item-step-number,[attr.x-test-step-number],step_item_component_html,gamma-ancestor,g,HTML Tag Movement (any point of the HTML tree),NA,root-element,-
step-item-step-number,[attr.x-test-step-number],step_item_component_html,gamma-ancestor,h,HTML Tag Movement (between two templates),NA,between-templates-na-perfile,-
step-item-step-number,[attr.x-test-step-number],step_item_component_html,gamma-ancestor,i,HTML Tag Removal,NA,root-element,-
step-item-step-number,[attr.x-test-step-number],step_item_component_html,gamma-ancestor,a,Attribute Value Modification,APPLICABLE,,-
step-item-step-number,[attr.x-test-step-number],step_item_component_html,gamma-ancestor,b,Attribute Removal,APPLICABLE,,-
step-item-step-number,[attr.x-test-step-number],step_item_component_html,gamma-ancestor,c,Attribute Identifier Modification,APPLICABLE,,-
step-item-step-number,[attr.x-test-step-number],step_item_component_html,gamma-ancestor,j,HTML Tag Type Modification,APPLICABLE,,-
step-item-step-number,[attr.x-test-step-number],step_item_component_html,gamma-ancestor,k,HTML Tag Insertion,APPLICABLE,,-
step-item-step-number,[attr.x-test-step-number],step_item_component_html,delta-sibling,d,Text Content Modification,NA,no-text-content,-
step-item-step-number,[attr.x-test-step-number],step_item_component_html,delta-sibling,e,Text Content Removal,NA,no-text-content,-
step-item-step-number,[attr.x-test-step-number],step_item_component_html,delta-sibling,h,HTML Tag Movement (between two templates),NA,between-templates-na-perfile,-
step-item-step-number,[attr.x-test-step-number],step_item_component_html,delta-sibling,a,Attribute Value Modification,APPLICABLE,,-
step-item-step-number,[attr.x-test-step-number],step_item_component_html,delta-sibling,b,Attribute Removal,APPLICABLE,,-
step-item-step-number,[attr.x-test-step-number],step_item_component_html,delta-sibling,c,Attribute Identifier Modification,APPLICABLE,,-
step-item-step-number,[attr.x-test-step-number],step_item_component_html,delta-sibling,f,HTML Tag Movement (within a container),APPLICABLE,,-
step-item-step-number,[attr.x-test-step-number],step_item_component_html,delta-sibling,g,HTML Tag Movement (any point of the HTML tree),APPLICABLE,,-
step-item-step-number,[attr.x-test-step-number],step_item_component_html,delta-sibling,i,HTML Tag Removal,APPLICABLE,,-
step-item-step-number,[attr.x-test-step-number],step_item_component_html,delta-sibling,j,HTML Tag Type Modification,APPLICABLE,,-
step-item-step-number,[attr.x-test-step-number],step_item_component_html,delta-sibling,k,HTML Tag Insertion,APPLICABLE,,-
step-item-step-number,[attr.x-test-step-number],step_item_component_html,epsilon-component,a,Attribute Value Modification,NA,no-such-role,-
step-item-step-number,[attr.x-test-step-number],step_item_component_html,epsilon-component,b,Attribute Removal,NA,no-such-role,-
step-item-step-number,[attr.x-test-step-number],step_item_component_html,epsilon-component,c,Attribute Identifier Modification,NA,no-such-role,-
step-item-step-number,[attr.x-test-step-number],step_item_component_html,epsilon-component,d,Text Content Modification,NA,no-such-role,-
step-item-step-number,[attr.x-test-step-number],step_item_component_html,epsilon-component,e,Text Content Removal,NA,no-such-role,-
step-item-step-number,[attr.x-test-step-number],step_item_component_html,epsilon-component,f,HTML Tag Movement (within a container),NA,no-such-role,-
step-item-step-number,[attr.x-test-step-number],step_item_component_html,epsilon-component,g,HTML Tag Movement (any point of the HTML tree),NA,no-such-role,-
step-item-step-number,[attr.x-test-step-number],step_item_component_html,epsilon-component,h,HTML Tag Movement (between two templates),NA,no-such-role,-
step-item-step-number,[attr.x-test-step-number],step_item_component_html,epsilon-component,i,HTML Tag Removal,NA,no-such-role,-
step-item-step-number,[attr.x-test-step-number],step_item_component_html,epsilon-component,j,HTML Tag Type Modification,NA,no-such-role,-
step-item-step-number,[attr.x-test-step-number],step_item_component_html,epsilon-component,k,HTML Tag Insertion,NA,no-such-role,-
step-item-step-text,[attr.x-test-step-text],step_item_component_html,alpha-target,h,HTML Tag Movement (between two templates),NA,between-templates-na-perfile,-
step-item-step-text,[attr.x-test-step-text],step_item_component_html,alpha-target,a,Attribute Value Modification,APPLICABLE,,-
step-item-step-text,[attr.x-test-step-text],step_item_component_html,alpha-target,b,Attribute Removal,APPLICABLE,,-
step-item-step-text,[attr.x-test-step-text],step_item_component_html,alpha-target,c,Attribute Identifier Modification,APPLICABLE,,-
step-item-step-text,[attr.x-test-step-text],step_item_component_html,alpha-target,d,Text Content Modification,APPLICABLE,,-
step-item-step-text,[attr.x-test-step-text],step_item_component_html,alpha-target,e,Text Content Removal,APPLICABLE,,-
step-item-step-text,[attr.x-test-step-text],step_item_component_html,alpha-target,f,HTML Tag Movement (within a container),APPLICABLE,,-
step-item-step-text,[attr.x-test-step-text],step_item_component_html,alpha-target,g,HTML Tag Movement (any point of the HTML tree),APPLICABLE,,-
step-item-step-text,[attr.x-test-step-text],step_item_component_html,alpha-target,i,HTML Tag Removal,APPLICABLE,,-
step-item-step-text,[attr.x-test-step-text],step_item_component_html,alpha-target,j,HTML Tag Type Modification,APPLICABLE,,-
step-item-step-text,[attr.x-test-step-text],step_item_component_html,alpha-target,k,HTML Tag Insertion,APPLICABLE,,-
step-item-step-text,[attr.x-test-step-text],step_item_component_html,beta-parent,d,Text Content Modification,NA,no-text-content,-
step-item-step-text,[attr.x-test-step-text],step_item_component_html,beta-parent,e,Text Content Removal,NA,no-text-content,-
step-item-step-text,[attr.x-test-step-text],step_item_component_html,beta-parent,h,HTML Tag Movement (between two templates),NA,between-templates-na-perfile,-
step-item-step-text,[attr.x-test-step-text],step_item_component_html,beta-parent,a,Attribute Value Modification,APPLICABLE,,-
step-item-step-text,[attr.x-test-step-text],step_item_component_html,beta-parent,b,Attribute Removal,APPLICABLE,,-
step-item-step-text,[attr.x-test-step-text],step_item_component_html,beta-parent,c,Attribute Identifier Modification,APPLICABLE,,-
step-item-step-text,[attr.x-test-step-text],step_item_component_html,beta-parent,f,HTML Tag Movement (within a container),APPLICABLE,,-
step-item-step-text,[attr.x-test-step-text],step_item_component_html,beta-parent,g,HTML Tag Movement (any point of the HTML tree),APPLICABLE,,-
step-item-step-text,[attr.x-test-step-text],step_item_component_html,beta-parent,i,HTML Tag Removal,APPLICABLE,,-
step-item-step-text,[attr.x-test-step-text],step_item_component_html,beta-parent,j,HTML Tag Type Modification,APPLICABLE,,-
step-item-step-text,[attr.x-test-step-text],step_item_component_html,beta-parent,k,HTML Tag Insertion,APPLICABLE,,-
step-item-step-text,[attr.x-test-step-text],step_item_component_html,gamma-ancestor,d,Text Content Modification,NA,no-text-content,-
step-item-step-text,[attr.x-test-step-text],step_item_component_html,gamma-ancestor,e,Text Content Removal,NA,no-text-content,-
step-item-step-text,[attr.x-test-step-text],step_item_component_html,gamma-ancestor,f,HTML Tag Movement (within a container),NA,no-sibling-to-reorder,-
step-item-step-text,[attr.x-test-step-text],step_item_component_html,gamma-ancestor,g,HTML Tag Movement (any point of the HTML tree),NA,root-element,-
step-item-step-text,[attr.x-test-step-text],step_item_component_html,gamma-ancestor,h,HTML Tag Movement (between two templates),NA,between-templates-na-perfile,-
step-item-step-text,[attr.x-test-step-text],step_item_component_html,gamma-ancestor,i,HTML Tag Removal,NA,root-element,-
step-item-step-text,[attr.x-test-step-text],step_item_component_html,gamma-ancestor,a,Attribute Value Modification,APPLICABLE,,-
step-item-step-text,[attr.x-test-step-text],step_item_component_html,gamma-ancestor,b,Attribute Removal,APPLICABLE,,-
step-item-step-text,[attr.x-test-step-text],step_item_component_html,gamma-ancestor,c,Attribute Identifier Modification,APPLICABLE,,-
step-item-step-text,[attr.x-test-step-text],step_item_component_html,gamma-ancestor,j,HTML Tag Type Modification,APPLICABLE,,-
step-item-step-text,[attr.x-test-step-text],step_item_component_html,gamma-ancestor,k,HTML Tag Insertion,APPLICABLE,,-
step-item-step-text,[attr.x-test-step-text],step_item_component_html,delta-sibling,h,HTML Tag Movement (between two templates),NA,between-templates-na-perfile,-
step-item-step-text,[attr.x-test-step-text],step_item_component_html,delta-sibling,a,Attribute Value Modification,APPLICABLE,,-
step-item-step-text,[attr.x-test-step-text],step_item_component_html,delta-sibling,b,Attribute Removal,APPLICABLE,,-
step-item-step-text,[attr.x-test-step-text],step_item_component_html,delta-sibling,c,Attribute Identifier Modification,APPLICABLE,,-
step-item-step-text,[attr.x-test-step-text],step_item_component_html,delta-sibling,d,Text Content Modification,APPLICABLE,,-
step-item-step-text,[attr.x-test-step-text],step_item_component_html,delta-sibling,e,Text Content Removal,APPLICABLE,,-
step-item-step-text,[attr.x-test-step-text],step_item_component_html,delta-sibling,f,HTML Tag Movement (within a container),APPLICABLE,,-
step-item-step-text,[attr.x-test-step-text],step_item_component_html,delta-sibling,g,HTML Tag Movement (any point of the HTML tree),APPLICABLE,,-
step-item-step-text,[attr.x-test-step-text],step_item_component_html,delta-sibling,i,HTML Tag Removal,APPLICABLE,,-
step-item-step-text,[attr.x-test-step-text],step_item_component_html,delta-sibling,j,HTML Tag Type Modification,APPLICABLE,,-
step-item-step-text,[attr.x-test-step-text],step_item_component_html,delta-sibling,k,HTML Tag Insertion,APPLICABLE,,-
step-item-step-text,[attr.x-test-step-text],step_item_component_html,epsilon-component,a,Attribute Value Modification,NA,no-such-role,-
step-item-step-text,[attr.x-test-step-text],step_item_component_html,epsilon-component,b,Attribute Removal,NA,no-such-role,-
step-item-step-text,[attr.x-test-step-text],step_item_component_html,epsilon-component,c,Attribute Identifier Modification,NA,no-such-role,-
step-item-step-text,[attr.x-test-step-text],step_item_component_html,epsilon-component,d,Text Content Modification,NA,no-such-role,-
step-item-step-text,[attr.x-test-step-text],step_item_component_html,epsilon-component,e,Text Content Removal,NA,no-such-role,-
step-item-step-text,[attr.x-test-step-text],step_item_component_html,epsilon-component,f,HTML Tag Movement (within a container),NA,no-such-role,-
step-item-step-text,[attr.x-test-step-text],step_item_component_html,epsilon-component,g,HTML Tag Movement (any point of the HTML tree),NA,no-such-role,-
step-item-step-text,[attr.x-test-step-text],step_item_component_html,epsilon-component,h,HTML Tag Movement (between two templates),NA,no-such-role,-
step-item-step-text,[attr.x-test-step-text],step_item_component_html,epsilon-component,i,HTML Tag Removal,NA,no-such-role,-
step-item-step-text,[attr.x-test-step-text],step_item_component_html,epsilon-component,j,HTML Tag Type Modification,NA,no-such-role,-
step-item-step-text,[attr.x-test-step-text],step_item_component_html,epsilon-component,k,HTML Tag Insertion,NA,no-such-role,-
recipe-form-form-heading,x-test-form-heading,recipe_form_component_html,alpha-target,h,HTML Tag Movement (between two templates),NA,between-templates-na-perfile,-
recipe-form-form-heading,x-test-form-heading,recipe_form_component_html,alpha-target,i,HTML Tag Removal,NA,would-drop-x-test,-
recipe-form-form-heading,x-test-form-heading,recipe_form_component_html,alpha-target,a,Attribute Value Modification,APPLICABLE,,-
recipe-form-form-heading,x-test-form-heading,recipe_form_component_html,alpha-target,b,Attribute Removal,APPLICABLE,,-
recipe-form-form-heading,x-test-form-heading,recipe_form_component_html,alpha-target,c,Attribute Identifier Modification,APPLICABLE,,-
recipe-form-form-heading,x-test-form-heading,recipe_form_component_html,alpha-target,d,Text Content Modification,APPLICABLE,,-
recipe-form-form-heading,x-test-form-heading,recipe_form_component_html,alpha-target,e,Text Content Removal,APPLICABLE,,-
recipe-form-form-heading,x-test-form-heading,recipe_form_component_html,alpha-target,f,HTML Tag Movement (within a container),APPLICABLE,,-
recipe-form-form-heading,x-test-form-heading,recipe_form_component_html,alpha-target,g,HTML Tag Movement (any point of the HTML tree),APPLICABLE,,-
recipe-form-form-heading,x-test-form-heading,recipe_form_component_html,alpha-target,j,HTML Tag Type Modification,APPLICABLE,,-
recipe-form-form-heading,x-test-form-heading,recipe_form_component_html,alpha-target,k,HTML Tag Insertion,APPLICABLE,,-
recipe-form-form-heading,x-test-form-heading,recipe_form_component_html,beta-parent,d,Text Content Modification,NA,no-text-content,-
recipe-form-form-heading,x-test-form-heading,recipe_form_component_html,beta-parent,e,Text Content Removal,NA,no-text-content,-
recipe-form-form-heading,x-test-form-heading,recipe_form_component_html,beta-parent,f,HTML Tag Movement (within a container),NA,no-sibling-to-reorder,-
recipe-form-form-heading,x-test-form-heading,recipe_form_component_html,beta-parent,h,HTML Tag Movement (between two templates),NA,between-templates-na-perfile,-
recipe-form-form-heading,x-test-form-heading,recipe_form_component_html,beta-parent,a,Attribute Value Modification,APPLICABLE,,-
recipe-form-form-heading,x-test-form-heading,recipe_form_component_html,beta-parent,b,Attribute Removal,APPLICABLE,,-
recipe-form-form-heading,x-test-form-heading,recipe_form_component_html,beta-parent,c,Attribute Identifier Modification,APPLICABLE,,-
recipe-form-form-heading,x-test-form-heading,recipe_form_component_html,beta-parent,g,HTML Tag Movement (any point of the HTML tree),APPLICABLE,,-
recipe-form-form-heading,x-test-form-heading,recipe_form_component_html,beta-parent,i,HTML Tag Removal,APPLICABLE,,-
recipe-form-form-heading,x-test-form-heading,recipe_form_component_html,beta-parent,j,HTML Tag Type Modification,APPLICABLE,,-
recipe-form-form-heading,x-test-form-heading,recipe_form_component_html,beta-parent,k,HTML Tag Insertion,APPLICABLE,,-
recipe-form-form-heading,x-test-form-heading,recipe_form_component_html,gamma-ancestor,d,Text Content Modification,NA,no-text-content,-
recipe-form-form-heading,x-test-form-heading,recipe_form_component_html,gamma-ancestor,e,Text Content Removal,NA,no-text-content,-
recipe-form-form-heading,x-test-form-heading,recipe_form_component_html,gamma-ancestor,h,HTML Tag Movement (between two templates),NA,between-templates-na-perfile,-
recipe-form-form-heading,x-test-form-heading,recipe_form_component_html,gamma-ancestor,a,Attribute Value Modification,APPLICABLE,,-
recipe-form-form-heading,x-test-form-heading,recipe_form_component_html,gamma-ancestor,b,Attribute Removal,APPLICABLE,,-
recipe-form-form-heading,x-test-form-heading,recipe_form_component_html,gamma-ancestor,c,Attribute Identifier Modification,APPLICABLE,,-
recipe-form-form-heading,x-test-form-heading,recipe_form_component_html,gamma-ancestor,f,HTML Tag Movement (within a container),APPLICABLE,,-
recipe-form-form-heading,x-test-form-heading,recipe_form_component_html,gamma-ancestor,g,HTML Tag Movement (any point of the HTML tree),APPLICABLE,,-
recipe-form-form-heading,x-test-form-heading,recipe_form_component_html,gamma-ancestor,i,HTML Tag Removal,APPLICABLE,,-
recipe-form-form-heading,x-test-form-heading,recipe_form_component_html,gamma-ancestor,j,HTML Tag Type Modification,APPLICABLE,,-
recipe-form-form-heading,x-test-form-heading,recipe_form_component_html,gamma-ancestor,k,HTML Tag Insertion,APPLICABLE,,-
recipe-form-form-heading,x-test-form-heading,recipe_form_component_html,delta-sibling,h,HTML Tag Movement (between two templates),NA,between-templates-na-perfile,-
recipe-form-form-heading,x-test-form-heading,recipe_form_component_html,delta-sibling,a,Attribute Value Modification,APPLICABLE,,-
recipe-form-form-heading,x-test-form-heading,recipe_form_component_html,delta-sibling,b,Attribute Removal,APPLICABLE,,-
recipe-form-form-heading,x-test-form-heading,recipe_form_component_html,delta-sibling,c,Attribute Identifier Modification,APPLICABLE,,-
recipe-form-form-heading,x-test-form-heading,recipe_form_component_html,delta-sibling,d,Text Content Modification,APPLICABLE,,-
recipe-form-form-heading,x-test-form-heading,recipe_form_component_html,delta-sibling,e,Text Content Removal,APPLICABLE,,-
recipe-form-form-heading,x-test-form-heading,recipe_form_component_html,delta-sibling,f,HTML Tag Movement (within a container),APPLICABLE,,-
recipe-form-form-heading,x-test-form-heading,recipe_form_component_html,delta-sibling,g,HTML Tag Movement (any point of the HTML tree),APPLICABLE,,-
recipe-form-form-heading,x-test-form-heading,recipe_form_component_html,delta-sibling,i,HTML Tag Removal,APPLICABLE,,-
recipe-form-form-heading,x-test-form-heading,recipe_form_component_html,delta-sibling,j,HTML Tag Type Modification,APPLICABLE,,-
recipe-form-form-heading,x-test-form-heading,recipe_form_component_html,delta-sibling,k,HTML Tag Insertion,APPLICABLE,,-
recipe-form-form-heading,x-test-form-heading,recipe_form_component_html,epsilon-component,a,Attribute Value Modification,NA,no-such-role,-
recipe-form-form-heading,x-test-form-heading,recipe_form_component_html,epsilon-component,b,Attribute Removal,NA,no-such-role,-
recipe-form-form-heading,x-test-form-heading,recipe_form_component_html,epsilon-component,c,Attribute Identifier Modification,NA,no-such-role,-
recipe-form-form-heading,x-test-form-heading,recipe_form_component_html,epsilon-component,d,Text Content Modification,NA,no-such-role,-
recipe-form-form-heading,x-test-form-heading,recipe_form_component_html,epsilon-component,e,Text Content Removal,NA,no-such-role,-
recipe-form-form-heading,x-test-form-heading,recipe_form_component_html,epsilon-component,f,HTML Tag Movement (within a container),NA,no-such-role,-
recipe-form-form-heading,x-test-form-heading,recipe_form_component_html,epsilon-component,g,HTML Tag Movement (any point of the HTML tree),NA,no-such-role,-
recipe-form-form-heading,x-test-form-heading,recipe_form_component_html,epsilon-component,h,HTML Tag Movement (between two templates),NA,no-such-role,-
recipe-form-form-heading,x-test-form-heading,recipe_form_component_html,epsilon-component,i,HTML Tag Removal,NA,no-such-role,-
recipe-form-form-heading,x-test-form-heading,recipe_form_component_html,epsilon-component,j,HTML Tag Type Modification,NA,no-such-role,-
recipe-form-form-heading,x-test-form-heading,recipe_form_component_html,epsilon-component,k,HTML Tag Insertion,NA,no-such-role,-
recipe-form-f-title,x-test-f-title,recipe_form_component_html,alpha-target,d,Text Content Modification,NA,no-text-content,-
recipe-form-f-title,x-test-f-title,recipe_form_component_html,alpha-target,e,Text Content Removal,NA,no-text-content,-
recipe-form-f-title,x-test-f-title,recipe_form_component_html,alpha-target,h,HTML Tag Movement (between two templates),NA,between-templates-na-perfile,-
recipe-form-f-title,x-test-f-title,recipe_form_component_html,alpha-target,i,HTML Tag Removal,NA,would-drop-x-test,-
recipe-form-f-title,x-test-f-title,recipe_form_component_html,alpha-target,a,Attribute Value Modification,APPLICABLE,,-
recipe-form-f-title,x-test-f-title,recipe_form_component_html,alpha-target,b,Attribute Removal,APPLICABLE,,-
recipe-form-f-title,x-test-f-title,recipe_form_component_html,alpha-target,c,Attribute Identifier Modification,APPLICABLE,,-
recipe-form-f-title,x-test-f-title,recipe_form_component_html,alpha-target,f,HTML Tag Movement (within a container),APPLICABLE,,-
recipe-form-f-title,x-test-f-title,recipe_form_component_html,alpha-target,g,HTML Tag Movement (any point of the HTML tree),APPLICABLE,,-
recipe-form-f-title,x-test-f-title,recipe_form_component_html,alpha-target,j,HTML Tag Type Modification,APPLICABLE,,-
recipe-form-f-title,x-test-f-title,recipe_form_component_html,alpha-target,k,HTML Tag Insertion,APPLICABLE,,-
recipe-form-f-title,x-test-f-title,recipe_form_component_html,beta-parent,d,Text Content Modification,NA,no-text-content,-
recipe-form-f-title,x-test-f-title,recipe_form_component_html,beta-parent,e,Text Content Removal,NA,no-text-content,-
recipe-form-f-title,x-test-f-title,recipe_form_component_html,beta-parent,h,HTML Tag Movement (between two templates),NA,between-templates-na-perfile,-
recipe-form-f-title,x-test-f-title,recipe_form_component_html,beta-parent,a,Attribute Value Modification,APPLICABLE,,-
recipe-form-f-title,x-test-f-title,recipe_form_component_html,beta-parent,b,Attribute Removal,APPLICABLE,,-
recipe-form-f-title,x-test-f-title,recipe_form_component_html,beta-parent,c,Attribute Identifier Modification,APPLICABLE,,-
recipe-form-f-title,x-test-f-title,recipe_form_component_html,beta-parent,f,HTML Tag Movement (within a container),APPLICABLE,,-
recipe-form-f-title,x-test-f-title,recipe_form_component_html,beta-parent,g,HTML Tag Movement (any point of the HTML tree),APPLICABLE,,-
recipe-form-f-title,x-test-f-title,recipe_form_component_html,beta-parent,i,HTML Tag Removal,APPLICABLE,,-
recipe-form-f-title,x-test-f-title,recipe_form_component_html,beta-parent,j,HTML Tag Type Modification,APPLICABLE,,-
recipe-form-f-title,x-test-f-title,recipe_form_component_html,beta-parent,k,HTML Tag Insertion,APPLICABLE,,-
recipe-form-f-title,x-test-f-title,recipe_form_component_html,gamma-ancestor,d,Text Content Modification,NA,no-text-content,-
recipe-form-f-title,x-test-f-title,recipe_form_component_html,gamma-ancestor,e,Text Content Removal,NA,no-text-content,-
recipe-form-f-title,x-test-f-title,recipe_form_component_html,gamma-ancestor,h,HTML Tag Movement (between two templates),NA,between-templates-na-perfile,-
recipe-form-f-title,x-test-f-title,recipe_form_component_html,gamma-ancestor,a,Attribute Value Modification,APPLICABLE,,-
recipe-form-f-title,x-test-f-title,recipe_form_component_html,gamma-ancestor,b,Attribute Removal,APPLICABLE,,-
recipe-form-f-title,x-test-f-title,recipe_form_component_html,gamma-ancestor,c,Attribute Identifier Modification,APPLICABLE,,-
recipe-form-f-title,x-test-f-title,recipe_form_component_html,gamma-ancestor,f,HTML Tag Movement (within a container),APPLICABLE,,-
recipe-form-f-title,x-test-f-title,recipe_form_component_html,gamma-ancestor,g,HTML Tag Movement (any point of the HTML tree),APPLICABLE,,-
recipe-form-f-title,x-test-f-title,recipe_form_component_html,gamma-ancestor,i,HTML Tag Removal,APPLICABLE,,-
recipe-form-f-title,x-test-f-title,recipe_form_component_html,gamma-ancestor,j,HTML Tag Type Modification,APPLICABLE,,-
recipe-form-f-title,x-test-f-title,recipe_form_component_html,gamma-ancestor,k,HTML Tag Insertion,APPLICABLE,,-
recipe-form-f-title,x-test-f-title,recipe_form_component_html,delta-sibling,h,HTML Tag Movement (between two templates),NA,between-templates-na-perfile,-
recipe-form-f-title,x-test-f-title,recipe_form_component_html,delta-sibling,a,Attribute Value Modification,APPLICABLE,,-
recipe-form-f-title,x-test-f-title,recipe_form_component_html,delta-sibling,b,Attribute Removal,APPLICABLE,,-
recipe-form-f-title,x-test-f-title,recipe_form_component_html,delta-sibling,c,Attribute Identifier Modification,APPLICABLE,,-
recipe-form-f-title,x-test-f-title,recipe_form_component_html,delta-sibling,d,Text Content Modification,APPLICABLE,,-
recipe-form-f-title,x-test-f-title,recipe_form_component_html,delta-sibling,e,Text Content Removal,APPLICABLE,,-
recipe-form-f-title,x-test-f-title,recipe_form_component_html,delta-sibling,f,HTML Tag Movement (within a container),APPLICABLE,,-
recipe-form-f-title,x-test-f-title,recipe_form_component_html,delta-sibling,g,HTML Tag Movement (any point of the HTML tree),APPLICABLE,,-
recipe-form-f-title,x-test-f-title,recipe_form_component_html,delta-sibling,i,HTML Tag Removal,APPLICABLE,,-
recipe-form-f-title,x-test-f-title,recipe_form_component_html,delta-sibling,j,HTML Tag Type Modification,APPLICABLE,,-
recipe-form-f-title,x-test-f-title,recipe_form_component_html,delta-sibling,k,HTML Tag Insertion,APPLICABLE,,-
recipe-form-f-title,x-test-f-title,recipe_form_component_html,epsilon-component,a,Attribute Value Modification,NA,no-such-role,-
recipe-form-f-title,x-test-f-title,recipe_form_component_html,epsilon-component,b,Attribute Removal,NA,no-such-role,-
recipe-form-f-title,x-test-f-title,recipe_form_component_html,epsilon-component,c,Attribute Identifier Modification,NA,no-such-role,-
recipe-form-f-title,x-test-f-title,recipe_form_component_html,epsilon-component,d,Text Content Modification,NA,no-such-role,-
recipe-form-f-title,x-test-f-title,recipe_form_component_html,epsilon-component,e,Text Content Removal,NA,no-such-role,-
recipe-form-f-title,x-test-f-title,recipe_form_component_html,epsilon-component,f,HTML Tag Movement (within a container),NA,no-such-role,-
recipe-form-f-title,x-test-f-title,recipe_form_component_html,epsilon-component,g,HTML Tag Movement (any point of the HTML tree),NA,no-such-role,-
recipe-form-f-title,x-test-f-title,recipe_form_component_html,epsilon-component,h,HTML Tag Movement (between two templates),NA,no-such-role,-
recipe-form-f-title,x-test-f-title,recipe_form_component_html,epsilon-component,i,HTML Tag Removal,NA,no-such-role,-
recipe-form-f-title,x-test-f-title,recipe_form_component_html,epsilon-component,j,HTML Tag Type Modification,NA,no-such-role,-
recipe-form-f-title,x-test-f-title,recipe_form_component_html,epsilon-component,k,HTML Tag Insertion,NA,no-such-role,-
recipe-form-f-course,x-test-f-course,recipe_form_component_html,alpha-target,d,Text Content Modification,NA,no-text-content,-
recipe-form-f-course,x-test-f-course,recipe_form_component_html,alpha-target,e,Text Content Removal,NA,no-text-content,-
recipe-form-f-course,x-test-f-course,recipe_form_component_html,alpha-target,h,HTML Tag Movement (between two templates),NA,between-templates-na-perfile,-
recipe-form-f-course,x-test-f-course,recipe_form_component_html,alpha-target,i,HTML Tag Removal,NA,would-drop-x-test,-
recipe-form-f-course,x-test-f-course,recipe_form_component_html,alpha-target,a,Attribute Value Modification,APPLICABLE,,-
recipe-form-f-course,x-test-f-course,recipe_form_component_html,alpha-target,b,Attribute Removal,APPLICABLE,,-
recipe-form-f-course,x-test-f-course,recipe_form_component_html,alpha-target,c,Attribute Identifier Modification,APPLICABLE,,-
recipe-form-f-course,x-test-f-course,recipe_form_component_html,alpha-target,f,HTML Tag Movement (within a container),APPLICABLE,,-
recipe-form-f-course,x-test-f-course,recipe_form_component_html,alpha-target,g,HTML Tag Movement (any point of the HTML tree),APPLICABLE,,-
recipe-form-f-course,x-test-f-course,recipe_form_component_html,alpha-target,j,HTML Tag Type Modification,APPLICABLE,,-
recipe-form-f-course,x-test-f-course,recipe_form_component_html,alpha-target,k,HTML Tag Insertion,APPLICABLE,,-
recipe-form-f-course,x-test-f-course,recipe_form_component_html,beta-parent,d,Text Content Modification,NA,no-text-content,-
recipe-form-f-course,x-test-f-course,recipe_form_component_html,beta-parent,e,Text Content Removal,NA,no-text-content,-
recipe-form-f-course,x-test-f-course,recipe_form_component_html,beta-parent,h,HTML Tag Movement (between two templates),NA,between-templates-na-perfile,-
recipe-form-f-course,x-test-f-course,recipe_form_component_html,beta-parent,a,Attribute Value Modification,APPLICABLE,,-
recipe-form-f-course,x-test-f-course,recipe_form_component_html,beta-parent,b,Attribute Removal,APPLICABLE,,-
recipe-form-f-course,x-test-f-course,recipe_form_component_html,beta-parent,c,Attribute Identifier Modification,APPLICABLE,,-
recipe-form-f-course,x-test-f-course,recipe_form_component_html,beta-parent,f,HTML Tag Movement (within a container),APPLICABLE,,-
recipe-form-f-course,x-test-f-course,recipe_form_component_html,beta-parent,g,HTML Tag Movement (any point of the HTML tree),APPLICABLE,,-
recipe-form-f-course,x-test-f-course,recipe_form_component_html,beta-parent,i,HTML Tag Removal,APPLICABLE,,-
recipe-form-f-course,x-test-f-course,recipe_form_component_html,beta-parent,j,HTML Tag Type Modification,APPLICABLE,,-
recipe-form-f-course,x-test-f-course,recipe_form_component_html,beta-parent,k,HTML Tag Insertion,APPLICABLE,,-
recipe-form-f-course,x-test-f-course,recipe_form_component_html,gamma-ancestor,d,Text Content Modification,NA,no-text-content,-
recipe-form-f-course,x-test-f-course,recipe_form_component_html,gamma-ancestor,e,Text Content Removal,NA,no-text-content,-
recipe-form-f-course,x-test-f-course,recipe_form_component_html,gamma-ancestor,h,HTML Tag Movement (between two templates),NA,between-templates-na-perfile,-
recipe-form-f-course,x-test-f-course,recipe_form_component_html,gamma-ancestor,a,Attribute Value Modification,APPLICABLE,,-
recipe-form-f-course,x-test-f-course,recipe_form_component_html,gamma-ancestor,b,Attribute Removal,APPLICABLE,,-
recipe-form-f-course,x-test-f-course,recipe_form_component_html,gamma-ancestor,c,Attribute Identifier Modification,APPLICABLE,,-
recipe-form-f-course,x-test-f-course,recipe_form_component_html,gamma-ancestor,f,HTML Tag Movement (within a container),APPLICABLE,,-
recipe-form-f-course,x-test-f-course,recipe_form_component_html,gamma-ancestor,g,HTML Tag Movement (any point of the HTML tree),APPLICABLE,,-
recipe-form-f-course,x-test-f-course,recipe_form_component_html,gamma-ancestor,i,HTML Tag Removal,APPLICABLE,,-
recipe-form-f-course,x-test-f-course,recipe_form_component_html,gamma-ancestor,j,HTML Tag Type Modification,APPLICABLE,,-
recipe-form-f-course,x-test-f-course,recipe_form_component_html,gamma-ancestor,k,HTML Tag Insertion,APPLICABLE,,-
recipe-form-f-course,x-test-f-course,recipe_form_component_html,delta-sibling,h,HTML Tag Movement (between two templates),NA,between-templates-na-perfile,-
recipe-form-f-course,x-test-f-course,recipe_form_component_html,delta-sibling,a,Attribute Value Modification,APPLICABLE,,-
recipe-form-f-course,x-test-f-course,recipe_form_component_html,delta-sibling,b,Attribute Removal,APPLICABLE,,-
recipe-form-f-course,x-test-f-course,recipe_form_component_html,delta-sibling,c,Attribute Identifier Modification,APPLICABLE,,-
recipe-form-f-course,x-test-f-course,recipe_form_component_html,delta-sibling,d,Text Content Modification,APPLICABLE,,-
recipe-form-f-course,x-test-f-course,recipe_form_component_html,delta-sibling,e,Text Content Removal,APPLICABLE,,-
recipe-form-f-course,x-test-f-course,recipe_form_component_html,delta-sibling,f,HTML Tag Movement (within a container),APPLICABLE,,-
recipe-form-f-course,x-test-f-course,recipe_form_component_html,delta-sibling,g,HTML Tag Movement (any point of the HTML tree),APPLICABLE,,-
recipe-form-f-course,x-test-f-course,recipe_form_component_html,delta-sibling,i,HTML Tag Removal,APPLICABLE,,-
recipe-form-f-course,x-test-f-course,recipe_form_component_html,delta-sibling,j,HTML Tag Type Modification,APPLICABLE,,-
recipe-form-f-course,x-test-f-course,recipe_form_component_html,delta-sibling,k,HTML Tag Insertion,APPLICABLE,,-
recipe-form-f-course,x-test-f-course,recipe_form_component_html,epsilon-component,a,Attribute Value Modification,NA,no-such-role,-
recipe-form-f-course,x-test-f-course,recipe_form_component_html,epsilon-component,b,Attribute Removal,NA,no-such-role,-
recipe-form-f-course,x-test-f-course,recipe_form_component_html,epsilon-component,c,Attribute Identifier Modification,NA,no-such-role,-
recipe-form-f-course,x-test-f-course,recipe_form_component_html,epsilon-component,d,Text Content Modification,NA,no-such-role,-
recipe-form-f-course,x-test-f-course,recipe_form_component_html,epsilon-component,e,Text Content Removal,NA,no-such-role,-
recipe-form-f-course,x-test-f-course,recipe_form_component_html,epsilon-component,f,HTML Tag Movement (within a container),NA,no-such-role,-
recipe-form-f-course,x-test-f-course,recipe_form_component_html,epsilon-component,g,HTML Tag Movement (any point of the HTML tree),NA,no-such-role,-
recipe-form-f-course,x-test-f-course,recipe_form_component_html,epsilon-component,h,HTML Tag Movement (between two templates),NA,no-such-role,-
recipe-form-f-course,x-test-f-course,recipe_form_component_html,epsilon-component,i,HTML Tag Removal,NA,no-such-role,-
recipe-form-f-course,x-test-f-course,recipe_form_component_html,epsilon-component,j,HTML Tag Type Modification,NA,no-such-role,-
recipe-form-f-course,x-test-f-course,recipe_form_component_html,epsilon-component,k,HTML Tag Insertion,NA,no-such-role,-
recipe-form-f-servings,x-test-f-servings,recipe_form_component_html,alpha-target,d,Text Content Modification,NA,no-text-content,-
recipe-form-f-servings,x-test-f-servings,recipe_form_component_html,alpha-target,e,Text Content Removal,NA,no-text-content,-
recipe-form-f-servings,x-test-f-servings,recipe_form_component_html,alpha-target,h,HTML Tag Movement (between two templates),NA,between-templates-na-perfile,-
recipe-form-f-servings,x-test-f-servings,recipe_form_component_html,alpha-target,i,HTML Tag Removal,NA,would-drop-x-test,-
recipe-form-f-servings,x-test-f-servings,recipe_form_component_html,alpha-target,a,Attribute Value Modification,APPLICABLE,,-
recipe-form-f-servings,x-test-f-servings,recipe_form_component_html,alpha-target,b,Attribute Removal,APPLICABLE,,-
recipe-form-f-servings,x-test-f-servings,recipe_form_component_html,alpha-target,c,Attribute Identifier Modification,APPLICABLE,,-
recipe-form-f-servings,x-test-f-servings,recipe_form_component_html,alpha-target,f,HTML Tag Movement (within a container),APPLICABLE,,-
recipe-form-f-servings,x-test-f-servings,recipe_form_component_html,alpha-target,g,HTML Tag Movement (any point of the HTML tree),APPLICABLE,,-
recipe-form-f-servings,x-test-f-servings,recipe_form_component_html,alpha-target,j,HTML Tag Type Modification,APPLICABLE,,-
recipe-form-f-servings,x-test-f-servings,recipe_form_component_html,alpha-target,k,HTML Tag Insertion,APPLICABLE,,-
recipe-form-f-servings,x-test-f-servings,recipe_form_component_html,beta-parent,d,Text Content Modification,NA,no-text-content,-
recipe-form-f-servings,x-test-f-servings,recipe_form_component_html,beta-parent,e,Text Content Removal,NA,no-text-content,-
recipe-form-f-servings,x-test-f-servings,recipe_form_component_html,beta-parent,h,HTML Tag Movement (between two templates),NA,between-templates-na-perfile,-
recipe-form-f-servings,x-test-f-servings,recipe_form_component_html,beta-parent,a,Attribute Value Modification,APPLICABLE,,-
recipe-form-f-servings,x-test-f-servings,recipe_form_component_html,beta-parent,b,Attribute Removal,APPLICABLE,,-
recipe-form-f-servings,x-test-f-servings,recipe_form_component_html,beta-parent,c,Attribute Identifier Modification,APPLICABLE,,-
recipe-form-f-servings,x-test-f-servings,recipe_form_component_html,beta-parent,f,HTML Tag Movement (within a container),APPLICABLE,,-
recipe-form-f-servings,x-test-f-servings,recipe_form_component_html,beta-parent,g,HTML Tag Movement (any point of the HTML tree),APPLICABLE,,-
recipe-form-f-servings,x-test-f-servings,recipe_form_component_html,beta-parent,i,HTML Tag Removal,APPLICABLE,,-
recipe-form-f-servings,x-test-f-servings,recipe_form_component_html,beta-parent,j,HTML Tag Type Modification,APPLICABLE,,-
recipe-form-f-servings,x-test-f-servings,recipe_form_component_html,beta-parent,k,HTML Tag Insertion,APPLICABLE,,-
recipe-form-f-servings,x-test-f-servings,recipe_form_component_html,gamma-ancestor,d,Text Content Modification,NA,no-text-content,-
recipe-form-f-servings,x-test-f-servings,recipe_form_component_html,gamma-ancestor,e,Text Content Removal,NA,no-text-content,-
recipe-form-f-servings,x-test-f-servings,recipe_form_component_html,gamma-ancestor,h,HTML Tag Movement (between two templates),NA,between-templates-na-perfile,-
recipe-form-f-servings,x-test-f-servings,recipe_form_component_html,gamma-ancestor,a,Attribute Value Modification,APPLICABLE,,-
recipe-form-f-servings,x-test-f-servings,recipe_form_component_html,gamma-ancestor,b,Attribute Removal,APPLICABLE,,-
recipe-form-f-servings,x-test-f-servings,recipe_form_component_html,gamma-ancestor,c,Attribute Identifier Modification,APPLICABLE,,-
recipe-form-f-servings,x-test-f-servings,recipe_form_component_html,gamma-ancestor,f,HTML Tag Movement (within a container),APPLICABLE,,-
recipe-form-f-servings,x-test-f-servings,recipe_form_component_html,gamma-ancestor,g,HTML Tag Movement (any point of the HTML tree),APPLICABLE,,-
recipe-form-f-servings,x-test-f-servings,recipe_form_component_html,gamma-ancestor,i,HTML Tag Removal,APPLICABLE,,-
recipe-form-f-servings,x-test-f-servings,recipe_form_component_html,gamma-ancestor,j,HTML Tag Type Modification,APPLICABLE,,-
recipe-form-f-servings,x-test-f-servings,recipe_form_component_html,gamma-ancestor,k,HTML Tag Insertion,APPLICABLE,,-
recipe-form-f-servings,x-test-f-servings,recipe_form_component_html,delta-sibling,h,HTML Tag Movement (between two templates),NA,between-templates-na-perfile,-
recipe-form-f-servings,x-test-f-servings,recipe_form_component_html,delta-sibling,a,Attribute Value Modification,APPLICABLE,,-
recipe-form-f-servings,x-test-f-servings,recipe_form_component_html,delta-sibling,b,Attribute Removal,APPLICABLE,,-
recipe-form-f-servings,x-test-f-servings,recipe_form_component_html,delta-sibling,c,Attribute Identifier Modification,APPLICABLE,,-
recipe-form-f-servings,x-test-f-servings,recipe_form_component_html,delta-sibling,d,Text Content Modification,APPLICABLE,,-
recipe-form-f-servings,x-test-f-servings,recipe_form_component_html,delta-sibling,e,Text Content Removal,APPLICABLE,,-
recipe-form-f-servings,x-test-f-servings,recipe_form_component_html,delta-sibling,f,HTML Tag Movement (within a container),APPLICABLE,,-
recipe-form-f-servings,x-test-f-servings,recipe_form_component_html,delta-sibling,g,HTML Tag Movement (any point of the HTML tree),APPLICABLE,,-
recipe-form-f-servings,x-test-f-servings,recipe_form_component_html,delta-sibling,i,HTML Tag Removal,APPLICABLE,,-
recipe-form-f-servings,x-test-f-servings,recipe_form_component_html,delta-sibling,j,HTML Tag Type Modification,APPLICABLE,,-
recipe-form-f-servings,x-test-f-servings,recipe_form_component_html,delta-sibling,k,HTML Tag Insertion,APPLICABLE,,-
recipe-form-f-servings,x-test-f-servings,recipe_form_component_html,epsilon-component,a,Attribute Value Modification,NA,no-such-role,-
recipe-form-f-servings,x-test-f-servings,recipe_form_component_html,epsilon-component,b,Attribute Removal,NA,no-such-role,-
recipe-form-f-servings,x-test-f-servings,recipe_form_component_html,epsilon-component,c,Attribute Identifier Modification,NA,no-such-role,-
recipe-form-f-servings,x-test-f-servings,recipe_form_component_html,epsilon-component,d,Text Content Modification,NA,no-such-role,-
recipe-form-f-servings,x-test-f-servings,recipe_form_component_html,epsilon-component,e,Text Content Removal,NA,no-such-role,-
recipe-form-f-servings,x-test-f-servings,recipe_form_component_html,epsilon-component,f,HTML Tag Movement (within a container),NA,no-such-role,-
recipe-form-f-servings,x-test-f-servings,recipe_form_component_html,epsilon-component,g,HTML Tag Movement (any point of the HTML tree),NA,no-such-role,-
recipe-form-f-servings,x-test-f-servings,recipe_form_component_html,epsilon-component,h,HTML Tag Movement (between two templates),NA,no-such-role,-
recipe-form-f-servings,x-test-f-servings,recipe_form_component_html,epsilon-component,i,HTML Tag Removal,NA,no-such-role,-
recipe-form-f-servings,x-test-f-servings,recipe_form_component_html,epsilon-component,j,HTML Tag Type Modification,NA,no-such-role,-
recipe-form-f-servings,x-test-f-servings,recipe_form_component_html,epsilon-component,k,HTML Tag Insertion,NA,no-such-role,-
recipe-form-f-veg,x-test-f-veg,recipe_form_component_html,alpha-target,d,Text Content Modification,NA,no-text-content,-
recipe-form-f-veg,x-test-f-veg,recipe_form_component_html,alpha-target,e,Text Content Removal,NA,no-text-content,-
recipe-form-f-veg,x-test-f-veg,recipe_form_component_html,alpha-target,h,HTML Tag Movement (between two templates),NA,between-templates-na-perfile,-
recipe-form-f-veg,x-test-f-veg,recipe_form_component_html,alpha-target,i,HTML Tag Removal,NA,would-drop-x-test,-
recipe-form-f-veg,x-test-f-veg,recipe_form_component_html,alpha-target,a,Attribute Value Modification,APPLICABLE,,-
recipe-form-f-veg,x-test-f-veg,recipe_form_component_html,alpha-target,b,Attribute Removal,APPLICABLE,,-
recipe-form-f-veg,x-test-f-veg,recipe_form_component_html,alpha-target,c,Attribute Identifier Modification,APPLICABLE,,-
recipe-form-f-veg,x-test-f-veg,recipe_form_component_html,alpha-target,f,HTML Tag Movement (within a container),APPLICABLE,,-
recipe-form-f-veg,x-test-f-veg,recipe_form_component_html,alpha-target,g,HTML Tag Movement (any point of the HTML tree),APPLICABLE,,-
recipe-form-f-veg,x-test-f-veg,recipe_form_component_html,alpha-target,j,HTML Tag Type Modification,APPLICABLE,,-
recipe-form-f-veg,x-test-f-veg,recipe_form_component_html,alpha-target,k,HTML Tag Insertion,APPLICABLE,,-
recipe-form-f-veg,x-test-f-veg,recipe_form_component_html,beta-parent,d,Text Content Modification,NA,no-text-content,-
recipe-form-f-veg,x-test-f-veg,recipe_form_component_html,beta-parent,e,Text Content Removal,NA,no-text-content,-
recipe-form-f-veg,x-test-f-veg,recipe_form_component_html,beta-parent,h,HTML Tag Movement (between two templates),NA,between-templates-na-perfile,-
recipe-form-f-veg,x-test-f-veg,recipe_form_component_html,beta-parent,a,Attribute Value Modification,APPLICABLE,,-
recipe-form-f-veg,x-test-f-veg,recipe_form_component_html,beta-parent,b,Attribute Removal,APPLICABLE,,-
recipe-form-f-veg,x-test-f-veg,recipe_form_component_html,beta-parent,c,Attribute Identifier Modification,APPLICABLE,,-
recipe-form-f-veg,x-test-f-veg,recipe_form_component_html,beta-parent,f,HTML Tag Movement (within a container),APPLICABLE,,-
recipe-form-f-veg,x-test-f-veg,recipe_form_component_html,beta-parent,g,HTML Tag Movement (any point of the HTML tree),APPLICABLE,,-
recipe-form-f-veg,x-test-f-veg,recipe_form_component_html,beta-parent,i,HTML Tag Removal,APPLICABLE,,-
recipe-form-f-veg,x-test-f-veg,recipe_form_component_html,beta-parent,j,HTML Tag Type Modification,APPLICABLE,,-
recipe-form-f-veg,x-test-f-veg,recipe_form_component_html,beta-parent,k,HTML Tag Insertion,APPLICABLE,,-
recipe-form-f-veg,x-test-f-veg,recipe_form_component_html,gamma-ancestor,d,Text Content Modification,NA,no-text-content,-
recipe-form-f-veg,x-test-f-veg,recipe_form_component_html,gamma-ancestor,e,Text Content Removal,NA,no-text-content,-
recipe-form-f-veg,x-test-f-veg,recipe_form_component_html,gamma-ancestor,h,HTML Tag Movement (between two templates),NA,between-templates-na-perfile,-
recipe-form-f-veg,x-test-f-veg,recipe_form_component_html,gamma-ancestor,a,Attribute Value Modification,APPLICABLE,,-
recipe-form-f-veg,x-test-f-veg,recipe_form_component_html,gamma-ancestor,b,Attribute Removal,APPLICABLE,,-
recipe-form-f-veg,x-test-f-veg,recipe_form_component_html,gamma-ancestor,c,Attribute Identifier Modification,APPLICABLE,,-
recipe-form-f-veg,x-test-f-veg,recipe_form_component_html,gamma-ancestor,f,HTML Tag Movement (within a container),APPLICABLE,,-
recipe-form-f-veg,x-test-f-veg,recipe_form_component_html,gamma-ancestor,g,HTML Tag Movement (any point of the HTML tree),APPLICABLE,,-
recipe-form-f-veg,x-test-f-veg,recipe_form_component_html,gamma-ancestor,i,HTML Tag Removal,APPLICABLE,,-
recipe-form-f-veg,x-test-f-veg,recipe_form_component_html,gamma-ancestor,j,HTML Tag Type Modification,APPLICABLE,,-
recipe-form-f-veg,x-test-f-veg,recipe_form_component_html,gamma-ancestor,k,HTML Tag Insertion,APPLICABLE,,-
recipe-form-f-veg,x-test-f-veg,recipe_form_component_html,delta-sibling,h,HTML Tag Movement (between two templates),NA,between-templates-na-perfile,-
recipe-form-f-veg,x-test-f-veg,recipe_form_component_html,delta-sibling,a,Attribute Value Modification,APPLICABLE,,-
recipe-form-f-veg,x-test-f-veg,recipe_form_component_html,delta-sibling,b,Attribute Removal,APPLICABLE,,-
recipe-form-f-veg,x-test-f-veg,recipe_form_component_html,delta-sibling,c,Attribute Identifier Modification,APPLICABLE,,-
recipe-form-f-veg,x-test-f-veg,recipe_form_component_html,delta-sibling,d,Text Content Modification,APPLICABLE,,-
recipe-form-f-veg,x-test-f-veg,recipe_form_component_html,delta-sibling,e,Text Content Removal,APPLICABLE,,-
recipe-form-f-veg,x-test-f-veg,recipe_form_component_html,delta-sibling,f,HTML Tag Movement (within a container),APPLICABLE,,-
recipe-form-f-veg,x-test-f-veg,recipe_form_component_html,delta-sibling,g,HTML Tag Movement (any point of the HTML tree),APPLICABLE,,-
recipe-form-f-veg,x-test-f-veg,recipe_form_component_html,delta-sibling,i,HTML Tag Removal,APPLICABLE,,-
recipe-form-f-veg,x-test-f-veg,recipe_form_component_html,delta-sibling,j,HTML Tag Type Modification,APPLICABLE,,-
recipe-form-f-veg,x-test-f-veg,recipe_form_component_html,delta-sibling,k,HTML Tag Insertion,APPLICABLE,,-
recipe-form-f-veg,x-test-f-veg,recipe_form_component_html,epsilon-component,a,Attribute Value Modification,NA,no-such-role,-
recipe-form-f-veg,x-test-f-veg,recipe_form_component_html,epsilon-component,b,Attribute Removal,NA,no-such-role,-
recipe-form-f-veg,x-test-f-veg,recipe_form_component_html,epsilon-component,c,Attribute Identifier Modification,NA,no-such-role,-
recipe-form-f-veg,x-test-f-veg,recipe_form_component_html,epsilon-component,d,Text Content Modification,NA,no-such-role,-
recipe-form-f-veg,x-test-f-veg,recipe_form_component_html,epsilon-component,e,Text Content Removal,NA,no-such-role,-
recipe-form-f-veg,x-test-f-veg,recipe_form_component_html,epsilon-component,f,HTML Tag Movement (within a container),NA,no-such-role,-
recipe-form-f-veg,x-test-f-veg,recipe_form_component_html,epsilon-component,g,HTML Tag Movement (any point of the HTML tree),NA,no-such-role,-
recipe-form-f-veg,x-test-f-veg,recipe_form_component_html,epsilon-component,h,HTML Tag Movement (between two templates),NA,no-such-role,-
recipe-form-f-veg,x-test-f-veg,recipe_form_component_html,epsilon-component,i,HTML Tag Removal,NA,no-such-role,-
recipe-form-f-veg,x-test-f-veg,recipe_form_component_html,epsilon-component,j,HTML Tag Type Modification,NA,no-such-role,-
recipe-form-f-veg,x-test-f-veg,recipe_form_component_html,epsilon-component,k,HTML Tag Insertion,NA,no-such-role,-
recipe-form-f-tags,x-test-f-tags,recipe_form_component_html,alpha-target,d,Text Content Modification,NA,no-text-content,-
recipe-form-f-tags,x-test-f-tags,recipe_form_component_html,alpha-target,e,Text Content Removal,NA,no-text-content,-
recipe-form-f-tags,x-test-f-tags,recipe_form_component_html,alpha-target,h,HTML Tag Movement (between two templates),NA,between-templates-na-perfile,-
recipe-form-f-tags,x-test-f-tags,recipe_form_component_html,alpha-target,i,HTML Tag Removal,NA,would-drop-x-test,-
recipe-form-f-tags,x-test-f-tags,recipe_form_component_html,alpha-target,a,Attribute Value Modification,APPLICABLE,,-
recipe-form-f-tags,x-test-f-tags,recipe_form_component_html,alpha-target,b,Attribute Removal,APPLICABLE,,-
recipe-form-f-tags,x-test-f-tags,recipe_form_component_html,alpha-target,c,Attribute Identifier Modification,APPLICABLE,,-
recipe-form-f-tags,x-test-f-tags,recipe_form_component_html,alpha-target,f,HTML Tag Movement (within a container),APPLICABLE,,-
recipe-form-f-tags,x-test-f-tags,recipe_form_component_html,alpha-target,g,HTML Tag Movement (any point of the HTML tree),APPLICABLE,,-
recipe-form-f-tags,x-test-f-tags,recipe_form_component_html,alpha-target,j,HTML Tag Type Modification,APPLICABLE,,-
recipe-form-f-tags,x-test-f-tags,recipe_form_component_html,alpha-target,k,HTML Tag Insertion,APPLICABLE,,-
recipe-form-f-tags,x-test-f-tags,recipe_form_component_html,beta-parent,d,Text Content Modification,NA,no-text-content,-
recipe-form-f-tags,x-test-f-tags,recipe_form_component_html,beta-parent,e,Text Content Removal,NA,no-text-content,-
recipe-form-f-tags,x-test-f-tags,recipe_form_component_html,beta-parent,h,HTML Tag Movement (between two templates),NA,between-templates-na-perfile,-
recipe-form-f-tags,x-test-f-tags,recipe_form_component_html,beta-parent,a,Attribute Value Modification,APPLICABLE,,-
recipe-form-f-tags,x-test-f-tags,recipe_form_component_html,beta-parent,b,Attribute Removal,APPLICABLE,,-
recipe-form-f-tags,x-test-f-tags,recipe_form_component_html,beta-parent,c,Attribute Identifier Modification,APPLICABLE,,-
recipe-form-f-tags,x-test-f-tags,recipe_form_component_html,beta-parent,f,HTML Tag Movement (within a container),APPLICABLE,,-
recipe-form-f-tags,x-test-f-tags,recipe_form_component_html,beta-parent,g,HTML Tag Movement (any point of the HTML tree),APPLICABLE,,-
recipe-form-f-tags,x-test-f-tags,recipe_form_component_html,beta-parent,i,HTML Tag Removal,APPLICABLE,,-
recipe-form-f-tags,x-test-f-tags,recipe_form_component_html,beta-parent,j,HTML Tag Type Modification,APPLICABLE,,-
recipe-form-f-tags,x-test-f-tags,recipe_form_component_html,beta-parent,k,HTML Tag Insertion,APPLICABLE,,-
recipe-form-f-tags,x-test-f-tags,recipe_form_component_html,gamma-ancestor,d,Text Content Modification,NA,no-text-content,-
recipe-form-f-tags,x-test-f-tags,recipe_form_component_html,gamma-ancestor,e,Text Content Removal,NA,no-text-content,-
recipe-form-f-tags,x-test-f-tags,recipe_form_component_html,gamma-ancestor,h,HTML Tag Movement (between two templates),NA,between-templates-na-perfile,-
recipe-form-f-tags,x-test-f-tags,recipe_form_component_html,gamma-ancestor,a,Attribute Value Modification,APPLICABLE,,-
recipe-form-f-tags,x-test-f-tags,recipe_form_component_html,gamma-ancestor,b,Attribute Removal,APPLICABLE,,-
recipe-form-f-tags,x-test-f-tags,recipe_form_component_html,gamma-ancestor,c,Attribute Identifier Modification,APPLICABLE,,-
recipe-form-f-tags,x-test-f-tags,recipe_form_component_html,gamma-ancestor,f,HTML Tag Movement (within a container),APPLICABLE,,-
recipe-form-f-tags,x-test-f-tags,recipe_form_component_html,gamma-ancestor,g,HTML Tag Movement (any point of the HTML tree),APPLICABLE,,-
recipe-form-f-tags,x-test-f-tags,recipe_form_component_html,gamma-ancestor,i,HTML Tag Removal,APPLICABLE,,-
recipe-form-f-tags,x-test-f-tags,recipe_form_component_html,gamma-ancestor,j,HTML Tag Type Modification,APPLICABLE,,-
recipe-form-f-tags,x-test-f-tags,recipe_form_component_html,gamma-ancestor,k,HTML Tag Insertion,APPLICABLE,,-
recipe-form-f-tags,x-test-f-tags,recipe_form_component_html,delta-sibling,h,HTML Tag Movement (between two templates),NA,between-templates-na-perfile,-
recipe-form-f-tags,x-test-f-tags,recipe_form_component_html,delta-sibling,a,Attribute Value Modification,APPLICABLE,,-
recipe-form-f-tags,x-test-f-tags,recipe_form_component_html,delta-sibling,b,Attribute Removal,APPLICABLE,,-
recipe-form-f-tags,x-test-f-tags,recipe_form_component_html,delta-sibling,c,Attribute Identifier Modification,APPLICABLE,,-
recipe-form-f-tags,x-test-f-tags,recipe_form_component_html,delta-sibling,d,Text Content Modification,APPLICABLE,,-
recipe-form-f-tags,x-test-f-tags,recipe_form_component_html,delta-sibling,e,Text Content Removal,APPLICABLE,,-
recipe-form-f-tags,x-test-f-tags,recipe_form_component_html,delta-sibling,f,HTML Tag Movement (within a container),APPLICABLE,,-
recipe-form-f-tags,x-test-f-tags,recipe_form_component_html,delta-sibling,g,HTML Tag Movement (any point of the HTML tree),APPLICABLE,,-
recipe-form-f-tags,x-test-f-tags,recipe_form_component_html,delta-sibling,i,HTML Tag Removal,APPLICABLE,,-
recipe-form-f-tags,x-test-f-tags,recipe_form_component_html,delta-sibling,j,HTML Tag Type Modification,APPLICABLE,,-
recipe-form-f-tags,x-test-f-tags,recipe_form_component_html,delta-sibling,k,HTML Tag Insertion,APPLICABLE,,-
recipe-form-f-tags,x-test-f-tags,recipe_form_component_html,epsilon-component,a,Attribute Value Modification,NA,no-such-role,-
recipe-form-f-tags,x-test-f-tags,recipe_form_component_html,epsilon-component,b,Attribute Removal,NA,no-such-role,-
recipe-form-f-tags,x-test-f-tags,recipe_form_component_html,epsilon-component,c,Attribute Identifier Modification,NA,no-such-role,-
recipe-form-f-tags,x-test-f-tags,recipe_form_component_html,epsilon-component,d,Text Content Modification,NA,no-such-role,-
recipe-form-f-tags,x-test-f-tags,recipe_form_component_html,epsilon-component,e,Text Content Removal,NA,no-such-role,-
recipe-form-f-tags,x-test-f-tags,recipe_form_component_html,epsilon-component,f,HTML Tag Movement (within a container),NA,no-such-role,-
recipe-form-f-tags,x-test-f-tags,recipe_form_component_html,epsilon-component,g,HTML Tag Movement (any point of the HTML tree),NA,no-such-role,-
recipe-form-f-tags,x-test-f-tags,recipe_form_component_html,epsilon-component,h,HTML Tag Movement (between two templates),NA,no-such-role,-
recipe-form-f-tags,x-test-f-tags,recipe_form_component_html,epsilon-component,i,HTML Tag Removal,NA,no-such-role,-
recipe-form-f-tags,x-test-f-tags,recipe_form_component_html,epsilon-component,j,HTML Tag Type Modification,NA,no-such-role,-
recipe-form-f-tags,x-test-f-tags,recipe_form_component_html,epsilon-component,k,HTML Tag Insertion,NA,no-such-role,-
recipe-form-f-ingredients,x-test-f-ingredients,recipe_form_component_html,alpha-target,d,Text Content Modification,NA,no-text-content,-
recipe-form-f-ingredients,x-test-f-ingredients,recipe_form_component_html,alpha-target,e,Text Content Removal,NA,no-text-content,-
recipe-form-f-ingredients,x-test-f-ingredients,recipe_form_component_html,alpha-target,h,HTML Tag Movement (between two templates),NA,between-templates-na-perfile,-
recipe-form-f-ingredients,x-test-f-ingredients,recipe_form_component_html,alpha-target,i,HTML Tag Removal,NA,would-drop-x-test,-
recipe-form-f-ingredients,x-test-f-ingredients,recipe_form_component_html,alpha-target,a,Attribute Value Modification,APPLICABLE,,-
recipe-form-f-ingredients,x-test-f-ingredients,recipe_form_component_html,alpha-target,b,Attribute Removal,APPLICABLE,,-
recipe-form-f-ingredients,x-test-f-ingredients,recipe_form_component_html,alpha-target,c,Attribute Identifier Modification,APPLICABLE,,-
recipe-form-f-ingredients,x-test-f-ingredients,recipe_form_component_html,alpha-target,f,HTML Tag Movement (within a container),APPLICABLE,,-
recipe-form-f-ingredients,x-test-f-ingredients,recipe_form_component_html,alpha-target,g,HTML Tag Movement (any point of the HTML tree),APPLICABLE,,-
recipe-form-f-ingredients,x-test-f-ingredients,recipe_form_component_html,alpha-target,j,HTML Tag Type Modification,APPLICABLE,,-
recipe-form-f-ingredients,x-test-f-ingredients,recipe_form_component_html,alpha-target,k,HTML Tag Insertion,APPLICABLE,,-
recipe-form-f-ingredients,x-test-f-ingredients,recipe_form_component_html,beta-parent,d,Text Content Modification,NA,no-text-content,-
recipe-form-f-ingredients,x-test-f-ingredients,recipe_form_component_html,beta-parent,e,Text Content Removal,NA,no-text-content,-
recipe-form-f-ingredients,x-test-f-ingredients,recipe_form_component_html,beta-parent,h,HTML Tag Movement (between two templates),NA,between-templates-na-perfile,-
recipe-form-f-ingredients,x-test-f-ingredients,recipe_form_component_html,beta-parent,a,Attribute Value Modification,APPLICABLE,,-
recipe-form-f-ingredients,x-test-f-ingredients,recipe_form_component_html,beta-parent,b,Attribute Removal,APPLICABLE,,-
recipe-form-f-ingredients,x-test-f-ingredients,recipe_form_component_html,beta-parent,c,Attribute Identifier Modification,APPLICABLE,,-
recipe-form-f-ingredients,x-test-f-ingredients,recipe_form_component_html,beta-parent,f,HTML Tag Movement (within a container),APPLICABLE,,-
recipe-form-f-ingredients,x-test-f-ingredients,recipe_form_component_html,beta-parent,g,HTML Tag Movement (any point of the HTML tree),APPLICABLE,,-
recipe-form-f-ingredients,x-test-f-ingredients,recipe_form_component_html,beta-parent,i,HTML Tag Removal,APPLICABLE,,-
recipe-form-f-ingredients,x-test-f-ingredients,recipe_form_component_html,beta-parent,j,HTML Tag Type Modification,APPLICABLE,,-
recipe-form-f-ingredients,x-test-f-ingredients,recipe_form_component_html,beta-parent,k,HTML Tag Insertion,APPLICABLE,,-
recipe-form-f-ingredients,x-test-f-ingredients,recipe_form_component_html,gamma-ancestor,d,Text Content Modification,NA,no-text-content,-
recipe-form-f-ingredients,x-test-f-ingredients,recipe_form_component_html,gamma-ancestor,e,Text Content Removal,NA,no-text-content,-
recipe-form-f-ingredients,x-test-f-ingredients,recipe_form_component_html,gamma-ancestor,f,HTML Tag Movement (within a container),NA,no-sibling-to-reorder,-
recipe-form-f-ingredients,x-test-f-ingredients,recipe_form_component_html,gamma-ancestor,h,HTML Tag Movement (between two templates),NA,between-templates-na-perfile,-
recipe-form-f-ingredients,x-test-f-ingredients,recipe_form_component_html,gamma-ancestor,a,Attribute Value Modification,APPLICABLE,,-
recipe-form-f-ingredients,x-test-f-ingredients,recipe_form_component_html,gamma-ancestor,b,Attribute Removal,APPLICABLE,,-
recipe-form-f-ingredients,x-test-f-ingredients,recipe_form_component_html,gamma-ancestor,c,Attribute Identifier Modification,APPLICABLE,,-
recipe-form-f-ingredients,x-test-f-ingredients,recipe_form_component_html,gamma-ancestor,g,HTML Tag Movement (any point of the HTML tree),APPLICABLE,,-
recipe-form-f-ingredients,x-test-f-ingredients,recipe_form_component_html,gamma-ancestor,i,HTML Tag Removal,APPLICABLE,,-
recipe-form-f-ingredients,x-test-f-ingredients,recipe_form_component_html,gamma-ancestor,j,HTML Tag Type Modification,APPLICABLE,,-
recipe-form-f-ingredients,x-test-f-ingredients,recipe_form_component_html,gamma-ancestor,k,HTML Tag Insertion,APPLICABLE,,-
recipe-form-f-ingredients,x-test-f-ingredients,recipe_form_component_html,delta-sibling,h,HTML Tag Movement (between two templates),NA,between-templates-na-perfile,-
recipe-form-f-ingredients,x-test-f-ingredients,recipe_form_component_html,delta-sibling,a,Attribute Value Modification,APPLICABLE,,-
recipe-form-f-ingredients,x-test-f-ingredients,recipe_form_component_html,delta-sibling,b,Attribute Removal,APPLICABLE,,-
recipe-form-f-ingredients,x-test-f-ingredients,recipe_form_component_html,delta-sibling,c,Attribute Identifier Modification,APPLICABLE,,-
recipe-form-f-ingredients,x-test-f-ingredients,recipe_form_component_html,delta-sibling,d,Text Content Modification,APPLICABLE,,-
recipe-form-f-ingredients,x-test-f-ingredients,recipe_form_component_html,delta-sibling,e,Text Content Removal,APPLICABLE,,-
recipe-form-f-ingredients,x-test-f-ingredients,recipe_form_component_html,delta-sibling,f,HTML Tag Movement (within a container),APPLICABLE,,-
recipe-form-f-ingredients,x-test-f-ingredients,recipe_form_component_html,delta-sibling,g,HTML Tag Movement (any point of the HTML tree),APPLICABLE,,-
recipe-form-f-ingredients,x-test-f-ingredients,recipe_form_component_html,delta-sibling,i,HTML Tag Removal,APPLICABLE,,-
recipe-form-f-ingredients,x-test-f-ingredients,recipe_form_component_html,delta-sibling,j,HTML Tag Type Modification,APPLICABLE,,-
recipe-form-f-ingredients,x-test-f-ingredients,recipe_form_component_html,delta-sibling,k,HTML Tag Insertion,APPLICABLE,,-
recipe-form-f-ingredients,x-test-f-ingredients,recipe_form_component_html,epsilon-component,d,Text Content Modification,NA,no-text-content,-
recipe-form-f-ingredients,x-test-f-ingredients,recipe_form_component_html,epsilon-component,e,Text Content Removal,NA,no-text-content,-
recipe-form-f-ingredients,x-test-f-ingredients,recipe_form_component_html,epsilon-component,h,HTML Tag Movement (between two templates),NA,between-templates-na-perfile,-
recipe-form-f-ingredients,x-test-f-ingredients,recipe_form_component_html,epsilon-component,a,Attribute Value Modification,APPLICABLE,,-
recipe-form-f-ingredients,x-test-f-ingredients,recipe_form_component_html,epsilon-component,b,Attribute Removal,APPLICABLE,,-
recipe-form-f-ingredients,x-test-f-ingredients,recipe_form_component_html,epsilon-component,c,Attribute Identifier Modification,APPLICABLE,,-
recipe-form-f-ingredients,x-test-f-ingredients,recipe_form_component_html,epsilon-component,f,HTML Tag Movement (within a container),APPLICABLE,,-
recipe-form-f-ingredients,x-test-f-ingredients,recipe_form_component_html,epsilon-component,g,HTML Tag Movement (any point of the HTML tree),APPLICABLE,,-
recipe-form-f-ingredients,x-test-f-ingredients,recipe_form_component_html,epsilon-component,i,HTML Tag Removal,APPLICABLE,,-
recipe-form-f-ingredients,x-test-f-ingredients,recipe_form_component_html,epsilon-component,j,HTML Tag Type Modification,APPLICABLE,,-
recipe-form-f-ingredients,x-test-f-ingredients,recipe_form_component_html,epsilon-component,k,HTML Tag Insertion,APPLICABLE,,-
recipe-form-f-steps,x-test-f-steps,recipe_form_component_html,alpha-target,d,Text Content Modification,NA,no-text-content,-
recipe-form-f-steps,x-test-f-steps,recipe_form_component_html,alpha-target,e,Text Content Removal,NA,no-text-content,-
recipe-form-f-steps,x-test-f-steps,recipe_form_component_html,alpha-target,h,HTML Tag Movement (between two templates),NA,between-templates-na-perfile,-
recipe-form-f-steps,x-test-f-steps,recipe_form_component_html,alpha-target,i,HTML Tag Removal,NA,would-drop-x-test,-
recipe-form-f-steps,x-test-f-steps,recipe_form_component_html,alpha-target,a,Attribute Value Modification,APPLICABLE,,-
recipe-form-f-steps,x-test-f-steps,recipe_form_component_html,alpha-target,b,Attribute Removal,APPLICABLE,,-
recipe-form-f-steps,x-test-f-steps,recipe_form_component_html,alpha-target,c,Attribute Identifier Modification,APPLICABLE,,-
recipe-form-f-steps,x-test-f-steps,recipe_form_component_html,alpha-target,f,HTML Tag Movement (within a container),APPLICABLE,,-
recipe-form-f-steps,x-test-f-steps,recipe_form_component_html,alpha-target,g,HTML Tag Movement (any point of the HTML tree),APPLICABLE,,-
recipe-form-f-steps,x-test-f-steps,recipe_form_component_html,alpha-target,j,HTML Tag Type Modification,APPLICABLE,,-
recipe-form-f-steps,x-test-f-steps,recipe_form_component_html,alpha-target,k,HTML Tag Insertion,APPLICABLE,,-
recipe-form-f-steps,x-test-f-steps,recipe_form_component_html,beta-parent,d,Text Content Modification,NA,no-text-content,-
recipe-form-f-steps,x-test-f-steps,recipe_form_component_html,beta-parent,e,Text Content Removal,NA,no-text-content,-
recipe-form-f-steps,x-test-f-steps,recipe_form_component_html,beta-parent,h,HTML Tag Movement (between two templates),NA,between-templates-na-perfile,-
recipe-form-f-steps,x-test-f-steps,recipe_form_component_html,beta-parent,a,Attribute Value Modification,APPLICABLE,,-
recipe-form-f-steps,x-test-f-steps,recipe_form_component_html,beta-parent,b,Attribute Removal,APPLICABLE,,-
recipe-form-f-steps,x-test-f-steps,recipe_form_component_html,beta-parent,c,Attribute Identifier Modification,APPLICABLE,,-
recipe-form-f-steps,x-test-f-steps,recipe_form_component_html,beta-parent,f,HTML Tag Movement (within a container),APPLICABLE,,-
recipe-form-f-steps,x-test-f-steps,recipe_form_component_html,beta-parent,g,HTML Tag Movement (any point of the HTML tree),APPLICABLE,,-
recipe-form-f-steps,x-test-f-steps,recipe_form_component_html,beta-parent,i,HTML Tag Removal,APPLICABLE,,-
recipe-form-f-steps,x-test-f-steps,recipe_form_component_html,beta-parent,j,HTML Tag Type Modification,APPLICABLE,,-
recipe-form-f-steps,x-test-f-steps,recipe_form_component_html,beta-parent,k,HTML Tag Insertion,APPLICABLE,,-
recipe-form-f-steps,x-test-f-steps,recipe_form_component_html,gamma-ancestor,d,Text Content Modification,NA,no-text-content,-
recipe-form-f-steps,x-test-f-steps,recipe_form_component_html,gamma-ancestor,e,Text Content Removal,NA,no-text-content,-
recipe-form-f-steps,x-test-f-steps,recipe_form_component_html,gamma-ancestor,f,HTML Tag Movement (within a container),NA,no-sibling-to-reorder,-
recipe-form-f-steps,x-test-f-steps,recipe_form_component_html,gamma-ancestor,h,HTML Tag Movement (between two templates),NA,between-templates-na-perfile,-
recipe-form-f-steps,x-test-f-steps,recipe_form_component_html,gamma-ancestor,a,Attribute Value Modification,APPLICABLE,,-
recipe-form-f-steps,x-test-f-steps,recipe_form_component_html,gamma-ancestor,b,Attribute Removal,APPLICABLE,,-
recipe-form-f-steps,x-test-f-steps,recipe_form_component_html,gamma-ancestor,c,Attribute Identifier Modification,APPLICABLE,,-
recipe-form-f-steps,x-test-f-steps,recipe_form_component_html,gamma-ancestor,g,HTML Tag Movement (any point of the HTML tree),APPLICABLE,,-
recipe-form-f-steps,x-test-f-steps,recipe_form_component_html,gamma-ancestor,i,HTML Tag Removal,APPLICABLE,,-
recipe-form-f-steps,x-test-f-steps,recipe_form_component_html,gamma-ancestor,j,HTML Tag Type Modification,APPLICABLE,,-
recipe-form-f-steps,x-test-f-steps,recipe_form_component_html,gamma-ancestor,k,HTML Tag Insertion,APPLICABLE,,-
recipe-form-f-steps,x-test-f-steps,recipe_form_component_html,delta-sibling,h,HTML Tag Movement (between two templates),NA,between-templates-na-perfile,-
recipe-form-f-steps,x-test-f-steps,recipe_form_component_html,delta-sibling,a,Attribute Value Modification,APPLICABLE,,-
recipe-form-f-steps,x-test-f-steps,recipe_form_component_html,delta-sibling,b,Attribute Removal,APPLICABLE,,-
recipe-form-f-steps,x-test-f-steps,recipe_form_component_html,delta-sibling,c,Attribute Identifier Modification,APPLICABLE,,-
recipe-form-f-steps,x-test-f-steps,recipe_form_component_html,delta-sibling,d,Text Content Modification,APPLICABLE,,-
recipe-form-f-steps,x-test-f-steps,recipe_form_component_html,delta-sibling,e,Text Content Removal,APPLICABLE,,-
recipe-form-f-steps,x-test-f-steps,recipe_form_component_html,delta-sibling,f,HTML Tag Movement (within a container),APPLICABLE,,-
recipe-form-f-steps,x-test-f-steps,recipe_form_component_html,delta-sibling,g,HTML Tag Movement (any point of the HTML tree),APPLICABLE,,-
recipe-form-f-steps,x-test-f-steps,recipe_form_component_html,delta-sibling,i,HTML Tag Removal,APPLICABLE,,-
recipe-form-f-steps,x-test-f-steps,recipe_form_component_html,delta-sibling,j,HTML Tag Type Modification,APPLICABLE,,-
recipe-form-f-steps,x-test-f-steps,recipe_form_component_html,delta-sibling,k,HTML Tag Insertion,APPLICABLE,,-
recipe-form-f-steps,x-test-f-steps,recipe_form_component_html,epsilon-component,d,Text Content Modification,NA,no-text-content,-
recipe-form-f-steps,x-test-f-steps,recipe_form_component_html,epsilon-component,e,Text Content Removal,NA,no-text-content,-
recipe-form-f-steps,x-test-f-steps,recipe_form_component_html,epsilon-component,h,HTML Tag Movement (between two templates),NA,between-templates-na-perfile,-
recipe-form-f-steps,x-test-f-steps,recipe_form_component_html,epsilon-component,a,Attribute Value Modification,APPLICABLE,,-
recipe-form-f-steps,x-test-f-steps,recipe_form_component_html,epsilon-component,b,Attribute Removal,APPLICABLE,,-
recipe-form-f-steps,x-test-f-steps,recipe_form_component_html,epsilon-component,c,Attribute Identifier Modification,APPLICABLE,,-
recipe-form-f-steps,x-test-f-steps,recipe_form_component_html,epsilon-component,f,HTML Tag Movement (within a container),APPLICABLE,,-
recipe-form-f-steps,x-test-f-steps,recipe_form_component_html,epsilon-component,g,HTML Tag Movement (any point of the HTML tree),APPLICABLE,,-
recipe-form-f-steps,x-test-f-steps,recipe_form_component_html,epsilon-component,i,HTML Tag Removal,APPLICABLE,,-
recipe-form-f-steps,x-test-f-steps,recipe_form_component_html,epsilon-component,j,HTML Tag Type Modification,APPLICABLE,,-
recipe-form-f-steps,x-test-f-steps,recipe_form_component_html,epsilon-component,k,HTML Tag Insertion,APPLICABLE,,-
recipe-form-f-submit,x-test-f-submit,recipe_form_component_html,alpha-target,h,HTML Tag Movement (between two templates),NA,between-templates-na-perfile,-
recipe-form-f-submit,x-test-f-submit,recipe_form_component_html,alpha-target,i,HTML Tag Removal,NA,would-drop-x-test,-
recipe-form-f-submit,x-test-f-submit,recipe_form_component_html,alpha-target,a,Attribute Value Modification,APPLICABLE,,-
recipe-form-f-submit,x-test-f-submit,recipe_form_component_html,alpha-target,b,Attribute Removal,APPLICABLE,,-
recipe-form-f-submit,x-test-f-submit,recipe_form_component_html,alpha-target,c,Attribute Identifier Modification,APPLICABLE,,-
recipe-form-f-submit,x-test-f-submit,recipe_form_component_html,alpha-target,d,Text Content Modification,APPLICABLE,,-
recipe-form-f-submit,x-test-f-submit,recipe_form_component_html,alpha-target,e,Text Content Removal,APPLICABLE,,-
recipe-form-f-submit,x-test-f-submit,recipe_form_component_html,alpha-target,f,HTML Tag Movement (within a container),APPLICABLE,,-
recipe-form-f-submit,x-test-f-submit,recipe_form_component_html,alpha-target,g,HTML Tag Movement (any point of the HTML tree),APPLICABLE,,-
recipe-form-f-submit,x-test-f-submit,recipe_form_component_html,alpha-target,j,HTML Tag Type Modification,APPLICABLE,,-
recipe-form-f-submit,x-test-f-submit,recipe_form_component_html,alpha-target,k,HTML Tag Insertion,APPLICABLE,,-
recipe-form-f-submit,x-test-f-submit,recipe_form_component_html,beta-parent,d,Text Content Modification,NA,no-text-content,-
recipe-form-f-submit,x-test-f-submit,recipe_form_component_html,beta-parent,e,Text Content Removal,NA,no-text-content,-
recipe-form-f-submit,x-test-f-submit,recipe_form_component_html,beta-parent,h,HTML Tag Movement (between two templates),NA,between-templates-na-perfile,-
recipe-form-f-submit,x-test-f-submit,recipe_form_component_html,beta-parent,a,Attribute Value Modification,APPLICABLE,,-
recipe-form-f-submit,x-test-f-submit,recipe_form_component_html,beta-parent,b,Attribute Removal,APPLICABLE,,-
recipe-form-f-submit,x-test-f-submit,recipe_form_component_html,beta-parent,c,Attribute Identifier Modification,APPLICABLE,,-
recipe-form-f-submit,x-test-f-submit,recipe_form_component_html,beta-parent,f,HTML Tag Movement (within a container),APPLICABLE,,-
recipe-form-f-submit,x-test-f-submit,recipe_form_component_html,beta-parent,g,HTML Tag Movement (any point of the HTML tree),APPLICABLE,,-
recipe-form-f-submit,x-test-f-submit,recipe_form_component_html,beta-parent,i,HTML Tag Removal,APPLICABLE,,-
recipe-form-f-submit,x-test-f-submit,recipe_form_component_html,beta-parent,j,HTML Tag Type Modification,APPLICABLE,,-
recipe-form-f-submit,x-test-f-submit,recipe_form_component_html,beta-parent,k,HTML Tag Insertion,APPLICABLE,,-
recipe-form-f-submit,x-test-f-submit,recipe_form_component_html,gamma-ancestor,d,Text Content Modification,NA,no-text-content,-
recipe-form-f-submit,x-test-f-submit,recipe_form_component_html,gamma-ancestor,e,Text Content Removal,NA,no-text-content,-
recipe-form-f-submit,x-test-f-submit,recipe_form_component_html,gamma-ancestor,h,HTML Tag Movement (between two templates),NA,between-templates-na-perfile,-
recipe-form-f-submit,x-test-f-submit,recipe_form_component_html,gamma-ancestor,a,Attribute Value Modification,APPLICABLE,,-
recipe-form-f-submit,x-test-f-submit,recipe_form_component_html,gamma-ancestor,b,Attribute Removal,APPLICABLE,,-
recipe-form-f-submit,x-test-f-submit,recipe_form_component_html,gamma-ancestor,c,Attribute Identifier Modification,APPLICABLE,,-
recipe-form-f-submit,x-test-f-submit,recipe_form_component_html,gamma-ancestor,f,HTML Tag Movement (within a container),APPLICABLE,,-
recipe-form-f-submit,x-test-f-submit,recipe_form_component_html,gamma-ancestor,g,HTML Tag Movement (any point of the HTML tree),APPLICABLE,,-
recipe-form-f-submit,x-test-f-submit,recipe_form_component_html,gamma-ancestor,i,HTML Tag Removal,APPLICABLE,,-
recipe-form-f-submit,x-test-f-submit,recipe_form_component_html,gamma-ancestor,j,HTML Tag Type Modification,APPLICABLE,,-
recipe-form-f-submit,x-test-f-submit,recipe_form_component_html,gamma-ancestor,k,HTML Tag Insertion,APPLICABLE,,-
recipe-form-f-submit,x-test-f-submit,recipe_form_component_html,delta-sibling,h,HTML Tag Movement (between two templates),NA,between-templates-na-perfile,-
recipe-form-f-submit,x-test-f-submit,recipe_form_component_html,delta-sibling,a,Attribute Value Modification,APPLICABLE,,-
recipe-form-f-submit,x-test-f-submit,recipe_form_component_html,delta-sibling,b,Attribute Removal,APPLICABLE,,-
recipe-form-f-submit,x-test-f-submit,recipe_form_component_html,delta-sibling,c,Attribute Identifier Modification,APPLICABLE,,-
recipe-form-f-submit,x-test-f-submit,recipe_form_component_html,delta-sibling,d,Text Content Modification,APPLICABLE,,-
recipe-form-f-submit,x-test-f-submit,recipe_form_component_html,delta-sibling,e,Text Content Removal,APPLICABLE,,-
recipe-form-f-submit,x-test-f-submit,recipe_form_component_html,delta-sibling,f,HTML Tag Movement (within a container),APPLICABLE,,-
recipe-form-f-submit,x-test-f-submit,recipe_form_component_html,delta-sibling,g,HTML Tag Movement (any point of the HTML tree),APPLICABLE,,-
recipe-form-f-submit,x-test-f-submit,recipe_form_component_html,delta-sibling,i,HTML Tag Removal,APPLICABLE,,-
recipe-form-f-submit,x-test-f-submit,recipe_form_component_html,delta-sibling,j,HTML Tag Type Modification,APPLICABLE,,-
recipe-form-f-submit,x-test-f-submit,recipe_form_component_html,delta-sibling,k,HTML Tag Insertion,APPLICABLE,,-
recipe-form-f-submit,x-test-f-submit,recipe_form_component_html,epsilon-component,a,Attribute Value Modification,NA,no-such-role,-
recipe-form-f-submit,x-test-f-submit,recipe_form_component_html,epsilon-component,b,Attribute Removal,NA,no-such-role,-
recipe-form-f-submit,x-test-f-submit,recipe_form_component_html,epsilon-component,c,Attribute Identifier Modification,NA,no-such-role,-
recipe-form-f-submit,x-test-f-submit,recipe_form_component_html,epsilon-component,d,Text Content Modification,NA,no-such-role,-
recipe-form-f-submit,x-test-f-submit,recipe_form_component_html,epsilon-component,e,Text Content Removal,NA,no-such-role,-
recipe-form-f-submit,x-test-f-submit,recipe_form_component_html,epsilon-component,f,HTML Tag Movement (within a container),NA,no-such-role,-
recipe-form-f-submit,x-test-f-submit,recipe_form_component_html,epsilon-component,g,HTML Tag Movement (any point of the HTML tree),NA,no-such-role,-
recipe-form-f-submit,x-test-f-submit,recipe_form_component_html,epsilon-component,h,HTML Tag Movement (between two templates),NA,no-such-role,-
recipe-form-f-submit,x-test-f-submit,recipe_form_component_html,epsilon-component,i,HTML Tag Removal,NA,no-such-role,-
recipe-form-f-submit,x-test-f-submit,recipe_form_component_html,epsilon-component,j,HTML Tag Type Modification,NA,no-such-role,-
recipe-form-f-submit,x-test-f-submit,recipe_form_component_html,epsilon-component,k,HTML Tag Insertion,NA,no-such-role,-
shopping-list-shopping-title,x-test-shopping-title,shopping_list_component_html,alpha-target,h,HTML Tag Movement (between two templates),NA,between-templates-na-perfile,-
shopping-list-shopping-title,x-test-shopping-title,shopping_list_component_html,alpha-target,i,HTML Tag Removal,NA,would-drop-x-test,-
shopping-list-shopping-title,x-test-shopping-title,shopping_list_component_html,alpha-target,a,Attribute Value Modification,APPLICABLE,,-
shopping-list-shopping-title,x-test-shopping-title,shopping_list_component_html,alpha-target,b,Attribute Removal,APPLICABLE,,-
shopping-list-shopping-title,x-test-shopping-title,shopping_list_component_html,alpha-target,c,Attribute Identifier Modification,APPLICABLE,,-
shopping-list-shopping-title,x-test-shopping-title,shopping_list_component_html,alpha-target,d,Text Content Modification,APPLICABLE,,-
shopping-list-shopping-title,x-test-shopping-title,shopping_list_component_html,alpha-target,e,Text Content Removal,APPLICABLE,,-
shopping-list-shopping-title,x-test-shopping-title,shopping_list_component_html,alpha-target,f,HTML Tag Movement (within a container),APPLICABLE,,-
shopping-list-shopping-title,x-test-shopping-title,shopping_list_component_html,alpha-target,g,HTML Tag Movement (any point of the HTML tree),APPLICABLE,,-
shopping-list-shopping-title,x-test-shopping-title,shopping_list_component_html,alpha-target,j,HTML Tag Type Modification,APPLICABLE,,-
shopping-list-shopping-title,x-test-shopping-title,shopping_list_component_html,alpha-target,k,HTML Tag Insertion,APPLICABLE,,-
shopping-list-shopping-title,x-test-shopping-title,shopping_list_component_html,beta-parent,d,Text Content Modification,NA,no-text-content,-
shopping-list-shopping-title,x-test-shopping-title,shopping_list_component_html,beta-parent,e,Text Content Removal,NA,no-text-content,-
shopping-list-shopping-title,x-test-shopping-title,shopping_list_component_html,beta-parent,f,HTML Tag Movement (within a container),NA,no-sibling-to-reorder,-
shopping-list-shopping-title,x-test-shopping-title,shopping_list_component_html,beta-parent,h,HTML Tag Movement (between two templates),NA,between-templates-na-perfile,-
shopping-list-shopping-title,x-test-shopping-title,shopping_list_component_html,beta-parent,a,Attribute Value Modification,APPLICABLE,,-
shopping-list-shopping-title,x-test-shopping-title,shopping_list_component_html,beta-parent,b,Attribute Removal,APPLICABLE,,-
shopping-list-shopping-title,x-test-shopping-title,shopping_list_component_html,beta-parent,c,Attribute Identifier Modification,APPLICABLE,,-
shopping-list-shopping-title,x-test-shopping-title,shopping_list_component_html,beta-parent,g,HTML Tag Movement (any point of the HTML tree),APPLICABLE,,-
shopping-list-shopping-title,x-test-shopping-title,shopping_list_component_html,beta-parent,i,HTML Tag Removal,APPLICABLE,,-
shopping-list-shopping-title,x-test-shopping-title,shopping_list_component_html,beta-parent,j,HTML Tag Type Modification,APPLICABLE,,-
shopping-list-shopping-title,x-test-shopping-title,shopping_list_component_html,beta-parent,k,HTML Tag Insertion,APPLICABLE,,-
shopping-list-shopping-title,x-test-shopping-title,shopping_list_component_html,gamma-ancestor,d,Text Content Modification,NA,no-text-content,-
shopping-list-shopping-title,x-test-shopping-title,shopping_list_component_html,gamma-ancestor,e,Text Content Removal,NA,no-text-content,-
shopping-list-shopping-title,x-test-shopping-title,shopping_list_component_html,gamma-ancestor,h,HTML Tag Movement (between two templates),NA,between-templates-na-perfile,-
shopping-list-shopping-title,x-test-shopping-title,shopping_list_component_html,gamma-ancestor,a,Attribute Value Modification,APPLICABLE,,-
shopping-list-shopping-title,x-test-shopping-title,shopping_list_component_html,gamma-ancestor,b,Attribute Removal,APPLICABLE,,-
shopping-list-shopping-title,x-test-shopping-title,shopping_list_component_html,gamma-ancestor,c,Attribute Identifier Modification,APPLICABLE,,-
shopping-list-shopping-title,x-test-shopping-title,shopping_list_component_html,gamma-ancestor,f,HTML Tag Movement (within a container),APPLICABLE,,-
shopping-list-shopping-title,x-test-shopping-title,shopping_list_component_html,gamma-ancestor,g,HTML Tag Movement (any point of the HTML tree),APPLICABLE,,-
shopping-list-shopping-title,x-test-shopping-title,shopping_list_component_html,gamma-ancestor,i,HTML Tag Removal,APPLICABLE,,-
shopping-list-shopping-title,x-test-shopping-title,shopping_list_component_html,gamma-ancestor,j,HTML Tag Type Modification,APPLICABLE,,-
shopping-list-shopping-title,x-test-shopping-title,shopping_list_component_html,gamma-ancestor,k,HTML Tag Insertion,APPLICABLE,,-
shopping-list-shopping-title,x-test-shopping-title,shopping_list_component_html,delta-sibling,h,HTML Tag Movement (between two templates),NA,between-templates-na-perfile,-
shopping-list-shopping-title,x-test-shopping-title,shopping_list_component_html,delta-sibling,a,Attribute Value Modification,APPLICABLE,,-
shopping-list-shopping-title,x-test-shopping-title,shopping_list_component_html,delta-sibling,b,Attribute Removal,APPLICABLE,,-
shopping-list-shopping-title,x-test-shopping-title,shopping_list_component_html,delta-sibling,c,Attribute Identifier Modification,APPLICABLE,,-
shopping-list-shopping-title,x-test-shopping-title,shopping_list_component_html,delta-sibling,d,Text Content Modification,APPLICABLE,,-
shopping-list-shopping-title,x-test-shopping-title,shopping_list_component_html,delta-sibling,e,Text Content Removal,APPLICABLE,,-
shopping-list-shopping-title,x-test-shopping-title,shopping_list_component_html,delta-sibling,f,HTML Tag Movement (within a container),APPLICABLE,,-
shopping-list-shopping-title,x-test-shopping-title,shopping_list_component_html,delta-sibling,g,HTML Tag Movement (any point of the HTML tree),APPLICABLE,,-
shopping-list-shopping-title,x-test-shopping-title,shopping_list_component_html,delta-sibling,i,HTML Tag Removal,APPLICABLE,,-
shopping-list-shopping-title,x-test-shopping-title,shopping_list_component_html,delta-sibling,j,HTML Tag Type Modification,APPLICABLE,,-
shopping-list-shopping-title,x-test-shopping-title,shopping_list_component_html,delta-sibling,k,HTML Tag Insertion,APPLICABLE,,-
shopping-list-shopping-title,x-test-shopping-title,shopping_list_component_html,epsilon-component,a,Attribute Value Modification,NA,no-such-role,-
shopping-list-shopping-title,x-test-shopping-title,shopping_list_component_html,epsilon-component,b,Attribute Removal,NA,no-such-role,-
shopping-list-shopping-title,x-test-shopping-title,shopping_list_component_html,epsilon-component,c,Attribute Identifier Modification,NA,no-such-role,-
shopping-list-shopping-title,x-test-shopping-title,shopping_list_component_html,epsilon-component,d,Text Content Modification,NA,no-such-role,-
shopping-list-shopping-title,x-test-shopping-title,shopping_list_component_html,epsilon-component,e,Text Content Removal,NA,no-such-role,-
shopping-list-shopping-title,x-test-shopping-title,shopping_list_component_html,epsilon-component,f,HTML Tag Movement (within a container),NA,no-such-role,-
shopping-list-shopping-title,x-test-shopping-title,shopping_list_component_html,epsilon-component,g,HTML Tag Movement (any point of the HTML tree),NA,no-such-role,-
shopping-list-shopping-title,x-test-shopping-title,shopping_list_component_html,epsilon-component,h,HTML Tag Movement (between two templates),NA,no-such-role,-
shopping-list-shopping-title,x-test-shopping-title,shopping_list_component_html,epsilon-component,i,HTML Tag Removal,NA,no-such-role,-
shopping-list-shopping-title,x-test-shopping-title,shopping_list_component_html,epsilon-component,j,HTML Tag Type Modification,NA,no-such-role,-
shopping-list-shopping-title,x-test-shopping-title,shopping_list_component_html,epsilon-component,k,HTML Tag Insertion,NA,no-such-role,-
shopping-list-open-count,x-test-open-count,shopping_list_component_html,alpha-target,h,HTML Tag Movement (between two templates),NA,between-templates-na-perfile,-
shopping-list-open-count,x-test-open-count,shopping_list_component_html,alpha-target,i,HTML Tag Removal,NA,would-drop-x-test,-
shopping-list-open-count,x-test-open-count,shopping_list_component_html,alpha-target,a,Attribute Value Modification,APPLICABLE,,-
shopping-list-open-count,x-test-open-count,shopping_list_component_html,alpha-target,b,Attribute Removal,APPLICABLE,,-
shopping-list-open-count,x-test-open-count,shopping_list_component_html,alpha-target,c,Attribute Identifier Modification,APPLICABLE,,-
shopping-list-open-count,x-test-open-count,shopping_list_component_html,alpha-target,d,Text Content Modification,APPLICABLE,,-
shopping-list-open-count,x-test-open-count,shopping_list_component_html,alpha-target,e,Text Content Removal,APPLICABLE,,-
shopping-list-open-count,x-test-open-count,shopping_list_component_html,alpha-target,f,HTML Tag Movement (within a container),APPLICABLE,,-
shopping-list-open-count,x-test-open-count,shopping_list_component_html,alpha-target,g,HTML Tag Movement (any point of the HTML tree),APPLICABLE,,-
shopping-list-open-count,x-test-open-count,shopping_list_component_html,alpha-target,j,HTML Tag Type Modification,APPLICABLE,,-
shopping-list-open-count,x-test-open-count,shopping_list_component_html,alpha-target,k,HTML Tag Insertion,APPLICABLE,,-
shopping-list-open-count,x-test-open-count,shopping_list_component_html,beta-parent,d,Text Content Modification,NA,no-text-content,-
shopping-list-open-count,x-test-open-count,shopping_list_component_html,beta-parent,e,Text Content Removal,NA,no-text-content,-
shopping-list-open-count,x-test-open-count,shopping_list_component_html,beta-parent,h,HTML Tag Movement (between two templates),NA,between-templates-na-perfile,-
shopping-list-open-count,x-test-open-count,shopping_list_component_html,beta-parent,a,Attribute Value Modification,APPLICABLE,,-
shopping-list-open-count,x-test-open-count,shopping_list_component_html,beta-parent,b,Attribute Removal,APPLICABLE,,-
shopping-list-open-count,x-test-open-count,shopping_list_component_html,beta-parent,c,Attribute Identifier Modification,APPLICABLE,,-
shopping-list-open-count,x-test-open-count,shopping_list_component_html,beta-parent,f,HTML Tag Movement (within a container),APPLICABLE,,-
shopping-list-open-count,x-test-open-count,shopping_list_component_html,beta-parent,g,HTML Tag Movement (any point of the HTML tree),APPLICABLE,,-
shopping-list-open-count,x-test-open-count,shopping_list_component_html,beta-parent,i,HTML Tag Removal,APPLICABLE,,-
shopping-list-open-count,x-test-open-count,shopping_list_component_html,beta-parent,j,HTML Tag Type Modification,APPLICABLE,,-
shopping-list-open-count,x-test-open-count,shopping_list_component_html,beta-parent,k,HTML Tag Insertion,APPLICABLE,,-
shopping-list-open-count,x-test-open-count,shopping_list_component_html,gamma-ancestor,d,Text Content Modification,NA,no-text-content,-
shopping-list-open-count,x-test-open-count,shopping_list_component_html,gamma-ancestor,e,Text Content Removal,NA,no-text-content,-
shopping-list-open-count,x-test-open-count,shopping_list_component_html,gamma-ancestor,h,HTML Tag Movement (between two templates),NA,between-templates-na-perfile,-
shopping-list-open-count,x-test-open-count,shopping_list_component_html,gamma-ancestor,a,Attribute Value Modification,APPLICABLE,,-
shopping-list-open-count,x-test-open-count,shopping_list_component_html,gamma-ancestor,b,Attribute Removal,APPLICABLE,,-
shopping-list-open-count,x-test-open-count,shopping_list_component_html,gamma-ancestor,c,Attribute Identifier Modification,APPLICABLE,,-
shopping-list-open-count,x-test-open-count,shopping_list_component_html,gamma-ancestor,f,HTML Tag Movement (within a container),APPLICABLE,,-
shopping-list-open-count,x-test-open-count,shopping_list_component_html,gamma-ancestor,g,HTML Tag Movement (any point of the HTML tree),APPLICABLE,,-
shopping-list-open-count,x-test-open-count,shopping_list_component_html,gamma-ancestor,i,HTML Tag Removal,APPLICABLE,,-
shopping-list-open-count,x-test-open-count,shopping_list_component_html,gamma-ancestor,j,HTML Tag Type Modification,APPLICABLE,,-
shopping-list-open-count,x-test-open-count,shopping_list_component_html,gamma-ancestor,k,HTML Tag Insertion,APPLICABLE,,-
shopping-list-open-count,x-test-open-count,shopping_list_component_html,delta-sibling,h,HTML Tag Movement (between two templates),NA,between-templates-na-perfile,-
shopping-list-open-count,x-test-open-count,shopping_list_component_html,delta-sibling,a,Attribute Value Modification,APPLICABLE,,-
shopping-list-open-count,x-test-open-count,shopping_list_component_html,delta-sibling,b,Attribute Removal,APPLICABLE,,-
shopping-list-open-count,x-test-open-count,shopping_list_component_html,delta-sibling,c,Attribute Identifier Modification,APPLICABLE,,-
shopping-list-open-count,x-test-open-count,shopping_list_component_html,delta-sibling,d,Text Content Modification,APPLICABLE,,-
shopping-list-open-count,x-test-open-count,shopping_list_component_html,delta-sibling,e,Text Content Removal,APPLICABLE,,-
shopping-list-open-count,x-test-open-count,shopping_list_component_html,delta-sibling,f,HTML Tag Movement (within a container),APPLICABLE,,-
shopping-list-open-count,x-test-open-count,shopping_list_component_html,delta-sibling,g,HTML Tag Movement (any point of the HTML tree),APPLICABLE,,-
shopping-list-open-count,x-test-open-count,shopping_list_component_html,delta-sibling,i,HTML Tag Removal,APPLICABLE,,-
shopping-list-open-count,x-test-open-count,shopping_list_component_html,delta-sibling,j,HTML Tag Type Modification,APPLICABLE,,-
shopping-list-open-count,x-test-open-count,shopping_list_component_html,delta-sibling,k,HTML Tag Insertion,APPLICABLE,,-
shopping-list-open-count,x-test-open-count,shopping_list_component_html,epsilon-component,a,Attribute Value Modification,NA,no-such-role,-
shopping-list-open-count,x-test-open-count,shopping_list_component_html,epsilon-component,b,Attribute Removal,NA,no-such-role,-
shopping-list-open-count,x-test-open-count,shopping_list_component_html,epsilon-component,c,Attribute Identifier Modification,NA,no-such-role,-
shopping-list-open-count,x-test-open-count,shopping_list_component_html,epsilon-component,d,Text Content Modification,NA,no-such-role,-
shopping-list-open-count,x-test-open-count,shopping_list_component_html,epsilon-component,e,Text Content Removal,NA,no-such-role,-
shopping-list-open-count,x-test-open-count,shopping_list_component_html,epsilon-component,f,HTML Tag Movement (within a container),NA,no-such-role,-
shopping-list-open-count,x-test-open-count,shopping_list_component_html,epsilon-component,g,HTML Tag Movement (any point of the HTML tree),NA,no-such-role,-
shopping-list-open-count,x-test-open-count,shopping_list_component_html,epsilon-component,h,HTML Tag Movement (between two templates),NA,no-such-role,-
shopping-list-open-count,x-test-open-count,shopping_list_component_html,epsilon-component,i,HTML Tag Removal,NA,no-such-role,-
shopping-list-open-count,x-test-open-count,shopping_list_component_html,epsilon-component,j,HTML Tag Type Modification,NA,no-such-role,-
shopping-list-open-count,x-test-open-count,shopping_list_component_html,epsilon-component,k,HTML Tag Insertion,NA,no-such-role,-
shopping-list-done-count,x-test-done-count,shopping_list_component_html,alpha-target,h,HTML Tag Movement (between two templates),NA,between-templates-na-perfile,-
shopping-list-done-count,x-test-done-count,shopping_list_component_html,alpha-target,i,HTML Tag Removal,NA,would-drop-x-test,-
shopping-list-done-count,x-test-done-count,shopping_list_component_html,alpha-target,a,Attribute Value Modification,APPLICABLE,,-
shopping-list-done-count,x-test-done-count,shopping_list_component_html,alpha-target,b,Attribute Removal,APPLICABLE,,-
shopping-list-done-count,x-test-done-count,shopping_list_component_html,alpha-target,c,Attribute Identifier Modification,APPLICABLE,,-
shopping-list-done-count,x-test-done-count,shopping_list_component_html,alpha-target,d,Text Content Modification,APPLICABLE,,-
shopping-list-done-count,x-test-done-count,shopping_list_component_html,alpha-target,e,Text Content Removal,APPLICABLE,,-
shopping-list-done-count,x-test-done-count,shopping_list_component_html,alpha-target,f,HTML Tag Movement (within a container),APPLICABLE,,-
shopping-list-done-count,x-test-done-count,shopping_list_component_html,alpha-target,g,HTML Tag Movement (any point of the HTML tree),APPLICABLE,,-
shopping-list-done-count,x-test-done-count,shopping_list_component_html,alpha-target,j,HTML Tag Type Modification,APPLICABLE,,-
shopping-list-done-count,x-test-done-count,shopping_list_component_html,alpha-target,k,HTML Tag Insertion,APPLICABLE,,-
shopping-list-done-count,x-test-done-count,shopping_list_component_html,beta-parent,d,Text Content Modification,NA,no-text-content,-
shopping-list-done-count,x-test-done-count,shopping_list_component_html,beta-parent,e,Text Content Removal,NA,no-text-content,-
shopping-list-done-count,x-test-done-count,shopping_list_component_html,beta-parent,h,HTML Tag Movement (between two templates),NA,between-templates-na-perfile,-
shopping-list-done-count,x-test-done-count,shopping_list_component_html,beta-parent,a,Attribute Value Modification,APPLICABLE,,-
shopping-list-done-count,x-test-done-count,shopping_list_component_html,beta-parent,b,Attribute Removal,APPLICABLE,,-
shopping-list-done-count,x-test-done-count,shopping_list_component_html,beta-parent,c,Attribute Identifier Modification,APPLICABLE,,-
shopping-list-done-count,x-test-done-count,shopping_list_component_html,beta-parent,f,HTML Tag Movement (within a container),APPLICABLE,,-
shopping-list-done-count,x-test-done-count,shopping_list_component_html,beta-parent,g,HTML Tag Movement (any point of the HTML tree),APPLICABLE,,-
shopping-list-done-count,x-test-done-count,shopping_list_component_html,beta-parent,i,HTML Tag Removal,APPLICABLE,,-
shopping-list-done-count,x-test-done-count,shopping_list_component_html,beta-parent,j,HTML Tag Type Modification,APPLICABLE,,-
shopping-list-done-count,x-test-done-count,shopping_list_component_html,beta-parent,k,HTML Tag Insertion,APPLICABLE,,-
shopping-list-done-count,x-test-done-count,shopping_list_component_html,gamma-ancestor,d,Text Content Modification,NA,no-text-content,-
shopping-list-done-count,x-test-done-count,shopping_list_component_html,gamma-ancestor,e,Text Content Removal,NA,no-text-content,-
shopping-list-done-count,x-test-done-count,shopping_list_component_html,gamma-ancestor,h,HTML Tag Movement (between two templates),NA,between-templates-na-perfile,-
shopping-list-done-count,x-test-done-count,shopping_list_component_html,gamma-ancestor,a,Attribute Value Modification,APPLICABLE,,-
shopping-list-done-count,x-test-done-count,shopping_list_component_html,gamma-ancestor,b,Attribute Removal,APPLICABLE,,-
shopping-list-done-count,x-test-done-count,shopping_list_component_html,gamma-ancestor,c,Attribute Identifier Modification,APPLICABLE,,-
shopping-list-done-count,x-test-done-count,shopping_list_component_html,gamma-ancestor,f,HTML Tag Movement (within a container),APPLICABLE,,-
shopping-list-done-count,x-test-done-count,shopping_list_component_html,gamma-ancestor,g,HTML Tag Movement (any point of the HTML tree),APPLICABLE,,-
shopping-list-done-count,x-test-done-count,shopping_list_component_html,gamma-ancestor,i,HTML Tag Removal,APPLICABLE,,-
shopping-list-done-count,x-test-done-count,shopping_list_component_html,gamma-ancestor,j,HTML Tag Type Modification,APPLICABLE,,-
shopping-list-done-count,x-test-done-count,shopping_list_component_html,gamma-ancestor,k,HTML Tag Insertion,APPLICABLE,,-
shopping-list-done-count,x-test-done-count,shopping_list_component_html,delta-sibling,h,HTML Tag Movement (between two templates),NA,between-templates-na-perfile,-
shopping-list-done-count,x-test-done-count,shopping_list_component_html,delta-sibling,a,Attribute Value Modification,APPLICABLE,,-
shopping-list-done-count,x-test-done-count,shopping_list_component_html,delta-sibling,b,Attribute Removal,APPLICABLE,,-
shopping-list-done-count,x-test-done-count,shopping_list_component_html,delta-sibling,c,Attribute Identifier Modification,APPLICABLE,,-
shopping-list-done-count,x-test-done-count,shopping_list_component_html,delta-sibling,d,Text Content Modification,APPLICABLE,,-
shopping-list-done-count,x-test-done-count,shopping_list_component_html,delta-sibling,e,Text Content Removal,APPLICABLE,,-
shopping-list-done-count,x-test-done-count,shopping_list_component_html,delta-sibling,f,HTML Tag Movement (within a container),APPLICABLE,,-
shopping-list-done-count,x-test-done-count,shopping_list_component_html,delta-sibling,g,HTML Tag Movement (any point of the HTML tree),APPLICABLE,,-
shopping-list-done-count,x-test-done-count,shopping_list_component_html,delta-sibling,i,HTML Tag Removal,APPLICABLE,,-
shopping-list-done-count,x-test-done-count,shopping_list_component_html,delta-sibling,j,HTML Tag Type Modification,APPLICABLE,,-
shopping-list-done-count,x-test-done-count,shopping_list_component_html,delta-sibling,k,HTML Tag Insertion,APPLICABLE,,-
shopping-list-done-count,x-test-done-count,shopping_list_component_html,epsilon-component,a,Attribute Value Modification,NA,no-such-role,-
shopping-list-done-count,x-test-done-count,shopping_list_component_html,epsilon-component,b,Attribute Removal,NA,no-such-role,-
shopping-list-done-count,x-test-done-count,shopping_list_component_html,epsilon-component,c,Attribute Identifier Modification,NA,no-such-role,-
shopping-list-done-count,x-test-done-count,shopping_list_component_html,epsilon-component,d,Text Content Modification,NA,no-such-role,-
shopping-list-done-count,x-test-done-count,shopping_list_component_html,epsilon-component,e,Text Content Removal,NA,no-such-role,-
shopping-list-done-count,x-test-done-count,shopping_list_component_html,epsilon-component,f,HTML Tag Movement (within a container),NA,no-such-role,-
shopping-list-done-count,x-test-done-count,shopping_list_component_html,epsilon-component,g,HTML Tag Movement (any point of the HTML tree),NA,no-such-role,-
shopping-list-done-count,x-test-done-count,shopping_list_component_html,epsilon-component,h,HTML Tag Movement (between two templates),NA,no-such-role,-
shopping-list-done-count,x-test-done-count,shopping_list_component_html,epsilon-component,i,HTML Tag Removal,NA,no-such-role,-
shopping-list-done-count,x-test-done-count,shopping_list_component_html,epsilon-component,j,HTML Tag Type Modification,NA,no-such-role,-
shopping-list-done-count,x-test-done-count,shopping_list_component_html,epsilon-component,k,HTML Tag Insertion,NA,no-such-role,-
shopping-list-shopping-empty,x-test-shopping-empty,shopping_list_component_html,alpha-target,h,HTML Tag Movement (between two templates),NA,between-templates-na-perfile,-
shopping-list-shopping-empty,x-test-shopping-empty,shopping_list_component_html,alpha-target,i,HTML Tag Removal,NA,would-drop-x-test,-
shopping-list-shopping-empty,x-test-shopping-empty,shopping_list_component_html,alpha-target,a,Attribute Value Modification,APPLICABLE,,-
shopping-list-shopping-empty,x-test-shopping-empty,shopping_list_component_html,alpha-target,b,Attribute Removal,APPLICABLE,,-
shopping-list-shopping-empty,x-test-shopping-empty,shopping_list_component_html,alpha-target,c,Attribute Identifier Modification,APPLICABLE,,-
shopping-list-shopping-empty,x-test-shopping-empty,shopping_list_component_html,alpha-target,d,Text Content Modification,APPLICABLE,,-
shopping-list-shopping-empty,x-test-shopping-empty,shopping_list_component_html,alpha-target,e,Text Content Removal,APPLICABLE,,-
shopping-list-shopping-empty,x-test-shopping-empty,shopping_list_component_html,alpha-target,f,HTML Tag Movement (within a container),APPLICABLE,,-
shopping-list-shopping-empty,x-test-shopping-empty,shopping_list_component_html,alpha-target,g,HTML Tag Movement (any point of the HTML tree),APPLICABLE,,-
shopping-list-shopping-empty,x-test-shopping-empty,shopping_list_component_html,alpha-target,j,HTML Tag Type Modification,APPLICABLE,,-
shopping-list-shopping-empty,x-test-shopping-empty,shopping_list_component_html,alpha-target,k,HTML Tag Insertion,APPLICABLE,,-
shopping-list-shopping-empty,x-test-shopping-empty,shopping_list_component_html,beta-parent,d,Text Content Modification,NA,no-text-content,-
shopping-list-shopping-empty,x-test-shopping-empty,shopping_list_component_html,beta-parent,e,Text Content Removal,NA,no-text-content,-
shopping-list-shopping-empty,x-test-shopping-empty,shopping_list_component_html,beta-parent,h,HTML Tag Movement (between two templates),NA,between-templates-na-perfile,-
shopping-list-shopping-empty,x-test-shopping-empty,shopping_list_component_html,beta-parent,a,Attribute Value Modification,APPLICABLE,,-
shopping-list-shopping-empty,x-test-shopping-empty,shopping_list_component_html,beta-parent,b,Attribute Removal,APPLICABLE,,-
shopping-list-shopping-empty,x-test-shopping-empty,shopping_list_component_html,beta-parent,c,Attribute Identifier Modification,APPLICABLE,,-
shopping-list-shopping-empty,x-test-shopping-empty,shopping_list_component_html,beta-parent,f,HTML Tag Movement (within a container),APPLICABLE,,-
shopping-list-shopping-empty,x-test-shopping-empty,shopping_list_component_html,beta-parent,g,HTML Tag Movement (any point of the HTML tree),APPLICABLE,,-
shopping-list-shopping-empty,x-test-shopping-empty,shopping_list_component_html,beta-parent,i,HTML Tag Removal,APPLICABLE,,-
shopping-list-shopping-empty,x-test-shopping-empty,shopping_list_component_html,beta-parent,j,HTML Tag Type Modification,APPLICABLE,,-
shopping-list-shopping-empty,x-test-shopping-empty,shopping_list_component_html,beta-parent,k,HTML Tag Insertion,APPLICABLE,,-
shopping-list-shopping-empty,x-test-shopping-empty,shopping_list_component_html,gamma-ancestor,h,HTML Tag Movement (between two templates),NA,between-templates-na-perfile,-
shopping-list-shopping-empty,x-test-shopping-empty,shopping_list_component_html,gamma-ancestor,a,Attribute Value Modification,APPLICABLE,,-
shopping-list-shopping-empty,x-test-shopping-empty,shopping_list_component_html,gamma-ancestor,b,Attribute Removal,APPLICABLE,,-
shopping-list-shopping-empty,x-test-shopping-empty,shopping_list_component_html,gamma-ancestor,c,Attribute Identifier Modification,APPLICABLE,,-
shopping-list-shopping-empty,x-test-shopping-empty,shopping_list_component_html,gamma-ancestor,d,Text Content Modification,APPLICABLE,,-
shopping-list-shopping-empty,x-test-shopping-empty,shopping_list_component_html,gamma-ancestor,e,Text Content Removal,APPLICABLE,,-
shopping-list-shopping-empty,x-test-shopping-empty,shopping_list_component_html,gamma-ancestor,f,HTML Tag Movement (within a container),APPLICABLE,,-
shopping-list-shopping-empty,x-test-shopping-empty,shopping_list_component_html,gamma-ancestor,g,HTML Tag Movement (any point of the HTML tree),APPLICABLE,,-
shopping-list-shopping-empty,x-test-shopping-empty,shopping_list_component_html,gamma-ancestor,i,HTML Tag Removal,APPLICABLE,,-
shopping-list-shopping-empty,x-test-shopping-empty,shopping_list_component_html,gamma-ancestor,j,HTML Tag Type Modification,APPLICABLE,,-
shopping-list-shopping-empty,x-test-shopping-empty,shopping_list_component_html,gamma-ancestor,k,HTML Tag Insertion,APPLICABLE,,-
shopping-list-shopping-empty,x-test-shopping-empty,shopping_list_component_html,delta-sibling,h,HTML Tag Movement (between two templates),NA,between-templates-na-perfile,-
shopping-list-shopping-empty,x-test-shopping-empty,shopping_list_component_html,delta-sibling,a,Attribute Value Modification,APPLICABLE,,-
shopping-list-shopping-empty,x-test-shopping-empty,shopping_list_component_html,delta-sibling,b,Attribute Removal,APPLICABLE,,-
shopping-list-shopping-empty,x-test-shopping-empty,shopping_list_component_html,delta-sibling,c,Attribute Identifier Modification,APPLICABLE,,-
shopping-list-shopping-empty,x-test-shopping-empty,shopping_list_component_html,delta-sibling,d,Text Content Modification,APPLICABLE,,-
shopping-list-shopping-empty,x-test-shopping-empty,shopping_list_component_html,delta-sibling,e,Text Content Removal,APPLICABLE,,-
shopping-list-shopping-empty,x-test-shopping-empty,shopping_list_component_html,delta-sibling,f,HTML Tag Movement (within a container),APPLICABLE,,-
shopping-list-shopping-empty,x-test-shopping-empty,shopping_list_component_html,delta-sibling,g,HTML Tag Movement (any point of the HTML tree),APPLICABLE,,-
shopping-list-shopping-empty,x-test-shopping-empty,shopping_list_component_html,delta-sibling,i,HTML Tag Removal,APPLICABLE,,-
shopping-list-shopping-empty,x-test-shopping-empty,shopping_list_component_html,delta-sibling,j,HTML Tag Type Modification,APPLICABLE,,-
shopping-list-shopping-empty,x-test-shopping-empty,shopping_list_component_html,delta-sibling,k,HTML Tag Insertion,APPLICABLE,,-
shopping-list-shopping-empty,x-test-shopping-empty,shopping_list_component_html,epsilon-component,a,Attribute Value Modification,NA,no-such-role,-
shopping-list-shopping-empty,x-test-shopping-empty,shopping_list_component_html,epsilon-component,b,Attribute Removal,NA,no-such-role,-
shopping-list-shopping-empty,x-test-shopping-empty,shopping_list_component_html,epsilon-component,c,Attribute Identifier Modification,NA,no-such-role,-
shopping-list-shopping-empty,x-test-shopping-empty,shopping_list_component_html,epsilon-component,d,Text Content Modification,NA,no-such-role,-
shopping-list-shopping-empty,x-test-shopping-empty,shopping_list_component_html,epsilon-component,e,Text Content Removal,NA,no-such-role,-
shopping-list-shopping-empty,x-test-shopping-empty,shopping_list_component_html,epsilon-component,f,HTML Tag Movement (within a container),NA,no-such-role,-
shopping-list-shopping-empty,x-test-shopping-empty,shopping_list_component_html,epsilon-component,g,HTML Tag Movement (any point of the HTML tree),NA,no-such-role,-
shopping-list-shopping-empty,x-test-shopping-empty,shopping_list_component_html,epsilon-component,h,HTML Tag Movement (between two templates),NA,no-such-role,-
shopping-list-shopping-empty,x-test-shopping-empty,shopping_list_component_html,epsilon-component,i,HTML Tag Removal,NA,no-such-role,-
shopping-list-shopping-empty,x-test-shopping-empty,shopping_list_component_html,epsilon-component,j,HTML Tag Type Modification,NA,no-such-role,-
shopping-list-shopping-empty,x-test-shopping-empty,shopping_list_component_html,epsilon-component,k,HTML Tag Insertion,NA,no-such-role,-
shopping-list-shop-check,[attr.x-test-shop-check],shopping_list_component_html,alpha-target,d,Text Content Modification,NA,no-text-content,-
shopping-list-shop-check,[attr.x-test-shop-check],shopping_list_component_html,alpha-target,e,Text Content Removal,NA,no-text-content,-
shopping-list-shop-check,[attr.x-test-shop-check],shopping_list_component_html,alpha-target,h,HTML Tag Movement (between two templates),NA,between-templates-na-perfile,-
shopping-list-shop-check,[attr.x-test-shop-check],shopping_list_component_html,alpha-target,a,Attribute Value Modification,APPLICABLE,,-
shopping-list-shop-check,[attr.x-test-shop-check],shopping_list_component_html,alpha-target,b,Attribute Removal,APPLICABLE,,-
shopping-list-shop-check,[attr.x-test-shop-check],shopping_list_component_html,alpha-target,c,Attribute Identifier Modification,APPLICABLE,,-
shopping-list-shop-check,[attr.x-test-shop-check],shopping_list_component_html,alpha-target,f,HTML Tag Movement (within a container),APPLICABLE,,-
shopping-list-shop-check,[attr.x-test-shop-check],shopping_list_component_html,alpha-target,g,HTML Tag Movement (any point of the HTML tree),APPLICABLE,,-
shopping-list-shop-check,[attr.x-test-shop-check],shopping_list_component_html,alpha-target,i,HTML Tag Removal,APPLICABLE,,-
shopping-list-shop-check,[attr.x-test-shop-check],shopping_list_component_html,alpha-target,j,HTML Tag Type Modification,APPLICABLE,,-
shopping-list-shop-check,[attr.x-test-shop-check],shopping_list_component_html,alpha-target,k,HTML Tag Insertion,APPLICABLE,,-
shopping-list-shop-check,[attr.x-test-shop-check],shopping_list_component_html,beta-parent,d,Text Content Modification,NA,no-text-content,-
shopping-list-shop-check,[attr.x-test-shop-check],shopping_list_component_html,beta-parent,e,Text Content Removal,NA,no-text-content,-
shopping-list-shop-check,[attr.x-test-shop-check],shopping_list_component_html,beta-parent,f,HTML Tag Movement (within a container),NA,no-sibling-to-reorder,-
shopping-list-shop-check,[attr.x-test-shop-check],shopping_list_component_html,beta-parent,h,HTML Tag Movement (between two templates),NA,between-templates-na-perfile,-
shopping-list-shop-check,[attr.x-test-shop-check],shopping_list_component_html,beta-parent,a,Attribute Value Modification,APPLICABLE,,-
shopping-list-shop-check,[attr.x-test-shop-check],shopping_list_component_html,beta-parent,b,Attribute Removal,APPLICABLE,,-
shopping-list-shop-check,[attr.x-test-shop-check],shopping_list_component_html,beta-parent,c,Attribute Identifier Modification,APPLICABLE,,-
shopping-list-shop-check,[attr.x-test-shop-check],shopping_list_component_html,beta-parent,g,HTML Tag Movement (any point of the HTML tree),APPLICABLE,,-
shopping-list-shop-check,[attr.x-test-shop-check],shopping_list_component_html,beta-parent,i,HTML Tag Removal,APPLICABLE,,-
shopping-list-shop-check,[attr.x-test-shop-check],shopping_list_component_html,beta-parent,j,HTML Tag Type Modification,APPLICABLE,,-
shopping-list-shop-check,[attr.x-test-shop-check],shopping_list_component_html,beta-parent,k,HTML Tag Insertion,APPLICABLE,,-
shopping-list-shop-check,[attr.x-test-shop-check],shopping_list_component_html,gamma-ancestor,d,Text Content Modification,NA,no-text-content,-
shopping-list-shop-check,[attr.x-test-shop-check],shopping_list_component_html,gamma-ancestor,e,Text Content Removal,NA,no-text-content,-
shopping-list-shop-check,[attr.x-test-shop-check],shopping_list_component_html,gamma-ancestor,f,HTML Tag Movement (within a container),NA,no-sibling-to-reorder,-
shopping-list-shop-check,[attr.x-test-shop-check],shopping_list_component_html,gamma-ancestor,h,HTML Tag Movement (between two templates),NA,between-templates-na-perfile,-
shopping-list-shop-check,[attr.x-test-shop-check],shopping_list_component_html,gamma-ancestor,a,Attribute Value Modification,APPLICABLE,,-
shopping-list-shop-check,[attr.x-test-shop-check],shopping_list_component_html,gamma-ancestor,b,Attribute Removal,APPLICABLE,,-
shopping-list-shop-check,[attr.x-test-shop-check],shopping_list_component_html,gamma-ancestor,c,Attribute Identifier Modification,APPLICABLE,,-
shopping-list-shop-check,[attr.x-test-shop-check],shopping_list_component_html,gamma-ancestor,g,HTML Tag Movement (any point of the HTML tree),APPLICABLE,,-
shopping-list-shop-check,[attr.x-test-shop-check],shopping_list_component_html,gamma-ancestor,i,HTML Tag Removal,APPLICABLE,,-
shopping-list-shop-check,[attr.x-test-shop-check],shopping_list_component_html,gamma-ancestor,j,HTML Tag Type Modification,APPLICABLE,,-
shopping-list-shop-check,[attr.x-test-shop-check],shopping_list_component_html,gamma-ancestor,k,HTML Tag Insertion,APPLICABLE,,-
shopping-list-shop-check,[attr.x-test-shop-check],shopping_list_component_html,delta-sibling,h,HTML Tag Movement (between two templates),NA,between-templates-na-perfile,-
shopping-list-shop-check,[attr.x-test-shop-check],shopping_list_component_html,delta-sibling,a,Attribute Value Modification,APPLICABLE,,-
shopping-list-shop-check,[attr.x-test-shop-check],shopping_list_component_html,delta-sibling,b,Attribute Removal,APPLICABLE,,-
shopping-list-shop-check,[attr.x-test-shop-check],shopping_list_component_html,delta-sibling,c,Attribute Identifier Modification,APPLICABLE,,-
shopping-list-shop-check,[attr.x-test-shop-check],shopping_list_component_html,delta-sibling,d,Text Content Modification,APPLICABLE,,-
shopping-list-shop-check,[attr.x-test-shop-check],shopping_list_component_html,delta-sibling,e,Text Content Removal,APPLICABLE,,-
shopping-list-shop-check,[attr.x-test-shop-check],shopping_list_component_html,delta-sibling,f,HTML Tag Movement (within a container),APPLICABLE,,-
shopping-list-shop-check,[attr.x-test-shop-check],shopping_list_component_html,delta-sibling,g,HTML Tag Movement (any point of the HTML tree),APPLICABLE,,-
shopping-list-shop-check,[attr.x-test-shop-check],shopping_list_component_html,delta-sibling,i,HTML Tag Removal,APPLICABLE,,-
shopping-list-shop-check,[attr.x-test-shop-check],shopping_list_component_html,delta-sibling,j,HTML Tag Type Modification,APPLICABLE,,-
shopping-list-shop-check,[attr.x-test-shop-check],shopping_list_component_html,delta-sibling,k,HTML Tag Insertion,APPLICABLE,,-
shopping-list-shop-check,[attr.x-test-shop-check],shopping_list_component_html,epsilon-component,a,Attribute Value Modification,NA,no-such-role,-
shopping-list-shop-check,[attr.x-test-shop-check],shopping_list_component_html,epsilon-component,b,Attribute Removal,NA,no-such-role,-
shopping-list-shop-check,[attr.x-test-shop-check],shopping_list_component_html,epsilon-component,c,Attribute Identifier Modification,NA,no-such-role,-
shopping-list-shop-check,[attr.x-test-shop-check],shopping_list_component_html,epsilon-component,d,Text Content Modification,NA,no-such-role,-
shopping-list-shop-check,[attr.x-test-shop-check],shopping_list_component_html,epsilon-component,e,Text Content Removal,NA,no-such-role,-
shopping-list-shop-check,[attr.x-test-shop-check],shopping_list_component_html,epsilon-component,f,HTML Tag Movement (within a container),NA,no-such-role,-
shopping-list-shop-check,[attr.x-test-shop-check],shopping_list_component_html,epsilon-component,g,HTML Tag Movement (any point of the HTML tree),NA,no-such-role,-
shopping-list-shop-check,[attr.x-test-shop-check],shopping_list_component_html,epsilon-component,h,HTML Tag Movement (between two templates),NA,no-such-role,-
shopping-list-shop-check,[attr.x-test-shop-check],shopping_list_component_html,epsilon-component,i,HTML Tag Removal,NA,no-such-role,-
shopping-list-shop-check,[attr.x-test-shop-check],shopping_list_component_html,epsilon-component,j,HTML Tag Type Modification,NA,no-such-role,-
shopping-list-shop-check,[attr.x-test-shop-check],shopping_list_component_html,epsilon-component,k,HTML Tag Insertion,NA,no-such-role,-
shopping-list-clear-done,x-test-clear-done,shopping_list_component_html,alpha-target,h,HTML Tag Movement (between two templates),NA,between-templates-na-perfile,-
shopping-list-clear-done,x-test-clear-done,shopping_list_component_html,alpha-target,i,HTML Tag Removal,NA,would-drop-x-test,-
shopping-list-clear-done,x-test-clear-done,shopping_list_component_html,alpha-target,a,Attribute Value Modification,APPLICABLE,,-
shopping-list-clear-done,x-test-clear-done,shopping_list_component_html,alpha-target,b,Attribute Removal,APPLICABLE,,-
shopping-list-clear-done,x-test-clear-done,shopping_list_component_html,alpha-target,c,Attribute Identifier Modification,APPLICABLE,,-
shopping-list-clear-done,x-test-clear-done,shopping_list_component_html,alpha-target,d,Text Content Modification,APPLICABLE,,-
shopping-list-clear-done,x-test-clear-done,shopping_list_component_html,alpha-target,e,Text Content Removal,APPLICABLE,,-
shopping-list-clear-done,x-test-clear-done,shopping_list_component_html,alpha-target,f,HTML Tag Movement (within a container),APPLICABLE,,-
shopping-list-clear-done,x-test-clear-done,shopping_list_component_html,alpha-target,g,HTML Tag Movement (any point of the HTML tree),APPLICABLE,,-
shopping-list-clear-done,x-test-clear-done,shopping_list_component_html,alpha-target,j,HTML Tag Type Modification,APPLICABLE,,-
shopping-list-clear-done,x-test-clear-done,shopping_list_component_html,alpha-target,k,HTML Tag Insertion,APPLICABLE,,-
shopping-list-clear-done,x-test-clear-done,shopping_list_component_html,beta-parent,d,Text Content Modification,NA,no-text-content,-
shopping-list-clear-done,x-test-clear-done,shopping_list_component_html,beta-parent,e,Text Content Removal,NA,no-text-content,-
shopping-list-clear-done,x-test-clear-done,shopping_list_component_html,beta-parent,f,HTML Tag Movement (within a container),NA,no-sibling-to-reorder,-
shopping-list-clear-done,x-test-clear-done,shopping_list_component_html,beta-parent,h,HTML Tag Movement (between two templates),NA,between-templates-na-perfile,-
shopping-list-clear-done,x-test-clear-done,shopping_list_component_html,beta-parent,a,Attribute Value Modification,APPLICABLE,,-
shopping-list-clear-done,x-test-clear-done,shopping_list_component_html,beta-parent,b,Attribute Removal,APPLICABLE,,-
shopping-list-clear-done,x-test-clear-done,shopping_list_component_html,beta-parent,c,Attribute Identifier Modification,APPLICABLE,,-
shopping-list-clear-done,x-test-clear-done,shopping_list_component_html,beta-parent,g,HTML Tag Movement (any point of the HTML tree),APPLICABLE,,-
shopping-list-clear-done,x-test-clear-done,shopping_list_component_html,beta-parent,i,HTML Tag Removal,APPLICABLE,,-
shopping-list-clear-done,x-test-clear-done,shopping_list_component_html,beta-parent,j,HTML Tag Type Modification,APPLICABLE,,-
shopping-list-clear-done,x-test-clear-done,shopping_list_component_html,beta-parent,k,HTML Tag Insertion,APPLICABLE,,-
shopping-list-clear-done,x-test-clear-done,shopping_list_component_html,gamma-ancestor,d,Text Content Modification,NA,no-text-content,-
shopping-list-clear-done,x-test-clear-done,shopping_list_component_html,gamma-ancestor,e,Text Content Removal,NA,no-text-content,-
shopping-list-clear-done,x-test-clear-done,shopping_list_component_html,gamma-ancestor,h,HTML Tag Movement (between two templates),NA,between-templates-na-perfile,-
shopping-list-clear-done,x-test-clear-done,shopping_list_component_html,gamma-ancestor,a,Attribute Value Modification,APPLICABLE,,-
shopping-list-clear-done,x-test-clear-done,shopping_list_component_html,gamma-ancestor,b,Attribute Removal,APPLICABLE,,-
shopping-list-clear-done,x-test-clear-done,shopping_list_component_html,gamma-ancestor,c,Attribute Identifier Modification,APPLICABLE,,-
shopping-list-clear-done,x-test-clear-done,shopping_list_component_html,gamma-ancestor,f,HTML Tag Movement (within a container),APPLICABLE,,-
shopping-list-clear-done,x-test-clear-done,shopping_list_component_html,gamma-ancestor,g,HTML Tag Movement (any point of the HTML tree),APPLICABLE,,-
shopping-list-clear-done,x-test-clear-done,shopping_list_component_html,gamma-ancestor,i,HTML Tag Removal,APPLICABLE,,-
shopping-list-clear-done,x-test-clear-done,shopping_list_component_html,gamma-ancestor,j,HTML Tag Type Modification,APPLICABLE,,-
shopping-list-clear-done,x-test-clear-done,shopping_list_component_html,gamma-ancestor,k,HTML Tag Insertion,APPLICABLE,,-
shopping-list-clear-done,x-test-clear-done,shopping_list_component_html,delta-sibling,h,HTML Tag Movement (between two templates),NA,between-templates-na-perfile,-
shopping-list-clear-done,x-test-clear-done,shopping_list_component_html,delta-sibling,a,Attribute Value Modification,APPLICABLE,,-
shopping-list-clear-done,x-test-clear-done,shopping_list_component_html,delta-sibling,b,Attribute Removal,APPLICABLE,,-
shopping-list-clear-done,x-test-clear-done,shopping_list_component_html,delta-sibling,c,Attribute Identifier Modification,APPLICABLE,,-
shopping-list-clear-done,x-test-clear-done,shopping_list_component_html,delta-sibling,d,Text Content Modification,APPLICABLE,,-
shopping-list-clear-done,x-test-clear-done,shopping_list_component_html,delta-sibling,e,Text Content Removal,APPLICABLE,,-
shopping-list-clear-done,x-test-clear-done,shopping_list_component_html,delta-sibling,f,HTML Tag Movement (within a container),APPLICABLE,,-
shopping-list-clear-done,x-test-clear-done,shopping_list_component_html,delta-sibling,g,HTML Tag Movement (any point of the HTML tree),APPLICABLE,,-
shopping-list-clear-done,x-test-clear-done,shopping_list_component_html,delta-sibling,i,HTML Tag Removal,APPLICABLE,,-
shopping-list-clear-done,x-test-clear-done,shopping_list_component_html,delta-sibling,j,HTML Tag Type Modification,APPLICABLE,,-
shopping-list-clear-done,x-test-clear-done,shopping_list_component_html,delta-sibling,k,HTML Tag Insertion,APPLICABLE,,-
shopping-list-clear-done,x-test-clear-done,shopping_list_component_html,epsilon-component,a,Attribute Value Modification,NA,no-such-role,-
shopping-list-clear-done,x-test-clear-done,shopping_list_component_html,epsilon-component,b,Attribute Removal,NA,no-such-role,-
shopping-list-clear-done,x-test-clear-done,shopping_list_component_html,epsilon-component,c,Attribute Identifier Modification,NA,no-such-role,-
shopping-list-clear-done,x-test-clear-done,shopping_list_component_html,epsilon-component,d,Text Content Modification,NA,no-such-role,-
shopping-list-clear-done,x-test-clear-done,shopping_list_component_html,epsilon-component,e,Text Content Removal,NA,no-such-role,-
shopping-list-clear-done,x-test-clear-done,shopping_list_component_html,epsilon-component,f,HTML Tag Movement (within a container),NA,no-such-role,-
shopping-list-clear-done,x-test-clear-done,shopping_list_component_html,epsilon-component,g,HTML Tag Movement (any point of the HTML tree),NA,no-such-role,-
shopping-list-clear-done,x-test-clear-done,shopping_list_component_html,epsilon-component,h,HTML Tag Movement (between two templates),NA,no-such-role,-
shopping-list-clear-done,x-test-clear-done,shopping_list_component_html,epsilon-component,i,HTML Tag Removal,NA,no-such-role,-
shopping-list-clear-done,x-test-clear-done,shopping_list_component_html,epsilon-component,j,HTML Tag Type Modification,NA,no-such-role,-
shopping-list-clear-done,x-test-clear-done,shopping_list_component_html,epsilon-component,k,HTML Tag Insertion,NA,no-such-role,-
stats-stats-title,x-test-stats-title,stats_component_html,alpha-target,h,HTML Tag Movement (between two templates),NA,between-templates-na-perfile,-
stats-stats-title,x-test-stats-title,stats_component_html,alpha-target,i,HTML Tag Removal,NA,would-drop-x-test,-
stats-stats-title,x-test-stats-title,stats_component_html,alpha-target,a,Attribute Value Modification,APPLICABLE,,-
stats-stats-title,x-test-stats-title,stats_component_html,alpha-target,b,Attribute Removal,APPLICABLE,,-
stats-stats-title,x-test-stats-title,stats_component_html,alpha-target,c,Attribute Identifier Modification,APPLICABLE,,-
stats-stats-title,x-test-stats-title,stats_component_html,alpha-target,d,Text Content Modification,APPLICABLE,,-
stats-stats-title,x-test-stats-title,stats_component_html,alpha-target,e,Text Content Removal,APPLICABLE,,-
stats-stats-title,x-test-stats-title,stats_component_html,alpha-target,f,HTML Tag Movement (within a container),APPLICABLE,,-
stats-stats-title,x-test-stats-title,stats_component_html,alpha-target,g,HTML Tag Movement (any point of the HTML tree),APPLICABLE,,-
stats-stats-title,x-test-stats-title,stats_component_html,alpha-target,j,HTML Tag Type Modification,APPLICABLE,,-
stats-stats-title,x-test-stats-title,stats_component_html,alpha-target,k,HTML Tag Insertion,APPLICABLE,,-
stats-stats-title,x-test-stats-title,stats_component_html,beta-parent,d,Text Content Modification,NA,no-text-content,-
stats-stats-title,x-test-stats-title,stats_component_html,beta-parent,e,Text Content Removal,NA,no-text-content,-
stats-stats-title,x-test-stats-title,stats_component_html,beta-parent,f,HTML Tag Movement (within a container),NA,no-sibling-to-reorder,-
stats-stats-title,x-test-stats-title,stats_component_html,beta-parent,h,HTML Tag Movement (between two templates),NA,between-templates-na-perfile,-
stats-stats-title,x-test-stats-title,stats_component_html,beta-parent,a,Attribute Value Modification,APPLICABLE,,-
stats-stats-title,x-test-stats-title,stats_component_html,beta-parent,b,Attribute Removal,APPLICABLE,,-
stats-stats-title,x-test-stats-title,stats_component_html,beta-parent,c,Attribute Identifier Modification,APPLICABLE,,-
stats-stats-title,x-test-stats-title,stats_component_html,beta-parent,g,HTML Tag Movement (any point of the HTML tree),APPLICABLE,,-
stats-stats-title,x-test-stats-title,stats_component_html,beta-parent,i,HTML Tag Removal,APPLICABLE,,-
stats-stats-title,x-test-stats-title,stats_component_html,beta-parent,j,HTML Tag Type Modification,APPLICABLE,,-
stats-stats-title,x-test-stats-title,stats_component_html,beta-parent,k,HTML Tag Insertion,APPLICABLE,,-
stats-stats-title,x-test-stats-title,stats_component_html,gamma-ancestor,d,Text Content Modification,NA,no-text-content,-
stats-stats-title,x-test-stats-title,stats_component_html,gamma-ancestor,e,Text Content Removal,NA,no-text-content,-
stats-stats-title,x-test-stats-title,stats_component_html,gamma-ancestor,h,HTML Tag Movement (between two templates),NA,between-templates-na-perfile,-
stats-stats-title,x-test-stats-title,stats_component_html,gamma-ancestor,a,Attribute Value Modification,APPLICABLE,,-
stats-stats-title,x-test-stats-title,stats_component_html,gamma-ancestor,b,Attribute Removal,APPLICABLE,,-
stats-stats-title,x-test-stats-title,stats_component_html,gamma-ancestor,c,Attribute Identifier Modification,APPLICABLE,,-
stats-stats-title,x-test-stats-title,stats_component_html,gamma-ancestor,f,HTML Tag Movement (within a container),APPLICABLE,,-
stats-stats-title,x-test-stats-title,stats_component_html,gamma-ancestor,g,HTML Tag Movement (any point of the HTML tree),APPLICABLE,,-
stats-stats-title,x-test-stats-title,stats_component_html,gamma-ancestor,i,HTML Tag Removal,APPLICABLE,,-
stats-stats-title,x-test-stats-title,stats_component_html,gamma-ancestor,j,HTML Tag Type Modification,APPLICABLE,,-
stats-stats-title,x-test-stats-title,stats_component_html,gamma-ancestor,k,HTML Tag Insertion,APPLICABLE,,-
stats-stats-title,x-test-stats-title,stats_component_html,delta-sibling,h,HTML Tag Movement (between two templates),NA,between-templates-na-perfile,-
stats-stats-title,x-test-stats-title,stats_component_html,delta-sibling,a,Attribute Value Modification,APPLICABLE,,-
stats-stats-title,x-test-stats-title,stats_component_html,delta-sibling,b,Attribute Removal,APPLICABLE,,-
stats-stats-title,x-test-stats-title,stats_component_html,delta-sibling,c,Attribute Identifier Modification,APPLICABLE,,-
stats-stats-title,x-test-stats-title,stats_component_html,delta-sibling,d,Text Content Modification,APPLICABLE,,-
stats-stats-title,x-test-stats-title,stats_component_html,delta-sibling,e,Text Content Removal,APPLICABLE,,-
stats-stats-title,x-test-stats-title,stats_component_html,delta-sibling,f,HTML Tag Movement (within a container),APPLICABLE,,-
stats-stats-title,x-test-stats-title,stats_component_html,delta-sibling,g,HTML Tag Movement (any point of the HTML tree),APPLICABLE,,-
stats-stats-title,x-test-stats-title,stats_component_html,delta-sibling,i,HTML Tag Removal,APPLICABLE,,-
stats-stats-title,x-test-stats-title,stats_component_html,delta-sibling,j,HTML Tag Type Modification,APPLICABLE,,-
stats-stats-title,x-test-stats-title,stats_component_html,delta-sibling,k,HTML Tag Insertion,APPLICABLE,,-
stats-stats-title,x-test-stats-title,stats_component_html,epsilon-component,a,Attribute Value Modification,NA,no-such-role,-
stats-stats-title,x-test-stats-title,stats_component_html,epsilon-component,b,Attribute Removal,NA,no-such-role,-
stats-stats-title,x-test-stats-title,stats_component_html,epsilon-component,c,Attribute Identifier Modification,NA,no-such-role,-
stats-stats-title,x-test-stats-title,stats_component_html,epsilon-component,d,Text Content Modification,NA,no-such-role,-
stats-stats-title,x-test-stats-title,stats_component_html,epsilon-component,e,Text Content Removal,NA,no-such-role,-
stats-stats-title,x-test-stats-title,stats_component_html,epsilon-component,f,HTML Tag Movement (within a container),NA,no-such-role,-
stats-stats-title,x-test-stats-title,stats_component_html,epsilon-component,g,HTML Tag Movement (any point of the HTML tree),NA,no-such-role,-
stats-stats-title,x-test-stats-title,stats_component_html,epsilon-component,h,HTML Tag Movement (between two templates),NA,no-such-role,-
stats-stats-title,x-test-stats-title,stats_component_html,epsilon-component,i,HTML Tag Removal,NA,no-such-role,-
stats-stats-title,x-test-stats-title,stats_component_html,epsilon-component,j,HTML Tag Type Modification,NA,no-such-role,-
stats-stats-title,x-test-stats-title,stats_component_html,epsilon-component,k,HTML Tag Insertion,NA,no-such-role,-
stats-stat-total,x-test-stat-total,stats_component_html,alpha-target,h,HTML Tag Movement (between two templates),NA,between-templates-na-perfile,-
stats-stat-total,x-test-stat-total,stats_component_html,alpha-target,i,HTML Tag Removal,NA,would-drop-x-test,-
stats-stat-total,x-test-stat-total,stats_component_html,alpha-target,a,Attribute Value Modification,APPLICABLE,,-
stats-stat-total,x-test-stat-total,stats_component_html,alpha-target,b,Attribute Removal,APPLICABLE,,-
stats-stat-total,x-test-stat-total,stats_component_html,alpha-target,c,Attribute Identifier Modification,APPLICABLE,,-
stats-stat-total,x-test-stat-total,stats_component_html,alpha-target,d,Text Content Modification,APPLICABLE,,-
stats-stat-total,x-test-stat-total,stats_component_html,alpha-target,e,Text Content Removal,APPLICABLE,,-
stats-stat-total,x-test-stat-total,stats_component_html,alpha-target,f,HTML Tag Movement (within a container),APPLICABLE,,-
stats-stat-total,x-test-stat-total,stats_component_html,alpha-target,g,HTML Tag Movement (any point of the HTML tree),APPLICABLE,,-
stats-stat-total,x-test-stat-total,stats_component_html,alpha-target,j,HTML Tag Type Modification,APPLICABLE,,-
stats-stat-total,x-test-stat-total,stats_component_html,alpha-target,k,HTML Tag Insertion,APPLICABLE,,-
stats-stat-total,x-test-stat-total,stats_component_html,beta-parent,d,Text Content Modification,NA,no-text-content,-
stats-stat-total,x-test-stat-total,stats_component_html,beta-parent,e,Text Content Removal,NA,no-text-content,-
stats-stat-total,x-test-stat-total,stats_component_html,beta-parent,f,HTML Tag Movement (within a container),NA,no-sibling-to-reorder,-
stats-stat-total,x-test-stat-total,stats_component_html,beta-parent,h,HTML Tag Movement (between two templates),NA,between-templates-na-perfile,-
stats-stat-total,x-test-stat-total,stats_component_html,beta-parent,a,Attribute Value Modification,APPLICABLE,,-
stats-stat-total,x-test-stat-total,stats_component_html,beta-parent,b,Attribute Removal,APPLICABLE,,-
stats-stat-total,x-test-stat-total,stats_component_html,beta-parent,c,Attribute Identifier Modification,APPLICABLE,,-
stats-stat-total,x-test-stat-total,stats_component_html,beta-parent,g,HTML Tag Movement (any point of the HTML tree),APPLICABLE,,-
stats-stat-total,x-test-stat-total,stats_component_html,beta-parent,i,HTML Tag Removal,APPLICABLE,,-
stats-stat-total,x-test-stat-total,stats_component_html,beta-parent,j,HTML Tag Type Modification,APPLICABLE,,-
stats-stat-total,x-test-stat-total,stats_component_html,beta-parent,k,HTML Tag Insertion,APPLICABLE,,-
stats-stat-total,x-test-stat-total,stats_component_html,gamma-ancestor,d,Text Content Modification,NA,no-text-content,-
stats-stat-total,x-test-stat-total,stats_component_html,gamma-ancestor,e,Text Content Removal,NA,no-text-content,-
stats-stat-total,x-test-stat-total,stats_component_html,gamma-ancestor,h,HTML Tag Movement (between two templates),NA,between-templates-na-perfile,-
stats-stat-total,x-test-stat-total,stats_component_html,gamma-ancestor,a,Attribute Value Modification,APPLICABLE,,-
stats-stat-total,x-test-stat-total,stats_component_html,gamma-ancestor,b,Attribute Removal,APPLICABLE,,-
stats-stat-total,x-test-stat-total,stats_component_html,gamma-ancestor,c,Attribute Identifier Modification,APPLICABLE,,-
stats-stat-total,x-test-stat-total,stats_component_html,gamma-ancestor,f,HTML Tag Movement (within a container),APPLICABLE,,-
stats-stat-total,x-test-stat-total,stats_component_html,gamma-ancestor,g,HTML Tag Movement (any point of the HTML tree),APPLICABLE,,-
stats-stat-total,x-test-stat-total,stats_component_html,gamma-ancestor,i,HTML Tag Removal,APPLICABLE,,-
stats-stat-total,x-test-stat-total,stats_component_html,gamma-ancestor,j,HTML Tag Type Modification,APPLICABLE,,-
stats-stat-total,x-test-stat-total,stats_component_html,gamma-ancestor,k,HTML Tag Insertion,APPLICABLE,,-
stats-stat-total,x-test-stat-total,stats_component_html,delta-sibling,h,HTML Tag Movement (between two templates),NA,between-templates-na-perfile,-
stats-stat-total,x-test-stat-total,stats_component_html,delta-sibling,a,Attribute Value Modification,APPLICABLE,,-
stats-stat-total,x-test-stat-total,stats_component_html,delta-sibling,b,Attribute Removal,APPLICABLE,,-
stats-stat-total,x-test-stat-total,stats_component_html,delta-sibling,c,Attribute Identifier Modification,APPLICABLE,,-
stats-stat-total,x-test-stat-total,stats_component_html,delta-sibling,d,Text Content Modification,APPLICABLE,,-
stats-stat-total,x-test-stat-total,stats_component_html,delta-sibling,e,Text Content Removal,APPLICABLE,,-
stats-stat-total,x-test-stat-total,stats_component_html,delta-sibling,f,HTML Tag Movement (within a container),APPLICABLE,,-
stats-stat-total,x-test-stat-total,stats_component_html,delta-sibling,g,HTML Tag Movement (any point of the HTML tree),APPLICABLE,,-
stats-stat-total,x-test-stat-total,stats_component_html,delta-sibling,i,HTML Tag Removal,APPLICABLE,,-
stats-stat-total,x-test-stat-total,stats_component_html,delta-sibling,j,HTML Tag Type Modification,APPLICABLE,,-
stats-stat-total,x-test-stat-total,stats_component_html,delta-sibling,k,HTML Tag Insertion,APPLICABLE,,-
stats-stat-total,x-test-stat-total,stats_component_html,epsilon-component,a,Attribute Value Modification,NA,no-such-role,-
stats-stat-total,x-test-stat-total,stats_component_html,epsilon-component,b,Attribute Removal,NA,no-such-role,-
stats-stat-total,x-test-stat-total,stats_component_html,epsilon-component,c,Attribute Identifier Modification,NA,no-such-role,-
stats-stat-total,x-test-stat-total,stats_component_html,epsilon-component,d,Text Content Modification,NA,no-such-role,-
stats-stat-total,x-test-stat-total,stats_component_html,epsilon-component,e,Text Content Removal,NA,no-such-role,-
stats-stat-total,x-test-stat-total,stats_component_html,epsilon-component,f,HTML Tag Movement (within a container),NA,no-such-role,-
stats-stat-total,x-test-stat-total,stats_component_html,epsilon-component,g,HTML Tag Movement (any point of the HTML tree),NA,no-such-role,-
stats-stat-total,x-test-stat-total,stats_component_html,epsilon-component,h,HTML Tag Movement (between two templates),NA,no-such-role,-
stats-stat-total,x-test-stat-total,stats_component_html,epsilon-component,i,HTML Tag Removal,NA,no-such-role,-
stats-stat-total,x-test-stat-total,stats_component_html,epsilon-component,j,HTML Tag Type Modification,NA,no-such-role,-
stats-stat-total,x-test-stat-total,stats_component_html,epsilon-component,k,HTML Tag Insertion,NA,no-such-role,-
stats-stat-veg,x-test-stat-veg,stats_component_html,alpha-target,h,HTML Tag Movement (between two templates),NA,between-templates-na-perfile,-
stats-stat-veg,x-test-stat-veg,stats_component_html,alpha-target,i,HTML Tag Removal,NA,would-drop-x-test,-
stats-stat-veg,x-test-stat-veg,stats_component_html,alpha-target,a,Attribute Value Modification,APPLICABLE,,-
stats-stat-veg,x-test-stat-veg,stats_component_html,alpha-target,b,Attribute Removal,APPLICABLE,,-
stats-stat-veg,x-test-stat-veg,stats_component_html,alpha-target,c,Attribute Identifier Modification,APPLICABLE,,-
stats-stat-veg,x-test-stat-veg,stats_component_html,alpha-target,d,Text Content Modification,APPLICABLE,,-
stats-stat-veg,x-test-stat-veg,stats_component_html,alpha-target,e,Text Content Removal,APPLICABLE,,-
stats-stat-veg,x-test-stat-veg,stats_component_html,alpha-target,f,HTML Tag Movement (within a container),APPLICABLE,,-
stats-stat-veg,x-test-stat-veg,stats_component_html,alpha-target,g,HTML Tag Movement (any point of the HTML tree),APPLICABLE,,-
stats-stat-veg,x-test-stat-veg,stats_component_html,alpha-target,j,HTML Tag Type Modification,APPLICABLE,,-
stats-stat-veg,x-test-stat-veg,stats_component_html,alpha-target,k,HTML Tag Insertion,APPLICABLE,,-
stats-stat-veg,x-test-stat-veg,stats_component_html,beta-parent,d,Text Content Modification,NA,no-text-content,-
stats-stat-veg,x-test-stat-veg,stats_component_html,beta-parent,e,Text Content Removal,NA,no-text-content,-
stats-stat-veg,x-test-stat-veg,stats_component_html,beta-parent,f,HTML Tag Movement (within a container),NA,no-sibling-to-reorder,-
stats-stat-veg,x-test-stat-veg,stats_component_html,beta-parent,h,HTML Tag Movement (between two templates),NA,between-templates-na-perfile,-
stats-stat-veg,x-test-stat-veg,stats_component_html,beta-parent,a,Attribute Value Modification,APPLICABLE,,-
stats-stat-veg,x-test-stat-veg,stats_component_html,beta-parent,b,Attribute Removal,APPLICABLE,,-
stats-stat-veg,x-test-stat-veg,stats_component_html,beta-parent,c,Attribute Identifier Modification,APPLICABLE,,-
stats-stat-veg,x-test-stat-veg,stats_component_html,beta-parent,g,HTML Tag Movement (any point of the HTML tree),APPLICABLE,,-
stats-stat-veg,x-test-stat-veg,stats_component_html,beta-parent,i,HTML Tag Removal,APPLICABLE,,-
stats-stat-veg,x-test-stat-veg,stats_component_html,beta-parent,j,HTML Tag Type Modification,APPLICABLE,,-
stats-stat-veg,x-test-stat-veg,stats_component_html,beta-parent,k,HTML Tag Insertion,APPLICABLE,,-
stats-stat-veg,x-test-stat-veg,stats_component_html,gamma-ancestor,d,Text Content Modification,NA,no-text-content,-
stats-stat-veg,x-test-stat-veg,stats_component_html,gamma-ancestor,e,Text Content Removal,NA,no-text-content,-
stats-stat-veg,x-test-stat-veg,stats_component_html,gamma-ancestor,h,HTML Tag Movement (between two templates),NA,between-templates-na-perfile,-
stats-stat-veg,x-test-stat-veg,stats_component_html,gamma-ancestor,a,Attribute Value Modification,APPLICABLE,,-
stats-stat-veg,x-test-stat-veg,stats_component_html,gamma-ancestor,b,Attribute Removal,APPLICABLE,,-
stats-stat-veg,x-test-stat-veg,stats_component_html,gamma-ancestor,c,Attribute Identifier Modification,APPLICABLE,,-
stats-stat-veg,x-test-stat-veg,stats_component_html,gamma-ancestor,f,HTML Tag Movement (within a container),APPLICABLE,,-
stats-stat-veg,x-test-stat-veg,stats_component_html,gamma-ancestor,g,HTML Tag Movement (any point of the HTML tree),APPLICABLE,,-
stats-stat-veg,x-test-stat-veg,stats_component_html,gamma-ancestor,i,HTML Tag Removal,APPLICABLE,,-
stats-stat-veg,x-test-stat-veg,stats_component_html,gamma-ancestor,j,HTML Tag Type Modification,APPLICABLE,,-
stats-stat-veg,x-test-stat-veg,stats_component_html,gamma-ancestor,k,HTML Tag Insertion,APPLICABLE,,-
stats-stat-veg,x-test-stat-veg,stats_component_html,delta-sibling,h,HTML Tag Movement (between two templates),NA,between-templates-na-perfile,-
stats-stat-veg,x-test-stat-veg,stats_component_html,delta-sibling,a,Attribute Value Modification,APPLICABLE,,-
stats-stat-veg,x-test-stat-veg,stats_component_html,delta-sibling,b,Attribute Removal,APPLICABLE,,-
stats-stat-veg,x-test-stat-veg,stats_component_html,delta-sibling,c,Attribute Identifier Modification,APPLICABLE,,-
stats-stat-veg,x-test-stat-veg,stats_component_html,delta-sibling,d,Text Content Modification,APPLICABLE,,-
stats-stat-veg,x-test-stat-veg,stats_component_html,delta-sibling,e,Text Content Removal,APPLICABLE,,-
stats-stat-veg,x-test-stat-veg,stats_component_html,delta-sibling,f,HTML Tag Movement (within a container),APPLICABLE,,-
stats-stat-veg,x-test-stat-veg,stats_component_html,delta-sibling,g,HTML Tag Movement (any point of the HTML tree),APPLICABLE,,-
stats-stat-veg,x-test-stat-veg,stats_component_html,delta-sibling,i,HTML Tag Removal,APPLICABLE,,-
stats-stat-veg,x-test-stat-veg,stats_component_html,delta-sibling,j,HTML Tag Type Modification,APPLICABLE,,-
stats-stat-veg,x-test-stat-veg,stats_component_html,delta-sibling,k,HTML Tag Insertion,APPLICABLE,,-
stats-stat-veg,x-test-stat-veg,stats_component_html,epsilon-component,a,Attribute Value Modification,NA,no-such-role,-
stats-stat-veg,x-test-stat-veg,stats_component_html,epsilon-component,b,Attribute Removal,NA,no-such-role,-
stats-stat-veg,x-test-stat-veg,stats_component_html,epsilon-component,c,Attribute Identifier Modification,NA,no-such-role,-
stats-stat-veg,x-test-stat-veg,stats_component_html,epsilon-component,d,Text Content Modification,NA,no-such-role,-
stats-stat-veg,x-test-stat-veg,stats_component_html,epsilon-component,e,Text Content Removal,NA,no-such-role,-
stats-stat-veg,x-test-stat-veg,stats_component_html,epsilon-component,f,HTML Tag Movement (within a container),NA,no-such-role,-
stats-stat-veg,x-test-stat-veg,stats_component_html,epsilon-component,g,HTML Tag Movement (any point of the HTML tree),NA,no-such-role,-
stats-stat-veg,x-test-stat-veg,stats_component_html,epsilon-component,h,HTML Tag Movement (between two templates),NA,no-such-role,-
stats-stat-veg,x-test-stat-veg,stats_component_html,epsilon-component,i,HTML Tag Removal,NA,no-such-role,-
stats-stat-veg,x-test-stat-veg,stats_component_html,epsilon-component,j,HTML Tag Type Modification,NA,no-such-role,-
stats-stat-veg,x-test-stat-veg,stats_component_html,epsilon-component,k,HTML Tag Insertion,NA,no-such-role,-
stats-stat-time,x-test-stat-time,stats_component_html,alpha-target,h,HTML Tag Movement (between two templates),NA,between-templates-na-perfile,-
stats-stat-time,x-test-stat-time,stats_component_html,alpha-target,i,HTML Tag Removal,NA,would-drop-x-test,-
stats-stat-time,x-test-stat-time,stats_component_html,alpha-target,a,Attribute Value Modification,APPLICABLE,,-
stats-stat-time,x-test-stat-time,stats_component_html,alpha-target,b,Attribute Removal,APPLICABLE,,-
stats-stat-time,x-test-stat-time,stats_component_html,alpha-target,c,Attribute Identifier Modification,APPLICABLE,,-
stats-stat-time,x-test-stat-time,stats_component_html,alpha-target,d,Text Content Modification,APPLICABLE,,-
stats-stat-time,x-test-stat-time,stats_component_html,alpha-target,e,Text Content Removal,APPLICABLE,,-
stats-stat-time,x-test-stat-time,stats_component_html,alpha-target,f,HTML Tag Movement (within a container),APPLICABLE,,-
stats-stat-time,x-test-stat-time,stats_component_html,alpha-target,g,HTML Tag Movement (any point of the HTML tree),APPLICABLE,,-
stats-stat-time,x-test-stat-time,stats_component_html,alpha-target,j,HTML Tag Type Modification,APPLICABLE,,-
stats-stat-time,x-test-stat-time,stats_component_html,alpha-target,k,HTML Tag Insertion,APPLICABLE,,-
stats-stat-time,x-test-stat-time,stats_component_html,beta-parent,d,Text Content Modification,NA,no-text-content,-
stats-stat-time,x-test-stat-time,stats_component_html,beta-parent,e,Text Content Removal,NA,no-text-content,-
stats-stat-time,x-test-stat-time,stats_component_html,beta-parent,f,HTML Tag Movement (within a container),NA,no-sibling-to-reorder,-
stats-stat-time,x-test-stat-time,stats_component_html,beta-parent,h,HTML Tag Movement (between two templates),NA,between-templates-na-perfile,-
stats-stat-time,x-test-stat-time,stats_component_html,beta-parent,a,Attribute Value Modification,APPLICABLE,,-
stats-stat-time,x-test-stat-time,stats_component_html,beta-parent,b,Attribute Removal,APPLICABLE,,-
stats-stat-time,x-test-stat-time,stats_component_html,beta-parent,c,Attribute Identifier Modification,APPLICABLE,,-
stats-stat-time,x-test-stat-time,stats_component_html,beta-parent,g,HTML Tag Movement (any point of the HTML tree),APPLICABLE,,-
stats-stat-time,x-test-stat-time,stats_component_html,beta-parent,i,HTML Tag Removal,APPLICABLE,,-
stats-stat-time,x-test-stat-time,stats_component_html,beta-parent,j,HTML Tag Type Modification,APPLICABLE,,-
stats-stat-time,x-test-stat-time,stats_component_html,beta-parent,k,HTML Tag Insertion,APPLICABLE,,-
stats-stat-time,x-test-stat-time,stats_component_html,gamma-ancestor,d,Text Content Modification,NA,no-text-content,-
stats-stat-time,x-test-stat-time,stats_component_html,gamma-ancestor,e,Text Content Removal,NA,no-text-content,-
stats-stat-time,x-test-stat-time,stats_component_html,gamma-ancestor,h,HTML Tag Movement (between two templates),NA,between-templates-na-perfile,-
stats-stat-time,x-test-stat-time,stats_component_html,gamma-ancestor,a,Attribute Value Modification,APPLICABLE,,-
stats-stat-time,x-test-stat-time,stats_component_html,gamma-ancestor,b,Attribute Removal,APPLICABLE,,-
stats-stat-time,x-test-stat-time,stats_component_html,gamma-ancestor,c,Attribute Identifier Modification,APPLICABLE,,-
stats-stat-time,x-test-stat-time,stats_component_html,gamma-ancestor,f,HTML Tag Movement (within a container),APPLICABLE,,-
stats-stat-time,x-test-stat-time,stats_component_html,gamma-ancestor,g,HTML Tag Movement (any point of the HTML tree),APPLICABLE,,-
stats-stat-time,x-test-stat-time,stats_component_html,gamma-ancestor,i,HTML Tag Removal,APPLICABLE,,-
stats-stat-time,x-test-stat-time,stats_component_html,gamma-ancestor,j,HTML Tag Type Modification,APPLICABLE,,-
stats-stat-time,x-test-stat-time,stats_component_html,gamma-ancestor,k,HTML Tag Insertion,APPLICABLE,,-
stats-stat-time,x-test-stat-time,stats_component_html,delta-sibling,h,HTML Tag Movement (between two templates),NA,between-templates-na-perfile,-
stats-stat-time,x-test-stat-time,stats_component_html,delta-sibling,a,Attribute Value Modification,APPLICABLE,,-
stats-stat-time,x-test-stat-time,stats_component_html,delta-sibling,b,Attribute Removal,APPLICABLE,,-
stats-stat-time,x-test-stat-time,stats_component_html,delta-sibling,c,Attribute Identifier Modification,APPLICABLE,,-
stats-stat-time,x-test-stat-time,stats_component_html,delta-sibling,d,Text Content Modification,APPLICABLE,,-
stats-stat-time,x-test-stat-time,stats_component_html,delta-sibling,e,Text Content Removal,APPLICABLE,,-
stats-stat-time,x-test-stat-time,stats_component_html,delta-sibling,f,HTML Tag Movement (within a container),APPLICABLE,,-
stats-stat-time,x-test-stat-time,stats_component_html,delta-sibling,g,HTML Tag Movement (any point of the HTML tree),APPLICABLE,,-
stats-stat-time,x-test-stat-time,stats_component_html,delta-sibling,i,HTML Tag Removal,APPLICABLE,,-
stats-stat-time,x-test-stat-time,stats_component_html,delta-sibling,j,HTML Tag Type Modification,APPLICABLE,,-
stats-stat-time,x-test-stat-time,stats_component_html,delta-sibling,k,HTML Tag Insertion,APPLICABLE,,-
stats-stat-time,x-test-stat-time,stats_component_html,epsilon-component,a,Attribute Value Modification,NA,no-such-role,-
stats-stat-time,x-test-stat-time,stats_component_html,epsilon-component,b,Attribute Removal,NA,no-such-role,-
stats-stat-time,x-test-stat-time,stats_component_html,epsilon-component,c,Attribute Identifier Modification,NA,no-such-role,-
stats-stat-time,x-test-stat-time,stats_component_html,epsilon-component,d,Text Content Modification,NA,no-such-role,-
stats-stat-time,x-test-stat-time,stats_component_html,epsilon-component,e,Text Content Removal,NA,no-such-role,-
stats-stat-time,x-test-stat-time,stats_component_html,epsilon-component,f,HTML Tag Movement (within a container),NA,no-such-role,-
stats-stat-time,x-test-stat-time,stats_component_html,epsilon-component,g,HTML Tag Movement (any point of the HTML tree),NA,no-such-role,-
stats-stat-time,x-test-stat-time,stats_component_html,epsilon-component,h,HTML Tag Movement (between two templates),NA,no-such-role,-
stats-stat-time,x-test-stat-time,stats_component_html,epsilon-component,i,HTML Tag Removal,NA,no-such-role,-
stats-stat-time,x-test-stat-time,stats_component_html,epsilon-component,j,HTML Tag Type Modification,NA,no-such-role,-
stats-stat-time,x-test-stat-time,stats_component_html,epsilon-component,k,HTML Tag Insertion,NA,no-such-role,-
stats-stat-fav,x-test-stat-fav,stats_component_html,alpha-target,h,HTML Tag Movement (between two templates),NA,between-templates-na-perfile,-
stats-stat-fav,x-test-stat-fav,stats_component_html,alpha-target,i,HTML Tag Removal,NA,would-drop-x-test,-
stats-stat-fav,x-test-stat-fav,stats_component_html,alpha-target,a,Attribute Value Modification,APPLICABLE,,-
stats-stat-fav,x-test-stat-fav,stats_component_html,alpha-target,b,Attribute Removal,APPLICABLE,,-
stats-stat-fav,x-test-stat-fav,stats_component_html,alpha-target,c,Attribute Identifier Modification,APPLICABLE,,-
stats-stat-fav,x-test-stat-fav,stats_component_html,alpha-target,d,Text Content Modification,APPLICABLE,,-
stats-stat-fav,x-test-stat-fav,stats_component_html,alpha-target,e,Text Content Removal,APPLICABLE,,-
stats-stat-fav,x-test-stat-fav,stats_component_html,alpha-target,f,HTML Tag Movement (within a container),APPLICABLE,,-
stats-stat-fav,x-test-stat-fav,stats_component_html,alpha-target,g,HTML Tag Movement (any point of the HTML tree),APPLICABLE,,-
stats-stat-fav,x-test-stat-fav,stats_component_html,alpha-target,j,HTML Tag Type Modification,APPLICABLE,,-
stats-stat-fav,x-test-stat-fav,stats_component_html,alpha-target,k,HTML Tag Insertion,APPLICABLE,,-
stats-stat-fav,x-test-stat-fav,stats_component_html,beta-parent,d,Text Content Modification,NA,no-text-content,-
stats-stat-fav,x-test-stat-fav,stats_component_html,beta-parent,e,Text Content Removal,NA,no-text-content,-
stats-stat-fav,x-test-stat-fav,stats_component_html,beta-parent,f,HTML Tag Movement (within a container),NA,no-sibling-to-reorder,-
stats-stat-fav,x-test-stat-fav,stats_component_html,beta-parent,h,HTML Tag Movement (between two templates),NA,between-templates-na-perfile,-
stats-stat-fav,x-test-stat-fav,stats_component_html,beta-parent,a,Attribute Value Modification,APPLICABLE,,-
stats-stat-fav,x-test-stat-fav,stats_component_html,beta-parent,b,Attribute Removal,APPLICABLE,,-
stats-stat-fav,x-test-stat-fav,stats_component_html,beta-parent,c,Attribute Identifier Modification,APPLICABLE,,-
stats-stat-fav,x-test-stat-fav,stats_component_html,beta-parent,g,HTML Tag Movement (any point of the HTML tree),APPLICABLE,,-
stats-stat-fav,x-test-stat-fav,stats_component_html,beta-parent,i,HTML Tag Removal,APPLICABLE,,-
stats-stat-fav,x-test-stat-fav,stats_component_html,beta-parent,j,HTML Tag Type Modification,APPLICABLE,,-
stats-stat-fav,x-test-stat-fav,stats_component_html,beta-parent,k,HTML Tag Insertion,APPLICABLE,,-
stats-stat-fav,x-test-stat-fav,stats_component_html,gamma-ancestor,d,Text Content Modification,NA,no-text-content,-
stats-stat-fav,x-test-stat-fav,stats_component_html,gamma-ancestor,e,Text Content Removal,NA,no-text-content,-
stats-stat-fav,x-test-stat-fav,stats_component_html,gamma-ancestor,h,HTML Tag Movement (between two templates),NA,between-templates-na-perfile,-
stats-stat-fav,x-test-stat-fav,stats_component_html,gamma-ancestor,a,Attribute Value Modification,APPLICABLE,,-
stats-stat-fav,x-test-stat-fav,stats_component_html,gamma-ancestor,b,Attribute Removal,APPLICABLE,,-
stats-stat-fav,x-test-stat-fav,stats_component_html,gamma-ancestor,c,Attribute Identifier Modification,APPLICABLE,,-
stats-stat-fav,x-test-stat-fav,stats_component_html,gamma-ancestor,f,HTML Tag Movement (within a container),APPLICABLE,,-
stats-stat-fav,x-test-stat-fav,stats_component_html,gamma-ancestor,g,HTML Tag Movement (any point of the HTML tree),APPLICABLE,,-
stats-stat-fav,x-test-stat-fav,stats_component_html,gamma-ancestor,i,HTML Tag Removal,APPLICABLE,,-
stats-stat-fav,x-test-stat-fav,stats_component_html,gamma-ancestor,j,HTML Tag Type Modification,APPLICABLE,,-
stats-stat-fav,x-test-stat-fav,stats_component_html,gamma-ancestor,k,HTML Tag Insertion,APPLICABLE,,-
stats-stat-fav,x-test-stat-fav,stats_component_html,delta-sibling,h,HTML Tag Movement (between two templates),NA,between-templates-na-perfile,-
stats-stat-fav,x-test-stat-fav,stats_component_html,delta-sibling,a,Attribute Value Modification,APPLICABLE,,-
stats-stat-fav,x-test-stat-fav,stats_component_html,delta-sibling,b,Attribute Removal,APPLICABLE,,-
stats-stat-fav,x-test-stat-fav,stats_component_html,delta-sibling,c,Attribute Identifier Modification,APPLICABLE,,-
stats-stat-fav,x-test-stat-fav,stats_component_html,delta-sibling,d,Text Content Modification,APPLICABLE,,-
stats-stat-fav,x-test-stat-fav,stats_component_html,delta-sibling,e,Text Content Removal,APPLICABLE,,-
stats-stat-fav,x-test-stat-fav,stats_component_html,delta-sibling,f,HTML Tag Movement (within a container),APPLICABLE,,-
stats-stat-fav,x-test-stat-fav,stats_component_html,delta-sibling,g,HTML Tag Movement (any point of the HTML tree),APPLICABLE,,-
stats-stat-fav,x-test-stat-fav,stats_component_html,delta-sibling,i,HTML Tag Removal,APPLICABLE,,-
stats-stat-fav,x-test-stat-fav,stats_component_html,delta-sibling,j,HTML Tag Type Modification,APPLICABLE,,-
stats-stat-fav,x-test-stat-fav,stats_component_html,delta-sibling,k,HTML Tag Insertion,APPLICABLE,,-
stats-stat-fav,x-test-stat-fav,stats_component_html,epsilon-component,a,Attribute Value Modification,NA,no-such-role,-
stats-stat-fav,x-test-stat-fav,stats_component_html,epsilon-component,b,Attribute Removal,NA,no-such-role,-
stats-stat-fav,x-test-stat-fav,stats_component_html,epsilon-component,c,Attribute Identifier Modification,NA,no-such-role,-
stats-stat-fav,x-test-stat-fav,stats_component_html,epsilon-component,d,Text Content Modification,NA,no-such-role,-
stats-stat-fav,x-test-stat-fav,stats_component_html,epsilon-component,e,Text Content Removal,NA,no-such-role,-
stats-stat-fav,x-test-stat-fav,stats_component_html,epsilon-component,f,HTML Tag Movement (within a container),NA,no-such-role,-
stats-stat-fav,x-test-stat-fav,stats_component_html,epsilon-component,g,HTML Tag Movement (any point of the HTML tree),NA,no-such-role,-
stats-stat-fav,x-test-stat-fav,stats_component_html,epsilon-component,h,HTML Tag Movement (between two templates),NA,no-such-role,-
stats-stat-fav,x-test-stat-fav,stats_component_html,epsilon-component,i,HTML Tag Removal,NA,no-such-role,-
stats-stat-fav,x-test-stat-fav,stats_component_html,epsilon-component,j,HTML Tag Type Modification,NA,no-such-role,-
stats-stat-fav,x-test-stat-fav,stats_component_html,epsilon-component,k,HTML Tag Insertion,NA,no-such-role,-
stats-course-count,[attr.x-test-course-count],stats_component_html,alpha-target,h,HTML Tag Movement (between two templates),NA,between-templates-na-perfile,-
stats-course-count,[attr.x-test-course-count],stats_component_html,alpha-target,a,Attribute Value Modification,APPLICABLE,,-
stats-course-count,[attr.x-test-course-count],stats_component_html,alpha-target,b,Attribute Removal,APPLICABLE,,-
stats-course-count,[attr.x-test-course-count],stats_component_html,alpha-target,c,Attribute Identifier Modification,APPLICABLE,,-
stats-course-count,[attr.x-test-course-count],stats_component_html,alpha-target,d,Text Content Modification,APPLICABLE,,-
stats-course-count,[attr.x-test-course-count],stats_component_html,alpha-target,e,Text Content Removal,APPLICABLE,,-
stats-course-count,[attr.x-test-course-count],stats_component_html,alpha-target,f,HTML Tag Movement (within a container),APPLICABLE,,-
stats-course-count,[attr.x-test-course-count],stats_component_html,alpha-target,g,HTML Tag Movement (any point of the HTML tree),APPLICABLE,,-
stats-course-count,[attr.x-test-course-count],stats_component_html,alpha-target,i,HTML Tag Removal,APPLICABLE,,-
stats-course-count,[attr.x-test-course-count],stats_component_html,alpha-target,j,HTML Tag Type Modification,APPLICABLE,,-
stats-course-count,[attr.x-test-course-count],stats_component_html,alpha-target,k,HTML Tag Insertion,APPLICABLE,,-
stats-course-count,[attr.x-test-course-count],stats_component_html,beta-parent,d,Text Content Modification,NA,no-text-content,-
stats-course-count,[attr.x-test-course-count],stats_component_html,beta-parent,e,Text Content Removal,NA,no-text-content,-
stats-course-count,[attr.x-test-course-count],stats_component_html,beta-parent,f,HTML Tag Movement (within a container),NA,no-sibling-to-reorder,-
stats-course-count,[attr.x-test-course-count],stats_component_html,beta-parent,h,HTML Tag Movement (between two templates),NA,between-templates-na-perfile,-
stats-course-count,[attr.x-test-course-count],stats_component_html,beta-parent,a,Attribute Value Modification,APPLICABLE,,-
stats-course-count,[attr.x-test-course-count],stats_component_html,beta-parent,b,Attribute Removal,APPLICABLE,,-
stats-course-count,[attr.x-test-course-count],stats_component_html,beta-parent,c,Attribute Identifier Modification,APPLICABLE,,-
stats-course-count,[attr.x-test-course-count],stats_component_html,beta-parent,g,HTML Tag Movement (any point of the HTML tree),APPLICABLE,,-
stats-course-count,[attr.x-test-course-count],stats_component_html,beta-parent,i,HTML Tag Removal,APPLICABLE,,-
stats-course-count,[attr.x-test-course-count],stats_component_html,beta-parent,j,HTML Tag Type Modification,APPLICABLE,,-
stats-course-count,[attr.x-test-course-count],stats_component_html,beta-parent,k,HTML Tag Insertion,APPLICABLE,,-
stats-course-count,[attr.x-test-course-count],stats_component_html,gamma-ancestor,f,HTML Tag Movement (within a container),NA,no-sibling-to-reorder,-
stats-course-count,[attr.x-test-course-count],stats_component_html,gamma-ancestor,h,HTML Tag Movement (between two templates),NA,between-templates-na-perfile,-
stats-course-count,[attr.x-test-course-count],stats_component_html,gamma-ancestor,a,Attribute Value Modification,APPLICABLE,,-
stats-course-count,[attr.x-test-course-count],stats_component_html,gamma-ancestor,b,Attribute Removal,APPLICABLE,,-
stats-course-count,[attr.x-test-course-count],stats_component_html,gamma-ancestor,c,Attribute Identifier Modification,APPLICABLE,,-
stats-course-count,[attr.x-test-course-count],stats_component_html,gamma-ancestor,d,Text Content Modification,APPLICABLE,,-
stats-course-count,[attr.x-test-course-count],stats_component_html,gamma-ancestor,e,Text Content Removal,APPLICABLE,,-
stats-course-count,[attr.x-test-course-count],stats_component_html,gamma-ancestor,g,HTML Tag Movement (any point of the HTML tree),APPLICABLE,,-
stats-course-count,[attr.x-test-course-count],stats_component_html,gamma-ancestor,i,HTML Tag Removal,APPLICABLE,,-
stats-course-count,[attr.x-test-course-count],stats_component_html,gamma-ancestor,j,HTML Tag Type Modification,APPLICABLE,,-
stats-course-count,[attr.x-test-course-count],stats_component_html,gamma-ancestor,k,HTML Tag Insertion,APPLICABLE,,-
stats-course-count,[attr.x-test-course-count],stats_component_html,delta-sibling,h,HTML Tag Movement (between two templates),NA,between-templates-na-perfile,-
stats-course-count,[attr.x-test-course-count],stats_component_html,delta-sibling,a,Attribute Value Modification,APPLICABLE,,-
stats-course-count,[attr.x-test-course-count],stats_component_html,delta-sibling,b,Attribute Removal,APPLICABLE,,-
stats-course-count,[attr.x-test-course-count],stats_component_html,delta-sibling,c,Attribute Identifier Modification,APPLICABLE,,-
stats-course-count,[attr.x-test-course-count],stats_component_html,delta-sibling,d,Text Content Modification,APPLICABLE,,-
stats-course-count,[attr.x-test-course-count],stats_component_html,delta-sibling,e,Text Content Removal,APPLICABLE,,-
stats-course-count,[attr.x-test-course-count],stats_component_html,delta-sibling,f,HTML Tag Movement (within a container),APPLICABLE,,-
stats-course-count,[attr.x-test-course-count],stats_component_html,delta-sibling,g,HTML Tag Movement (any point of the HTML tree),APPLICABLE,,-
stats-course-count,[attr.x-test-course-count],stats_component_html,delta-sibling,i,HTML Tag Removal,APPLICABLE,,-
stats-course-count,[attr.x-test-course-count],stats_component_html,delta-sibling,j,HTML Tag Type Modification,APPLICABLE,,-
stats-course-count,[attr.x-test-course-count],stats_component_html,delta-sibling,k,HTML Tag Insertion,APPLICABLE,,-
stats-course-count,[attr.x-test-course-count],stats_component_html,epsilon-component,d,Text Content Modification,NA,no-text-content,-
stats-course-count,[attr.x-test-course-count],stats_component_html,epsilon-component,e,Text Content Removal,NA,no-text-content,-
stats-course-count,[attr.x-test-course-count],stats_component_html,epsilon-component,h,HTML Tag Movement (between two templates),NA,between-templates-na-perfile,-
stats-course-count,[attr.x-test-course-count],stats_component_html,epsilon-component,a,Attribute Value Modification,APPLICABLE,,-
stats-course-count,[attr.x-test-course-count],stats_component_html,epsilon-component,b,Attribute Removal,APPLICABLE,,-
stats-course-count,[attr.x-test-course-count],stats_component_html,epsilon-component,c,Attribute Identifier Modification,APPLICABLE,,-
stats-course-count,[attr.x-test-course-count],stats_component_html,epsilon-component,f,HTML Tag Movement (within a container),APPLICABLE,,-
stats-course-count,[attr.x-test-course-count],stats_component_html,epsilon-component,g,HTML Tag Movement (any point of the HTML tree),APPLICABLE,,-
stats-course-count,[attr.x-test-course-count],stats_component_html,epsilon-component,i,HTML Tag Removal,APPLICABLE,,-
stats-course-count,[attr.x-test-course-count],stats_component_html,epsilon-component,j,HTML Tag Type Modification,APPLICABLE,,-
stats-course-count,[attr.x-test-course-count],stats_component_html,epsilon-component,k,HTML Tag Insertion,APPLICABLE,,-
stats-top-title,[attr.x-test-top-title],stats_component_html,alpha-target,h,HTML Tag Movement (between two templates),NA,between-templates-na-perfile,-
stats-top-title,[attr.x-test-top-title],stats_component_html,alpha-target,a,Attribute Value Modification,APPLICABLE,,-
stats-top-title,[attr.x-test-top-title],stats_component_html,alpha-target,b,Attribute Removal,APPLICABLE,,-
stats-top-title,[attr.x-test-top-title],stats_component_html,alpha-target,c,Attribute Identifier Modification,APPLICABLE,,-
stats-top-title,[attr.x-test-top-title],stats_component_html,alpha-target,d,Text Content Modification,APPLICABLE,,-
stats-top-title,[attr.x-test-top-title],stats_component_html,alpha-target,e,Text Content Removal,APPLICABLE,,-
stats-top-title,[attr.x-test-top-title],stats_component_html,alpha-target,f,HTML Tag Movement (within a container),APPLICABLE,,-
stats-top-title,[attr.x-test-top-title],stats_component_html,alpha-target,g,HTML Tag Movement (any point of the HTML tree),APPLICABLE,,-
stats-top-title,[attr.x-test-top-title],stats_component_html,alpha-target,i,HTML Tag Removal,APPLICABLE,,-
stats-top-title,[attr.x-test-top-title],stats_component_html,alpha-target,j,HTML Tag Type Modification,APPLICABLE,,-
stats-top-title,[attr.x-test-top-title],stats_component_html,alpha-target,k,HTML Tag Insertion,APPLICABLE,,-
stats-top-title,[attr.x-test-top-title],stats_component_html,beta-parent,d,Text Content Modification,NA,no-text-content,-
stats-top-title,[attr.x-test-top-title],stats_component_html,beta-parent,e,Text Content Removal,NA,no-text-content,-
stats-top-title,[attr.x-test-top-title],stats_component_html,beta-parent,f,HTML Tag Movement (within a container),NA,no-sibling-to-reorder,-
stats-top-title,[attr.x-test-top-title],stats_component_html,beta-parent,h,HTML Tag Movement (between two templates),NA,between-templates-na-perfile,-
stats-top-title,[attr.x-test-top-title],stats_component_html,beta-parent,a,Attribute Value Modification,APPLICABLE,,-
stats-top-title,[attr.x-test-top-title],stats_component_html,beta-parent,b,Attribute Removal,APPLICABLE,,-
stats-top-title,[attr.x-test-top-title],stats_component_html,beta-parent,c,Attribute Identifier Modification,APPLICABLE,,-
stats-top-title,[attr.x-test-top-title],stats_component_html,beta-parent,g,HTML Tag Movement (any point of the HTML tree),APPLICABLE,,-
stats-top-title,[attr.x-test-top-title],stats_component_html,beta-parent,i,HTML Tag Removal,APPLICABLE,,-
stats-top-title,[attr.x-test-top-title],stats_component_html,beta-parent,j,HTML Tag Type Modification,APPLICABLE,,-
stats-top-title,[attr.x-test-top-title],stats_component_html,beta-parent,k,HTML Tag Insertion,APPLICABLE,,-
stats-top-title,[attr.x-test-top-title],stats_component_html,gamma-ancestor,f,HTML Tag Movement (within a container),NA,no-sibling-to-reorder,-
stats-top-title,[attr.x-test-top-title],stats_component_html,gamma-ancestor,h,HTML Tag Movement (between two templates),NA,between-templates-na-perfile,-
stats-top-title,[attr.x-test-top-title],stats_component_html,gamma-ancestor,a,Attribute Value Modification,APPLICABLE,,-
stats-top-title,[attr.x-test-top-title],stats_component_html,gamma-ancestor,b,Attribute Removal,APPLICABLE,,-
stats-top-title,[attr.x-test-top-title],stats_component_html,gamma-ancestor,c,Attribute Identifier Modification,APPLICABLE,,-
stats-top-title,[attr.x-test-top-title],stats_component_html,gamma-ancestor,d,Text Content Modification,APPLICABLE,,-
stats-top-title,[attr.x-test-top-title],stats_component_html,gamma-ancestor,e,Text Content Removal,APPLICABLE,,-
stats-top-title,[attr.x-test-top-title],stats_component_html,gamma-ancestor,g,HTML Tag Movement (any point of the HTML tree),APPLICABLE,,-
stats-top-title,[attr.x-test-top-title],stats_component_html,gamma-ancestor,i,HTML Tag Removal,APPLICABLE,,-
stats-top-title,[attr.x-test-top-title],stats_component_html,gamma-ancestor,j,HTML Tag Type Modification,APPLICABLE,,-
stats-top-title,[attr.x-test-top-title],stats_component_html,gamma-ancestor,k,HTML Tag Insertion,APPLICABLE,,-
stats-top-title,[attr.x-test-top-title],stats_component_html,delta-sibling,h,HTML Tag Movement (between two templates),NA,between-templates-na-perfile,-
stats-top-title,[attr.x-test-top-title],stats_component_html,delta-sibling,a,Attribute Value Modification,APPLICABLE,,-
stats-top-title,[attr.x-test-top-title],stats_component_html,delta-sibling,b,Attribute Removal,APPLICABLE,,-
stats-top-title,[attr.x-test-top-title],stats_component_html,delta-sibling,c,Attribute Identifier Modification,APPLICABLE,,-
stats-top-title,[attr.x-test-top-title],stats_component_html,delta-sibling,d,Text Content Modification,APPLICABLE,,-
stats-top-title,[attr.x-test-top-title],stats_component_html,delta-sibling,e,Text Content Removal,APPLICABLE,,-
stats-top-title,[attr.x-test-top-title],stats_component_html,delta-sibling,f,HTML Tag Movement (within a container),APPLICABLE,,-
stats-top-title,[attr.x-test-top-title],stats_component_html,delta-sibling,g,HTML Tag Movement (any point of the HTML tree),APPLICABLE,,-
stats-top-title,[attr.x-test-top-title],stats_component_html,delta-sibling,i,HTML Tag Removal,APPLICABLE,,-
stats-top-title,[attr.x-test-top-title],stats_component_html,delta-sibling,j,HTML Tag Type Modification,APPLICABLE,,-
stats-top-title,[attr.x-test-top-title],stats_component_html,delta-sibling,k,HTML Tag Insertion,APPLICABLE,,-
stats-top-title,[attr.x-test-top-title],stats_component_html,epsilon-component,d,Text Content Modification,NA,no-text-content,-
stats-top-title,[attr.x-test-top-title],stats_component_html,epsilon-component,e,Text Content Removal,NA,no-text-content,-
stats-top-title,[attr.x-test-top-title],stats_component_html,epsilon-component,h,HTML Tag Movement (between two templates),NA,between-templates-na-perfile,-
stats-top-title,[attr.x-test-top-title],stats_component_html,epsilon-component,a,Attribute Value Modification,APPLICABLE,,-
stats-top-title,[attr.x-test-top-title],stats_component_html,epsilon-component,b,Attribute Removal,APPLICABLE,,-
stats-top-title,[attr.x-test-top-title],stats_component_html,epsilon-component,c,Attribute Identifier Modification,APPLICABLE,,-
stats-top-title,[attr.x-test-top-title],stats_component_html,epsilon-component,f,HTML Tag Movement (within a container),APPLICABLE,,-
stats-top-title,[attr.x-test-top-title],stats_component_html,epsilon-component,g,HTML Tag Movement (any point of the HTML tree),APPLICABLE,,-
stats-top-title,[attr.x-test-top-title],stats_component_html,epsilon-component,i,HTML Tag Removal,APPLICABLE,,-
stats-top-title,[attr.x-test-top-title],stats_component_html,epsilon-component,j,HTML Tag Type Modification,APPLICABLE,,-
stats-top-title,[attr.x-test-top-title],stats_component_html,epsilon-component,k,HTML Tag Insertion,APPLICABLE,,-
