Nome,Elemento,Mutazione,Stato,Errore
board-title,alpha,a,KO,Target element has no attributes
board-title,delta,a,OK,
board-title,beta,a,KO,Target element has no attributes
board-title,gamma,a,KO,Target element has no attributes
board-title,alpha,b,KO,Target element has no valid candidate attributes
board-title,delta,b,OK,
board-title,beta,b,KO,Target element has no valid candidate attributes
board-title,gamma,b,KO,Target element has no valid candidate attributes
board-title,alpha,c,KO,Target element has no id attribute
board-title,delta,c,KO,Target element has no id attribute
board-title,beta,c,KO,Target element has no id attribute
board-title,gamma,c,KO,Target element has no id attribute
board-title,alpha,d,OK,
board-title,delta,d,OK,
board-title,beta,d,KO,Target element text content is empty
board-title,gamma,d,KO,Target element text content is empty
board-title,alpha,e,OK,
board-title,delta,e,OK,
board-title,beta,e,KO,Target element text content is empty
board-title,gamma,e,KO,Target element text content is empty
board-title,alpha,f,OK,
board-title,delta,f,OK,
board-title,beta,f,OK,
board-title,gamma,f,KO,The parent is null or empty
board-title,alpha,g,OK,
board-title,delta,g,OK,
board-title,beta,g,OK,
board-title,gamma,g,OK,
board-title,alpha,h,OK,
board-title,delta,h,OK,
board-title,beta,h,OK,
board-title,gamma,h,OK,
board-title,alpha,i,OK,
board-title,delta,i,OK,
board-title,beta,i,OK,
board-title,gamma,i,OK,
board-title,alpha,j,OK,
board-title,delta,j,OK,
board-title,beta,j,OK,
board-title,gamma,j,OK,
board-title,alpha,k,OK,
board-title,delta,k,OK,
board-title,beta,k,OK,
board-title,gamma,k,OK,
board-demo-badge,alpha,a,OK,
board-demo-badge,delta,a,KO,Target element has no attributes
board-demo-badge,beta,a,KO,Target element has no attributes
board-demo-badge,gamma,a,KO,Target element has no attributes
board-demo-badge,alpha,b,OK,
board-demo-badge,delta,b,KO,Target element has no valid candidate attributes
board-demo-badge,beta,b,KO,Target element has no valid candidate attributes
board-demo-badge,gamma,b,KO,Target element has no valid candidate attributes
board-demo-badge,alpha,c,KO,Target element has no id attribute
board-demo-badge,delta,c,KO,Target element has no id attribute
board-demo-badge,beta,c,KO,Target element has no id attribute
board-demo-badge,gamma,c,KO,Target element has no id attribute
board-demo-badge,alpha,d,OK,
board-demo-badge,delta,d,OK,
board-demo-badge,beta,d,KO,Target element text content is empty
board-demo-badge,gamma,d,KO,Target element text content is empty
board-demo-badge,alpha,e,OK,
board-demo-badge,delta,e,OK,
board-demo-badge,beta,e,KO,Target element text content is empty
board-demo-badge,gamma,e,KO,Target element text content is empty
board-demo-badge,alpha,f,OK,
board-demo-badge,delta,f,OK,
board-demo-badge,beta,f,OK,
board-demo-badge,gamma,f,KO,The parent is null or empty
board-demo-badge,alpha,g,OK,
board-demo-badge,delta,g,OK,
board-demo-badge,beta,g,OK,
board-demo-badge,gamma,g,OK,
board-demo-badge,alpha,h,OK,
board-demo-badge,delta,h,OK,
board-demo-badge,beta,h,OK,
board-demo-badge,gamma,h,OK,
board-demo-badge,alpha,i,OK,
board-demo-badge,delta,i,OK,
board-demo-badge,beta,i,OK,
board-demo-badge,gamma,i,OK,
board-demo-badge,alpha,j,OK,
board-demo-badge,delta,j,OK,
board-demo-badge,beta,j,OK,
board-demo-badge,gamma,j,OK,
board-demo-badge,alpha,k,OK,
board-demo-badge,delta,k,OK,
board-demo-badge,beta,k,OK,
board-demo-badge,gamma,k,OK,
board-hint-banner,alpha,a,KO,Target element has no attributes
board-hint-banner,delta,a,OK,
board-hint-banner,beta,a,KO,Target element has no attributes
board-hint-banner,gamma,a,KO,Target element has no attributes
board-hint-banner,alpha,b,KO,Target element has no valid candidate attributes
board-hint-banner,delta,b,OK,
board-hint-banner,beta,b,KO,Target element has no valid candidate attributes
board-hint-banner,gamma,b,KO,Target element has no valid candidate attributes
board-hint-banner,alpha,c,KO,Target element has no id attribute
board-hint-banner,delta,c,KO,Target element has no id attribute
board-hint-banner,beta,c,KO,Target element has no id attribute
board-hint-banner,gamma,c,KO,Target element has no id attribute
board-hint-banner,alpha,d,OK,
board-hint-banner,delta,d,OK,
board-hint-banner,beta,d,KO,Target element text content is empty
board-hint-banner,gamma,d,KO,Target element text content is empty
board-hint-banner,alpha,e,OK,
board-hint-banner,delta,e,OK,
board-hint-banner,beta,e,KO,Target element text content is empty
board-hint-banner,gamma,e,KO,Target element text content is empty
board-hint-banner,alpha,f,OK,
board-hint-banner,delta,f,OK,
board-hint-banner,beta,f,OK,
board-hint-banner,gamma,f,KO,The parent is null or empty
board-hint-banner,alpha,g,OK,
board-hint-banner,delta,g,OK,
board-hint-banner,beta,g,OK,
board-hint-banner,gamma,g,OK,
board-hint-banner,alpha,h,OK,
board-hint-banner,delta,h,OK,
board-hint-banner,beta,h,OK,
board-hint-banner,gamma,h,OK,
board-hint-banner,alpha,i,OK,
board-hint-banner,delta,i,OK,
board-hint-banner,beta,i,OK,
board-hint-banner,gamma,i,OK,
board-hint-banner,alpha,j,OK,
board-hint-banner,delta,j,OK,
board-hint-banner,beta,j,OK,
board-hint-banner,gamma,j,OK,
board-hint-banner,alpha,k,OK,
board-hint-banner,delta,k,OK,
board-hint-banner,beta,k,OK,
board-hint-banner,gamma,k,OK,
board-search,alpha,a,OK,
board-search,delta,a,OK,
board-search,beta,a,OK,
board-search,gamma,a,OK,
board-search,alpha,b,OK,
board-search,delta,b,OK,
board-search,beta,b,OK,
board-search,gamma,b,OK,
board-search,alpha,c,OK,
board-search,delta,c,KO,Target element has no id attribute
board-search,beta,c,KO,Target element has no id attribute
board-search,gamma,c,KO,Target element has no id attribute
board-search,alpha,d,KO,Target element has no child nodes
board-search,delta,d,OK,
board-search,beta,d,KO,Target element text content is empty
board-search,gamma,d,KO,Target element text content is empty
board-search,alpha,e,KO,Target element has no child nodes
board-search,delta,e,OK,
board-search,beta,e,KO,Target element text content is empty
board-search,gamma,e,KO,Target element text content is empty
board-search,alpha,f,OK,
board-search,delta,f,OK,
board-search,beta,f,OK,
board-search,gamma,f,OK,
board-search,alpha,g,OK,
board-search,delta,g,OK,
board-search,beta,g,OK,
board-search,gamma,g,OK,
board-search,alpha,h,OK,
board-search,delta,h,OK,
board-search,beta,h,OK,
board-search,gamma,h,OK,
board-search,alpha,i,OK,
board-search,delta,i,OK,
board-search,beta,i,OK,
board-search,gamma,i,OK,
board-search,alpha,j,OK,
board-search,delta,j,OK,
board-search,beta,j,OK,
board-search,gamma,j,OK,
board-search,alpha,k,OK,
board-search,delta,k,OK,
board-search,beta,k,OK,
board-search,gamma,k,OK,
board-search-label,alpha,a,OK,
board-search-label,delta,a,OK,
board-search-label,beta,a,OK,
board-search-label,gamma,a,OK,
board-search-label,alpha,b,OK,
board-search-label,delta,b,OK,
board-search-label,beta,b,OK,
board-search-label,gamma,b,OK,
board-search-label,alpha,c,KO,Target element has no id attribute
board-search-label,delta,c,OK,
board-search-label,beta,c,KO,Target element has no id attribute
board-search-label,gamma,c,KO,Target element has no id attribute
board-search-label,alpha,d,OK,
board-search-label,delta,d,KO,Target element has no child nodes
board-search-label,beta,d,KO,Target element text content is empty
board-search-label,gamma,d,KO,Target element text content is empty
board-search-label,alpha,e,OK,
board-search-label,delta,e,KO,Target element has no child nodes
board-search-label,beta,e,KO,Target element text content is empty
board-search-label,gamma,e,KO,Target element text content is empty
board-search-label,alpha,f,OK,
board-search-label,delta,f,OK,
board-search-label,beta,f,OK,
board-search-label,gamma,f,OK,
board-search-label,alpha,g,OK,
board-search-label,delta,g,OK,
board-search-label,beta,g,OK,
board-search-label,gamma,g,OK,
board-search-label,alpha,h,OK,
board-search-label,delta,h,OK,
board-search-label,beta,h,OK,
board-search-label,gamma,h,OK,
board-search-label,alpha,i,OK,
board-search-label,delta,i,OK,
board-search-label,beta,i,OK,
board-search-label,gamma,i,OK,
board-search-label,alpha,j,OK,
board-search-label,delta,j,OK,
board-search-label,beta,j,OK,
board-search-label,gamma,j,OK,
board-search-label,alpha,k,OK,
board-search-label,delta,k,OK,
board-search-label,beta,k,OK,
board-search-label,gamma,k,OK,
board-filter-priority,alpha,a,OK,
board-filter-priority,delta,a,OK,
board-filter-priority,beta,a,KO,Target element has no attributes
board-filter-priority,gamma,a,OK,
board-filter-priority,alpha,b,OK,
board-filter-priority,delta,b,OK,
board-filter-priority,beta,b,KO,Target element has no valid candidate attributes
board-filter-priority,gamma,b,OK,
board-filter-priority,alpha,c,OK,
board-filter-priority,delta,c,KO,Target element has no id attribute
board-filter-priority,beta,c,KO,Target element has no id attribute
board-filter-priority,gamma,c,KO,Target element has no id attribute
board-filter-priority,alpha,d,KO,Target element text content is empty
board-filter-priority,delta,d,OK,
board-filter-priority,beta,d,KO,Target element text content is empty
board-filter-priority,gamma,d,KO,Target element text content is empty
board-filter-priority,alpha,e,KO,Target element text content is empty
board-filter-priority,delta,e,OK,
board-filter-priority,beta,e,KO,Target element text content is empty
board-filter-priority,gamma,e,KO,Target element text content is empty
board-filter-priority,alpha,f,OK,
board-filter-priority,delta,f,OK,
board-filter-priority,beta,f,OK,
board-filter-priority,gamma,f,OK,
board-filter-priority,alpha,g,OK,
board-filter-priority,delta,g,OK,
board-filter-priority,beta,g,OK,
board-filter-priority,gamma,g,OK,
board-filter-priority,alpha,h,OK,
board-filter-priority,delta,h,OK,
board-filter-priority,beta,h,OK,
board-filter-priority,gamma,h,OK,
board-filter-priority,alpha,i,OK,
board-filter-priority,delta,i,OK,
board-filter-priority,beta,i,OK,
board-filter-priority,gamma,i,OK,
board-filter-priority,alpha,j,OK,
board-filter-priority,delta,j,OK,
board-filter-priority,beta,j,OK,
board-filter-priority,gamma,j,OK,
board-filter-priority,alpha,k,OK,
board-filter-priority,delta,k,OK,
board-filter-priority,beta,k,OK,
board-filter-priority,gamma,k,OK,
board-priority-label,alpha,a,OK,
board-priority-label,delta,a,OK,
board-priority-label,beta,a,KO,Target element has no attributes
board-priority-label,gamma,a,OK,
board-priority-label,alpha,b,OK,
board-priority-label,delta,b,OK,
board-priority-label,beta,b,KO,Target element has no valid candidate attributes
board-priority-label,gamma,b,OK,
board-priority-label,alpha,c,KO,Target element has no id attribute
board-priority-label,delta,c,OK,
board-priority-label,beta,c,KO,Target element has no id attribute
board-priority-label,gamma,c,KO,Target element has no id attribute
board-priority-label,alpha,d,OK,
board-priority-label,delta,d,KO,Target element text content is empty
board-priority-label,beta,d,KO,Target element text content is empty
board-priority-label,gamma,d,KO,Target element text content is empty
board-priority-label,alpha,e,OK,
board-priority-label,delta,e,KO,Target element text content is empty
board-priority-label,beta,e,KO,Target element text content is empty
board-priority-label,gamma,e,KO,Target element text content is empty
board-priority-label,alpha,f,OK,
board-priority-label,delta,f,OK,
board-priority-label,beta,f,OK,
board-priority-label,gamma,f,OK,
board-priority-label,alpha,g,OK,
board-priority-label,delta,g,OK,
board-priority-label,beta,g,OK,
board-priority-label,gamma,g,OK,
board-priority-label,alpha,h,OK,
board-priority-label,delta,h,OK,
board-priority-label,beta,h,OK,
board-priority-label,gamma,h,OK,
board-priority-label,alpha,i,OK,
board-priority-label,delta,i,OK,
board-priority-label,beta,i,OK,
board-priority-label,gamma,i,OK,
board-priority-label,alpha,j,OK,
board-priority-label,delta,j,OK,
board-priority-label,beta,j,OK,
board-priority-label,gamma,j,OK,
board-priority-label,alpha,k,OK,
board-priority-label,delta,k,OK,
board-priority-label,beta,k,OK,
board-priority-label,gamma,k,OK,
board-filter-assignee,alpha,a,OK,
board-filter-assignee,delta,a,OK,
board-filter-assignee,beta,a,KO,Target element has no attributes
board-filter-assignee,gamma,a,OK,
board-filter-assignee,alpha,b,OK,
board-filter-assignee,delta,b,OK,
board-filter-assignee,beta,b,KO,Target element has no valid candidate attributes
board-filter-assignee,gamma,b,OK,
board-filter-assignee,alpha,c,OK,
board-filter-assignee,delta,c,KO,Target element has no id attribute
board-filter-assignee,beta,c,KO,Target element has no id attribute
board-filter-assignee,gamma,c,KO,Target element has no id attribute
board-filter-assignee,alpha,d,OK,
board-filter-assignee,delta,d,OK,
board-filter-assignee,beta,d,KO,Target element text content is empty
board-filter-assignee,gamma,d,KO,Target element text content is empty
board-filter-assignee,alpha,e,OK,
board-filter-assignee,delta,e,OK,
board-filter-assignee,beta,e,KO,Target element text content is empty
board-filter-assignee,gamma,e,KO,Target element text content is empty
board-filter-assignee,alpha,f,OK,
board-filter-assignee,delta,f,OK,
board-filter-assignee,beta,f,OK,
board-filter-assignee,gamma,f,OK,
board-filter-assignee,alpha,g,OK,
board-filter-assignee,delta,g,OK,
board-filter-assignee,beta,g,OK,
board-filter-assignee,gamma,g,OK,
board-filter-assignee,alpha,h,OK,
board-filter-assignee,delta,h,OK,
board-filter-assignee,beta,h,OK,
board-filter-assignee,gamma,h,OK,
board-filter-assignee,alpha,i,OK,
board-filter-assignee,delta,i,OK,
board-filter-assignee,beta,i,OK,
board-filter-assignee,gamma,i,OK,
board-filter-assignee,alpha,j,OK,
board-filter-assignee,delta,j,OK,
board-filter-assignee,beta,j,OK,
board-filter-assignee,gamma,j,OK,
board-filter-assignee,alpha,k,OK,
board-filter-assignee,delta,k,OK,
board-filter-assignee,beta,k,OK,
board-filter-assignee,gamma,k,OK,
board-assignee-label,alpha,a,OK,
board-assignee-label,delta,a,OK,
board-assignee-label,beta,a,KO,Target element has no attributes
board-assignee-label,gamma,a,OK,
board-assignee-label,alpha,b,OK,
board-assignee-label,delta,b,OK,
board-assignee-label,beta,b,KO,Target element has no valid candidate attributes
board-assignee-label,gamma,b,OK,
board-assignee-label,alpha,c,KO,Target element has no id attribute
board-assignee-label,delta,c,OK,
board-assignee-label,beta,c,KO,Target element has no id attribute
board-assignee-label,gamma,c,KO,Target element has no id attribute
board-assignee-label,alpha,d,OK,
board-assignee-label,delta,d,KO,Target element text content is empty
board-assignee-label,beta,d,KO,Target element text content is empty
board-assignee-label,gamma,d,KO,Target element text content is empty
board-assignee-label,alpha,e,OK,
board-assignee-label,delta,e,OK,
board-assignee-label,beta,e,KO,Target element text content is empty
board-assignee-label,gamma,e,KO,Target element text content is empty
board-assignee-label,alpha,f,OK,
board-assignee-label,delta,f,OK,
board-assignee-label,beta,f,OK,
board-assignee-label,gamma,f,OK,
board-assignee-label,alpha,g,OK,
board-assignee-label,delta,g,OK,
board-assignee-label,beta,g,OK,
board-assignee-label,gamma,g,OK,
board-assignee-label,alpha,h,OK,
board-assignee-label,delta,h,OK,
board-assignee-label,beta,h,OK,
board-assignee-label,gamma,h,OK,
board-assignee-label,alpha,i,OK,
board-assignee-label,delta,i,OK,
board-assignee-label,beta,i,OK,
board-assignee-label,gamma,i,OK,
board-assignee-label,alpha,j,OK,
board-assignee-label,delta,j,OK,
board-assignee-label,beta,j,OK,
board-assignee-label,gamma,j,OK,
board-assignee-label,alpha,k,OK,
board-assignee-label,delta,k,OK,
board-assignee-label,beta,k,OK,
board-assignee-label,gamma,k,OK,
board-filtered-count,alpha,a,OK,
board-filtered-count,delta,a,KO,Target element has no attributes
board-filtered-count,beta,a,KO,Target element has no attributes
board-filtered-count,gamma,a,OK,
board-filtered-count,alpha,b,OK,
board-filtered-count,delta,b,KO,Target element has no valid candidate attributes
board-filtered-count,beta,b,KO,Target element has no valid candidate attributes
board-filtered-count,gamma,b,OK,
board-filtered-count,alpha,c,KO,Target element has no id attribute
board-filtered-count,delta,c,KO,Target element has no id attribute
board-filtered-count,beta,c,KO,Target element has no id attribute
board-filtered-count,gamma,c,KO,Target element has no id attribute
board-filtered-count,alpha,d,OK,
board-filtered-count,delta,d,OK,
board-filtered-count,beta,d,KO,Target element text content is empty
board-filtered-count,gamma,d,KO,Target element text content is empty
board-filtered-count,alpha,e,OK,
board-filtered-count,delta,e,OK,
board-filtered-count,beta,e,KO,Target element text content is empty
board-filtered-count,gamma,e,KO,Target element text content is empty
board-filtered-count,alpha,f,OK,
board-filtered-count,delta,f,OK,
board-filtered-count,beta,f,OK,
board-filtered-count,gamma,f,OK,
board-filtered-count,alpha,g,OK,
board-filtered-count,delta,g,OK,
board-filtered-count,beta,g,OK,
board-filtered-count,gamma,g,OK,
board-filtered-count,alpha,h,OK,
board-filtered-count,delta,h,OK,
board-filtered-count,beta,h,OK,
board-filtered-count,gamma,h,OK,
board-filtered-count,alpha,i,OK,
board-filtered-count,delta,i,OK,
board-filtered-count,beta,i,OK,
board-filtered-count,gamma,i,OK,
board-filtered-count,alpha,j,OK,
board-filtered-count,delta,j,OK,
board-filtered-count,beta,j,OK,
board-filtered-count,gamma,j,OK,
board-filtered-count,alpha,k,OK,
board-filtered-count,delta,k,OK,
board-filtered-count,beta,k,OK,
board-filtered-count,gamma,k,OK,
board-matching-label,alpha,a,KO,Target element has no attributes
board-matching-label,delta,a,OK,
board-matching-label,beta,a,KO,Target element has no attributes
board-matching-label,gamma,a,OK,
board-matching-label,alpha,b,KO,Target element has no valid candidate attributes
board-matching-label,delta,b,OK,
board-matching-label,beta,b,KO,Target element has no valid candidate attributes
board-matching-label,gamma,b,OK,
board-matching-label,alpha,c,KO,Target element has no id attribute
board-matching-label,delta,c,KO,Target element has no id attribute
board-matching-label,beta,c,KO,Target element has no id attribute
board-matching-label,gamma,c,KO,Target element has no id attribute
board-matching-label,alpha,d,OK,
board-matching-label,delta,d,OK,
board-matching-label,beta,d,KO,Target element text content is empty
board-matching-label,gamma,d,KO,Target element text content is empty
board-matching-label,alpha,e,OK,
board-matching-label,delta,e,OK,
board-matching-label,beta,e,KO,Target element text content is empty
board-matching-label,gamma,e,KO,Target element text content is empty
board-matching-label,alpha,f,OK,
board-matching-label,delta,f,OK,
board-matching-label,beta,f,OK,
board-matching-label,gamma,f,OK,
board-matching-label,alpha,g,OK,
board-matching-label,delta,g,OK,
board-matching-label,beta,g,OK,
board-matching-label,gamma,g,OK,
board-matching-label,alpha,h,OK,
board-matching-label,delta,h,OK,
board-matching-label,beta,h,OK,
board-matching-label,gamma,h,OK,
board-matching-label,alpha,i,OK,
board-matching-label,delta,i,OK,
board-matching-label,beta,i,OK,
board-matching-label,gamma,i,OK,
board-matching-label,alpha,j,OK,
board-matching-label,delta,j,OK,
board-matching-label,beta,j,OK,
board-matching-label,gamma,j,OK,
board-matching-label,alpha,k,OK,
board-matching-label,delta,k,OK,
board-matching-label,beta,k,OK,
board-matching-label,gamma,k,OK,
board-add-card,alpha,a,OK,
board-add-card,delta,a,OK,
board-add-card,beta,a,KO,Target element has no attributes
board-add-card,gamma,a,OK,
board-add-card,alpha,b,OK,
board-add-card,delta,b,OK,
board-add-card,beta,b,KO,Target element has no valid candidate attributes
board-add-card,gamma,b,OK,
board-add-card,alpha,c,KO,Target element has no id attribute
board-add-card,delta,c,KO,Target element has no id attribute
board-add-card,beta,c,KO,Target element has no id attribute
board-add-card,gamma,c,KO,Target element has no id attribute
board-add-card,alpha,d,OK,
board-add-card,delta,d,OK,
board-add-card,beta,d,KO,Target element text content is empty
board-add-card,gamma,d,KO,Target element text content is empty
board-add-card,alpha,e,OK,
board-add-card,delta,e,OK,
board-add-card,beta,e,KO,Target element text content is empty
board-add-card,gamma,e,KO,Target element text content is empty
board-add-card,alpha,f,OK,
board-add-card,delta,f,OK,
board-add-card,beta,f,OK,
board-add-card,gamma,f,OK,
board-add-card,alpha,g,OK,
board-add-card,delta,g,OK,
board-add-card,beta,g,OK,
board-add-card,gamma,g,OK,
board-add-card,alpha,h,OK,
board-add-card,delta,h,OK,
board-add-card,beta,h,OK,
board-add-card,gamma,h,OK,
board-add-card,alpha,i,OK,
board-add-card,delta,i,OK,
board-add-card,beta,i,OK,
board-add-card,gamma,i,OK,
board-add-card,alpha,j,OK,
board-add-card,delta,j,OK,
board-add-card,beta,j,OK,
board-add-card,gamma,j,OK,
board-add-card,alpha,k,OK,
board-add-card,delta,k,OK,
board-add-card,beta,k,OK,
board-add-card,gamma,k,OK,
board-reset,alpha,a,OK,
board-reset,delta,a,OK,
board-reset,beta,a,KO,Target element has no attributes
board-reset,gamma,a,OK,
board-reset,alpha,b,OK,
board-reset,delta,b,OK,
board-reset,beta,b,KO,Target element has no valid candidate attributes
board-reset,gamma,b,OK,
board-reset,alpha,c,KO,Target element has no id attribute
board-reset,delta,c,KO,Target element has no id attribute
board-reset,beta,c,KO,Target element has no id attribute
board-reset,gamma,c,KO,Target element has no id attribute
board-reset,alpha,d,OK,
board-reset,delta,d,OK,
board-reset,beta,d,KO,Target element text content is empty
board-reset,gamma,d,KO,Target element text content is empty
board-reset,alpha,e,OK,
board-reset,delta,e,OK,
board-reset,beta,e,KO,Target element text content is empty
board-reset,gamma,e,KO,Target element text content is empty
board-reset,alpha,f,OK,
board-reset,delta,f,OK,
board-reset,beta,f,OK,
board-reset,gamma,f,OK,
board-reset,alpha,g,OK,
board-reset,delta,g,OK,
board-reset,beta,g,OK,
board-reset,gamma,g,OK,
board-reset,alpha,h,OK,
board-reset,delta,h,OK,
board-reset,beta,h,OK,
board-reset,gamma,h,OK,
board-reset,alpha,i,OK,
board-reset,delta,i,OK,
board-reset,beta,i,OK,
board-reset,gamma,i,OK,
board-reset,alpha,j,OK,
board-reset,delta,j,OK,
board-reset,beta,j,OK,
board-reset,gamma,j,OK,
board-reset,alpha,k,OK,
board-reset,delta,k,OK,
board-reset,beta,k,OK,
board-reset,gamma,k,OK,
board-columns,alpha,a,OK,
board-columns,delta,a,OK,
board-columns,beta,a,KO,Target element has no attributes
board-columns,alpha,b,OK,
board-columns,delta,b,OK,
board-columns,beta,b,KO,Target element has no valid candidate attributes
board-columns,alpha,c,KO,Target element has no id attribute
board-columns,delta,c,KO,Target element has no id attribute
board-columns,beta,c,KO,Target element has no id attribute
board-columns,alpha,d,KO,Target element text content is empty
board-columns,delta,d,KO,Target element text content is empty
board-columns,beta,d,KO,Target element text content is empty
board-columns,alpha,e,KO,Target element text content is empty
board-columns,delta,e,KO,Target element text content is empty
board-columns,beta,e,KO,Target element text content is empty
board-columns,alpha,f,OK,
board-columns,delta,f,OK,
board-columns,beta,f,KO,The parent is null or empty
board-columns,alpha,g,OK,
board-columns,delta,g,OK,
board-columns,beta,g,OK,
board-columns,alpha,h,OK,
board-columns,delta,h,OK,
board-columns,beta,h,OK,
board-columns,alpha,i,OK,
board-columns,delta,i,OK,
board-columns,beta,i,OK,
board-columns,alpha,j,OK,
board-columns,delta,j,OK,
board-columns,beta,j,OK,
board-columns,alpha,k,OK,
board-columns,delta,k,OK,
board-columns,beta,k,OK,
board-column-title,alpha,a,KO,Target element has no attributes
board-column-title,delta,a,OK,
board-column-title,beta,a,KO,Target element has no attributes
board-column-title,gamma,a,OK,
board-column-title,alpha,b,KO,Target element has no valid candidate attributes
board-column-title,delta,b,OK,
board-column-title,beta,b,KO,Target element has no valid candidate attributes
board-column-title,gamma,b,OK,
board-column-title,alpha,c,KO,Target element has no id attribute
board-column-title,delta,c,KO,Target element has no id attribute
board-column-title,beta,c,KO,Target element has no id attribute
board-column-title,gamma,c,KO,Target element has no id attribute
board-column-title,alpha,d,OK,
board-column-title,delta,d,OK,
board-column-title,beta,d,KO,Target element text content is empty
board-column-title,gamma,d,KO,Target element text content is empty
board-column-title,alpha,e,OK,
board-column-title,delta,e,OK,
board-column-title,beta,e,KO,Target element text content is empty
board-column-title,gamma,e,KO,Target element text content is empty
board-column-title,alpha,f,OK,
board-column-title,delta,f,OK,
board-column-title,beta,f,OK,
board-column-title,gamma,f,OK,
board-column-title,alpha,g,OK,
board-column-title,delta,g,OK,
board-column-title,beta,g,OK,
board-column-title,gamma,g,OK,
board-column-title,alpha,h,OK,
board-column-title,delta,h,OK,
board-column-title,beta,h,OK,
board-column-title,gamma,h,OK,
board-column-title,alpha,i,OK,
board-column-title,delta,i,OK,
board-column-title,beta,i,OK,
board-column-title,gamma,i,OK,
board-column-title,alpha,j,OK,
board-column-title,delta,j,OK,
board-column-title,beta,j,OK,
board-column-title,gamma,j,OK,
board-column-title,alpha,k,OK,
board-column-title,delta,k,OK,
board-column-title,beta,k,OK,
board-column-title,gamma,k,OK,
board-column-count,alpha,a,OK,
board-column-count,delta,a,KO,Target element has no attributes
board-column-count,beta,a,KO,Target element has no attributes
board-column-count,gamma,a,OK,
board-column-count,alpha,b,OK,
board-column-count,delta,b,KO,Target element has no valid candidate attributes
board-column-count,beta,b,KO,Target element has no valid candidate attributes
board-column-count,gamma,b,OK,
board-column-count,alpha,c,KO,Target element has no id attribute
board-column-count,delta,c,KO,Target element has no id attribute
board-column-count,beta,c,KO,Target element has no id attribute
board-column-count,gamma,c,KO,Target element has no id attribute
board-column-count,alpha,d,OK,
board-column-count,delta,d,OK,
board-column-count,beta,d,KO,Target element text content is empty
board-column-count,gamma,d,KO,Target element text content is empty
board-column-count,alpha,e,OK,
board-column-count,delta,e,OK,
board-column-count,beta,e,KO,Target element text content is empty
board-column-count,gamma,e,KO,Target element text content is empty
board-column-count,alpha,f,OK,
board-column-count,delta,f,OK,
board-column-count,beta,f,OK,
board-column-count,gamma,f,OK,
board-column-count,alpha,g,OK,
board-column-count,delta,g,OK,
board-column-count,beta,g,OK,
board-column-count,gamma,g,OK,
board-column-count,alpha,h,OK,
board-column-count,delta,h,OK,
board-column-count,beta,h,OK,
board-column-count,gamma,h,OK,
board-column-count,alpha,i,OK,
board-column-count,delta,i,OK,
board-column-count,beta,i,OK,
board-column-count,gamma,i,OK,
board-column-count,alpha,j,OK,
board-column-count,delta,j,OK,
board-column-count,beta,j,OK,
board-column-count,gamma,j,OK,
board-column-count,alpha,k,OK,
board-column-count,delta,k,OK,
board-column-count,beta,k,OK,
board-column-count,gamma,k,OK,
header-total-badge,alpha,a,OK,
header-total-badge,delta,a,KO,Target element has no attributes
header-total-badge,beta,a,KO,Target element has no attributes
header-total-badge,gamma,a,KO,Target element has no attributes
header-total-badge,alpha,b,OK,
header-total-badge,delta,b,KO,Target element has no valid candidate attributes
header-total-badge,beta,b,KO,Target element has no valid candidate attributes
header-total-badge,gamma,b,KO,Target element has no valid candidate attributes
header-total-badge,alpha,c,KO,Target element has no id attribute
header-total-badge,delta,c,KO,Target element has no id attribute
header-total-badge,beta,c,KO,Target element has no id attribute
header-total-badge,gamma,c,KO,Target element has no id attribute
header-total-badge,alpha,d,OK,
header-total-badge,delta,d,OK,
header-total-badge,beta,d,KO,Target element text content is empty
header-total-badge,gamma,d,KO,Target element text content is empty
header-total-badge,alpha,e,OK,
header-total-badge,delta,e,OK,
header-total-badge,beta,e,KO,Target element text content is empty
header-total-badge,gamma,e,KO,Target element text content is empty
header-total-badge,alpha,f,OK,
header-total-badge,delta,f,OK,
header-total-badge,beta,f,OK,
header-total-badge,gamma,f,KO,The parent is null or empty
header-total-badge,alpha,g,OK,
header-total-badge,delta,g,OK,
header-total-badge,beta,g,OK,
header-total-badge,gamma,g,OK,
header-total-badge,alpha,h,OK,
header-total-badge,delta,h,OK,
header-total-badge,beta,h,OK,
header-total-badge,gamma,h,OK,
header-total-badge,alpha,i,OK,
header-total-badge,delta,i,OK,
header-total-badge,beta,i,OK,
header-total-badge,gamma,i,OK,
header-total-badge,alpha,j,OK,
header-total-badge,delta,j,OK,
header-total-badge,beta,j,OK,
header-total-badge,gamma,j,OK,
header-total-badge,alpha,k,OK,
header-total-badge,delta,k,OK,
header-total-badge,beta,k,OK,
header-total-badge,gamma,k,OK,
header-app-title,alpha,a,KO,Target element has no attributes
header-app-title,delta,a,KO,Target element has no attributes
header-app-title,beta,a,KO,Target element has no attributes
header-app-title,gamma,a,KO,Target element has no attributes
header-app-title,alpha,b,KO,Target element has no valid candidate attributes
header-app-title,delta,b,KO,Target element has no valid candidate attributes
header-app-title,beta,b,KO,Target element has no valid candidate attributes
header-app-title,gamma,b,KO,Target element has no valid candidate attributes
header-app-title,alpha,c,KO,Target element has no id attribute
header-app-title,delta,c,KO,Target element has no id attribute
header-app-title,beta,c,KO,Target element has no id attribute
header-app-title,gamma,c,KO,Target element has no id attribute
header-app-title,alpha,d,OK,
header-app-title,delta,d,OK,
header-app-title,beta,d,KO,Target element text content is empty
header-app-title,gamma,d,KO,Target element text content is empty
header-app-title,alpha,e,OK,
header-app-title,delta,e,OK,
header-app-title,beta,e,KO,Target element text content is empty
header-app-title,gamma,e,KO,Target element text content is empty
header-app-title,alpha,f,OK,
header-app-title,delta,f,OK,
header-app-title,beta,f,OK,
header-app-title,gamma,f,KO,The parent is null or empty
header-app-title,alpha,g,OK,
header-app-title,delta,g,OK,
header-app-title,beta,g,OK,
header-app-title,gamma,g,OK,
header-app-title,alpha,h,OK,
header-app-title,delta,h,OK,
header-app-title,beta,h,OK,
header-app-title,gamma,h,OK,
header-app-title,alpha,i,OK,
header-app-title,delta,i,OK,
header-app-title,beta,i,OK,
header-app-title,gamma,i,OK,
header-app-title,alpha,j,OK,
header-app-title,delta,j,OK,
header-app-title,beta,j,OK,
header-app-title,gamma,j,OK,
header-app-title,alpha,k,OK,
header-app-title,delta,k,OK,
header-app-title,beta,k,OK,
header-app-title,gamma,k,OK,
header-app-tagline,alpha,a,KO,Target element has no attributes
header-app-tagline,delta,a,KO,Target element has no attributes
header-app-tagline,beta,a,KO,Target element has no attributes
header-app-tagline,gamma,a,KO,Target element has no attributes
header-app-tagline,alpha,b,KO,Target element has no valid candidate attributes
header-app-tagline,delta,b,KO,Target element has no valid candidate attributes
header-app-tagline,beta,b,KO,Target element has no valid candidate attributes
header-app-tagline,gamma,b,KO,Target element has no valid candidate attributes
header-app-tagline,alpha,c,KO,Target element has no id attribute
header-app-tagline,delta,c,KO,Target element has no id attribute
header-app-tagline,beta,c,KO,Target element has no id attribute
header-app-tagline,gamma,c,KO,Target element has no id attribute
header-app-tagline,alpha,d,OK,
header-app-tagline,delta,d,OK,
header-app-tagline,beta,d,KO,Target element text content is empty
header-app-tagline,gamma,d,KO,Target element text content is empty
header-app-tagline,alpha,e,OK,
header-app-tagline,delta,e,OK,
header-app-tagline,beta,e,KO,Target element text content is empty
header-app-tagline,gamma,e,KO,Target element text content is empty
header-app-tagline,alpha,f,OK,
header-app-tagline,delta,f,OK,
header-app-tagline,beta,f,OK,
header-app-tagline,gamma,f,KO,The parent is null or empty
header-app-tagline,alpha,g,OK,
header-app-tagline,delta,g,OK,
header-app-tagline,beta,g,OK,
header-app-tagline,gamma,g,OK,
header-app-tagline,alpha,h,OK,
header-app-tagline,delta,h,OK,
header-app-tagline,beta,h,OK,
header-app-tagline,gamma,h,OK,
header-app-tagline,alpha,i,OK,
header-app-tagline,delta,i,OK,
header-app-tagline,beta,i,OK,
header-app-tagline,gamma,i,OK,
header-app-tagline,alpha,j,OK,
header-app-tagline,delta,j,OK,
header-app-tagline,beta,j,OK,
header-app-tagline,gamma,j,OK,
header-app-tagline,alpha,k,OK,
header-app-tagline,delta,k,OK,
header-app-tagline,beta,k,OK,
header-app-tagline,gamma,k,OK,
header-brand-icon,alpha,a,OK,
header-brand-icon,delta,a,KO,Target element has no attributes
header-brand-icon,beta,a,KO,Target element has no attributes
header-brand-icon,gamma,a,KO,Target element has no attributes
header-brand-icon,alpha,b,OK,
header-brand-icon,delta,b,KO,Target element has no valid candidate attributes
header-brand-icon,beta,b,KO,Target element has no valid candidate attributes
header-brand-icon,gamma,b,KO,Target element has no valid candidate attributes
header-brand-icon,alpha,c,KO,Target element has no id attribute
header-brand-icon,delta,c,KO,Target element has no id attribute
header-brand-icon,beta,c,KO,Target element has no id attribute
header-brand-icon,gamma,c,KO,Target element has no id attribute
header-brand-icon,alpha,d,OK,
header-brand-icon,delta,d,OK,
header-brand-icon,beta,d,KO,Target element text content is empty
header-brand-icon,gamma,d,KO,Target element text content is empty
header-brand-icon,alpha,e,OK,
header-brand-icon,delta,e,OK,
header-brand-icon,beta,e,KO,Target element text content is empty
header-brand-icon,gamma,e,KO,Target element text content is empty
header-brand-icon,alpha,f,OK,
header-brand-icon,delta,f,OK,
header-brand-icon,beta,f,OK,
header-brand-icon,gamma,f,KO,The parent is null or empty
header-brand-icon,alpha,g,OK,
header-brand-icon,delta,g,OK,
header-brand-icon,beta,g,OK,
header-brand-icon,gamma,g,OK,
header-brand-icon,alpha,h,OK,
header-brand-icon,delta,h,OK,
header-brand-icon,beta,h,OK,
header-brand-icon,gamma,h,OK,
header-brand-icon,alpha,i,OK,
header-brand-icon,delta,i,OK,
header-brand-icon,beta,i,OK,
header-brand-icon,gamma,i,OK,
header-brand-icon,alpha,j,OK,
header-brand-icon,delta,j,OK,
header-brand-icon,beta,j,OK,
header-brand-icon,gamma,j,OK,
header-brand-icon,alpha,k,OK,
header-brand-icon,delta,k,OK,
header-brand-icon,beta,k,OK,
header-brand-icon,gamma,k,OK,
header-nav-board,alpha,a,OK,
header-nav-board,delta,a,OK,
header-nav-board,beta,a,OK,
header-nav-board,gamma,a,KO,Target element has no attributes
header-nav-board,alpha,b,OK,
header-nav-board,delta,b,OK,
header-nav-board,beta,b,OK,
header-nav-board,gamma,b,KO,Target element has no valid candidate attributes
header-nav-board,alpha,c,KO,Target element has no id attribute
header-nav-board,delta,c,KO,Target element has no id attribute
header-nav-board,beta,c,KO,Target element has no id attribute
header-nav-board,gamma,c,KO,Target element has no id attribute
header-nav-board,alpha,d,OK,
header-nav-board,delta,d,OK,
header-nav-board,beta,d,KO,Target element text content is empty
header-nav-board,gamma,d,KO,Target element text content is empty
header-nav-board,alpha,e,OK,
header-nav-board,delta,e,OK,
header-nav-board,beta,e,KO,Target element text content is empty
header-nav-board,gamma,e,KO,Target element text content is empty
header-nav-board,alpha,f,OK,
header-nav-board,delta,f,OK,
header-nav-board,beta,f,OK,
header-nav-board,gamma,f,KO,The parent is null or empty
header-nav-board,alpha,g,OK,
header-nav-board,delta,g,OK,
header-nav-board,beta,g,OK,
header-nav-board,gamma,g,OK,
header-nav-board,alpha,h,OK,
header-nav-board,delta,h,OK,
header-nav-board,beta,h,OK,
header-nav-board,gamma,h,OK,
header-nav-board,alpha,i,OK,
header-nav-board,delta,i,OK,
header-nav-board,beta,i,OK,
header-nav-board,gamma,i,OK,
header-nav-board,alpha,j,OK,
header-nav-board,delta,j,OK,
header-nav-board,beta,j,OK,
header-nav-board,gamma,j,OK,
header-nav-board,alpha,k,OK,
header-nav-board,delta,k,OK,
header-nav-board,beta,k,OK,
header-nav-board,gamma,k,OK,
header-nav-stats,alpha,a,OK,
header-nav-stats,delta,a,OK,
header-nav-stats,beta,a,OK,
header-nav-stats,gamma,a,KO,Target element has no attributes
header-nav-stats,alpha,b,OK,
header-nav-stats,delta,b,OK,
header-nav-stats,beta,b,OK,
header-nav-stats,gamma,b,KO,Target element has no valid candidate attributes
header-nav-stats,alpha,c,KO,Target element has no id attribute
header-nav-stats,delta,c,KO,Target element has no id attribute
header-nav-stats,beta,c,KO,Target element has no id attribute
header-nav-stats,gamma,c,KO,Target element has no id attribute
header-nav-stats,alpha,d,OK,
header-nav-stats,delta,d,OK,
header-nav-stats,beta,d,KO,Target element text content is empty
header-nav-stats,gamma,d,KO,Target element text content is empty
header-nav-stats,alpha,e,OK,
header-nav-stats,delta,e,OK,
header-nav-stats,beta,e,KO,Target element text content is empty
header-nav-stats,gamma,e,KO,Target element text content is empty
header-nav-stats,alpha,f,OK,
header-nav-stats,delta,f,OK,
header-nav-stats,beta,f,OK,
header-nav-stats,gamma,f,KO,The parent is null or empty
header-nav-stats,alpha,g,OK,
header-nav-stats,delta,g,OK,
header-nav-stats,beta,g,OK,
header-nav-stats,gamma,g,OK,
header-nav-stats,alpha,h,OK,
header-nav-stats,delta,h,OK,
header-nav-stats,beta,h,OK,
header-nav-stats,gamma,h,OK,
header-nav-stats,alpha,i,OK,
header-nav-stats,delta,i,OK,
header-nav-stats,beta,i,OK,
header-nav-stats,gamma,i,OK,
header-nav-stats,alpha,j,OK,
header-nav-stats,delta,j,OK,
header-nav-stats,beta,j,OK,
header-nav-stats,gamma,j,OK,
header-nav-stats,alpha,k,OK,
header-nav-stats,delta,k,OK,
header-nav-stats,beta,k,OK,
header-nav-stats,gamma,k,OK,
header-new-card,alpha,a,OK,
header-new-card,delta,a,OK,
header-new-card,beta,a,OK,
header-new-card,gamma,a,KO,Target element has no attributes
header-new-card,alpha,b,OK,
header-new-card,delta,b,OK,
header-new-card,beta,b,OK,
header-new-card,gamma,b,KO,Target element has no valid candidate attributes
header-new-card,alpha,c,KO,Target element has no id attribute
header-new-card,delta,c,KO,Target element has no id attribute
header-new-card,beta,c,KO,Target element has no id attribute
header-new-card,gamma,c,KO,Target element has no id attribute
header-new-card,alpha,d,OK,
header-new-card,delta,d,OK,
header-new-card,beta,d,KO,Target element text content is empty
header-new-card,gamma,d,KO,Target element text content is empty
header-new-card,alpha,e,OK,
header-new-card,delta,e,OK,
header-new-card,beta,e,KO,Target element text content is empty
header-new-card,gamma,e,KO,Target element text content is empty
header-new-card,alpha,f,OK,
header-new-card,delta,f,OK,
header-new-card,beta,f,OK,
header-new-card,gamma,f,KO,The parent is null or empty
header-new-card,alpha,g,OK,
header-new-card,delta,g,OK,
header-new-card,beta,g,OK,
header-new-card,gamma,g,OK,
header-new-card,alpha,h,OK,
header-new-card,delta,h,OK,
header-new-card,beta,h,OK,
header-new-card,gamma,h,OK,
header-new-card,alpha,i,OK,
header-new-card,delta,i,OK,
header-new-card,beta,i,OK,
header-new-card,gamma,i,OK,
header-new-card,alpha,j,OK,
header-new-card,delta,j,OK,
header-new-card,beta,j,OK,
header-new-card,gamma,j,OK,
header-new-card,alpha,k,OK,
header-new-card,delta,k,OK,
header-new-card,beta,k,OK,
header-new-card,gamma,k,OK,
card-root,alpha,a,OK,
card-root,beta,a,KO,Target element has no attributes
card-root,alpha,b,OK,
card-root,beta,b,KO,Target element has no attributes
card-root,alpha,c,KO,Target element has no id attribute
card-root,beta,c,KO,Target element has no id attribute
card-root,alpha,d,KO,Target element text content is empty
card-root,beta,d,KO,Target element text content is empty
card-root,alpha,e,KO,Target element text content is empty
card-root,beta,e,KO,Target element text content is empty
card-root,alpha,f,KO,The parent is null or empty
card-root,beta,f,KO,Target element with body tag cannot be mutated
card-root,alpha,g,OK,
card-root,beta,g,OK,
card-root,alpha,h,OK,
card-root,beta,h,OK,
card-root,alpha,i,OK,
card-root,beta,i,KO,Target element with body tag cannot be mutated
card-root,alpha,j,OK,
card-root,beta,j,KO,Target element with body tag cannot be mutated
card-root,alpha,k,OK,
card-root,beta,k,KO,Target element with body tag cannot be mutated
card-id,alpha,a,OK,
card-id,delta,a,OK,
card-id,beta,a,KO,Target element has no attributes
card-id,gamma,a,OK,
card-id,alpha,b,OK,
card-id,delta,b,OK,
card-id,beta,b,KO,Target element has no valid candidate attributes
card-id,gamma,b,OK,
card-id,alpha,c,KO,Target element has no id attribute
card-id,delta,c,KO,Target element has no id attribute
card-id,beta,c,KO,Target element has no id attribute
card-id,gamma,c,KO,Target element has no id attribute
card-id,alpha,d,OK,
card-id,delta,d,OK,
card-id,beta,d,KO,Target element text content is empty
card-id,gamma,d,KO,Target element text content is empty
card-id,alpha,e,OK,
card-id,delta,e,OK,
card-id,beta,e,KO,Target element text content is empty
card-id,gamma,e,KO,Target element text content is empty
card-id,alpha,f,OK,
card-id,delta,f,OK,
card-id,beta,f,OK,
card-id,gamma,f,KO,The parent is null or empty
card-id,alpha,g,OK,
card-id,delta,g,OK,
card-id,beta,g,OK,
card-id,gamma,g,OK,
card-id,alpha,h,OK,
card-id,delta,h,OK,
card-id,beta,h,OK,
card-id,gamma,h,OK,
card-id,alpha,i,OK,
card-id,delta,i,OK,
card-id,beta,i,OK,
card-id,gamma,i,OK,
card-id,alpha,j,OK,
card-id,delta,j,OK,
card-id,beta,j,OK,
card-id,gamma,j,OK,
card-id,alpha,k,OK,
card-id,delta,k,OK,
card-id,beta,k,OK,
card-id,gamma,k,OK,
card-title,alpha,a,OK,
card-title,beta,a,OK,
card-title,gamma,a,OK,
card-title,alpha,b,OK,
card-title,beta,b,OK,
card-title,gamma,b,OK,
card-title,alpha,c,KO,Target element has no id attribute
card-title,beta,c,KO,Target element has no id attribute
card-title,gamma,c,KO,Target element has no id attribute
card-title,alpha,d,OK,
card-title,beta,d,KO,Target element text content is empty
card-title,gamma,d,KO,Target element text content is empty
card-title,alpha,e,OK,
card-title,beta,e,KO,Target element text content is empty
card-title,gamma,e,KO,Target element text content is empty
card-title,alpha,f,KO,The parent is null or empty
card-title,beta,f,OK,
card-title,gamma,f,KO,The parent is null or empty
card-title,alpha,g,OK,
card-title,beta,g,OK,
card-title,gamma,g,OK,
card-title,alpha,h,OK,
card-title,beta,h,OK,
card-title,gamma,h,OK,
card-title,alpha,i,OK,
card-title,beta,i,OK,
card-title,gamma,i,OK,
card-title,alpha,j,OK,
card-title,beta,j,OK,
card-title,gamma,j,OK,
card-title,alpha,k,OK,
card-title,beta,k,OK,
card-title,gamma,k,OK,
card-priority,alpha,a,OK,
card-priority,delta,a,OK,
card-priority,beta,a,KO,Target element has no attributes
card-priority,gamma,a,OK,
card-priority,alpha,b,OK,
card-priority,delta,b,OK,
card-priority,beta,b,KO,Target element has no valid candidate attributes
card-priority,gamma,b,OK,
card-priority,alpha,c,KO,Target element has no id attribute
card-priority,delta,c,KO,Target element has no id attribute
card-priority,beta,c,KO,Target element has no id attribute
card-priority,gamma,c,KO,Target element has no id attribute
card-priority,alpha,d,OK,
card-priority,delta,d,OK,
card-priority,beta,d,KO,Target element text content is empty
card-priority,gamma,d,KO,Target element text content is empty
card-priority,alpha,e,OK,
card-priority,delta,e,OK,
card-priority,beta,e,KO,Target element text content is empty
card-priority,gamma,e,KO,Target element text content is empty
card-priority,alpha,f,OK,
card-priority,delta,f,OK,
card-priority,beta,f,OK,
card-priority,gamma,f,KO,The parent is null or empty
card-priority,alpha,g,OK,
card-priority,delta,g,OK,
card-priority,beta,g,OK,
card-priority,gamma,g,OK,
card-priority,alpha,h,OK,
card-priority,delta,h,OK,
card-priority,beta,h,OK,
card-priority,gamma,h,OK,
card-priority,alpha,i,OK,
card-priority,delta,i,OK,
card-priority,beta,i,OK,
card-priority,gamma,i,OK,
card-priority,alpha,j,OK,
card-priority,delta,j,OK,
card-priority,beta,j,OK,
card-priority,gamma,j,OK,
card-priority,alpha,k,OK,
card-priority,delta,k,OK,
card-priority,beta,k,OK,
card-priority,gamma,k,OK,
card-assignee,alpha,a,OK,
card-assignee,delta,a,OK,
card-assignee,beta,a,KO,Target element has no attributes
card-assignee,gamma,a,OK,
card-assignee,alpha,b,OK,
card-assignee,delta,b,OK,
card-assignee,beta,b,KO,Target element has no valid candidate attributes
card-assignee,gamma,b,OK,
card-assignee,alpha,c,KO,Target element has no id attribute
card-assignee,delta,c,KO,Target element has no id attribute
card-assignee,beta,c,KO,Target element has no id attribute
card-assignee,gamma,c,KO,Target element has no id attribute
card-assignee,alpha,d,OK,
card-assignee,delta,d,OK,
card-assignee,beta,d,KO,Target element text content is empty
card-assignee,gamma,d,KO,Target element text content is empty
card-assignee,alpha,e,OK,
card-assignee,delta,e,OK,
card-assignee,beta,e,KO,Target element text content is empty
card-assignee,gamma,e,KO,Target element text content is empty
card-assignee,alpha,f,OK,
card-assignee,delta,f,OK,
card-assignee,beta,f,OK,
card-assignee,gamma,f,KO,The parent is null or empty
card-assignee,alpha,g,OK,
card-assignee,delta,g,OK,
card-assignee,beta,g,OK,
card-assignee,gamma,g,OK,
card-assignee,alpha,h,OK,
card-assignee,delta,h,OK,
card-assignee,beta,h,OK,
card-assignee,gamma,h,OK,
card-assignee,alpha,i,OK,
card-assignee,delta,i,OK,
card-assignee,beta,i,OK,
card-assignee,gamma,i,OK,
card-assignee,alpha,j,OK,
card-assignee,delta,j,OK,
card-assignee,beta,j,OK,
card-assignee,gamma,j,OK,
card-assignee,alpha,k,OK,
card-assignee,delta,k,OK,
card-assignee,beta,k,OK,
card-assignee,gamma,k,OK,
card-tags,alpha,a,OK,
card-tags,delta,a,OK,
card-tags,beta,a,KO,Target element has no attributes
card-tags,gamma,a,OK,
card-tags,alpha,b,OK,
card-tags,delta,b,OK,
card-tags,beta,b,KO,Target element has no valid candidate attributes
card-tags,gamma,b,OK,
card-tags,alpha,c,KO,Target element has no id attribute
card-tags,delta,c,KO,Target element has no id attribute
card-tags,beta,c,KO,Target element has no id attribute
card-tags,gamma,c,KO,Target element has no id attribute
card-tags,alpha,d,OK,
card-tags,delta,d,OK,
card-tags,beta,d,KO,Target element text content is empty
card-tags,gamma,d,KO,Target element text content is empty
card-tags,alpha,e,OK,
card-tags,delta,e,OK,
card-tags,beta,e,KO,Target element text content is empty
card-tags,gamma,e,KO,Target element text content is empty
card-tags,alpha,f,OK,
card-tags,delta,f,OK,
card-tags,beta,f,OK,
card-tags,gamma,f,KO,The parent is null or empty
card-tags,alpha,g,OK,
card-tags,delta,g,OK,
card-tags,beta,g,OK,
card-tags,gamma,g,OK,
card-tags,alpha,h,OK,
card-tags,delta,h,OK,
card-tags,beta,h,OK,
card-tags,gamma,h,OK,
card-tags,alpha,i,OK,
card-tags,delta,i,OK,
card-tags,beta,i,OK,
card-tags,gamma,i,OK,
card-tags,alpha,j,OK,
card-tags,delta,j,OK,
card-tags,beta,j,OK,
card-tags,gamma,j,OK,
card-tags,alpha,k,OK,
card-tags,delta,k,OK,
card-tags,beta,k,OK,
card-tags,gamma,k,OK,
card-move,alpha,a,OK,
card-move,delta,a,KO,Target element has no attributes
card-move,beta,a,KO,Target element has no attributes
card-move,gamma,a,KO,Target element has no attributes
card-move,alpha,b,OK,
card-move,delta,b,KO,Target element has no valid candidate attributes
card-move,beta,b,KO,Target element has no valid candidate attributes
card-move,gamma,b,KO,Target element has no valid candidate attributes
card-move,alpha,c,KO,Target element has no id attribute
card-move,delta,c,KO,Target element has no id attribute
card-move,beta,c,KO,Target element has no id attribute
card-move,gamma,c,KO,Target element has no id attribute
card-move,alpha,d,KO,Target element text content is empty
card-move,delta,d,OK,
card-move,beta,d,KO,Target element text content is empty
card-move,gamma,d,KO,Target element text content is empty
card-move,alpha,e,KO,Target element text content is empty
card-move,delta,e,OK,
card-move,beta,e,KO,Target element text content is empty
card-move,gamma,e,KO,Target element text content is empty
card-move,alpha,f,OK,
card-move,delta,f,OK,
card-move,beta,f,OK,
card-move,gamma,f,OK,
card-move,alpha,g,OK,
card-move,delta,g,OK,
card-move,beta,g,OK,
card-move,gamma,g,OK,
card-move,alpha,h,OK,
card-move,delta,h,OK,
card-move,beta,h,OK,
card-move,gamma,h,OK,
card-move,alpha,i,OK,
card-move,delta,i,OK,
card-move,beta,i,OK,
card-move,gamma,i,OK,
card-move,alpha,j,OK,
card-move,delta,j,OK,
card-move,beta,j,OK,
card-move,gamma,j,OK,
card-move,alpha,k,OK,
card-move,delta,k,OK,
card-move,beta,k,OK,
card-move,gamma,k,OK,
card-open,alpha,a,OK,
card-open,delta,a,KO,Target element has no attributes
card-open,beta,a,OK,
card-open,alpha,b,OK,
card-open,delta,b,KO,Target element has no valid candidate attributes
card-open,beta,b,OK,
card-open,alpha,c,KO,Target element has no id attribute
card-open,delta,c,KO,Target element has no id attribute
card-open,beta,c,KO,Target element has no id attribute
card-open,alpha,d,KO,Target element text content is empty
card-open,delta,d,KO,Target element text content is empty
card-open,beta,d,KO,Target element text content is empty
card-open,alpha,e,KO,Target element text content is empty
card-open,delta,e,KO,Target element text content is empty
card-open,beta,e,KO,Target element text content is empty
card-open,alpha,f,OK,
card-open,delta,f,OK,
card-open,beta,f,KO,The parent is null or empty
card-open,alpha,g,OK,
card-open,delta,g,OK,
card-open,beta,g,OK,
card-open,alpha,h,OK,
card-open,delta,h,OK,
card-open,beta,h,OK,
card-open,alpha,i,OK,
card-open,delta,i,OK,
card-open,beta,i,OK,
card-open,alpha,j,OK,
card-open,delta,j,OK,
card-open,beta,j,OK,
card-open,alpha,k,OK,
card-open,delta,k,OK,
card-open,beta,k,OK,
card-edit,alpha,a,OK,
card-edit,delta,a,OK,
card-edit,beta,a,KO,Target element has no attributes
card-edit,gamma,a,OK,
card-edit,alpha,b,OK,
card-edit,delta,b,OK,
card-edit,beta,b,KO,Target element has no valid candidate attributes
card-edit,gamma,b,OK,
card-edit,alpha,c,KO,Target element has no id attribute
card-edit,delta,c,KO,Target element has no id attribute
card-edit,beta,c,KO,Target element has no id attribute
card-edit,gamma,c,KO,Target element has no id attribute
card-edit,alpha,d,OK,
card-edit,delta,d,OK,
card-edit,beta,d,KO,Target element text content is empty
card-edit,gamma,d,KO,Target element text content is empty
card-edit,alpha,e,OK,
card-edit,delta,e,OK,
card-edit,beta,e,KO,Target element text content is empty
card-edit,gamma,e,KO,Target element text content is empty
card-edit,alpha,f,OK,
card-edit,delta,f,OK,
card-edit,beta,f,OK,
card-edit,gamma,f,KO,The parent is null or empty
card-edit,alpha,g,OK,
card-edit,delta,g,OK,
card-edit,beta,g,OK,
card-edit,gamma,g,OK,
card-edit,alpha,h,OK,
card-edit,delta,h,OK,
card-edit,beta,h,OK,
card-edit,gamma,h,OK,
card-edit,alpha,i,OK,
card-edit,delta,i,OK,
card-edit,beta,i,OK,
card-edit,gamma,i,OK,
card-edit,alpha,j,OK,
card-edit,delta,j,OK,
card-edit,beta,j,OK,
card-edit,gamma,j,OK,
card-edit,alpha,k,OK,
card-edit,delta,k,OK,
card-edit,beta,k,OK,
card-edit,gamma,k,OK,
card-delete,alpha,a,OK,
card-delete,delta,a,OK,
card-delete,beta,a,KO,Target element has no attributes
card-delete,gamma,a,OK,
card-delete,alpha,b,OK,
card-delete,delta,b,OK,
card-delete,beta,b,KO,Target element has no valid candidate attributes
card-delete,gamma,b,OK,
card-delete,alpha,c,KO,Target element has no id attribute
card-delete,delta,c,KO,Target element has no id attribute
card-delete,beta,c,KO,Target element has no id attribute
card-delete,gamma,c,KO,Target element has no id attribute
card-delete,alpha,d,OK,
card-delete,delta,d,OK,
card-delete,beta,d,KO,Target element text content is empty
card-delete,gamma,d,KO,Target element text content is empty
card-delete,alpha,e,OK,
card-delete,delta,e,OK,
card-delete,beta,e,KO,Target element text content is empty
card-delete,gamma,e,KO,Target element text content is empty
card-delete,alpha,f,OK,
card-delete,delta,f,OK,
card-delete,beta,f,OK,
card-delete,gamma,f,KO,The parent is null or empty
card-delete,alpha,g,OK,
card-delete,delta,g,OK,
card-delete,beta,g,OK,
card-delete,gamma,g,OK,
card-delete,alpha,h,OK,
card-delete,delta,h,OK,
card-delete,beta,h,OK,
card-delete,gamma,h,OK,
card-delete,alpha,i,OK,
card-delete,delta,i,OK,
card-delete,beta,i,OK,
card-delete,gamma,i,OK,
card-delete,alpha,j,OK,
card-delete,delta,j,OK,
card-delete,beta,j,OK,
card-delete,gamma,j,OK,
card-delete,alpha,k,OK,
card-delete,delta,k,OK,
card-delete,beta,k,OK,
card-delete,gamma,k,OK,
column-card-list,alpha,a,OK,
column-card-list,beta,a,KO,Target element has no attributes
column-card-list,alpha,b,OK,
column-card-list,beta,b,KO,Target element has no attributes
column-card-list,alpha,c,KO,Target element has no id attribute
column-card-list,beta,c,KO,Target element has no id attribute
column-card-list,alpha,d,OK,
column-card-list,beta,d,KO,Target element text content is empty
column-card-list,alpha,e,OK,
column-card-list,beta,e,KO,Target element text content is empty
column-card-list,alpha,f,KO,The parent is null or empty
column-card-list,beta,f,KO,Target element with body tag cannot be mutated
column-card-list,alpha,g,OK,
column-card-list,beta,g,OK,
column-card-list,alpha,h,OK,
column-card-list,beta,h,OK,
column-card-list,alpha,i,OK,
column-card-list,beta,i,KO,Target element with body tag cannot be mutated
column-card-list,alpha,j,OK,
column-card-list,beta,j,KO,Target element with body tag cannot be mutated
column-card-list,alpha,k,OK,
column-card-list,beta,k,KO,Target element with body tag cannot be mutated
column-empty-message,alpha,a,KO,Target element has no attributes
column-empty-message,beta,a,KO,Target element has no attributes
column-empty-message,gamma,a,OK,
column-empty-message,alpha,b,KO,Target element has no valid candidate attributes
column-empty-message,beta,b,KO,Target element has no valid candidate attributes
column-empty-message,gamma,b,OK,
column-empty-message,alpha,c,KO,Target element has no id attribute
column-empty-message,beta,c,KO,Target element has no id attribute
column-empty-message,gamma,c,KO,Target element has no id attribute
column-empty-message,alpha,d,OK,
column-empty-message,beta,d,KO,Target element text content is empty
column-empty-message,gamma,d,OK,
column-empty-message,alpha,e,OK,
column-empty-message,beta,e,KO,Target element text content is empty
column-empty-message,gamma,e,OK,
column-empty-message,alpha,f,KO,The parent is null or empty
column-empty-message,beta,f,OK,
column-empty-message,gamma,f,KO,The parent is null or empty
column-empty-message,alpha,g,OK,
column-empty-message,beta,g,OK,
column-empty-message,gamma,g,OK,
column-empty-message,alpha,h,OK,
column-empty-message,beta,h,OK,
column-empty-message,gamma,h,OK,
column-empty-message,alpha,i,OK,
column-empty-message,beta,i,OK,
column-empty-message,gamma,i,OK,
column-empty-message,alpha,j,OK,
column-empty-message,beta,j,OK,
column-empty-message,gamma,j,OK,
column-empty-message,alpha,k,OK,
column-empty-message,beta,k,OK,
column-empty-message,gamma,k,OK,
form-root,alpha,a,OK,
form-root,delta,a,KO,Target element has no attributes
form-root,beta,a,KO,Target element has no attributes
form-root,alpha,b,OK,
form-root,delta,b,KO,Target element has no valid candidate attributes
form-root,beta,b,KO,Target element has no valid candidate attributes
form-root,alpha,c,KO,Target element has no id attribute
form-root,delta,c,KO,Target element has no id attribute
form-root,beta,c,KO,Target element has no id attribute
form-root,alpha,d,KO,Target element text content is empty
form-root,delta,d,OK,
form-root,beta,d,KO,Target element text content is empty
form-root,alpha,e,KO,Target element text content is empty
form-root,delta,e,OK,
form-root,beta,e,KO,Target element text content is empty
form-root,alpha,f,OK,
form-root,delta,f,OK,
form-root,beta,f,KO,The parent is null or empty
form-root,alpha,g,OK,
form-root,delta,g,OK,
form-root,beta,g,OK,
form-root,alpha,h,OK,
form-root,delta,h,OK,
form-root,beta,h,OK,
form-root,alpha,i,OK,
form-root,delta,i,OK,
form-root,beta,i,OK,
form-root,alpha,j,OK,
form-root,delta,j,OK,
form-root,beta,j,OK,
form-root,alpha,k,OK,
form-root,delta,k,OK,
form-root,beta,k,OK,
form-title,alpha,a,OK,
form-title,delta,a,OK,
form-title,beta,a,KO,Target element has no attributes
form-title,gamma,a,OK,
form-title,alpha,b,OK,
form-title,delta,b,OK,
form-title,beta,b,KO,Target element has no valid candidate attributes
form-title,gamma,b,OK,
form-title,alpha,c,OK,
form-title,delta,c,KO,Target element has no id attribute
form-title,beta,c,KO,Target element has no id attribute
form-title,gamma,c,KO,Target element has no id attribute
form-title,alpha,d,KO,Target element has no child nodes
form-title,delta,d,OK,
form-title,beta,d,KO,Target element text content is empty
form-title,gamma,d,KO,Target element text content is empty
form-title,alpha,e,KO,Target element has no child nodes
form-title,delta,e,OK,
form-title,beta,e,KO,Target element text content is empty
form-title,gamma,e,KO,Target element text content is empty
form-title,alpha,f,OK,
form-title,delta,f,OK,
form-title,beta,f,OK,
form-title,gamma,f,OK,
form-title,alpha,g,OK,
form-title,delta,g,OK,
form-title,beta,g,OK,
form-title,gamma,g,OK,
form-title,alpha,h,OK,
form-title,delta,h,OK,
form-title,beta,h,OK,
form-title,gamma,h,OK,
form-title,alpha,i,OK,
form-title,delta,i,OK,
form-title,beta,i,OK,
form-title,gamma,i,OK,
form-title,alpha,j,OK,
form-title,delta,j,OK,
form-title,beta,j,OK,
form-title,gamma,j,OK,
form-title,alpha,k,OK,
form-title,delta,k,OK,
form-title,beta,k,OK,
form-title,gamma,k,OK,
form-title-label,alpha,a,OK,
form-title-label,delta,a,OK,
form-title-label,beta,a,KO,Target element has no attributes
form-title-label,gamma,a,OK,
form-title-label,alpha,b,OK,
form-title-label,delta,b,OK,
form-title-label,beta,b,KO,Target element has no valid candidate attributes
form-title-label,gamma,b,OK,
form-title-label,alpha,c,KO,Target element has no id attribute
form-title-label,delta,c,OK,
form-title-label,beta,c,KO,Target element has no id attribute
form-title-label,gamma,c,KO,Target element has no id attribute
form-title-label,alpha,d,OK,
form-title-label,delta,d,KO,Target element has no child nodes
form-title-label,beta,d,KO,Target element text content is empty
form-title-label,gamma,d,KO,Target element text content is empty
form-title-label,alpha,e,OK,
form-title-label,delta,e,KO,Target element has no child nodes
form-title-label,beta,e,KO,Target element text content is empty
form-title-label,gamma,e,KO,Target element text content is empty
form-title-label,alpha,f,OK,
form-title-label,delta,f,OK,
form-title-label,beta,f,OK,
form-title-label,gamma,f,OK,
form-title-label,alpha,g,OK,
form-title-label,delta,g,OK,
form-title-label,beta,g,OK,
form-title-label,gamma,g,OK,
form-title-label,alpha,h,OK,
form-title-label,delta,h,OK,
form-title-label,beta,h,OK,
form-title-label,gamma,h,OK,
form-title-label,alpha,i,OK,
form-title-label,delta,i,OK,
form-title-label,beta,i,OK,
form-title-label,gamma,i,OK,
form-title-label,alpha,j,OK,
form-title-label,delta,j,OK,
form-title-label,beta,j,OK,
form-title-label,gamma,j,OK,
form-title-label,alpha,k,OK,
form-title-label,delta,k,OK,
form-title-label,beta,k,OK,
form-title-label,gamma,k,OK,
form-description,alpha,a,OK,
form-description,delta,a,OK,
form-description,beta,a,KO,Target element has no attributes
form-description,gamma,a,OK,
form-description,alpha,b,OK,
form-description,delta,b,OK,
form-description,beta,b,KO,Target element has no valid candidate attributes
form-description,gamma,b,OK,
form-description,alpha,c,OK,
form-description,delta,c,KO,Target element has no id attribute
form-description,beta,c,KO,Target element has no id attribute
form-description,gamma,c,KO,Target element has no id attribute
form-description,alpha,d,KO,Target element has no child nodes
form-description,delta,d,OK,
form-description,beta,d,KO,Target element text content is empty
form-description,gamma,d,KO,Target element text content is empty
form-description,alpha,e,KO,Target element has no child nodes
form-description,delta,e,OK,
form-description,beta,e,KO,Target element text content is empty
form-description,gamma,e,KO,Target element text content is empty
form-description,alpha,f,OK,
form-description,delta,f,OK,
form-description,beta,f,OK,
form-description,gamma,f,OK,
form-description,alpha,g,OK,
form-description,delta,g,OK,
form-description,beta,g,OK,
form-description,gamma,g,OK,
form-description,alpha,h,OK,
form-description,delta,h,OK,
form-description,beta,h,OK,
form-description,gamma,h,OK,
form-description,alpha,i,OK,
form-description,delta,i,OK,
form-description,beta,i,OK,
form-description,gamma,i,OK,
form-description,alpha,j,OK,
form-description,delta,j,OK,
form-description,beta,j,OK,
form-description,gamma,j,OK,
form-description,alpha,k,OK,
form-description,delta,k,OK,
form-description,beta,k,OK,
form-description,gamma,k,OK,
form-priority,epsilon,a,OK,
form-priority,alpha,a,OK,
form-priority,delta,a,OK,
form-priority,beta,a,KO,Target element has no attributes
form-priority,gamma,a,KO,Target element has no attributes
form-priority,epsilon,b,OK,
form-priority,alpha,b,OK,
form-priority,delta,b,OK,
form-priority,beta,b,KO,Target element has no valid candidate attributes
form-priority,gamma,b,KO,Target element has no valid candidate attributes
form-priority,epsilon,c,KO,Target element has no id attribute
form-priority,alpha,c,OK,
form-priority,delta,c,KO,Target element has no id attribute
form-priority,beta,c,KO,Target element has no id attribute
form-priority,gamma,c,KO,Target element has no id attribute
form-priority,epsilon,d,KO,Target element text content is empty
form-priority,alpha,d,KO,Target element text content is empty
form-priority,delta,d,OK,
form-priority,beta,d,KO,Target element text content is empty
form-priority,gamma,d,KO,Target element text content is empty
form-priority,epsilon,e,KO,Target element text content is empty
form-priority,alpha,e,KO,Target element text content is empty
form-priority,delta,e,OK,
form-priority,beta,e,KO,Target element text content is empty
form-priority,gamma,e,KO,Target element text content is empty
form-priority,epsilon,f,OK,
form-priority,alpha,f,OK,
form-priority,delta,f,OK,
form-priority,beta,f,OK,
form-priority,gamma,f,KO,The parent is null or empty
form-priority,epsilon,g,OK,
form-priority,alpha,g,OK,
form-priority,delta,g,OK,
form-priority,beta,g,OK,
form-priority,gamma,g,OK,
form-priority,epsilon,h,OK,
form-priority,alpha,h,OK,
form-priority,delta,h,OK,
form-priority,beta,h,OK,
form-priority,gamma,h,OK,
form-priority,epsilon,i,OK,
form-priority,alpha,i,OK,
form-priority,delta,i,OK,
form-priority,beta,i,OK,
form-priority,gamma,i,OK,
form-priority,epsilon,j,OK,
form-priority,alpha,j,OK,
form-priority,delta,j,OK,
form-priority,beta,j,OK,
form-priority,gamma,j,OK,
form-priority,epsilon,k,OK,
form-priority,alpha,k,OK,
form-priority,delta,k,OK,
form-priority,beta,k,OK,
form-priority,gamma,k,OK,
form-assignee,epsilon,a,OK,
form-assignee,alpha,a,OK,
form-assignee,delta,a,OK,
form-assignee,beta,a,KO,Target element has no attributes
form-assignee,gamma,a,KO,Target element has no attributes
form-assignee,epsilon,b,OK,
form-assignee,alpha,b,OK,
form-assignee,delta,b,OK,
form-assignee,beta,b,KO,Target element has no valid candidate attributes
form-assignee,gamma,b,KO,Target element has no valid candidate attributes
form-assignee,epsilon,c,KO,Target element has no id attribute
form-assignee,alpha,c,OK,
form-assignee,delta,c,KO,Target element has no id attribute
form-assignee,beta,c,KO,Target element has no id attribute
form-assignee,gamma,c,KO,Target element has no id attribute
form-assignee,epsilon,d,KO,Target element text content is empty
form-assignee,alpha,d,KO,Target element has no child nodes
form-assignee,delta,d,OK,
form-assignee,beta,d,KO,Target element text content is empty
form-assignee,gamma,d,KO,Target element text content is empty
form-assignee,epsilon,e,KO,Target element text content is empty
form-assignee,alpha,e,KO,Target element has no child nodes
form-assignee,delta,e,OK,
form-assignee,beta,e,KO,Target element text content is empty
form-assignee,gamma,e,KO,Target element text content is empty
form-assignee,epsilon,f,OK,
form-assignee,alpha,f,OK,
form-assignee,delta,f,OK,
form-assignee,beta,f,OK,
form-assignee,gamma,f,KO,The parent is null or empty
form-assignee,epsilon,g,OK,
form-assignee,alpha,g,OK,
form-assignee,delta,g,OK,
form-assignee,beta,g,OK,
form-assignee,gamma,g,OK,
form-assignee,epsilon,h,OK,
form-assignee,alpha,h,OK,
form-assignee,delta,h,OK,
form-assignee,beta,h,OK,
form-assignee,gamma,h,OK,
form-assignee,epsilon,i,OK,
form-assignee,alpha,i,OK,
form-assignee,delta,i,OK,
form-assignee,beta,i,OK,
form-assignee,gamma,i,OK,
form-assignee,epsilon,j,OK,
form-assignee,alpha,j,OK,
form-assignee,delta,j,OK,
form-assignee,beta,j,OK,
form-assignee,gamma,j,OK,
form-assignee,epsilon,k,OK,
form-assignee,alpha,k,OK,
form-assignee,delta,k,OK,
form-assignee,beta,k,OK,
form-assignee,gamma,k,OK,
form-column,epsilon,a,OK,
form-column,alpha,a,OK,
form-column,delta,a,OK,
form-column,beta,a,KO,Target element has no attributes
form-column,gamma,a,KO,Target element has no attributes
form-column,epsilon,b,OK,
form-column,alpha,b,OK,
form-column,delta,b,OK,
form-column,beta,b,KO,Target element has no valid candidate attributes
form-column,gamma,b,KO,Target element has no valid candidate attributes
form-column,epsilon,c,KO,Target element has no id attribute
form-column,alpha,c,OK,
form-column,delta,c,KO,Target element has no id attribute
form-column,beta,c,KO,Target element has no id attribute
form-column,gamma,c,KO,Target element has no id attribute
form-column,epsilon,d,KO,Target element text content is empty
form-column,alpha,d,KO,Target element text content is empty
form-column,delta,d,OK,
form-column,beta,d,KO,Target element text content is empty
form-column,gamma,d,KO,Target element text content is empty
form-column,epsilon,e,KO,Target element text content is empty
form-column,alpha,e,KO,Target element text content is empty
form-column,delta,e,OK,
form-column,beta,e,KO,Target element text content is empty
form-column,gamma,e,KO,Target element text content is empty
form-column,epsilon,f,OK,
form-column,alpha,f,OK,
form-column,delta,f,OK,
form-column,beta,f,OK,
form-column,gamma,f,KO,The parent is null or empty
form-column,epsilon,g,OK,
form-column,alpha,g,OK,
form-column,delta,g,OK,
form-column,beta,g,OK,
form-column,gamma,g,OK,
form-column,epsilon,h,OK,
form-column,alpha,h,OK,
form-column,delta,h,OK,
form-column,beta,h,OK,
form-column,gamma,h,OK,
form-column,epsilon,i,OK,
form-column,alpha,i,OK,
form-column,delta,i,OK,
form-column,beta,i,OK,
form-column,gamma,i,OK,
form-column,epsilon,j,OK,
form-column,alpha,j,OK,
form-column,delta,j,OK,
form-column,beta,j,OK,
form-column,gamma,j,OK,
form-column,epsilon,k,OK,
form-column,alpha,k,OK,
form-column,delta,k,OK,
form-column,beta,k,OK,
form-column,gamma,k,OK,
form-tags,alpha,a,OK,
form-tags,delta,a,OK,
form-tags,beta,a,KO,Target element has no attributes
form-tags,gamma,a,OK,
form-tags,alpha,b,OK,
form-tags,delta,b,OK,
form-tags,beta,b,KO,Target element has no valid candidate attributes
form-tags,gamma,b,OK,
form-tags,alpha,c,OK,
form-tags,delta,c,KO,Target element has no id attribute
form-tags,beta,c,KO,Target element has no id attribute
form-tags,gamma,c,KO,Target element has no id attribute
form-tags,alpha,d,KO,Target element has no child nodes
form-tags,delta,d,OK,
form-tags,beta,d,KO,Target element text content is empty
form-tags,gamma,d,KO,Target element text content is empty
form-tags,alpha,e,KO,Target element has no child nodes
form-tags,delta,e,OK,
form-tags,beta,e,KO,Target element text content is empty
form-tags,gamma,e,KO,Target element text content is empty
form-tags,alpha,f,OK,
form-tags,delta,f,OK,
form-tags,beta,f,OK,
form-tags,gamma,f,OK,
form-tags,alpha,g,OK,
form-tags,delta,g,OK,
form-tags,beta,g,OK,
form-tags,gamma,g,OK,
form-tags,alpha,h,OK,
form-tags,delta,h,OK,
form-tags,beta,h,OK,
form-tags,gamma,h,OK,
form-tags,alpha,i,OK,
form-tags,delta,i,OK,
form-tags,beta,i,OK,
form-tags,gamma,i,OK,
form-tags,alpha,j,OK,
form-tags,delta,j,OK,
form-tags,beta,j,OK,
form-tags,gamma,j,OK,
form-tags,alpha,k,OK,
form-tags,delta,k,OK,
form-tags,beta,k,OK,
form-tags,gamma,k,OK,
form-submit,alpha,a,OK,
form-submit,delta,a,OK,
form-submit,beta,a,KO,Target element has no attributes
form-submit,gamma,a,OK,
form-submit,alpha,b,OK,
form-submit,delta,b,OK,
form-submit,beta,b,KO,Target element has no valid candidate attributes
form-submit,gamma,b,OK,
form-submit,alpha,c,KO,Target element has no id attribute
form-submit,delta,c,KO,Target element has no id attribute
form-submit,beta,c,KO,Target element has no id attribute
form-submit,gamma,c,KO,Target element has no id attribute
form-submit,alpha,d,OK,
form-submit,delta,d,OK,
form-submit,beta,d,KO,Target element text content is empty
form-submit,gamma,d,KO,Target element text content is empty
form-submit,alpha,e,OK,
form-submit,delta,e,OK,
form-submit,beta,e,KO,Target element text content is empty
form-submit,gamma,e,KO,Target element text content is empty
form-submit,alpha,f,OK,
form-submit,delta,f,OK,
form-submit,beta,f,OK,
form-submit,gamma,f,OK,
form-submit,alpha,g,OK,
form-submit,delta,g,OK,
form-submit,beta,g,OK,
form-submit,gamma,g,OK,
form-submit,alpha,h,OK,
form-submit,delta,h,OK,
form-submit,beta,h,OK,
form-submit,gamma,h,OK,
form-submit,alpha,i,OK,
form-submit,delta,i,OK,
form-submit,beta,i,OK,
form-submit,gamma,i,OK,
form-submit,alpha,j,OK,
form-submit,delta,j,OK,
form-submit,beta,j,OK,
form-submit,gamma,j,OK,
form-submit,alpha,k,OK,
form-submit,delta,k,OK,
form-submit,beta,k,OK,
form-submit,gamma,k,OK,
form-cancel,alpha,a,OK,
form-cancel,delta,a,OK,
form-cancel,beta,a,KO,Target element has no attributes
form-cancel,gamma,a,OK,
form-cancel,alpha,b,OK,
form-cancel,delta,b,OK,
form-cancel,beta,b,KO,Target element has no valid candidate attributes
form-cancel,gamma,b,OK,
form-cancel,alpha,c,KO,Target element has no id attribute
form-cancel,delta,c,KO,Target element has no id attribute
form-cancel,beta,c,KO,Target element has no id attribute
form-cancel,gamma,c,KO,Target element has no id attribute
form-cancel,alpha,d,OK,
form-cancel,delta,d,OK,
form-cancel,beta,d,KO,Target element text content is empty
form-cancel,gamma,d,KO,Target element text content is empty
form-cancel,alpha,e,OK,
form-cancel,delta,e,OK,
form-cancel,beta,e,KO,Target element text content is empty
form-cancel,gamma,e,KO,Target element text content is empty
form-cancel,alpha,f,OK,
form-cancel,delta,f,OK,
form-cancel,beta,f,OK,
form-cancel,gamma,f,OK,
form-cancel,alpha,g,OK,
form-cancel,delta,g,OK,
form-cancel,beta,g,OK,
form-cancel,gamma,g,OK,
form-cancel,alpha,h,OK,
form-cancel,delta,h,OK,
form-cancel,beta,h,OK,
form-cancel,gamma,h,OK,
form-cancel,alpha,i,OK,
form-cancel,delta,i,OK,
form-cancel,beta,i,OK,
form-cancel,gamma,i,OK,
form-cancel,alpha,j,OK,
form-cancel,delta,j,OK,
form-cancel,beta,j,OK,
form-cancel,gamma,j,OK,
form-cancel,alpha,k,OK,
form-cancel,delta,k,OK,
form-cancel,beta,k,OK,
form-cancel,gamma,k,OK,
form-back,alpha,a,OK,
form-back,delta,a,KO,Target element has no attributes
form-back,beta,a,KO,Target element has no attributes
form-back,gamma,a,KO,Target element has no attributes
form-back,alpha,b,OK,
form-back,delta,b,KO,Target element has no valid candidate attributes
form-back,beta,b,KO,Target element has no valid candidate attributes
form-back,gamma,b,KO,Target element has no valid candidate attributes
form-back,alpha,c,KO,Target element has no id attribute
form-back,delta,c,KO,Target element has no id attribute
form-back,beta,c,KO,Target element has no id attribute
form-back,gamma,c,KO,Target element has no id attribute
form-back,alpha,d,OK,
form-back,delta,d,OK,
form-back,beta,d,OK,
form-back,gamma,d,KO,Target element text content is empty
form-back,alpha,e,OK,
form-back,delta,e,OK,
form-back,beta,e,OK,
form-back,gamma,e,KO,Target element text content is empty
form-back,alpha,f,OK,
form-back,delta,f,OK,
form-back,beta,f,OK,
form-back,gamma,f,KO,The parent is null or empty
form-back,alpha,g,OK,
form-back,delta,g,OK,
form-back,beta,g,OK,
form-back,gamma,g,OK,
form-back,alpha,h,OK,
form-back,delta,h,OK,
form-back,beta,h,OK,
form-back,gamma,h,OK,
form-back,alpha,i,OK,
form-back,delta,i,OK,
form-back,beta,i,OK,
form-back,gamma,i,OK,
form-back,alpha,j,OK,
form-back,delta,j,OK,
form-back,beta,j,OK,
form-back,gamma,j,OK,
form-back,alpha,k,OK,
form-back,delta,k,OK,
form-back,beta,k,OK,
form-back,gamma,k,OK,
form-actions,alpha,a,KO,Target element has no attributes
form-actions,delta,a,KO,Target element has no attributes
form-actions,beta,a,OK,
form-actions,gamma,a,KO,Target element has no attributes
form-actions,alpha,b,KO,Target element has no valid candidate attributes
form-actions,delta,b,KO,Target element has no valid candidate attributes
form-actions,beta,b,OK,
form-actions,gamma,b,KO,Target element has no valid candidate attributes
form-actions,alpha,c,KO,Target element has no id attribute
form-actions,delta,c,KO,Target element has no id attribute
form-actions,beta,c,KO,Target element has no id attribute
form-actions,gamma,c,KO,Target element has no id attribute
form-actions,alpha,d,KO,Target element text content is empty
form-actions,delta,d,KO,Target element text content is empty
form-actions,beta,d,KO,Target element text content is empty
form-actions,gamma,d,KO,Target element text content is empty
form-actions,alpha,e,KO,Target element text content is empty
form-actions,delta,e,KO,Target element text content is empty
form-actions,beta,e,KO,Target element text content is empty
form-actions,gamma,e,KO,Target element text content is empty
form-actions,alpha,f,OK,
form-actions,delta,f,OK,
form-actions,beta,f,OK,
form-actions,gamma,f,KO,The parent is null or empty
form-actions,alpha,g,OK,
form-actions,delta,g,OK,
form-actions,beta,g,OK,
form-actions,gamma,g,OK,
form-actions,alpha,h,OK,
form-actions,delta,h,OK,
form-actions,beta,h,OK,
form-actions,gamma,h,OK,
form-actions,alpha,i,OK,
form-actions,delta,i,OK,
form-actions,beta,i,OK,
form-actions,gamma,i,OK,
form-actions,alpha,j,OK,
form-actions,delta,j,OK,
form-actions,beta,j,OK,
form-actions,gamma,j,OK,
form-actions,alpha,k,OK,
form-actions,delta,k,OK,
form-actions,beta,k,OK,
form-actions,gamma,k,OK,
detail-title,alpha,a,KO,Target element has no attributes
detail-title,delta,a,OK,
detail-title,beta,a,KO,Target element has no attributes
detail-title,gamma,a,OK,
detail-title,alpha,b,KO,Target element has no valid candidate attributes
detail-title,delta,b,OK,
detail-title,beta,b,KO,Target element has no valid candidate attributes
detail-title,gamma,b,OK,
detail-title,alpha,c,KO,Target element has no id attribute
detail-title,delta,c,KO,Target element has no id attribute
detail-title,beta,c,KO,Target element has no id attribute
detail-title,gamma,c,KO,Target element has no id attribute
detail-title,alpha,d,OK,
detail-title,delta,d,OK,
detail-title,beta,d,KO,Target element text content is empty
detail-title,gamma,d,KO,Target element text content is empty
detail-title,alpha,e,OK,
detail-title,delta,e,OK,
detail-title,beta,e,KO,Target element text content is empty
detail-title,gamma,e,KO,Target element text content is empty
detail-title,alpha,f,OK,
detail-title,delta,f,OK,
detail-title,beta,f,OK,
detail-title,gamma,f,OK,
detail-title,alpha,g,OK,
detail-title,delta,g,OK,
detail-title,beta,g,OK,
detail-title,gamma,g,OK,
detail-title,alpha,h,OK,
detail-title,delta,h,OK,
detail-title,beta,h,OK,
detail-title,gamma,h,OK,
detail-title,alpha,i,OK,
detail-title,delta,i,OK,
detail-title,beta,i,OK,
detail-title,gamma,i,OK,
detail-title,alpha,j,OK,
detail-title,delta,j,OK,
detail-title,beta,j,OK,
detail-title,gamma,j,OK,
detail-title,alpha,k,OK,
detail-title,delta,k,OK,
detail-title,beta,k,OK,
detail-title,gamma,k,OK,
detail-id,alpha,a,KO,Target element has no attributes
detail-id,delta,a,KO,Target element has no attributes
detail-id,beta,a,KO,Target element has no attributes
detail-id,gamma,a,OK,
detail-id,alpha,b,KO,Target element has no valid candidate attributes
detail-id,delta,b,KO,Target element has no valid candidate attributes
detail-id,beta,b,KO,Target element has no valid candidate attributes
detail-id,gamma,b,OK,
detail-id,alpha,c,KO,Target element has no id attribute
detail-id,delta,c,KO,Target element has no id attribute
detail-id,beta,c,KO,Target element has no id attribute
detail-id,gamma,c,KO,Target element has no id attribute
detail-id,alpha,d,OK,
detail-id,delta,d,OK,
detail-id,beta,d,KO,Target element text content is empty
detail-id,gamma,d,KO,Target element text content is empty
detail-id,alpha,e,OK,
detail-id,delta,e,OK,
detail-id,beta,e,KO,Target element text content is empty
detail-id,gamma,e,KO,Target element text content is empty
detail-id,alpha,f,OK,
detail-id,delta,f,OK,
detail-id,beta,f,OK,
detail-id,gamma,f,OK,
detail-id,alpha,g,OK,
detail-id,delta,g,OK,
detail-id,beta,g,OK,
detail-id,gamma,g,OK,
detail-id,alpha,h,OK,
detail-id,delta,h,OK,
detail-id,beta,h,OK,
detail-id,gamma,h,OK,
detail-id,alpha,i,OK,
detail-id,delta,i,OK,
detail-id,beta,i,OK,
detail-id,gamma,i,OK,
detail-id,alpha,j,OK,
detail-id,delta,j,OK,
detail-id,beta,j,OK,
detail-id,gamma,j,OK,
detail-id,alpha,k,OK,
detail-id,delta,k,OK,
detail-id,beta,k,OK,
detail-id,gamma,k,OK,
detail-priority,alpha,a,OK,
detail-priority,delta,a,KO,Target element has no attributes
detail-priority,beta,a,KO,Target element has no attributes
detail-priority,gamma,a,OK,
detail-priority,alpha,b,OK,
detail-priority,delta,b,KO,Target element has no valid candidate attributes
detail-priority,beta,b,KO,Target element has no valid candidate attributes
detail-priority,gamma,b,OK,
detail-priority,alpha,c,KO,Target element has no id attribute
detail-priority,delta,c,KO,Target element has no id attribute
detail-priority,beta,c,KO,Target element has no id attribute
detail-priority,gamma,c,KO,Target element has no id attribute
detail-priority,alpha,d,OK,
detail-priority,delta,d,OK,
detail-priority,beta,d,KO,Target element text content is empty
detail-priority,gamma,d,KO,Target element text content is empty
detail-priority,alpha,e,OK,
detail-priority,delta,e,OK,
detail-priority,beta,e,KO,Target element text content is empty
detail-priority,gamma,e,KO,Target element text content is empty
detail-priority,alpha,f,OK,
detail-priority,delta,f,OK,
detail-priority,beta,f,OK,
detail-priority,gamma,f,OK,
detail-priority,alpha,g,OK,
detail-priority,delta,g,OK,
detail-priority,beta,g,OK,
detail-priority,gamma,g,OK,
detail-priority,alpha,h,OK,
detail-priority,delta,h,OK,
detail-priority,beta,h,OK,
detail-priority,gamma,h,OK,
detail-priority,alpha,i,OK,
detail-priority,delta,i,OK,
detail-priority,beta,i,OK,
detail-priority,gamma,i,OK,
detail-priority,alpha,j,OK,
detail-priority,delta,j,OK,
detail-priority,beta,j,OK,
detail-priority,gamma,j,OK,
detail-priority,alpha,k,OK,
detail-priority,delta,k,OK,
detail-priority,beta,k,OK,
detail-priority,gamma,k,OK,
detail-description,epsilon,a,OK,
detail-description,alpha,a,KO,Target element has no attributes
detail-description,delta,a,KO,Target element has no attributes
detail-description,beta,a,KO,Target element has no attributes
detail-description,gamma,a,KO,Target element has no attributes
detail-description,epsilon,b,OK,
detail-description,alpha,b,KO,Target element has no valid candidate attributes
detail-description,delta,b,KO,Target element has no valid candidate attributes
detail-description,beta,b,KO,Target element has no valid candidate attributes
detail-description,gamma,b,KO,Target element has no valid candidate attributes
detail-description,epsilon,c,KO,Target element has no id attribute
detail-description,alpha,c,KO,Target element has no id attribute
detail-description,delta,c,KO,Target element has no id attribute
detail-description,beta,c,KO,Target element has no id attribute
detail-description,gamma,c,KO,Target element has no id attribute
detail-description,epsilon,d,KO,Target element text content is empty
detail-description,alpha,d,OK,
detail-description,delta,d,OK,
detail-description,beta,d,KO,Target element text content is empty
detail-description,gamma,d,KO,Target element text content is empty
detail-description,epsilon,e,KO,Target element text content is empty
detail-description,alpha,e,OK,
detail-description,delta,e,OK,
detail-description,beta,e,KO,Target element text content is empty
detail-description,gamma,e,KO,Target element text content is empty
detail-description,epsilon,f,OK,
detail-description,alpha,f,OK,
detail-description,delta,f,OK,
detail-description,beta,f,OK,
detail-description,gamma,f,KO,The parent is null or empty
detail-description,epsilon,g,OK,
detail-description,alpha,g,OK,
detail-description,delta,g,OK,
detail-description,beta,g,OK,
detail-description,gamma,g,OK,
detail-description,epsilon,h,OK,
detail-description,alpha,h,OK,
detail-description,delta,h,OK,
detail-description,beta,h,OK,
detail-description,gamma,h,OK,
detail-description,epsilon,i,OK,
detail-description,alpha,i,OK,
detail-description,delta,i,OK,
detail-description,beta,i,OK,
detail-description,gamma,i,OK,
detail-description,epsilon,j,OK,
detail-description,alpha,j,OK,
detail-description,delta,j,OK,
detail-description,beta,j,OK,
detail-description,gamma,j,OK,
detail-description,epsilon,k,OK,
detail-description,alpha,k,OK,
detail-description,delta,k,OK,
detail-description,beta,k,OK,
detail-description,gamma,k,OK,
detail-assignee,epsilon,a,OK,
detail-assignee,alpha,a,OK,
detail-assignee,delta,a,KO,Target element has no attributes
detail-assignee,beta,a,KO,Target element has no attributes
detail-assignee,gamma,a,KO,Target element has no attributes
detail-assignee,epsilon,b,OK,
detail-assignee,alpha,b,OK,
detail-assignee,delta,b,KO,Target element has no valid candidate attributes
detail-assignee,beta,b,KO,Target element has no valid candidate attributes
detail-assignee,gamma,b,KO,Target element has no valid candidate attributes
detail-assignee,epsilon,c,KO,Target element has no id attribute
detail-assignee,alpha,c,KO,Target element has no id attribute
detail-assignee,delta,c,KO,Target element has no id attribute
detail-assignee,beta,c,KO,Target element has no id attribute
detail-assignee,gamma,c,KO,Target element has no id attribute
detail-assignee,epsilon,d,KO,Target element text content is empty
detail-assignee,alpha,d,OK,
detail-assignee,delta,d,OK,
detail-assignee,beta,d,KO,Target element text content is empty
detail-assignee,gamma,d,KO,Target element text content is empty
detail-assignee,epsilon,e,KO,Target element text content is empty
detail-assignee,alpha,e,OK,
detail-assignee,delta,e,OK,
detail-assignee,beta,e,KO,Target element text content is empty
detail-assignee,gamma,e,KO,Target element text content is empty
detail-assignee,epsilon,f,OK,
detail-assignee,alpha,f,OK,
detail-assignee,delta,f,OK,
detail-assignee,beta,f,OK,
detail-assignee,gamma,f,KO,The parent is null or empty
detail-assignee,epsilon,g,OK,
detail-assignee,alpha,g,OK,
detail-assignee,delta,g,OK,
detail-assignee,beta,g,OK,
detail-assignee,gamma,g,OK,
detail-assignee,epsilon,h,OK,
detail-assignee,alpha,h,OK,
detail-assignee,delta,h,OK,
detail-assignee,beta,h,OK,
detail-assignee,gamma,h,OK,
detail-assignee,epsilon,i,OK,
detail-assignee,alpha,i,OK,
detail-assignee,delta,i,OK,
detail-assignee,beta,i,OK,
detail-assignee,gamma,i,OK,
detail-assignee,epsilon,j,OK,
detail-assignee,alpha,j,OK,
detail-assignee,delta,j,OK,
detail-assignee,beta,j,OK,
detail-assignee,gamma,j,OK,
detail-assignee,epsilon,k,OK,
detail-assignee,alpha,k,OK,
detail-assignee,delta,k,OK,
detail-assignee,beta,k,OK,
detail-assignee,gamma,k,OK,
detail-column,epsilon,a,OK,
detail-column,alpha,a,OK,
detail-column,delta,a,KO,Target element has no attributes
detail-column,beta,a,KO,Target element has no attributes
detail-column,gamma,a,KO,Target element has no attributes
detail-column,epsilon,b,OK,
detail-column,alpha,b,OK,
detail-column,delta,b,KO,Target element has no valid candidate attributes
detail-column,beta,b,KO,Target element has no valid candidate attributes
detail-column,gamma,b,KO,Target element has no valid candidate attributes
detail-column,epsilon,c,KO,Target element has no id attribute
detail-column,alpha,c,KO,Target element has no id attribute
detail-column,delta,c,KO,Target element has no id attribute
detail-column,beta,c,KO,Target element has no id attribute
detail-column,gamma,c,KO,Target element has no id attribute
detail-column,epsilon,d,KO,Target element text content is empty
detail-column,alpha,d,OK,
detail-column,delta,d,OK,
detail-column,beta,d,KO,Target element text content is empty
detail-column,gamma,d,KO,Target element text content is empty
detail-column,epsilon,e,KO,Target element text content is empty
detail-column,alpha,e,OK,
detail-column,delta,e,OK,
detail-column,beta,e,KO,Target element text content is empty
detail-column,gamma,e,KO,Target element text content is empty
detail-column,epsilon,f,OK,
detail-column,alpha,f,OK,
detail-column,delta,f,OK,
detail-column,beta,f,OK,
detail-column,gamma,f,KO,The parent is null or empty
detail-column,epsilon,g,OK,
detail-column,alpha,g,OK,
detail-column,delta,g,OK,
detail-column,beta,g,OK,
detail-column,gamma,g,OK,
detail-column,epsilon,h,OK,
detail-column,alpha,h,OK,
detail-column,delta,h,OK,
detail-column,beta,h,OK,
detail-column,gamma,h,OK,
detail-column,epsilon,i,OK,
detail-column,alpha,i,OK,
detail-column,delta,i,OK,
detail-column,beta,i,OK,
detail-column,gamma,i,OK,
detail-column,epsilon,j,OK,
detail-column,alpha,j,OK,
detail-column,delta,j,OK,
detail-column,beta,j,OK,
detail-column,gamma,j,OK,
detail-column,epsilon,k,OK,
detail-column,alpha,k,OK,
detail-column,delta,k,OK,
detail-column,beta,k,OK,
detail-column,gamma,k,OK,
detail-tags,epsilon,a,OK,
detail-tags,alpha,a,KO,Target element has no attributes
detail-tags,delta,a,KO,Target element has no attributes
detail-tags,beta,a,KO,Target element has no attributes
detail-tags,gamma,a,KO,Target element has no attributes
detail-tags,epsilon,b,OK,
detail-tags,alpha,b,KO,Target element has no valid candidate attributes
detail-tags,delta,b,KO,Target element has no valid candidate attributes
detail-tags,beta,b,KO,Target element has no valid candidate attributes
detail-tags,gamma,b,KO,Target element has no valid candidate attributes
detail-tags,epsilon,c,KO,Target element has no id attribute
detail-tags,alpha,c,KO,Target element has no id attribute
detail-tags,delta,c,KO,Target element has no id attribute
detail-tags,beta,c,KO,Target element has no id attribute
detail-tags,gamma,c,KO,Target element has no id attribute
detail-tags,epsilon,d,KO,Target element text content is empty
detail-tags,alpha,d,OK,
detail-tags,delta,d,OK,
detail-tags,beta,d,KO,Target element text content is empty
detail-tags,gamma,d,KO,Target element text content is empty
detail-tags,epsilon,e,KO,Target element text content is empty
detail-tags,alpha,e,OK,
detail-tags,delta,e,OK,
detail-tags,beta,e,KO,Target element text content is empty
detail-tags,gamma,e,KO,Target element text content is empty
detail-tags,epsilon,f,OK,
detail-tags,alpha,f,OK,
detail-tags,delta,f,OK,
detail-tags,beta,f,OK,
detail-tags,gamma,f,KO,The parent is null or empty
detail-tags,epsilon,g,OK,
detail-tags,alpha,g,OK,
detail-tags,delta,g,OK,
detail-tags,beta,g,OK,
detail-tags,gamma,g,OK,
detail-tags,epsilon,h,OK,
detail-tags,alpha,h,OK,
detail-tags,delta,h,OK,
detail-tags,beta,h,OK,
detail-tags,gamma,h,OK,
detail-tags,epsilon,i,OK,
detail-tags,alpha,i,OK,
detail-tags,delta,i,OK,
detail-tags,beta,i,OK,
detail-tags,gamma,i,OK,
detail-tags,epsilon,j,OK,
detail-tags,alpha,j,OK,
detail-tags,delta,j,OK,
detail-tags,beta,j,OK,
detail-tags,gamma,j,OK,
detail-tags,epsilon,k,OK,
detail-tags,alpha,k,OK,
detail-tags,delta,k,OK,
detail-tags,beta,k,OK,
detail-tags,gamma,k,OK,
detail-edit,alpha,a,OK,
detail-edit,delta,a,OK,
detail-edit,beta,a,KO,Target element has no attributes
detail-edit,gamma,a,OK,
detail-edit,alpha,b,OK,
detail-edit,delta,b,OK,
detail-edit,beta,b,KO,Target element has no valid candidate attributes
detail-edit,gamma,b,OK,
detail-edit,alpha,c,KO,Target element has no id attribute
detail-edit,delta,c,KO,Target element has no id attribute
detail-edit,beta,c,KO,Target element has no id attribute
detail-edit,gamma,c,KO,Target element has no id attribute
detail-edit,alpha,d,OK,
detail-edit,delta,d,OK,
detail-edit,beta,d,KO,Target element text content is empty
detail-edit,gamma,d,KO,Target element text content is empty
detail-edit,alpha,e,OK,
detail-edit,delta,e,OK,
detail-edit,beta,e,KO,Target element text content is empty
detail-edit,gamma,e,KO,Target element text content is empty
detail-edit,alpha,f,OK,
detail-edit,delta,f,OK,
detail-edit,beta,f,OK,
detail-edit,gamma,f,OK,
detail-edit,alpha,g,OK,
detail-edit,delta,g,OK,
detail-edit,beta,g,OK,
detail-edit,gamma,g,OK,
detail-edit,alpha,h,OK,
detail-edit,delta,h,OK,
detail-edit,beta,h,OK,
detail-edit,gamma,h,OK,
detail-edit,alpha,i,OK,
detail-edit,delta,i,OK,
detail-edit,beta,i,OK,
detail-edit,gamma,i,OK,
detail-edit,alpha,j,OK,
detail-edit,delta,j,OK,
detail-edit,beta,j,OK,
detail-edit,gamma,j,OK,
detail-edit,alpha,k,OK,
detail-edit,delta,k,OK,
detail-edit,beta,k,OK,
detail-edit,gamma,k,OK,
detail-delete,alpha,a,OK,
detail-delete,delta,a,OK,
detail-delete,beta,a,KO,Target element has no attributes
detail-delete,gamma,a,OK,
detail-delete,alpha,b,OK,
detail-delete,delta,b,OK,
detail-delete,beta,b,KO,Target element has no valid candidate attributes
detail-delete,gamma,b,OK,
detail-delete,alpha,c,KO,Target element has no id attribute
detail-delete,delta,c,KO,Target element has no id attribute
detail-delete,beta,c,KO,Target element has no id attribute
detail-delete,gamma,c,KO,Target element has no id attribute
detail-delete,alpha,d,OK,
detail-delete,delta,d,OK,
detail-delete,beta,d,KO,Target element text content is empty
detail-delete,gamma,d,KO,Target element text content is empty
detail-delete,alpha,e,OK,
detail-delete,delta,e,OK,
detail-delete,beta,e,KO,Target element text content is empty
detail-delete,gamma,e,KO,Target element text content is empty
detail-delete,alpha,f,OK,
detail-delete,delta,f,OK,
detail-delete,beta,f,OK,
detail-delete,gamma,f,OK,
detail-delete,alpha,g,OK,
detail-delete,delta,g,OK,
detail-delete,beta,g,OK,
detail-delete,gamma,g,OK,
detail-delete,alpha,h,OK,
detail-delete,delta,h,OK,
detail-delete,beta,h,OK,
detail-delete,gamma,h,OK,
detail-delete,alpha,i,OK,
detail-delete,delta,i,OK,
detail-delete,beta,i,OK,
detail-delete,gamma,i,OK,
detail-delete,alpha,j,OK,
detail-delete,delta,j,OK,
detail-delete,beta,j,OK,
detail-delete,gamma,j,OK,
detail-delete,alpha,k,OK,
detail-delete,delta,k,OK,
detail-delete,beta,k,OK,
detail-delete,gamma,k,OK,
detail-back,alpha,a,OK,
detail-back,delta,a,KO,Target element has no attributes
detail-back,beta,a,KO,Target element has no attributes
detail-back,gamma,a,KO,Target element has no attributes
detail-back,alpha,b,OK,
detail-back,delta,b,KO,Target element has no valid candidate attributes
detail-back,beta,b,KO,Target element has no valid candidate attributes
detail-back,gamma,b,KO,Target element has no valid candidate attributes
detail-back,alpha,c,KO,Target element has no id attribute
detail-back,delta,c,KO,Target element has no id attribute
detail-back,beta,c,KO,Target element has no id attribute
detail-back,gamma,c,KO,Target element has no id attribute
detail-back,alpha,d,OK,
detail-back,delta,d,OK,
detail-back,beta,d,KO,Target element text content is empty
detail-back,gamma,d,OK,
detail-back,alpha,e,OK,
detail-back,delta,e,OK,
detail-back,beta,e,KO,Target element text content is empty
detail-back,gamma,e,OK,
detail-back,alpha,f,OK,
detail-back,delta,f,OK,
detail-back,beta,f,OK,
detail-back,gamma,f,KO,The parent is null or empty
detail-back,alpha,g,OK,
detail-back,delta,g,OK,
detail-back,beta,g,OK,
detail-back,gamma,g,OK,
detail-back,alpha,h,OK,
detail-back,delta,h,OK,
detail-back,beta,h,OK,
detail-back,gamma,h,OK,
detail-back,alpha,i,OK,
detail-back,delta,i,OK,
detail-back,beta,i,OK,
detail-back,gamma,i,OK,
detail-back,alpha,j,OK,
detail-back,delta,j,OK,
detail-back,beta,j,OK,
detail-back,gamma,j,OK,
detail-back,alpha,k,OK,
detail-back,delta,k,OK,
detail-back,beta,k,OK,
detail-back,gamma,k,OK,
detail-page-title,alpha,a,KO,Target element has no attributes
detail-page-title,delta,a,OK,
detail-page-title,beta,a,KO,Target element has no attributes
detail-page-title,gamma,a,KO,Target element has no attributes
detail-page-title,alpha,b,KO,Target element has no valid candidate attributes
detail-page-title,delta,b,OK,
detail-page-title,beta,b,KO,Target element has no valid candidate attributes
detail-page-title,gamma,b,KO,Target element has no valid candidate attributes
detail-page-title,alpha,c,KO,Target element has no id attribute
detail-page-title,delta,c,KO,Target element has no id attribute
detail-page-title,beta,c,KO,Target element has no id attribute
detail-page-title,gamma,c,KO,Target element has no id attribute
detail-page-title,alpha,d,OK,
detail-page-title,delta,d,OK,
detail-page-title,beta,d,KO,Target element text content is empty
detail-page-title,gamma,d,OK,
detail-page-title,alpha,e,OK,
detail-page-title,delta,e,OK,
detail-page-title,beta,e,KO,Target element text content is empty
detail-page-title,gamma,e,OK,
detail-page-title,alpha,f,OK,
detail-page-title,delta,f,OK,
detail-page-title,beta,f,OK,
detail-page-title,gamma,f,KO,The parent is null or empty
detail-page-title,alpha,g,OK,
detail-page-title,delta,g,OK,
detail-page-title,beta,g,OK,
detail-page-title,gamma,g,OK,
detail-page-title,alpha,h,OK,
detail-page-title,delta,h,OK,
detail-page-title,beta,h,OK,
detail-page-title,gamma,h,OK,
detail-page-title,alpha,i,OK,
detail-page-title,delta,i,OK,
detail-page-title,beta,i,OK,
detail-page-title,gamma,i,OK,
detail-page-title,alpha,j,OK,
detail-page-title,delta,j,OK,
detail-page-title,beta,j,OK,
detail-page-title,gamma,j,OK,
detail-page-title,alpha,k,OK,
detail-page-title,delta,k,OK,
detail-page-title,beta,k,OK,
detail-page-title,gamma,k,OK,
stat-total,alpha,a,KO,Target element has no attributes
stat-total,delta,a,KO,Target element has no attributes
stat-total,beta,a,OK,
stat-total,gamma,a,KO,Target element has no attributes
stat-total,alpha,b,KO,Target element has no valid candidate attributes
stat-total,delta,b,KO,Target element has no valid candidate attributes
stat-total,beta,b,OK,
stat-total,gamma,b,KO,Target element has no valid candidate attributes
stat-total,alpha,c,KO,Target element has no id attribute
stat-total,delta,c,KO,Target element has no id attribute
stat-total,beta,c,KO,Target element has no id attribute
stat-total,gamma,c,KO,Target element has no id attribute
stat-total,alpha,d,OK,
stat-total,delta,d,OK,
stat-total,beta,d,KO,Target element text content is empty
stat-total,gamma,d,KO,Target element text content is empty
stat-total,alpha,e,OK,
stat-total,delta,e,OK,
stat-total,beta,e,KO,Target element text content is empty
stat-total,gamma,e,KO,Target element text content is empty
stat-total,alpha,f,OK,
stat-total,delta,f,OK,
stat-total,beta,f,OK,
stat-total,gamma,f,OK,
stat-total,alpha,g,OK,
stat-total,delta,g,OK,
stat-total,beta,g,OK,
stat-total,gamma,g,OK,
stat-total,alpha,h,OK,
stat-total,delta,h,OK,
stat-total,beta,h,OK,
stat-total,gamma,h,OK,
stat-total,alpha,i,OK,
stat-total,delta,i,OK,
stat-total,beta,i,OK,
stat-total,gamma,i,OK,
stat-total,alpha,j,OK,
stat-total,delta,j,OK,
stat-total,beta,j,OK,
stat-total,gamma,j,OK,
stat-total,alpha,k,OK,
stat-total,delta,k,OK,
stat-total,beta,k,OK,
stat-total,gamma,k,OK,
stat-backlog,alpha,a,KO,Target element has no attributes
stat-backlog,delta,a,KO,Target element has no attributes
stat-backlog,beta,a,OK,
stat-backlog,gamma,a,KO,Target element has no attributes
stat-backlog,alpha,b,KO,Target element has no valid candidate attributes
stat-backlog,delta,b,KO,Target element has no valid candidate attributes
stat-backlog,beta,b,OK,
stat-backlog,gamma,b,KO,Target element has no valid candidate attributes
stat-backlog,alpha,c,KO,Target element has no id attribute
stat-backlog,delta,c,KO,Target element has no id attribute
stat-backlog,beta,c,KO,Target element has no id attribute
stat-backlog,gamma,c,KO,Target element has no id attribute
stat-backlog,alpha,d,OK,
stat-backlog,delta,d,OK,
stat-backlog,beta,d,KO,Target element text content is empty
stat-backlog,gamma,d,KO,Target element text content is empty
stat-backlog,alpha,e,OK,
stat-backlog,delta,e,OK,
stat-backlog,beta,e,KO,Target element text content is empty
stat-backlog,gamma,e,KO,Target element text content is empty
stat-backlog,alpha,f,OK,
stat-backlog,delta,f,OK,
stat-backlog,beta,f,OK,
stat-backlog,gamma,f,OK,
stat-backlog,alpha,g,OK,
stat-backlog,delta,g,OK,
stat-backlog,beta,g,OK,
stat-backlog,gamma,g,OK,
stat-backlog,alpha,h,OK,
stat-backlog,delta,h,OK,
stat-backlog,beta,h,OK,
stat-backlog,gamma,h,OK,
stat-backlog,alpha,i,OK,
stat-backlog,delta,i,OK,
stat-backlog,beta,i,OK,
stat-backlog,gamma,i,OK,
stat-backlog,alpha,j,OK,
stat-backlog,delta,j,OK,
stat-backlog,beta,j,OK,
stat-backlog,gamma,j,OK,
stat-backlog,alpha,k,OK,
stat-backlog,delta,k,OK,
stat-backlog,beta,k,OK,
stat-backlog,gamma,k,OK,
stat-inprogress,alpha,a,KO,Target element has no attributes
stat-inprogress,delta,a,KO,Target element has no attributes
stat-inprogress,beta,a,OK,
stat-inprogress,gamma,a,KO,Target element has no attributes
stat-inprogress,alpha,b,KO,Target element has no valid candidate attributes
stat-inprogress,delta,b,KO,Target element has no valid candidate attributes
stat-inprogress,beta,b,OK,
stat-inprogress,gamma,b,KO,Target element has no valid candidate attributes
stat-inprogress,alpha,c,KO,Target element has no id attribute
stat-inprogress,delta,c,KO,Target element has no id attribute
stat-inprogress,beta,c,KO,Target element has no id attribute
stat-inprogress,gamma,c,KO,Target element has no id attribute
stat-inprogress,alpha,d,OK,
stat-inprogress,delta,d,OK,
stat-inprogress,beta,d,KO,Target element text content is empty
stat-inprogress,gamma,d,KO,Target element text content is empty
stat-inprogress,alpha,e,OK,
stat-inprogress,delta,e,OK,
stat-inprogress,beta,e,KO,Target element text content is empty
stat-inprogress,gamma,e,KO,Target element text content is empty
stat-inprogress,alpha,f,OK,
stat-inprogress,delta,f,OK,
stat-inprogress,beta,f,OK,
stat-inprogress,gamma,f,OK,
stat-inprogress,alpha,g,OK,
stat-inprogress,delta,g,OK,
stat-inprogress,beta,g,OK,
stat-inprogress,gamma,g,OK,
stat-inprogress,alpha,h,OK,
stat-inprogress,delta,h,OK,
stat-inprogress,beta,h,OK,
stat-inprogress,gamma,h,OK,
stat-inprogress,alpha,i,OK,
stat-inprogress,delta,i,OK,
stat-inprogress,beta,i,OK,
stat-inprogress,gamma,i,OK,
stat-inprogress,alpha,j,OK,
stat-inprogress,delta,j,OK,
stat-inprogress,beta,j,OK,
stat-inprogress,gamma,j,OK,
stat-inprogress,alpha,k,OK,
stat-inprogress,delta,k,OK,
stat-inprogress,beta,k,OK,
stat-inprogress,gamma,k,OK,
stat-review,alpha,a,KO,Target element has no attributes
stat-review,delta,a,KO,Target element has no attributes
stat-review,beta,a,OK,
stat-review,gamma,a,KO,Target element has no attributes
stat-review,alpha,b,KO,Target element has no valid candidate attributes
stat-review,delta,b,KO,Target element has no valid candidate attributes
stat-review,beta,b,OK,
stat-review,gamma,b,KO,Target element has no valid candidate attributes
stat-review,alpha,c,KO,Target element has no id attribute
stat-review,delta,c,KO,Target element has no id attribute
stat-review,beta,c,KO,Target element has no id attribute
stat-review,gamma,c,KO,Target element has no id attribute
stat-review,alpha,d,OK,
stat-review,delta,d,OK,
stat-review,beta,d,KO,Target element text content is empty
stat-review,gamma,d,KO,Target element text content is empty
stat-review,alpha,e,OK,
stat-review,delta,e,OK,
stat-review,beta,e,KO,Target element text content is empty
stat-review,gamma,e,KO,Target element text content is empty
stat-review,alpha,f,OK,
stat-review,delta,f,OK,
stat-review,beta,f,OK,
stat-review,gamma,f,OK,
stat-review,alpha,g,OK,
stat-review,delta,g,OK,
stat-review,beta,g,OK,
stat-review,gamma,g,OK,
stat-review,alpha,h,OK,
stat-review,delta,h,OK,
stat-review,beta,h,OK,
stat-review,gamma,h,OK,
stat-review,alpha,i,OK,
stat-review,delta,i,OK,
stat-review,beta,i,OK,
stat-review,gamma,i,OK,
stat-review,alpha,j,OK,
stat-review,delta,j,OK,
stat-review,beta,j,OK,
stat-review,gamma,j,OK,
stat-review,alpha,k,OK,
stat-review,delta,k,OK,
stat-review,beta,k,OK,
stat-review,gamma,k,OK,
stat-done,alpha,a,KO,Target element has no attributes
stat-done,delta,a,KO,Target element has no attributes
stat-done,beta,a,OK,
stat-done,gamma,a,KO,Target element has no attributes
stat-done,alpha,b,KO,Target element has no valid candidate attributes
stat-done,delta,b,KO,Target element has no valid candidate attributes
stat-done,beta,b,OK,
stat-done,gamma,b,KO,Target element has no valid candidate attributes
stat-done,alpha,c,KO,Target element has no id attribute
stat-done,delta,c,KO,Target element has no id attribute
stat-done,beta,c,KO,Target element has no id attribute
stat-done,gamma,c,KO,Target element has no id attribute
stat-done,alpha,d,OK,
stat-done,delta,d,OK,
stat-done,beta,d,KO,Target element text content is empty
stat-done,gamma,d,KO,Target element text content is empty
stat-done,alpha,e,OK,
stat-done,delta,e,OK,
stat-done,beta,e,KO,Target element text content is empty
stat-done,gamma,e,KO,Target element text content is empty
stat-done,alpha,f,OK,
stat-done,delta,f,OK,
stat-done,beta,f,OK,
stat-done,gamma,f,OK,
stat-done,alpha,g,OK,
stat-done,delta,g,OK,
stat-done,beta,g,OK,
stat-done,gamma,g,OK,
stat-done,alpha,h,OK,
stat-done,delta,h,OK,
stat-done,beta,h,OK,
stat-done,gamma,h,OK,
stat-done,alpha,i,OK,
stat-done,delta,i,OK,
stat-done,beta,i,OK,
stat-done,gamma,i,OK,
stat-done,alpha,j,OK,
stat-done,delta,j,OK,
stat-done,beta,j,OK,
stat-done,gamma,j,OK,
stat-done,alpha,k,OK,
stat-done,delta,k,OK,
stat-done,beta,k,OK,
stat-done,gamma,k,OK,
stat-high,alpha,a,KO,Target element has no attributes
stat-high,delta,a,KO,Target element has no attributes
stat-high,beta,a,OK,
stat-high,gamma,a,KO,Target element has no attributes
stat-high,alpha,b,KO,Target element has no valid candidate attributes
stat-high,delta,b,KO,Target element has no valid candidate attributes
stat-high,beta,b,OK,
stat-high,gamma,b,KO,Target element has no valid candidate attributes
stat-high,alpha,c,KO,Target element has no id attribute
stat-high,delta,c,KO,Target element has no id attribute
stat-high,beta,c,KO,Target element has no id attribute
stat-high,gamma,c,KO,Target element has no id attribute
stat-high,alpha,d,OK,
stat-high,delta,d,OK,
stat-high,beta,d,KO,Target element text content is empty
stat-high,gamma,d,KO,Target element text content is empty
stat-high,alpha,e,OK,
stat-high,delta,e,OK,
stat-high,beta,e,KO,Target element text content is empty
stat-high,gamma,e,KO,Target element text content is empty
stat-high,alpha,f,OK,
stat-high,delta,f,OK,
stat-high,beta,f,OK,
stat-high,gamma,f,OK,
stat-high,alpha,g,OK,
stat-high,delta,g,OK,
stat-high,beta,g,OK,
stat-high,gamma,g,OK,
stat-high,alpha,h,OK,
stat-high,delta,h,OK,
stat-high,beta,h,OK,
stat-high,gamma,h,OK,
stat-high,alpha,i,OK,
stat-high,delta,i,OK,
stat-high,beta,i,OK,
stat-high,gamma,i,OK,
stat-high,alpha,j,OK,
stat-high,delta,j,OK,
stat-high,beta,j,OK,
stat-high,gamma,j,OK,
stat-high,alpha,k,OK,
stat-high,delta,k,OK,
stat-high,beta,k,OK,
stat-high,gamma,k,OK,
stat-medium,alpha,a,KO,Target element has no attributes
stat-medium,delta,a,KO,Target element has no attributes
stat-medium,beta,a,OK,
stat-medium,gamma,a,KO,Target element has no attributes
stat-medium,alpha,b,KO,Target element has no valid candidate attributes
stat-medium,delta,b,KO,Target element has no valid candidate attributes
stat-medium,beta,b,OK,
stat-medium,gamma,b,KO,Target element has no valid candidate attributes
stat-medium,alpha,c,KO,Target element has no id attribute
stat-medium,delta,c,KO,Target element has no id attribute
stat-medium,beta,c,KO,Target element has no id attribute
stat-medium,gamma,c,KO,Target element has no id attribute
stat-medium,alpha,d,OK,
stat-medium,delta,d,OK,
stat-medium,beta,d,KO,Target element text content is empty
stat-medium,gamma,d,KO,Target element text content is empty
stat-medium,alpha,e,OK,
stat-medium,delta,e,OK,
stat-medium,beta,e,KO,Target element text content is empty
stat-medium,gamma,e,KO,Target element text content is empty
stat-medium,alpha,f,OK,
stat-medium,delta,f,OK,
stat-medium,beta,f,OK,
stat-medium,gamma,f,OK,
stat-medium,alpha,g,OK,
stat-medium,delta,g,OK,
stat-medium,beta,g,OK,
stat-medium,gamma,g,OK,
stat-medium,alpha,h,OK,
stat-medium,delta,h,OK,
stat-medium,beta,h,OK,
stat-medium,gamma,h,OK,
stat-medium,alpha,i,OK,
stat-medium,delta,i,OK,
stat-medium,beta,i,OK,
stat-medium,gamma,i,OK,
stat-medium,alpha,j,OK,
stat-medium,delta,j,OK,
stat-medium,beta,j,OK,
stat-medium,gamma,j,OK,
stat-medium,alpha,k,OK,
stat-medium,delta,k,OK,
stat-medium,beta,k,OK,
stat-medium,gamma,k,OK,
stat-low,alpha,a,KO,Target element has no attributes
stat-low,delta,a,KO,Target element has no attributes
stat-low,beta,a,OK,
stat-low,gamma,a,KO,Target element has no attributes
stat-low,alpha,b,KO,Target element has no valid candidate attributes
stat-low,delta,b,KO,Target element has no valid candidate attributes
stat-low,beta,b,OK,
stat-low,gamma,b,KO,Target element has no valid candidate attributes
stat-low,alpha,c,KO,Target element has no id attribute
stat-low,delta,c,KO,Target element has no id attribute
stat-low,beta,c,KO,Target element has no id attribute
stat-low,gamma,c,KO,Target element has no id attribute
stat-low,alpha,d,OK,
stat-low,delta,d,OK,
stat-low,beta,d,KO,Target element text content is empty
stat-low,gamma,d,KO,Target element text content is empty
stat-low,alpha,e,OK,
stat-low,delta,e,OK,
stat-low,beta,e,KO,Target element text content is empty
stat-low,gamma,e,KO,Target element text content is empty
stat-low,alpha,f,OK,
stat-low,delta,f,OK,
stat-low,beta,f,OK,
stat-low,gamma,f,OK,
stat-low,alpha,g,OK,
stat-low,delta,g,OK,
stat-low,beta,g,OK,
stat-low,gamma,g,OK,
stat-low,alpha,h,OK,
stat-low,delta,h,OK,
stat-low,beta,h,OK,
stat-low,gamma,h,OK,
stat-low,alpha,i,OK,
stat-low,delta,i,OK,
stat-low,beta,i,OK,
stat-low,gamma,i,OK,
stat-low,alpha,j,OK,
stat-low,delta,j,OK,
stat-low,beta,j,OK,
stat-low,gamma,j,OK,
stat-low,alpha,k,OK,
stat-low,delta,k,OK,
stat-low,beta,k,OK,
stat-low,gamma,k,OK,
stats-title,alpha,a,KO,Target element has no attributes
stats-title,delta,a,OK,
stats-title,beta,a,KO,Target element has no attributes
stats-title,gamma,a,KO,Target element has no attributes
stats-title,alpha,b,KO,Target element has no valid candidate attributes
stats-title,delta,b,OK,
stats-title,beta,b,KO,Target element has no valid candidate attributes
stats-title,gamma,b,KO,Target element has no valid candidate attributes
stats-title,alpha,c,KO,Target element has no id attribute
stats-title,delta,c,KO,Target element has no id attribute
stats-title,beta,c,KO,Target element has no id attribute
stats-title,gamma,c,KO,Target element has no id attribute
stats-title,alpha,d,OK,
stats-title,delta,d,OK,
stats-title,beta,d,KO,Target element text content is empty
stats-title,gamma,d,KO,Target element text content is empty
stats-title,alpha,e,OK,
stats-title,delta,e,OK,
stats-title,beta,e,KO,Target element text content is empty
stats-title,gamma,e,KO,Target element text content is empty
stats-title,alpha,f,OK,
stats-title,delta,f,OK,
stats-title,beta,f,OK,
stats-title,gamma,f,KO,The parent is null or empty
stats-title,alpha,g,OK,
stats-title,delta,g,OK,
stats-title,beta,g,OK,
stats-title,gamma,g,OK,
stats-title,alpha,h,OK,
stats-title,delta,h,OK,
stats-title,beta,h,OK,
stats-title,gamma,h,OK,
stats-title,alpha,i,OK,
stats-title,delta,i,OK,
stats-title,beta,i,OK,
stats-title,gamma,i,OK,
stats-title,alpha,j,OK,
stats-title,delta,j,OK,
stats-title,beta,j,OK,
stats-title,gamma,j,OK,
stats-title,alpha,k,OK,
stats-title,delta,k,OK,
stats-title,beta,k,OK,
stats-title,gamma,k,OK,
stats-table,epsilon,a,OK,
stats-table,alpha,a,KO,Target element has no attributes
stats-table,beta,a,OK,
stats-table,gamma,a,KO,Target element has no attributes
stats-table,epsilon,b,OK,
stats-table,alpha,b,KO,Target element has no valid candidate attributes
stats-table,beta,b,OK,
stats-table,gamma,b,KO,Target element has no valid candidate attributes
stats-table,epsilon,c,KO,Target element has no id attribute
stats-table,alpha,c,KO,Target element has no id attribute
stats-table,beta,c,KO,Target element has no id attribute
stats-table,gamma,c,KO,Target element has no id attribute
stats-table,epsilon,d,KO,Target element text content is empty
stats-table,alpha,d,KO,Target element text content is empty
stats-table,beta,d,KO,Target element text content is empty
stats-table,gamma,d,KO,Target element text content is empty
stats-table,epsilon,e,KO,Target element text content is empty
stats-table,alpha,e,KO,Target element text content is empty
stats-table,beta,e,KO,Target element text content is empty
stats-table,gamma,e,KO,Target element text content is empty
stats-table,epsilon,f,OK,
stats-table,alpha,f,KO,The parent is null or empty
stats-table,beta,f,OK,
stats-table,gamma,f,OK,
stats-table,epsilon,g,OK,
stats-table,alpha,g,OK,
stats-table,beta,g,OK,
stats-table,gamma,g,OK,
stats-table,epsilon,h,OK,
stats-table,alpha,h,OK,
stats-table,beta,h,OK,
stats-table,gamma,h,OK,
stats-table,epsilon,i,OK,
stats-table,alpha,i,OK,
stats-table,beta,i,OK,
stats-table,gamma,i,OK,
stats-table,epsilon,j,OK,
stats-table,alpha,j,OK,
stats-table,beta,j,OK,
stats-table,gamma,j,OK,
stats-table,epsilon,k,OK,
stats-table,alpha,k,OK,
stats-table,beta,k,OK,
stats-table,gamma,k,OK,
stats-th-title,epsilon,a,OK,
stats-th-title,alpha,a,KO,Target element has no attributes
stats-th-title,delta,a,KO,Target element has no attributes
stats-th-title,beta,a,KO,Target element has no attributes
stats-th-title,gamma,a,KO,Target element has no attributes
stats-th-title,epsilon,b,OK,
stats-th-title,alpha,b,KO,Target element has no valid candidate attributes
stats-th-title,delta,b,KO,Target element has no valid candidate attributes
stats-th-title,beta,b,KO,Target element has no attributes
stats-th-title,gamma,b,KO,Target element has no attributes
stats-th-title,epsilon,c,KO,Target element has no id attribute
stats-th-title,alpha,c,KO,Target element has no id attribute
stats-th-title,delta,c,KO,Target element has no id attribute
stats-th-title,beta,c,KO,Target element has no id attribute
stats-th-title,gamma,c,KO,Target element has no id attribute
stats-th-title,epsilon,d,KO,Target element text content is empty
stats-th-title,alpha,d,OK,
stats-th-title,delta,d,OK,
stats-th-title,beta,d,KO,Target element text content is empty
stats-th-title,gamma,d,KO,Target element text content is empty
stats-th-title,epsilon,e,KO,Target element text content is empty
stats-th-title,alpha,e,OK,
stats-th-title,delta,e,OK,
stats-th-title,beta,e,KO,Target element text content is empty
stats-th-title,gamma,e,KO,Target element text content is empty
stats-th-title,epsilon,f,OK,
stats-th-title,alpha,f,OK,
stats-th-title,delta,f,OK,
stats-th-title,beta,f,KO,The parent is null or empty
stats-th-title,gamma,f,OK,
stats-th-title,epsilon,g,OK,
stats-th-title,alpha,g,OK,
stats-th-title,delta,g,OK,
stats-th-title,beta,g,OK,
stats-th-title,gamma,g,OK,
stats-th-title,epsilon,h,OK,
stats-th-title,alpha,h,OK,
stats-th-title,delta,h,OK,
stats-th-title,beta,h,OK,
stats-th-title,gamma,h,OK,
stats-th-title,epsilon,i,OK,
stats-th-title,alpha,i,OK,
stats-th-title,delta,i,OK,
stats-th-title,beta,i,OK,
stats-th-title,gamma,i,OK,
stats-th-title,epsilon,j,OK,
stats-th-title,alpha,j,OK,
stats-th-title,delta,j,OK,
stats-th-title,beta,j,OK,
stats-th-title,gamma,j,OK,
stats-th-title,epsilon,k,OK,
stats-th-title,alpha,k,OK,
stats-th-title,delta,k,OK,
stats-th-title,beta,k,OK,
stats-th-title,gamma,k,OK,
stat-row,epsilon,a,OK,
stat-row,alpha,a,OK,
stat-row,delta,a,KO,Target element has no attributes
stat-row,beta,a,KO,Target element has no attributes
stat-row,gamma,a,KO,Target element has no attributes
stat-row,epsilon,b,OK,
stat-row,alpha,b,OK,
stat-row,delta,b,KO,Target element has no valid candidate attributes
stat-row,beta,b,KO,Target element has no attributes
stat-row,gamma,b,KO,Target element has no valid candidate attributes
stat-row,epsilon,c,KO,Target element has no id attribute
stat-row,alpha,c,KO,Target element has no id attribute
stat-row,delta,c,KO,Target element has no id attribute
stat-row,beta,c,KO,Target element has no id attribute
stat-row,gamma,c,KO,Target element has no id attribute
stat-row,epsilon,d,KO,Target element text content is empty
stat-row,alpha,d,KO,Target element text content is empty
stat-row,delta,d,KO,Target element text content is empty
stat-row,beta,d,OK,
stat-row,gamma,d,KO,Target element text content is empty
stat-row,epsilon,e,KO,Target element text content is empty
stat-row,alpha,e,KO,Target element text content is empty
stat-row,delta,e,KO,Target element text content is empty
stat-row,beta,e,OK,
stat-row,gamma,e,KO,Target element text content is empty
stat-row,epsilon,f,OK,
stat-row,alpha,f,OK,
stat-row,delta,f,OK,
stat-row,beta,f,OK,
stat-row,gamma,f,KO,The parent is null or empty
stat-row,epsilon,g,OK,
stat-row,alpha,g,OK,
stat-row,delta,g,OK,
stat-row,beta,g,OK,
stat-row,gamma,g,OK,
stat-row,epsilon,h,OK,
stat-row,alpha,h,OK,
stat-row,delta,h,OK,
stat-row,beta,h,OK,
stat-row,gamma,h,OK,
stat-row,epsilon,i,OK,
stat-row,alpha,i,OK,
stat-row,delta,i,OK,
stat-row,beta,i,OK,
stat-row,gamma,i,OK,
stat-row,epsilon,j,OK,
stat-row,alpha,j,OK,
stat-row,delta,j,OK,
stat-row,beta,j,OK,
stat-row,gamma,j,OK,
stat-row,epsilon,k,OK,
stat-row,alpha,k,OK,
stat-row,delta,k,OK,
stat-row,beta,k,OK,
stat-row,gamma,k,OK,
footer-brand,epsilon,a,KO,Target element has no attributes
footer-brand,alpha,a,KO,Target element has no attributes
footer-brand,delta,a,KO,Target element has no attributes
footer-brand,beta,a,KO,Target element has no attributes
footer-brand,gamma,a,OK,
footer-brand,epsilon,b,KO,Target element has no attributes
footer-brand,alpha,b,KO,Target element has no valid candidate attributes
footer-brand,delta,b,KO,Target element has no valid candidate attributes
footer-brand,beta,b,KO,Target element has no valid candidate attributes
footer-brand,gamma,b,OK,
footer-brand,epsilon,c,KO,Target element has no id attribute
footer-brand,alpha,c,KO,Target element has no id attribute
footer-brand,delta,c,KO,Target element has no id attribute
footer-brand,beta,c,KO,Target element has no id attribute
footer-brand,gamma,c,KO,Target element has no id attribute
footer-brand,epsilon,d,KO,Target element text content is empty
footer-brand,alpha,d,OK,
footer-brand,delta,d,OK,
footer-brand,beta,d,KO,Target element text content is empty
footer-brand,gamma,d,KO,Target element text content is empty
footer-brand,epsilon,e,KO,Target element text content is empty
footer-brand,alpha,e,OK,
footer-brand,delta,e,OK,
footer-brand,beta,e,KO,Target element text content is empty
footer-brand,gamma,e,KO,Target element text content is empty
footer-brand,epsilon,f,OK,
footer-brand,alpha,f,OK,
footer-brand,delta,f,OK,
footer-brand,beta,f,KO,The parent is null or empty
footer-brand,gamma,f,KO,The parent is null or empty
footer-brand,epsilon,g,OK,
footer-brand,alpha,g,OK,
footer-brand,delta,g,OK,
footer-brand,beta,g,OK,
footer-brand,gamma,g,OK,
footer-brand,epsilon,h,OK,
footer-brand,alpha,h,OK,
footer-brand,delta,h,OK,
footer-brand,beta,h,OK,
footer-brand,gamma,h,OK,
footer-brand,epsilon,i,OK,
footer-brand,alpha,i,OK,
footer-brand,delta,i,OK,
footer-brand,beta,i,OK,
footer-brand,gamma,i,OK,
footer-brand,epsilon,j,OK,
footer-brand,alpha,j,OK,
footer-brand,delta,j,OK,
footer-brand,beta,j,OK,
footer-brand,gamma,j,OK,
footer-brand,epsilon,k,OK,
footer-brand,alpha,k,OK,
footer-brand,delta,k,OK,
footer-brand,beta,k,OK,
footer-brand,gamma,k,OK,
footer-note,epsilon,a,KO,Target element has no attributes
footer-note,alpha,a,KO,Target element has no attributes
footer-note,delta,a,KO,Target element has no attributes
footer-note,beta,a,KO,Target element has no attributes
footer-note,gamma,a,OK,
footer-note,epsilon,b,KO,Target element has no attributes
footer-note,alpha,b,KO,Target element has no valid candidate attributes
footer-note,delta,b,KO,Target element has no valid candidate attributes
footer-note,beta,b,KO,Target element has no valid candidate attributes
footer-note,gamma,b,OK,
footer-note,epsilon,c,KO,Target element has no id attribute
footer-note,alpha,c,KO,Target element has no id attribute
footer-note,delta,c,KO,Target element has no id attribute
footer-note,beta,c,KO,Target element has no id attribute
footer-note,gamma,c,KO,Target element has no id attribute
footer-note,epsilon,d,KO,Target element text content is empty
footer-note,alpha,d,OK,
footer-note,delta,d,OK,
footer-note,beta,d,KO,Target element text content is empty
footer-note,gamma,d,KO,Target element text content is empty
footer-note,epsilon,e,KO,Target element text content is empty
footer-note,alpha,e,OK,
footer-note,delta,e,OK,
footer-note,beta,e,KO,Target element text content is empty
footer-note,gamma,e,KO,Target element text content is empty
footer-note,epsilon,f,OK,
footer-note,alpha,f,OK,
footer-note,delta,f,OK,
footer-note,beta,f,KO,The parent is null or empty
footer-note,gamma,f,KO,The parent is null or empty
footer-note,epsilon,g,OK,
footer-note,alpha,g,OK,
footer-note,delta,g,OK,
footer-note,beta,g,OK,
footer-note,gamma,g,OK,
footer-note,epsilon,h,OK,
footer-note,alpha,h,OK,
footer-note,delta,h,OK,
footer-note,beta,h,OK,
footer-note,gamma,h,OK,
footer-note,epsilon,i,OK,
footer-note,alpha,i,OK,
footer-note,delta,i,OK,
footer-note,beta,i,OK,
footer-note,gamma,i,OK,
footer-note,epsilon,j,OK,
footer-note,alpha,j,OK,
footer-note,delta,j,OK,
footer-note,beta,j,OK,
footer-note,gamma,j,OK,
footer-note,epsilon,k,OK,
footer-note,alpha,k,OK,
footer-note,delta,k,OK,
footer-note,beta,k,OK,
footer-note,gamma,k,OK,
footer-version,epsilon,a,KO,Target element has no attributes
footer-version,alpha,a,KO,Target element has no attributes
footer-version,delta,a,KO,Target element has no attributes
footer-version,beta,a,KO,Target element has no attributes
footer-version,gamma,a,OK,
footer-version,epsilon,b,KO,Target element has no attributes
footer-version,alpha,b,KO,Target element has no valid candidate attributes
footer-version,delta,b,KO,Target element has no valid candidate attributes
footer-version,beta,b,KO,Target element has no valid candidate attributes
footer-version,gamma,b,OK,
footer-version,epsilon,c,KO,Target element has no id attribute
footer-version,alpha,c,KO,Target element has no id attribute
footer-version,delta,c,KO,Target element has no id attribute
footer-version,beta,c,KO,Target element has no id attribute
footer-version,gamma,c,KO,Target element has no id attribute
footer-version,epsilon,d,KO,Target element text content is empty
footer-version,alpha,d,OK,
footer-version,delta,d,OK,
footer-version,beta,d,KO,Target element text content is empty
footer-version,gamma,d,KO,Target element text content is empty
footer-version,epsilon,e,KO,Target element text content is empty
footer-version,alpha,e,OK,
footer-version,delta,e,OK,
footer-version,beta,e,KO,Target element text content is empty
footer-version,gamma,e,KO,Target element text content is empty
footer-version,epsilon,f,OK,
footer-version,alpha,f,OK,
footer-version,delta,f,OK,
footer-version,beta,f,KO,The parent is null or empty
footer-version,gamma,f,KO,The parent is null or empty
footer-version,epsilon,g,OK,
footer-version,alpha,g,OK,
footer-version,delta,g,OK,
footer-version,beta,g,OK,
footer-version,gamma,g,OK,
footer-version,epsilon,h,OK,
footer-version,alpha,h,OK,
footer-version,delta,h,OK,
footer-version,beta,h,OK,
footer-version,gamma,h,OK,
footer-version,epsilon,i,OK,
footer-version,alpha,i,OK,
footer-version,delta,i,OK,
footer-version,beta,i,OK,
footer-version,gamma,i,OK,
footer-version,epsilon,j,OK,
footer-version,alpha,j,OK,
footer-version,delta,j,OK,
footer-version,beta,j,OK,
footer-version,gamma,j,OK,
footer-version,epsilon,k,OK,
footer-version,alpha,k,OK,
footer-version,delta,k,OK,
footer-version,beta,k,OK,
footer-version,gamma,k,OK,
app-main,epsilon,a,KO,Target element has no attributes
app-main,alpha,a,OK,
app-main,delta,a,KO,Target element has no attributes
app-main,beta,a,KO,Target element has no attributes
app-main,gamma,a,KO,Target element has no attributes
app-main,epsilon,b,KO,Target element has no attributes
app-main,alpha,b,OK,
app-main,delta,b,KO,Target element has no attributes
app-main,beta,b,KO,Target element has no attributes
app-main,gamma,b,KO,Target element has no valid candidate attributes
app-main,epsilon,c,KO,Target element has no id attribute
app-main,alpha,c,KO,Target element has no id attribute
app-main,delta,c,KO,Target element has no id attribute
app-main,beta,c,KO,Target element has no id attribute
app-main,gamma,c,KO,Target element has no id attribute
app-main,epsilon,d,KO,Target element text content is empty
app-main,alpha,d,KO,Target element text content is empty
app-main,delta,d,KO,Target element text content is empty
app-main,beta,d,KO,Target element text content is empty
app-main,gamma,d,KO,Target element text content is empty
app-main,epsilon,e,KO,Target element text content is empty
app-main,alpha,e,KO,Target element text content is empty
app-main,delta,e,KO,Target element text content is empty
app-main,beta,e,KO,Target element text content is empty
app-main,gamma,e,KO,Target element text content is empty
app-main,epsilon,f,KO,The parent is null or empty
app-main,alpha,f,OK,
app-main,delta,f,OK,
app-main,beta,f,KO,The parent is null or empty
app-main,gamma,f,KO,The parent is null or empty
app-main,epsilon,g,OK,
app-main,alpha,g,OK,
app-main,delta,g,OK,
app-main,beta,g,OK,
app-main,gamma,g,OK,
app-main,epsilon,h,OK,
app-main,alpha,h,OK,
app-main,delta,h,OK,
app-main,beta,h,OK,
app-main,gamma,h,OK,
app-main,epsilon,i,OK,
app-main,alpha,i,OK,
app-main,delta,i,OK,
app-main,beta,i,OK,
app-main,gamma,i,OK,
app-main,epsilon,j,OK,
app-main,alpha,j,OK,
app-main,delta,j,OK,
app-main,beta,j,OK,
app-main,gamma,j,OK,
app-main,epsilon,k,OK,
app-main,alpha,k,OK,
app-main,delta,k,OK,
app-main,beta,k,OK,
app-main,gamma,k,OK,
toast-message,alpha,a,KO,Target element has no attributes
toast-message,delta,a,KO,Target element has no attributes
toast-message,beta,a,OK,
toast-message,alpha,b,KO,Target element has no valid candidate attributes
toast-message,delta,b,KO,Target element has no valid candidate attributes
toast-message,beta,b,OK,
toast-message,alpha,c,KO,Target element has no id attribute
toast-message,delta,c,KO,Target element has no id attribute
toast-message,beta,c,KO,Target element has no id attribute
toast-message,alpha,d,OK,
toast-message,delta,d,OK,
toast-message,beta,d,KO,Target element text content is empty
toast-message,alpha,e,OK,
toast-message,delta,e,OK,
toast-message,beta,e,KO,Target element text content is empty
toast-message,alpha,f,OK,
toast-message,delta,f,OK,
toast-message,beta,f,KO,The parent is null or empty
toast-message,alpha,g,OK,
toast-message,delta,g,OK,
toast-message,beta,g,OK,
toast-message,alpha,h,OK,
toast-message,delta,h,OK,
toast-message,beta,h,OK,
toast-message,alpha,i,OK,
toast-message,delta,i,OK,
toast-message,beta,i,OK,
toast-message,alpha,j,OK,
toast-message,delta,j,OK,
toast-message,beta,j,OK,
toast-message,alpha,k,OK,
toast-message,delta,k,OK,
toast-message,beta,k,OK,
toast-label,alpha,a,KO,Target element has no attributes
toast-label,delta,a,KO,Target element has no attributes
toast-label,beta,a,OK,
toast-label,alpha,b,KO,Target element has no valid candidate attributes
toast-label,delta,b,KO,Target element has no valid candidate attributes
toast-label,beta,b,OK,
toast-label,alpha,c,KO,Target element has no id attribute
toast-label,delta,c,KO,Target element has no id attribute
toast-label,beta,c,KO,Target element has no id attribute
toast-label,alpha,d,OK,
toast-label,delta,d,OK,
toast-label,beta,d,KO,Target element text content is empty
toast-label,alpha,e,OK,
toast-label,delta,e,OK,
toast-label,beta,e,KO,Target element text content is empty
toast-label,alpha,f,OK,
toast-label,delta,f,OK,
toast-label,beta,f,KO,The parent is null or empty
toast-label,alpha,g,OK,
toast-label,delta,g,OK,
toast-label,beta,g,OK,
toast-label,alpha,h,OK,
toast-label,delta,h,OK,
toast-label,beta,h,OK,
toast-label,alpha,i,OK,
toast-label,delta,i,OK,
toast-label,beta,i,OK,
toast-label,alpha,j,OK,
toast-label,delta,j,OK,
toast-label,beta,j,OK,
toast-label,alpha,k,OK,
toast-label,delta,k,OK,
toast-label,beta,k,OK,
auto-board-board,alpha,a,KO,Target element has no attributes
auto-board-board,beta,a,KO,Target element has no attributes
auto-board-board,alpha,b,KO,Target element has no valid candidate attributes
auto-board-board,beta,b,KO,Target element has no attributes
auto-board-board,alpha,c,KO,Target element has no id attribute
auto-board-board,beta,c,KO,Target element has no id attribute
auto-board-board,alpha,d,KO,Target element text content is empty
auto-board-board,beta,d,KO,Target element text content is empty
auto-board-board,alpha,e,KO,Target element text content is empty
auto-board-board,beta,e,KO,Target element text content is empty
auto-board-board,alpha,f,KO,The parent is null or empty
auto-board-board,beta,f,KO,Target element with body tag cannot be mutated
auto-board-board,alpha,g,OK,
auto-board-board,beta,g,OK,
auto-board-board,alpha,h,OK,
auto-board-board,beta,h,OK,
auto-board-board,alpha,i,OK,
auto-board-board,beta,i,KO,Target element with body tag cannot be mutated
auto-board-board,alpha,j,OK,
auto-board-board,beta,j,KO,Target element with body tag cannot be mutated
auto-board-board,alpha,k,OK,
auto-board-board,beta,k,KO,Target element with body tag cannot be mutated
auto-board-board-intro,alpha,a,KO,Target element has no attributes
auto-board-board-intro,delta,a,OK,
auto-board-board-intro,beta,a,KO,Target element has no attributes
auto-board-board-intro,alpha,b,KO,Target element has no valid candidate attributes
auto-board-board-intro,delta,b,OK,
auto-board-board-intro,beta,b,KO,Target element has no valid candidate attributes
auto-board-board-intro,alpha,c,KO,Target element has no id attribute
auto-board-board-intro,delta,c,KO,Target element has no id attribute
auto-board-board-intro,beta,c,KO,Target element has no id attribute
auto-board-board-intro,alpha,d,KO,Target element text content is empty
auto-board-board-intro,delta,d,KO,Target element text content is empty
auto-board-board-intro,beta,d,KO,Target element text content is empty
auto-board-board-intro,alpha,e,KO,Target element text content is empty
auto-board-board-intro,delta,e,KO,Target element text content is empty
auto-board-board-intro,beta,e,KO,Target element text content is empty
auto-board-board-intro,alpha,f,OK,
auto-board-board-intro,delta,f,OK,
auto-board-board-intro,beta,f,KO,The parent is null or empty
auto-board-board-intro,alpha,g,OK,
auto-board-board-intro,delta,g,OK,
auto-board-board-intro,beta,g,OK,
auto-board-board-intro,alpha,h,OK,
auto-board-board-intro,delta,h,OK,
auto-board-board-intro,beta,h,OK,
auto-board-board-intro,alpha,i,OK,
auto-board-board-intro,delta,i,OK,
auto-board-board-intro,beta,i,OK,
auto-board-board-intro,alpha,j,OK,
auto-board-board-intro,delta,j,OK,
auto-board-board-intro,beta,j,OK,
auto-board-board-intro,alpha,k,OK,
auto-board-board-intro,delta,k,OK,
auto-board-board-intro,beta,k,OK,
auto-board-toolbar,alpha,a,OK,
auto-board-toolbar,delta,a,OK,
auto-board-toolbar,beta,a,KO,Target element has no attributes
auto-board-toolbar,alpha,b,OK,
auto-board-toolbar,delta,b,OK,
auto-board-toolbar,beta,b,KO,Target element has no valid candidate attributes
auto-board-toolbar,alpha,c,KO,Target element has no id attribute
auto-board-toolbar,delta,c,KO,Target element has no id attribute
auto-board-toolbar,beta,c,KO,Target element has no id attribute
auto-board-toolbar,alpha,d,KO,Target element text content is empty
auto-board-toolbar,delta,d,KO,Target element text content is empty
auto-board-toolbar,beta,d,KO,Target element text content is empty
auto-board-toolbar,alpha,e,KO,Target element text content is empty
auto-board-toolbar,delta,e,KO,Target element text content is empty
auto-board-toolbar,beta,e,KO,Target element text content is empty
auto-board-toolbar,alpha,f,OK,
auto-board-toolbar,delta,f,OK,
auto-board-toolbar,beta,f,KO,The parent is null or empty
auto-board-toolbar,alpha,g,OK,
auto-board-toolbar,delta,g,OK,
auto-board-toolbar,beta,g,OK,
auto-board-toolbar,alpha,h,OK,
auto-board-toolbar,delta,h,OK,
auto-board-toolbar,beta,h,OK,
auto-board-toolbar,alpha,i,OK,
auto-board-toolbar,delta,i,OK,
auto-board-toolbar,beta,i,OK,
auto-board-toolbar,alpha,j,OK,
auto-board-toolbar,delta,j,OK,
auto-board-toolbar,beta,j,OK,
auto-board-toolbar,alpha,k,OK,
auto-board-toolbar,delta,k,OK,
auto-board-toolbar,beta,k,OK,
auto-board-toolbar-search,alpha,a,OK,
auto-board-toolbar-search,delta,a,KO,Target element has no attributes
auto-board-toolbar-search,beta,a,OK,
auto-board-toolbar-search,gamma,a,KO,Target element has no attributes
auto-board-toolbar-search,alpha,b,OK,
auto-board-toolbar-search,delta,b,KO,Target element has no valid candidate attributes
auto-board-toolbar-search,beta,b,OK,
auto-board-toolbar-search,gamma,b,KO,Target element has no valid candidate attributes
auto-board-toolbar-search,alpha,c,KO,Target element has no id attribute
auto-board-toolbar-search,delta,c,KO,Target element has no id attribute
auto-board-toolbar-search,beta,c,KO,Target element has no id attribute
auto-board-toolbar-search,gamma,c,KO,Target element has no id attribute
auto-board-toolbar-search,alpha,d,KO,Target element text content is empty
auto-board-toolbar-search,delta,d,KO,Target element text content is empty
auto-board-toolbar-search,beta,d,KO,Target element text content is empty
auto-board-toolbar-search,gamma,d,KO,Target element text content is empty
auto-board-toolbar-search,alpha,e,KO,Target element text content is empty
auto-board-toolbar-search,delta,e,KO,Target element text content is empty
auto-board-toolbar-search,beta,e,KO,Target element text content is empty
auto-board-toolbar-search,gamma,e,KO,Target element text content is empty
auto-board-toolbar-search,alpha,f,OK,
auto-board-toolbar-search,delta,f,OK,
auto-board-toolbar-search,beta,f,OK,
auto-board-toolbar-search,gamma,f,KO,The parent is null or empty
auto-board-toolbar-search,alpha,g,OK,
auto-board-toolbar-search,delta,g,OK,
auto-board-toolbar-search,beta,g,OK,
auto-board-toolbar-search,gamma,g,OK,
auto-board-toolbar-search,alpha,h,OK,
auto-board-toolbar-search,delta,h,OK,
auto-board-toolbar-search,beta,h,OK,
auto-board-toolbar-search,gamma,h,OK,
auto-board-toolbar-search,alpha,i,OK,
auto-board-toolbar-search,delta,i,OK,
auto-board-toolbar-search,beta,i,OK,
auto-board-toolbar-search,gamma,i,OK,
auto-board-toolbar-search,alpha,j,OK,
auto-board-toolbar-search,delta,j,OK,
auto-board-toolbar-search,beta,j,OK,
auto-board-toolbar-search,gamma,j,OK,
auto-board-toolbar-search,alpha,k,OK,
auto-board-toolbar-search,delta,k,OK,
auto-board-toolbar-search,beta,k,OK,
auto-board-toolbar-search,gamma,k,OK,
auto-board-toolbar-priority,alpha,a,KO,Target element has no attributes
auto-board-toolbar-priority,delta,a,KO,Target element has no attributes
auto-board-toolbar-priority,beta,a,OK,
auto-board-toolbar-priority,gamma,a,KO,Target element has no attributes
auto-board-toolbar-priority,alpha,b,KO,Target element has no valid candidate attributes
auto-board-toolbar-priority,delta,b,KO,Target element has no valid candidate attributes
auto-board-toolbar-priority,beta,b,OK,
auto-board-toolbar-priority,gamma,b,KO,Target element has no valid candidate attributes
auto-board-toolbar-priority,alpha,c,KO,Target element has no id attribute
auto-board-toolbar-priority,delta,c,KO,Target element has no id attribute
auto-board-toolbar-priority,beta,c,KO,Target element has no id attribute
auto-board-toolbar-priority,gamma,c,KO,Target element has no id attribute
auto-board-toolbar-priority,alpha,d,KO,Target element text content is empty
auto-board-toolbar-priority,delta,d,KO,Target element text content is empty
auto-board-toolbar-priority,beta,d,KO,Target element text content is empty
auto-board-toolbar-priority,gamma,d,KO,Target element text content is empty
auto-board-toolbar-priority,alpha,e,KO,Target element text content is empty
auto-board-toolbar-priority,delta,e,KO,Target element text content is empty
auto-board-toolbar-priority,beta,e,KO,Target element text content is empty
auto-board-toolbar-priority,gamma,e,KO,Target element text content is empty
auto-board-toolbar-priority,alpha,f,OK,
auto-board-toolbar-priority,delta,f,OK,
auto-board-toolbar-priority,beta,f,OK,
auto-board-toolbar-priority,gamma,f,KO,The parent is null or empty
auto-board-toolbar-priority,alpha,g,OK,
auto-board-toolbar-priority,delta,g,OK,
auto-board-toolbar-priority,beta,g,OK,
auto-board-toolbar-priority,gamma,g,OK,
auto-board-toolbar-priority,alpha,h,OK,
auto-board-toolbar-priority,delta,h,OK,
auto-board-toolbar-priority,beta,h,OK,
auto-board-toolbar-priority,gamma,h,OK,
auto-board-toolbar-priority,alpha,i,OK,
auto-board-toolbar-priority,delta,i,OK,
auto-board-toolbar-priority,beta,i,OK,
auto-board-toolbar-priority,gamma,i,OK,
auto-board-toolbar-priority,alpha,j,OK,
auto-board-toolbar-priority,delta,j,OK,
auto-board-toolbar-priority,beta,j,OK,
auto-board-toolbar-priority,gamma,j,OK,
auto-board-toolbar-priority,alpha,k,OK,
auto-board-toolbar-priority,delta,k,OK,
auto-board-toolbar-priority,beta,k,OK,
auto-board-toolbar-priority,gamma,k,OK,
auto-board-toolbar-assignee,alpha,a,KO,Target element has no attributes
auto-board-toolbar-assignee,delta,a,KO,Target element has no attributes
auto-board-toolbar-assignee,beta,a,OK,
auto-board-toolbar-assignee,gamma,a,KO,Target element has no attributes
auto-board-toolbar-assignee,alpha,b,KO,Target element has no valid candidate attributes
auto-board-toolbar-assignee,delta,b,KO,Target element has no valid candidate attributes
auto-board-toolbar-assignee,beta,b,OK,
auto-board-toolbar-assignee,gamma,b,KO,Target element has no valid candidate attributes
auto-board-toolbar-assignee,alpha,c,KO,Target element has no id attribute
auto-board-toolbar-assignee,delta,c,KO,Target element has no id attribute
auto-board-toolbar-assignee,beta,c,KO,Target element has no id attribute
auto-board-toolbar-assignee,gamma,c,KO,Target element has no id attribute
auto-board-toolbar-assignee,alpha,d,KO,Target element text content is empty
auto-board-toolbar-assignee,delta,d,KO,Target element text content is empty
auto-board-toolbar-assignee,beta,d,KO,Target element text content is empty
auto-board-toolbar-assignee,gamma,d,KO,Target element text content is empty
auto-board-toolbar-assignee,alpha,e,KO,Target element text content is empty
auto-board-toolbar-assignee,delta,e,KO,Target element text content is empty
auto-board-toolbar-assignee,beta,e,KO,Target element text content is empty
auto-board-toolbar-assignee,gamma,e,KO,Target element text content is empty
auto-board-toolbar-assignee,alpha,f,OK,
auto-board-toolbar-assignee,delta,f,OK,
auto-board-toolbar-assignee,beta,f,OK,
auto-board-toolbar-assignee,gamma,f,KO,The parent is null or empty
auto-board-toolbar-assignee,alpha,g,OK,
auto-board-toolbar-assignee,delta,g,OK,
auto-board-toolbar-assignee,beta,g,OK,
auto-board-toolbar-assignee,gamma,g,OK,
auto-board-toolbar-assignee,alpha,h,OK,
auto-board-toolbar-assignee,delta,h,OK,
auto-board-toolbar-assignee,beta,h,OK,
auto-board-toolbar-assignee,gamma,h,OK,
auto-board-toolbar-assignee,alpha,i,OK,
auto-board-toolbar-assignee,delta,i,OK,
auto-board-toolbar-assignee,beta,i,OK,
auto-board-toolbar-assignee,gamma,i,OK,
auto-board-toolbar-assignee,alpha,j,OK,
auto-board-toolbar-assignee,delta,j,OK,
auto-board-toolbar-assignee,beta,j,OK,
auto-board-toolbar-assignee,gamma,j,OK,
auto-board-toolbar-assignee,alpha,k,OK,
auto-board-toolbar-assignee,delta,k,OK,
auto-board-toolbar-assignee,beta,k,OK,
auto-board-toolbar-assignee,gamma,k,OK,
auto-board-toolbar-info,alpha,a,KO,Target element has no attributes
auto-board-toolbar-info,delta,a,KO,Target element has no attributes
auto-board-toolbar-info,beta,a,OK,
auto-board-toolbar-info,gamma,a,KO,Target element has no attributes
auto-board-toolbar-info,alpha,b,KO,Target element has no valid candidate attributes
auto-board-toolbar-info,delta,b,KO,Target element has no valid candidate attributes
auto-board-toolbar-info,beta,b,OK,
auto-board-toolbar-info,gamma,b,KO,Target element has no valid candidate attributes
auto-board-toolbar-info,alpha,c,KO,Target element has no id attribute
auto-board-toolbar-info,delta,c,KO,Target element has no id attribute
auto-board-toolbar-info,beta,c,KO,Target element has no id attribute
auto-board-toolbar-info,gamma,c,KO,Target element has no id attribute
auto-board-toolbar-info,alpha,d,KO,Target element text content is empty
auto-board-toolbar-info,delta,d,KO,Target element text content is empty
auto-board-toolbar-info,beta,d,KO,Target element text content is empty
auto-board-toolbar-info,gamma,d,KO,Target element text content is empty
auto-board-toolbar-info,alpha,e,KO,Target element text content is empty
auto-board-toolbar-info,delta,e,KO,Target element text content is empty
auto-board-toolbar-info,beta,e,KO,Target element text content is empty
auto-board-toolbar-info,gamma,e,KO,Target element text content is empty
auto-board-toolbar-info,alpha,f,OK,
auto-board-toolbar-info,delta,f,OK,
auto-board-toolbar-info,beta,f,OK,
auto-board-toolbar-info,gamma,f,KO,The parent is null or empty
auto-board-toolbar-info,alpha,g,OK,
auto-board-toolbar-info,delta,g,OK,
auto-board-toolbar-info,beta,g,OK,
auto-board-toolbar-info,gamma,g,OK,
auto-board-toolbar-info,alpha,h,OK,
auto-board-toolbar-info,delta,h,OK,
auto-board-toolbar-info,beta,h,OK,
auto-board-toolbar-info,gamma,h,OK,
auto-board-toolbar-info,alpha,i,OK,
auto-board-toolbar-info,delta,i,OK,
auto-board-toolbar-info,beta,i,OK,
auto-board-toolbar-info,gamma,i,OK,
auto-board-toolbar-info,alpha,j,OK,
auto-board-toolbar-info,delta,j,OK,
auto-board-toolbar-info,beta,j,OK,
auto-board-toolbar-info,gamma,j,OK,
auto-board-toolbar-info,alpha,k,OK,
auto-board-toolbar-info,delta,k,OK,
auto-board-toolbar-info,beta,k,OK,
auto-board-toolbar-info,gamma,k,OK,
auto-board-toolbar-actions,alpha,a,KO,Target element has no attributes
auto-board-toolbar-actions,delta,a,KO,Target element has no attributes
auto-board-toolbar-actions,beta,a,OK,
auto-board-toolbar-actions,gamma,a,KO,Target element has no attributes
auto-board-toolbar-actions,alpha,b,KO,Target element has no valid candidate attributes
auto-board-toolbar-actions,delta,b,KO,Target element has no valid candidate attributes
auto-board-toolbar-actions,beta,b,OK,
auto-board-toolbar-actions,gamma,b,KO,Target element has no valid candidate attributes
auto-board-toolbar-actions,alpha,c,KO,Target element has no id attribute
auto-board-toolbar-actions,delta,c,KO,Target element has no id attribute
auto-board-toolbar-actions,beta,c,KO,Target element has no id attribute
auto-board-toolbar-actions,gamma,c,KO,Target element has no id attribute
auto-board-toolbar-actions,alpha,d,KO,Target element text content is empty
auto-board-toolbar-actions,delta,d,KO,Target element text content is empty
auto-board-toolbar-actions,beta,d,KO,Target element text content is empty
auto-board-toolbar-actions,gamma,d,KO,Target element text content is empty
auto-board-toolbar-actions,alpha,e,KO,Target element text content is empty
auto-board-toolbar-actions,delta,e,KO,Target element text content is empty
auto-board-toolbar-actions,beta,e,KO,Target element text content is empty
auto-board-toolbar-actions,gamma,e,KO,Target element text content is empty
auto-board-toolbar-actions,alpha,f,OK,
auto-board-toolbar-actions,delta,f,OK,
auto-board-toolbar-actions,beta,f,OK,
auto-board-toolbar-actions,gamma,f,KO,The parent is null or empty
auto-board-toolbar-actions,alpha,g,OK,
auto-board-toolbar-actions,delta,g,OK,
auto-board-toolbar-actions,beta,g,OK,
auto-board-toolbar-actions,gamma,g,OK,
auto-board-toolbar-actions,alpha,h,OK,
auto-board-toolbar-actions,delta,h,OK,
auto-board-toolbar-actions,beta,h,OK,
auto-board-toolbar-actions,gamma,h,OK,
auto-board-toolbar-actions,alpha,i,OK,
auto-board-toolbar-actions,delta,i,OK,
auto-board-toolbar-actions,beta,i,OK,
auto-board-toolbar-actions,gamma,i,OK,
auto-board-toolbar-actions,alpha,j,OK,
auto-board-toolbar-actions,delta,j,OK,
auto-board-toolbar-actions,beta,j,OK,
auto-board-toolbar-actions,gamma,j,OK,
auto-board-toolbar-actions,alpha,k,OK,
auto-board-toolbar-actions,delta,k,OK,
auto-board-toolbar-actions,beta,k,OK,
auto-board-toolbar-actions,gamma,k,OK,
auto-board-column,alpha,a,OK,
auto-board-column,delta,a,OK,
auto-board-column,beta,a,OK,
auto-board-column,gamma,a,KO,Target element has no attributes
auto-board-column,alpha,b,OK,
auto-board-column,delta,b,OK,
auto-board-column,beta,b,OK,
auto-board-column,gamma,b,KO,Target element has no valid candidate attributes
auto-board-column,alpha,c,KO,Target element has no id attribute
auto-board-column,delta,c,KO,Target element has no id attribute
auto-board-column,beta,c,KO,Target element has no id attribute
auto-board-column,gamma,c,KO,Target element has no id attribute
auto-board-column,alpha,d,KO,Target element text content is empty
auto-board-column,delta,d,KO,Target element text content is empty
auto-board-column,beta,d,KO,Target element text content is empty
auto-board-column,gamma,d,KO,Target element text content is empty
auto-board-column,alpha,e,KO,Target element text content is empty
auto-board-column,delta,e,KO,Target element text content is empty
auto-board-column,beta,e,KO,Target element text content is empty
auto-board-column,gamma,e,KO,Target element text content is empty
auto-board-column,alpha,f,OK,
auto-board-column,delta,f,OK,
auto-board-column,beta,f,OK,
auto-board-column,gamma,f,KO,The parent is null or empty
auto-board-column,alpha,g,OK,
auto-board-column,delta,g,OK,
auto-board-column,beta,g,OK,
auto-board-column,gamma,g,OK,
auto-board-column,alpha,h,OK,
auto-board-column,delta,h,OK,
auto-board-column,beta,h,OK,
auto-board-column,gamma,h,OK,
auto-board-column,alpha,i,OK,
auto-board-column,delta,i,OK,
auto-board-column,beta,i,OK,
auto-board-column,gamma,i,OK,
auto-board-column,alpha,j,OK,
auto-board-column,delta,j,OK,
auto-board-column,beta,j,OK,
auto-board-column,gamma,j,OK,
auto-board-column,alpha,k,OK,
auto-board-column,delta,k,OK,
auto-board-column,beta,k,OK,
auto-board-column,gamma,k,OK,
auto-header-header,alpha,a,OK,
auto-header-header,beta,a,KO,Target element has no attributes
auto-header-header,alpha,b,OK,
auto-header-header,beta,b,KO,Target element has no attributes
auto-header-header,alpha,c,KO,Target element has no id attribute
auto-header-header,beta,c,KO,Target element has no id attribute
auto-header-header,alpha,d,KO,Target element text content is empty
auto-header-header,beta,d,KO,Target element text content is empty
auto-header-header,alpha,e,KO,Target element text content is empty
auto-header-header,beta,e,KO,Target element text content is empty
auto-header-header,alpha,f,KO,The parent is null or empty
auto-header-header,beta,f,KO,Target element with body tag cannot be mutated
auto-header-header,alpha,g,OK,
auto-header-header,beta,g,OK,
auto-header-header,alpha,h,OK,
auto-header-header,beta,h,OK,
auto-header-header,alpha,i,OK,
auto-header-header,beta,i,KO,Target element with body tag cannot be mutated
auto-header-header,alpha,j,OK,
auto-header-header,beta,j,KO,Target element with body tag cannot be mutated
auto-header-header,alpha,k,OK,
auto-header-header,beta,k,KO,Target element with body tag cannot be mutated
auto-header-brand,alpha,a,KO,Target element has no attributes
auto-header-brand,delta,a,KO,Target element has no attributes
auto-header-brand,beta,a,KO,Target element has no attributes
auto-header-brand,gamma,a,OK,
auto-header-brand,alpha,b,KO,Target element has no valid candidate attributes
auto-header-brand,delta,b,KO,Target element has no valid candidate attributes
auto-header-brand,beta,b,KO,Target element has no valid candidate attributes
auto-header-brand,gamma,b,OK,
auto-header-brand,alpha,c,KO,Target element has no id attribute
auto-header-brand,delta,c,KO,Target element has no id attribute
auto-header-brand,beta,c,KO,Target element has no id attribute
auto-header-brand,gamma,c,KO,Target element has no id attribute
auto-header-brand,alpha,d,KO,Target element text content is empty
auto-header-brand,delta,d,KO,Target element text content is empty
auto-header-brand,beta,d,KO,Target element text content is empty
auto-header-brand,gamma,d,KO,Target element text content is empty
auto-header-brand,alpha,e,KO,Target element text content is empty
auto-header-brand,delta,e,KO,Target element text content is empty
auto-header-brand,beta,e,KO,Target element text content is empty
auto-header-brand,gamma,e,KO,Target element text content is empty
auto-header-brand,alpha,f,OK,
auto-header-brand,delta,f,OK,
auto-header-brand,beta,f,KO,The parent is null or empty
auto-header-brand,gamma,f,KO,The parent is null or empty
auto-header-brand,alpha,g,OK,
auto-header-brand,delta,g,OK,
auto-header-brand,beta,g,OK,
auto-header-brand,gamma,g,OK,
auto-header-brand,alpha,h,OK,
auto-header-brand,delta,h,OK,
auto-header-brand,beta,h,OK,
auto-header-brand,gamma,h,OK,
auto-header-brand,alpha,i,OK,
auto-header-brand,delta,i,OK,
auto-header-brand,beta,i,OK,
auto-header-brand,gamma,i,OK,
auto-header-brand,alpha,j,OK,
auto-header-brand,delta,j,OK,
auto-header-brand,beta,j,OK,
auto-header-brand,gamma,j,OK,
auto-header-brand,alpha,k,OK,
auto-header-brand,delta,k,OK,
auto-header-brand,beta,k,OK,
auto-header-brand,gamma,k,OK,
auto-header-header-stats,alpha,a,KO,Target element has no attributes
auto-header-header-stats,delta,a,OK,
auto-header-header-stats,beta,a,KO,Target element has no attributes
auto-header-header-stats,gamma,a,OK,
auto-header-header-stats,alpha,b,KO,Target element has no valid candidate attributes
auto-header-header-stats,delta,b,OK,
auto-header-header-stats,beta,b,KO,Target element has no valid candidate attributes
auto-header-header-stats,gamma,b,OK,
auto-header-header-stats,alpha,c,KO,Target element has no id attribute
auto-header-header-stats,delta,c,KO,Target element has no id attribute
auto-header-header-stats,beta,c,KO,Target element has no id attribute
auto-header-header-stats,gamma,c,KO,Target element has no id attribute
auto-header-header-stats,alpha,d,KO,Target element text content is empty
auto-header-header-stats,delta,d,KO,Target element text content is empty
auto-header-header-stats,beta,d,KO,Target element text content is empty
auto-header-header-stats,gamma,d,KO,Target element text content is empty
auto-header-header-stats,alpha,e,KO,Target element text content is empty
auto-header-header-stats,delta,e,KO,Target element text content is empty
auto-header-header-stats,beta,e,KO,Target element text content is empty
auto-header-header-stats,gamma,e,KO,Target element text content is empty
auto-header-header-stats,alpha,f,OK,
auto-header-header-stats,delta,f,OK,
auto-header-header-stats,beta,f,KO,The parent is null or empty
auto-header-header-stats,gamma,f,KO,The parent is null or empty
auto-header-header-stats,alpha,g,OK,
auto-header-header-stats,delta,g,OK,
auto-header-header-stats,beta,g,OK,
auto-header-header-stats,gamma,g,OK,
auto-header-header-stats,alpha,h,OK,
auto-header-header-stats,delta,h,OK,
auto-header-header-stats,beta,h,OK,
auto-header-header-stats,gamma,h,OK,
auto-header-header-stats,alpha,i,OK,
auto-header-header-stats,delta,i,OK,
auto-header-header-stats,beta,i,OK,
auto-header-header-stats,gamma,i,OK,
auto-header-header-stats,alpha,j,OK,
auto-header-header-stats,delta,j,OK,
auto-header-header-stats,beta,j,OK,
auto-header-header-stats,gamma,j,OK,
auto-header-header-stats,alpha,k,OK,
auto-header-header-stats,delta,k,OK,
auto-header-header-stats,beta,k,OK,
auto-header-header-stats,gamma,k,OK,
auto-header-total-label,alpha,a,KO,Target element has no attributes
auto-header-total-label,delta,a,OK,
auto-header-total-label,beta,a,KO,Target element has no attributes
auto-header-total-label,gamma,a,KO,Target element has no attributes
auto-header-total-label,alpha,b,KO,Target element has no valid candidate attributes
auto-header-total-label,delta,b,OK,
auto-header-total-label,beta,b,KO,Target element has no valid candidate attributes
auto-header-total-label,gamma,b,KO,Target element has no valid candidate attributes
auto-header-total-label,alpha,c,KO,Target element has no id attribute
auto-header-total-label,delta,c,KO,Target element has no id attribute
auto-header-total-label,beta,c,KO,Target element has no id attribute
auto-header-total-label,gamma,c,KO,Target element has no id attribute
auto-header-total-label,alpha,d,OK,
auto-header-total-label,delta,d,OK,
auto-header-total-label,beta,d,KO,Target element text content is empty
auto-header-total-label,gamma,d,KO,Target element text content is empty
auto-header-total-label,alpha,e,OK,
auto-header-total-label,delta,e,OK,
auto-header-total-label,beta,e,KO,Target element text content is empty
auto-header-total-label,gamma,e,KO,Target element text content is empty
auto-header-total-label,alpha,f,OK,
auto-header-total-label,delta,f,OK,
auto-header-total-label,beta,f,OK,
auto-header-total-label,gamma,f,KO,The parent is null or empty
auto-header-total-label,alpha,g,OK,
auto-header-total-label,delta,g,OK,
auto-header-total-label,beta,g,OK,
auto-header-total-label,gamma,g,OK,
auto-header-total-label,alpha,h,OK,
auto-header-total-label,delta,h,OK,
auto-header-total-label,beta,h,OK,
auto-header-total-label,gamma,h,OK,
auto-header-total-label,alpha,i,OK,
auto-header-total-label,delta,i,OK,
auto-header-total-label,beta,i,OK,
auto-header-total-label,gamma,i,OK,
auto-header-total-label,alpha,j,OK,
auto-header-total-label,delta,j,OK,
auto-header-total-label,beta,j,OK,
auto-header-total-label,gamma,j,OK,
auto-header-total-label,alpha,k,OK,
auto-header-total-label,delta,k,OK,
auto-header-total-label,beta,k,OK,
auto-header-total-label,gamma,k,OK,
auto-header-nav,alpha,a,OK,
auto-header-nav,delta,a,KO,Target element has no attributes
auto-header-nav,beta,a,KO,Target element has no attributes
auto-header-nav,gamma,a,OK,
auto-header-nav,alpha,b,OK,
auto-header-nav,delta,b,KO,Target element has no valid candidate attributes
auto-header-nav,beta,b,KO,Target element has no valid candidate attributes
auto-header-nav,gamma,b,OK,
auto-header-nav,alpha,c,KO,Target element has no id attribute
auto-header-nav,delta,c,KO,Target element has no id attribute
auto-header-nav,beta,c,KO,Target element has no id attribute
auto-header-nav,gamma,c,KO,Target element has no id attribute
auto-header-nav,alpha,d,KO,Target element text content is empty
auto-header-nav,delta,d,KO,Target element text content is empty
auto-header-nav,beta,d,KO,Target element text content is empty
auto-header-nav,gamma,d,KO,Target element text content is empty
auto-header-nav,alpha,e,KO,Target element text content is empty
auto-header-nav,delta,e,KO,Target element text content is empty
auto-header-nav,beta,e,KO,Target element text content is empty
auto-header-nav,gamma,e,KO,Target element text content is empty
auto-header-nav,alpha,f,OK,
auto-header-nav,delta,f,OK,
auto-header-nav,beta,f,KO,The parent is null or empty
auto-header-nav,gamma,f,KO,The parent is null or empty
auto-header-nav,alpha,g,OK,
auto-header-nav,delta,g,OK,
auto-header-nav,beta,g,OK,
auto-header-nav,gamma,g,OK,
auto-header-nav,alpha,h,OK,
auto-header-nav,delta,h,OK,
auto-header-nav,beta,h,OK,
auto-header-nav,gamma,h,OK,
auto-header-nav,alpha,i,OK,
auto-header-nav,delta,i,OK,
auto-header-nav,beta,i,OK,
auto-header-nav,gamma,i,OK,
auto-header-nav,alpha,j,OK,
auto-header-nav,delta,j,OK,
auto-header-nav,beta,j,OK,
auto-header-nav,gamma,j,OK,
auto-header-nav,alpha,k,OK,
auto-header-nav,delta,k,OK,
auto-header-nav,beta,k,OK,
auto-header-nav,gamma,k,OK,
auto-card-form-card-form,alpha,a,KO,Target element has no attributes
auto-card-form-card-form,beta,a,KO,Target element has no attributes
auto-card-form-card-form,alpha,b,KO,Target element has no valid candidate attributes
auto-card-form-card-form,beta,b,KO,Target element has no attributes
auto-card-form-card-form,alpha,c,KO,Target element has no id attribute
auto-card-form-card-form,beta,c,KO,Target element has no id attribute
auto-card-form-card-form,alpha,d,KO,Target element text content is empty
auto-card-form-card-form,beta,d,KO,Target element text content is empty
auto-card-form-card-form,alpha,e,KO,Target element text content is empty
auto-card-form-card-form,beta,e,KO,Target element text content is empty
auto-card-form-card-form,alpha,f,KO,The parent is null or empty
auto-card-form-card-form,beta,f,KO,Target element with body tag cannot be mutated
auto-card-form-card-form,alpha,g,OK,
auto-card-form-card-form,beta,g,OK,
auto-card-form-card-form,alpha,h,OK,
auto-card-form-card-form,beta,h,OK,
auto-card-form-card-form,alpha,i,OK,
auto-card-form-card-form,beta,i,KO,Target element with body tag cannot be mutated
auto-card-form-card-form,alpha,j,OK,
auto-card-form-card-form,beta,j,KO,Target element with body tag cannot be mutated
auto-card-form-card-form,alpha,k,OK,
auto-card-form-card-form,beta,k,KO,Target element with body tag cannot be mutated
auto-card-form-form-heading,alpha,a,KO,Target element has no attributes
auto-card-form-form-heading,delta,a,OK,
auto-card-form-form-heading,beta,a,KO,Target element has no attributes
auto-card-form-form-heading,alpha,b,KO,Target element has no valid candidate attributes
auto-card-form-form-heading,delta,b,OK,
auto-card-form-form-heading,beta,b,KO,Target element has no valid candidate attributes
auto-card-form-form-heading,alpha,c,KO,Target element has no id attribute
auto-card-form-form-heading,delta,c,KO,Target element has no id attribute
auto-card-form-form-heading,beta,c,KO,Target element has no id attribute
auto-card-form-form-heading,alpha,d,OK,
auto-card-form-form-heading,delta,d,KO,Target element text content is empty
auto-card-form-form-heading,beta,d,KO,Target element text content is empty
auto-card-form-form-heading,alpha,e,OK,
auto-card-form-form-heading,delta,e,KO,Target element text content is empty
auto-card-form-form-heading,beta,e,KO,Target element text content is empty
auto-card-form-form-heading,alpha,f,OK,
auto-card-form-form-heading,delta,f,OK,
auto-card-form-form-heading,beta,f,KO,The parent is null or empty
auto-card-form-form-heading,alpha,g,OK,
auto-card-form-form-heading,delta,g,OK,
auto-card-form-form-heading,beta,g,OK,
auto-card-form-form-heading,alpha,h,OK,
auto-card-form-form-heading,delta,h,OK,
auto-card-form-form-heading,beta,h,OK,
auto-card-form-form-heading,alpha,i,OK,
auto-card-form-form-heading,delta,i,OK,
auto-card-form-form-heading,beta,i,OK,
auto-card-form-form-heading,alpha,j,OK,
auto-card-form-form-heading,delta,j,OK,
auto-card-form-form-heading,beta,j,OK,
auto-card-form-form-heading,alpha,k,OK,
auto-card-form-form-heading,delta,k,OK,
auto-card-form-form-heading,beta,k,OK,
auto-card-form-form-title-edit,alpha,a,KO,Target element has no attributes
auto-card-form-form-title-edit,delta,a,KO,Target element has no attributes
auto-card-form-form-title-edit,beta,a,KO,Target element has no attributes
auto-card-form-form-title-edit,gamma,a,KO,Target element has no attributes
auto-card-form-form-title-edit,alpha,b,KO,Target element has no valid candidate attributes
auto-card-form-form-title-edit,delta,b,KO,Target element has no valid candidate attributes
auto-card-form-form-title-edit,beta,b,KO,Target element has no valid candidate attributes
auto-card-form-form-title-edit,gamma,b,KO,Target element has no valid candidate attributes
auto-card-form-form-title-edit,alpha,c,KO,Target element has no id attribute
auto-card-form-form-title-edit,delta,c,KO,Target element has no id attribute
auto-card-form-form-title-edit,beta,c,KO,Target element has no id attribute
auto-card-form-form-title-edit,gamma,c,KO,Target element has no id attribute
auto-card-form-form-title-edit,alpha,d,OK,
auto-card-form-form-title-edit,delta,d,OK,
auto-card-form-form-title-edit,beta,d,OK,
auto-card-form-form-title-edit,gamma,d,KO,Target element text content is empty
auto-card-form-form-title-edit,alpha,e,OK,
auto-card-form-form-title-edit,delta,e,OK,
auto-card-form-form-title-edit,beta,e,OK,
auto-card-form-form-title-edit,gamma,e,KO,Target element text content is empty
auto-card-form-form-title-edit,alpha,f,OK,
auto-card-form-form-title-edit,delta,f,OK,
auto-card-form-form-title-edit,beta,f,OK,
auto-card-form-form-title-edit,gamma,f,KO,The parent is null or empty
auto-card-form-form-title-edit,alpha,g,OK,
auto-card-form-form-title-edit,delta,g,OK,
auto-card-form-form-title-edit,beta,g,OK,
auto-card-form-form-title-edit,gamma,g,OK,
auto-card-form-form-title-edit,alpha,h,OK,
auto-card-form-form-title-edit,delta,h,OK,
auto-card-form-form-title-edit,beta,h,OK,
auto-card-form-form-title-edit,gamma,h,OK,
auto-card-form-form-title-edit,alpha,i,OK,
auto-card-form-form-title-edit,delta,i,OK,
auto-card-form-form-title-edit,beta,i,OK,
auto-card-form-form-title-edit,gamma,i,OK,
auto-card-form-form-title-edit,alpha,j,OK,
auto-card-form-form-title-edit,delta,j,OK,
auto-card-form-form-title-edit,beta,j,OK,
auto-card-form-form-title-edit,gamma,j,OK,
auto-card-form-form-title-edit,alpha,k,OK,
auto-card-form-form-title-edit,delta,k,OK,
auto-card-form-form-title-edit,beta,k,OK,
auto-card-form-form-title-edit,gamma,k,OK,
auto-card-form-form-title-new,alpha,a,KO,Target element has no attributes
auto-card-form-form-title-new,delta,a,OK,
auto-card-form-form-title-new,beta,a,KO,Target element has no attributes
auto-card-form-form-title-new,gamma,a,KO,Target element has no attributes
auto-card-form-form-title-new,alpha,b,KO,Target element has no valid candidate attributes
auto-card-form-form-title-new,delta,b,OK,
auto-card-form-form-title-new,beta,b,KO,Target element has no valid candidate attributes
auto-card-form-form-title-new,gamma,b,KO,Target element has no valid candidate attributes
auto-card-form-form-title-new,alpha,c,KO,Target element has no id attribute
auto-card-form-form-title-new,delta,c,KO,Target element has no id attribute
auto-card-form-form-title-new,beta,c,KO,Target element has no id attribute
auto-card-form-form-title-new,gamma,c,KO,Target element has no id attribute
auto-card-form-form-title-new,alpha,d,OK,
auto-card-form-form-title-new,delta,d,OK,
auto-card-form-form-title-new,beta,d,OK,
auto-card-form-form-title-new,gamma,d,KO,Target element text content is empty
auto-card-form-form-title-new,alpha,e,OK,
auto-card-form-form-title-new,delta,e,OK,
auto-card-form-form-title-new,beta,e,KO,Target element text content is empty
auto-card-form-form-title-new,gamma,e,KO,Target element text content is empty
auto-card-form-form-title-new,alpha,f,OK,
auto-card-form-form-title-new,delta,f,OK,
auto-card-form-form-title-new,beta,f,OK,
auto-card-form-form-title-new,gamma,f,KO,The parent is null or empty
auto-card-form-form-title-new,alpha,g,OK,
auto-card-form-form-title-new,delta,g,OK,
auto-card-form-form-title-new,beta,g,OK,
auto-card-form-form-title-new,gamma,g,OK,
auto-card-form-form-title-new,alpha,h,OK,
auto-card-form-form-title-new,delta,h,OK,
auto-card-form-form-title-new,beta,h,OK,
auto-card-form-form-title-new,gamma,h,OK,
auto-card-form-form-title-new,alpha,i,OK,
auto-card-form-form-title-new,delta,i,OK,
auto-card-form-form-title-new,beta,i,OK,
auto-card-form-form-title-new,gamma,i,OK,
auto-card-form-form-title-new,alpha,j,OK,
auto-card-form-form-title-new,delta,j,OK,
auto-card-form-form-title-new,beta,j,OK,
auto-card-form-form-title-new,gamma,j,OK,
auto-card-form-form-title-new,alpha,k,OK,
auto-card-form-form-title-new,delta,k,OK,
auto-card-form-form-title-new,beta,k,OK,
auto-card-form-form-title-new,gamma,k,OK,
auto-card-form-form-field-title,alpha,a,KO,Target element has no attributes
auto-card-form-form-field-title,delta,a,KO,Target element has no attributes
auto-card-form-form-field-title,beta,a,OK,
auto-card-form-form-field-title,gamma,a,KO,Target element has no attributes
auto-card-form-form-field-title,alpha,b,KO,Target element has no valid candidate attributes
auto-card-form-form-field-title,delta,b,KO,Target element has no valid candidate attributes
auto-card-form-form-field-title,beta,b,OK,
auto-card-form-form-field-title,gamma,b,KO,Target element has no valid candidate attributes
auto-card-form-form-field-title,alpha,c,KO,Target element has no id attribute
auto-card-form-form-field-title,delta,c,KO,Target element has no id attribute
auto-card-form-form-field-title,beta,c,KO,Target element has no id attribute
auto-card-form-form-field-title,gamma,c,KO,Target element has no id attribute
auto-card-form-form-field-title,alpha,d,KO,Target element text content is empty
auto-card-form-form-field-title,delta,d,KO,Target element text content is empty
auto-card-form-form-field-title,beta,d,KO,Target element text content is empty
auto-card-form-form-field-title,gamma,d,KO,Target element text content is empty
auto-card-form-form-field-title,alpha,e,KO,Target element text content is empty
auto-card-form-form-field-title,delta,e,KO,Target element text content is empty
auto-card-form-form-field-title,beta,e,KO,Target element text content is empty
auto-card-form-form-field-title,gamma,e,KO,Target element text content is empty
auto-card-form-form-field-title,alpha,f,OK,
auto-card-form-form-field-title,delta,f,OK,
auto-card-form-form-field-title,beta,f,OK,
auto-card-form-form-field-title,gamma,f,KO,The parent is null or empty
auto-card-form-form-field-title,alpha,g,OK,
auto-card-form-form-field-title,delta,g,OK,
auto-card-form-form-field-title,beta,g,OK,
auto-card-form-form-field-title,gamma,g,OK,
auto-card-form-form-field-title,alpha,h,OK,
auto-card-form-form-field-title,delta,h,OK,
auto-card-form-form-field-title,beta,h,OK,
auto-card-form-form-field-title,gamma,h,OK,
auto-card-form-form-field-title,alpha,i,OK,
auto-card-form-form-field-title,delta,i,OK,
auto-card-form-form-field-title,beta,i,OK,
auto-card-form-form-field-title,gamma,i,OK,
auto-card-form-form-field-title,alpha,j,OK,
auto-card-form-form-field-title,delta,j,OK,
auto-card-form-form-field-title,beta,j,OK,
auto-card-form-form-field-title,gamma,j,OK,
auto-card-form-form-field-title,alpha,k,OK,
auto-card-form-form-field-title,delta,k,OK,
auto-card-form-form-field-title,beta,k,OK,
auto-card-form-form-field-title,gamma,k,OK,
auto-card-form-form-field-description,alpha,a,KO,Target element has no attributes
auto-card-form-form-field-description,delta,a,OK,
auto-card-form-form-field-description,beta,a,OK,
auto-card-form-form-field-description,gamma,a,KO,Target element has no attributes
auto-card-form-form-field-description,alpha,b,KO,Target element has no valid candidate attributes
auto-card-form-form-field-description,delta,b,OK,
auto-card-form-form-field-description,beta,b,OK,
auto-card-form-form-field-description,gamma,b,KO,Target element has no valid candidate attributes
auto-card-form-form-field-description,alpha,c,KO,Target element has no id attribute
auto-card-form-form-field-description,delta,c,KO,Target element has no id attribute
auto-card-form-form-field-description,beta,c,KO,Target element has no id attribute
auto-card-form-form-field-description,gamma,c,KO,Target element has no id attribute
auto-card-form-form-field-description,alpha,d,KO,Target element text content is empty
auto-card-form-form-field-description,delta,d,KO,Target element text content is empty
auto-card-form-form-field-description,beta,d,KO,Target element text content is empty
auto-card-form-form-field-description,gamma,d,KO,Target element text content is empty
auto-card-form-form-field-description,alpha,e,KO,Target element text content is empty
auto-card-form-form-field-description,delta,e,KO,Target element text content is empty
auto-card-form-form-field-description,beta,e,KO,Target element text content is empty
auto-card-form-form-field-description,gamma,e,KO,Target element text content is empty
auto-card-form-form-field-description,alpha,f,OK,
auto-card-form-form-field-description,delta,f,OK,
auto-card-form-form-field-description,beta,f,OK,
auto-card-form-form-field-description,gamma,f,KO,The parent is null or empty
auto-card-form-form-field-description,alpha,g,OK,
auto-card-form-form-field-description,delta,g,OK,
auto-card-form-form-field-description,beta,g,OK,
auto-card-form-form-field-description,gamma,g,OK,
auto-card-form-form-field-description,alpha,h,OK,
auto-card-form-form-field-description,delta,h,OK,
auto-card-form-form-field-description,beta,h,OK,
auto-card-form-form-field-description,gamma,h,OK,
auto-card-form-form-field-description,alpha,i,OK,
auto-card-form-form-field-description,delta,i,OK,
auto-card-form-form-field-description,beta,i,OK,
auto-card-form-form-field-description,gamma,i,OK,
auto-card-form-form-field-description,alpha,j,OK,
auto-card-form-form-field-description,delta,j,OK,
auto-card-form-form-field-description,beta,j,OK,
auto-card-form-form-field-description,gamma,j,OK,
auto-card-form-form-field-description,alpha,k,OK,
auto-card-form-form-field-description,delta,k,OK,
auto-card-form-form-field-description,beta,k,OK,
auto-card-form-form-field-description,gamma,k,OK,
auto-card-form-form-description-label,alpha,a,OK,
auto-card-form-form-description-label,delta,a,OK,
auto-card-form-form-description-label,beta,a,KO,Target element has no attributes
auto-card-form-form-description-label,gamma,a,OK,
auto-card-form-form-description-label,alpha,b,OK,
auto-card-form-form-description-label,delta,b,OK,
auto-card-form-form-description-label,beta,b,KO,Target element has no valid candidate attributes
auto-card-form-form-description-label,gamma,b,OK,
auto-card-form-form-description-label,alpha,c,KO,Target element has no id attribute
auto-card-form-form-description-label,delta,c,OK,
auto-card-form-form-description-label,beta,c,KO,Target element has no id attribute
auto-card-form-form-description-label,gamma,c,KO,Target element has no id attribute
auto-card-form-form-description-label,alpha,d,OK,
auto-card-form-form-description-label,delta,d,KO,Target element has no child nodes
auto-card-form-form-description-label,beta,d,KO,Target element text content is empty
auto-card-form-form-description-label,gamma,d,KO,Target element text content is empty
auto-card-form-form-description-label,alpha,e,OK,
auto-card-form-form-description-label,delta,e,KO,Target element has no child nodes
auto-card-form-form-description-label,beta,e,KO,Target element text content is empty
auto-card-form-form-description-label,gamma,e,KO,Target element text content is empty
auto-card-form-form-description-label,alpha,f,OK,
auto-card-form-form-description-label,delta,f,OK,
auto-card-form-form-description-label,beta,f,OK,
auto-card-form-form-description-label,gamma,f,OK,
auto-card-form-form-description-label,alpha,g,OK,
auto-card-form-form-description-label,delta,g,OK,
auto-card-form-form-description-label,beta,g,OK,
auto-card-form-form-description-label,gamma,g,OK,
auto-card-form-form-description-label,alpha,h,OK,
auto-card-form-form-description-label,delta,h,OK,
auto-card-form-form-description-label,beta,h,OK,
auto-card-form-form-description-label,gamma,h,OK,
auto-card-form-form-description-label,alpha,i,OK,
auto-card-form-form-description-label,delta,i,OK,
auto-card-form-form-description-label,beta,i,OK,
auto-card-form-form-description-label,gamma,i,OK,
auto-card-form-form-description-label,alpha,j,OK,
auto-card-form-form-description-label,delta,j,OK,
auto-card-form-form-description-label,beta,j,OK,
auto-card-form-form-description-label,gamma,j,OK,
auto-card-form-form-description-label,alpha,k,OK,
auto-card-form-form-description-label,delta,k,OK,
auto-card-form-form-description-label,beta,k,OK,
auto-card-form-form-description-label,gamma,k,OK,
auto-card-form-form-field-priority,epsilon,a,OK,
auto-card-form-form-field-priority,alpha,a,KO,Target element has no attributes
auto-card-form-form-field-priority,delta,a,KO,Target element has no attributes
auto-card-form-form-field-priority,beta,a,KO,Target element has no attributes
auto-card-form-form-field-priority,gamma,a,OK,
auto-card-form-form-field-priority,epsilon,b,OK,
auto-card-form-form-field-priority,alpha,b,KO,Target element has no valid candidate attributes
auto-card-form-form-field-priority,delta,b,KO,Target element has no valid candidate attributes
auto-card-form-form-field-priority,beta,b,KO,Target element has no valid candidate attributes
auto-card-form-form-field-priority,gamma,b,OK,
auto-card-form-form-field-priority,epsilon,c,KO,Target element has no id attribute
auto-card-form-form-field-priority,alpha,c,KO,Target element has no id attribute
auto-card-form-form-field-priority,delta,c,KO,Target element has no id attribute
auto-card-form-form-field-priority,beta,c,KO,Target element has no id attribute
auto-card-form-form-field-priority,gamma,c,KO,Target element has no id attribute
auto-card-form-form-field-priority,epsilon,d,KO,Target element text content is empty
auto-card-form-form-field-priority,alpha,d,KO,Target element text content is empty
auto-card-form-form-field-priority,delta,d,KO,Target element text content is empty
auto-card-form-form-field-priority,beta,d,KO,Target element text content is empty
auto-card-form-form-field-priority,gamma,d,KO,Target element text content is empty
auto-card-form-form-field-priority,epsilon,e,KO,Target element text content is empty
auto-card-form-form-field-priority,alpha,e,KO,Target element text content is empty
auto-card-form-form-field-priority,delta,e,KO,Target element text content is empty
auto-card-form-form-field-priority,beta,e,KO,Target element text content is empty
auto-card-form-form-field-priority,gamma,e,KO,Target element text content is empty
auto-card-form-form-field-priority,epsilon,f,OK,
auto-card-form-form-field-priority,alpha,f,OK,
auto-card-form-form-field-priority,delta,f,OK,
auto-card-form-form-field-priority,beta,f,KO,The parent is null or empty
auto-card-form-form-field-priority,gamma,f,OK,
auto-card-form-form-field-priority,epsilon,g,OK,
auto-card-form-form-field-priority,alpha,g,OK,
auto-card-form-form-field-priority,delta,g,OK,
auto-card-form-form-field-priority,beta,g,OK,
auto-card-form-form-field-priority,gamma,g,OK,
auto-card-form-form-field-priority,epsilon,h,OK,
auto-card-form-form-field-priority,alpha,h,OK,
auto-card-form-form-field-priority,delta,h,OK,
auto-card-form-form-field-priority,beta,h,OK,
auto-card-form-form-field-priority,gamma,h,OK,
auto-card-form-form-field-priority,epsilon,i,OK,
auto-card-form-form-field-priority,alpha,i,OK,
auto-card-form-form-field-priority,delta,i,OK,
auto-card-form-form-field-priority,beta,i,OK,
auto-card-form-form-field-priority,gamma,i,OK,
auto-card-form-form-field-priority,epsilon,j,OK,
auto-card-form-form-field-priority,alpha,j,OK,
auto-card-form-form-field-priority,delta,j,OK,
auto-card-form-form-field-priority,beta,j,OK,
auto-card-form-form-field-priority,gamma,j,OK,
auto-card-form-form-field-priority,epsilon,k,OK,
auto-card-form-form-field-priority,alpha,k,OK,
auto-card-form-form-field-priority,delta,k,OK,
auto-card-form-form-field-priority,beta,k,OK,
auto-card-form-form-field-priority,gamma,k,OK,
auto-card-form-form-priority-label,epsilon,a,OK,
auto-card-form-form-priority-label,alpha,a,OK,
auto-card-form-form-priority-label,delta,a,OK,
auto-card-form-form-priority-label,beta,a,KO,Target element has no attributes
auto-card-form-form-priority-label,gamma,a,KO,Target element has no attributes
auto-card-form-form-priority-label,epsilon,b,OK,
auto-card-form-form-priority-label,alpha,b,OK,
auto-card-form-form-priority-label,delta,b,OK,
auto-card-form-form-priority-label,beta,b,KO,Target element has no valid candidate attributes
auto-card-form-form-priority-label,gamma,b,KO,Target element has no valid candidate attributes
auto-card-form-form-priority-label,epsilon,c,KO,Target element has no id attribute
auto-card-form-form-priority-label,alpha,c,KO,Target element has no id attribute
auto-card-form-form-priority-label,delta,c,OK,
auto-card-form-form-priority-label,beta,c,KO,Target element has no id attribute
auto-card-form-form-priority-label,gamma,c,KO,Target element has no id attribute
auto-card-form-form-priority-label,epsilon,d,KO,Target element text content is empty
auto-card-form-form-priority-label,alpha,d,OK,
auto-card-form-form-priority-label,delta,d,KO,Target element text content is empty
auto-card-form-form-priority-label,beta,d,KO,Target element text content is empty
auto-card-form-form-priority-label,gamma,d,KO,Target element text content is empty
auto-card-form-form-priority-label,epsilon,e,KO,Target element text content is empty
auto-card-form-form-priority-label,alpha,e,OK,
auto-card-form-form-priority-label,delta,e,KO,Target element text content is empty
auto-card-form-form-priority-label,beta,e,KO,Target element text content is empty
auto-card-form-form-priority-label,gamma,e,KO,Target element text content is empty
auto-card-form-form-priority-label,epsilon,f,OK,
auto-card-form-form-priority-label,alpha,f,OK,
auto-card-form-form-priority-label,delta,f,OK,
auto-card-form-form-priority-label,beta,f,OK,
auto-card-form-form-priority-label,gamma,f,KO,The parent is null or empty
auto-card-form-form-priority-label,epsilon,g,OK,
auto-card-form-form-priority-label,alpha,g,OK,
auto-card-form-form-priority-label,delta,g,OK,
auto-card-form-form-priority-label,beta,g,OK,
auto-card-form-form-priority-label,gamma,g,OK,
auto-card-form-form-priority-label,epsilon,h,OK,
auto-card-form-form-priority-label,alpha,h,OK,
auto-card-form-form-priority-label,delta,h,OK,
auto-card-form-form-priority-label,beta,h,OK,
auto-card-form-form-priority-label,gamma,h,OK,
auto-card-form-form-priority-label,epsilon,i,OK,
auto-card-form-form-priority-label,alpha,i,OK,
auto-card-form-form-priority-label,delta,i,OK,
auto-card-form-form-priority-label,beta,i,OK,
auto-card-form-form-priority-label,gamma,i,OK,
auto-card-form-form-priority-label,epsilon,j,OK,
auto-card-form-form-priority-label,alpha,j,OK,
auto-card-form-form-priority-label,delta,j,OK,
auto-card-form-form-priority-label,beta,j,OK,
auto-card-form-form-priority-label,gamma,j,OK,
auto-card-form-form-priority-label,epsilon,k,OK,
auto-card-form-form-priority-label,alpha,k,OK,
auto-card-form-form-priority-label,delta,k,OK,
auto-card-form-form-priority-label,beta,k,OK,
auto-card-form-form-priority-label,gamma,k,OK,
auto-card-form-form-field-assignee,epsilon,a,OK,
auto-card-form-form-field-assignee,alpha,a,KO,Target element has no attributes
auto-card-form-form-field-assignee,delta,a,KO,Target element has no attributes
auto-card-form-form-field-assignee,beta,a,KO,Target element has no attributes
auto-card-form-form-field-assignee,gamma,a,OK,
auto-card-form-form-field-assignee,epsilon,b,OK,
auto-card-form-form-field-assignee,alpha,b,KO,Target element has no valid candidate attributes
auto-card-form-form-field-assignee,delta,b,KO,Target element has no valid candidate attributes
auto-card-form-form-field-assignee,beta,b,KO,Target element has no valid candidate attributes
auto-card-form-form-field-assignee,gamma,b,OK,
auto-card-form-form-field-assignee,epsilon,c,KO,Target element has no id attribute
auto-card-form-form-field-assignee,alpha,c,KO,Target element has no id attribute
auto-card-form-form-field-assignee,delta,c,KO,Target element has no id attribute
auto-card-form-form-field-assignee,beta,c,KO,Target element has no id attribute
auto-card-form-form-field-assignee,gamma,c,KO,Target element has no id attribute
auto-card-form-form-field-assignee,epsilon,d,KO,Target element text content is empty
auto-card-form-form-field-assignee,alpha,d,KO,Target element text content is empty
auto-card-form-form-field-assignee,delta,d,KO,Target element text content is empty
auto-card-form-form-field-assignee,beta,d,KO,Target element text content is empty
auto-card-form-form-field-assignee,gamma,d,KO,Target element text content is empty
auto-card-form-form-field-assignee,epsilon,e,KO,Target element text content is empty
auto-card-form-form-field-assignee,alpha,e,KO,Target element text content is empty
auto-card-form-form-field-assignee,delta,e,KO,Target element text content is empty
auto-card-form-form-field-assignee,beta,e,KO,Target element text content is empty
auto-card-form-form-field-assignee,gamma,e,KO,Target element text content is empty
auto-card-form-form-field-assignee,epsilon,f,OK,
auto-card-form-form-field-assignee,alpha,f,OK,
auto-card-form-form-field-assignee,delta,f,OK,
auto-card-form-form-field-assignee,beta,f,KO,The parent is null or empty
auto-card-form-form-field-assignee,gamma,f,OK,
auto-card-form-form-field-assignee,epsilon,g,OK,
auto-card-form-form-field-assignee,alpha,g,OK,
auto-card-form-form-field-assignee,delta,g,OK,
auto-card-form-form-field-assignee,beta,g,OK,
auto-card-form-form-field-assignee,gamma,g,OK,
auto-card-form-form-field-assignee,epsilon,h,OK,
auto-card-form-form-field-assignee,alpha,h,OK,
auto-card-form-form-field-assignee,delta,h,OK,
auto-card-form-form-field-assignee,beta,h,OK,
auto-card-form-form-field-assignee,gamma,h,OK,
auto-card-form-form-field-assignee,epsilon,i,OK,
auto-card-form-form-field-assignee,alpha,i,OK,
auto-card-form-form-field-assignee,delta,i,OK,
auto-card-form-form-field-assignee,beta,i,OK,
auto-card-form-form-field-assignee,gamma,i,OK,
auto-card-form-form-field-assignee,epsilon,j,OK,
auto-card-form-form-field-assignee,alpha,j,OK,
auto-card-form-form-field-assignee,delta,j,OK,
auto-card-form-form-field-assignee,beta,j,OK,
auto-card-form-form-field-assignee,gamma,j,OK,
auto-card-form-form-field-assignee,epsilon,k,OK,
auto-card-form-form-field-assignee,alpha,k,OK,
auto-card-form-form-field-assignee,delta,k,OK,
auto-card-form-form-field-assignee,beta,k,OK,
auto-card-form-form-field-assignee,gamma,k,OK,
auto-card-form-form-assignee-label,epsilon,a,OK,
auto-card-form-form-assignee-label,alpha,a,OK,
auto-card-form-form-assignee-label,delta,a,OK,
auto-card-form-form-assignee-label,beta,a,KO,Target element has no attributes
auto-card-form-form-assignee-label,gamma,a,KO,Target element has no attributes
auto-card-form-form-assignee-label,epsilon,b,OK,
auto-card-form-form-assignee-label,alpha,b,OK,
auto-card-form-form-assignee-label,delta,b,OK,
auto-card-form-form-assignee-label,beta,b,KO,Target element has no valid candidate attributes
auto-card-form-form-assignee-label,gamma,b,KO,Target element has no valid candidate attributes
auto-card-form-form-assignee-label,epsilon,c,KO,Target element has no id attribute
auto-card-form-form-assignee-label,alpha,c,KO,Target element has no id attribute
auto-card-form-form-assignee-label,delta,c,OK,
auto-card-form-form-assignee-label,beta,c,KO,Target element has no id attribute
auto-card-form-form-assignee-label,gamma,c,KO,Target element has no id attribute
auto-card-form-form-assignee-label,epsilon,d,KO,Target element text content is empty
auto-card-form-form-assignee-label,alpha,d,OK,
auto-card-form-form-assignee-label,delta,d,KO,Target element has no child nodes
auto-card-form-form-assignee-label,beta,d,KO,Target element text content is empty
auto-card-form-form-assignee-label,gamma,d,KO,Target element text content is empty
auto-card-form-form-assignee-label,epsilon,e,KO,Target element text content is empty
auto-card-form-form-assignee-label,alpha,e,OK,
auto-card-form-form-assignee-label,delta,e,KO,Target element has no child nodes
auto-card-form-form-assignee-label,beta,e,KO,Target element text content is empty
auto-card-form-form-assignee-label,gamma,e,KO,Target element text content is empty
auto-card-form-form-assignee-label,epsilon,f,OK,
auto-card-form-form-assignee-label,alpha,f,OK,
auto-card-form-form-assignee-label,delta,f,OK,
auto-card-form-form-assignee-label,beta,f,OK,
auto-card-form-form-assignee-label,gamma,f,KO,The parent is null or empty
auto-card-form-form-assignee-label,epsilon,g,OK,
auto-card-form-form-assignee-label,alpha,g,OK,
auto-card-form-form-assignee-label,delta,g,OK,
auto-card-form-form-assignee-label,beta,g,OK,
auto-card-form-form-assignee-label,gamma,g,OK,
auto-card-form-form-assignee-label,epsilon,h,OK,
auto-card-form-form-assignee-label,alpha,h,OK,
auto-card-form-form-assignee-label,delta,h,OK,
auto-card-form-form-assignee-label,beta,h,OK,
auto-card-form-form-assignee-label,gamma,h,OK,
auto-card-form-form-assignee-label,epsilon,i,OK,
auto-card-form-form-assignee-label,alpha,i,OK,
auto-card-form-form-assignee-label,delta,i,OK,
auto-card-form-form-assignee-label,beta,i,OK,
auto-card-form-form-assignee-label,gamma,i,OK,
auto-card-form-form-assignee-label,epsilon,j,OK,
auto-card-form-form-assignee-label,alpha,j,OK,
auto-card-form-form-assignee-label,delta,j,OK,
auto-card-form-form-assignee-label,beta,j,OK,
auto-card-form-form-assignee-label,gamma,j,OK,
auto-card-form-form-assignee-label,epsilon,k,OK,
auto-card-form-form-assignee-label,alpha,k,OK,
auto-card-form-form-assignee-label,delta,k,OK,
auto-card-form-form-assignee-label,beta,k,OK,
auto-card-form-form-assignee-label,gamma,k,OK,
auto-card-form-form-field-column,epsilon,a,OK,
auto-card-form-form-field-column,alpha,a,KO,Target element has no attributes
auto-card-form-form-field-column,delta,a,KO,Target element has no attributes
auto-card-form-form-field-column,beta,a,KO,Target element has no attributes
auto-card-form-form-field-column,gamma,a,OK,
auto-card-form-form-field-column,epsilon,b,OK,
auto-card-form-form-field-column,alpha,b,KO,Target element has no valid candidate attributes
auto-card-form-form-field-column,delta,b,KO,Target element has no valid candidate attributes
auto-card-form-form-field-column,beta,b,KO,Target element has no valid candidate attributes
auto-card-form-form-field-column,gamma,b,OK,
auto-card-form-form-field-column,epsilon,c,KO,Target element has no id attribute
auto-card-form-form-field-column,alpha,c,KO,Target element has no id attribute
auto-card-form-form-field-column,delta,c,KO,Target element has no id attribute
auto-card-form-form-field-column,beta,c,KO,Target element has no id attribute
auto-card-form-form-field-column,gamma,c,KO,Target element has no id attribute
auto-card-form-form-field-column,epsilon,d,KO,Target element text content is empty
auto-card-form-form-field-column,alpha,d,KO,Target element text content is empty
auto-card-form-form-field-column,delta,d,KO,Target element text content is empty
auto-card-form-form-field-column,beta,d,KO,Target element text content is empty
auto-card-form-form-field-column,gamma,d,KO,Target element text content is empty
auto-card-form-form-field-column,epsilon,e,KO,Target element text content is empty
auto-card-form-form-field-column,alpha,e,KO,Target element text content is empty
auto-card-form-form-field-column,delta,e,KO,Target element text content is empty
auto-card-form-form-field-column,beta,e,KO,Target element text content is empty
auto-card-form-form-field-column,gamma,e,KO,Target element text content is empty
auto-card-form-form-field-column,epsilon,f,OK,
auto-card-form-form-field-column,alpha,f,OK,
auto-card-form-form-field-column,delta,f,OK,
auto-card-form-form-field-column,beta,f,KO,The parent is null or empty
auto-card-form-form-field-column,gamma,f,OK,
auto-card-form-form-field-column,epsilon,g,OK,
auto-card-form-form-field-column,alpha,g,OK,
auto-card-form-form-field-column,delta,g,OK,
auto-card-form-form-field-column,beta,g,OK,
auto-card-form-form-field-column,gamma,g,OK,
auto-card-form-form-field-column,epsilon,h,OK,
auto-card-form-form-field-column,alpha,h,OK,
auto-card-form-form-field-column,delta,h,OK,
auto-card-form-form-field-column,beta,h,OK,
auto-card-form-form-field-column,gamma,h,OK,
auto-card-form-form-field-column,epsilon,i,OK,
auto-card-form-form-field-column,alpha,i,OK,
auto-card-form-form-field-column,delta,i,OK,
auto-card-form-form-field-column,beta,i,OK,
auto-card-form-form-field-column,gamma,i,OK,
auto-card-form-form-field-column,epsilon,j,OK,
auto-card-form-form-field-column,alpha,j,OK,
auto-card-form-form-field-column,delta,j,OK,
auto-card-form-form-field-column,beta,j,OK,
auto-card-form-form-field-column,gamma,j,OK,
auto-card-form-form-field-column,epsilon,k,OK,
auto-card-form-form-field-column,alpha,k,OK,
auto-card-form-form-field-column,delta,k,OK,
auto-card-form-form-field-column,beta,k,OK,
auto-card-form-form-field-column,gamma,k,OK,
auto-card-form-form-column-label,epsilon,a,OK,
auto-card-form-form-column-label,alpha,a,OK,
auto-card-form-form-column-label,delta,a,OK,
auto-card-form-form-column-label,beta,a,KO,Target element has no attributes
auto-card-form-form-column-label,gamma,a,KO,Target element has no attributes
auto-card-form-form-column-label,epsilon,b,OK,
auto-card-form-form-column-label,alpha,b,OK,
auto-card-form-form-column-label,delta,b,OK,
auto-card-form-form-column-label,beta,b,KO,Target element has no valid candidate attributes
auto-card-form-form-column-label,gamma,b,KO,Target element has no valid candidate attributes
auto-card-form-form-column-label,epsilon,c,KO,Target element has no id attribute
auto-card-form-form-column-label,alpha,c,KO,Target element has no id attribute
auto-card-form-form-column-label,delta,c,OK,
auto-card-form-form-column-label,beta,c,KO,Target element has no id attribute
auto-card-form-form-column-label,gamma,c,KO,Target element has no id attribute
auto-card-form-form-column-label,epsilon,d,KO,Target element text content is empty
auto-card-form-form-column-label,alpha,d,OK,
auto-card-form-form-column-label,delta,d,KO,Target element text content is empty
auto-card-form-form-column-label,beta,d,KO,Target element text content is empty
auto-card-form-form-column-label,gamma,d,KO,Target element text content is empty
auto-card-form-form-column-label,epsilon,e,KO,Target element text content is empty
auto-card-form-form-column-label,alpha,e,OK,
auto-card-form-form-column-label,delta,e,KO,Target element text content is empty
auto-card-form-form-column-label,beta,e,KO,Target element text content is empty
auto-card-form-form-column-label,gamma,e,KO,Target element text content is empty
auto-card-form-form-column-label,epsilon,f,OK,
auto-card-form-form-column-label,alpha,f,OK,
auto-card-form-form-column-label,delta,f,OK,
auto-card-form-form-column-label,beta,f,OK,
auto-card-form-form-column-label,gamma,f,KO,The parent is null or empty
auto-card-form-form-column-label,epsilon,g,OK,
auto-card-form-form-column-label,alpha,g,OK,
auto-card-form-form-column-label,delta,g,OK,
auto-card-form-form-column-label,beta,g,OK,
auto-card-form-form-column-label,gamma,g,OK,
auto-card-form-form-column-label,epsilon,h,OK,
auto-card-form-form-column-label,alpha,h,OK,
auto-card-form-form-column-label,delta,h,OK,
auto-card-form-form-column-label,beta,h,OK,
auto-card-form-form-column-label,gamma,h,OK,
auto-card-form-form-column-label,epsilon,i,OK,
auto-card-form-form-column-label,alpha,i,OK,
auto-card-form-form-column-label,delta,i,OK,
auto-card-form-form-column-label,beta,i,OK,
auto-card-form-form-column-label,gamma,i,OK,
auto-card-form-form-column-label,epsilon,j,OK,
auto-card-form-form-column-label,alpha,j,OK,
auto-card-form-form-column-label,delta,j,OK,
auto-card-form-form-column-label,beta,j,OK,
auto-card-form-form-column-label,gamma,j,OK,
auto-card-form-form-column-label,epsilon,k,OK,
auto-card-form-form-column-label,alpha,k,OK,
auto-card-form-form-column-label,delta,k,OK,
auto-card-form-form-column-label,beta,k,OK,
auto-card-form-form-column-label,gamma,k,OK,
auto-card-form-form-field-tags,alpha,a,KO,Target element has no attributes
auto-card-form-form-field-tags,delta,a,KO,Target element has no attributes
auto-card-form-form-field-tags,beta,a,OK,
auto-card-form-form-field-tags,gamma,a,KO,Target element has no attributes
auto-card-form-form-field-tags,alpha,b,KO,Target element has no valid candidate attributes
auto-card-form-form-field-tags,delta,b,KO,Target element has no valid candidate attributes
auto-card-form-form-field-tags,beta,b,OK,
auto-card-form-form-field-tags,gamma,b,KO,Target element has no valid candidate attributes
auto-card-form-form-field-tags,alpha,c,KO,Target element has no id attribute
auto-card-form-form-field-tags,delta,c,KO,Target element has no id attribute
auto-card-form-form-field-tags,beta,c,KO,Target element has no id attribute
auto-card-form-form-field-tags,gamma,c,KO,Target element has no id attribute
auto-card-form-form-field-tags,alpha,d,KO,Target element text content is empty
auto-card-form-form-field-tags,delta,d,KO,Target element text content is empty
auto-card-form-form-field-tags,beta,d,KO,Target element text content is empty
auto-card-form-form-field-tags,gamma,d,KO,Target element text content is empty
auto-card-form-form-field-tags,alpha,e,KO,Target element text content is empty
auto-card-form-form-field-tags,delta,e,KO,Target element text content is empty
auto-card-form-form-field-tags,beta,e,KO,Target element text content is empty
auto-card-form-form-field-tags,gamma,e,KO,Target element text content is empty
auto-card-form-form-field-tags,alpha,f,OK,
auto-card-form-form-field-tags,delta,f,OK,
auto-card-form-form-field-tags,beta,f,OK,
auto-card-form-form-field-tags,gamma,f,KO,The parent is null or empty
auto-card-form-form-field-tags,alpha,g,OK,
auto-card-form-form-field-tags,delta,g,OK,
auto-card-form-form-field-tags,beta,g,OK,
auto-card-form-form-field-tags,gamma,g,OK,
auto-card-form-form-field-tags,alpha,h,OK,
auto-card-form-form-field-tags,delta,h,OK,
auto-card-form-form-field-tags,beta,h,OK,
auto-card-form-form-field-tags,gamma,h,OK,
auto-card-form-form-field-tags,alpha,i,OK,
auto-card-form-form-field-tags,delta,i,OK,
auto-card-form-form-field-tags,beta,i,OK,
auto-card-form-form-field-tags,gamma,i,OK,
auto-card-form-form-field-tags,alpha,j,OK,
auto-card-form-form-field-tags,delta,j,OK,
auto-card-form-form-field-tags,beta,j,OK,
auto-card-form-form-field-tags,gamma,j,OK,
auto-card-form-form-field-tags,alpha,k,OK,
auto-card-form-form-field-tags,delta,k,OK,
auto-card-form-form-field-tags,beta,k,OK,
auto-card-form-form-field-tags,gamma,k,OK,
auto-card-form-form-tags-label,alpha,a,OK,
auto-card-form-form-tags-label,delta,a,OK,
auto-card-form-form-tags-label,beta,a,KO,Target element has no attributes
auto-card-form-form-tags-label,gamma,a,OK,
auto-card-form-form-tags-label,alpha,b,OK,
auto-card-form-form-tags-label,delta,b,OK,
auto-card-form-form-tags-label,beta,b,KO,Target element has no valid candidate attributes
auto-card-form-form-tags-label,gamma,b,OK,
auto-card-form-form-tags-label,alpha,c,KO,Target element has no id attribute
auto-card-form-form-tags-label,delta,c,OK,
auto-card-form-form-tags-label,beta,c,KO,Target element has no id attribute
auto-card-form-form-tags-label,gamma,c,KO,Target element has no id attribute
auto-card-form-form-tags-label,alpha,d,OK,
auto-card-form-form-tags-label,delta,d,KO,Target element has no child nodes
auto-card-form-form-tags-label,beta,d,KO,Target element text content is empty
auto-card-form-form-tags-label,gamma,d,KO,Target element text content is empty
auto-card-form-form-tags-label,alpha,e,OK,
auto-card-form-form-tags-label,delta,e,KO,Target element has no child nodes
auto-card-form-form-tags-label,beta,e,KO,Target element text content is empty
auto-card-form-form-tags-label,gamma,e,KO,Target element text content is empty
auto-card-form-form-tags-label,alpha,f,OK,
auto-card-form-form-tags-label,delta,f,OK,
auto-card-form-form-tags-label,beta,f,OK,
auto-card-form-form-tags-label,gamma,f,OK,
auto-card-form-form-tags-label,alpha,g,OK,
auto-card-form-form-tags-label,delta,g,OK,
auto-card-form-form-tags-label,beta,g,OK,
auto-card-form-form-tags-label,gamma,g,OK,
auto-card-form-form-tags-label,alpha,h,OK,
auto-card-form-form-tags-label,delta,h,OK,
auto-card-form-form-tags-label,beta,h,OK,
auto-card-form-form-tags-label,gamma,h,OK,
auto-card-form-form-tags-label,alpha,i,OK,
auto-card-form-form-tags-label,delta,i,OK,
auto-card-form-form-tags-label,beta,i,OK,
auto-card-form-form-tags-label,gamma,i,OK,
auto-card-form-form-tags-label,alpha,j,OK,
auto-card-form-form-tags-label,delta,j,OK,
auto-card-form-form-tags-label,beta,j,OK,
auto-card-form-form-tags-label,gamma,j,OK,
auto-card-form-form-tags-label,alpha,k,OK,
auto-card-form-form-tags-label,delta,k,OK,
auto-card-form-form-tags-label,beta,k,OK,
auto-card-form-form-tags-label,gamma,k,OK,
auto-card-detail-card-detail,alpha,a,KO,Target element has no attributes
auto-card-detail-card-detail,beta,a,KO,Target element has no attributes
auto-card-detail-card-detail,alpha,b,KO,Target element has no valid candidate attributes
auto-card-detail-card-detail,beta,b,KO,Target element has no attributes
auto-card-detail-card-detail,alpha,c,KO,Target element has no id attribute
auto-card-detail-card-detail,beta,c,KO,Target element has no id attribute
auto-card-detail-card-detail,alpha,d,OK,
auto-card-detail-card-detail,beta,d,KO,Target element text content is empty
auto-card-detail-card-detail,alpha,e,OK,
auto-card-detail-card-detail,beta,e,KO,Target element text content is empty
auto-card-detail-card-detail,alpha,f,KO,The parent is null or empty
auto-card-detail-card-detail,beta,f,KO,Target element with body tag cannot be mutated
auto-card-detail-card-detail,alpha,g,OK,
auto-card-detail-card-detail,beta,g,OK,
auto-card-detail-card-detail,alpha,h,OK,
auto-card-detail-card-detail,beta,h,OK,
auto-card-detail-card-detail,alpha,i,OK,
auto-card-detail-card-detail,beta,i,KO,Target element with body tag cannot be mutated
auto-card-detail-card-detail,alpha,j,OK,
auto-card-detail-card-detail,beta,j,KO,Target element with body tag cannot be mutated
auto-card-detail-card-detail,alpha,k,OK,
auto-card-detail-card-detail,beta,k,KO,Target element with body tag cannot be mutated
auto-card-detail-detail-heading,alpha,a,KO,Target element has no attributes
auto-card-detail-detail-heading,delta,a,OK,
auto-card-detail-detail-heading,beta,a,KO,Target element has no attributes
auto-card-detail-detail-heading,alpha,b,KO,Target element has no valid candidate attributes
auto-card-detail-detail-heading,delta,b,OK,
auto-card-detail-detail-heading,beta,b,KO,Target element has no valid candidate attributes
auto-card-detail-detail-heading,alpha,c,KO,Target element has no id attribute
auto-card-detail-detail-heading,delta,c,KO,Target element has no id attribute
auto-card-detail-detail-heading,beta,c,KO,Target element has no id attribute
auto-card-detail-detail-heading,alpha,d,KO,Target element text content is empty
auto-card-detail-detail-heading,delta,d,KO,Target element text content is empty
auto-card-detail-detail-heading,beta,d,KO,Target element text content is empty
auto-card-detail-detail-heading,alpha,e,KO,Target element text content is empty
auto-card-detail-detail-heading,delta,e,KO,Target element text content is empty
auto-card-detail-detail-heading,beta,e,KO,Target element text content is empty
auto-card-detail-detail-heading,alpha,f,OK,
auto-card-detail-detail-heading,delta,f,OK,
auto-card-detail-detail-heading,beta,f,KO,The parent is null or empty
auto-card-detail-detail-heading,alpha,g,OK,
auto-card-detail-detail-heading,delta,g,OK,
auto-card-detail-detail-heading,beta,g,OK,
auto-card-detail-detail-heading,alpha,h,OK,
auto-card-detail-detail-heading,delta,h,OK,
auto-card-detail-detail-heading,beta,h,OK,
auto-card-detail-detail-heading,alpha,i,OK,
auto-card-detail-detail-heading,delta,i,OK,
auto-card-detail-detail-heading,beta,i,OK,
auto-card-detail-detail-heading,alpha,j,OK,
auto-card-detail-detail-heading,delta,j,OK,
auto-card-detail-detail-heading,beta,j,OK,
auto-card-detail-detail-heading,alpha,k,OK,
auto-card-detail-detail-heading,delta,k,OK,
auto-card-detail-detail-heading,beta,k,OK,
auto-card-detail-detail-card,alpha,a,OK,
auto-card-detail-detail-card,delta,a,KO,Target element has no attributes
auto-card-detail-detail-card,beta,a,KO,Target element has no attributes
auto-card-detail-detail-card,alpha,b,OK,
auto-card-detail-detail-card,delta,b,KO,Target element has no valid candidate attributes
auto-card-detail-detail-card,beta,b,KO,Target element has no valid candidate attributes
auto-card-detail-detail-card,alpha,c,KO,Target element has no id attribute
auto-card-detail-detail-card,delta,c,KO,Target element has no id attribute
auto-card-detail-detail-card,beta,c,KO,Target element has no id attribute
auto-card-detail-detail-card,alpha,d,KO,Target element text content is empty
auto-card-detail-detail-card,delta,d,KO,Target element text content is empty
auto-card-detail-detail-card,beta,d,OK,
auto-card-detail-detail-card,alpha,e,KO,Target element text content is empty
auto-card-detail-detail-card,delta,e,KO,Target element text content is empty
auto-card-detail-detail-card,beta,e,OK,
auto-card-detail-detail-card,alpha,f,OK,
auto-card-detail-detail-card,delta,f,OK,
auto-card-detail-detail-card,beta,f,KO,The parent is null or empty
auto-card-detail-detail-card,alpha,g,OK,
auto-card-detail-detail-card,delta,g,OK,
auto-card-detail-detail-card,beta,g,OK,
auto-card-detail-detail-card,alpha,h,OK,
auto-card-detail-detail-card,delta,h,OK,
auto-card-detail-detail-card,beta,h,OK,
auto-card-detail-detail-card,alpha,i,OK,
auto-card-detail-detail-card,delta,i,OK,
auto-card-detail-detail-card,beta,i,OK,
auto-card-detail-detail-card,alpha,j,OK,
auto-card-detail-detail-card,delta,j,OK,
auto-card-detail-detail-card,beta,j,OK,
auto-card-detail-detail-card,alpha,k,OK,
auto-card-detail-detail-card,delta,k,OK,
auto-card-detail-detail-card,beta,k,OK,
auto-card-detail-detail-description-row,epsilon,a,OK,
auto-card-detail-detail-description-row,alpha,a,KO,Target element has no attributes
auto-card-detail-detail-description-row,delta,a,KO,Target element has no attributes
auto-card-detail-detail-description-row,beta,a,KO,Target element has no attributes
auto-card-detail-detail-description-row,gamma,a,OK,
auto-card-detail-detail-description-row,epsilon,b,OK,
auto-card-detail-detail-description-row,alpha,b,KO,Target element has no valid candidate attributes
auto-card-detail-detail-description-row,delta,b,KO,Target element has no valid candidate attributes
auto-card-detail-detail-description-row,beta,b,KO,Target element has no valid candidate attributes
auto-card-detail-detail-description-row,gamma,b,OK,
auto-card-detail-detail-description-row,epsilon,c,KO,Target element has no id attribute
auto-card-detail-detail-description-row,alpha,c,KO,Target element has no id attribute
auto-card-detail-detail-description-row,delta,c,KO,Target element has no id attribute
auto-card-detail-detail-description-row,beta,c,KO,Target element has no id attribute
auto-card-detail-detail-description-row,gamma,c,KO,Target element has no id attribute
auto-card-detail-detail-description-row,epsilon,d,KO,Target element text content is empty
auto-card-detail-detail-description-row,alpha,d,KO,Target element text content is empty
auto-card-detail-detail-description-row,delta,d,KO,Target element text content is empty
auto-card-detail-detail-description-row,beta,d,KO,Target element text content is empty
auto-card-detail-detail-description-row,gamma,d,KO,Target element text content is empty
auto-card-detail-detail-description-row,epsilon,e,KO,Target element text content is empty
auto-card-detail-detail-description-row,alpha,e,KO,Target element text content is empty
auto-card-detail-detail-description-row,delta,e,KO,Target element text content is empty
auto-card-detail-detail-description-row,beta,e,KO,Target element text content is empty
auto-card-detail-detail-description-row,gamma,e,KO,Target element text content is empty
auto-card-detail-detail-description-row,epsilon,f,OK,
auto-card-detail-detail-description-row,alpha,f,OK,
auto-card-detail-detail-description-row,delta,f,OK,
auto-card-detail-detail-description-row,beta,f,KO,The parent is null or empty
auto-card-detail-detail-description-row,gamma,f,OK,
auto-card-detail-detail-description-row,epsilon,g,OK,
auto-card-detail-detail-description-row,alpha,g,OK,
auto-card-detail-detail-description-row,delta,g,OK,
auto-card-detail-detail-description-row,beta,g,OK,
auto-card-detail-detail-description-row,gamma,g,OK,
auto-card-detail-detail-description-row,epsilon,h,OK,
auto-card-detail-detail-description-row,alpha,h,OK,
auto-card-detail-detail-description-row,delta,h,OK,
auto-card-detail-detail-description-row,beta,h,OK,
auto-card-detail-detail-description-row,gamma,h,OK,
auto-card-detail-detail-description-row,epsilon,i,OK,
auto-card-detail-detail-description-row,alpha,i,OK,
auto-card-detail-detail-description-row,delta,i,OK,
auto-card-detail-detail-description-row,beta,i,OK,
auto-card-detail-detail-description-row,gamma,i,OK,
auto-card-detail-detail-description-row,epsilon,j,OK,
auto-card-detail-detail-description-row,alpha,j,OK,
auto-card-detail-detail-description-row,delta,j,OK,
auto-card-detail-detail-description-row,beta,j,OK,
auto-card-detail-detail-description-row,gamma,j,OK,
auto-card-detail-detail-description-row,epsilon,k,OK,
auto-card-detail-detail-description-row,alpha,k,OK,
auto-card-detail-detail-description-row,delta,k,OK,
auto-card-detail-detail-description-row,beta,k,OK,
auto-card-detail-detail-description-row,gamma,k,OK,
auto-card-detail-detail-description-label,epsilon,a,OK,
auto-card-detail-detail-description-label,alpha,a,KO,Target element has no attributes
auto-card-detail-detail-description-label,delta,a,KO,Target element has no attributes
auto-card-detail-detail-description-label,beta,a,KO,Target element has no attributes
auto-card-detail-detail-description-label,gamma,a,KO,Target element has no attributes
auto-card-detail-detail-description-label,epsilon,b,OK,
auto-card-detail-detail-description-label,alpha,b,KO,Target element has no valid candidate attributes
auto-card-detail-detail-description-label,delta,b,KO,Target element has no valid candidate attributes
auto-card-detail-detail-description-label,beta,b,KO,Target element has no valid candidate attributes
auto-card-detail-detail-description-label,gamma,b,KO,Target element has no valid candidate attributes
auto-card-detail-detail-description-label,epsilon,c,KO,Target element has no id attribute
auto-card-detail-detail-description-label,alpha,c,KO,Target element has no id attribute
auto-card-detail-detail-description-label,delta,c,KO,Target element has no id attribute
auto-card-detail-detail-description-label,beta,c,KO,Target element has no id attribute
auto-card-detail-detail-description-label,gamma,c,KO,Target element has no id attribute
auto-card-detail-detail-description-label,epsilon,d,KO,Target element text content is empty
auto-card-detail-detail-description-label,alpha,d,OK,
auto-card-detail-detail-description-label,delta,d,OK,
auto-card-detail-detail-description-label,beta,d,KO,Target element text content is empty
auto-card-detail-detail-description-label,gamma,d,KO,Target element text content is empty
auto-card-detail-detail-description-label,epsilon,e,KO,Target element text content is empty
auto-card-detail-detail-description-label,alpha,e,OK,
auto-card-detail-detail-description-label,delta,e,OK,
auto-card-detail-detail-description-label,beta,e,KO,Target element text content is empty
auto-card-detail-detail-description-label,gamma,e,KO,Target element text content is empty
auto-card-detail-detail-description-label,epsilon,f,OK,
auto-card-detail-detail-description-label,alpha,f,OK,
auto-card-detail-detail-description-label,delta,f,OK,
auto-card-detail-detail-description-label,beta,f,OK,
auto-card-detail-detail-description-label,gamma,f,KO,The parent is null or empty
auto-card-detail-detail-description-label,epsilon,g,OK,
auto-card-detail-detail-description-label,alpha,g,OK,
auto-card-detail-detail-description-label,delta,g,OK,
auto-card-detail-detail-description-label,beta,g,OK,
auto-card-detail-detail-description-label,gamma,g,OK,
auto-card-detail-detail-description-label,epsilon,h,OK,
auto-card-detail-detail-description-label,alpha,h,OK,
auto-card-detail-detail-description-label,delta,h,OK,
auto-card-detail-detail-description-label,beta,h,OK,
auto-card-detail-detail-description-label,gamma,h,OK,
auto-card-detail-detail-description-label,epsilon,i,OK,
auto-card-detail-detail-description-label,alpha,i,OK,
auto-card-detail-detail-description-label,delta,i,OK,
auto-card-detail-detail-description-label,beta,i,OK,
auto-card-detail-detail-description-label,gamma,i,OK,
auto-card-detail-detail-description-label,epsilon,j,OK,
auto-card-detail-detail-description-label,alpha,j,OK,
auto-card-detail-detail-description-label,delta,j,OK,
auto-card-detail-detail-description-label,beta,j,OK,
auto-card-detail-detail-description-label,gamma,j,OK,
auto-card-detail-detail-description-label,epsilon,k,OK,
auto-card-detail-detail-description-label,alpha,k,OK,
auto-card-detail-detail-description-label,delta,k,OK,
auto-card-detail-detail-description-label,beta,k,OK,
auto-card-detail-detail-description-label,gamma,k,OK,
auto-card-detail-detail-assignee-row,epsilon,a,OK,
auto-card-detail-detail-assignee-row,alpha,a,KO,Target element has no attributes
auto-card-detail-detail-assignee-row,delta,a,KO,Target element has no attributes
auto-card-detail-detail-assignee-row,beta,a,KO,Target element has no attributes
auto-card-detail-detail-assignee-row,gamma,a,OK,
auto-card-detail-detail-assignee-row,epsilon,b,OK,
auto-card-detail-detail-assignee-row,alpha,b,KO,Target element has no valid candidate attributes
auto-card-detail-detail-assignee-row,delta,b,KO,Target element has no valid candidate attributes
auto-card-detail-detail-assignee-row,beta,b,KO,Target element has no valid candidate attributes
auto-card-detail-detail-assignee-row,gamma,b,OK,
auto-card-detail-detail-assignee-row,epsilon,c,KO,Target element has no id attribute
auto-card-detail-detail-assignee-row,alpha,c,KO,Target element has no id attribute
auto-card-detail-detail-assignee-row,delta,c,KO,Target element has no id attribute
auto-card-detail-detail-assignee-row,beta,c,KO,Target element has no id attribute
auto-card-detail-detail-assignee-row,gamma,c,KO,Target element has no id attribute
auto-card-detail-detail-assignee-row,epsilon,d,KO,Target element text content is empty
auto-card-detail-detail-assignee-row,alpha,d,KO,Target element text content is empty
auto-card-detail-detail-assignee-row,delta,d,KO,Target element text content is empty
auto-card-detail-detail-assignee-row,beta,d,KO,Target element text content is empty
auto-card-detail-detail-assignee-row,gamma,d,KO,Target element text content is empty
auto-card-detail-detail-assignee-row,epsilon,e,KO,Target element text content is empty
auto-card-detail-detail-assignee-row,alpha,e,KO,Target element text content is empty
auto-card-detail-detail-assignee-row,delta,e,KO,Target element text content is empty
auto-card-detail-detail-assignee-row,beta,e,KO,Target element text content is empty
auto-card-detail-detail-assignee-row,gamma,e,KO,Target element text content is empty
auto-card-detail-detail-assignee-row,epsilon,f,OK,
auto-card-detail-detail-assignee-row,alpha,f,OK,
auto-card-detail-detail-assignee-row,delta,f,OK,
auto-card-detail-detail-assignee-row,beta,f,KO,The parent is null or empty
auto-card-detail-detail-assignee-row,gamma,f,OK,
auto-card-detail-detail-assignee-row,epsilon,g,OK,
auto-card-detail-detail-assignee-row,alpha,g,OK,
auto-card-detail-detail-assignee-row,delta,g,OK,
auto-card-detail-detail-assignee-row,beta,g,OK,
auto-card-detail-detail-assignee-row,gamma,g,OK,
auto-card-detail-detail-assignee-row,epsilon,h,OK,
auto-card-detail-detail-assignee-row,alpha,h,OK,
auto-card-detail-detail-assignee-row,delta,h,OK,
auto-card-detail-detail-assignee-row,beta,h,OK,
auto-card-detail-detail-assignee-row,gamma,h,OK,
auto-card-detail-detail-assignee-row,epsilon,i,OK,
auto-card-detail-detail-assignee-row,alpha,i,OK,
auto-card-detail-detail-assignee-row,delta,i,OK,
auto-card-detail-detail-assignee-row,beta,i,OK,
auto-card-detail-detail-assignee-row,gamma,i,OK,
auto-card-detail-detail-assignee-row,epsilon,j,OK,
auto-card-detail-detail-assignee-row,alpha,j,OK,
auto-card-detail-detail-assignee-row,delta,j,OK,
auto-card-detail-detail-assignee-row,beta,j,OK,
auto-card-detail-detail-assignee-row,gamma,j,OK,
auto-card-detail-detail-assignee-row,epsilon,k,OK,
auto-card-detail-detail-assignee-row,alpha,k,OK,
auto-card-detail-detail-assignee-row,delta,k,OK,
auto-card-detail-detail-assignee-row,beta,k,OK,
auto-card-detail-detail-assignee-row,gamma,k,OK,
auto-card-detail-detail-assignee-label,epsilon,a,OK,
auto-card-detail-detail-assignee-label,alpha,a,KO,Target element has no attributes
auto-card-detail-detail-assignee-label,delta,a,OK,
auto-card-detail-detail-assignee-label,beta,a,KO,Target element has no attributes
auto-card-detail-detail-assignee-label,gamma,a,KO,Target element has no attributes
auto-card-detail-detail-assignee-label,epsilon,b,OK,
auto-card-detail-detail-assignee-label,alpha,b,KO,Target element has no valid candidate attributes
auto-card-detail-detail-assignee-label,delta,b,OK,
auto-card-detail-detail-assignee-label,beta,b,KO,Target element has no valid candidate attributes
auto-card-detail-detail-assignee-label,gamma,b,KO,Target element has no valid candidate attributes
auto-card-detail-detail-assignee-label,epsilon,c,KO,Target element has no id attribute
auto-card-detail-detail-assignee-label,alpha,c,KO,Target element has no id attribute
auto-card-detail-detail-assignee-label,delta,c,KO,Target element has no id attribute
auto-card-detail-detail-assignee-label,beta,c,KO,Target element has no id attribute
auto-card-detail-detail-assignee-label,gamma,c,KO,Target element has no id attribute
auto-card-detail-detail-assignee-label,epsilon,d,KO,Target element text content is empty
auto-card-detail-detail-assignee-label,alpha,d,OK,
auto-card-detail-detail-assignee-label,delta,d,OK,
auto-card-detail-detail-assignee-label,beta,d,KO,Target element text content is empty
auto-card-detail-detail-assignee-label,gamma,d,KO,Target element text content is empty
auto-card-detail-detail-assignee-label,epsilon,e,KO,Target element text content is empty
auto-card-detail-detail-assignee-label,alpha,e,OK,
auto-card-detail-detail-assignee-label,delta,e,OK,
auto-card-detail-detail-assignee-label,beta,e,KO,Target element text content is empty
auto-card-detail-detail-assignee-label,gamma,e,KO,Target element text content is empty
auto-card-detail-detail-assignee-label,epsilon,f,OK,
auto-card-detail-detail-assignee-label,alpha,f,OK,
auto-card-detail-detail-assignee-label,delta,f,OK,
auto-card-detail-detail-assignee-label,beta,f,OK,
auto-card-detail-detail-assignee-label,gamma,f,KO,The parent is null or empty
auto-card-detail-detail-assignee-label,epsilon,g,OK,
auto-card-detail-detail-assignee-label,alpha,g,OK,
auto-card-detail-detail-assignee-label,delta,g,OK,
auto-card-detail-detail-assignee-label,beta,g,OK,
auto-card-detail-detail-assignee-label,gamma,g,OK,
auto-card-detail-detail-assignee-label,epsilon,h,OK,
auto-card-detail-detail-assignee-label,alpha,h,OK,
auto-card-detail-detail-assignee-label,delta,h,OK,
auto-card-detail-detail-assignee-label,beta,h,OK,
auto-card-detail-detail-assignee-label,gamma,h,OK,
auto-card-detail-detail-assignee-label,epsilon,i,OK,
auto-card-detail-detail-assignee-label,alpha,i,OK,
auto-card-detail-detail-assignee-label,delta,i,OK,
auto-card-detail-detail-assignee-label,beta,i,OK,
auto-card-detail-detail-assignee-label,gamma,i,OK,
auto-card-detail-detail-assignee-label,epsilon,j,OK,
auto-card-detail-detail-assignee-label,alpha,j,OK,
auto-card-detail-detail-assignee-label,delta,j,OK,
auto-card-detail-detail-assignee-label,beta,j,OK,
auto-card-detail-detail-assignee-label,gamma,j,OK,
auto-card-detail-detail-assignee-label,epsilon,k,OK,
auto-card-detail-detail-assignee-label,alpha,k,OK,
auto-card-detail-detail-assignee-label,delta,k,OK,
auto-card-detail-detail-assignee-label,beta,k,OK,
auto-card-detail-detail-assignee-label,gamma,k,OK,
auto-card-detail-detail-column-row,epsilon,a,OK,
auto-card-detail-detail-column-row,alpha,a,KO,Target element has no attributes
auto-card-detail-detail-column-row,delta,a,KO,Target element has no attributes
auto-card-detail-detail-column-row,beta,a,KO,Target element has no attributes
auto-card-detail-detail-column-row,gamma,a,OK,
auto-card-detail-detail-column-row,epsilon,b,OK,
auto-card-detail-detail-column-row,alpha,b,KO,Target element has no valid candidate attributes
auto-card-detail-detail-column-row,delta,b,KO,Target element has no valid candidate attributes
auto-card-detail-detail-column-row,beta,b,KO,Target element has no valid candidate attributes
auto-card-detail-detail-column-row,gamma,b,OK,
auto-card-detail-detail-column-row,epsilon,c,KO,Target element has no id attribute
auto-card-detail-detail-column-row,alpha,c,KO,Target element has no id attribute
auto-card-detail-detail-column-row,delta,c,KO,Target element has no id attribute
auto-card-detail-detail-column-row,beta,c,KO,Target element has no id attribute
auto-card-detail-detail-column-row,gamma,c,KO,Target element has no id attribute
auto-card-detail-detail-column-row,epsilon,d,KO,Target element text content is empty
auto-card-detail-detail-column-row,alpha,d,KO,Target element text content is empty
auto-card-detail-detail-column-row,delta,d,KO,Target element text content is empty
auto-card-detail-detail-column-row,beta,d,KO,Target element text content is empty
auto-card-detail-detail-column-row,gamma,d,KO,Target element text content is empty
auto-card-detail-detail-column-row,epsilon,e,KO,Target element text content is empty
auto-card-detail-detail-column-row,alpha,e,KO,Target element text content is empty
auto-card-detail-detail-column-row,delta,e,KO,Target element text content is empty
auto-card-detail-detail-column-row,beta,e,KO,Target element text content is empty
auto-card-detail-detail-column-row,gamma,e,KO,Target element text content is empty
auto-card-detail-detail-column-row,epsilon,f,OK,
auto-card-detail-detail-column-row,alpha,f,OK,
auto-card-detail-detail-column-row,delta,f,OK,
auto-card-detail-detail-column-row,beta,f,KO,The parent is null or empty
auto-card-detail-detail-column-row,gamma,f,OK,
auto-card-detail-detail-column-row,epsilon,g,OK,
auto-card-detail-detail-column-row,alpha,g,OK,
auto-card-detail-detail-column-row,delta,g,OK,
auto-card-detail-detail-column-row,beta,g,OK,
auto-card-detail-detail-column-row,gamma,g,OK,
auto-card-detail-detail-column-row,epsilon,h,OK,
auto-card-detail-detail-column-row,alpha,h,OK,
auto-card-detail-detail-column-row,delta,h,OK,
auto-card-detail-detail-column-row,beta,h,OK,
auto-card-detail-detail-column-row,gamma,h,OK,
auto-card-detail-detail-column-row,epsilon,i,OK,
auto-card-detail-detail-column-row,alpha,i,OK,
auto-card-detail-detail-column-row,delta,i,OK,
auto-card-detail-detail-column-row,beta,i,OK,
auto-card-detail-detail-column-row,gamma,i,OK,
auto-card-detail-detail-column-row,epsilon,j,OK,
auto-card-detail-detail-column-row,alpha,j,OK,
auto-card-detail-detail-column-row,delta,j,OK,
auto-card-detail-detail-column-row,beta,j,OK,
auto-card-detail-detail-column-row,gamma,j,OK,
auto-card-detail-detail-column-row,epsilon,k,OK,
auto-card-detail-detail-column-row,alpha,k,OK,
auto-card-detail-detail-column-row,delta,k,OK,
auto-card-detail-detail-column-row,beta,k,OK,
auto-card-detail-detail-column-row,gamma,k,OK,
auto-card-detail-detail-column-label,epsilon,a,OK,
auto-card-detail-detail-column-label,alpha,a,KO,Target element has no attributes
auto-card-detail-detail-column-label,delta,a,OK,
auto-card-detail-detail-column-label,beta,a,KO,Target element has no attributes
auto-card-detail-detail-column-label,gamma,a,KO,Target element has no attributes
auto-card-detail-detail-column-label,epsilon,b,OK,
auto-card-detail-detail-column-label,alpha,b,KO,Target element has no valid candidate attributes
auto-card-detail-detail-column-label,delta,b,OK,
auto-card-detail-detail-column-label,beta,b,KO,Target element has no valid candidate attributes
auto-card-detail-detail-column-label,gamma,b,KO,Target element has no valid candidate attributes
auto-card-detail-detail-column-label,epsilon,c,KO,Target element has no id attribute
auto-card-detail-detail-column-label,alpha,c,KO,Target element has no id attribute
auto-card-detail-detail-column-label,delta,c,KO,Target element has no id attribute
auto-card-detail-detail-column-label,beta,c,KO,Target element has no id attribute
auto-card-detail-detail-column-label,gamma,c,KO,Target element has no id attribute
auto-card-detail-detail-column-label,epsilon,d,KO,Target element text content is empty
auto-card-detail-detail-column-label,alpha,d,OK,
auto-card-detail-detail-column-label,delta,d,OK,
auto-card-detail-detail-column-label,beta,d,KO,Target element text content is empty
auto-card-detail-detail-column-label,gamma,d,KO,Target element text content is empty
auto-card-detail-detail-column-label,epsilon,e,KO,Target element text content is empty
auto-card-detail-detail-column-label,alpha,e,OK,
auto-card-detail-detail-column-label,delta,e,OK,
auto-card-detail-detail-column-label,beta,e,KO,Target element text content is empty
auto-card-detail-detail-column-label,gamma,e,KO,Target element text content is empty
auto-card-detail-detail-column-label,epsilon,f,OK,
auto-card-detail-detail-column-label,alpha,f,OK,
auto-card-detail-detail-column-label,delta,f,OK,
auto-card-detail-detail-column-label,beta,f,OK,
auto-card-detail-detail-column-label,gamma,f,KO,The parent is null or empty
auto-card-detail-detail-column-label,epsilon,g,OK,
auto-card-detail-detail-column-label,alpha,g,OK,
auto-card-detail-detail-column-label,delta,g,OK,
auto-card-detail-detail-column-label,beta,g,OK,
auto-card-detail-detail-column-label,gamma,g,OK,
auto-card-detail-detail-column-label,epsilon,h,OK,
auto-card-detail-detail-column-label,alpha,h,OK,
auto-card-detail-detail-column-label,delta,h,OK,
auto-card-detail-detail-column-label,beta,h,OK,
auto-card-detail-detail-column-label,gamma,h,OK,
auto-card-detail-detail-column-label,epsilon,i,OK,
auto-card-detail-detail-column-label,alpha,i,OK,
auto-card-detail-detail-column-label,delta,i,OK,
auto-card-detail-detail-column-label,beta,i,OK,
auto-card-detail-detail-column-label,gamma,i,OK,
auto-card-detail-detail-column-label,epsilon,j,OK,
auto-card-detail-detail-column-label,alpha,j,OK,
auto-card-detail-detail-column-label,delta,j,OK,
auto-card-detail-detail-column-label,beta,j,OK,
auto-card-detail-detail-column-label,gamma,j,OK,
auto-card-detail-detail-column-label,epsilon,k,OK,
auto-card-detail-detail-column-label,alpha,k,OK,
auto-card-detail-detail-column-label,delta,k,OK,
auto-card-detail-detail-column-label,beta,k,OK,
auto-card-detail-detail-column-label,gamma,k,OK,
auto-card-detail-detail-tags-row,epsilon,a,OK,
auto-card-detail-detail-tags-row,alpha,a,KO,Target element has no attributes
auto-card-detail-detail-tags-row,delta,a,KO,Target element has no attributes
auto-card-detail-detail-tags-row,beta,a,KO,Target element has no attributes
auto-card-detail-detail-tags-row,gamma,a,OK,
auto-card-detail-detail-tags-row,epsilon,b,OK,
auto-card-detail-detail-tags-row,alpha,b,KO,Target element has no valid candidate attributes
auto-card-detail-detail-tags-row,delta,b,KO,Target element has no valid candidate attributes
auto-card-detail-detail-tags-row,beta,b,KO,Target element has no valid candidate attributes
auto-card-detail-detail-tags-row,gamma,b,OK,
auto-card-detail-detail-tags-row,epsilon,c,KO,Target element has no id attribute
auto-card-detail-detail-tags-row,alpha,c,KO,Target element has no id attribute
auto-card-detail-detail-tags-row,delta,c,KO,Target element has no id attribute
auto-card-detail-detail-tags-row,beta,c,KO,Target element has no id attribute
auto-card-detail-detail-tags-row,gamma,c,KO,Target element has no id attribute
auto-card-detail-detail-tags-row,epsilon,d,KO,Target element text content is empty
auto-card-detail-detail-tags-row,alpha,d,KO,Target element text content is empty
auto-card-detail-detail-tags-row,delta,d,KO,Target element text content is empty
auto-card-detail-detail-tags-row,beta,d,KO,Target element text content is empty
auto-card-detail-detail-tags-row,gamma,d,KO,Target element text content is empty
auto-card-detail-detail-tags-row,epsilon,e,KO,Target element text content is empty
auto-card-detail-detail-tags-row,alpha,e,KO,Target element text content is empty
auto-card-detail-detail-tags-row,delta,e,KO,Target element text content is empty
auto-card-detail-detail-tags-row,beta,e,KO,Target element text content is empty
auto-card-detail-detail-tags-row,gamma,e,KO,Target element text content is empty
auto-card-detail-detail-tags-row,epsilon,f,OK,
auto-card-detail-detail-tags-row,alpha,f,OK,
auto-card-detail-detail-tags-row,delta,f,OK,
auto-card-detail-detail-tags-row,beta,f,KO,The parent is null or empty
auto-card-detail-detail-tags-row,gamma,f,OK,
auto-card-detail-detail-tags-row,epsilon,g,OK,
auto-card-detail-detail-tags-row,alpha,g,OK,
auto-card-detail-detail-tags-row,delta,g,OK,
auto-card-detail-detail-tags-row,beta,g,OK,
auto-card-detail-detail-tags-row,gamma,g,OK,
auto-card-detail-detail-tags-row,epsilon,h,OK,
auto-card-detail-detail-tags-row,alpha,h,OK,
auto-card-detail-detail-tags-row,delta,h,OK,
auto-card-detail-detail-tags-row,beta,h,OK,
auto-card-detail-detail-tags-row,gamma,h,OK,
auto-card-detail-detail-tags-row,epsilon,i,OK,
auto-card-detail-detail-tags-row,alpha,i,OK,
auto-card-detail-detail-tags-row,delta,i,OK,
auto-card-detail-detail-tags-row,beta,i,OK,
auto-card-detail-detail-tags-row,gamma,i,OK,
auto-card-detail-detail-tags-row,epsilon,j,OK,
auto-card-detail-detail-tags-row,alpha,j,OK,
auto-card-detail-detail-tags-row,delta,j,OK,
auto-card-detail-detail-tags-row,beta,j,OK,
auto-card-detail-detail-tags-row,gamma,j,OK,
auto-card-detail-detail-tags-row,epsilon,k,OK,
auto-card-detail-detail-tags-row,alpha,k,OK,
auto-card-detail-detail-tags-row,delta,k,OK,
auto-card-detail-detail-tags-row,beta,k,OK,
auto-card-detail-detail-tags-row,gamma,k,OK,
auto-card-detail-detail-tags-label,epsilon,a,OK,
auto-card-detail-detail-tags-label,alpha,a,KO,Target element has no attributes
auto-card-detail-detail-tags-label,delta,a,KO,Target element has no attributes
auto-card-detail-detail-tags-label,beta,a,KO,Target element has no attributes
auto-card-detail-detail-tags-label,gamma,a,KO,Target element has no attributes
auto-card-detail-detail-tags-label,epsilon,b,OK,
auto-card-detail-detail-tags-label,alpha,b,KO,Target element has no valid candidate attributes
auto-card-detail-detail-tags-label,delta,b,KO,Target element has no valid candidate attributes
auto-card-detail-detail-tags-label,beta,b,KO,Target element has no valid candidate attributes
auto-card-detail-detail-tags-label,gamma,b,KO,Target element has no valid candidate attributes
auto-card-detail-detail-tags-label,epsilon,c,KO,Target element has no id attribute
auto-card-detail-detail-tags-label,alpha,c,KO,Target element has no id attribute
auto-card-detail-detail-tags-label,delta,c,KO,Target element has no id attribute
auto-card-detail-detail-tags-label,beta,c,KO,Target element has no id attribute
auto-card-detail-detail-tags-label,gamma,c,KO,Target element has no id attribute
auto-card-detail-detail-tags-label,epsilon,d,KO,Target element text content is empty
auto-card-detail-detail-tags-label,alpha,d,OK,
auto-card-detail-detail-tags-label,delta,d,OK,
auto-card-detail-detail-tags-label,beta,d,KO,Target element text content is empty
auto-card-detail-detail-tags-label,gamma,d,KO,Target element text content is empty
auto-card-detail-detail-tags-label,epsilon,e,KO,Target element text content is empty
auto-card-detail-detail-tags-label,alpha,e,OK,
auto-card-detail-detail-tags-label,delta,e,OK,
auto-card-detail-detail-tags-label,beta,e,KO,Target element text content is empty
auto-card-detail-detail-tags-label,gamma,e,KO,Target element text content is empty
auto-card-detail-detail-tags-label,epsilon,f,OK,
auto-card-detail-detail-tags-label,alpha,f,OK,
auto-card-detail-detail-tags-label,delta,f,OK,
auto-card-detail-detail-tags-label,beta,f,OK,
auto-card-detail-detail-tags-label,gamma,f,KO,The parent is null or empty
auto-card-detail-detail-tags-label,epsilon,g,OK,
auto-card-detail-detail-tags-label,alpha,g,OK,
auto-card-detail-detail-tags-label,delta,g,OK,
auto-card-detail-detail-tags-label,beta,g,OK,
auto-card-detail-detail-tags-label,gamma,g,OK,
auto-card-detail-detail-tags-label,epsilon,h,OK,
auto-card-detail-detail-tags-label,alpha,h,OK,
auto-card-detail-detail-tags-label,delta,h,OK,
auto-card-detail-detail-tags-label,beta,h,OK,
auto-card-detail-detail-tags-label,gamma,h,OK,
auto-card-detail-detail-tags-label,epsilon,i,OK,
auto-card-detail-detail-tags-label,alpha,i,OK,
auto-card-detail-detail-tags-label,delta,i,OK,
auto-card-detail-detail-tags-label,beta,i,OK,
auto-card-detail-detail-tags-label,gamma,i,OK,
auto-card-detail-detail-tags-label,epsilon,j,OK,
auto-card-detail-detail-tags-label,alpha,j,OK,
auto-card-detail-detail-tags-label,delta,j,OK,
auto-card-detail-detail-tags-label,beta,j,OK,
auto-card-detail-detail-tags-label,gamma,j,OK,
auto-card-detail-detail-tags-label,epsilon,k,OK,
auto-card-detail-detail-tags-label,alpha,k,OK,
auto-card-detail-detail-tags-label,delta,k,OK,
auto-card-detail-detail-tags-label,beta,k,OK,
auto-card-detail-detail-tags-label,gamma,k,OK,
auto-card-detail-detail-no-tags,epsilon,a,OK,
auto-card-detail-detail-no-tags,alpha,a,KO,Target element has no attributes
auto-card-detail-detail-no-tags,delta,a,OK,
auto-card-detail-detail-no-tags,beta,a,KO,Target element has no attributes
auto-card-detail-detail-no-tags,gamma,a,KO,Target element has no attributes
auto-card-detail-detail-no-tags,epsilon,b,OK,
auto-card-detail-detail-no-tags,alpha,b,KO,Target element has no valid candidate attributes
auto-card-detail-detail-no-tags,delta,b,OK,
auto-card-detail-detail-no-tags,beta,b,KO,Target element has no valid candidate attributes
auto-card-detail-detail-no-tags,gamma,b,KO,Target element has no valid candidate attributes
auto-card-detail-detail-no-tags,epsilon,c,KO,Target element has no id attribute
auto-card-detail-detail-no-tags,alpha,c,KO,Target element has no id attribute
auto-card-detail-detail-no-tags,delta,c,KO,Target element has no id attribute
auto-card-detail-detail-no-tags,beta,c,KO,Target element has no id attribute
auto-card-detail-detail-no-tags,gamma,c,KO,Target element has no id attribute
auto-card-detail-detail-no-tags,epsilon,d,KO,Target element text content is empty
auto-card-detail-detail-no-tags,alpha,d,OK,
auto-card-detail-detail-no-tags,delta,d,OK,
auto-card-detail-detail-no-tags,beta,d,OK,
auto-card-detail-detail-no-tags,gamma,d,KO,Target element text content is empty
auto-card-detail-detail-no-tags,epsilon,e,KO,Target element text content is empty
auto-card-detail-detail-no-tags,alpha,e,OK,
auto-card-detail-detail-no-tags,delta,e,OK,
auto-card-detail-detail-no-tags,beta,e,OK,
auto-card-detail-detail-no-tags,gamma,e,KO,Target element text content is empty
auto-card-detail-detail-no-tags,epsilon,f,OK,
auto-card-detail-detail-no-tags,alpha,f,OK,
auto-card-detail-detail-no-tags,delta,f,OK,
auto-card-detail-detail-no-tags,beta,f,OK,
auto-card-detail-detail-no-tags,gamma,f,OK,
auto-card-detail-detail-no-tags,epsilon,g,OK,
auto-card-detail-detail-no-tags,alpha,g,OK,
auto-card-detail-detail-no-tags,delta,g,OK,
auto-card-detail-detail-no-tags,beta,g,OK,
auto-card-detail-detail-no-tags,gamma,g,OK,
auto-card-detail-detail-no-tags,epsilon,h,OK,
auto-card-detail-detail-no-tags,alpha,h,OK,
auto-card-detail-detail-no-tags,delta,h,OK,
auto-card-detail-detail-no-tags,beta,h,OK,
auto-card-detail-detail-no-tags,gamma,h,OK,
auto-card-detail-detail-no-tags,epsilon,i,OK,
auto-card-detail-detail-no-tags,alpha,i,OK,
auto-card-detail-detail-no-tags,delta,i,OK,
auto-card-detail-detail-no-tags,beta,i,OK,
auto-card-detail-detail-no-tags,gamma,i,OK,
auto-card-detail-detail-no-tags,epsilon,j,OK,
auto-card-detail-detail-no-tags,alpha,j,OK,
auto-card-detail-detail-no-tags,delta,j,OK,
auto-card-detail-detail-no-tags,beta,j,OK,
auto-card-detail-detail-no-tags,gamma,j,OK,
auto-card-detail-detail-no-tags,epsilon,k,OK,
auto-card-detail-detail-no-tags,alpha,k,OK,
auto-card-detail-detail-no-tags,delta,k,OK,
auto-card-detail-detail-no-tags,beta,k,OK,
auto-card-detail-detail-no-tags,gamma,k,OK,
auto-card-detail-detail-actions,alpha,a,KO,Target element has no attributes
auto-card-detail-detail-actions,delta,a,OK,
auto-card-detail-detail-actions,beta,a,OK,
auto-card-detail-detail-actions,gamma,a,KO,Target element has no attributes
auto-card-detail-detail-actions,alpha,b,KO,Target element has no valid candidate attributes
auto-card-detail-detail-actions,delta,b,OK,
auto-card-detail-detail-actions,beta,b,OK,
auto-card-detail-detail-actions,gamma,b,KO,Target element has no valid candidate attributes
auto-card-detail-detail-actions,alpha,c,KO,Target element has no id attribute
auto-card-detail-detail-actions,delta,c,KO,Target element has no id attribute
auto-card-detail-detail-actions,beta,c,KO,Target element has no id attribute
auto-card-detail-detail-actions,gamma,c,KO,Target element has no id attribute
auto-card-detail-detail-actions,alpha,d,KO,Target element text content is empty
auto-card-detail-detail-actions,delta,d,KO,Target element text content is empty
auto-card-detail-detail-actions,beta,d,KO,Target element text content is empty
auto-card-detail-detail-actions,gamma,d,OK,
auto-card-detail-detail-actions,alpha,e,KO,Target element text content is empty
auto-card-detail-detail-actions,delta,e,KO,Target element text content is empty
auto-card-detail-detail-actions,beta,e,KO,Target element text content is empty
auto-card-detail-detail-actions,gamma,e,OK,
auto-card-detail-detail-actions,alpha,f,OK,
auto-card-detail-detail-actions,delta,f,OK,
auto-card-detail-detail-actions,beta,f,OK,
auto-card-detail-detail-actions,gamma,f,KO,The parent is null or empty
auto-card-detail-detail-actions,alpha,g,OK,
auto-card-detail-detail-actions,delta,g,OK,
auto-card-detail-detail-actions,beta,g,OK,
auto-card-detail-detail-actions,gamma,g,OK,
auto-card-detail-detail-actions,alpha,h,OK,
auto-card-detail-detail-actions,delta,h,OK,
auto-card-detail-detail-actions,beta,h,OK,
auto-card-detail-detail-actions,gamma,h,OK,
auto-card-detail-detail-actions,alpha,i,OK,
auto-card-detail-detail-actions,delta,i,OK,
auto-card-detail-detail-actions,beta,i,OK,
auto-card-detail-detail-actions,gamma,i,OK,
auto-card-detail-detail-actions,alpha,j,OK,
auto-card-detail-detail-actions,delta,j,OK,
auto-card-detail-detail-actions,beta,j,OK,
auto-card-detail-detail-actions,gamma,j,OK,
auto-card-detail-detail-actions,alpha,k,OK,
auto-card-detail-detail-actions,delta,k,OK,
auto-card-detail-detail-actions,beta,k,OK,
auto-card-detail-detail-actions,gamma,k,OK,
auto-card-detail-detail-not-found,alpha,a,KO,Target element has no attributes
auto-card-detail-detail-not-found,delta,a,OK,
auto-card-detail-detail-not-found,beta,a,KO,Target element has no attributes
auto-card-detail-detail-not-found,alpha,b,KO,Target element has no valid candidate attributes
auto-card-detail-detail-not-found,delta,b,OK,
auto-card-detail-detail-not-found,beta,b,KO,Target element has no valid candidate attributes
auto-card-detail-detail-not-found,alpha,c,KO,Target element has no id attribute
auto-card-detail-detail-not-found,delta,c,KO,Target element has no id attribute
auto-card-detail-detail-not-found,beta,c,KO,Target element has no id attribute
auto-card-detail-detail-not-found,alpha,d,KO,Target element text content is empty
auto-card-detail-detail-not-found,delta,d,KO,Target element text content is empty
auto-card-detail-detail-not-found,beta,d,OK,
auto-card-detail-detail-not-found,alpha,e,KO,Target element text content is empty
auto-card-detail-detail-not-found,delta,e,KO,Target element text content is empty
auto-card-detail-detail-not-found,beta,e,KO,Target element text content is empty
auto-card-detail-detail-not-found,alpha,f,OK,
auto-card-detail-detail-not-found,delta,f,OK,
auto-card-detail-detail-not-found,beta,f,KO,The parent is null or empty
auto-card-detail-detail-not-found,alpha,g,OK,
auto-card-detail-detail-not-found,delta,g,OK,
auto-card-detail-detail-not-found,beta,g,OK,
auto-card-detail-detail-not-found,alpha,h,OK,
auto-card-detail-detail-not-found,delta,h,OK,
auto-card-detail-detail-not-found,beta,h,OK,
auto-card-detail-detail-not-found,alpha,i,OK,
auto-card-detail-detail-not-found,delta,i,OK,
auto-card-detail-detail-not-found,beta,i,OK,
auto-card-detail-detail-not-found,alpha,j,OK,
auto-card-detail-detail-not-found,delta,j,OK,
auto-card-detail-detail-not-found,beta,j,OK,
auto-card-detail-detail-not-found,alpha,k,OK,
auto-card-detail-detail-not-found,delta,k,OK,
auto-card-detail-detail-not-found,beta,k,OK,
auto-card-detail-detail-not-found-message,alpha,a,KO,Target element has no attributes
auto-card-detail-detail-not-found-message,delta,a,OK,
auto-card-detail-detail-not-found-message,beta,a,KO,Target element has no attributes
auto-card-detail-detail-not-found-message,gamma,a,KO,Target element has no attributes
auto-card-detail-detail-not-found-message,alpha,b,KO,Target element has no valid candidate attributes
auto-card-detail-detail-not-found-message,delta,b,OK,
auto-card-detail-detail-not-found-message,beta,b,KO,Target element has no valid candidate attributes
auto-card-detail-detail-not-found-message,gamma,b,KO,Target element has no valid candidate attributes
auto-card-detail-detail-not-found-message,alpha,c,KO,Target element has no id attribute
auto-card-detail-detail-not-found-message,delta,c,KO,Target element has no id attribute
auto-card-detail-detail-not-found-message,beta,c,KO,Target element has no id attribute
auto-card-detail-detail-not-found-message,gamma,c,KO,Target element has no id attribute
auto-card-detail-detail-not-found-message,alpha,d,OK,
auto-card-detail-detail-not-found-message,delta,d,OK,
auto-card-detail-detail-not-found-message,beta,d,KO,Target element text content is empty
auto-card-detail-detail-not-found-message,gamma,d,KO,Target element text content is empty
auto-card-detail-detail-not-found-message,alpha,e,OK,
auto-card-detail-detail-not-found-message,delta,e,OK,
auto-card-detail-detail-not-found-message,beta,e,KO,Target element text content is empty
auto-card-detail-detail-not-found-message,gamma,e,OK,
auto-card-detail-detail-not-found-message,alpha,f,OK,
auto-card-detail-detail-not-found-message,delta,f,OK,
auto-card-detail-detail-not-found-message,beta,f,OK,
auto-card-detail-detail-not-found-message,gamma,f,KO,The parent is null or empty
auto-card-detail-detail-not-found-message,alpha,g,OK,
auto-card-detail-detail-not-found-message,delta,g,OK,
auto-card-detail-detail-not-found-message,beta,g,OK,
auto-card-detail-detail-not-found-message,gamma,g,OK,
auto-card-detail-detail-not-found-message,alpha,h,OK,
auto-card-detail-detail-not-found-message,delta,h,OK,
auto-card-detail-detail-not-found-message,beta,h,OK,
auto-card-detail-detail-not-found-message,gamma,h,OK,
auto-card-detail-detail-not-found-message,alpha,i,OK,
auto-card-detail-detail-not-found-message,delta,i,OK,
auto-card-detail-detail-not-found-message,beta,i,OK,
auto-card-detail-detail-not-found-message,gamma,i,OK,
auto-card-detail-detail-not-found-message,alpha,j,OK,
auto-card-detail-detail-not-found-message,delta,j,OK,
auto-card-detail-detail-not-found-message,beta,j,OK,
auto-card-detail-detail-not-found-message,gamma,j,OK,
auto-card-detail-detail-not-found-message,alpha,k,OK,
auto-card-detail-detail-not-found-message,delta,k,OK,
auto-card-detail-detail-not-found-message,beta,k,OK,
auto-card-detail-detail-not-found-message,gamma,k,OK,
auto-card-detail-detail-not-found-back,alpha,a,OK,
auto-card-detail-detail-not-found-back,delta,a,KO,Target element has no attributes
auto-card-detail-detail-not-found-back,beta,a,KO,Target element has no attributes
auto-card-detail-detail-not-found-back,gamma,a,KO,Target element has no attributes
auto-card-detail-detail-not-found-back,alpha,b,OK,
auto-card-detail-detail-not-found-back,delta,b,KO,Target element has no valid candidate attributes
auto-card-detail-detail-not-found-back,beta,b,KO,Target element has no valid candidate attributes
auto-card-detail-detail-not-found-back,gamma,b,KO,Target element has no valid candidate attributes
auto-card-detail-detail-not-found-back,alpha,c,KO,Target element has no id attribute
auto-card-detail-detail-not-found-back,delta,c,KO,Target element has no id attribute
auto-card-detail-detail-not-found-back,beta,c,KO,Target element has no id attribute
auto-card-detail-detail-not-found-back,gamma,c,KO,Target element has no id attribute
auto-card-detail-detail-not-found-back,alpha,d,OK,
auto-card-detail-detail-not-found-back,delta,d,OK,
auto-card-detail-detail-not-found-back,beta,d,KO,Target element text content is empty
auto-card-detail-detail-not-found-back,gamma,d,KO,Target element text content is empty
auto-card-detail-detail-not-found-back,alpha,e,OK,
auto-card-detail-detail-not-found-back,delta,e,OK,
auto-card-detail-detail-not-found-back,beta,e,KO,Target element text content is empty
auto-card-detail-detail-not-found-back,gamma,e,OK,
auto-card-detail-detail-not-found-back,alpha,f,OK,
auto-card-detail-detail-not-found-back,delta,f,OK,
auto-card-detail-detail-not-found-back,beta,f,OK,
auto-card-detail-detail-not-found-back,gamma,f,KO,The parent is null or empty
auto-card-detail-detail-not-found-back,alpha,g,OK,
auto-card-detail-detail-not-found-back,delta,g,OK,
auto-card-detail-detail-not-found-back,beta,g,OK,
auto-card-detail-detail-not-found-back,gamma,g,OK,
auto-card-detail-detail-not-found-back,alpha,h,OK,
auto-card-detail-detail-not-found-back,delta,h,OK,
auto-card-detail-detail-not-found-back,beta,h,OK,
auto-card-detail-detail-not-found-back,gamma,h,OK,
auto-card-detail-detail-not-found-back,alpha,i,OK,
auto-card-detail-detail-not-found-back,delta,i,OK,
auto-card-detail-detail-not-found-back,beta,i,OK,
auto-card-detail-detail-not-found-back,gamma,i,OK,
auto-card-detail-detail-not-found-back,alpha,j,OK,
auto-card-detail-detail-not-found-back,delta,j,OK,
auto-card-detail-detail-not-found-back,beta,j,OK,
auto-card-detail-detail-not-found-back,gamma,j,OK,
auto-card-detail-detail-not-found-back,alpha,k,OK,
auto-card-detail-detail-not-found-back,delta,k,OK,
auto-card-detail-detail-not-found-back,beta,k,OK,
auto-card-detail-detail-not-found-back,gamma,k,OK,
auto-stats-stats,alpha,a,KO,Target element has no attributes
auto-stats-stats,beta,a,KO,Target element has no attributes
auto-stats-stats,alpha,b,KO,Target element has no valid candidate attributes
auto-stats-stats,beta,b,KO,Target element has no attributes
auto-stats-stats,alpha,c,KO,Target element has no id attribute
auto-stats-stats,beta,c,KO,Target element has no id attribute
auto-stats-stats,alpha,d,KO,Target element text content is empty
auto-stats-stats,beta,d,KO,Target element text content is empty
auto-stats-stats,alpha,e,KO,Target element text content is empty
auto-stats-stats,beta,e,KO,Target element text content is empty
auto-stats-stats,alpha,f,KO,The parent is null or empty
auto-stats-stats,beta,f,KO,Target element with body tag cannot be mutated
auto-stats-stats,alpha,g,OK,
auto-stats-stats,beta,g,OK,
auto-stats-stats,alpha,h,OK,
auto-stats-stats,beta,h,OK,
auto-stats-stats,alpha,i,OK,
auto-stats-stats,beta,i,KO,Target element with body tag cannot be mutated
auto-stats-stats,alpha,j,OK,
auto-stats-stats,beta,j,KO,Target element with body tag cannot be mutated
auto-stats-stats,alpha,k,OK,
auto-stats-stats,beta,k,KO,Target element with body tag cannot be mutated
auto-stats-stats-heading,alpha,a,KO,Target element has no attributes
auto-stats-stats-heading,delta,a,KO,Target element has no attributes
auto-stats-stats-heading,beta,a,KO,Target element has no attributes
auto-stats-stats-heading,alpha,b,KO,Target element has no valid candidate attributes
auto-stats-stats-heading,delta,b,KO,Target element has no valid candidate attributes
auto-stats-stats-heading,beta,b,KO,Target element has no valid candidate attributes
auto-stats-stats-heading,alpha,c,KO,Target element has no id attribute
auto-stats-stats-heading,delta,c,KO,Target element has no id attribute
auto-stats-stats-heading,beta,c,KO,Target element has no id attribute
auto-stats-stats-heading,alpha,d,KO,Target element text content is empty
auto-stats-stats-heading,delta,d,KO,Target element text content is empty
auto-stats-stats-heading,beta,d,KO,Target element text content is empty
auto-stats-stats-heading,alpha,e,KO,Target element text content is empty
auto-stats-stats-heading,delta,e,KO,Target element text content is empty
auto-stats-stats-heading,beta,e,KO,Target element text content is empty
auto-stats-stats-heading,alpha,f,OK,
auto-stats-stats-heading,delta,f,OK,
auto-stats-stats-heading,beta,f,KO,The parent is null or empty
auto-stats-stats-heading,alpha,g,OK,
auto-stats-stats-heading,delta,g,OK,
auto-stats-stats-heading,beta,g,OK,
auto-stats-stats-heading,alpha,h,OK,
auto-stats-stats-heading,delta,h,OK,
auto-stats-stats-heading,beta,h,OK,
auto-stats-stats-heading,alpha,i,OK,
auto-stats-stats-heading,delta,i,OK,
auto-stats-stats-heading,beta,i,OK,
auto-stats-stats-heading,alpha,j,OK,
auto-stats-stats-heading,delta,j,OK,
auto-stats-stats-heading,beta,j,OK,
auto-stats-stats-heading,alpha,k,OK,
auto-stats-stats-heading,delta,k,OK,
auto-stats-stats-heading,beta,k,OK,
auto-stats-stats-back,alpha,a,OK,
auto-stats-stats-back,delta,a,KO,Target element has no attributes
auto-stats-stats-back,beta,a,KO,Target element has no attributes
auto-stats-stats-back,gamma,a,KO,Target element has no attributes
auto-stats-stats-back,alpha,b,OK,
auto-stats-stats-back,delta,b,KO,Target element has no valid candidate attributes
auto-stats-stats-back,beta,b,KO,Target element has no valid candidate attributes
auto-stats-stats-back,gamma,b,KO,Target element has no valid candidate attributes
auto-stats-stats-back,alpha,c,KO,Target element has no id attribute
auto-stats-stats-back,delta,c,KO,Target element has no id attribute
auto-stats-stats-back,beta,c,KO,Target element has no id attribute
auto-stats-stats-back,gamma,c,KO,Target element has no id attribute
auto-stats-stats-back,alpha,d,OK,
auto-stats-stats-back,delta,d,OK,
auto-stats-stats-back,beta,d,KO,Target element text content is empty
auto-stats-stats-back,gamma,d,KO,Target element text content is empty
auto-stats-stats-back,alpha,e,OK,
auto-stats-stats-back,delta,e,OK,
auto-stats-stats-back,beta,e,KO,Target element text content is empty
auto-stats-stats-back,gamma,e,KO,Target element text content is empty
auto-stats-stats-back,alpha,f,OK,
auto-stats-stats-back,delta,f,OK,
auto-stats-stats-back,beta,f,OK,
auto-stats-stats-back,gamma,f,KO,The parent is null or empty
auto-stats-stats-back,alpha,g,OK,
auto-stats-stats-back,delta,g,OK,
auto-stats-stats-back,beta,g,OK,
auto-stats-stats-back,gamma,g,OK,
auto-stats-stats-back,alpha,h,OK,
auto-stats-stats-back,delta,h,OK,
auto-stats-stats-back,beta,h,OK,
auto-stats-stats-back,gamma,h,OK,
auto-stats-stats-back,alpha,i,OK,
auto-stats-stats-back,delta,i,OK,
auto-stats-stats-back,beta,i,OK,
auto-stats-stats-back,gamma,i,OK,
auto-stats-stats-back,alpha,j,OK,
auto-stats-stats-back,delta,j,OK,
auto-stats-stats-back,beta,j,OK,
auto-stats-stats-back,gamma,j,OK,
auto-stats-stats-back,alpha,k,OK,
auto-stats-stats-back,delta,k,OK,
auto-stats-stats-back,beta,k,OK,
auto-stats-stats-back,gamma,k,OK,
auto-stats-stats-cards,alpha,a,KO,Target element has no attributes
auto-stats-stats-cards,delta,a,KO,Target element has no attributes
auto-stats-stats-cards,beta,a,KO,Target element has no attributes
auto-stats-stats-cards,alpha,b,KO,Target element has no valid candidate attributes
auto-stats-stats-cards,delta,b,KO,Target element has no valid candidate attributes
auto-stats-stats-cards,beta,b,KO,Target element has no valid candidate attributes
auto-stats-stats-cards,alpha,c,KO,Target element has no id attribute
auto-stats-stats-cards,delta,c,KO,Target element has no id attribute
auto-stats-stats-cards,beta,c,KO,Target element has no id attribute
auto-stats-stats-cards,alpha,d,KO,Target element text content is empty
auto-stats-stats-cards,delta,d,KO,Target element text content is empty
auto-stats-stats-cards,beta,d,KO,Target element text content is empty
auto-stats-stats-cards,alpha,e,KO,Target element text content is empty
auto-stats-stats-cards,delta,e,KO,Target element text content is empty
auto-stats-stats-cards,beta,e,KO,Target element text content is empty
auto-stats-stats-cards,alpha,f,OK,
auto-stats-stats-cards,delta,f,OK,
auto-stats-stats-cards,beta,f,KO,The parent is null or empty
auto-stats-stats-cards,alpha,g,OK,
auto-stats-stats-cards,delta,g,OK,
auto-stats-stats-cards,beta,g,OK,
auto-stats-stats-cards,alpha,h,OK,
auto-stats-stats-cards,delta,h,OK,
auto-stats-stats-cards,beta,h,OK,
auto-stats-stats-cards,alpha,i,OK,
auto-stats-stats-cards,delta,i,OK,
auto-stats-stats-cards,beta,i,OK,
auto-stats-stats-cards,alpha,j,OK,
auto-stats-stats-cards,delta,j,OK,
auto-stats-stats-cards,beta,j,OK,
auto-stats-stats-cards,alpha,k,OK,
auto-stats-stats-cards,delta,k,OK,
auto-stats-stats-cards,beta,k,OK,
auto-stats-stat-total-card,alpha,a,OK,
auto-stats-stat-total-card,delta,a,OK,
auto-stats-stat-total-card,beta,a,KO,Target element has no attributes
auto-stats-stat-total-card,gamma,a,KO,Target element has no attributes
auto-stats-stat-total-card,alpha,b,OK,
auto-stats-stat-total-card,delta,b,OK,
auto-stats-stat-total-card,beta,b,KO,Target element has no valid candidate attributes
auto-stats-stat-total-card,gamma,b,KO,Target element has no valid candidate attributes
auto-stats-stat-total-card,alpha,c,KO,Target element has no id attribute
auto-stats-stat-total-card,delta,c,KO,Target element has no id attribute
auto-stats-stat-total-card,beta,c,KO,Target element has no id attribute
auto-stats-stat-total-card,gamma,c,KO,Target element has no id attribute
auto-stats-stat-total-card,alpha,d,KO,Target element text content is empty
auto-stats-stat-total-card,delta,d,KO,Target element text content is empty
auto-stats-stat-total-card,beta,d,KO,Target element text content is empty
auto-stats-stat-total-card,gamma,d,KO,Target element text content is empty
auto-stats-stat-total-card,alpha,e,KO,Target element text content is empty
auto-stats-stat-total-card,delta,e,KO,Target element text content is empty
auto-stats-stat-total-card,beta,e,KO,Target element text content is empty
auto-stats-stat-total-card,gamma,e,KO,Target element text content is empty
auto-stats-stat-total-card,alpha,f,OK,
auto-stats-stat-total-card,delta,f,OK,
auto-stats-stat-total-card,beta,f,OK,
auto-stats-stat-total-card,gamma,f,KO,The parent is null or empty
auto-stats-stat-total-card,alpha,g,OK,
auto-stats-stat-total-card,delta,g,OK,
auto-stats-stat-total-card,beta,g,OK,
auto-stats-stat-total-card,gamma,g,OK,
auto-stats-stat-total-card,alpha,h,OK,
auto-stats-stat-total-card,delta,h,OK,
auto-stats-stat-total-card,beta,h,OK,
auto-stats-stat-total-card,gamma,h,OK,
auto-stats-stat-total-card,alpha,i,OK,
auto-stats-stat-total-card,delta,i,OK,
auto-stats-stat-total-card,beta,i,OK,
auto-stats-stat-total-card,gamma,i,OK,
auto-stats-stat-total-card,alpha,j,OK,
auto-stats-stat-total-card,delta,j,OK,
auto-stats-stat-total-card,beta,j,OK,
auto-stats-stat-total-card,gamma,j,OK,
auto-stats-stat-total-card,alpha,k,OK,
auto-stats-stat-total-card,delta,k,OK,
auto-stats-stat-total-card,beta,k,OK,
auto-stats-stat-total-card,gamma,k,OK,
auto-stats-stat-total-label,alpha,a,KO,Target element has no attributes
auto-stats-stat-total-label,delta,a,KO,Target element has no attributes
auto-stats-stat-total-label,beta,a,OK,
auto-stats-stat-total-label,gamma,a,KO,Target element has no attributes
auto-stats-stat-total-label,alpha,b,KO,Target element has no valid candidate attributes
auto-stats-stat-total-label,delta,b,KO,Target element has no valid candidate attributes
auto-stats-stat-total-label,beta,b,OK,
auto-stats-stat-total-label,gamma,b,KO,Target element has no valid candidate attributes
auto-stats-stat-total-label,alpha,c,KO,Target element has no id attribute
auto-stats-stat-total-label,delta,c,KO,Target element has no id attribute
auto-stats-stat-total-label,beta,c,KO,Target element has no id attribute
auto-stats-stat-total-label,gamma,c,KO,Target element has no id attribute
auto-stats-stat-total-label,alpha,d,OK,
auto-stats-stat-total-label,delta,d,OK,
auto-stats-stat-total-label,beta,d,KO,Target element text content is empty
auto-stats-stat-total-label,gamma,d,KO,Target element text content is empty
auto-stats-stat-total-label,alpha,e,OK,
auto-stats-stat-total-label,delta,e,OK,
auto-stats-stat-total-label,beta,e,KO,Target element text content is empty
auto-stats-stat-total-label,gamma,e,KO,Target element text content is empty
auto-stats-stat-total-label,alpha,f,OK,
auto-stats-stat-total-label,delta,f,OK,
auto-stats-stat-total-label,beta,f,OK,
auto-stats-stat-total-label,gamma,f,OK,
auto-stats-stat-total-label,alpha,g,OK,
auto-stats-stat-total-label,delta,g,OK,
auto-stats-stat-total-label,beta,g,OK,
auto-stats-stat-total-label,gamma,g,OK,
auto-stats-stat-total-label,alpha,h,OK,
auto-stats-stat-total-label,delta,h,OK,
auto-stats-stat-total-label,beta,h,OK,
auto-stats-stat-total-label,gamma,h,OK,
auto-stats-stat-total-label,alpha,i,OK,
auto-stats-stat-total-label,delta,i,OK,
auto-stats-stat-total-label,beta,i,OK,
auto-stats-stat-total-label,gamma,i,OK,
auto-stats-stat-total-label,alpha,j,OK,
auto-stats-stat-total-label,delta,j,OK,
auto-stats-stat-total-label,beta,j,OK,
auto-stats-stat-total-label,gamma,j,OK,
auto-stats-stat-total-label,alpha,k,OK,
auto-stats-stat-total-label,delta,k,OK,
auto-stats-stat-total-label,beta,k,OK,
auto-stats-stat-total-label,gamma,k,OK,
auto-stats-stat-backlog-card,alpha,a,OK,
auto-stats-stat-backlog-card,delta,a,OK,
auto-stats-stat-backlog-card,beta,a,KO,Target element has no attributes
auto-stats-stat-backlog-card,gamma,a,KO,Target element has no attributes
auto-stats-stat-backlog-card,alpha,b,OK,
auto-stats-stat-backlog-card,delta,b,OK,
auto-stats-stat-backlog-card,beta,b,KO,Target element has no valid candidate attributes
auto-stats-stat-backlog-card,gamma,b,KO,Target element has no valid candidate attributes
auto-stats-stat-backlog-card,alpha,c,KO,Target element has no id attribute
auto-stats-stat-backlog-card,delta,c,KO,Target element has no id attribute
auto-stats-stat-backlog-card,beta,c,KO,Target element has no id attribute
auto-stats-stat-backlog-card,gamma,c,KO,Target element has no id attribute
auto-stats-stat-backlog-card,alpha,d,KO,Target element text content is empty
auto-stats-stat-backlog-card,delta,d,KO,Target element text content is empty
auto-stats-stat-backlog-card,beta,d,KO,Target element text content is empty
auto-stats-stat-backlog-card,gamma,d,KO,Target element text content is empty
auto-stats-stat-backlog-card,alpha,e,KO,Target element text content is empty
auto-stats-stat-backlog-card,delta,e,KO,Target element text content is empty
auto-stats-stat-backlog-card,beta,e,KO,Target element text content is empty
auto-stats-stat-backlog-card,gamma,e,KO,Target element text content is empty
auto-stats-stat-backlog-card,alpha,f,OK,
auto-stats-stat-backlog-card,delta,f,OK,
auto-stats-stat-backlog-card,beta,f,OK,
auto-stats-stat-backlog-card,gamma,f,KO,The parent is null or empty
auto-stats-stat-backlog-card,alpha,g,OK,
auto-stats-stat-backlog-card,delta,g,OK,
auto-stats-stat-backlog-card,beta,g,OK,
auto-stats-stat-backlog-card,gamma,g,OK,
auto-stats-stat-backlog-card,alpha,h,OK,
auto-stats-stat-backlog-card,delta,h,OK,
auto-stats-stat-backlog-card,beta,h,OK,
auto-stats-stat-backlog-card,gamma,h,OK,
auto-stats-stat-backlog-card,alpha,i,OK,
auto-stats-stat-backlog-card,delta,i,OK,
auto-stats-stat-backlog-card,beta,i,OK,
auto-stats-stat-backlog-card,gamma,i,OK,
auto-stats-stat-backlog-card,alpha,j,OK,
auto-stats-stat-backlog-card,delta,j,OK,
auto-stats-stat-backlog-card,beta,j,OK,
auto-stats-stat-backlog-card,gamma,j,OK,
auto-stats-stat-backlog-card,alpha,k,OK,
auto-stats-stat-backlog-card,delta,k,OK,
auto-stats-stat-backlog-card,beta,k,OK,
auto-stats-stat-backlog-card,gamma,k,OK,
auto-stats-stat-backlog-label,alpha,a,KO,Target element has no attributes
auto-stats-stat-backlog-label,delta,a,KO,Target element has no attributes
auto-stats-stat-backlog-label,beta,a,OK,
auto-stats-stat-backlog-label,gamma,a,KO,Target element has no attributes
auto-stats-stat-backlog-label,alpha,b,KO,Target element has no valid candidate attributes
auto-stats-stat-backlog-label,delta,b,KO,Target element has no valid candidate attributes
auto-stats-stat-backlog-label,beta,b,OK,
auto-stats-stat-backlog-label,gamma,b,KO,Target element has no valid candidate attributes
auto-stats-stat-backlog-label,alpha,c,KO,Target element has no id attribute
auto-stats-stat-backlog-label,delta,c,KO,Target element has no id attribute
auto-stats-stat-backlog-label,beta,c,KO,Target element has no id attribute
auto-stats-stat-backlog-label,gamma,c,KO,Target element has no id attribute
auto-stats-stat-backlog-label,alpha,d,OK,
auto-stats-stat-backlog-label,delta,d,OK,
auto-stats-stat-backlog-label,beta,d,KO,Target element text content is empty
auto-stats-stat-backlog-label,gamma,d,KO,Target element text content is empty
auto-stats-stat-backlog-label,alpha,e,OK,
auto-stats-stat-backlog-label,delta,e,OK,
auto-stats-stat-backlog-label,beta,e,KO,Target element text content is empty
auto-stats-stat-backlog-label,gamma,e,KO,Target element text content is empty
auto-stats-stat-backlog-label,alpha,f,OK,
auto-stats-stat-backlog-label,delta,f,OK,
auto-stats-stat-backlog-label,beta,f,OK,
auto-stats-stat-backlog-label,gamma,f,OK,
auto-stats-stat-backlog-label,alpha,g,OK,
auto-stats-stat-backlog-label,delta,g,OK,
auto-stats-stat-backlog-label,beta,g,OK,
auto-stats-stat-backlog-label,gamma,g,OK,
auto-stats-stat-backlog-label,alpha,h,OK,
auto-stats-stat-backlog-label,delta,h,OK,
auto-stats-stat-backlog-label,beta,h,OK,
auto-stats-stat-backlog-label,gamma,h,OK,
auto-stats-stat-backlog-label,alpha,i,OK,
auto-stats-stat-backlog-label,delta,i,OK,
auto-stats-stat-backlog-label,beta,i,OK,
auto-stats-stat-backlog-label,gamma,i,OK,
auto-stats-stat-backlog-label,alpha,j,OK,
auto-stats-stat-backlog-label,delta,j,OK,
auto-stats-stat-backlog-label,beta,j,OK,
auto-stats-stat-backlog-label,gamma,j,OK,
auto-stats-stat-backlog-label,alpha,k,OK,
auto-stats-stat-backlog-label,delta,k,OK,
auto-stats-stat-backlog-label,beta,k,OK,
auto-stats-stat-backlog-label,gamma,k,OK,
auto-stats-stat-inprogress-card,alpha,a,OK,
auto-stats-stat-inprogress-card,delta,a,OK,
auto-stats-stat-inprogress-card,beta,a,KO,Target element has no attributes
auto-stats-stat-inprogress-card,gamma,a,KO,Target element has no attributes
auto-stats-stat-inprogress-card,alpha,b,OK,
auto-stats-stat-inprogress-card,delta,b,OK,
auto-stats-stat-inprogress-card,beta,b,KO,Target element has no valid candidate attributes
auto-stats-stat-inprogress-card,gamma,b,KO,Target element has no valid candidate attributes
auto-stats-stat-inprogress-card,alpha,c,KO,Target element has no id attribute
auto-stats-stat-inprogress-card,delta,c,KO,Target element has no id attribute
auto-stats-stat-inprogress-card,beta,c,KO,Target element has no id attribute
auto-stats-stat-inprogress-card,gamma,c,KO,Target element has no id attribute
auto-stats-stat-inprogress-card,alpha,d,KO,Target element text content is empty
auto-stats-stat-inprogress-card,delta,d,KO,Target element text content is empty
auto-stats-stat-inprogress-card,beta,d,KO,Target element text content is empty
auto-stats-stat-inprogress-card,gamma,d,KO,Target element text content is empty
auto-stats-stat-inprogress-card,alpha,e,KO,Target element text content is empty
auto-stats-stat-inprogress-card,delta,e,KO,Target element text content is empty
auto-stats-stat-inprogress-card,beta,e,KO,Target element text content is empty
auto-stats-stat-inprogress-card,gamma,e,KO,Target element text content is empty
auto-stats-stat-inprogress-card,alpha,f,OK,
auto-stats-stat-inprogress-card,delta,f,OK,
auto-stats-stat-inprogress-card,beta,f,OK,
auto-stats-stat-inprogress-card,gamma,f,KO,The parent is null or empty
auto-stats-stat-inprogress-card,alpha,g,OK,
auto-stats-stat-inprogress-card,delta,g,OK,
auto-stats-stat-inprogress-card,beta,g,OK,
auto-stats-stat-inprogress-card,gamma,g,OK,
auto-stats-stat-inprogress-card,alpha,h,OK,
auto-stats-stat-inprogress-card,delta,h,OK,
auto-stats-stat-inprogress-card,beta,h,OK,
auto-stats-stat-inprogress-card,gamma,h,OK,
auto-stats-stat-inprogress-card,alpha,i,OK,
auto-stats-stat-inprogress-card,delta,i,OK,
auto-stats-stat-inprogress-card,beta,i,OK,
auto-stats-stat-inprogress-card,gamma,i,OK,
auto-stats-stat-inprogress-card,alpha,j,OK,
auto-stats-stat-inprogress-card,delta,j,OK,
auto-stats-stat-inprogress-card,beta,j,OK,
auto-stats-stat-inprogress-card,gamma,j,OK,
auto-stats-stat-inprogress-card,alpha,k,OK,
auto-stats-stat-inprogress-card,delta,k,OK,
auto-stats-stat-inprogress-card,beta,k,OK,
auto-stats-stat-inprogress-card,gamma,k,OK,
auto-stats-stat-inprogress-label,alpha,a,KO,Target element has no attributes
auto-stats-stat-inprogress-label,delta,a,KO,Target element has no attributes
auto-stats-stat-inprogress-label,beta,a,OK,
auto-stats-stat-inprogress-label,gamma,a,KO,Target element has no attributes
auto-stats-stat-inprogress-label,alpha,b,KO,Target element has no valid candidate attributes
auto-stats-stat-inprogress-label,delta,b,KO,Target element has no valid candidate attributes
auto-stats-stat-inprogress-label,beta,b,OK,
auto-stats-stat-inprogress-label,gamma,b,KO,Target element has no valid candidate attributes
auto-stats-stat-inprogress-label,alpha,c,KO,Target element has no id attribute
auto-stats-stat-inprogress-label,delta,c,KO,Target element has no id attribute
auto-stats-stat-inprogress-label,beta,c,KO,Target element has no id attribute
auto-stats-stat-inprogress-label,gamma,c,KO,Target element has no id attribute
auto-stats-stat-inprogress-label,alpha,d,OK,
auto-stats-stat-inprogress-label,delta,d,OK,
auto-stats-stat-inprogress-label,beta,d,KO,Target element text content is empty
auto-stats-stat-inprogress-label,gamma,d,KO,Target element text content is empty
auto-stats-stat-inprogress-label,alpha,e,OK,
auto-stats-stat-inprogress-label,delta,e,OK,
auto-stats-stat-inprogress-label,beta,e,KO,Target element text content is empty
auto-stats-stat-inprogress-label,gamma,e,KO,Target element text content is empty
auto-stats-stat-inprogress-label,alpha,f,OK,
auto-stats-stat-inprogress-label,delta,f,OK,
auto-stats-stat-inprogress-label,beta,f,OK,
auto-stats-stat-inprogress-label,gamma,f,OK,
auto-stats-stat-inprogress-label,alpha,g,OK,
auto-stats-stat-inprogress-label,delta,g,OK,
auto-stats-stat-inprogress-label,beta,g,OK,
auto-stats-stat-inprogress-label,gamma,g,OK,
auto-stats-stat-inprogress-label,alpha,h,OK,
auto-stats-stat-inprogress-label,delta,h,OK,
auto-stats-stat-inprogress-label,beta,h,OK,
auto-stats-stat-inprogress-label,gamma,h,OK,
auto-stats-stat-inprogress-label,alpha,i,OK,
auto-stats-stat-inprogress-label,delta,i,OK,
auto-stats-stat-inprogress-label,beta,i,OK,
auto-stats-stat-inprogress-label,gamma,i,OK,
auto-stats-stat-inprogress-label,alpha,j,OK,
auto-stats-stat-inprogress-label,delta,j,OK,
auto-stats-stat-inprogress-label,beta,j,OK,
auto-stats-stat-inprogress-label,gamma,j,OK,
auto-stats-stat-inprogress-label,alpha,k,OK,
auto-stats-stat-inprogress-label,delta,k,OK,
auto-stats-stat-inprogress-label,beta,k,OK,
auto-stats-stat-inprogress-label,gamma,k,OK,
auto-stats-stat-review-card,alpha,a,OK,
auto-stats-stat-review-card,delta,a,OK,
auto-stats-stat-review-card,beta,a,KO,Target element has no attributes
auto-stats-stat-review-card,gamma,a,KO,Target element has no attributes
auto-stats-stat-review-card,alpha,b,OK,
auto-stats-stat-review-card,delta,b,OK,
auto-stats-stat-review-card,beta,b,KO,Target element has no valid candidate attributes
auto-stats-stat-review-card,gamma,b,KO,Target element has no valid candidate attributes
auto-stats-stat-review-card,alpha,c,KO,Target element has no id attribute
auto-stats-stat-review-card,delta,c,KO,Target element has no id attribute
auto-stats-stat-review-card,beta,c,KO,Target element has no id attribute
auto-stats-stat-review-card,gamma,c,KO,Target element has no id attribute
auto-stats-stat-review-card,alpha,d,KO,Target element text content is empty
auto-stats-stat-review-card,delta,d,KO,Target element text content is empty
auto-stats-stat-review-card,beta,d,KO,Target element text content is empty
auto-stats-stat-review-card,gamma,d,KO,Target element text content is empty
auto-stats-stat-review-card,alpha,e,KO,Target element text content is empty
auto-stats-stat-review-card,delta,e,KO,Target element text content is empty
auto-stats-stat-review-card,beta,e,KO,Target element text content is empty
auto-stats-stat-review-card,gamma,e,KO,Target element text content is empty
auto-stats-stat-review-card,alpha,f,OK,
auto-stats-stat-review-card,delta,f,OK,
auto-stats-stat-review-card,beta,f,OK,
auto-stats-stat-review-card,gamma,f,KO,The parent is null or empty
auto-stats-stat-review-card,alpha,g,OK,
auto-stats-stat-review-card,delta,g,OK,
auto-stats-stat-review-card,beta,g,OK,
auto-stats-stat-review-card,gamma,g,OK,
auto-stats-stat-review-card,alpha,h,OK,
auto-stats-stat-review-card,delta,h,OK,
auto-stats-stat-review-card,beta,h,OK,
auto-stats-stat-review-card,gamma,h,OK,
auto-stats-stat-review-card,alpha,i,OK,
auto-stats-stat-review-card,delta,i,OK,
auto-stats-stat-review-card,beta,i,OK,
auto-stats-stat-review-card,gamma,i,OK,
auto-stats-stat-review-card,alpha,j,OK,
auto-stats-stat-review-card,delta,j,OK,
auto-stats-stat-review-card,beta,j,OK,
auto-stats-stat-review-card,gamma,j,OK,
auto-stats-stat-review-card,alpha,k,OK,
auto-stats-stat-review-card,delta,k,OK,
auto-stats-stat-review-card,beta,k,OK,
auto-stats-stat-review-card,gamma,k,OK,
auto-stats-stat-review-label,alpha,a,KO,Target element has no attributes
auto-stats-stat-review-label,delta,a,KO,Target element has no attributes
auto-stats-stat-review-label,beta,a,OK,
auto-stats-stat-review-label,gamma,a,KO,Target element has no attributes
auto-stats-stat-review-label,alpha,b,KO,Target element has no valid candidate attributes
auto-stats-stat-review-label,delta,b,KO,Target element has no valid candidate attributes
auto-stats-stat-review-label,beta,b,OK,
auto-stats-stat-review-label,gamma,b,KO,Target element has no valid candidate attributes
auto-stats-stat-review-label,alpha,c,KO,Target element has no id attribute
auto-stats-stat-review-label,delta,c,KO,Target element has no id attribute
auto-stats-stat-review-label,beta,c,KO,Target element has no id attribute
auto-stats-stat-review-label,gamma,c,KO,Target element has no id attribute
auto-stats-stat-review-label,alpha,d,OK,
auto-stats-stat-review-label,delta,d,OK,
auto-stats-stat-review-label,beta,d,KO,Target element text content is empty
auto-stats-stat-review-label,gamma,d,KO,Target element text content is empty
auto-stats-stat-review-label,alpha,e,OK,
auto-stats-stat-review-label,delta,e,OK,
auto-stats-stat-review-label,beta,e,KO,Target element text content is empty
auto-stats-stat-review-label,gamma,e,KO,Target element text content is empty
auto-stats-stat-review-label,alpha,f,OK,
auto-stats-stat-review-label,delta,f,OK,
auto-stats-stat-review-label,beta,f,OK,
auto-stats-stat-review-label,gamma,f,OK,
auto-stats-stat-review-label,alpha,g,OK,
auto-stats-stat-review-label,delta,g,OK,
auto-stats-stat-review-label,beta,g,OK,
auto-stats-stat-review-label,gamma,g,OK,
auto-stats-stat-review-label,alpha,h,OK,
auto-stats-stat-review-label,delta,h,OK,
auto-stats-stat-review-label,beta,h,OK,
auto-stats-stat-review-label,gamma,h,OK,
auto-stats-stat-review-label,alpha,i,OK,
auto-stats-stat-review-label,delta,i,OK,
auto-stats-stat-review-label,beta,i,OK,
auto-stats-stat-review-label,gamma,i,OK,
auto-stats-stat-review-label,alpha,j,OK,
auto-stats-stat-review-label,delta,j,OK,
auto-stats-stat-review-label,beta,j,OK,
auto-stats-stat-review-label,gamma,j,OK,
auto-stats-stat-review-label,alpha,k,OK,
auto-stats-stat-review-label,delta,k,OK,
auto-stats-stat-review-label,beta,k,OK,
auto-stats-stat-review-label,gamma,k,OK,
auto-stats-stat-done-card,alpha,a,OK,
auto-stats-stat-done-card,delta,a,OK,
auto-stats-stat-done-card,beta,a,KO,Target element has no attributes
auto-stats-stat-done-card,gamma,a,KO,Target element has no attributes
auto-stats-stat-done-card,alpha,b,OK,
auto-stats-stat-done-card,delta,b,OK,
auto-stats-stat-done-card,beta,b,KO,Target element has no valid candidate attributes
auto-stats-stat-done-card,gamma,b,KO,Target element has no valid candidate attributes
auto-stats-stat-done-card,alpha,c,KO,Target element has no id attribute
auto-stats-stat-done-card,delta,c,KO,Target element has no id attribute
auto-stats-stat-done-card,beta,c,KO,Target element has no id attribute
auto-stats-stat-done-card,gamma,c,KO,Target element has no id attribute
auto-stats-stat-done-card,alpha,d,KO,Target element text content is empty
auto-stats-stat-done-card,delta,d,KO,Target element text content is empty
auto-stats-stat-done-card,beta,d,KO,Target element text content is empty
auto-stats-stat-done-card,gamma,d,KO,Target element text content is empty
auto-stats-stat-done-card,alpha,e,KO,Target element text content is empty
auto-stats-stat-done-card,delta,e,KO,Target element text content is empty
auto-stats-stat-done-card,beta,e,KO,Target element text content is empty
auto-stats-stat-done-card,gamma,e,KO,Target element text content is empty
auto-stats-stat-done-card,alpha,f,OK,
auto-stats-stat-done-card,delta,f,OK,
auto-stats-stat-done-card,beta,f,OK,
auto-stats-stat-done-card,gamma,f,KO,The parent is null or empty
auto-stats-stat-done-card,alpha,g,OK,
auto-stats-stat-done-card,delta,g,OK,
auto-stats-stat-done-card,beta,g,OK,
auto-stats-stat-done-card,gamma,g,OK,
auto-stats-stat-done-card,alpha,h,OK,
auto-stats-stat-done-card,delta,h,OK,
auto-stats-stat-done-card,beta,h,OK,
auto-stats-stat-done-card,gamma,h,OK,
auto-stats-stat-done-card,alpha,i,OK,
auto-stats-stat-done-card,delta,i,OK,
auto-stats-stat-done-card,beta,i,OK,
auto-stats-stat-done-card,gamma,i,OK,
auto-stats-stat-done-card,alpha,j,OK,
auto-stats-stat-done-card,delta,j,OK,
auto-stats-stat-done-card,beta,j,OK,
auto-stats-stat-done-card,gamma,j,OK,
auto-stats-stat-done-card,alpha,k,OK,
auto-stats-stat-done-card,delta,k,OK,
auto-stats-stat-done-card,beta,k,OK,
auto-stats-stat-done-card,gamma,k,OK,
auto-stats-stat-done-label,alpha,a,KO,Target element has no attributes
auto-stats-stat-done-label,delta,a,KO,Target element has no attributes
auto-stats-stat-done-label,beta,a,OK,
auto-stats-stat-done-label,gamma,a,KO,Target element has no attributes
auto-stats-stat-done-label,alpha,b,KO,Target element has no valid candidate attributes
auto-stats-stat-done-label,delta,b,KO,Target element has no valid candidate attributes
auto-stats-stat-done-label,beta,b,OK,
auto-stats-stat-done-label,gamma,b,KO,Target element has no valid candidate attributes
auto-stats-stat-done-label,alpha,c,KO,Target element has no id attribute
auto-stats-stat-done-label,delta,c,KO,Target element has no id attribute
auto-stats-stat-done-label,beta,c,KO,Target element has no id attribute
auto-stats-stat-done-label,gamma,c,KO,Target element has no id attribute
auto-stats-stat-done-label,alpha,d,OK,
auto-stats-stat-done-label,delta,d,OK,
auto-stats-stat-done-label,beta,d,KO,Target element text content is empty
auto-stats-stat-done-label,gamma,d,KO,Target element text content is empty
auto-stats-stat-done-label,alpha,e,OK,
auto-stats-stat-done-label,delta,e,OK,
auto-stats-stat-done-label,beta,e,KO,Target element text content is empty
auto-stats-stat-done-label,gamma,e,KO,Target element text content is empty
auto-stats-stat-done-label,alpha,f,OK,
auto-stats-stat-done-label,delta,f,OK,
auto-stats-stat-done-label,beta,f,OK,
auto-stats-stat-done-label,gamma,f,OK,
auto-stats-stat-done-label,alpha,g,OK,
auto-stats-stat-done-label,delta,g,OK,
auto-stats-stat-done-label,beta,g,OK,
auto-stats-stat-done-label,gamma,g,OK,
auto-stats-stat-done-label,alpha,h,OK,
auto-stats-stat-done-label,delta,h,OK,
auto-stats-stat-done-label,beta,h,OK,
auto-stats-stat-done-label,gamma,h,OK,
auto-stats-stat-done-label,alpha,i,OK,
auto-stats-stat-done-label,delta,i,OK,
auto-stats-stat-done-label,beta,i,OK,
auto-stats-stat-done-label,gamma,i,OK,
auto-stats-stat-done-label,alpha,j,OK,
auto-stats-stat-done-label,delta,j,OK,
auto-stats-stat-done-label,beta,j,OK,
auto-stats-stat-done-label,gamma,j,OK,
auto-stats-stat-done-label,alpha,k,OK,
auto-stats-stat-done-label,delta,k,OK,
auto-stats-stat-done-label,beta,k,OK,
auto-stats-stat-done-label,gamma,k,OK,
auto-stats-stat-high-card,alpha,a,OK,
auto-stats-stat-high-card,delta,a,OK,
auto-stats-stat-high-card,beta,a,KO,Target element has no attributes
auto-stats-stat-high-card,gamma,a,KO,Target element has no attributes
auto-stats-stat-high-card,alpha,b,OK,
auto-stats-stat-high-card,delta,b,OK,
auto-stats-stat-high-card,beta,b,KO,Target element has no valid candidate attributes
auto-stats-stat-high-card,gamma,b,KO,Target element has no valid candidate attributes
auto-stats-stat-high-card,alpha,c,KO,Target element has no id attribute
auto-stats-stat-high-card,delta,c,KO,Target element has no id attribute
auto-stats-stat-high-card,beta,c,KO,Target element has no id attribute
auto-stats-stat-high-card,gamma,c,KO,Target element has no id attribute
auto-stats-stat-high-card,alpha,d,KO,Target element text content is empty
auto-stats-stat-high-card,delta,d,KO,Target element text content is empty
auto-stats-stat-high-card,beta,d,KO,Target element text content is empty
auto-stats-stat-high-card,gamma,d,KO,Target element text content is empty
auto-stats-stat-high-card,alpha,e,KO,Target element text content is empty
auto-stats-stat-high-card,delta,e,KO,Target element text content is empty
auto-stats-stat-high-card,beta,e,KO,Target element text content is empty
auto-stats-stat-high-card,gamma,e,KO,Target element text content is empty
auto-stats-stat-high-card,alpha,f,OK,
auto-stats-stat-high-card,delta,f,OK,
auto-stats-stat-high-card,beta,f,OK,
auto-stats-stat-high-card,gamma,f,KO,The parent is null or empty
auto-stats-stat-high-card,alpha,g,OK,
auto-stats-stat-high-card,delta,g,OK,
auto-stats-stat-high-card,beta,g,OK,
auto-stats-stat-high-card,gamma,g,OK,
auto-stats-stat-high-card,alpha,h,OK,
auto-stats-stat-high-card,delta,h,OK,
auto-stats-stat-high-card,beta,h,OK,
auto-stats-stat-high-card,gamma,h,OK,
auto-stats-stat-high-card,alpha,i,OK,
auto-stats-stat-high-card,delta,i,OK,
auto-stats-stat-high-card,beta,i,OK,
auto-stats-stat-high-card,gamma,i,OK,
auto-stats-stat-high-card,alpha,j,OK,
auto-stats-stat-high-card,delta,j,OK,
auto-stats-stat-high-card,beta,j,OK,
auto-stats-stat-high-card,gamma,j,OK,
auto-stats-stat-high-card,alpha,k,OK,
auto-stats-stat-high-card,delta,k,OK,
auto-stats-stat-high-card,beta,k,OK,
auto-stats-stat-high-card,gamma,k,OK,
auto-stats-stat-high-label,alpha,a,KO,Target element has no attributes
auto-stats-stat-high-label,delta,a,KO,Target element has no attributes
auto-stats-stat-high-label,beta,a,OK,
auto-stats-stat-high-label,gamma,a,KO,Target element has no attributes
auto-stats-stat-high-label,alpha,b,KO,Target element has no valid candidate attributes
auto-stats-stat-high-label,delta,b,KO,Target element has no valid candidate attributes
auto-stats-stat-high-label,beta,b,OK,
auto-stats-stat-high-label,gamma,b,KO,Target element has no valid candidate attributes
auto-stats-stat-high-label,alpha,c,KO,Target element has no id attribute
auto-stats-stat-high-label,delta,c,KO,Target element has no id attribute
auto-stats-stat-high-label,beta,c,KO,Target element has no id attribute
auto-stats-stat-high-label,gamma,c,KO,Target element has no id attribute
auto-stats-stat-high-label,alpha,d,OK,
auto-stats-stat-high-label,delta,d,OK,
auto-stats-stat-high-label,beta,d,KO,Target element text content is empty
auto-stats-stat-high-label,gamma,d,KO,Target element text content is empty
auto-stats-stat-high-label,alpha,e,OK,
auto-stats-stat-high-label,delta,e,OK,
auto-stats-stat-high-label,beta,e,KO,Target element text content is empty
auto-stats-stat-high-label,gamma,e,KO,Target element text content is empty
auto-stats-stat-high-label,alpha,f,OK,
auto-stats-stat-high-label,delta,f,OK,
auto-stats-stat-high-label,beta,f,OK,
auto-stats-stat-high-label,gamma,f,OK,
auto-stats-stat-high-label,alpha,g,OK,
auto-stats-stat-high-label,delta,g,OK,
auto-stats-stat-high-label,beta,g,OK,
auto-stats-stat-high-label,gamma,g,OK,
auto-stats-stat-high-label,alpha,h,OK,
auto-stats-stat-high-label,delta,h,OK,
auto-stats-stat-high-label,beta,h,OK,
auto-stats-stat-high-label,gamma,h,OK,
auto-stats-stat-high-label,alpha,i,OK,
auto-stats-stat-high-label,delta,i,OK,
auto-stats-stat-high-label,beta,i,OK,
auto-stats-stat-high-label,gamma,i,OK,
auto-stats-stat-high-label,alpha,j,OK,
auto-stats-stat-high-label,delta,j,OK,
auto-stats-stat-high-label,beta,j,OK,
auto-stats-stat-high-label,gamma,j,OK,
auto-stats-stat-high-label,alpha,k,OK,
auto-stats-stat-high-label,delta,k,OK,
auto-stats-stat-high-label,beta,k,OK,
auto-stats-stat-high-label,gamma,k,OK,
auto-stats-stat-medium-card,alpha,a,OK,
auto-stats-stat-medium-card,delta,a,OK,
auto-stats-stat-medium-card,beta,a,KO,Target element has no attributes
auto-stats-stat-medium-card,gamma,a,KO,Target element has no attributes
auto-stats-stat-medium-card,alpha,b,OK,
auto-stats-stat-medium-card,delta,b,OK,
auto-stats-stat-medium-card,beta,b,KO,Target element has no valid candidate attributes
auto-stats-stat-medium-card,gamma,b,KO,Target element has no valid candidate attributes
auto-stats-stat-medium-card,alpha,c,KO,Target element has no id attribute
auto-stats-stat-medium-card,delta,c,KO,Target element has no id attribute
auto-stats-stat-medium-card,beta,c,KO,Target element has no id attribute
auto-stats-stat-medium-card,gamma,c,KO,Target element has no id attribute
auto-stats-stat-medium-card,alpha,d,KO,Target element text content is empty
auto-stats-stat-medium-card,delta,d,KO,Target element text content is empty
auto-stats-stat-medium-card,beta,d,KO,Target element text content is empty
auto-stats-stat-medium-card,gamma,d,KO,Target element text content is empty
auto-stats-stat-medium-card,alpha,e,KO,Target element text content is empty
auto-stats-stat-medium-card,delta,e,KO,Target element text content is empty
auto-stats-stat-medium-card,beta,e,KO,Target element text content is empty
auto-stats-stat-medium-card,gamma,e,KO,Target element text content is empty
auto-stats-stat-medium-card,alpha,f,OK,
auto-stats-stat-medium-card,delta,f,OK,
auto-stats-stat-medium-card,beta,f,OK,
auto-stats-stat-medium-card,gamma,f,KO,The parent is null or empty
auto-stats-stat-medium-card,alpha,g,OK,
auto-stats-stat-medium-card,delta,g,OK,
auto-stats-stat-medium-card,beta,g,OK,
auto-stats-stat-medium-card,gamma,g,OK,
auto-stats-stat-medium-card,alpha,h,OK,
auto-stats-stat-medium-card,delta,h,OK,
auto-stats-stat-medium-card,beta,h,OK,
auto-stats-stat-medium-card,gamma,h,OK,
auto-stats-stat-medium-card,alpha,i,OK,
auto-stats-stat-medium-card,delta,i,OK,
auto-stats-stat-medium-card,beta,i,OK,
auto-stats-stat-medium-card,gamma,i,OK,
auto-stats-stat-medium-card,alpha,j,OK,
auto-stats-stat-medium-card,delta,j,OK,
auto-stats-stat-medium-card,beta,j,OK,
auto-stats-stat-medium-card,gamma,j,OK,
auto-stats-stat-medium-card,alpha,k,OK,
auto-stats-stat-medium-card,delta,k,OK,
auto-stats-stat-medium-card,beta,k,OK,
auto-stats-stat-medium-card,gamma,k,OK,
auto-stats-stat-medium-label,alpha,a,KO,Target element has no attributes
auto-stats-stat-medium-label,delta,a,KO,Target element has no attributes
auto-stats-stat-medium-label,beta,a,OK,
auto-stats-stat-medium-label,gamma,a,KO,Target element has no attributes
auto-stats-stat-medium-label,alpha,b,KO,Target element has no valid candidate attributes
auto-stats-stat-medium-label,delta,b,KO,Target element has no valid candidate attributes
auto-stats-stat-medium-label,beta,b,OK,
auto-stats-stat-medium-label,gamma,b,KO,Target element has no valid candidate attributes
auto-stats-stat-medium-label,alpha,c,KO,Target element has no id attribute
auto-stats-stat-medium-label,delta,c,KO,Target element has no id attribute
auto-stats-stat-medium-label,beta,c,KO,Target element has no id attribute
auto-stats-stat-medium-label,gamma,c,KO,Target element has no id attribute
auto-stats-stat-medium-label,alpha,d,OK,
auto-stats-stat-medium-label,delta,d,OK,
auto-stats-stat-medium-label,beta,d,KO,Target element text content is empty
auto-stats-stat-medium-label,gamma,d,KO,Target element text content is empty
auto-stats-stat-medium-label,alpha,e,OK,
auto-stats-stat-medium-label,delta,e,OK,
auto-stats-stat-medium-label,beta,e,KO,Target element text content is empty
auto-stats-stat-medium-label,gamma,e,KO,Target element text content is empty
auto-stats-stat-medium-label,alpha,f,OK,
auto-stats-stat-medium-label,delta,f,OK,
auto-stats-stat-medium-label,beta,f,OK,
auto-stats-stat-medium-label,gamma,f,OK,
auto-stats-stat-medium-label,alpha,g,OK,
auto-stats-stat-medium-label,delta,g,OK,
auto-stats-stat-medium-label,beta,g,OK,
auto-stats-stat-medium-label,gamma,g,OK,
auto-stats-stat-medium-label,alpha,h,OK,
auto-stats-stat-medium-label,delta,h,OK,
auto-stats-stat-medium-label,beta,h,OK,
auto-stats-stat-medium-label,gamma,h,OK,
auto-stats-stat-medium-label,alpha,i,OK,
auto-stats-stat-medium-label,delta,i,OK,
auto-stats-stat-medium-label,beta,i,OK,
auto-stats-stat-medium-label,gamma,i,OK,
auto-stats-stat-medium-label,alpha,j,OK,
auto-stats-stat-medium-label,delta,j,OK,
auto-stats-stat-medium-label,beta,j,OK,
auto-stats-stat-medium-label,gamma,j,OK,
auto-stats-stat-medium-label,alpha,k,OK,
auto-stats-stat-medium-label,delta,k,OK,
auto-stats-stat-medium-label,beta,k,OK,
auto-stats-stat-medium-label,gamma,k,OK,
auto-stats-stat-low-card,alpha,a,OK,
auto-stats-stat-low-card,delta,a,OK,
auto-stats-stat-low-card,beta,a,KO,Target element has no attributes
auto-stats-stat-low-card,gamma,a,KO,Target element has no attributes
auto-stats-stat-low-card,alpha,b,OK,
auto-stats-stat-low-card,delta,b,OK,
auto-stats-stat-low-card,beta,b,KO,Target element has no valid candidate attributes
auto-stats-stat-low-card,gamma,b,KO,Target element has no valid candidate attributes
auto-stats-stat-low-card,alpha,c,KO,Target element has no id attribute
auto-stats-stat-low-card,delta,c,KO,Target element has no id attribute
auto-stats-stat-low-card,beta,c,KO,Target element has no id attribute
auto-stats-stat-low-card,gamma,c,KO,Target element has no id attribute
auto-stats-stat-low-card,alpha,d,KO,Target element text content is empty
auto-stats-stat-low-card,delta,d,KO,Target element text content is empty
auto-stats-stat-low-card,beta,d,KO,Target element text content is empty
auto-stats-stat-low-card,gamma,d,KO,Target element text content is empty
auto-stats-stat-low-card,alpha,e,KO,Target element text content is empty
auto-stats-stat-low-card,delta,e,KO,Target element text content is empty
auto-stats-stat-low-card,beta,e,KO,Target element text content is empty
auto-stats-stat-low-card,gamma,e,KO,Target element text content is empty
auto-stats-stat-low-card,alpha,f,OK,
auto-stats-stat-low-card,delta,f,OK,
auto-stats-stat-low-card,beta,f,OK,
auto-stats-stat-low-card,gamma,f,KO,The parent is null or empty
auto-stats-stat-low-card,alpha,g,OK,
auto-stats-stat-low-card,delta,g,OK,
auto-stats-stat-low-card,beta,g,OK,
auto-stats-stat-low-card,gamma,g,OK,
auto-stats-stat-low-card,alpha,h,OK,
auto-stats-stat-low-card,delta,h,OK,
auto-stats-stat-low-card,beta,h,OK,
auto-stats-stat-low-card,gamma,h,OK,
auto-stats-stat-low-card,alpha,i,OK,
auto-stats-stat-low-card,delta,i,OK,
auto-stats-stat-low-card,beta,i,OK,
auto-stats-stat-low-card,gamma,i,OK,
auto-stats-stat-low-card,alpha,j,OK,
auto-stats-stat-low-card,delta,j,OK,
auto-stats-stat-low-card,beta,j,OK,
auto-stats-stat-low-card,gamma,j,OK,
auto-stats-stat-low-card,alpha,k,OK,
auto-stats-stat-low-card,delta,k,OK,
auto-stats-stat-low-card,beta,k,OK,
auto-stats-stat-low-card,gamma,k,OK,
auto-stats-stat-low-label,alpha,a,KO,Target element has no attributes
auto-stats-stat-low-label,delta,a,KO,Target element has no attributes
auto-stats-stat-low-label,beta,a,OK,
auto-stats-stat-low-label,gamma,a,KO,Target element has no attributes
auto-stats-stat-low-label,alpha,b,KO,Target element has no valid candidate attributes
auto-stats-stat-low-label,delta,b,KO,Target element has no valid candidate attributes
auto-stats-stat-low-label,beta,b,OK,
auto-stats-stat-low-label,gamma,b,KO,Target element has no valid candidate attributes
auto-stats-stat-low-label,alpha,c,KO,Target element has no id attribute
auto-stats-stat-low-label,delta,c,KO,Target element has no id attribute
auto-stats-stat-low-label,beta,c,KO,Target element has no id attribute
auto-stats-stat-low-label,gamma,c,KO,Target element has no id attribute
auto-stats-stat-low-label,alpha,d,OK,
auto-stats-stat-low-label,delta,d,OK,
auto-stats-stat-low-label,beta,d,KO,Target element text content is empty
auto-stats-stat-low-label,gamma,d,KO,Target element text content is empty
auto-stats-stat-low-label,alpha,e,OK,
auto-stats-stat-low-label,delta,e,OK,
auto-stats-stat-low-label,beta,e,KO,Target element text content is empty
auto-stats-stat-low-label,gamma,e,KO,Target element text content is empty
auto-stats-stat-low-label,alpha,f,OK,
auto-stats-stat-low-label,delta,f,OK,
auto-stats-stat-low-label,beta,f,OK,
auto-stats-stat-low-label,gamma,f,OK,
auto-stats-stat-low-label,alpha,g,OK,
auto-stats-stat-low-label,delta,g,OK,
auto-stats-stat-low-label,beta,g,OK,
auto-stats-stat-low-label,gamma,g,OK,
auto-stats-stat-low-label,alpha,h,OK,
auto-stats-stat-low-label,delta,h,OK,
auto-stats-stat-low-label,beta,h,OK,
auto-stats-stat-low-label,gamma,h,OK,
auto-stats-stat-low-label,alpha,i,OK,
auto-stats-stat-low-label,delta,i,OK,
auto-stats-stat-low-label,beta,i,OK,
auto-stats-stat-low-label,gamma,i,OK,
auto-stats-stat-low-label,alpha,j,OK,
auto-stats-stat-low-label,delta,j,OK,
auto-stats-stat-low-label,beta,j,OK,
auto-stats-stat-low-label,gamma,j,OK,
auto-stats-stat-low-label,alpha,k,OK,
auto-stats-stat-low-label,delta,k,OK,
auto-stats-stat-low-label,beta,k,OK,
auto-stats-stat-low-label,gamma,k,OK,
auto-stats-stats-table-section,alpha,a,KO,Target element has no attributes
auto-stats-stats-table-section,delta,a,KO,Target element has no attributes
auto-stats-stats-table-section,beta,a,KO,Target element has no attributes
auto-stats-stats-table-section,alpha,b,KO,Target element has no valid candidate attributes
auto-stats-stats-table-section,delta,b,KO,Target element has no valid candidate attributes
auto-stats-stats-table-section,beta,b,KO,Target element has no valid candidate attributes
auto-stats-stats-table-section,alpha,c,KO,Target element has no id attribute
auto-stats-stats-table-section,delta,c,KO,Target element has no id attribute
auto-stats-stats-table-section,beta,c,KO,Target element has no id attribute
auto-stats-stats-table-section,alpha,d,KO,Target element text content is empty
auto-stats-stats-table-section,delta,d,KO,Target element text content is empty
auto-stats-stats-table-section,beta,d,KO,Target element text content is empty
auto-stats-stats-table-section,alpha,e,KO,Target element text content is empty
auto-stats-stats-table-section,delta,e,KO,Target element text content is empty
auto-stats-stats-table-section,beta,e,KO,Target element text content is empty
auto-stats-stats-table-section,alpha,f,OK,
auto-stats-stats-table-section,delta,f,OK,
auto-stats-stats-table-section,beta,f,KO,The parent is null or empty
auto-stats-stats-table-section,alpha,g,OK,
auto-stats-stats-table-section,delta,g,OK,
auto-stats-stats-table-section,beta,g,OK,
auto-stats-stats-table-section,alpha,h,OK,
auto-stats-stats-table-section,delta,h,OK,
auto-stats-stats-table-section,beta,h,OK,
auto-stats-stats-table-section,alpha,i,OK,
auto-stats-stats-table-section,delta,i,OK,
auto-stats-stats-table-section,beta,i,OK,
auto-stats-stats-table-section,alpha,j,OK,
auto-stats-stats-table-section,delta,j,OK,
auto-stats-stats-table-section,beta,j,OK,
auto-stats-stats-table-section,alpha,k,OK,
auto-stats-stats-table-section,delta,k,OK,
auto-stats-stats-table-section,beta,k,OK,
auto-stats-stats-table-title,alpha,a,KO,Target element has no attributes
auto-stats-stats-table-title,delta,a,OK,
auto-stats-stats-table-title,beta,a,KO,Target element has no attributes
auto-stats-stats-table-title,gamma,a,KO,Target element has no attributes
auto-stats-stats-table-title,alpha,b,KO,Target element has no valid candidate attributes
auto-stats-stats-table-title,delta,b,OK,
auto-stats-stats-table-title,beta,b,KO,Target element has no valid candidate attributes
auto-stats-stats-table-title,gamma,b,KO,Target element has no valid candidate attributes
auto-stats-stats-table-title,alpha,c,KO,Target element has no id attribute
auto-stats-stats-table-title,delta,c,KO,Target element has no id attribute
auto-stats-stats-table-title,beta,c,KO,Target element has no id attribute
auto-stats-stats-table-title,gamma,c,KO,Target element has no id attribute
auto-stats-stats-table-title,alpha,d,OK,
auto-stats-stats-table-title,delta,d,KO,Target element text content is empty
auto-stats-stats-table-title,beta,d,KO,Target element text content is empty
auto-stats-stats-table-title,gamma,d,KO,Target element text content is empty
auto-stats-stats-table-title,alpha,e,OK,
auto-stats-stats-table-title,delta,e,KO,Target element text content is empty
auto-stats-stats-table-title,beta,e,KO,Target element text content is empty
auto-stats-stats-table-title,gamma,e,KO,Target element text content is empty
auto-stats-stats-table-title,alpha,f,OK,
auto-stats-stats-table-title,delta,f,OK,
auto-stats-stats-table-title,beta,f,OK,
auto-stats-stats-table-title,gamma,f,KO,The parent is null or empty
auto-stats-stats-table-title,alpha,g,OK,
auto-stats-stats-table-title,delta,g,OK,
auto-stats-stats-table-title,beta,g,OK,
auto-stats-stats-table-title,gamma,g,OK,
auto-stats-stats-table-title,alpha,h,OK,
auto-stats-stats-table-title,delta,h,OK,
auto-stats-stats-table-title,beta,h,OK,
auto-stats-stats-table-title,gamma,h,OK,
auto-stats-stats-table-title,alpha,i,OK,
auto-stats-stats-table-title,delta,i,OK,
auto-stats-stats-table-title,beta,i,OK,
auto-stats-stats-table-title,gamma,i,OK,
auto-stats-stats-table-title,alpha,j,OK,
auto-stats-stats-table-title,delta,j,OK,
auto-stats-stats-table-title,beta,j,OK,
auto-stats-stats-table-title,gamma,j,OK,
auto-stats-stats-table-title,alpha,k,OK,
auto-stats-stats-table-title,delta,k,OK,
auto-stats-stats-table-title,beta,k,OK,
auto-stats-stats-table-title,gamma,k,OK,
auto-stats-stats-th-id,epsilon,a,OK,
auto-stats-stats-th-id,alpha,a,KO,Target element has no attributes
auto-stats-stats-th-id,delta,a,KO,Target element has no attributes
auto-stats-stats-th-id,beta,a,KO,Target element has no attributes
auto-stats-stats-th-id,gamma,a,KO,Target element has no attributes
auto-stats-stats-th-id,epsilon,b,OK,
auto-stats-stats-th-id,alpha,b,KO,Target element has no valid candidate attributes
auto-stats-stats-th-id,delta,b,KO,Target element has no valid candidate attributes
auto-stats-stats-th-id,beta,b,KO,Target element has no attributes
auto-stats-stats-th-id,gamma,b,KO,Target element has no attributes
auto-stats-stats-th-id,epsilon,c,KO,Target element has no id attribute
auto-stats-stats-th-id,alpha,c,KO,Target element has no id attribute
auto-stats-stats-th-id,delta,c,KO,Target element has no id attribute
auto-stats-stats-th-id,beta,c,KO,Target element has no id attribute
auto-stats-stats-th-id,gamma,c,KO,Target element has no id attribute
auto-stats-stats-th-id,epsilon,d,KO,Target element text content is empty
auto-stats-stats-th-id,alpha,d,OK,
auto-stats-stats-th-id,delta,d,OK,
auto-stats-stats-th-id,beta,d,KO,Target element text content is empty
auto-stats-stats-th-id,gamma,d,KO,Target element text content is empty
auto-stats-stats-th-id,epsilon,e,KO,Target element text content is empty
auto-stats-stats-th-id,alpha,e,OK,
auto-stats-stats-th-id,delta,e,OK,
auto-stats-stats-th-id,beta,e,KO,Target element text content is empty
auto-stats-stats-th-id,gamma,e,KO,Target element text content is empty
auto-stats-stats-th-id,epsilon,f,OK,
auto-stats-stats-th-id,alpha,f,OK,
auto-stats-stats-th-id,delta,f,OK,
auto-stats-stats-th-id,beta,f,KO,The parent is null or empty
auto-stats-stats-th-id,gamma,f,OK,
auto-stats-stats-th-id,epsilon,g,OK,
auto-stats-stats-th-id,alpha,g,OK,
auto-stats-stats-th-id,delta,g,OK,
auto-stats-stats-th-id,beta,g,OK,
auto-stats-stats-th-id,gamma,g,OK,
auto-stats-stats-th-id,epsilon,h,OK,
auto-stats-stats-th-id,alpha,h,OK,
auto-stats-stats-th-id,delta,h,OK,
auto-stats-stats-th-id,beta,h,OK,
auto-stats-stats-th-id,gamma,h,OK,
auto-stats-stats-th-id,epsilon,i,OK,
auto-stats-stats-th-id,alpha,i,OK,
auto-stats-stats-th-id,delta,i,OK,
auto-stats-stats-th-id,beta,i,OK,
auto-stats-stats-th-id,gamma,i,OK,
auto-stats-stats-th-id,epsilon,j,OK,
auto-stats-stats-th-id,alpha,j,OK,
auto-stats-stats-th-id,delta,j,OK,
auto-stats-stats-th-id,beta,j,OK,
auto-stats-stats-th-id,gamma,j,OK,
auto-stats-stats-th-id,epsilon,k,OK,
auto-stats-stats-th-id,alpha,k,OK,
auto-stats-stats-th-id,delta,k,OK,
auto-stats-stats-th-id,beta,k,OK,
auto-stats-stats-th-id,gamma,k,OK,
auto-stats-stats-th-priority,epsilon,a,OK,
auto-stats-stats-th-priority,alpha,a,KO,Target element has no attributes
auto-stats-stats-th-priority,delta,a,KO,Target element has no attributes
auto-stats-stats-th-priority,beta,a,KO,Target element has no attributes
auto-stats-stats-th-priority,gamma,a,KO,Target element has no attributes
auto-stats-stats-th-priority,epsilon,b,OK,
auto-stats-stats-th-priority,alpha,b,KO,Target element has no valid candidate attributes
auto-stats-stats-th-priority,delta,b,KO,Target element has no valid candidate attributes
auto-stats-stats-th-priority,beta,b,KO,Target element has no attributes
auto-stats-stats-th-priority,gamma,b,KO,Target element has no attributes
auto-stats-stats-th-priority,epsilon,c,KO,Target element has no id attribute
auto-stats-stats-th-priority,alpha,c,KO,Target element has no id attribute
auto-stats-stats-th-priority,delta,c,KO,Target element has no id attribute
auto-stats-stats-th-priority,beta,c,KO,Target element has no id attribute
auto-stats-stats-th-priority,gamma,c,KO,Target element has no id attribute
auto-stats-stats-th-priority,epsilon,d,KO,Target element text content is empty
auto-stats-stats-th-priority,alpha,d,OK,
auto-stats-stats-th-priority,delta,d,OK,
auto-stats-stats-th-priority,beta,d,KO,Target element text content is empty
auto-stats-stats-th-priority,gamma,d,KO,Target element text content is empty
auto-stats-stats-th-priority,epsilon,e,KO,Target element text content is empty
auto-stats-stats-th-priority,alpha,e,OK,
auto-stats-stats-th-priority,delta,e,OK,
auto-stats-stats-th-priority,beta,e,KO,Target element text content is empty
auto-stats-stats-th-priority,gamma,e,KO,Target element text content is empty
auto-stats-stats-th-priority,epsilon,f,OK,
auto-stats-stats-th-priority,alpha,f,OK,
auto-stats-stats-th-priority,delta,f,OK,
auto-stats-stats-th-priority,beta,f,KO,The parent is null or empty
auto-stats-stats-th-priority,gamma,f,OK,
auto-stats-stats-th-priority,epsilon,g,OK,
auto-stats-stats-th-priority,alpha,g,OK,
auto-stats-stats-th-priority,delta,g,OK,
auto-stats-stats-th-priority,beta,g,OK,
auto-stats-stats-th-priority,gamma,g,OK,
auto-stats-stats-th-priority,epsilon,h,OK,
auto-stats-stats-th-priority,alpha,h,OK,
auto-stats-stats-th-priority,delta,h,OK,
auto-stats-stats-th-priority,beta,h,OK,
auto-stats-stats-th-priority,gamma,h,OK,
auto-stats-stats-th-priority,epsilon,i,OK,
auto-stats-stats-th-priority,alpha,i,OK,
auto-stats-stats-th-priority,delta,i,OK,
auto-stats-stats-th-priority,beta,i,OK,
auto-stats-stats-th-priority,gamma,i,OK,
auto-stats-stats-th-priority,epsilon,j,OK,
auto-stats-stats-th-priority,alpha,j,OK,
auto-stats-stats-th-priority,delta,j,OK,
auto-stats-stats-th-priority,beta,j,OK,
auto-stats-stats-th-priority,gamma,j,OK,
auto-stats-stats-th-priority,epsilon,k,OK,
auto-stats-stats-th-priority,alpha,k,OK,
auto-stats-stats-th-priority,delta,k,OK,
auto-stats-stats-th-priority,beta,k,OK,
auto-stats-stats-th-priority,gamma,k,OK,
auto-stats-stats-th-assignee,epsilon,a,OK,
auto-stats-stats-th-assignee,alpha,a,KO,Target element has no attributes
auto-stats-stats-th-assignee,delta,a,KO,Target element has no attributes
auto-stats-stats-th-assignee,beta,a,KO,Target element has no attributes
auto-stats-stats-th-assignee,gamma,a,KO,Target element has no attributes
auto-stats-stats-th-assignee,epsilon,b,OK,
auto-stats-stats-th-assignee,alpha,b,KO,Target element has no valid candidate attributes
auto-stats-stats-th-assignee,delta,b,KO,Target element has no valid candidate attributes
auto-stats-stats-th-assignee,beta,b,KO,Target element has no attributes
auto-stats-stats-th-assignee,gamma,b,KO,Target element has no attributes
auto-stats-stats-th-assignee,epsilon,c,KO,Target element has no id attribute
auto-stats-stats-th-assignee,alpha,c,KO,Target element has no id attribute
auto-stats-stats-th-assignee,delta,c,KO,Target element has no id attribute
auto-stats-stats-th-assignee,beta,c,KO,Target element has no id attribute
auto-stats-stats-th-assignee,gamma,c,KO,Target element has no id attribute
auto-stats-stats-th-assignee,epsilon,d,KO,Target element text content is empty
auto-stats-stats-th-assignee,alpha,d,OK,
auto-stats-stats-th-assignee,delta,d,OK,
auto-stats-stats-th-assignee,beta,d,KO,Target element text content is empty
auto-stats-stats-th-assignee,gamma,d,KO,Target element text content is empty
auto-stats-stats-th-assignee,epsilon,e,KO,Target element text content is empty
auto-stats-stats-th-assignee,alpha,e,OK,
auto-stats-stats-th-assignee,delta,e,OK,
auto-stats-stats-th-assignee,beta,e,KO,Target element text content is empty
auto-stats-stats-th-assignee,gamma,e,KO,Target element text content is empty
auto-stats-stats-th-assignee,epsilon,f,OK,
auto-stats-stats-th-assignee,alpha,f,OK,
auto-stats-stats-th-assignee,delta,f,OK,
auto-stats-stats-th-assignee,beta,f,KO,The parent is null or empty
auto-stats-stats-th-assignee,gamma,f,OK,
auto-stats-stats-th-assignee,epsilon,g,OK,
auto-stats-stats-th-assignee,alpha,g,OK,
auto-stats-stats-th-assignee,delta,g,OK,
auto-stats-stats-th-assignee,beta,g,OK,
auto-stats-stats-th-assignee,gamma,g,OK,
auto-stats-stats-th-assignee,epsilon,h,OK,
auto-stats-stats-th-assignee,alpha,h,OK,
auto-stats-stats-th-assignee,delta,h,OK,
auto-stats-stats-th-assignee,beta,h,OK,
auto-stats-stats-th-assignee,gamma,h,OK,
auto-stats-stats-th-assignee,epsilon,i,OK,
auto-stats-stats-th-assignee,alpha,i,OK,
auto-stats-stats-th-assignee,delta,i,OK,
auto-stats-stats-th-assignee,beta,i,OK,
auto-stats-stats-th-assignee,gamma,i,OK,
auto-stats-stats-th-assignee,epsilon,j,OK,
auto-stats-stats-th-assignee,alpha,j,OK,
auto-stats-stats-th-assignee,delta,j,OK,
auto-stats-stats-th-assignee,beta,j,OK,
auto-stats-stats-th-assignee,gamma,j,OK,
auto-stats-stats-th-assignee,epsilon,k,OK,
auto-stats-stats-th-assignee,alpha,k,OK,
auto-stats-stats-th-assignee,delta,k,OK,
auto-stats-stats-th-assignee,beta,k,OK,
auto-stats-stats-th-assignee,gamma,k,OK,
auto-stats-stats-th-column,epsilon,a,OK,
auto-stats-stats-th-column,alpha,a,KO,Target element has no attributes
auto-stats-stats-th-column,delta,a,KO,Target element has no attributes
auto-stats-stats-th-column,beta,a,KO,Target element has no attributes
auto-stats-stats-th-column,gamma,a,KO,Target element has no attributes
auto-stats-stats-th-column,epsilon,b,OK,
auto-stats-stats-th-column,alpha,b,KO,Target element has no valid candidate attributes
auto-stats-stats-th-column,delta,b,KO,Target element has no valid candidate attributes
auto-stats-stats-th-column,beta,b,KO,Target element has no attributes
auto-stats-stats-th-column,gamma,b,KO,Target element has no attributes
auto-stats-stats-th-column,epsilon,c,KO,Target element has no id attribute
auto-stats-stats-th-column,alpha,c,KO,Target element has no id attribute
auto-stats-stats-th-column,delta,c,KO,Target element has no id attribute
auto-stats-stats-th-column,beta,c,KO,Target element has no id attribute
auto-stats-stats-th-column,gamma,c,KO,Target element has no id attribute
auto-stats-stats-th-column,epsilon,d,KO,Target element text content is empty
auto-stats-stats-th-column,alpha,d,OK,
auto-stats-stats-th-column,delta,d,OK,
auto-stats-stats-th-column,beta,d,KO,Target element text content is empty
auto-stats-stats-th-column,gamma,d,KO,Target element text content is empty
auto-stats-stats-th-column,epsilon,e,KO,Target element text content is empty
auto-stats-stats-th-column,alpha,e,OK,
auto-stats-stats-th-column,delta,e,OK,
auto-stats-stats-th-column,beta,e,KO,Target element text content is empty
auto-stats-stats-th-column,gamma,e,KO,Target element text content is empty
auto-stats-stats-th-column,epsilon,f,OK,
auto-stats-stats-th-column,alpha,f,OK,
auto-stats-stats-th-column,delta,f,OK,
auto-stats-stats-th-column,beta,f,KO,The parent is null or empty
auto-stats-stats-th-column,gamma,f,OK,
auto-stats-stats-th-column,epsilon,g,OK,
auto-stats-stats-th-column,alpha,g,OK,
auto-stats-stats-th-column,delta,g,OK,
auto-stats-stats-th-column,beta,g,OK,
auto-stats-stats-th-column,gamma,g,OK,
auto-stats-stats-th-column,epsilon,h,OK,
auto-stats-stats-th-column,alpha,h,OK,
auto-stats-stats-th-column,delta,h,OK,
auto-stats-stats-th-column,beta,h,OK,
auto-stats-stats-th-column,gamma,h,OK,
auto-stats-stats-th-column,epsilon,i,OK,
auto-stats-stats-th-column,alpha,i,OK,
auto-stats-stats-th-column,delta,i,OK,
auto-stats-stats-th-column,beta,i,OK,
auto-stats-stats-th-column,gamma,i,OK,
auto-stats-stats-th-column,epsilon,j,OK,
auto-stats-stats-th-column,alpha,j,OK,
auto-stats-stats-th-column,delta,j,OK,
auto-stats-stats-th-column,beta,j,OK,
auto-stats-stats-th-column,gamma,j,OK,
auto-stats-stats-th-column,epsilon,k,OK,
auto-stats-stats-th-column,alpha,k,OK,
auto-stats-stats-th-column,delta,k,OK,
auto-stats-stats-th-column,beta,k,OK,
auto-stats-stats-th-column,gamma,k,OK,
auto-stats-stats-empty,epsilon,a,OK,
auto-stats-stats-empty,alpha,a,OK,
auto-stats-stats-empty,beta,a,KO,Target element has no attributes
auto-stats-stats-empty,gamma,a,KO,Target element has no attributes
auto-stats-stats-empty,epsilon,b,OK,
auto-stats-stats-empty,alpha,b,OK,
auto-stats-stats-empty,beta,b,KO,Target element has no valid candidate attributes
auto-stats-stats-empty,gamma,b,KO,Target element has no attributes
auto-stats-stats-empty,epsilon,c,KO,Target element has no id attribute
auto-stats-stats-empty,alpha,c,KO,Target element has no id attribute
auto-stats-stats-empty,beta,c,KO,Target element has no id attribute
auto-stats-stats-empty,gamma,c,KO,Target element has no id attribute
auto-stats-stats-empty,epsilon,d,KO,Target element text content is empty
auto-stats-stats-empty,alpha,d,OK,
auto-stats-stats-empty,beta,d,KO,Target element text content is empty
auto-stats-stats-empty,gamma,d,OK,
auto-stats-stats-empty,epsilon,e,KO,Target element text content is empty
auto-stats-stats-empty,alpha,e,OK,
auto-stats-stats-empty,beta,e,KO,Target element text content is empty
auto-stats-stats-empty,gamma,e,OK,
auto-stats-stats-empty,epsilon,f,OK,
auto-stats-stats-empty,alpha,f,KO,The parent is null or empty
auto-stats-stats-empty,beta,f,OK,
auto-stats-stats-empty,gamma,f,OK,
auto-stats-stats-empty,epsilon,g,OK,
auto-stats-stats-empty,alpha,g,OK,
auto-stats-stats-empty,beta,g,OK,
auto-stats-stats-empty,gamma,g,OK,
auto-stats-stats-empty,epsilon,h,OK,
auto-stats-stats-empty,alpha,h,OK,
auto-stats-stats-empty,beta,h,OK,
auto-stats-stats-empty,gamma,h,OK,
auto-stats-stats-empty,epsilon,i,OK,
auto-stats-stats-empty,alpha,i,OK,
auto-stats-stats-empty,beta,i,OK,
auto-stats-stats-empty,gamma,i,OK,
auto-stats-stats-empty,epsilon,j,OK,
auto-stats-stats-empty,alpha,j,OK,
auto-stats-stats-empty,beta,j,OK,
auto-stats-stats-empty,gamma,j,OK,
auto-stats-stats-empty,epsilon,k,OK,
auto-stats-stats-empty,alpha,k,OK,
auto-stats-stats-empty,beta,k,OK,
auto-stats-stats-empty,gamma,k,OK,
auto-app-app,alpha,a,KO,Target element has no attributes
auto-app-app,beta,a,KO,Target element has no attributes
auto-app-app,alpha,b,KO,Target element has no valid candidate attributes
auto-app-app,beta,b,KO,Target element has no attributes
auto-app-app,alpha,c,KO,Target element has no id attribute
auto-app-app,beta,c,KO,Target element has no id attribute
auto-app-app,alpha,d,KO,Target element text content is empty
auto-app-app,beta,d,KO,Target element text content is empty
auto-app-app,alpha,e,KO,Target element text content is empty
auto-app-app,beta,e,KO,Target element text content is empty
auto-app-app,alpha,f,KO,The parent is null or empty
auto-app-app,beta,f,KO,Target element with body tag cannot be mutated
auto-app-app,alpha,g,OK,
auto-app-app,beta,g,OK,
auto-app-app,alpha,h,OK,
auto-app-app,beta,h,OK,
auto-app-app,alpha,i,OK,
auto-app-app,beta,i,KO,Target element with body tag cannot be mutated
auto-app-app,alpha,j,OK,
auto-app-app,beta,j,KO,Target element with body tag cannot be mutated
auto-app-app,alpha,k,OK,
auto-app-app,beta,k,KO,Target element with body tag cannot be mutated
auto-app-footer,epsilon,a,KO,Target element has no attributes
auto-app-footer,alpha,a,OK,
auto-app-footer,beta,a,KO,Target element has no attributes
auto-app-footer,gamma,a,KO,Target element has no attributes
auto-app-footer,epsilon,b,KO,Target element has no attributes
auto-app-footer,alpha,b,OK,
auto-app-footer,beta,b,KO,Target element has no attributes
auto-app-footer,gamma,b,KO,Target element has no attributes
auto-app-footer,epsilon,c,KO,Target element has no id attribute
auto-app-footer,alpha,c,KO,Target element has no id attribute
auto-app-footer,beta,c,KO,Target element has no id attribute
auto-app-footer,gamma,c,KO,Target element has no id attribute
auto-app-footer,epsilon,d,KO,Target element text content is empty
auto-app-footer,alpha,d,KO,Target element text content is empty
auto-app-footer,beta,d,KO,Target element text content is empty
auto-app-footer,gamma,d,KO,Target element text content is empty
auto-app-footer,epsilon,e,KO,Target element text content is empty
auto-app-footer,alpha,e,KO,Target element text content is empty
auto-app-footer,beta,e,KO,Target element text content is empty
auto-app-footer,gamma,e,KO,Target element text content is empty
auto-app-footer,epsilon,f,OK,
auto-app-footer,alpha,f,KO,The parent is null or empty
auto-app-footer,beta,f,OK,
auto-app-footer,gamma,f,KO,The parent is null or empty
auto-app-footer,epsilon,g,OK,
auto-app-footer,alpha,g,OK,
auto-app-footer,beta,g,OK,
auto-app-footer,gamma,g,OK,
auto-app-footer,epsilon,h,OK,
auto-app-footer,alpha,h,OK,
auto-app-footer,beta,h,OK,
auto-app-footer,gamma,h,OK,
auto-app-footer,epsilon,i,OK,
auto-app-footer,alpha,i,OK,
auto-app-footer,beta,i,OK,
auto-app-footer,gamma,i,OK,
auto-app-footer,epsilon,j,OK,
auto-app-footer,alpha,j,OK,
auto-app-footer,beta,j,OK,
auto-app-footer,gamma,j,OK,
auto-app-footer,epsilon,k,OK,
auto-app-footer,alpha,k,OK,
auto-app-footer,beta,k,OK,
auto-app-footer,gamma,k,OK,
auto-toast-toast-bar,alpha,a,OK,
auto-toast-toast-bar,beta,a,KO,Target element has no attributes
auto-toast-toast-bar,alpha,b,OK,
auto-toast-toast-bar,beta,b,KO,Target element has no attributes
auto-toast-toast-bar,alpha,c,KO,Target element has no id attribute
auto-toast-toast-bar,beta,c,KO,Target element has no id attribute
auto-toast-toast-bar,alpha,d,KO,Target element text content is empty
auto-toast-toast-bar,beta,d,KO,Target element text content is empty
auto-toast-toast-bar,alpha,e,KO,Target element text content is empty
auto-toast-toast-bar,beta,e,KO,Target element text content is empty
auto-toast-toast-bar,alpha,f,KO,The parent is null or empty
auto-toast-toast-bar,beta,f,KO,Target element with body tag cannot be mutated
auto-toast-toast-bar,alpha,g,OK,
auto-toast-toast-bar,beta,g,OK,
auto-toast-toast-bar,alpha,h,OK,
auto-toast-toast-bar,beta,h,OK,
auto-toast-toast-bar,alpha,i,OK,
auto-toast-toast-bar,beta,i,KO,Target element with body tag cannot be mutated
auto-toast-toast-bar,alpha,j,OK,
auto-toast-toast-bar,beta,j,KO,Target element with body tag cannot be mutated
auto-toast-toast-bar,alpha,k,OK,
auto-toast-toast-bar,beta,k,KO,Target element with body tag cannot be mutated
auto-toast-toast-icon,alpha,a,OK,
auto-toast-toast-icon,delta,a,KO,Target element has no attributes
auto-toast-toast-icon,beta,a,OK,
auto-toast-toast-icon,alpha,b,OK,
auto-toast-toast-icon,delta,b,KO,Target element has no valid candidate attributes
auto-toast-toast-icon,beta,b,OK,
auto-toast-toast-icon,alpha,c,KO,Target element has no id attribute
auto-toast-toast-icon,delta,c,KO,Target element has no id attribute
auto-toast-toast-icon,beta,c,KO,Target element has no id attribute
auto-toast-toast-icon,alpha,d,OK,
auto-toast-toast-icon,delta,d,OK,
auto-toast-toast-icon,beta,d,KO,Target element text content is empty
auto-toast-toast-icon,alpha,e,OK,
auto-toast-toast-icon,delta,e,OK,
auto-toast-toast-icon,beta,e,KO,Target element text content is empty
auto-toast-toast-icon,alpha,f,OK,
auto-toast-toast-icon,delta,f,OK,
auto-toast-toast-icon,beta,f,KO,The parent is null or empty
auto-toast-toast-icon,alpha,g,OK,
auto-toast-toast-icon,delta,g,OK,
auto-toast-toast-icon,beta,g,OK,
auto-toast-toast-icon,alpha,h,OK,
auto-toast-toast-icon,delta,h,OK,
auto-toast-toast-icon,beta,h,OK,
auto-toast-toast-icon,alpha,i,OK,
auto-toast-toast-icon,delta,i,OK,
auto-toast-toast-icon,beta,i,OK,
auto-toast-toast-icon,alpha,j,OK,
auto-toast-toast-icon,delta,j,OK,
auto-toast-toast-icon,beta,j,OK,
auto-toast-toast-icon,alpha,k,OK,
auto-toast-toast-icon,delta,k,OK,
auto-toast-toast-icon,beta,k,OK,
