Target,TargetAttr,File,Role,Operator,OpName,Decision,Reason,MutationId
board-title,x-test-board-title,board_component_html,alpha-target,i,HTML Tag Removal,NA,would-drop-x-test,-
board-title,x-test-board-title,board_component_html,alpha-target,a,Attribute Value Modification,SAVED,,LLMR_board_component_html_board_title_alf_a
board-title,x-test-board-title,board_component_html,alpha-target,b,Attribute Removal,SAVED,,LLMR_board_component_html_board_title_alf_b
board-title,x-test-board-title,board_component_html,alpha-target,c,Attribute Identifier Modification,SAVED,,LLMR_board_component_html_board_title_alf_c
board-title,x-test-board-title,board_component_html,alpha-target,d,Text Content Modification,SAVED,,LLMR_board_component_html_board_title_alf_d
board-title,x-test-board-title,board_component_html,alpha-target,e,Text Content Removal,SAVED,,LLMR_board_component_html_board_title_alf_e
board-title,x-test-board-title,board_component_html,alpha-target,j,HTML Tag Type Modification,SAVED,,LLMR_board_component_html_board_title_alf_j
board-title,x-test-board-title,board_component_html,alpha-target,k,HTML Tag Insertion,SAVED,,LLMR_board_component_html_board_title_alf_k
board-title,x-test-board-title,board_component_html,beta-parent,d,Text Content Modification,NA,no-text-content,-
board-title,x-test-board-title,board_component_html,beta-parent,e,Text Content Removal,NA,no-text-content,-
board-title,x-test-board-title,board_component_html,beta-parent,i,HTML Tag Removal,NA,would-drop-x-test,-
board-title,x-test-board-title,board_component_html,beta-parent,a,Attribute Value Modification,SAVED,,LLMR_board_component_html_board_title_bet_a
board-title,x-test-board-title,board_component_html,beta-parent,b,Attribute Removal,SAVED,,LLMR_board_component_html_board_title_bet_b
board-title,x-test-board-title,board_component_html,beta-parent,c,Attribute Identifier Modification,SAVED,,LLMR_board_component_html_board_title_bet_c
board-title,x-test-board-title,board_component_html,beta-parent,j,HTML Tag Type Modification,SAVED,,LLMR_board_component_html_board_title_bet_j
board-title,x-test-board-title,board_component_html,beta-parent,k,HTML Tag Insertion,SAVED,,LLMR_board_component_html_board_title_bet_k
board-title,x-test-board-title,board_component_html,gamma-ancestor,d,Text Content Modification,NA,no-text-content,-
board-title,x-test-board-title,board_component_html,gamma-ancestor,e,Text Content Removal,NA,no-text-content,-
board-title,x-test-board-title,board_component_html,gamma-ancestor,i,HTML Tag Removal,NA,root-element,-
board-title,x-test-board-title,board_component_html,gamma-ancestor,a,Attribute Value Modification,SAVED,,LLMR_board_component_html_board_title_gam_a
board-title,x-test-board-title,board_component_html,gamma-ancestor,b,Attribute Removal,SAVED,,LLMR_board_component_html_board_title_gam_b
board-title,x-test-board-title,board_component_html,gamma-ancestor,c,Attribute Identifier Modification,SAVED,,LLMR_board_component_html_board_title_gam_c
board-title,x-test-board-title,board_component_html,gamma-ancestor,j,HTML Tag Type Modification,SAVED,,LLMR_board_component_html_board_title_gam_j
board-title,x-test-board-title,board_component_html,gamma-ancestor,k,HTML Tag Insertion,SAVED,,LLMR_board_component_html_board_title_gam_k
board-title,x-test-board-title,board_component_html,delta-sibling,i,HTML Tag Removal,NA,would-drop-x-test,-
board-title,x-test-board-title,board_component_html,delta-sibling,a,Attribute Value Modification,SAVED,,LLMR_board_component_html_board_title_del_a
board-title,x-test-board-title,board_component_html,delta-sibling,b,Attribute Removal,SAVED,,LLMR_board_component_html_board_title_del_b
board-title,x-test-board-title,board_component_html,delta-sibling,c,Attribute Identifier Modification,SAVED,,LLMR_board_component_html_board_title_del_c
board-title,x-test-board-title,board_component_html,delta-sibling,d,Text Content Modification,SAVED,,LLMR_board_component_html_board_title_del_d
board-title,x-test-board-title,board_component_html,delta-sibling,e,Text Content Removal,SAVED,,LLMR_board_component_html_board_title_del_e
board-title,x-test-board-title,board_component_html,delta-sibling,j,HTML Tag Type Modification,SAVED,,LLMR_board_component_html_board_title_del_j
board-title,x-test-board-title,board_component_html,delta-sibling,k,HTML Tag Insertion,SAVED,,LLMR_board_component_html_board_title_del_k
board-title,x-test-board-title,board_component_html,epsilon-component,a,Attribute Value Modification,NA,no-such-role,-
board-title,x-test-board-title,board_component_html,epsilon-component,b,Attribute Removal,NA,no-such-role,-
board-title,x-test-board-title,board_component_html,epsilon-component,c,Attribute Identifier Modification,NA,no-such-role,-
board-title,x-test-board-title,board_component_html,epsilon-component,d,Text Content Modification,NA,no-such-role,-
board-title,x-test-board-title,board_component_html,epsilon-component,e,Text Content Removal,NA,no-such-role,-
board-title,x-test-board-title,board_component_html,epsilon-component,i,HTML Tag Removal,NA,no-such-role,-
board-title,x-test-board-title,board_component_html,epsilon-component,j,HTML Tag Type Modification,NA,no-such-role,-
board-title,x-test-board-title,board_component_html,epsilon-component,k,HTML Tag Insertion,NA,no-such-role,-
board-demo-badge,x-test-demo-badge,board_component_html,alpha-target,i,HTML Tag Removal,NA,would-drop-x-test,-
board-demo-badge,x-test-demo-badge,board_component_html,alpha-target,a,Attribute Value Modification,REJECTED,duplicate,-
board-demo-badge,x-test-demo-badge,board_component_html,alpha-target,b,Attribute Removal,REJECTED,duplicate,-
board-demo-badge,x-test-demo-badge,board_component_html,alpha-target,c,Attribute Identifier Modification,REJECTED,duplicate,-
board-demo-badge,x-test-demo-badge,board_component_html,alpha-target,d,Text Content Modification,REJECTED,duplicate,-
board-demo-badge,x-test-demo-badge,board_component_html,alpha-target,e,Text Content Removal,REJECTED,duplicate,-
board-demo-badge,x-test-demo-badge,board_component_html,alpha-target,j,HTML Tag Type Modification,REJECTED,duplicate,-
board-demo-badge,x-test-demo-badge,board_component_html,alpha-target,k,HTML Tag Insertion,REJECTED,duplicate,-
board-demo-badge,x-test-demo-badge,board_component_html,beta-parent,d,Text Content Modification,NA,no-text-content,-
board-demo-badge,x-test-demo-badge,board_component_html,beta-parent,e,Text Content Removal,NA,no-text-content,-
board-demo-badge,x-test-demo-badge,board_component_html,beta-parent,i,HTML Tag Removal,NA,would-drop-x-test,-
board-demo-badge,x-test-demo-badge,board_component_html,beta-parent,a,Attribute Value Modification,REJECTED,duplicate,-
board-demo-badge,x-test-demo-badge,board_component_html,beta-parent,b,Attribute Removal,REJECTED,duplicate,-
board-demo-badge,x-test-demo-badge,board_component_html,beta-parent,c,Attribute Identifier Modification,REJECTED,duplicate,-
board-demo-badge,x-test-demo-badge,board_component_html,beta-parent,j,HTML Tag Type Modification,REJECTED,duplicate,-
board-demo-badge,x-test-demo-badge,board_component_html,beta-parent,k,HTML Tag Insertion,REJECTED,duplicate,-
board-demo-badge,x-test-demo-badge,board_component_html,gamma-ancestor,d,Text Content Modification,NA,no-text-content,-
board-demo-badge,x-test-demo-badge,board_component_html,gamma-ancestor,e,Text Content Removal,NA,no-text-content,-
board-demo-badge,x-test-demo-badge,board_component_html,gamma-ancestor,i,HTML Tag Removal,NA,root-element,-
board-demo-badge,x-test-demo-badge,board_component_html,gamma-ancestor,a,Attribute Value Modification,REJECTED,duplicate,-
board-demo-badge,x-test-demo-badge,board_component_html,gamma-ancestor,b,Attribute Removal,REJECTED,duplicate,-
board-demo-badge,x-test-demo-badge,board_component_html,gamma-ancestor,c,Attribute Identifier Modification,REJECTED,duplicate,-
board-demo-badge,x-test-demo-badge,board_component_html,gamma-ancestor,j,HTML Tag Type Modification,REJECTED,duplicate,-
board-demo-badge,x-test-demo-badge,board_component_html,gamma-ancestor,k,HTML Tag Insertion,REJECTED,duplicate,-
board-demo-badge,x-test-demo-badge,board_component_html,delta-sibling,i,HTML Tag Removal,NA,would-drop-x-test,-
board-demo-badge,x-test-demo-badge,board_component_html,delta-sibling,a,Attribute Value Modification,SAVED,,LLMR_board_component_html_board_demo_badge_del_a
board-demo-badge,x-test-demo-badge,board_component_html,delta-sibling,b,Attribute Removal,SAVED,,LLMR_board_component_html_board_demo_badge_del_b
board-demo-badge,x-test-demo-badge,board_component_html,delta-sibling,c,Attribute Identifier Modification,SAVED,,LLMR_board_component_html_board_demo_badge_del_c
board-demo-badge,x-test-demo-badge,board_component_html,delta-sibling,d,Text Content Modification,SAVED,,LLMR_board_component_html_board_demo_badge_del_d
board-demo-badge,x-test-demo-badge,board_component_html,delta-sibling,e,Text Content Removal,SAVED,,LLMR_board_component_html_board_demo_badge_del_e
board-demo-badge,x-test-demo-badge,board_component_html,delta-sibling,j,HTML Tag Type Modification,SAVED,,LLMR_board_component_html_board_demo_badge_del_j
board-demo-badge,x-test-demo-badge,board_component_html,delta-sibling,k,HTML Tag Insertion,SAVED,,LLMR_board_component_html_board_demo_badge_del_k
board-demo-badge,x-test-demo-badge,board_component_html,epsilon-component,a,Attribute Value Modification,NA,no-such-role,-
board-demo-badge,x-test-demo-badge,board_component_html,epsilon-component,b,Attribute Removal,NA,no-such-role,-
board-demo-badge,x-test-demo-badge,board_component_html,epsilon-component,c,Attribute Identifier Modification,NA,no-such-role,-
board-demo-badge,x-test-demo-badge,board_component_html,epsilon-component,d,Text Content Modification,NA,no-such-role,-
board-demo-badge,x-test-demo-badge,board_component_html,epsilon-component,e,Text Content Removal,NA,no-such-role,-
board-demo-badge,x-test-demo-badge,board_component_html,epsilon-component,i,HTML Tag Removal,NA,no-such-role,-
board-demo-badge,x-test-demo-badge,board_component_html,epsilon-component,j,HTML Tag Type Modification,NA,no-such-role,-
board-demo-badge,x-test-demo-badge,board_component_html,epsilon-component,k,HTML Tag Insertion,NA,no-such-role,-
board-hint-banner,x-test-hint-banner,board_component_html,alpha-target,i,HTML Tag Removal,NA,would-drop-x-test,-
board-hint-banner,x-test-hint-banner,board_component_html,alpha-target,a,Attribute Value Modification,REJECTED,duplicate,-
board-hint-banner,x-test-hint-banner,board_component_html,alpha-target,b,Attribute Removal,REJECTED,duplicate,-
board-hint-banner,x-test-hint-banner,board_component_html,alpha-target,c,Attribute Identifier Modification,REJECTED,duplicate,-
board-hint-banner,x-test-hint-banner,board_component_html,alpha-target,d,Text Content Modification,REJECTED,duplicate,-
board-hint-banner,x-test-hint-banner,board_component_html,alpha-target,e,Text Content Removal,REJECTED,duplicate,-
board-hint-banner,x-test-hint-banner,board_component_html,alpha-target,j,HTML Tag Type Modification,REJECTED,duplicate,-
board-hint-banner,x-test-hint-banner,board_component_html,alpha-target,k,HTML Tag Insertion,REJECTED,duplicate,-
board-hint-banner,x-test-hint-banner,board_component_html,beta-parent,d,Text Content Modification,NA,no-text-content,-
board-hint-banner,x-test-hint-banner,board_component_html,beta-parent,e,Text Content Removal,NA,no-text-content,-
board-hint-banner,x-test-hint-banner,board_component_html,beta-parent,i,HTML Tag Removal,NA,would-drop-x-test,-
board-hint-banner,x-test-hint-banner,board_component_html,beta-parent,a,Attribute Value Modification,REJECTED,duplicate,-
board-hint-banner,x-test-hint-banner,board_component_html,beta-parent,b,Attribute Removal,REJECTED,duplicate,-
board-hint-banner,x-test-hint-banner,board_component_html,beta-parent,c,Attribute Identifier Modification,REJECTED,duplicate,-
board-hint-banner,x-test-hint-banner,board_component_html,beta-parent,j,HTML Tag Type Modification,REJECTED,duplicate,-
board-hint-banner,x-test-hint-banner,board_component_html,beta-parent,k,HTML Tag Insertion,REJECTED,duplicate,-
board-hint-banner,x-test-hint-banner,board_component_html,gamma-ancestor,d,Text Content Modification,NA,no-text-content,-
board-hint-banner,x-test-hint-banner,board_component_html,gamma-ancestor,e,Text Content Removal,NA,no-text-content,-
board-hint-banner,x-test-hint-banner,board_component_html,gamma-ancestor,i,HTML Tag Removal,NA,root-element,-
board-hint-banner,x-test-hint-banner,board_component_html,gamma-ancestor,a,Attribute Value Modification,REJECTED,duplicate,-
board-hint-banner,x-test-hint-banner,board_component_html,gamma-ancestor,b,Attribute Removal,REJECTED,duplicate,-
board-hint-banner,x-test-hint-banner,board_component_html,gamma-ancestor,c,Attribute Identifier Modification,REJECTED,duplicate,-
board-hint-banner,x-test-hint-banner,board_component_html,gamma-ancestor,j,HTML Tag Type Modification,REJECTED,duplicate,-
board-hint-banner,x-test-hint-banner,board_component_html,gamma-ancestor,k,HTML Tag Insertion,REJECTED,duplicate,-
board-hint-banner,x-test-hint-banner,board_component_html,delta-sibling,i,HTML Tag Removal,NA,would-drop-x-test,-
board-hint-banner,x-test-hint-banner,board_component_html,delta-sibling,a,Attribute Value Modification,REJECTED,duplicate,-
board-hint-banner,x-test-hint-banner,board_component_html,delta-sibling,b,Attribute Removal,REJECTED,duplicate,-
board-hint-banner,x-test-hint-banner,board_component_html,delta-sibling,c,Attribute Identifier Modification,REJECTED,duplicate,-
board-hint-banner,x-test-hint-banner,board_component_html,delta-sibling,d,Text Content Modification,REJECTED,duplicate,-
board-hint-banner,x-test-hint-banner,board_component_html,delta-sibling,e,Text Content Removal,REJECTED,duplicate,-
board-hint-banner,x-test-hint-banner,board_component_html,delta-sibling,j,HTML Tag Type Modification,REJECTED,duplicate,-
board-hint-banner,x-test-hint-banner,board_component_html,delta-sibling,k,HTML Tag Insertion,REJECTED,duplicate,-
board-hint-banner,x-test-hint-banner,board_component_html,epsilon-component,a,Attribute Value Modification,NA,no-such-role,-
board-hint-banner,x-test-hint-banner,board_component_html,epsilon-component,b,Attribute Removal,NA,no-such-role,-
board-hint-banner,x-test-hint-banner,board_component_html,epsilon-component,c,Attribute Identifier Modification,NA,no-such-role,-
board-hint-banner,x-test-hint-banner,board_component_html,epsilon-component,d,Text Content Modification,NA,no-such-role,-
board-hint-banner,x-test-hint-banner,board_component_html,epsilon-component,e,Text Content Removal,NA,no-such-role,-
board-hint-banner,x-test-hint-banner,board_component_html,epsilon-component,i,HTML Tag Removal,NA,no-such-role,-
board-hint-banner,x-test-hint-banner,board_component_html,epsilon-component,j,HTML Tag Type Modification,NA,no-such-role,-
board-hint-banner,x-test-hint-banner,board_component_html,epsilon-component,k,HTML Tag Insertion,NA,no-such-role,-
board-search,x-test-search,board_component_html,alpha-target,d,Text Content Modification,NA,no-text-content,-
board-search,x-test-search,board_component_html,alpha-target,e,Text Content Removal,NA,no-text-content,-
board-search,x-test-search,board_component_html,alpha-target,i,HTML Tag Removal,NA,would-drop-x-test,-
board-search,x-test-search,board_component_html,alpha-target,a,Attribute Value Modification,SAVED,,LLMR_board_component_html_board_search_alf_a
board-search,x-test-search,board_component_html,alpha-target,b,Attribute Removal,SAVED,,LLMR_board_component_html_board_search_alf_b
board-search,x-test-search,board_component_html,alpha-target,c,Attribute Identifier Modification,SAVED,,LLMR_board_component_html_board_search_alf_c
board-search,x-test-search,board_component_html,alpha-target,j,HTML Tag Type Modification,SAVED,,LLMR_board_component_html_board_search_alf_j
board-search,x-test-search,board_component_html,alpha-target,k,HTML Tag Insertion,SAVED,,LLMR_board_component_html_board_search_alf_k
board-search,x-test-search,board_component_html,beta-parent,d,Text Content Modification,NA,no-text-content,-
board-search,x-test-search,board_component_html,beta-parent,e,Text Content Removal,NA,no-text-content,-
board-search,x-test-search,board_component_html,beta-parent,i,HTML Tag Removal,NA,would-drop-x-test,-
board-search,x-test-search,board_component_html,beta-parent,a,Attribute Value Modification,SAVED,,LLMR_board_component_html_board_search_bet_a
board-search,x-test-search,board_component_html,beta-parent,b,Attribute Removal,SAVED,,LLMR_board_component_html_board_search_bet_b
board-search,x-test-search,board_component_html,beta-parent,c,Attribute Identifier Modification,SAVED,,LLMR_board_component_html_board_search_bet_c
board-search,x-test-search,board_component_html,beta-parent,j,HTML Tag Type Modification,SAVED,,LLMR_board_component_html_board_search_bet_j
board-search,x-test-search,board_component_html,beta-parent,k,HTML Tag Insertion,SAVED,,LLMR_board_component_html_board_search_bet_k
board-search,x-test-search,board_component_html,gamma-ancestor,d,Text Content Modification,NA,no-text-content,-
board-search,x-test-search,board_component_html,gamma-ancestor,e,Text Content Removal,NA,no-text-content,-
board-search,x-test-search,board_component_html,gamma-ancestor,i,HTML Tag Removal,NA,would-drop-x-test,-
board-search,x-test-search,board_component_html,gamma-ancestor,a,Attribute Value Modification,SAVED,,LLMR_board_component_html_board_search_gam_a
board-search,x-test-search,board_component_html,gamma-ancestor,b,Attribute Removal,SAVED,,LLMR_board_component_html_board_search_gam_b
board-search,x-test-search,board_component_html,gamma-ancestor,c,Attribute Identifier Modification,SAVED,,LLMR_board_component_html_board_search_gam_c
board-search,x-test-search,board_component_html,gamma-ancestor,j,HTML Tag Type Modification,SAVED,,LLMR_board_component_html_board_search_gam_j
board-search,x-test-search,board_component_html,gamma-ancestor,k,HTML Tag Insertion,SAVED,,LLMR_board_component_html_board_search_gam_k
board-search,x-test-search,board_component_html,delta-sibling,i,HTML Tag Removal,NA,would-drop-x-test,-
board-search,x-test-search,board_component_html,delta-sibling,a,Attribute Value Modification,SAVED,,LLMR_board_component_html_board_search_del_a
board-search,x-test-search,board_component_html,delta-sibling,b,Attribute Removal,SAVED,,LLMR_board_component_html_board_search_del_b
board-search,x-test-search,board_component_html,delta-sibling,c,Attribute Identifier Modification,SAVED,,LLMR_board_component_html_board_search_del_c
board-search,x-test-search,board_component_html,delta-sibling,d,Text Content Modification,SAVED,,LLMR_board_component_html_board_search_del_d
board-search,x-test-search,board_component_html,delta-sibling,e,Text Content Removal,SAVED,,LLMR_board_component_html_board_search_del_e
board-search,x-test-search,board_component_html,delta-sibling,j,HTML Tag Type Modification,SAVED,,LLMR_board_component_html_board_search_del_j
board-search,x-test-search,board_component_html,delta-sibling,k,HTML Tag Insertion,SAVED,,LLMR_board_component_html_board_search_del_k
board-search,x-test-search,board_component_html,epsilon-component,a,Attribute Value Modification,NA,no-such-role,-
board-search,x-test-search,board_component_html,epsilon-component,b,Attribute Removal,NA,no-such-role,-
board-search,x-test-search,board_component_html,epsilon-component,c,Attribute Identifier Modification,NA,no-such-role,-
board-search,x-test-search,board_component_html,epsilon-component,d,Text Content Modification,NA,no-such-role,-
board-search,x-test-search,board_component_html,epsilon-component,e,Text Content Removal,NA,no-such-role,-
board-search,x-test-search,board_component_html,epsilon-component,i,HTML Tag Removal,NA,no-such-role,-
board-search,x-test-search,board_component_html,epsilon-component,j,HTML Tag Type Modification,NA,no-such-role,-
board-search,x-test-search,board_component_html,epsilon-component,k,HTML Tag Insertion,NA,no-such-role,-
board-search-label,x-test-search-label,board_component_html,alpha-target,i,HTML Tag Removal,NA,would-drop-x-test,-
board-search-label,x-test-search-label,board_component_html,alpha-target,a,Attribute Value Modification,REJECTED,duplicate,-
board-search-label,x-test-search-label,board_component_html,alpha-target,b,Attribute Removal,REJECTED,duplicate,-
board-search-label,x-test-search-label,board_component_html,alpha-target,c,Attribute Identifier Modification,REJECTED,duplicate,-
board-search-label,x-test-search-label,board_component_html,alpha-target,d,Text Content Modification,REJECTED,duplicate,-
board-search-label,x-test-search-label,board_component_html,alpha-target,e,Text Content Removal,REJECTED,duplicate,-
board-search-label,x-test-search-label,board_component_html,alpha-target,j,HTML Tag Type Modification,REJECTED,duplicate,-
board-search-label,x-test-search-label,board_component_html,alpha-target,k,HTML Tag Insertion,REJECTED,duplicate,-
board-search-label,x-test-search-label,board_component_html,beta-parent,d,Text Content Modification,NA,no-text-content,-
board-search-label,x-test-search-label,board_component_html,beta-parent,e,Text Content Removal,NA,no-text-content,-
board-search-label,x-test-search-label,board_component_html,beta-parent,i,HTML Tag Removal,NA,would-drop-x-test,-
board-search-label,x-test-search-label,board_component_html,beta-parent,a,Attribute Value Modification,REJECTED,duplicate,-
board-search-label,x-test-search-label,board_component_html,beta-parent,b,Attribute Removal,REJECTED,duplicate,-
board-search-label,x-test-search-label,board_component_html,beta-parent,c,Attribute Identifier Modification,REJECTED,duplicate,-
board-search-label,x-test-search-label,board_component_html,beta-parent,j,HTML Tag Type Modification,REJECTED,duplicate,-
board-search-label,x-test-search-label,board_component_html,beta-parent,k,HTML Tag Insertion,REJECTED,duplicate,-
board-search-label,x-test-search-label,board_component_html,gamma-ancestor,d,Text Content Modification,NA,no-text-content,-
board-search-label,x-test-search-label,board_component_html,gamma-ancestor,e,Text Content Removal,NA,no-text-content,-
board-search-label,x-test-search-label,board_component_html,gamma-ancestor,i,HTML Tag Removal,NA,would-drop-x-test,-
board-search-label,x-test-search-label,board_component_html,gamma-ancestor,a,Attribute Value Modification,REJECTED,duplicate,-
board-search-label,x-test-search-label,board_component_html,gamma-ancestor,b,Attribute Removal,REJECTED,duplicate,-
board-search-label,x-test-search-label,board_component_html,gamma-ancestor,c,Attribute Identifier Modification,REJECTED,duplicate,-
board-search-label,x-test-search-label,board_component_html,gamma-ancestor,j,HTML Tag Type Modification,REJECTED,duplicate,-
board-search-label,x-test-search-label,board_component_html,gamma-ancestor,k,HTML Tag Insertion,REJECTED,duplicate,-
board-search-label,x-test-search-label,board_component_html,delta-sibling,d,Text Content Modification,NA,no-text-content,-
board-search-label,x-test-search-label,board_component_html,delta-sibling,e,Text Content Removal,NA,no-text-content,-
board-search-label,x-test-search-label,board_component_html,delta-sibling,i,HTML Tag Removal,NA,would-drop-x-test,-
board-search-label,x-test-search-label,board_component_html,delta-sibling,a,Attribute Value Modification,REJECTED,duplicate,-
board-search-label,x-test-search-label,board_component_html,delta-sibling,b,Attribute Removal,REJECTED,duplicate,-
board-search-label,x-test-search-label,board_component_html,delta-sibling,c,Attribute Identifier Modification,REJECTED,duplicate,-
board-search-label,x-test-search-label,board_component_html,delta-sibling,j,HTML Tag Type Modification,REJECTED,duplicate,-
board-search-label,x-test-search-label,board_component_html,delta-sibling,k,HTML Tag Insertion,REJECTED,duplicate,-
board-search-label,x-test-search-label,board_component_html,epsilon-component,a,Attribute Value Modification,NA,no-such-role,-
board-search-label,x-test-search-label,board_component_html,epsilon-component,b,Attribute Removal,NA,no-such-role,-
board-search-label,x-test-search-label,board_component_html,epsilon-component,c,Attribute Identifier Modification,NA,no-such-role,-
board-search-label,x-test-search-label,board_component_html,epsilon-component,d,Text Content Modification,NA,no-such-role,-
board-search-label,x-test-search-label,board_component_html,epsilon-component,e,Text Content Removal,NA,no-such-role,-
board-search-label,x-test-search-label,board_component_html,epsilon-component,i,HTML Tag Removal,NA,no-such-role,-
board-search-label,x-test-search-label,board_component_html,epsilon-component,j,HTML Tag Type Modification,NA,no-such-role,-
board-search-label,x-test-search-label,board_component_html,epsilon-component,k,HTML Tag Insertion,NA,no-such-role,-
board-filter-priority,x-test-filter-priority,board_component_html,alpha-target,d,Text Content Modification,NA,no-text-content,-
board-filter-priority,x-test-filter-priority,board_component_html,alpha-target,e,Text Content Removal,NA,no-text-content,-
board-filter-priority,x-test-filter-priority,board_component_html,alpha-target,i,HTML Tag Removal,NA,would-drop-x-test,-
board-filter-priority,x-test-filter-priority,board_component_html,alpha-target,a,Attribute Value Modification,SAVED,,LLMR_board_component_html_board_filter_priority_alf_a
board-filter-priority,x-test-filter-priority,board_component_html,alpha-target,b,Attribute Removal,SAVED,,LLMR_board_component_html_board_filter_priority_alf_b
board-filter-priority,x-test-filter-priority,board_component_html,alpha-target,c,Attribute Identifier Modification,SAVED,,LLMR_board_component_html_board_filter_priority_alf_c
board-filter-priority,x-test-filter-priority,board_component_html,alpha-target,j,HTML Tag Type Modification,SAVED,,LLMR_board_component_html_board_filter_priority_alf_j
board-filter-priority,x-test-filter-priority,board_component_html,alpha-target,k,HTML Tag Insertion,SAVED,,LLMR_board_component_html_board_filter_priority_alf_k
board-filter-priority,x-test-filter-priority,board_component_html,beta-parent,d,Text Content Modification,NA,no-text-content,-
board-filter-priority,x-test-filter-priority,board_component_html,beta-parent,e,Text Content Removal,NA,no-text-content,-
board-filter-priority,x-test-filter-priority,board_component_html,beta-parent,i,HTML Tag Removal,NA,would-drop-x-test,-
board-filter-priority,x-test-filter-priority,board_component_html,beta-parent,a,Attribute Value Modification,SAVED,,LLMR_board_component_html_board_filter_priority_bet_a
board-filter-priority,x-test-filter-priority,board_component_html,beta-parent,b,Attribute Removal,SAVED,,LLMR_board_component_html_board_filter_priority_bet_b
board-filter-priority,x-test-filter-priority,board_component_html,beta-parent,c,Attribute Identifier Modification,SAVED,,LLMR_board_component_html_board_filter_priority_bet_c
board-filter-priority,x-test-filter-priority,board_component_html,beta-parent,j,HTML Tag Type Modification,SAVED,,LLMR_board_component_html_board_filter_priority_bet_j
board-filter-priority,x-test-filter-priority,board_component_html,beta-parent,k,HTML Tag Insertion,SAVED,,LLMR_board_component_html_board_filter_priority_bet_k
board-filter-priority,x-test-filter-priority,board_component_html,gamma-ancestor,d,Text Content Modification,NA,no-text-content,-
board-filter-priority,x-test-filter-priority,board_component_html,gamma-ancestor,e,Text Content Removal,NA,no-text-content,-
board-filter-priority,x-test-filter-priority,board_component_html,gamma-ancestor,i,HTML Tag Removal,NA,would-drop-x-test,-
board-filter-priority,x-test-filter-priority,board_component_html,gamma-ancestor,a,Attribute Value Modification,REJECTED,duplicate,-
board-filter-priority,x-test-filter-priority,board_component_html,gamma-ancestor,b,Attribute Removal,REJECTED,duplicate,-
board-filter-priority,x-test-filter-priority,board_component_html,gamma-ancestor,c,Attribute Identifier Modification,REJECTED,duplicate,-
board-filter-priority,x-test-filter-priority,board_component_html,gamma-ancestor,j,HTML Tag Type Modification,REJECTED,duplicate,-
board-filter-priority,x-test-filter-priority,board_component_html,gamma-ancestor,k,HTML Tag Insertion,REJECTED,duplicate,-
board-filter-priority,x-test-filter-priority,board_component_html,delta-sibling,i,HTML Tag Removal,NA,would-drop-x-test,-
board-filter-priority,x-test-filter-priority,board_component_html,delta-sibling,a,Attribute Value Modification,SAVED,,LLMR_board_component_html_board_filter_priority_del_a
board-filter-priority,x-test-filter-priority,board_component_html,delta-sibling,b,Attribute Removal,SAVED,,LLMR_board_component_html_board_filter_priority_del_b
board-filter-priority,x-test-filter-priority,board_component_html,delta-sibling,c,Attribute Identifier Modification,SAVED,,LLMR_board_component_html_board_filter_priority_del_c
board-filter-priority,x-test-filter-priority,board_component_html,delta-sibling,d,Text Content Modification,SAVED,,LLMR_board_component_html_board_filter_priority_del_d
board-filter-priority,x-test-filter-priority,board_component_html,delta-sibling,e,Text Content Removal,SAVED,,LLMR_board_component_html_board_filter_priority_del_e
board-filter-priority,x-test-filter-priority,board_component_html,delta-sibling,j,HTML Tag Type Modification,SAVED,,LLMR_board_component_html_board_filter_priority_del_j
board-filter-priority,x-test-filter-priority,board_component_html,delta-sibling,k,HTML Tag Insertion,SAVED,,LLMR_board_component_html_board_filter_priority_del_k
board-filter-priority,x-test-filter-priority,board_component_html,epsilon-component,a,Attribute Value Modification,NA,no-such-role,-
board-filter-priority,x-test-filter-priority,board_component_html,epsilon-component,b,Attribute Removal,NA,no-such-role,-
board-filter-priority,x-test-filter-priority,board_component_html,epsilon-component,c,Attribute Identifier Modification,NA,no-such-role,-
board-filter-priority,x-test-filter-priority,board_component_html,epsilon-component,d,Text Content Modification,NA,no-such-role,-
board-filter-priority,x-test-filter-priority,board_component_html,epsilon-component,e,Text Content Removal,NA,no-such-role,-
board-filter-priority,x-test-filter-priority,board_component_html,epsilon-component,i,HTML Tag Removal,NA,no-such-role,-
board-filter-priority,x-test-filter-priority,board_component_html,epsilon-component,j,HTML Tag Type Modification,NA,no-such-role,-
board-filter-priority,x-test-filter-priority,board_component_html,epsilon-component,k,HTML Tag Insertion,NA,no-such-role,-
board-priority-label,x-test-priority-label,board_component_html,alpha-target,i,HTML Tag Removal,NA,would-drop-x-test,-
board-priority-label,x-test-priority-label,board_component_html,alpha-target,a,Attribute Value Modification,REJECTED,duplicate,-
board-priority-label,x-test-priority-label,board_component_html,alpha-target,b,Attribute Removal,REJECTED,duplicate,-
board-priority-label,x-test-priority-label,board_component_html,alpha-target,c,Attribute Identifier Modification,REJECTED,duplicate,-
board-priority-label,x-test-priority-label,board_component_html,alpha-target,d,Text Content Modification,REJECTED,duplicate,-
board-priority-label,x-test-priority-label,board_component_html,alpha-target,e,Text Content Removal,REJECTED,duplicate,-
board-priority-label,x-test-priority-label,board_component_html,alpha-target,j,HTML Tag Type Modification,REJECTED,duplicate,-
board-priority-label,x-test-priority-label,board_component_html,alpha-target,k,HTML Tag Insertion,REJECTED,duplicate,-
board-priority-label,x-test-priority-label,board_component_html,beta-parent,d,Text Content Modification,NA,no-text-content,-
board-priority-label,x-test-priority-label,board_component_html,beta-parent,e,Text Content Removal,NA,no-text-content,-
board-priority-label,x-test-priority-label,board_component_html,beta-parent,i,HTML Tag Removal,NA,would-drop-x-test,-
board-priority-label,x-test-priority-label,board_component_html,beta-parent,a,Attribute Value Modification,REJECTED,duplicate,-
board-priority-label,x-test-priority-label,board_component_html,beta-parent,b,Attribute Removal,REJECTED,duplicate,-
board-priority-label,x-test-priority-label,board_component_html,beta-parent,c,Attribute Identifier Modification,REJECTED,duplicate,-
board-priority-label,x-test-priority-label,board_component_html,beta-parent,j,HTML Tag Type Modification,REJECTED,duplicate,-
board-priority-label,x-test-priority-label,board_component_html,beta-parent,k,HTML Tag Insertion,REJECTED,duplicate,-
board-priority-label,x-test-priority-label,board_component_html,gamma-ancestor,d,Text Content Modification,NA,no-text-content,-
board-priority-label,x-test-priority-label,board_component_html,gamma-ancestor,e,Text Content Removal,NA,no-text-content,-
board-priority-label,x-test-priority-label,board_component_html,gamma-ancestor,i,HTML Tag Removal,NA,would-drop-x-test,-
board-priority-label,x-test-priority-label,board_component_html,gamma-ancestor,a,Attribute Value Modification,REJECTED,duplicate,-
board-priority-label,x-test-priority-label,board_component_html,gamma-ancestor,b,Attribute Removal,REJECTED,duplicate,-
board-priority-label,x-test-priority-label,board_component_html,gamma-ancestor,c,Attribute Identifier Modification,REJECTED,duplicate,-
board-priority-label,x-test-priority-label,board_component_html,gamma-ancestor,j,HTML Tag Type Modification,REJECTED,duplicate,-
board-priority-label,x-test-priority-label,board_component_html,gamma-ancestor,k,HTML Tag Insertion,REJECTED,duplicate,-
board-priority-label,x-test-priority-label,board_component_html,delta-sibling,d,Text Content Modification,NA,no-text-content,-
board-priority-label,x-test-priority-label,board_component_html,delta-sibling,e,Text Content Removal,NA,no-text-content,-
board-priority-label,x-test-priority-label,board_component_html,delta-sibling,i,HTML Tag Removal,NA,would-drop-x-test,-
board-priority-label,x-test-priority-label,board_component_html,delta-sibling,a,Attribute Value Modification,REJECTED,duplicate,-
board-priority-label,x-test-priority-label,board_component_html,delta-sibling,b,Attribute Removal,REJECTED,duplicate,-
board-priority-label,x-test-priority-label,board_component_html,delta-sibling,c,Attribute Identifier Modification,REJECTED,duplicate,-
board-priority-label,x-test-priority-label,board_component_html,delta-sibling,j,HTML Tag Type Modification,REJECTED,duplicate,-
board-priority-label,x-test-priority-label,board_component_html,delta-sibling,k,HTML Tag Insertion,REJECTED,duplicate,-
board-priority-label,x-test-priority-label,board_component_html,epsilon-component,a,Attribute Value Modification,NA,no-such-role,-
board-priority-label,x-test-priority-label,board_component_html,epsilon-component,b,Attribute Removal,NA,no-such-role,-
board-priority-label,x-test-priority-label,board_component_html,epsilon-component,c,Attribute Identifier Modification,NA,no-such-role,-
board-priority-label,x-test-priority-label,board_component_html,epsilon-component,d,Text Content Modification,NA,no-such-role,-
board-priority-label,x-test-priority-label,board_component_html,epsilon-component,e,Text Content Removal,NA,no-such-role,-
board-priority-label,x-test-priority-label,board_component_html,epsilon-component,i,HTML Tag Removal,NA,no-such-role,-
board-priority-label,x-test-priority-label,board_component_html,epsilon-component,j,HTML Tag Type Modification,NA,no-such-role,-
board-priority-label,x-test-priority-label,board_component_html,epsilon-component,k,HTML Tag Insertion,NA,no-such-role,-
board-filter-assignee,x-test-filter-assignee,board_component_html,alpha-target,i,HTML Tag Removal,NA,would-drop-x-test,-
board-filter-assignee,x-test-filter-assignee,board_component_html,alpha-target,a,Attribute Value Modification,SAVED,,LLMR_board_component_html_board_filter_assignee_alf_a
board-filter-assignee,x-test-filter-assignee,board_component_html,alpha-target,b,Attribute Removal,SAVED,,LLMR_board_component_html_board_filter_assignee_alf_b
board-filter-assignee,x-test-filter-assignee,board_component_html,alpha-target,c,Attribute Identifier Modification,SAVED,,LLMR_board_component_html_board_filter_assignee_alf_c
board-filter-assignee,x-test-filter-assignee,board_component_html,alpha-target,d,Text Content Modification,SAVED,,LLMR_board_component_html_board_filter_assignee_alf_d
board-filter-assignee,x-test-filter-assignee,board_component_html,alpha-target,e,Text Content Removal,SAVED,,LLMR_board_component_html_board_filter_assignee_alf_e
board-filter-assignee,x-test-filter-assignee,board_component_html,alpha-target,j,HTML Tag Type Modification,SAVED,,LLMR_board_component_html_board_filter_assignee_alf_j
board-filter-assignee,x-test-filter-assignee,board_component_html,alpha-target,k,HTML Tag Insertion,SAVED,,LLMR_board_component_html_board_filter_assignee_alf_k
board-filter-assignee,x-test-filter-assignee,board_component_html,beta-parent,d,Text Content Modification,NA,no-text-content,-
board-filter-assignee,x-test-filter-assignee,board_component_html,beta-parent,e,Text Content Removal,NA,no-text-content,-
board-filter-assignee,x-test-filter-assignee,board_component_html,beta-parent,i,HTML Tag Removal,NA,would-drop-x-test,-
board-filter-assignee,x-test-filter-assignee,board_component_html,beta-parent,a,Attribute Value Modification,SAVED,,LLMR_board_component_html_board_filter_assignee_bet_a
board-filter-assignee,x-test-filter-assignee,board_component_html,beta-parent,b,Attribute Removal,SAVED,,LLMR_board_component_html_board_filter_assignee_bet_b
board-filter-assignee,x-test-filter-assignee,board_component_html,beta-parent,c,Attribute Identifier Modification,SAVED,,LLMR_board_component_html_board_filter_assignee_bet_c
board-filter-assignee,x-test-filter-assignee,board_component_html,beta-parent,j,HTML Tag Type Modification,SAVED,,LLMR_board_component_html_board_filter_assignee_bet_j
board-filter-assignee,x-test-filter-assignee,board_component_html,beta-parent,k,HTML Tag Insertion,SAVED,,LLMR_board_component_html_board_filter_assignee_bet_k
board-filter-assignee,x-test-filter-assignee,board_component_html,gamma-ancestor,d,Text Content Modification,NA,no-text-content,-
board-filter-assignee,x-test-filter-assignee,board_component_html,gamma-ancestor,e,Text Content Removal,NA,no-text-content,-
board-filter-assignee,x-test-filter-assignee,board_component_html,gamma-ancestor,i,HTML Tag Removal,NA,would-drop-x-test,-
board-filter-assignee,x-test-filter-assignee,board_component_html,gamma-ancestor,a,Attribute Value Modification,REJECTED,duplicate,-
board-filter-assignee,x-test-filter-assignee,board_component_html,gamma-ancestor,b,Attribute Removal,REJECTED,duplicate,-
board-filter-assignee,x-test-filter-assignee,board_component_html,gamma-ancestor,c,Attribute Identifier Modification,REJECTED,duplicate,-
board-filter-assignee,x-test-filter-assignee,board_component_html,gamma-ancestor,j,HTML Tag Type Modification,REJECTED,duplicate,-
board-filter-assignee,x-test-filter-assignee,board_component_html,gamma-ancestor,k,HTML Tag Insertion,REJECTED,duplicate,-
board-filter-assignee,x-test-filter-assignee,board_component_html,delta-sibling,i,HTML Tag Removal,NA,would-drop-x-test,-
board-filter-assignee,x-test-filter-assignee,board_component_html,delta-sibling,a,Attribute Value Modification,SAVED,,LLMR_board_component_html_board_filter_assignee_del_a
board-filter-assignee,x-test-filter-assignee,board_component_html,delta-sibling,b,Attribute Removal,SAVED,,LLMR_board_component_html_board_filter_assignee_del_b
board-filter-assignee,x-test-filter-assignee,board_component_html,delta-sibling,c,Attribute Identifier Modification,SAVED,,LLMR_board_component_html_board_filter_assignee_del_c
board-filter-assignee,x-test-filter-assignee,board_component_html,delta-sibling,d,Text Content Modification,SAVED,,LLMR_board_component_html_board_filter_assignee_del_d
board-filter-assignee,x-test-filter-assignee,board_component_html,delta-sibling,e,Text Content Removal,SAVED,,LLMR_board_component_html_board_filter_assignee_del_e
board-filter-assignee,x-test-filter-assignee,board_component_html,delta-sibling,j,HTML Tag Type Modification,SAVED,,LLMR_board_component_html_board_filter_assignee_del_j
board-filter-assignee,x-test-filter-assignee,board_component_html,delta-sibling,k,HTML Tag Insertion,SAVED,,LLMR_board_component_html_board_filter_assignee_del_k
board-filter-assignee,x-test-filter-assignee,board_component_html,epsilon-component,a,Attribute Value Modification,NA,no-such-role,-
board-filter-assignee,x-test-filter-assignee,board_component_html,epsilon-component,b,Attribute Removal,NA,no-such-role,-
board-filter-assignee,x-test-filter-assignee,board_component_html,epsilon-component,c,Attribute Identifier Modification,NA,no-such-role,-
board-filter-assignee,x-test-filter-assignee,board_component_html,epsilon-component,d,Text Content Modification,NA,no-such-role,-
board-filter-assignee,x-test-filter-assignee,board_component_html,epsilon-component,e,Text Content Removal,NA,no-such-role,-
board-filter-assignee,x-test-filter-assignee,board_component_html,epsilon-component,i,HTML Tag Removal,NA,no-such-role,-
board-filter-assignee,x-test-filter-assignee,board_component_html,epsilon-component,j,HTML Tag Type Modification,NA,no-such-role,-
board-filter-assignee,x-test-filter-assignee,board_component_html,epsilon-component,k,HTML Tag Insertion,NA,no-such-role,-
board-assignee-label,x-test-assignee-label,board_component_html,alpha-target,i,HTML Tag Removal,NA,would-drop-x-test,-
board-assignee-label,x-test-assignee-label,board_component_html,alpha-target,a,Attribute Value Modification,REJECTED,duplicate,-
board-assignee-label,x-test-assignee-label,board_component_html,alpha-target,b,Attribute Removal,REJECTED,duplicate,-
board-assignee-label,x-test-assignee-label,board_component_html,alpha-target,c,Attribute Identifier Modification,REJECTED,duplicate,-
board-assignee-label,x-test-assignee-label,board_component_html,alpha-target,d,Text Content Modification,REJECTED,duplicate,-
board-assignee-label,x-test-assignee-label,board_component_html,alpha-target,e,Text Content Removal,REJECTED,duplicate,-
board-assignee-label,x-test-assignee-label,board_component_html,alpha-target,j,HTML Tag Type Modification,REJECTED,duplicate,-
board-assignee-label,x-test-assignee-label,board_component_html,alpha-target,k,HTML Tag Insertion,REJECTED,duplicate,-
board-assignee-label,x-test-assignee-label,board_component_html,beta-parent,d,Text Content Modification,NA,no-text-content,-
board-assignee-label,x-test-assignee-label,board_component_html,beta-parent,e,Text Content Removal,NA,no-text-content,-
board-assignee-label,x-test-assignee-label,board_component_html,beta-parent,i,HTML Tag Removal,NA,would-drop-x-test,-
board-assignee-label,x-test-assignee-label,board_component_html,beta-parent,a,Attribute Value Modification,REJECTED,duplicate,-
board-assignee-label,x-test-assignee-label,board_component_html,beta-parent,b,Attribute Removal,REJECTED,duplicate,-
board-assignee-label,x-test-assignee-label,board_component_html,beta-parent,c,Attribute Identifier Modification,REJECTED,duplicate,-
board-assignee-label,x-test-assignee-label,board_component_html,beta-parent,j,HTML Tag Type Modification,REJECTED,duplicate,-
board-assignee-label,x-test-assignee-label,board_component_html,beta-parent,k,HTML Tag Insertion,REJECTED,duplicate,-
board-assignee-label,x-test-assignee-label,board_component_html,gamma-ancestor,d,Text Content Modification,NA,no-text-content,-
board-assignee-label,x-test-assignee-label,board_component_html,gamma-ancestor,e,Text Content Removal,NA,no-text-content,-
board-assignee-label,x-test-assignee-label,board_component_html,gamma-ancestor,i,HTML Tag Removal,NA,would-drop-x-test,-
board-assignee-label,x-test-assignee-label,board_component_html,gamma-ancestor,a,Attribute Value Modification,REJECTED,duplicate,-
board-assignee-label,x-test-assignee-label,board_component_html,gamma-ancestor,b,Attribute Removal,REJECTED,duplicate,-
board-assignee-label,x-test-assignee-label,board_component_html,gamma-ancestor,c,Attribute Identifier Modification,REJECTED,duplicate,-
board-assignee-label,x-test-assignee-label,board_component_html,gamma-ancestor,j,HTML Tag Type Modification,REJECTED,duplicate,-
board-assignee-label,x-test-assignee-label,board_component_html,gamma-ancestor,k,HTML Tag Insertion,REJECTED,duplicate,-
board-assignee-label,x-test-assignee-label,board_component_html,delta-sibling,i,HTML Tag Removal,NA,would-drop-x-test,-
board-assignee-label,x-test-assignee-label,board_component_html,delta-sibling,a,Attribute Value Modification,REJECTED,duplicate,-
board-assignee-label,x-test-assignee-label,board_component_html,delta-sibling,b,Attribute Removal,REJECTED,duplicate,-
board-assignee-label,x-test-assignee-label,board_component_html,delta-sibling,c,Attribute Identifier Modification,REJECTED,duplicate,-
board-assignee-label,x-test-assignee-label,board_component_html,delta-sibling,d,Text Content Modification,REJECTED,duplicate,-
board-assignee-label,x-test-assignee-label,board_component_html,delta-sibling,e,Text Content Removal,REJECTED,duplicate,-
board-assignee-label,x-test-assignee-label,board_component_html,delta-sibling,j,HTML Tag Type Modification,REJECTED,duplicate,-
board-assignee-label,x-test-assignee-label,board_component_html,delta-sibling,k,HTML Tag Insertion,REJECTED,duplicate,-
board-assignee-label,x-test-assignee-label,board_component_html,epsilon-component,a,Attribute Value Modification,NA,no-such-role,-
board-assignee-label,x-test-assignee-label,board_component_html,epsilon-component,b,Attribute Removal,NA,no-such-role,-
board-assignee-label,x-test-assignee-label,board_component_html,epsilon-component,c,Attribute Identifier Modification,NA,no-such-role,-
board-assignee-label,x-test-assignee-label,board_component_html,epsilon-component,d,Text Content Modification,NA,no-such-role,-
board-assignee-label,x-test-assignee-label,board_component_html,epsilon-component,e,Text Content Removal,NA,no-such-role,-
board-assignee-label,x-test-assignee-label,board_component_html,epsilon-component,i,HTML Tag Removal,NA,no-such-role,-
board-assignee-label,x-test-assignee-label,board_component_html,epsilon-component,j,HTML Tag Type Modification,NA,no-such-role,-
board-assignee-label,x-test-assignee-label,board_component_html,epsilon-component,k,HTML Tag Insertion,NA,no-such-role,-
board-filtered-count,x-test-filtered-count,board_component_html,alpha-target,i,HTML Tag Removal,NA,would-drop-x-test,-
board-filtered-count,x-test-filtered-count,board_component_html,alpha-target,a,Attribute Value Modification,SAVED,,LLMR_board_component_html_board_filtered_count_alf_a
board-filtered-count,x-test-filtered-count,board_component_html,alpha-target,b,Attribute Removal,SAVED,,LLMR_board_component_html_board_filtered_count_alf_b
board-filtered-count,x-test-filtered-count,board_component_html,alpha-target,c,Attribute Identifier Modification,SAVED,,LLMR_board_component_html_board_filtered_count_alf_c
board-filtered-count,x-test-filtered-count,board_component_html,alpha-target,d,Text Content Modification,SAVED,,LLMR_board_component_html_board_filtered_count_alf_d
board-filtered-count,x-test-filtered-count,board_component_html,alpha-target,e,Text Content Removal,SAVED,,LLMR_board_component_html_board_filtered_count_alf_e
board-filtered-count,x-test-filtered-count,board_component_html,alpha-target,j,HTML Tag Type Modification,SAVED,,LLMR_board_component_html_board_filtered_count_alf_j
board-filtered-count,x-test-filtered-count,board_component_html,alpha-target,k,HTML Tag Insertion,SAVED,,LLMR_board_component_html_board_filtered_count_alf_k
board-filtered-count,x-test-filtered-count,board_component_html,beta-parent,d,Text Content Modification,NA,no-text-content,-
board-filtered-count,x-test-filtered-count,board_component_html,beta-parent,e,Text Content Removal,NA,no-text-content,-
board-filtered-count,x-test-filtered-count,board_component_html,beta-parent,i,HTML Tag Removal,NA,would-drop-x-test,-
board-filtered-count,x-test-filtered-count,board_component_html,beta-parent,a,Attribute Value Modification,SAVED,,LLMR_board_component_html_board_filtered_count_bet_a
board-filtered-count,x-test-filtered-count,board_component_html,beta-parent,b,Attribute Removal,SAVED,,LLMR_board_component_html_board_filtered_count_bet_b
board-filtered-count,x-test-filtered-count,board_component_html,beta-parent,c,Attribute Identifier Modification,SAVED,,LLMR_board_component_html_board_filtered_count_bet_c
board-filtered-count,x-test-filtered-count,board_component_html,beta-parent,j,HTML Tag Type Modification,SAVED,,LLMR_board_component_html_board_filtered_count_bet_j
board-filtered-count,x-test-filtered-count,board_component_html,beta-parent,k,HTML Tag Insertion,SAVED,,LLMR_board_component_html_board_filtered_count_bet_k
board-filtered-count,x-test-filtered-count,board_component_html,gamma-ancestor,d,Text Content Modification,NA,no-text-content,-
board-filtered-count,x-test-filtered-count,board_component_html,gamma-ancestor,e,Text Content Removal,NA,no-text-content,-
board-filtered-count,x-test-filtered-count,board_component_html,gamma-ancestor,i,HTML Tag Removal,NA,would-drop-x-test,-
board-filtered-count,x-test-filtered-count,board_component_html,gamma-ancestor,a,Attribute Value Modification,REJECTED,duplicate,-
board-filtered-count,x-test-filtered-count,board_component_html,gamma-ancestor,b,Attribute Removal,REJECTED,duplicate,-
board-filtered-count,x-test-filtered-count,board_component_html,gamma-ancestor,c,Attribute Identifier Modification,REJECTED,duplicate,-
board-filtered-count,x-test-filtered-count,board_component_html,gamma-ancestor,j,HTML Tag Type Modification,REJECTED,duplicate,-
board-filtered-count,x-test-filtered-count,board_component_html,gamma-ancestor,k,HTML Tag Insertion,REJECTED,duplicate,-
board-filtered-count,x-test-filtered-count,board_component_html,delta-sibling,i,HTML Tag Removal,NA,would-drop-x-test,-
board-filtered-count,x-test-filtered-count,board_component_html,delta-sibling,a,Attribute Value Modification,SAVED,,LLMR_board_component_html_board_filtered_count_del_a
board-filtered-count,x-test-filtered-count,board_component_html,delta-sibling,b,Attribute Removal,SAVED,,LLMR_board_component_html_board_filtered_count_del_b
board-filtered-count,x-test-filtered-count,board_component_html,delta-sibling,c,Attribute Identifier Modification,SAVED,,LLMR_board_component_html_board_filtered_count_del_c
board-filtered-count,x-test-filtered-count,board_component_html,delta-sibling,d,Text Content Modification,SAVED,,LLMR_board_component_html_board_filtered_count_del_d
board-filtered-count,x-test-filtered-count,board_component_html,delta-sibling,e,Text Content Removal,SAVED,,LLMR_board_component_html_board_filtered_count_del_e
board-filtered-count,x-test-filtered-count,board_component_html,delta-sibling,j,HTML Tag Type Modification,SAVED,,LLMR_board_component_html_board_filtered_count_del_j
board-filtered-count,x-test-filtered-count,board_component_html,delta-sibling,k,HTML Tag Insertion,SAVED,,LLMR_board_component_html_board_filtered_count_del_k
board-filtered-count,x-test-filtered-count,board_component_html,epsilon-component,a,Attribute Value Modification,NA,no-such-role,-
board-filtered-count,x-test-filtered-count,board_component_html,epsilon-component,b,Attribute Removal,NA,no-such-role,-
board-filtered-count,x-test-filtered-count,board_component_html,epsilon-component,c,Attribute Identifier Modification,NA,no-such-role,-
board-filtered-count,x-test-filtered-count,board_component_html,epsilon-component,d,Text Content Modification,NA,no-such-role,-
board-filtered-count,x-test-filtered-count,board_component_html,epsilon-component,e,Text Content Removal,NA,no-such-role,-
board-filtered-count,x-test-filtered-count,board_component_html,epsilon-component,i,HTML Tag Removal,NA,no-such-role,-
board-filtered-count,x-test-filtered-count,board_component_html,epsilon-component,j,HTML Tag Type Modification,NA,no-such-role,-
board-filtered-count,x-test-filtered-count,board_component_html,epsilon-component,k,HTML Tag Insertion,NA,no-such-role,-
board-matching-label,x-test-matching-label,board_component_html,alpha-target,i,HTML Tag Removal,NA,would-drop-x-test,-
board-matching-label,x-test-matching-label,board_component_html,alpha-target,a,Attribute Value Modification,REJECTED,duplicate,-
board-matching-label,x-test-matching-label,board_component_html,alpha-target,b,Attribute Removal,REJECTED,duplicate,-
board-matching-label,x-test-matching-label,board_component_html,alpha-target,c,Attribute Identifier Modification,REJECTED,duplicate,-
board-matching-label,x-test-matching-label,board_component_html,alpha-target,d,Text Content Modification,REJECTED,duplicate,-
board-matching-label,x-test-matching-label,board_component_html,alpha-target,e,Text Content Removal,REJECTED,duplicate,-
board-matching-label,x-test-matching-label,board_component_html,alpha-target,j,HTML Tag Type Modification,REJECTED,duplicate,-
board-matching-label,x-test-matching-label,board_component_html,alpha-target,k,HTML Tag Insertion,REJECTED,duplicate,-
board-matching-label,x-test-matching-label,board_component_html,beta-parent,d,Text Content Modification,NA,no-text-content,-
board-matching-label,x-test-matching-label,board_component_html,beta-parent,e,Text Content Removal,NA,no-text-content,-
board-matching-label,x-test-matching-label,board_component_html,beta-parent,i,HTML Tag Removal,NA,would-drop-x-test,-
board-matching-label,x-test-matching-label,board_component_html,beta-parent,a,Attribute Value Modification,REJECTED,duplicate,-
board-matching-label,x-test-matching-label,board_component_html,beta-parent,b,Attribute Removal,REJECTED,duplicate,-
board-matching-label,x-test-matching-label,board_component_html,beta-parent,c,Attribute Identifier Modification,REJECTED,duplicate,-
board-matching-label,x-test-matching-label,board_component_html,beta-parent,j,HTML Tag Type Modification,REJECTED,duplicate,-
board-matching-label,x-test-matching-label,board_component_html,beta-parent,k,HTML Tag Insertion,REJECTED,duplicate,-
board-matching-label,x-test-matching-label,board_component_html,gamma-ancestor,d,Text Content Modification,NA,no-text-content,-
board-matching-label,x-test-matching-label,board_component_html,gamma-ancestor,e,Text Content Removal,NA,no-text-content,-
board-matching-label,x-test-matching-label,board_component_html,gamma-ancestor,i,HTML Tag Removal,NA,would-drop-x-test,-
board-matching-label,x-test-matching-label,board_component_html,gamma-ancestor,a,Attribute Value Modification,REJECTED,duplicate,-
board-matching-label,x-test-matching-label,board_component_html,gamma-ancestor,b,Attribute Removal,REJECTED,duplicate,-
board-matching-label,x-test-matching-label,board_component_html,gamma-ancestor,c,Attribute Identifier Modification,REJECTED,duplicate,-
board-matching-label,x-test-matching-label,board_component_html,gamma-ancestor,j,HTML Tag Type Modification,REJECTED,duplicate,-
board-matching-label,x-test-matching-label,board_component_html,gamma-ancestor,k,HTML Tag Insertion,REJECTED,duplicate,-
board-matching-label,x-test-matching-label,board_component_html,delta-sibling,i,HTML Tag Removal,NA,would-drop-x-test,-
board-matching-label,x-test-matching-label,board_component_html,delta-sibling,a,Attribute Value Modification,REJECTED,duplicate,-
board-matching-label,x-test-matching-label,board_component_html,delta-sibling,b,Attribute Removal,REJECTED,duplicate,-
board-matching-label,x-test-matching-label,board_component_html,delta-sibling,c,Attribute Identifier Modification,REJECTED,duplicate,-
board-matching-label,x-test-matching-label,board_component_html,delta-sibling,d,Text Content Modification,REJECTED,duplicate,-
board-matching-label,x-test-matching-label,board_component_html,delta-sibling,e,Text Content Removal,REJECTED,duplicate,-
board-matching-label,x-test-matching-label,board_component_html,delta-sibling,j,HTML Tag Type Modification,REJECTED,duplicate,-
board-matching-label,x-test-matching-label,board_component_html,delta-sibling,k,HTML Tag Insertion,REJECTED,duplicate,-
board-matching-label,x-test-matching-label,board_component_html,epsilon-component,a,Attribute Value Modification,NA,no-such-role,-
board-matching-label,x-test-matching-label,board_component_html,epsilon-component,b,Attribute Removal,NA,no-such-role,-
board-matching-label,x-test-matching-label,board_component_html,epsilon-component,c,Attribute Identifier Modification,NA,no-such-role,-
board-matching-label,x-test-matching-label,board_component_html,epsilon-component,d,Text Content Modification,NA,no-such-role,-
board-matching-label,x-test-matching-label,board_component_html,epsilon-component,e,Text Content Removal,NA,no-such-role,-
board-matching-label,x-test-matching-label,board_component_html,epsilon-component,i,HTML Tag Removal,NA,no-such-role,-
board-matching-label,x-test-matching-label,board_component_html,epsilon-component,j,HTML Tag Type Modification,NA,no-such-role,-
board-matching-label,x-test-matching-label,board_component_html,epsilon-component,k,HTML Tag Insertion,NA,no-such-role,-
board-add-card,x-test-add-card,board_component_html,alpha-target,i,HTML Tag Removal,NA,would-drop-x-test,-
board-add-card,x-test-add-card,board_component_html,alpha-target,a,Attribute Value Modification,SAVED,,LLMR_board_component_html_board_add_card_alf_a
board-add-card,x-test-add-card,board_component_html,alpha-target,b,Attribute Removal,SAVED,,LLMR_board_component_html_board_add_card_alf_b
board-add-card,x-test-add-card,board_component_html,alpha-target,c,Attribute Identifier Modification,SAVED,,LLMR_board_component_html_board_add_card_alf_c
board-add-card,x-test-add-card,board_component_html,alpha-target,d,Text Content Modification,SAVED,,LLMR_board_component_html_board_add_card_alf_d
board-add-card,x-test-add-card,board_component_html,alpha-target,e,Text Content Removal,SAVED,,LLMR_board_component_html_board_add_card_alf_e
board-add-card,x-test-add-card,board_component_html,alpha-target,j,HTML Tag Type Modification,SAVED,,LLMR_board_component_html_board_add_card_alf_j
board-add-card,x-test-add-card,board_component_html,alpha-target,k,HTML Tag Insertion,SAVED,,LLMR_board_component_html_board_add_card_alf_k
board-add-card,x-test-add-card,board_component_html,beta-parent,d,Text Content Modification,NA,no-text-content,-
board-add-card,x-test-add-card,board_component_html,beta-parent,e,Text Content Removal,NA,no-text-content,-
board-add-card,x-test-add-card,board_component_html,beta-parent,i,HTML Tag Removal,NA,would-drop-x-test,-
board-add-card,x-test-add-card,board_component_html,beta-parent,a,Attribute Value Modification,SAVED,,LLMR_board_component_html_board_add_card_bet_a
board-add-card,x-test-add-card,board_component_html,beta-parent,b,Attribute Removal,SAVED,,LLMR_board_component_html_board_add_card_bet_b
board-add-card,x-test-add-card,board_component_html,beta-parent,c,Attribute Identifier Modification,SAVED,,LLMR_board_component_html_board_add_card_bet_c
board-add-card,x-test-add-card,board_component_html,beta-parent,j,HTML Tag Type Modification,SAVED,,LLMR_board_component_html_board_add_card_bet_j
board-add-card,x-test-add-card,board_component_html,beta-parent,k,HTML Tag Insertion,SAVED,,LLMR_board_component_html_board_add_card_bet_k
board-add-card,x-test-add-card,board_component_html,gamma-ancestor,d,Text Content Modification,NA,no-text-content,-
board-add-card,x-test-add-card,board_component_html,gamma-ancestor,e,Text Content Removal,NA,no-text-content,-
board-add-card,x-test-add-card,board_component_html,gamma-ancestor,i,HTML Tag Removal,NA,would-drop-x-test,-
board-add-card,x-test-add-card,board_component_html,gamma-ancestor,a,Attribute Value Modification,REJECTED,duplicate,-
board-add-card,x-test-add-card,board_component_html,gamma-ancestor,b,Attribute Removal,REJECTED,duplicate,-
board-add-card,x-test-add-card,board_component_html,gamma-ancestor,c,Attribute Identifier Modification,REJECTED,duplicate,-
board-add-card,x-test-add-card,board_component_html,gamma-ancestor,j,HTML Tag Type Modification,REJECTED,duplicate,-
board-add-card,x-test-add-card,board_component_html,gamma-ancestor,k,HTML Tag Insertion,REJECTED,duplicate,-
board-add-card,x-test-add-card,board_component_html,delta-sibling,i,HTML Tag Removal,NA,would-drop-x-test,-
board-add-card,x-test-add-card,board_component_html,delta-sibling,a,Attribute Value Modification,SAVED,,LLMR_board_component_html_board_add_card_del_a
board-add-card,x-test-add-card,board_component_html,delta-sibling,b,Attribute Removal,SAVED,,LLMR_board_component_html_board_add_card_del_b
board-add-card,x-test-add-card,board_component_html,delta-sibling,c,Attribute Identifier Modification,SAVED,,LLMR_board_component_html_board_add_card_del_c
board-add-card,x-test-add-card,board_component_html,delta-sibling,d,Text Content Modification,SAVED,,LLMR_board_component_html_board_add_card_del_d
board-add-card,x-test-add-card,board_component_html,delta-sibling,e,Text Content Removal,SAVED,,LLMR_board_component_html_board_add_card_del_e
board-add-card,x-test-add-card,board_component_html,delta-sibling,j,HTML Tag Type Modification,SAVED,,LLMR_board_component_html_board_add_card_del_j
board-add-card,x-test-add-card,board_component_html,delta-sibling,k,HTML Tag Insertion,SAVED,,LLMR_board_component_html_board_add_card_del_k
board-add-card,x-test-add-card,board_component_html,epsilon-component,a,Attribute Value Modification,NA,no-such-role,-
board-add-card,x-test-add-card,board_component_html,epsilon-component,b,Attribute Removal,NA,no-such-role,-
board-add-card,x-test-add-card,board_component_html,epsilon-component,c,Attribute Identifier Modification,NA,no-such-role,-
board-add-card,x-test-add-card,board_component_html,epsilon-component,d,Text Content Modification,NA,no-such-role,-
board-add-card,x-test-add-card,board_component_html,epsilon-component,e,Text Content Removal,NA,no-such-role,-
board-add-card,x-test-add-card,board_component_html,epsilon-component,i,HTML Tag Removal,NA,no-such-role,-
board-add-card,x-test-add-card,board_component_html,epsilon-component,j,HTML Tag Type Modification,NA,no-such-role,-
board-add-card,x-test-add-card,board_component_html,epsilon-component,k,HTML Tag Insertion,NA,no-such-role,-
board-reset,x-test-reset,board_component_html,alpha-target,i,HTML Tag Removal,NA,would-drop-x-test,-
board-reset,x-test-reset,board_component_html,alpha-target,a,Attribute Value Modification,REJECTED,duplicate,-
board-reset,x-test-reset,board_component_html,alpha-target,b,Attribute Removal,REJECTED,duplicate,-
board-reset,x-test-reset,board_component_html,alpha-target,c,Attribute Identifier Modification,REJECTED,duplicate,-
board-reset,x-test-reset,board_component_html,alpha-target,d,Text Content Modification,REJECTED,duplicate,-
board-reset,x-test-reset,board_component_html,alpha-target,e,Text Content Removal,REJECTED,duplicate,-
board-reset,x-test-reset,board_component_html,alpha-target,j,HTML Tag Type Modification,REJECTED,duplicate,-
board-reset,x-test-reset,board_component_html,alpha-target,k,HTML Tag Insertion,REJECTED,duplicate,-
board-reset,x-test-reset,board_component_html,beta-parent,d,Text Content Modification,NA,no-text-content,-
board-reset,x-test-reset,board_component_html,beta-parent,e,Text Content Removal,NA,no-text-content,-
board-reset,x-test-reset,board_component_html,beta-parent,i,HTML Tag Removal,NA,would-drop-x-test,-
board-reset,x-test-reset,board_component_html,beta-parent,a,Attribute Value Modification,REJECTED,duplicate,-
board-reset,x-test-reset,board_component_html,beta-parent,b,Attribute Removal,REJECTED,duplicate,-
board-reset,x-test-reset,board_component_html,beta-parent,c,Attribute Identifier Modification,REJECTED,duplicate,-
board-reset,x-test-reset,board_component_html,beta-parent,j,HTML Tag Type Modification,REJECTED,duplicate,-
board-reset,x-test-reset,board_component_html,beta-parent,k,HTML Tag Insertion,REJECTED,duplicate,-
board-reset,x-test-reset,board_component_html,gamma-ancestor,d,Text Content Modification,NA,no-text-content,-
board-reset,x-test-reset,board_component_html,gamma-ancestor,e,Text Content Removal,NA,no-text-content,-
board-reset,x-test-reset,board_component_html,gamma-ancestor,i,HTML Tag Removal,NA,would-drop-x-test,-
board-reset,x-test-reset,board_component_html,gamma-ancestor,a,Attribute Value Modification,REJECTED,duplicate,-
board-reset,x-test-reset,board_component_html,gamma-ancestor,b,Attribute Removal,REJECTED,duplicate,-
board-reset,x-test-reset,board_component_html,gamma-ancestor,c,Attribute Identifier Modification,REJECTED,duplicate,-
board-reset,x-test-reset,board_component_html,gamma-ancestor,j,HTML Tag Type Modification,REJECTED,duplicate,-
board-reset,x-test-reset,board_component_html,gamma-ancestor,k,HTML Tag Insertion,REJECTED,duplicate,-
board-reset,x-test-reset,board_component_html,delta-sibling,i,HTML Tag Removal,NA,would-drop-x-test,-
board-reset,x-test-reset,board_component_html,delta-sibling,a,Attribute Value Modification,REJECTED,duplicate,-
board-reset,x-test-reset,board_component_html,delta-sibling,b,Attribute Removal,REJECTED,duplicate,-
board-reset,x-test-reset,board_component_html,delta-sibling,c,Attribute Identifier Modification,REJECTED,duplicate,-
board-reset,x-test-reset,board_component_html,delta-sibling,d,Text Content Modification,REJECTED,duplicate,-
board-reset,x-test-reset,board_component_html,delta-sibling,e,Text Content Removal,REJECTED,duplicate,-
board-reset,x-test-reset,board_component_html,delta-sibling,j,HTML Tag Type Modification,REJECTED,duplicate,-
board-reset,x-test-reset,board_component_html,delta-sibling,k,HTML Tag Insertion,REJECTED,duplicate,-
board-reset,x-test-reset,board_component_html,epsilon-component,a,Attribute Value Modification,NA,no-such-role,-
board-reset,x-test-reset,board_component_html,epsilon-component,b,Attribute Removal,NA,no-such-role,-
board-reset,x-test-reset,board_component_html,epsilon-component,c,Attribute Identifier Modification,NA,no-such-role,-
board-reset,x-test-reset,board_component_html,epsilon-component,d,Text Content Modification,NA,no-such-role,-
board-reset,x-test-reset,board_component_html,epsilon-component,e,Text Content Removal,NA,no-such-role,-
board-reset,x-test-reset,board_component_html,epsilon-component,i,HTML Tag Removal,NA,no-such-role,-
board-reset,x-test-reset,board_component_html,epsilon-component,j,HTML Tag Type Modification,NA,no-such-role,-
board-reset,x-test-reset,board_component_html,epsilon-component,k,HTML Tag Insertion,NA,no-such-role,-
board-columns,x-test-columns,board_component_html,alpha-target,d,Text Content Modification,NA,no-text-content,-
board-columns,x-test-columns,board_component_html,alpha-target,e,Text Content Removal,NA,no-text-content,-
board-columns,x-test-columns,board_component_html,alpha-target,i,HTML Tag Removal,NA,would-drop-x-test,-
board-columns,x-test-columns,board_component_html,alpha-target,a,Attribute Value Modification,SAVED,,LLMR_board_component_html_board_columns_alf_a
board-columns,x-test-columns,board_component_html,alpha-target,b,Attribute Removal,SAVED,,LLMR_board_component_html_board_columns_alf_b
board-columns,x-test-columns,board_component_html,alpha-target,c,Attribute Identifier Modification,SAVED,,LLMR_board_component_html_board_columns_alf_c
board-columns,x-test-columns,board_component_html,alpha-target,j,HTML Tag Type Modification,SAVED,,LLMR_board_component_html_board_columns_alf_j
board-columns,x-test-columns,board_component_html,alpha-target,k,HTML Tag Insertion,SAVED,,LLMR_board_component_html_board_columns_alf_k
board-columns,x-test-columns,board_component_html,beta-parent,d,Text Content Modification,NA,no-text-content,-
board-columns,x-test-columns,board_component_html,beta-parent,e,Text Content Removal,NA,no-text-content,-
board-columns,x-test-columns,board_component_html,beta-parent,i,HTML Tag Removal,NA,root-element,-
board-columns,x-test-columns,board_component_html,beta-parent,a,Attribute Value Modification,REJECTED,duplicate,-
board-columns,x-test-columns,board_component_html,beta-parent,b,Attribute Removal,REJECTED,duplicate,-
board-columns,x-test-columns,board_component_html,beta-parent,c,Attribute Identifier Modification,REJECTED,duplicate,-
board-columns,x-test-columns,board_component_html,beta-parent,j,HTML Tag Type Modification,REJECTED,duplicate,-
board-columns,x-test-columns,board_component_html,beta-parent,k,HTML Tag Insertion,REJECTED,duplicate,-
board-columns,x-test-columns,board_component_html,gamma-ancestor,a,Attribute Value Modification,NA,no-such-role,-
board-columns,x-test-columns,board_component_html,gamma-ancestor,b,Attribute Removal,NA,no-such-role,-
board-columns,x-test-columns,board_component_html,gamma-ancestor,c,Attribute Identifier Modification,NA,no-such-role,-
board-columns,x-test-columns,board_component_html,gamma-ancestor,d,Text Content Modification,NA,no-such-role,-
board-columns,x-test-columns,board_component_html,gamma-ancestor,e,Text Content Removal,NA,no-such-role,-
board-columns,x-test-columns,board_component_html,gamma-ancestor,i,HTML Tag Removal,NA,no-such-role,-
board-columns,x-test-columns,board_component_html,gamma-ancestor,j,HTML Tag Type Modification,NA,no-such-role,-
board-columns,x-test-columns,board_component_html,gamma-ancestor,k,HTML Tag Insertion,NA,no-such-role,-
board-columns,x-test-columns,board_component_html,delta-sibling,d,Text Content Modification,NA,no-text-content,-
board-columns,x-test-columns,board_component_html,delta-sibling,e,Text Content Removal,NA,no-text-content,-
board-columns,x-test-columns,board_component_html,delta-sibling,i,HTML Tag Removal,NA,would-drop-x-test,-
board-columns,x-test-columns,board_component_html,delta-sibling,a,Attribute Value Modification,REJECTED,duplicate,-
board-columns,x-test-columns,board_component_html,delta-sibling,b,Attribute Removal,REJECTED,duplicate,-
board-columns,x-test-columns,board_component_html,delta-sibling,c,Attribute Identifier Modification,REJECTED,duplicate,-
board-columns,x-test-columns,board_component_html,delta-sibling,j,HTML Tag Type Modification,REJECTED,duplicate,-
board-columns,x-test-columns,board_component_html,delta-sibling,k,HTML Tag Insertion,REJECTED,duplicate,-
board-columns,x-test-columns,board_component_html,epsilon-component,a,Attribute Value Modification,NA,no-such-role,-
board-columns,x-test-columns,board_component_html,epsilon-component,b,Attribute Removal,NA,no-such-role,-
board-columns,x-test-columns,board_component_html,epsilon-component,c,Attribute Identifier Modification,NA,no-such-role,-
board-columns,x-test-columns,board_component_html,epsilon-component,d,Text Content Modification,NA,no-such-role,-
board-columns,x-test-columns,board_component_html,epsilon-component,e,Text Content Removal,NA,no-such-role,-
board-columns,x-test-columns,board_component_html,epsilon-component,i,HTML Tag Removal,NA,no-such-role,-
board-columns,x-test-columns,board_component_html,epsilon-component,j,HTML Tag Type Modification,NA,no-such-role,-
board-columns,x-test-columns,board_component_html,epsilon-component,k,HTML Tag Insertion,NA,no-such-role,-
board-column-title,x-test-column-title,board_component_html,alpha-target,i,HTML Tag Removal,NA,would-drop-x-test,-
board-column-title,x-test-column-title,board_component_html,alpha-target,a,Attribute Value Modification,SAVED,,LLMR_board_component_html_board_column_title_alf_a
board-column-title,x-test-column-title,board_component_html,alpha-target,b,Attribute Removal,SAVED,,LLMR_board_component_html_board_column_title_alf_b
board-column-title,x-test-column-title,board_component_html,alpha-target,c,Attribute Identifier Modification,SAVED,,LLMR_board_component_html_board_column_title_alf_c
board-column-title,x-test-column-title,board_component_html,alpha-target,d,Text Content Modification,SAVED,,LLMR_board_component_html_board_column_title_alf_d
board-column-title,x-test-column-title,board_component_html,alpha-target,e,Text Content Removal,SAVED,,LLMR_board_component_html_board_column_title_alf_e
board-column-title,x-test-column-title,board_component_html,alpha-target,j,HTML Tag Type Modification,SAVED,,LLMR_board_component_html_board_column_title_alf_j
board-column-title,x-test-column-title,board_component_html,alpha-target,k,HTML Tag Insertion,SAVED,,LLMR_board_component_html_board_column_title_alf_k
board-column-title,x-test-column-title,board_component_html,beta-parent,d,Text Content Modification,NA,no-text-content,-
board-column-title,x-test-column-title,board_component_html,beta-parent,e,Text Content Removal,NA,no-text-content,-
board-column-title,x-test-column-title,board_component_html,beta-parent,a,Attribute Value Modification,SAVED,,LLMR_board_component_html_board_column_title_bet_a
board-column-title,x-test-column-title,board_component_html,beta-parent,b,Attribute Removal,SAVED,,LLMR_board_component_html_board_column_title_bet_b
board-column-title,x-test-column-title,board_component_html,beta-parent,c,Attribute Identifier Modification,SAVED,,LLMR_board_component_html_board_column_title_bet_c
board-column-title,x-test-column-title,board_component_html,beta-parent,i,HTML Tag Removal,SAVED,,LLMR_board_component_html_board_column_title_bet_i
board-column-title,x-test-column-title,board_component_html,beta-parent,j,HTML Tag Type Modification,SAVED,,LLMR_board_component_html_board_column_title_bet_j
board-column-title,x-test-column-title,board_component_html,beta-parent,k,HTML Tag Insertion,SAVED,,LLMR_board_component_html_board_column_title_bet_k
board-column-title,x-test-column-title,board_component_html,gamma-ancestor,d,Text Content Modification,NA,no-text-content,-
board-column-title,x-test-column-title,board_component_html,gamma-ancestor,e,Text Content Removal,NA,no-text-content,-
board-column-title,x-test-column-title,board_component_html,gamma-ancestor,i,HTML Tag Removal,NA,would-drop-x-test,-
board-column-title,x-test-column-title,board_component_html,gamma-ancestor,a,Attribute Value Modification,SAVED,,LLMR_board_component_html_board_column_title_gam_a
board-column-title,x-test-column-title,board_component_html,gamma-ancestor,b,Attribute Removal,SAVED,,LLMR_board_component_html_board_column_title_gam_b
board-column-title,x-test-column-title,board_component_html,gamma-ancestor,c,Attribute Identifier Modification,SAVED,,LLMR_board_component_html_board_column_title_gam_c
board-column-title,x-test-column-title,board_component_html,gamma-ancestor,j,HTML Tag Type Modification,SAVED,,LLMR_board_component_html_board_column_title_gam_j
board-column-title,x-test-column-title,board_component_html,gamma-ancestor,k,HTML Tag Insertion,SAVED,,LLMR_board_component_html_board_column_title_gam_k
board-column-title,x-test-column-title,board_component_html,delta-sibling,i,HTML Tag Removal,NA,would-drop-x-test,-
board-column-title,x-test-column-title,board_component_html,delta-sibling,a,Attribute Value Modification,SAVED,,LLMR_board_component_html_board_column_title_del_a
board-column-title,x-test-column-title,board_component_html,delta-sibling,b,Attribute Removal,SAVED,,LLMR_board_component_html_board_column_title_del_b
board-column-title,x-test-column-title,board_component_html,delta-sibling,c,Attribute Identifier Modification,SAVED,,LLMR_board_component_html_board_column_title_del_c
board-column-title,x-test-column-title,board_component_html,delta-sibling,d,Text Content Modification,SAVED,,LLMR_board_component_html_board_column_title_del_d
board-column-title,x-test-column-title,board_component_html,delta-sibling,e,Text Content Removal,SAVED,,LLMR_board_component_html_board_column_title_del_e
board-column-title,x-test-column-title,board_component_html,delta-sibling,j,HTML Tag Type Modification,SAVED,,LLMR_board_component_html_board_column_title_del_j
board-column-title,x-test-column-title,board_component_html,delta-sibling,k,HTML Tag Insertion,SAVED,,LLMR_board_component_html_board_column_title_del_k
board-column-title,x-test-column-title,board_component_html,epsilon-component,a,Attribute Value Modification,NA,no-such-role,-
board-column-title,x-test-column-title,board_component_html,epsilon-component,b,Attribute Removal,NA,no-such-role,-
board-column-title,x-test-column-title,board_component_html,epsilon-component,c,Attribute Identifier Modification,NA,no-such-role,-
board-column-title,x-test-column-title,board_component_html,epsilon-component,d,Text Content Modification,NA,no-such-role,-
board-column-title,x-test-column-title,board_component_html,epsilon-component,e,Text Content Removal,NA,no-such-role,-
board-column-title,x-test-column-title,board_component_html,epsilon-component,i,HTML Tag Removal,NA,no-such-role,-
board-column-title,x-test-column-title,board_component_html,epsilon-component,j,HTML Tag Type Modification,NA,no-such-role,-
board-column-title,x-test-column-title,board_component_html,epsilon-component,k,HTML Tag Insertion,NA,no-such-role,-
board-column-count,x-test-column-count,board_component_html,alpha-target,i,HTML Tag Removal,NA,would-drop-x-test,-
board-column-count,x-test-column-count,board_component_html,alpha-target,a,Attribute Value Modification,REJECTED,duplicate,-
board-column-count,x-test-column-count,board_component_html,alpha-target,b,Attribute Removal,REJECTED,duplicate,-
board-column-count,x-test-column-count,board_component_html,alpha-target,c,Attribute Identifier Modification,REJECTED,duplicate,-
board-column-count,x-test-column-count,board_component_html,alpha-target,d,Text Content Modification,REJECTED,duplicate,-
board-column-count,x-test-column-count,board_component_html,alpha-target,e,Text Content Removal,REJECTED,duplicate,-
board-column-count,x-test-column-count,board_component_html,alpha-target,j,HTML Tag Type Modification,REJECTED,duplicate,-
board-column-count,x-test-column-count,board_component_html,alpha-target,k,HTML Tag Insertion,REJECTED,duplicate,-
board-column-count,x-test-column-count,board_component_html,beta-parent,d,Text Content Modification,NA,no-text-content,-
board-column-count,x-test-column-count,board_component_html,beta-parent,e,Text Content Removal,NA,no-text-content,-
board-column-count,x-test-column-count,board_component_html,beta-parent,a,Attribute Value Modification,REJECTED,duplicate,-
board-column-count,x-test-column-count,board_component_html,beta-parent,b,Attribute Removal,REJECTED,duplicate,-
board-column-count,x-test-column-count,board_component_html,beta-parent,c,Attribute Identifier Modification,REJECTED,duplicate,-
board-column-count,x-test-column-count,board_component_html,beta-parent,i,HTML Tag Removal,REJECTED,duplicate,-
board-column-count,x-test-column-count,board_component_html,beta-parent,j,HTML Tag Type Modification,REJECTED,duplicate,-
board-column-count,x-test-column-count,board_component_html,beta-parent,k,HTML Tag Insertion,REJECTED,duplicate,-
board-column-count,x-test-column-count,board_component_html,gamma-ancestor,d,Text Content Modification,NA,no-text-content,-
board-column-count,x-test-column-count,board_component_html,gamma-ancestor,e,Text Content Removal,NA,no-text-content,-
board-column-count,x-test-column-count,board_component_html,gamma-ancestor,i,HTML Tag Removal,NA,would-drop-x-test,-
board-column-count,x-test-column-count,board_component_html,gamma-ancestor,a,Attribute Value Modification,REJECTED,duplicate,-
board-column-count,x-test-column-count,board_component_html,gamma-ancestor,b,Attribute Removal,REJECTED,duplicate,-
board-column-count,x-test-column-count,board_component_html,gamma-ancestor,c,Attribute Identifier Modification,REJECTED,duplicate,-
board-column-count,x-test-column-count,board_component_html,gamma-ancestor,j,HTML Tag Type Modification,REJECTED,duplicate,-
board-column-count,x-test-column-count,board_component_html,gamma-ancestor,k,HTML Tag Insertion,REJECTED,duplicate,-
board-column-count,x-test-column-count,board_component_html,delta-sibling,i,HTML Tag Removal,NA,would-drop-x-test,-
board-column-count,x-test-column-count,board_component_html,delta-sibling,a,Attribute Value Modification,REJECTED,duplicate,-
board-column-count,x-test-column-count,board_component_html,delta-sibling,b,Attribute Removal,REJECTED,duplicate,-
board-column-count,x-test-column-count,board_component_html,delta-sibling,c,Attribute Identifier Modification,REJECTED,duplicate,-
board-column-count,x-test-column-count,board_component_html,delta-sibling,d,Text Content Modification,REJECTED,duplicate,-
board-column-count,x-test-column-count,board_component_html,delta-sibling,e,Text Content Removal,REJECTED,duplicate,-
board-column-count,x-test-column-count,board_component_html,delta-sibling,j,HTML Tag Type Modification,REJECTED,duplicate,-
board-column-count,x-test-column-count,board_component_html,delta-sibling,k,HTML Tag Insertion,REJECTED,duplicate,-
board-column-count,x-test-column-count,board_component_html,epsilon-component,a,Attribute Value Modification,NA,no-such-role,-
board-column-count,x-test-column-count,board_component_html,epsilon-component,b,Attribute Removal,NA,no-such-role,-
board-column-count,x-test-column-count,board_component_html,epsilon-component,c,Attribute Identifier Modification,NA,no-such-role,-
board-column-count,x-test-column-count,board_component_html,epsilon-component,d,Text Content Modification,NA,no-such-role,-
board-column-count,x-test-column-count,board_component_html,epsilon-component,e,Text Content Removal,NA,no-such-role,-
board-column-count,x-test-column-count,board_component_html,epsilon-component,i,HTML Tag Removal,NA,no-such-role,-
board-column-count,x-test-column-count,board_component_html,epsilon-component,j,HTML Tag Type Modification,NA,no-such-role,-
board-column-count,x-test-column-count,board_component_html,epsilon-component,k,HTML Tag Insertion,NA,no-such-role,-
header-total-badge,x-test-total-badge,header_component_html,alpha-target,i,HTML Tag Removal,NA,would-drop-x-test,-
header-total-badge,x-test-total-badge,header_component_html,alpha-target,a,Attribute Value Modification,SAVED,,LLMR_header_component_html_header_total_badge_alf_a
header-total-badge,x-test-total-badge,header_component_html,alpha-target,b,Attribute Removal,SAVED,,LLMR_header_component_html_header_total_badge_alf_b
header-total-badge,x-test-total-badge,header_component_html,alpha-target,c,Attribute Identifier Modification,SAVED,,LLMR_header_component_html_header_total_badge_alf_c
header-total-badge,x-test-total-badge,header_component_html,alpha-target,d,Text Content Modification,SAVED,,LLMR_header_component_html_header_total_badge_alf_d
header-total-badge,x-test-total-badge,header_component_html,alpha-target,e,Text Content Removal,SAVED,,LLMR_header_component_html_header_total_badge_alf_e
header-total-badge,x-test-total-badge,header_component_html,alpha-target,j,HTML Tag Type Modification,SAVED,,LLMR_header_component_html_header_total_badge_alf_j
header-total-badge,x-test-total-badge,header_component_html,alpha-target,k,HTML Tag Insertion,SAVED,,LLMR_header_component_html_header_total_badge_alf_k
header-total-badge,x-test-total-badge,header_component_html,beta-parent,d,Text Content Modification,NA,no-text-content,-
header-total-badge,x-test-total-badge,header_component_html,beta-parent,e,Text Content Removal,NA,no-text-content,-
header-total-badge,x-test-total-badge,header_component_html,beta-parent,i,HTML Tag Removal,NA,would-drop-x-test,-
header-total-badge,x-test-total-badge,header_component_html,beta-parent,a,Attribute Value Modification,SAVED,,LLMR_header_component_html_header_total_badge_bet_a
header-total-badge,x-test-total-badge,header_component_html,beta-parent,b,Attribute Removal,SAVED,,LLMR_header_component_html_header_total_badge_bet_b
header-total-badge,x-test-total-badge,header_component_html,beta-parent,c,Attribute Identifier Modification,SAVED,,LLMR_header_component_html_header_total_badge_bet_c
header-total-badge,x-test-total-badge,header_component_html,beta-parent,j,HTML Tag Type Modification,SAVED,,LLMR_header_component_html_header_total_badge_bet_j
header-total-badge,x-test-total-badge,header_component_html,beta-parent,k,HTML Tag Insertion,SAVED,,LLMR_header_component_html_header_total_badge_bet_k
header-total-badge,x-test-total-badge,header_component_html,gamma-ancestor,d,Text Content Modification,NA,no-text-content,-
header-total-badge,x-test-total-badge,header_component_html,gamma-ancestor,e,Text Content Removal,NA,no-text-content,-
header-total-badge,x-test-total-badge,header_component_html,gamma-ancestor,a,Attribute Value Modification,SAVED,,LLMR_header_component_html_header_total_badge_gam_a
header-total-badge,x-test-total-badge,header_component_html,gamma-ancestor,b,Attribute Removal,SAVED,,LLMR_header_component_html_header_total_badge_gam_b
header-total-badge,x-test-total-badge,header_component_html,gamma-ancestor,c,Attribute Identifier Modification,SAVED,,LLMR_header_component_html_header_total_badge_gam_c
header-total-badge,x-test-total-badge,header_component_html,gamma-ancestor,i,HTML Tag Removal,SAVED,,LLMR_header_component_html_header_total_badge_gam_i
header-total-badge,x-test-total-badge,header_component_html,gamma-ancestor,j,HTML Tag Type Modification,SAVED,,LLMR_header_component_html_header_total_badge_gam_j
header-total-badge,x-test-total-badge,header_component_html,gamma-ancestor,k,HTML Tag Insertion,SAVED,,LLMR_header_component_html_header_total_badge_gam_k
header-total-badge,x-test-total-badge,header_component_html,delta-sibling,i,HTML Tag Removal,NA,would-drop-x-test,-
header-total-badge,x-test-total-badge,header_component_html,delta-sibling,a,Attribute Value Modification,SAVED,,LLMR_header_component_html_header_total_badge_del_a
header-total-badge,x-test-total-badge,header_component_html,delta-sibling,b,Attribute Removal,SAVED,,LLMR_header_component_html_header_total_badge_del_b
header-total-badge,x-test-total-badge,header_component_html,delta-sibling,c,Attribute Identifier Modification,SAVED,,LLMR_header_component_html_header_total_badge_del_c
header-total-badge,x-test-total-badge,header_component_html,delta-sibling,d,Text Content Modification,SAVED,,LLMR_header_component_html_header_total_badge_del_d
header-total-badge,x-test-total-badge,header_component_html,delta-sibling,e,Text Content Removal,SAVED,,LLMR_header_component_html_header_total_badge_del_e
header-total-badge,x-test-total-badge,header_component_html,delta-sibling,j,HTML Tag Type Modification,SAVED,,LLMR_header_component_html_header_total_badge_del_j
header-total-badge,x-test-total-badge,header_component_html,delta-sibling,k,HTML Tag Insertion,SAVED,,LLMR_header_component_html_header_total_badge_del_k
header-total-badge,x-test-total-badge,header_component_html,epsilon-component,a,Attribute Value Modification,NA,no-such-role,-
header-total-badge,x-test-total-badge,header_component_html,epsilon-component,b,Attribute Removal,NA,no-such-role,-
header-total-badge,x-test-total-badge,header_component_html,epsilon-component,c,Attribute Identifier Modification,NA,no-such-role,-
header-total-badge,x-test-total-badge,header_component_html,epsilon-component,d,Text Content Modification,NA,no-such-role,-
header-total-badge,x-test-total-badge,header_component_html,epsilon-component,e,Text Content Removal,NA,no-such-role,-
header-total-badge,x-test-total-badge,header_component_html,epsilon-component,i,HTML Tag Removal,NA,no-such-role,-
header-total-badge,x-test-total-badge,header_component_html,epsilon-component,j,HTML Tag Type Modification,NA,no-such-role,-
header-total-badge,x-test-total-badge,header_component_html,epsilon-component,k,HTML Tag Insertion,NA,no-such-role,-
header-app-title,x-test-app-title,header_component_html,alpha-target,i,HTML Tag Removal,NA,would-drop-x-test,-
header-app-title,x-test-app-title,header_component_html,alpha-target,a,Attribute Value Modification,SAVED,,LLMR_header_component_html_header_app_title_alf_a
header-app-title,x-test-app-title,header_component_html,alpha-target,b,Attribute Removal,SAVED,,LLMR_header_component_html_header_app_title_alf_b
header-app-title,x-test-app-title,header_component_html,alpha-target,c,Attribute Identifier Modification,SAVED,,LLMR_header_component_html_header_app_title_alf_c
header-app-title,x-test-app-title,header_component_html,alpha-target,d,Text Content Modification,SAVED,,LLMR_header_component_html_header_app_title_alf_d
header-app-title,x-test-app-title,header_component_html,alpha-target,e,Text Content Removal,SAVED,,LLMR_header_component_html_header_app_title_alf_e
header-app-title,x-test-app-title,header_component_html,alpha-target,j,HTML Tag Type Modification,SAVED,,LLMR_header_component_html_header_app_title_alf_j
header-app-title,x-test-app-title,header_component_html,alpha-target,k,HTML Tag Insertion,SAVED,,LLMR_header_component_html_header_app_title_alf_k
header-app-title,x-test-app-title,header_component_html,beta-parent,d,Text Content Modification,NA,no-text-content,-
header-app-title,x-test-app-title,header_component_html,beta-parent,e,Text Content Removal,NA,no-text-content,-
header-app-title,x-test-app-title,header_component_html,beta-parent,i,HTML Tag Removal,NA,would-drop-x-test,-
header-app-title,x-test-app-title,header_component_html,beta-parent,a,Attribute Value Modification,SAVED,,LLMR_header_component_html_header_app_title_bet_a
header-app-title,x-test-app-title,header_component_html,beta-parent,b,Attribute Removal,SAVED,,LLMR_header_component_html_header_app_title_bet_b
header-app-title,x-test-app-title,header_component_html,beta-parent,c,Attribute Identifier Modification,SAVED,,LLMR_header_component_html_header_app_title_bet_c
header-app-title,x-test-app-title,header_component_html,beta-parent,j,HTML Tag Type Modification,SAVED,,LLMR_header_component_html_header_app_title_bet_j
header-app-title,x-test-app-title,header_component_html,beta-parent,k,HTML Tag Insertion,SAVED,,LLMR_header_component_html_header_app_title_bet_k
header-app-title,x-test-app-title,header_component_html,gamma-ancestor,d,Text Content Modification,NA,no-text-content,-
header-app-title,x-test-app-title,header_component_html,gamma-ancestor,e,Text Content Removal,NA,no-text-content,-
header-app-title,x-test-app-title,header_component_html,gamma-ancestor,a,Attribute Value Modification,REJECTED,duplicate,-
header-app-title,x-test-app-title,header_component_html,gamma-ancestor,b,Attribute Removal,REJECTED,duplicate,-
header-app-title,x-test-app-title,header_component_html,gamma-ancestor,c,Attribute Identifier Modification,REJECTED,duplicate,-
header-app-title,x-test-app-title,header_component_html,gamma-ancestor,i,HTML Tag Removal,REJECTED,duplicate,-
header-app-title,x-test-app-title,header_component_html,gamma-ancestor,j,HTML Tag Type Modification,REJECTED,duplicate,-
header-app-title,x-test-app-title,header_component_html,gamma-ancestor,k,HTML Tag Insertion,REJECTED,duplicate,-
header-app-title,x-test-app-title,header_component_html,delta-sibling,i,HTML Tag Removal,NA,would-drop-x-test,-
header-app-title,x-test-app-title,header_component_html,delta-sibling,a,Attribute Value Modification,SAVED,,LLMR_header_component_html_header_app_title_del_a
header-app-title,x-test-app-title,header_component_html,delta-sibling,b,Attribute Removal,SAVED,,LLMR_header_component_html_header_app_title_del_b
header-app-title,x-test-app-title,header_component_html,delta-sibling,c,Attribute Identifier Modification,SAVED,,LLMR_header_component_html_header_app_title_del_c
header-app-title,x-test-app-title,header_component_html,delta-sibling,d,Text Content Modification,SAVED,,LLMR_header_component_html_header_app_title_del_d
header-app-title,x-test-app-title,header_component_html,delta-sibling,e,Text Content Removal,SAVED,,LLMR_header_component_html_header_app_title_del_e
header-app-title,x-test-app-title,header_component_html,delta-sibling,j,HTML Tag Type Modification,SAVED,,LLMR_header_component_html_header_app_title_del_j
header-app-title,x-test-app-title,header_component_html,delta-sibling,k,HTML Tag Insertion,SAVED,,LLMR_header_component_html_header_app_title_del_k
header-app-title,x-test-app-title,header_component_html,epsilon-component,a,Attribute Value Modification,NA,no-such-role,-
header-app-title,x-test-app-title,header_component_html,epsilon-component,b,Attribute Removal,NA,no-such-role,-
header-app-title,x-test-app-title,header_component_html,epsilon-component,c,Attribute Identifier Modification,NA,no-such-role,-
header-app-title,x-test-app-title,header_component_html,epsilon-component,d,Text Content Modification,NA,no-such-role,-
header-app-title,x-test-app-title,header_component_html,epsilon-component,e,Text Content Removal,NA,no-such-role,-
header-app-title,x-test-app-title,header_component_html,epsilon-component,i,HTML Tag Removal,NA,no-such-role,-
header-app-title,x-test-app-title,header_component_html,epsilon-component,j,HTML Tag Type Modification,NA,no-such-role,-
header-app-title,x-test-app-title,header_component_html,epsilon-component,k,HTML Tag Insertion,NA,no-such-role,-
header-app-tagline,x-test-app-tagline,header_component_html,alpha-target,i,HTML Tag Removal,NA,would-drop-x-test,-
header-app-tagline,x-test-app-tagline,header_component_html,alpha-target,a,Attribute Value Modification,REJECTED,duplicate,-
header-app-tagline,x-test-app-tagline,header_component_html,alpha-target,b,Attribute Removal,REJECTED,duplicate,-
header-app-tagline,x-test-app-tagline,header_component_html,alpha-target,c,Attribute Identifier Modification,REJECTED,duplicate,-
header-app-tagline,x-test-app-tagline,header_component_html,alpha-target,d,Text Content Modification,REJECTED,duplicate,-
header-app-tagline,x-test-app-tagline,header_component_html,alpha-target,e,Text Content Removal,REJECTED,duplicate,-
header-app-tagline,x-test-app-tagline,header_component_html,alpha-target,j,HTML Tag Type Modification,REJECTED,duplicate,-
header-app-tagline,x-test-app-tagline,header_component_html,alpha-target,k,HTML Tag Insertion,REJECTED,duplicate,-
header-app-tagline,x-test-app-tagline,header_component_html,beta-parent,d,Text Content Modification,NA,no-text-content,-
header-app-tagline,x-test-app-tagline,header_component_html,beta-parent,e,Text Content Removal,NA,no-text-content,-
header-app-tagline,x-test-app-tagline,header_component_html,beta-parent,i,HTML Tag Removal,NA,would-drop-x-test,-
header-app-tagline,x-test-app-tagline,header_component_html,beta-parent,a,Attribute Value Modification,REJECTED,duplicate,-
header-app-tagline,x-test-app-tagline,header_component_html,beta-parent,b,Attribute Removal,REJECTED,duplicate,-
header-app-tagline,x-test-app-tagline,header_component_html,beta-parent,c,Attribute Identifier Modification,REJECTED,duplicate,-
header-app-tagline,x-test-app-tagline,header_component_html,beta-parent,j,HTML Tag Type Modification,REJECTED,duplicate,-
header-app-tagline,x-test-app-tagline,header_component_html,beta-parent,k,HTML Tag Insertion,REJECTED,duplicate,-
header-app-tagline,x-test-app-tagline,header_component_html,gamma-ancestor,d,Text Content Modification,NA,no-text-content,-
header-app-tagline,x-test-app-tagline,header_component_html,gamma-ancestor,e,Text Content Removal,NA,no-text-content,-
header-app-tagline,x-test-app-tagline,header_component_html,gamma-ancestor,a,Attribute Value Modification,REJECTED,duplicate,-
header-app-tagline,x-test-app-tagline,header_component_html,gamma-ancestor,b,Attribute Removal,REJECTED,duplicate,-
header-app-tagline,x-test-app-tagline,header_component_html,gamma-ancestor,c,Attribute Identifier Modification,REJECTED,duplicate,-
header-app-tagline,x-test-app-tagline,header_component_html,gamma-ancestor,i,HTML Tag Removal,REJECTED,duplicate,-
header-app-tagline,x-test-app-tagline,header_component_html,gamma-ancestor,j,HTML Tag Type Modification,REJECTED,duplicate,-
header-app-tagline,x-test-app-tagline,header_component_html,gamma-ancestor,k,HTML Tag Insertion,REJECTED,duplicate,-
header-app-tagline,x-test-app-tagline,header_component_html,delta-sibling,i,HTML Tag Removal,NA,would-drop-x-test,-
header-app-tagline,x-test-app-tagline,header_component_html,delta-sibling,a,Attribute Value Modification,REJECTED,duplicate,-
header-app-tagline,x-test-app-tagline,header_component_html,delta-sibling,b,Attribute Removal,REJECTED,duplicate,-
header-app-tagline,x-test-app-tagline,header_component_html,delta-sibling,c,Attribute Identifier Modification,REJECTED,duplicate,-
header-app-tagline,x-test-app-tagline,header_component_html,delta-sibling,d,Text Content Modification,REJECTED,duplicate,-
header-app-tagline,x-test-app-tagline,header_component_html,delta-sibling,e,Text Content Removal,REJECTED,duplicate,-
header-app-tagline,x-test-app-tagline,header_component_html,delta-sibling,j,HTML Tag Type Modification,REJECTED,duplicate,-
header-app-tagline,x-test-app-tagline,header_component_html,delta-sibling,k,HTML Tag Insertion,REJECTED,duplicate,-
header-app-tagline,x-test-app-tagline,header_component_html,epsilon-component,a,Attribute Value Modification,NA,no-such-role,-
header-app-tagline,x-test-app-tagline,header_component_html,epsilon-component,b,Attribute Removal,NA,no-such-role,-
header-app-tagline,x-test-app-tagline,header_component_html,epsilon-component,c,Attribute Identifier Modification,NA,no-such-role,-
header-app-tagline,x-test-app-tagline,header_component_html,epsilon-component,d,Text Content Modification,NA,no-such-role,-
header-app-tagline,x-test-app-tagline,header_component_html,epsilon-component,e,Text Content Removal,NA,no-such-role,-
header-app-tagline,x-test-app-tagline,header_component_html,epsilon-component,i,HTML Tag Removal,NA,no-such-role,-
header-app-tagline,x-test-app-tagline,header_component_html,epsilon-component,j,HTML Tag Type Modification,NA,no-such-role,-
header-app-tagline,x-test-app-tagline,header_component_html,epsilon-component,k,HTML Tag Insertion,NA,no-such-role,-
header-brand-icon,x-test-brand-icon,header_component_html,alpha-target,i,HTML Tag Removal,NA,would-drop-x-test,-
header-brand-icon,x-test-brand-icon,header_component_html,alpha-target,a,Attribute Value Modification,SAVED,,LLMR_header_component_html_header_brand_icon_alf_a
header-brand-icon,x-test-brand-icon,header_component_html,alpha-target,b,Attribute Removal,SAVED,,LLMR_header_component_html_header_brand_icon_alf_b
header-brand-icon,x-test-brand-icon,header_component_html,alpha-target,c,Attribute Identifier Modification,SAVED,,LLMR_header_component_html_header_brand_icon_alf_c
header-brand-icon,x-test-brand-icon,header_component_html,alpha-target,d,Text Content Modification,SAVED,,LLMR_header_component_html_header_brand_icon_alf_d
header-brand-icon,x-test-brand-icon,header_component_html,alpha-target,e,Text Content Removal,SAVED,,LLMR_header_component_html_header_brand_icon_alf_e
header-brand-icon,x-test-brand-icon,header_component_html,alpha-target,j,HTML Tag Type Modification,SAVED,,LLMR_header_component_html_header_brand_icon_alf_j
header-brand-icon,x-test-brand-icon,header_component_html,alpha-target,k,HTML Tag Insertion,SAVED,,LLMR_header_component_html_header_brand_icon_alf_k
header-brand-icon,x-test-brand-icon,header_component_html,beta-parent,d,Text Content Modification,NA,no-text-content,-
header-brand-icon,x-test-brand-icon,header_component_html,beta-parent,e,Text Content Removal,NA,no-text-content,-
header-brand-icon,x-test-brand-icon,header_component_html,beta-parent,i,HTML Tag Removal,NA,would-drop-x-test,-
header-brand-icon,x-test-brand-icon,header_component_html,beta-parent,a,Attribute Value Modification,REJECTED,duplicate,-
header-brand-icon,x-test-brand-icon,header_component_html,beta-parent,b,Attribute Removal,REJECTED,duplicate,-
header-brand-icon,x-test-brand-icon,header_component_html,beta-parent,c,Attribute Identifier Modification,REJECTED,duplicate,-
header-brand-icon,x-test-brand-icon,header_component_html,beta-parent,j,HTML Tag Type Modification,REJECTED,duplicate,-
header-brand-icon,x-test-brand-icon,header_component_html,beta-parent,k,HTML Tag Insertion,REJECTED,duplicate,-
header-brand-icon,x-test-brand-icon,header_component_html,gamma-ancestor,d,Text Content Modification,NA,no-text-content,-
header-brand-icon,x-test-brand-icon,header_component_html,gamma-ancestor,e,Text Content Removal,NA,no-text-content,-
header-brand-icon,x-test-brand-icon,header_component_html,gamma-ancestor,a,Attribute Value Modification,REJECTED,duplicate,-
header-brand-icon,x-test-brand-icon,header_component_html,gamma-ancestor,b,Attribute Removal,REJECTED,duplicate,-
header-brand-icon,x-test-brand-icon,header_component_html,gamma-ancestor,c,Attribute Identifier Modification,REJECTED,duplicate,-
header-brand-icon,x-test-brand-icon,header_component_html,gamma-ancestor,i,HTML Tag Removal,REJECTED,duplicate,-
header-brand-icon,x-test-brand-icon,header_component_html,gamma-ancestor,j,HTML Tag Type Modification,REJECTED,duplicate,-
header-brand-icon,x-test-brand-icon,header_component_html,gamma-ancestor,k,HTML Tag Insertion,REJECTED,duplicate,-
header-brand-icon,x-test-brand-icon,header_component_html,delta-sibling,i,HTML Tag Removal,NA,would-drop-x-test,-
header-brand-icon,x-test-brand-icon,header_component_html,delta-sibling,a,Attribute Value Modification,REJECTED,duplicate,-
header-brand-icon,x-test-brand-icon,header_component_html,delta-sibling,b,Attribute Removal,REJECTED,duplicate,-
header-brand-icon,x-test-brand-icon,header_component_html,delta-sibling,c,Attribute Identifier Modification,REJECTED,duplicate,-
header-brand-icon,x-test-brand-icon,header_component_html,delta-sibling,d,Text Content Modification,REJECTED,duplicate,-
header-brand-icon,x-test-brand-icon,header_component_html,delta-sibling,e,Text Content Removal,REJECTED,duplicate,-
header-brand-icon,x-test-brand-icon,header_component_html,delta-sibling,j,HTML Tag Type Modification,REJECTED,duplicate,-
header-brand-icon,x-test-brand-icon,header_component_html,delta-sibling,k,HTML Tag Insertion,REJECTED,duplicate,-
header-brand-icon,x-test-brand-icon,header_component_html,epsilon-component,a,Attribute Value Modification,NA,no-such-role,-
header-brand-icon,x-test-brand-icon,header_component_html,epsilon-component,b,Attribute Removal,NA,no-such-role,-
header-brand-icon,x-test-brand-icon,header_component_html,epsilon-component,c,Attribute Identifier Modification,NA,no-such-role,-
header-brand-icon,x-test-brand-icon,header_component_html,epsilon-component,d,Text Content Modification,NA,no-such-role,-
header-brand-icon,x-test-brand-icon,header_component_html,epsilon-component,e,Text Content Removal,NA,no-such-role,-
header-brand-icon,x-test-brand-icon,header_component_html,epsilon-component,i,HTML Tag Removal,NA,no-such-role,-
header-brand-icon,x-test-brand-icon,header_component_html,epsilon-component,j,HTML Tag Type Modification,NA,no-such-role,-
header-brand-icon,x-test-brand-icon,header_component_html,epsilon-component,k,HTML Tag Insertion,NA,no-such-role,-
header-nav-board,x-test-nav-board,header_component_html,alpha-target,i,HTML Tag Removal,NA,would-drop-x-test,-
header-nav-board,x-test-nav-board,header_component_html,alpha-target,a,Attribute Value Modification,SAVED,,LLMR_header_component_html_header_nav_board_alf_a
header-nav-board,x-test-nav-board,header_component_html,alpha-target,b,Attribute Removal,SAVED,,LLMR_header_component_html_header_nav_board_alf_b
header-nav-board,x-test-nav-board,header_component_html,alpha-target,c,Attribute Identifier Modification,SAVED,,LLMR_header_component_html_header_nav_board_alf_c
header-nav-board,x-test-nav-board,header_component_html,alpha-target,d,Text Content Modification,SAVED,,LLMR_header_component_html_header_nav_board_alf_d
header-nav-board,x-test-nav-board,header_component_html,alpha-target,e,Text Content Removal,SAVED,,LLMR_header_component_html_header_nav_board_alf_e
header-nav-board,x-test-nav-board,header_component_html,alpha-target,j,HTML Tag Type Modification,SAVED,,LLMR_header_component_html_header_nav_board_alf_j
header-nav-board,x-test-nav-board,header_component_html,alpha-target,k,HTML Tag Insertion,SAVED,,LLMR_header_component_html_header_nav_board_alf_k
header-nav-board,x-test-nav-board,header_component_html,beta-parent,d,Text Content Modification,NA,no-text-content,-
header-nav-board,x-test-nav-board,header_component_html,beta-parent,e,Text Content Removal,NA,no-text-content,-
header-nav-board,x-test-nav-board,header_component_html,beta-parent,i,HTML Tag Removal,NA,would-drop-x-test,-
header-nav-board,x-test-nav-board,header_component_html,beta-parent,a,Attribute Value Modification,SAVED,,LLMR_header_component_html_header_nav_board_bet_a
header-nav-board,x-test-nav-board,header_component_html,beta-parent,b,Attribute Removal,SAVED,,LLMR_header_component_html_header_nav_board_bet_b
header-nav-board,x-test-nav-board,header_component_html,beta-parent,c,Attribute Identifier Modification,SAVED,,LLMR_header_component_html_header_nav_board_bet_c
header-nav-board,x-test-nav-board,header_component_html,beta-parent,j,HTML Tag Type Modification,SAVED,,LLMR_header_component_html_header_nav_board_bet_j
header-nav-board,x-test-nav-board,header_component_html,beta-parent,k,HTML Tag Insertion,SAVED,,LLMR_header_component_html_header_nav_board_bet_k
header-nav-board,x-test-nav-board,header_component_html,gamma-ancestor,d,Text Content Modification,NA,no-text-content,-
header-nav-board,x-test-nav-board,header_component_html,gamma-ancestor,e,Text Content Removal,NA,no-text-content,-
header-nav-board,x-test-nav-board,header_component_html,gamma-ancestor,a,Attribute Value Modification,REJECTED,duplicate,-
header-nav-board,x-test-nav-board,header_component_html,gamma-ancestor,b,Attribute Removal,REJECTED,duplicate,-
header-nav-board,x-test-nav-board,header_component_html,gamma-ancestor,c,Attribute Identifier Modification,REJECTED,duplicate,-
header-nav-board,x-test-nav-board,header_component_html,gamma-ancestor,i,HTML Tag Removal,REJECTED,duplicate,-
header-nav-board,x-test-nav-board,header_component_html,gamma-ancestor,j,HTML Tag Type Modification,REJECTED,duplicate,-
header-nav-board,x-test-nav-board,header_component_html,gamma-ancestor,k,HTML Tag Insertion,REJECTED,duplicate,-
header-nav-board,x-test-nav-board,header_component_html,delta-sibling,i,HTML Tag Removal,NA,would-drop-x-test,-
header-nav-board,x-test-nav-board,header_component_html,delta-sibling,a,Attribute Value Modification,SAVED,,LLMR_header_component_html_header_nav_board_del_a
header-nav-board,x-test-nav-board,header_component_html,delta-sibling,b,Attribute Removal,SAVED,,LLMR_header_component_html_header_nav_board_del_b
header-nav-board,x-test-nav-board,header_component_html,delta-sibling,c,Attribute Identifier Modification,SAVED,,LLMR_header_component_html_header_nav_board_del_c
header-nav-board,x-test-nav-board,header_component_html,delta-sibling,d,Text Content Modification,SAVED,,LLMR_header_component_html_header_nav_board_del_d
header-nav-board,x-test-nav-board,header_component_html,delta-sibling,e,Text Content Removal,SAVED,,LLMR_header_component_html_header_nav_board_del_e
header-nav-board,x-test-nav-board,header_component_html,delta-sibling,j,HTML Tag Type Modification,SAVED,,LLMR_header_component_html_header_nav_board_del_j
header-nav-board,x-test-nav-board,header_component_html,delta-sibling,k,HTML Tag Insertion,SAVED,,LLMR_header_component_html_header_nav_board_del_k
header-nav-board,x-test-nav-board,header_component_html,epsilon-component,a,Attribute Value Modification,NA,no-such-role,-
header-nav-board,x-test-nav-board,header_component_html,epsilon-component,b,Attribute Removal,NA,no-such-role,-
header-nav-board,x-test-nav-board,header_component_html,epsilon-component,c,Attribute Identifier Modification,NA,no-such-role,-
header-nav-board,x-test-nav-board,header_component_html,epsilon-component,d,Text Content Modification,NA,no-such-role,-
header-nav-board,x-test-nav-board,header_component_html,epsilon-component,e,Text Content Removal,NA,no-such-role,-
header-nav-board,x-test-nav-board,header_component_html,epsilon-component,i,HTML Tag Removal,NA,no-such-role,-
header-nav-board,x-test-nav-board,header_component_html,epsilon-component,j,HTML Tag Type Modification,NA,no-such-role,-
header-nav-board,x-test-nav-board,header_component_html,epsilon-component,k,HTML Tag Insertion,NA,no-such-role,-
header-nav-stats,x-test-nav-stats,header_component_html,alpha-target,i,HTML Tag Removal,NA,would-drop-x-test,-
header-nav-stats,x-test-nav-stats,header_component_html,alpha-target,a,Attribute Value Modification,REJECTED,duplicate,-
header-nav-stats,x-test-nav-stats,header_component_html,alpha-target,b,Attribute Removal,REJECTED,duplicate,-
header-nav-stats,x-test-nav-stats,header_component_html,alpha-target,c,Attribute Identifier Modification,REJECTED,duplicate,-
header-nav-stats,x-test-nav-stats,header_component_html,alpha-target,d,Text Content Modification,REJECTED,duplicate,-
header-nav-stats,x-test-nav-stats,header_component_html,alpha-target,e,Text Content Removal,REJECTED,duplicate,-
header-nav-stats,x-test-nav-stats,header_component_html,alpha-target,j,HTML Tag Type Modification,REJECTED,duplicate,-
header-nav-stats,x-test-nav-stats,header_component_html,alpha-target,k,HTML Tag Insertion,REJECTED,duplicate,-
header-nav-stats,x-test-nav-stats,header_component_html,beta-parent,d,Text Content Modification,NA,no-text-content,-
header-nav-stats,x-test-nav-stats,header_component_html,beta-parent,e,Text Content Removal,NA,no-text-content,-
header-nav-stats,x-test-nav-stats,header_component_html,beta-parent,i,HTML Tag Removal,NA,would-drop-x-test,-
header-nav-stats,x-test-nav-stats,header_component_html,beta-parent,a,Attribute Value Modification,REJECTED,duplicate,-
header-nav-stats,x-test-nav-stats,header_component_html,beta-parent,b,Attribute Removal,REJECTED,duplicate,-
header-nav-stats,x-test-nav-stats,header_component_html,beta-parent,c,Attribute Identifier Modification,REJECTED,duplicate,-
header-nav-stats,x-test-nav-stats,header_component_html,beta-parent,j,HTML Tag Type Modification,REJECTED,duplicate,-
header-nav-stats,x-test-nav-stats,header_component_html,beta-parent,k,HTML Tag Insertion,REJECTED,duplicate,-
header-nav-stats,x-test-nav-stats,header_component_html,gamma-ancestor,d,Text Content Modification,NA,no-text-content,-
header-nav-stats,x-test-nav-stats,header_component_html,gamma-ancestor,e,Text Content Removal,NA,no-text-content,-
header-nav-stats,x-test-nav-stats,header_component_html,gamma-ancestor,a,Attribute Value Modification,REJECTED,duplicate,-
header-nav-stats,x-test-nav-stats,header_component_html,gamma-ancestor,b,Attribute Removal,REJECTED,duplicate,-
header-nav-stats,x-test-nav-stats,header_component_html,gamma-ancestor,c,Attribute Identifier Modification,REJECTED,duplicate,-
header-nav-stats,x-test-nav-stats,header_component_html,gamma-ancestor,i,HTML Tag Removal,REJECTED,duplicate,-
header-nav-stats,x-test-nav-stats,header_component_html,gamma-ancestor,j,HTML Tag Type Modification,REJECTED,duplicate,-
header-nav-stats,x-test-nav-stats,header_component_html,gamma-ancestor,k,HTML Tag Insertion,REJECTED,duplicate,-
header-nav-stats,x-test-nav-stats,header_component_html,delta-sibling,i,HTML Tag Removal,NA,would-drop-x-test,-
header-nav-stats,x-test-nav-stats,header_component_html,delta-sibling,a,Attribute Value Modification,SAVED,,LLMR_header_component_html_header_nav_stats_del_a
header-nav-stats,x-test-nav-stats,header_component_html,delta-sibling,b,Attribute Removal,SAVED,,LLMR_header_component_html_header_nav_stats_del_b
header-nav-stats,x-test-nav-stats,header_component_html,delta-sibling,c,Attribute Identifier Modification,SAVED,,LLMR_header_component_html_header_nav_stats_del_c
header-nav-stats,x-test-nav-stats,header_component_html,delta-sibling,d,Text Content Modification,SAVED,,LLMR_header_component_html_header_nav_stats_del_d
header-nav-stats,x-test-nav-stats,header_component_html,delta-sibling,e,Text Content Removal,SAVED,,LLMR_header_component_html_header_nav_stats_del_e
header-nav-stats,x-test-nav-stats,header_component_html,delta-sibling,j,HTML Tag Type Modification,SAVED,,LLMR_header_component_html_header_nav_stats_del_j
header-nav-stats,x-test-nav-stats,header_component_html,delta-sibling,k,HTML Tag Insertion,SAVED,,LLMR_header_component_html_header_nav_stats_del_k
header-nav-stats,x-test-nav-stats,header_component_html,epsilon-component,a,Attribute Value Modification,NA,no-such-role,-
header-nav-stats,x-test-nav-stats,header_component_html,epsilon-component,b,Attribute Removal,NA,no-such-role,-
header-nav-stats,x-test-nav-stats,header_component_html,epsilon-component,c,Attribute Identifier Modification,NA,no-such-role,-
header-nav-stats,x-test-nav-stats,header_component_html,epsilon-component,d,Text Content Modification,NA,no-such-role,-
header-nav-stats,x-test-nav-stats,header_component_html,epsilon-component,e,Text Content Removal,NA,no-such-role,-
header-nav-stats,x-test-nav-stats,header_component_html,epsilon-component,i,HTML Tag Removal,NA,no-such-role,-
header-nav-stats,x-test-nav-stats,header_component_html,epsilon-component,j,HTML Tag Type Modification,NA,no-such-role,-
header-nav-stats,x-test-nav-stats,header_component_html,epsilon-component,k,HTML Tag Insertion,NA,no-such-role,-
header-new-card,x-test-new-card,header_component_html,alpha-target,i,HTML Tag Removal,NA,would-drop-x-test,-
header-new-card,x-test-new-card,header_component_html,alpha-target,a,Attribute Value Modification,REJECTED,duplicate,-
header-new-card,x-test-new-card,header_component_html,alpha-target,b,Attribute Removal,REJECTED,duplicate,-
header-new-card,x-test-new-card,header_component_html,alpha-target,c,Attribute Identifier Modification,REJECTED,duplicate,-
header-new-card,x-test-new-card,header_component_html,alpha-target,d,Text Content Modification,REJECTED,duplicate,-
header-new-card,x-test-new-card,header_component_html,alpha-target,e,Text Content Removal,REJECTED,duplicate,-
header-new-card,x-test-new-card,header_component_html,alpha-target,j,HTML Tag Type Modification,REJECTED,duplicate,-
header-new-card,x-test-new-card,header_component_html,alpha-target,k,HTML Tag Insertion,REJECTED,duplicate,-
header-new-card,x-test-new-card,header_component_html,beta-parent,d,Text Content Modification,NA,no-text-content,-
header-new-card,x-test-new-card,header_component_html,beta-parent,e,Text Content Removal,NA,no-text-content,-
header-new-card,x-test-new-card,header_component_html,beta-parent,i,HTML Tag Removal,NA,would-drop-x-test,-
header-new-card,x-test-new-card,header_component_html,beta-parent,a,Attribute Value Modification,REJECTED,duplicate,-
header-new-card,x-test-new-card,header_component_html,beta-parent,b,Attribute Removal,REJECTED,duplicate,-
header-new-card,x-test-new-card,header_component_html,beta-parent,c,Attribute Identifier Modification,REJECTED,duplicate,-
header-new-card,x-test-new-card,header_component_html,beta-parent,j,HTML Tag Type Modification,REJECTED,duplicate,-
header-new-card,x-test-new-card,header_component_html,beta-parent,k,HTML Tag Insertion,REJECTED,duplicate,-
header-new-card,x-test-new-card,header_component_html,gamma-ancestor,d,Text Content Modification,NA,no-text-content,-
header-new-card,x-test-new-card,header_component_html,gamma-ancestor,e,Text Content Removal,NA,no-text-content,-
header-new-card,x-test-new-card,header_component_html,gamma-ancestor,a,Attribute Value Modification,REJECTED,duplicate,-
header-new-card,x-test-new-card,header_component_html,gamma-ancestor,b,Attribute Removal,REJECTED,duplicate,-
header-new-card,x-test-new-card,header_component_html,gamma-ancestor,c,Attribute Identifier Modification,REJECTED,duplicate,-
header-new-card,x-test-new-card,header_component_html,gamma-ancestor,i,HTML Tag Removal,REJECTED,duplicate,-
header-new-card,x-test-new-card,header_component_html,gamma-ancestor,j,HTML Tag Type Modification,REJECTED,duplicate,-
header-new-card,x-test-new-card,header_component_html,gamma-ancestor,k,HTML Tag Insertion,REJECTED,duplicate,-
header-new-card,x-test-new-card,header_component_html,delta-sibling,i,HTML Tag Removal,NA,would-drop-x-test,-
header-new-card,x-test-new-card,header_component_html,delta-sibling,a,Attribute Value Modification,REJECTED,duplicate,-
header-new-card,x-test-new-card,header_component_html,delta-sibling,b,Attribute Removal,REJECTED,duplicate,-
header-new-card,x-test-new-card,header_component_html,delta-sibling,c,Attribute Identifier Modification,REJECTED,duplicate,-
header-new-card,x-test-new-card,header_component_html,delta-sibling,d,Text Content Modification,REJECTED,duplicate,-
header-new-card,x-test-new-card,header_component_html,delta-sibling,e,Text Content Removal,REJECTED,duplicate,-
header-new-card,x-test-new-card,header_component_html,delta-sibling,j,HTML Tag Type Modification,REJECTED,duplicate,-
header-new-card,x-test-new-card,header_component_html,delta-sibling,k,HTML Tag Insertion,REJECTED,duplicate,-
header-new-card,x-test-new-card,header_component_html,epsilon-component,a,Attribute Value Modification,NA,no-such-role,-
header-new-card,x-test-new-card,header_component_html,epsilon-component,b,Attribute Removal,NA,no-such-role,-
header-new-card,x-test-new-card,header_component_html,epsilon-component,c,Attribute Identifier Modification,NA,no-such-role,-
header-new-card,x-test-new-card,header_component_html,epsilon-component,d,Text Content Modification,NA,no-such-role,-
header-new-card,x-test-new-card,header_component_html,epsilon-component,e,Text Content Removal,NA,no-such-role,-
header-new-card,x-test-new-card,header_component_html,epsilon-component,i,HTML Tag Removal,NA,no-such-role,-
header-new-card,x-test-new-card,header_component_html,epsilon-component,j,HTML Tag Type Modification,NA,no-such-role,-
header-new-card,x-test-new-card,header_component_html,epsilon-component,k,HTML Tag Insertion,NA,no-such-role,-
card-root,[attr.x-test-card],card_component_html,alpha-target,d,Text Content Modification,NA,no-text-content,-
card-root,[attr.x-test-card],card_component_html,alpha-target,e,Text Content Removal,NA,no-text-content,-
card-root,[attr.x-test-card],card_component_html,alpha-target,i,HTML Tag Removal,NA,root-element,-
card-root,[attr.x-test-card],card_component_html,alpha-target,a,Attribute Value Modification,SAVED,,LLMR_card_component_html_card_root_alf_a
card-root,[attr.x-test-card],card_component_html,alpha-target,b,Attribute Removal,SAVED,,LLMR_card_component_html_card_root_alf_b
card-root,[attr.x-test-card],card_component_html,alpha-target,c,Attribute Identifier Modification,SAVED,,LLMR_card_component_html_card_root_alf_c
card-root,[attr.x-test-card],card_component_html,alpha-target,j,HTML Tag Type Modification,SAVED,,LLMR_card_component_html_card_root_alf_j
card-root,[attr.x-test-card],card_component_html,alpha-target,k,HTML Tag Insertion,SAVED,,LLMR_card_component_html_card_root_alf_k
card-root,[attr.x-test-card],card_component_html,beta-parent,a,Attribute Value Modification,NA,boundary-element,-
card-root,[attr.x-test-card],card_component_html,beta-parent,b,Attribute Removal,NA,boundary-element,-
card-root,[attr.x-test-card],card_component_html,beta-parent,c,Attribute Identifier Modification,NA,boundary-element,-
card-root,[attr.x-test-card],card_component_html,beta-parent,d,Text Content Modification,NA,boundary-element,-
card-root,[attr.x-test-card],card_component_html,beta-parent,e,Text Content Removal,NA,boundary-element,-
card-root,[attr.x-test-card],card_component_html,beta-parent,i,HTML Tag Removal,NA,boundary-element,-
card-root,[attr.x-test-card],card_component_html,beta-parent,j,HTML Tag Type Modification,NA,boundary-element,-
card-root,[attr.x-test-card],card_component_html,beta-parent,k,HTML Tag Insertion,NA,boundary-element,-
card-root,[attr.x-test-card],card_component_html,gamma-ancestor,a,Attribute Value Modification,NA,no-such-role,-
card-root,[attr.x-test-card],card_component_html,gamma-ancestor,b,Attribute Removal,NA,no-such-role,-
card-root,[attr.x-test-card],card_component_html,gamma-ancestor,c,Attribute Identifier Modification,NA,no-such-role,-
card-root,[attr.x-test-card],card_component_html,gamma-ancestor,d,Text Content Modification,NA,no-such-role,-
card-root,[attr.x-test-card],card_component_html,gamma-ancestor,e,Text Content Removal,NA,no-such-role,-
card-root,[attr.x-test-card],card_component_html,gamma-ancestor,i,HTML Tag Removal,NA,no-such-role,-
card-root,[attr.x-test-card],card_component_html,gamma-ancestor,j,HTML Tag Type Modification,NA,no-such-role,-
card-root,[attr.x-test-card],card_component_html,gamma-ancestor,k,HTML Tag Insertion,NA,no-such-role,-
card-root,[attr.x-test-card],card_component_html,delta-sibling,a,Attribute Value Modification,NA,no-such-role,-
card-root,[attr.x-test-card],card_component_html,delta-sibling,b,Attribute Removal,NA,no-such-role,-
card-root,[attr.x-test-card],card_component_html,delta-sibling,c,Attribute Identifier Modification,NA,no-such-role,-
card-root,[attr.x-test-card],card_component_html,delta-sibling,d,Text Content Modification,NA,no-such-role,-
card-root,[attr.x-test-card],card_component_html,delta-sibling,e,Text Content Removal,NA,no-such-role,-
card-root,[attr.x-test-card],card_component_html,delta-sibling,i,HTML Tag Removal,NA,no-such-role,-
card-root,[attr.x-test-card],card_component_html,delta-sibling,j,HTML Tag Type Modification,NA,no-such-role,-
card-root,[attr.x-test-card],card_component_html,delta-sibling,k,HTML Tag Insertion,NA,no-such-role,-
card-root,[attr.x-test-card],card_component_html,epsilon-component,a,Attribute Value Modification,NA,no-such-role,-
card-root,[attr.x-test-card],card_component_html,epsilon-component,b,Attribute Removal,NA,no-such-role,-
card-root,[attr.x-test-card],card_component_html,epsilon-component,c,Attribute Identifier Modification,NA,no-such-role,-
card-root,[attr.x-test-card],card_component_html,epsilon-component,d,Text Content Modification,NA,no-such-role,-
card-root,[attr.x-test-card],card_component_html,epsilon-component,e,Text Content Removal,NA,no-such-role,-
card-root,[attr.x-test-card],card_component_html,epsilon-component,i,HTML Tag Removal,NA,no-such-role,-
card-root,[attr.x-test-card],card_component_html,epsilon-component,j,HTML Tag Type Modification,NA,no-such-role,-
card-root,[attr.x-test-card],card_component_html,epsilon-component,k,HTML Tag Insertion,NA,no-such-role,-
card-id,[attr.x-test-card-id],card_component_html,alpha-target,a,Attribute Value Modification,SAVED,,LLMR_card_component_html_card_id_alf_a
card-id,[attr.x-test-card-id],card_component_html,alpha-target,b,Attribute Removal,SAVED,,LLMR_card_component_html_card_id_alf_b
card-id,[attr.x-test-card-id],card_component_html,alpha-target,c,Attribute Identifier Modification,SAVED,,LLMR_card_component_html_card_id_alf_c
card-id,[attr.x-test-card-id],card_component_html,alpha-target,d,Text Content Modification,SAVED,,LLMR_card_component_html_card_id_alf_d
card-id,[attr.x-test-card-id],card_component_html,alpha-target,e,Text Content Removal,SAVED,,LLMR_card_component_html_card_id_alf_e
card-id,[attr.x-test-card-id],card_component_html,alpha-target,i,HTML Tag Removal,REJECTED,duplicate,-
card-id,[attr.x-test-card-id],card_component_html,alpha-target,j,HTML Tag Type Modification,SAVED,,LLMR_card_component_html_card_id_alf_j
card-id,[attr.x-test-card-id],card_component_html,alpha-target,k,HTML Tag Insertion,SAVED,,LLMR_card_component_html_card_id_alf_k
card-id,[attr.x-test-card-id],card_component_html,beta-parent,d,Text Content Modification,NA,no-text-content,-
card-id,[attr.x-test-card-id],card_component_html,beta-parent,e,Text Content Removal,NA,no-text-content,-
card-id,[attr.x-test-card-id],card_component_html,beta-parent,a,Attribute Value Modification,SAVED,,LLMR_card_component_html_card_id_bet_a
card-id,[attr.x-test-card-id],card_component_html,beta-parent,b,Attribute Removal,SAVED,,LLMR_card_component_html_card_id_bet_b
card-id,[attr.x-test-card-id],card_component_html,beta-parent,c,Attribute Identifier Modification,SAVED,,LLMR_card_component_html_card_id_bet_c
card-id,[attr.x-test-card-id],card_component_html,beta-parent,i,HTML Tag Removal,SAVED,,LLMR_card_component_html_card_id_bet_i
card-id,[attr.x-test-card-id],card_component_html,beta-parent,j,HTML Tag Type Modification,SAVED,,LLMR_card_component_html_card_id_bet_j
card-id,[attr.x-test-card-id],card_component_html,beta-parent,k,HTML Tag Insertion,SAVED,,LLMR_card_component_html_card_id_bet_k
card-id,[attr.x-test-card-id],card_component_html,gamma-ancestor,d,Text Content Modification,NA,no-text-content,-
card-id,[attr.x-test-card-id],card_component_html,gamma-ancestor,e,Text Content Removal,NA,no-text-content,-
card-id,[attr.x-test-card-id],card_component_html,gamma-ancestor,i,HTML Tag Removal,NA,root-element,-
card-id,[attr.x-test-card-id],card_component_html,gamma-ancestor,a,Attribute Value Modification,REJECTED,duplicate,-
card-id,[attr.x-test-card-id],card_component_html,gamma-ancestor,b,Attribute Removal,REJECTED,duplicate,-
card-id,[attr.x-test-card-id],card_component_html,gamma-ancestor,c,Attribute Identifier Modification,REJECTED,duplicate,-
card-id,[attr.x-test-card-id],card_component_html,gamma-ancestor,j,HTML Tag Type Modification,REJECTED,duplicate,-
card-id,[attr.x-test-card-id],card_component_html,gamma-ancestor,k,HTML Tag Insertion,REJECTED,duplicate,-
card-id,[attr.x-test-card-id],card_component_html,delta-sibling,a,Attribute Value Modification,SAVED,,LLMR_card_component_html_card_id_del_a
card-id,[attr.x-test-card-id],card_component_html,delta-sibling,b,Attribute Removal,SAVED,,LLMR_card_component_html_card_id_del_b
card-id,[attr.x-test-card-id],card_component_html,delta-sibling,c,Attribute Identifier Modification,SAVED,,LLMR_card_component_html_card_id_del_c
card-id,[attr.x-test-card-id],card_component_html,delta-sibling,d,Text Content Modification,SAVED,,LLMR_card_component_html_card_id_del_d
card-id,[attr.x-test-card-id],card_component_html,delta-sibling,e,Text Content Removal,SAVED,,LLMR_card_component_html_card_id_del_e
card-id,[attr.x-test-card-id],card_component_html,delta-sibling,i,HTML Tag Removal,SAVED,,LLMR_card_component_html_card_id_del_i
card-id,[attr.x-test-card-id],card_component_html,delta-sibling,j,HTML Tag Type Modification,SAVED,,LLMR_card_component_html_card_id_del_j
card-id,[attr.x-test-card-id],card_component_html,delta-sibling,k,HTML Tag Insertion,SAVED,,LLMR_card_component_html_card_id_del_k
card-id,[attr.x-test-card-id],card_component_html,epsilon-component,a,Attribute Value Modification,NA,no-such-role,-
card-id,[attr.x-test-card-id],card_component_html,epsilon-component,b,Attribute Removal,NA,no-such-role,-
card-id,[attr.x-test-card-id],card_component_html,epsilon-component,c,Attribute Identifier Modification,NA,no-such-role,-
card-id,[attr.x-test-card-id],card_component_html,epsilon-component,d,Text Content Modification,NA,no-such-role,-
card-id,[attr.x-test-card-id],card_component_html,epsilon-component,e,Text Content Removal,NA,no-such-role,-
card-id,[attr.x-test-card-id],card_component_html,epsilon-component,i,HTML Tag Removal,NA,no-such-role,-
card-id,[attr.x-test-card-id],card_component_html,epsilon-component,j,HTML Tag Type Modification,NA,no-such-role,-
card-id,[attr.x-test-card-id],card_component_html,epsilon-component,k,HTML Tag Insertion,NA,no-such-role,-
card-title,[attr.x-test-card-title],card_component_html,alpha-target,a,Attribute Value Modification,SAVED,,LLMR_card_component_html_card_title_alf_a
card-title,[attr.x-test-card-title],card_component_html,alpha-target,b,Attribute Removal,SAVED,,LLMR_card_component_html_card_title_alf_b
card-title,[attr.x-test-card-title],card_component_html,alpha-target,c,Attribute Identifier Modification,SAVED,,LLMR_card_component_html_card_title_alf_c
card-title,[attr.x-test-card-title],card_component_html,alpha-target,d,Text Content Modification,SAVED,,LLMR_card_component_html_card_title_alf_d
card-title,[attr.x-test-card-title],card_component_html,alpha-target,e,Text Content Removal,SAVED,,LLMR_card_component_html_card_title_alf_e
card-title,[attr.x-test-card-title],card_component_html,alpha-target,i,HTML Tag Removal,SAVED,,LLMR_card_component_html_card_title_alf_i
card-title,[attr.x-test-card-title],card_component_html,alpha-target,j,HTML Tag Type Modification,SAVED,,LLMR_card_component_html_card_title_alf_j
card-title,[attr.x-test-card-title],card_component_html,alpha-target,k,HTML Tag Insertion,SAVED,,LLMR_card_component_html_card_title_alf_k
card-title,[attr.x-test-card-title],card_component_html,beta-parent,d,Text Content Modification,NA,no-text-content,-
card-title,[attr.x-test-card-title],card_component_html,beta-parent,e,Text Content Removal,NA,no-text-content,-
card-title,[attr.x-test-card-title],card_component_html,beta-parent,a,Attribute Value Modification,SAVED,,LLMR_card_component_html_card_title_bet_a
card-title,[attr.x-test-card-title],card_component_html,beta-parent,b,Attribute Removal,SAVED,,LLMR_card_component_html_card_title_bet_b
card-title,[attr.x-test-card-title],card_component_html,beta-parent,c,Attribute Identifier Modification,SAVED,,LLMR_card_component_html_card_title_bet_c
card-title,[attr.x-test-card-title],card_component_html,beta-parent,i,HTML Tag Removal,SAVED,,LLMR_card_component_html_card_title_bet_i
card-title,[attr.x-test-card-title],card_component_html,beta-parent,j,HTML Tag Type Modification,SAVED,,LLMR_card_component_html_card_title_bet_j
card-title,[attr.x-test-card-title],card_component_html,beta-parent,k,HTML Tag Insertion,SAVED,,LLMR_card_component_html_card_title_bet_k
card-title,[attr.x-test-card-title],card_component_html,gamma-ancestor,d,Text Content Modification,NA,no-text-content,-
card-title,[attr.x-test-card-title],card_component_html,gamma-ancestor,e,Text Content Removal,NA,no-text-content,-
card-title,[attr.x-test-card-title],card_component_html,gamma-ancestor,i,HTML Tag Removal,NA,root-element,-
card-title,[attr.x-test-card-title],card_component_html,gamma-ancestor,a,Attribute Value Modification,REJECTED,duplicate,-
card-title,[attr.x-test-card-title],card_component_html,gamma-ancestor,b,Attribute Removal,REJECTED,duplicate,-
card-title,[attr.x-test-card-title],card_component_html,gamma-ancestor,c,Attribute Identifier Modification,REJECTED,duplicate,-
card-title,[attr.x-test-card-title],card_component_html,gamma-ancestor,j,HTML Tag Type Modification,REJECTED,duplicate,-
card-title,[attr.x-test-card-title],card_component_html,gamma-ancestor,k,HTML Tag Insertion,REJECTED,duplicate,-
card-title,[attr.x-test-card-title],card_component_html,delta-sibling,a,Attribute Value Modification,NA,no-such-role,-
card-title,[attr.x-test-card-title],card_component_html,delta-sibling,b,Attribute Removal,NA,no-such-role,-
card-title,[attr.x-test-card-title],card_component_html,delta-sibling,c,Attribute Identifier Modification,NA,no-such-role,-
card-title,[attr.x-test-card-title],card_component_html,delta-sibling,d,Text Content Modification,NA,no-such-role,-
card-title,[attr.x-test-card-title],card_component_html,delta-sibling,e,Text Content Removal,NA,no-such-role,-
card-title,[attr.x-test-card-title],card_component_html,delta-sibling,i,HTML Tag Removal,NA,no-such-role,-
card-title,[attr.x-test-card-title],card_component_html,delta-sibling,j,HTML Tag Type Modification,NA,no-such-role,-
card-title,[attr.x-test-card-title],card_component_html,delta-sibling,k,HTML Tag Insertion,NA,no-such-role,-
card-title,[attr.x-test-card-title],card_component_html,epsilon-component,a,Attribute Value Modification,NA,no-such-role,-
card-title,[attr.x-test-card-title],card_component_html,epsilon-component,b,Attribute Removal,NA,no-such-role,-
card-title,[attr.x-test-card-title],card_component_html,epsilon-component,c,Attribute Identifier Modification,NA,no-such-role,-
card-title,[attr.x-test-card-title],card_component_html,epsilon-component,d,Text Content Modification,NA,no-such-role,-
card-title,[attr.x-test-card-title],card_component_html,epsilon-component,e,Text Content Removal,NA,no-such-role,-
card-title,[attr.x-test-card-title],card_component_html,epsilon-component,i,HTML Tag Removal,NA,no-such-role,-
card-title,[attr.x-test-card-title],card_component_html,epsilon-component,j,HTML Tag Type Modification,NA,no-such-role,-
card-title,[attr.x-test-card-title],card_component_html,epsilon-component,k,HTML Tag Insertion,NA,no-such-role,-
card-priority,[attr.x-test-card-priority],card_component_html,alpha-target,a,Attribute Value Modification,REJECTED,duplicate,-
card-priority,[attr.x-test-card-priority],card_component_html,alpha-target,b,Attribute Removal,REJECTED,duplicate,-
card-priority,[attr.x-test-card-priority],card_component_html,alpha-target,c,Attribute Identifier Modification,REJECTED,duplicate,-
card-priority,[attr.x-test-card-priority],card_component_html,alpha-target,d,Text Content Modification,REJECTED,duplicate,-
card-priority,[attr.x-test-card-priority],card_component_html,alpha-target,e,Text Content Removal,REJECTED,duplicate,-
card-priority,[attr.x-test-card-priority],card_component_html,alpha-target,i,HTML Tag Removal,REJECTED,duplicate,-
card-priority,[attr.x-test-card-priority],card_component_html,alpha-target,j,HTML Tag Type Modification,REJECTED,duplicate,-
card-priority,[attr.x-test-card-priority],card_component_html,alpha-target,k,HTML Tag Insertion,REJECTED,duplicate,-
card-priority,[attr.x-test-card-priority],card_component_html,beta-parent,d,Text Content Modification,NA,no-text-content,-
card-priority,[attr.x-test-card-priority],card_component_html,beta-parent,e,Text Content Removal,NA,no-text-content,-
card-priority,[attr.x-test-card-priority],card_component_html,beta-parent,a,Attribute Value Modification,REJECTED,duplicate,-
card-priority,[attr.x-test-card-priority],card_component_html,beta-parent,b,Attribute Removal,REJECTED,duplicate,-
card-priority,[attr.x-test-card-priority],card_component_html,beta-parent,c,Attribute Identifier Modification,REJECTED,duplicate,-
card-priority,[attr.x-test-card-priority],card_component_html,beta-parent,i,HTML Tag Removal,REJECTED,duplicate,-
card-priority,[attr.x-test-card-priority],card_component_html,beta-parent,j,HTML Tag Type Modification,REJECTED,duplicate,-
card-priority,[attr.x-test-card-priority],card_component_html,beta-parent,k,HTML Tag Insertion,REJECTED,duplicate,-
card-priority,[attr.x-test-card-priority],card_component_html,gamma-ancestor,d,Text Content Modification,NA,no-text-content,-
card-priority,[attr.x-test-card-priority],card_component_html,gamma-ancestor,e,Text Content Removal,NA,no-text-content,-
card-priority,[attr.x-test-card-priority],card_component_html,gamma-ancestor,i,HTML Tag Removal,NA,root-element,-
card-priority,[attr.x-test-card-priority],card_component_html,gamma-ancestor,a,Attribute Value Modification,REJECTED,duplicate,-
card-priority,[attr.x-test-card-priority],card_component_html,gamma-ancestor,b,Attribute Removal,REJECTED,duplicate,-
card-priority,[attr.x-test-card-priority],card_component_html,gamma-ancestor,c,Attribute Identifier Modification,REJECTED,duplicate,-
card-priority,[attr.x-test-card-priority],card_component_html,gamma-ancestor,j,HTML Tag Type Modification,REJECTED,duplicate,-
card-priority,[attr.x-test-card-priority],card_component_html,gamma-ancestor,k,HTML Tag Insertion,REJECTED,duplicate,-
card-priority,[attr.x-test-card-priority],card_component_html,delta-sibling,a,Attribute Value Modification,REJECTED,duplicate,-
card-priority,[attr.x-test-card-priority],card_component_html,delta-sibling,b,Attribute Removal,REJECTED,duplicate,-
card-priority,[attr.x-test-card-priority],card_component_html,delta-sibling,c,Attribute Identifier Modification,REJECTED,duplicate,-
card-priority,[attr.x-test-card-priority],card_component_html,delta-sibling,d,Text Content Modification,REJECTED,duplicate,-
card-priority,[attr.x-test-card-priority],card_component_html,delta-sibling,e,Text Content Removal,REJECTED,duplicate,-
card-priority,[attr.x-test-card-priority],card_component_html,delta-sibling,i,HTML Tag Removal,REJECTED,duplicate,-
card-priority,[attr.x-test-card-priority],card_component_html,delta-sibling,j,HTML Tag Type Modification,REJECTED,duplicate,-
card-priority,[attr.x-test-card-priority],card_component_html,delta-sibling,k,HTML Tag Insertion,REJECTED,duplicate,-
card-priority,[attr.x-test-card-priority],card_component_html,epsilon-component,a,Attribute Value Modification,NA,no-such-role,-
card-priority,[attr.x-test-card-priority],card_component_html,epsilon-component,b,Attribute Removal,NA,no-such-role,-
card-priority,[attr.x-test-card-priority],card_component_html,epsilon-component,c,Attribute Identifier Modification,NA,no-such-role,-
card-priority,[attr.x-test-card-priority],card_component_html,epsilon-component,d,Text Content Modification,NA,no-such-role,-
card-priority,[attr.x-test-card-priority],card_component_html,epsilon-component,e,Text Content Removal,NA,no-such-role,-
card-priority,[attr.x-test-card-priority],card_component_html,epsilon-component,i,HTML Tag Removal,NA,no-such-role,-
card-priority,[attr.x-test-card-priority],card_component_html,epsilon-component,j,HTML Tag Type Modification,NA,no-such-role,-
card-priority,[attr.x-test-card-priority],card_component_html,epsilon-component,k,HTML Tag Insertion,NA,no-such-role,-
card-assignee,[attr.x-test-card-assignee],card_component_html,alpha-target,a,Attribute Value Modification,SAVED,,LLMR_card_component_html_card_assignee_alf_a
card-assignee,[attr.x-test-card-assignee],card_component_html,alpha-target,b,Attribute Removal,SAVED,,LLMR_card_component_html_card_assignee_alf_b
card-assignee,[attr.x-test-card-assignee],card_component_html,alpha-target,c,Attribute Identifier Modification,SAVED,,LLMR_card_component_html_card_assignee_alf_c
card-assignee,[attr.x-test-card-assignee],card_component_html,alpha-target,d,Text Content Modification,SAVED,,LLMR_card_component_html_card_assignee_alf_d
card-assignee,[attr.x-test-card-assignee],card_component_html,alpha-target,e,Text Content Removal,SAVED,,LLMR_card_component_html_card_assignee_alf_e
card-assignee,[attr.x-test-card-assignee],card_component_html,alpha-target,i,HTML Tag Removal,SAVED,,LLMR_card_component_html_card_assignee_alf_i
card-assignee,[attr.x-test-card-assignee],card_component_html,alpha-target,j,HTML Tag Type Modification,SAVED,,LLMR_card_component_html_card_assignee_alf_j
card-assignee,[attr.x-test-card-assignee],card_component_html,alpha-target,k,HTML Tag Insertion,SAVED,,LLMR_card_component_html_card_assignee_alf_k
card-assignee,[attr.x-test-card-assignee],card_component_html,beta-parent,d,Text Content Modification,NA,no-text-content,-
card-assignee,[attr.x-test-card-assignee],card_component_html,beta-parent,e,Text Content Removal,NA,no-text-content,-
card-assignee,[attr.x-test-card-assignee],card_component_html,beta-parent,a,Attribute Value Modification,SAVED,,LLMR_card_component_html_card_assignee_bet_a
card-assignee,[attr.x-test-card-assignee],card_component_html,beta-parent,b,Attribute Removal,SAVED,,LLMR_card_component_html_card_assignee_bet_b
card-assignee,[attr.x-test-card-assignee],card_component_html,beta-parent,c,Attribute Identifier Modification,SAVED,,LLMR_card_component_html_card_assignee_bet_c
card-assignee,[attr.x-test-card-assignee],card_component_html,beta-parent,i,HTML Tag Removal,SAVED,,LLMR_card_component_html_card_assignee_bet_i
card-assignee,[attr.x-test-card-assignee],card_component_html,beta-parent,j,HTML Tag Type Modification,SAVED,,LLMR_card_component_html_card_assignee_bet_j
card-assignee,[attr.x-test-card-assignee],card_component_html,beta-parent,k,HTML Tag Insertion,SAVED,,LLMR_card_component_html_card_assignee_bet_k
card-assignee,[attr.x-test-card-assignee],card_component_html,gamma-ancestor,d,Text Content Modification,NA,no-text-content,-
card-assignee,[attr.x-test-card-assignee],card_component_html,gamma-ancestor,e,Text Content Removal,NA,no-text-content,-
card-assignee,[attr.x-test-card-assignee],card_component_html,gamma-ancestor,i,HTML Tag Removal,NA,root-element,-
card-assignee,[attr.x-test-card-assignee],card_component_html,gamma-ancestor,a,Attribute Value Modification,REJECTED,duplicate,-
card-assignee,[attr.x-test-card-assignee],card_component_html,gamma-ancestor,b,Attribute Removal,REJECTED,duplicate,-
card-assignee,[attr.x-test-card-assignee],card_component_html,gamma-ancestor,c,Attribute Identifier Modification,REJECTED,duplicate,-
card-assignee,[attr.x-test-card-assignee],card_component_html,gamma-ancestor,j,HTML Tag Type Modification,REJECTED,duplicate,-
card-assignee,[attr.x-test-card-assignee],card_component_html,gamma-ancestor,k,HTML Tag Insertion,REJECTED,duplicate,-
card-assignee,[attr.x-test-card-assignee],card_component_html,delta-sibling,a,Attribute Value Modification,SAVED,,LLMR_card_component_html_card_assignee_del_a
card-assignee,[attr.x-test-card-assignee],card_component_html,delta-sibling,b,Attribute Removal,SAVED,,LLMR_card_component_html_card_assignee_del_b
card-assignee,[attr.x-test-card-assignee],card_component_html,delta-sibling,c,Attribute Identifier Modification,SAVED,,LLMR_card_component_html_card_assignee_del_c
card-assignee,[attr.x-test-card-assignee],card_component_html,delta-sibling,d,Text Content Modification,SAVED,,LLMR_card_component_html_card_assignee_del_d
card-assignee,[attr.x-test-card-assignee],card_component_html,delta-sibling,e,Text Content Removal,SAVED,,LLMR_card_component_html_card_assignee_del_e
card-assignee,[attr.x-test-card-assignee],card_component_html,delta-sibling,i,HTML Tag Removal,SAVED,,LLMR_card_component_html_card_assignee_del_i
card-assignee,[attr.x-test-card-assignee],card_component_html,delta-sibling,j,HTML Tag Type Modification,SAVED,,LLMR_card_component_html_card_assignee_del_j
card-assignee,[attr.x-test-card-assignee],card_component_html,delta-sibling,k,HTML Tag Insertion,SAVED,,LLMR_card_component_html_card_assignee_del_k
card-assignee,[attr.x-test-card-assignee],card_component_html,epsilon-component,a,Attribute Value Modification,NA,no-such-role,-
card-assignee,[attr.x-test-card-assignee],card_component_html,epsilon-component,b,Attribute Removal,NA,no-such-role,-
card-assignee,[attr.x-test-card-assignee],card_component_html,epsilon-component,c,Attribute Identifier Modification,NA,no-such-role,-
card-assignee,[attr.x-test-card-assignee],card_component_html,epsilon-component,d,Text Content Modification,NA,no-such-role,-
card-assignee,[attr.x-test-card-assignee],card_component_html,epsilon-component,e,Text Content Removal,NA,no-such-role,-
card-assignee,[attr.x-test-card-assignee],card_component_html,epsilon-component,i,HTML Tag Removal,NA,no-such-role,-
card-assignee,[attr.x-test-card-assignee],card_component_html,epsilon-component,j,HTML Tag Type Modification,NA,no-such-role,-
card-assignee,[attr.x-test-card-assignee],card_component_html,epsilon-component,k,HTML Tag Insertion,NA,no-such-role,-
card-tags,[attr.x-test-card-tags],card_component_html,alpha-target,a,Attribute Value Modification,REJECTED,duplicate,-
card-tags,[attr.x-test-card-tags],card_component_html,alpha-target,b,Attribute Removal,REJECTED,duplicate,-
card-tags,[attr.x-test-card-tags],card_component_html,alpha-target,c,Attribute Identifier Modification,REJECTED,duplicate,-
card-tags,[attr.x-test-card-tags],card_component_html,alpha-target,d,Text Content Modification,REJECTED,duplicate,-
card-tags,[attr.x-test-card-tags],card_component_html,alpha-target,e,Text Content Removal,REJECTED,duplicate,-
card-tags,[attr.x-test-card-tags],card_component_html,alpha-target,i,HTML Tag Removal,REJECTED,duplicate,-
card-tags,[attr.x-test-card-tags],card_component_html,alpha-target,j,HTML Tag Type Modification,REJECTED,duplicate,-
card-tags,[attr.x-test-card-tags],card_component_html,alpha-target,k,HTML Tag Insertion,REJECTED,duplicate,-
card-tags,[attr.x-test-card-tags],card_component_html,beta-parent,d,Text Content Modification,NA,no-text-content,-
card-tags,[attr.x-test-card-tags],card_component_html,beta-parent,e,Text Content Removal,NA,no-text-content,-
card-tags,[attr.x-test-card-tags],card_component_html,beta-parent,a,Attribute Value Modification,REJECTED,duplicate,-
card-tags,[attr.x-test-card-tags],card_component_html,beta-parent,b,Attribute Removal,REJECTED,duplicate,-
card-tags,[attr.x-test-card-tags],card_component_html,beta-parent,c,Attribute Identifier Modification,REJECTED,duplicate,-
card-tags,[attr.x-test-card-tags],card_component_html,beta-parent,i,HTML Tag Removal,REJECTED,duplicate,-
card-tags,[attr.x-test-card-tags],card_component_html,beta-parent,j,HTML Tag Type Modification,REJECTED,duplicate,-
card-tags,[attr.x-test-card-tags],card_component_html,beta-parent,k,HTML Tag Insertion,REJECTED,duplicate,-
card-tags,[attr.x-test-card-tags],card_component_html,gamma-ancestor,d,Text Content Modification,NA,no-text-content,-
card-tags,[attr.x-test-card-tags],card_component_html,gamma-ancestor,e,Text Content Removal,NA,no-text-content,-
card-tags,[attr.x-test-card-tags],card_component_html,gamma-ancestor,i,HTML Tag Removal,NA,root-element,-
card-tags,[attr.x-test-card-tags],card_component_html,gamma-ancestor,a,Attribute Value Modification,REJECTED,duplicate,-
card-tags,[attr.x-test-card-tags],card_component_html,gamma-ancestor,b,Attribute Removal,REJECTED,duplicate,-
card-tags,[attr.x-test-card-tags],card_component_html,gamma-ancestor,c,Attribute Identifier Modification,REJECTED,duplicate,-
card-tags,[attr.x-test-card-tags],card_component_html,gamma-ancestor,j,HTML Tag Type Modification,REJECTED,duplicate,-
card-tags,[attr.x-test-card-tags],card_component_html,gamma-ancestor,k,HTML Tag Insertion,REJECTED,duplicate,-
card-tags,[attr.x-test-card-tags],card_component_html,delta-sibling,a,Attribute Value Modification,REJECTED,duplicate,-
card-tags,[attr.x-test-card-tags],card_component_html,delta-sibling,b,Attribute Removal,REJECTED,duplicate,-
card-tags,[attr.x-test-card-tags],card_component_html,delta-sibling,c,Attribute Identifier Modification,REJECTED,duplicate,-
card-tags,[attr.x-test-card-tags],card_component_html,delta-sibling,d,Text Content Modification,REJECTED,duplicate,-
card-tags,[attr.x-test-card-tags],card_component_html,delta-sibling,e,Text Content Removal,REJECTED,duplicate,-
card-tags,[attr.x-test-card-tags],card_component_html,delta-sibling,i,HTML Tag Removal,REJECTED,duplicate,-
card-tags,[attr.x-test-card-tags],card_component_html,delta-sibling,j,HTML Tag Type Modification,REJECTED,duplicate,-
card-tags,[attr.x-test-card-tags],card_component_html,delta-sibling,k,HTML Tag Insertion,REJECTED,duplicate,-
card-tags,[attr.x-test-card-tags],card_component_html,epsilon-component,a,Attribute Value Modification,NA,no-such-role,-
card-tags,[attr.x-test-card-tags],card_component_html,epsilon-component,b,Attribute Removal,NA,no-such-role,-
card-tags,[attr.x-test-card-tags],card_component_html,epsilon-component,c,Attribute Identifier Modification,NA,no-such-role,-
card-tags,[attr.x-test-card-tags],card_component_html,epsilon-component,d,Text Content Modification,NA,no-such-role,-
card-tags,[attr.x-test-card-tags],card_component_html,epsilon-component,e,Text Content Removal,NA,no-such-role,-
card-tags,[attr.x-test-card-tags],card_component_html,epsilon-component,i,HTML Tag Removal,NA,no-such-role,-
card-tags,[attr.x-test-card-tags],card_component_html,epsilon-component,j,HTML Tag Type Modification,NA,no-such-role,-
card-tags,[attr.x-test-card-tags],card_component_html,epsilon-component,k,HTML Tag Insertion,NA,no-such-role,-
card-move,[attr.x-test-card-move],card_component_html,alpha-target,d,Text Content Modification,NA,no-text-content,-
card-move,[attr.x-test-card-move],card_component_html,alpha-target,e,Text Content Removal,NA,no-text-content,-
card-move,[attr.x-test-card-move],card_component_html,alpha-target,a,Attribute Value Modification,SAVED,,LLMR_card_component_html_card_move_alf_a
card-move,[attr.x-test-card-move],card_component_html,alpha-target,b,Attribute Removal,SAVED,,LLMR_card_component_html_card_move_alf_b
card-move,[attr.x-test-card-move],card_component_html,alpha-target,c,Attribute Identifier Modification,SAVED,,LLMR_card_component_html_card_move_alf_c
card-move,[attr.x-test-card-move],card_component_html,alpha-target,i,HTML Tag Removal,SAVED,,LLMR_card_component_html_card_move_alf_i
card-move,[attr.x-test-card-move],card_component_html,alpha-target,j,HTML Tag Type Modification,SAVED,,LLMR_card_component_html_card_move_alf_j
card-move,[attr.x-test-card-move],card_component_html,alpha-target,k,HTML Tag Insertion,SAVED,,LLMR_card_component_html_card_move_alf_k
card-move,[attr.x-test-card-move],card_component_html,beta-parent,d,Text Content Modification,NA,no-text-content,-
card-move,[attr.x-test-card-move],card_component_html,beta-parent,e,Text Content Removal,NA,no-text-content,-
card-move,[attr.x-test-card-move],card_component_html,beta-parent,a,Attribute Value Modification,SAVED,,LLMR_card_component_html_card_move_bet_a
card-move,[attr.x-test-card-move],card_component_html,beta-parent,b,Attribute Removal,SAVED,,LLMR_card_component_html_card_move_bet_b
card-move,[attr.x-test-card-move],card_component_html,beta-parent,c,Attribute Identifier Modification,SAVED,,LLMR_card_component_html_card_move_bet_c
card-move,[attr.x-test-card-move],card_component_html,beta-parent,i,HTML Tag Removal,SAVED,,LLMR_card_component_html_card_move_bet_i
card-move,[attr.x-test-card-move],card_component_html,beta-parent,j,HTML Tag Type Modification,SAVED,,LLMR_card_component_html_card_move_bet_j
card-move,[attr.x-test-card-move],card_component_html,beta-parent,k,HTML Tag Insertion,SAVED,,LLMR_card_component_html_card_move_bet_k
card-move,[attr.x-test-card-move],card_component_html,gamma-ancestor,d,Text Content Modification,NA,no-text-content,-
card-move,[attr.x-test-card-move],card_component_html,gamma-ancestor,e,Text Content Removal,NA,no-text-content,-
card-move,[attr.x-test-card-move],card_component_html,gamma-ancestor,a,Attribute Value Modification,SAVED,,LLMR_card_component_html_card_move_gam_a
card-move,[attr.x-test-card-move],card_component_html,gamma-ancestor,b,Attribute Removal,SAVED,,LLMR_card_component_html_card_move_gam_b
card-move,[attr.x-test-card-move],card_component_html,gamma-ancestor,c,Attribute Identifier Modification,SAVED,,LLMR_card_component_html_card_move_gam_c
card-move,[attr.x-test-card-move],card_component_html,gamma-ancestor,i,HTML Tag Removal,SAVED,,LLMR_card_component_html_card_move_gam_i
card-move,[attr.x-test-card-move],card_component_html,gamma-ancestor,j,HTML Tag Type Modification,SAVED,,LLMR_card_component_html_card_move_gam_j
card-move,[attr.x-test-card-move],card_component_html,gamma-ancestor,k,HTML Tag Insertion,SAVED,,LLMR_card_component_html_card_move_gam_k
card-move,[attr.x-test-card-move],card_component_html,delta-sibling,a,Attribute Value Modification,SAVED,,LLMR_card_component_html_card_move_del_a
card-move,[attr.x-test-card-move],card_component_html,delta-sibling,b,Attribute Removal,SAVED,,LLMR_card_component_html_card_move_del_b
card-move,[attr.x-test-card-move],card_component_html,delta-sibling,c,Attribute Identifier Modification,SAVED,,LLMR_card_component_html_card_move_del_c
card-move,[attr.x-test-card-move],card_component_html,delta-sibling,d,Text Content Modification,SAVED,,LLMR_card_component_html_card_move_del_d
card-move,[attr.x-test-card-move],card_component_html,delta-sibling,e,Text Content Removal,SAVED,,LLMR_card_component_html_card_move_del_e
card-move,[attr.x-test-card-move],card_component_html,delta-sibling,i,HTML Tag Removal,SAVED,,LLMR_card_component_html_card_move_del_i
card-move,[attr.x-test-card-move],card_component_html,delta-sibling,j,HTML Tag Type Modification,SAVED,,LLMR_card_component_html_card_move_del_j
card-move,[attr.x-test-card-move],card_component_html,delta-sibling,k,HTML Tag Insertion,SAVED,,LLMR_card_component_html_card_move_del_k
card-move,[attr.x-test-card-move],card_component_html,epsilon-component,a,Attribute Value Modification,NA,no-such-role,-
card-move,[attr.x-test-card-move],card_component_html,epsilon-component,b,Attribute Removal,NA,no-such-role,-
card-move,[attr.x-test-card-move],card_component_html,epsilon-component,c,Attribute Identifier Modification,NA,no-such-role,-
card-move,[attr.x-test-card-move],card_component_html,epsilon-component,d,Text Content Modification,NA,no-such-role,-
card-move,[attr.x-test-card-move],card_component_html,epsilon-component,e,Text Content Removal,NA,no-such-role,-
card-move,[attr.x-test-card-move],card_component_html,epsilon-component,i,HTML Tag Removal,NA,no-such-role,-
card-move,[attr.x-test-card-move],card_component_html,epsilon-component,j,HTML Tag Type Modification,NA,no-such-role,-
card-move,[attr.x-test-card-move],card_component_html,epsilon-component,k,HTML Tag Insertion,NA,no-such-role,-
card-open,[attr.x-test-card-open],card_component_html,alpha-target,d,Text Content Modification,NA,no-text-content,-
card-open,[attr.x-test-card-open],card_component_html,alpha-target,e,Text Content Removal,NA,no-text-content,-
card-open,[attr.x-test-card-open],card_component_html,alpha-target,a,Attribute Value Modification,REJECTED,duplicate,-
card-open,[attr.x-test-card-open],card_component_html,alpha-target,b,Attribute Removal,REJECTED,duplicate,-
card-open,[attr.x-test-card-open],card_component_html,alpha-target,c,Attribute Identifier Modification,REJECTED,duplicate,-
card-open,[attr.x-test-card-open],card_component_html,alpha-target,i,HTML Tag Removal,REJECTED,duplicate,-
card-open,[attr.x-test-card-open],card_component_html,alpha-target,j,HTML Tag Type Modification,REJECTED,duplicate,-
card-open,[attr.x-test-card-open],card_component_html,alpha-target,k,HTML Tag Insertion,REJECTED,duplicate,-
card-open,[attr.x-test-card-open],card_component_html,beta-parent,d,Text Content Modification,NA,no-text-content,-
card-open,[attr.x-test-card-open],card_component_html,beta-parent,e,Text Content Removal,NA,no-text-content,-
card-open,[attr.x-test-card-open],card_component_html,beta-parent,i,HTML Tag Removal,NA,root-element,-
card-open,[attr.x-test-card-open],card_component_html,beta-parent,a,Attribute Value Modification,REJECTED,duplicate,-
card-open,[attr.x-test-card-open],card_component_html,beta-parent,b,Attribute Removal,REJECTED,duplicate,-
card-open,[attr.x-test-card-open],card_component_html,beta-parent,c,Attribute Identifier Modification,REJECTED,duplicate,-
card-open,[attr.x-test-card-open],card_component_html,beta-parent,j,HTML Tag Type Modification,REJECTED,duplicate,-
card-open,[attr.x-test-card-open],card_component_html,beta-parent,k,HTML Tag Insertion,REJECTED,duplicate,-
card-open,[attr.x-test-card-open],card_component_html,gamma-ancestor,a,Attribute Value Modification,NA,no-such-role,-
card-open,[attr.x-test-card-open],card_component_html,gamma-ancestor,b,Attribute Removal,NA,no-such-role,-
card-open,[attr.x-test-card-open],card_component_html,gamma-ancestor,c,Attribute Identifier Modification,NA,no-such-role,-
card-open,[attr.x-test-card-open],card_component_html,gamma-ancestor,d,Text Content Modification,NA,no-such-role,-
card-open,[attr.x-test-card-open],card_component_html,gamma-ancestor,e,Text Content Removal,NA,no-such-role,-
card-open,[attr.x-test-card-open],card_component_html,gamma-ancestor,i,HTML Tag Removal,NA,no-such-role,-
card-open,[attr.x-test-card-open],card_component_html,gamma-ancestor,j,HTML Tag Type Modification,NA,no-such-role,-
card-open,[attr.x-test-card-open],card_component_html,gamma-ancestor,k,HTML Tag Insertion,NA,no-such-role,-
card-open,[attr.x-test-card-open],card_component_html,delta-sibling,d,Text Content Modification,NA,no-text-content,-
card-open,[attr.x-test-card-open],card_component_html,delta-sibling,e,Text Content Removal,NA,no-text-content,-
card-open,[attr.x-test-card-open],card_component_html,delta-sibling,a,Attribute Value Modification,REJECTED,duplicate,-
card-open,[attr.x-test-card-open],card_component_html,delta-sibling,b,Attribute Removal,REJECTED,duplicate,-
card-open,[attr.x-test-card-open],card_component_html,delta-sibling,c,Attribute Identifier Modification,REJECTED,duplicate,-
card-open,[attr.x-test-card-open],card_component_html,delta-sibling,i,HTML Tag Removal,REJECTED,duplicate,-
card-open,[attr.x-test-card-open],card_component_html,delta-sibling,j,HTML Tag Type Modification,REJECTED,duplicate,-
card-open,[attr.x-test-card-open],card_component_html,delta-sibling,k,HTML Tag Insertion,REJECTED,duplicate,-
card-open,[attr.x-test-card-open],card_component_html,epsilon-component,a,Attribute Value Modification,NA,no-such-role,-
card-open,[attr.x-test-card-open],card_component_html,epsilon-component,b,Attribute Removal,NA,no-such-role,-
card-open,[attr.x-test-card-open],card_component_html,epsilon-component,c,Attribute Identifier Modification,NA,no-such-role,-
card-open,[attr.x-test-card-open],card_component_html,epsilon-component,d,Text Content Modification,NA,no-such-role,-
card-open,[attr.x-test-card-open],card_component_html,epsilon-component,e,Text Content Removal,NA,no-such-role,-
card-open,[attr.x-test-card-open],card_component_html,epsilon-component,i,HTML Tag Removal,NA,no-such-role,-
card-open,[attr.x-test-card-open],card_component_html,epsilon-component,j,HTML Tag Type Modification,NA,no-such-role,-
card-open,[attr.x-test-card-open],card_component_html,epsilon-component,k,HTML Tag Insertion,NA,no-such-role,-
card-edit,[attr.x-test-card-edit],card_component_html,alpha-target,a,Attribute Value Modification,SAVED,,LLMR_card_component_html_card_edit_alf_a
card-edit,[attr.x-test-card-edit],card_component_html,alpha-target,b,Attribute Removal,SAVED,,LLMR_card_component_html_card_edit_alf_b
card-edit,[attr.x-test-card-edit],card_component_html,alpha-target,c,Attribute Identifier Modification,SAVED,,LLMR_card_component_html_card_edit_alf_c
card-edit,[attr.x-test-card-edit],card_component_html,alpha-target,d,Text Content Modification,SAVED,,LLMR_card_component_html_card_edit_alf_d
card-edit,[attr.x-test-card-edit],card_component_html,alpha-target,e,Text Content Removal,SAVED,,LLMR_card_component_html_card_edit_alf_e
card-edit,[attr.x-test-card-edit],card_component_html,alpha-target,i,HTML Tag Removal,SAVED,,LLMR_card_component_html_card_edit_alf_i
card-edit,[attr.x-test-card-edit],card_component_html,alpha-target,j,HTML Tag Type Modification,SAVED,,LLMR_card_component_html_card_edit_alf_j
card-edit,[attr.x-test-card-edit],card_component_html,alpha-target,k,HTML Tag Insertion,SAVED,,LLMR_card_component_html_card_edit_alf_k
card-edit,[attr.x-test-card-edit],card_component_html,beta-parent,d,Text Content Modification,NA,no-text-content,-
card-edit,[attr.x-test-card-edit],card_component_html,beta-parent,e,Text Content Removal,NA,no-text-content,-
card-edit,[attr.x-test-card-edit],card_component_html,beta-parent,a,Attribute Value Modification,REJECTED,duplicate,-
card-edit,[attr.x-test-card-edit],card_component_html,beta-parent,b,Attribute Removal,REJECTED,duplicate,-
card-edit,[attr.x-test-card-edit],card_component_html,beta-parent,c,Attribute Identifier Modification,REJECTED,duplicate,-
card-edit,[attr.x-test-card-edit],card_component_html,beta-parent,i,HTML Tag Removal,REJECTED,duplicate,-
card-edit,[attr.x-test-card-edit],card_component_html,beta-parent,j,HTML Tag Type Modification,REJECTED,duplicate,-
card-edit,[attr.x-test-card-edit],card_component_html,beta-parent,k,HTML Tag Insertion,REJECTED,duplicate,-
card-edit,[attr.x-test-card-edit],card_component_html,gamma-ancestor,d,Text Content Modification,NA,no-text-content,-
card-edit,[attr.x-test-card-edit],card_component_html,gamma-ancestor,e,Text Content Removal,NA,no-text-content,-
card-edit,[attr.x-test-card-edit],card_component_html,gamma-ancestor,i,HTML Tag Removal,NA,root-element,-
card-edit,[attr.x-test-card-edit],card_component_html,gamma-ancestor,a,Attribute Value Modification,REJECTED,duplicate,-
card-edit,[attr.x-test-card-edit],card_component_html,gamma-ancestor,b,Attribute Removal,REJECTED,duplicate,-
card-edit,[attr.x-test-card-edit],card_component_html,gamma-ancestor,c,Attribute Identifier Modification,REJECTED,duplicate,-
card-edit,[attr.x-test-card-edit],card_component_html,gamma-ancestor,j,HTML Tag Type Modification,REJECTED,duplicate,-
card-edit,[attr.x-test-card-edit],card_component_html,gamma-ancestor,k,HTML Tag Insertion,REJECTED,duplicate,-
card-edit,[attr.x-test-card-edit],card_component_html,delta-sibling,a,Attribute Value Modification,SAVED,,LLMR_card_component_html_card_edit_del_a
card-edit,[attr.x-test-card-edit],card_component_html,delta-sibling,b,Attribute Removal,SAVED,,LLMR_card_component_html_card_edit_del_b
card-edit,[attr.x-test-card-edit],card_component_html,delta-sibling,c,Attribute Identifier Modification,SAVED,,LLMR_card_component_html_card_edit_del_c
card-edit,[attr.x-test-card-edit],card_component_html,delta-sibling,d,Text Content Modification,SAVED,,LLMR_card_component_html_card_edit_del_d
card-edit,[attr.x-test-card-edit],card_component_html,delta-sibling,e,Text Content Removal,SAVED,,LLMR_card_component_html_card_edit_del_e
card-edit,[attr.x-test-card-edit],card_component_html,delta-sibling,i,HTML Tag Removal,SAVED,,LLMR_card_component_html_card_edit_del_i
card-edit,[attr.x-test-card-edit],card_component_html,delta-sibling,j,HTML Tag Type Modification,SAVED,,LLMR_card_component_html_card_edit_del_j
card-edit,[attr.x-test-card-edit],card_component_html,delta-sibling,k,HTML Tag Insertion,SAVED,,LLMR_card_component_html_card_edit_del_k
card-edit,[attr.x-test-card-edit],card_component_html,epsilon-component,a,Attribute Value Modification,NA,no-such-role,-
card-edit,[attr.x-test-card-edit],card_component_html,epsilon-component,b,Attribute Removal,NA,no-such-role,-
card-edit,[attr.x-test-card-edit],card_component_html,epsilon-component,c,Attribute Identifier Modification,NA,no-such-role,-
card-edit,[attr.x-test-card-edit],card_component_html,epsilon-component,d,Text Content Modification,NA,no-such-role,-
card-edit,[attr.x-test-card-edit],card_component_html,epsilon-component,e,Text Content Removal,NA,no-such-role,-
card-edit,[attr.x-test-card-edit],card_component_html,epsilon-component,i,HTML Tag Removal,NA,no-such-role,-
card-edit,[attr.x-test-card-edit],card_component_html,epsilon-component,j,HTML Tag Type Modification,NA,no-such-role,-
card-edit,[attr.x-test-card-edit],card_component_html,epsilon-component,k,HTML Tag Insertion,NA,no-such-role,-
card-delete,[attr.x-test-card-delete],card_component_html,alpha-target,a,Attribute Value Modification,REJECTED,duplicate,-
card-delete,[attr.x-test-card-delete],card_component_html,alpha-target,b,Attribute Removal,REJECTED,duplicate,-
card-delete,[attr.x-test-card-delete],card_component_html,alpha-target,c,Attribute Identifier Modification,REJECTED,duplicate,-
card-delete,[attr.x-test-card-delete],card_component_html,alpha-target,d,Text Content Modification,REJECTED,duplicate,-
card-delete,[attr.x-test-card-delete],card_component_html,alpha-target,e,Text Content Removal,REJECTED,duplicate,-
card-delete,[attr.x-test-card-delete],card_component_html,alpha-target,i,HTML Tag Removal,REJECTED,duplicate,-
card-delete,[attr.x-test-card-delete],card_component_html,alpha-target,j,HTML Tag Type Modification,REJECTED,duplicate,-
card-delete,[attr.x-test-card-delete],card_component_html,alpha-target,k,HTML Tag Insertion,REJECTED,duplicate,-
card-delete,[attr.x-test-card-delete],card_component_html,beta-parent,d,Text Content Modification,NA,no-text-content,-
card-delete,[attr.x-test-card-delete],card_component_html,beta-parent,e,Text Content Removal,NA,no-text-content,-
card-delete,[attr.x-test-card-delete],card_component_html,beta-parent,a,Attribute Value Modification,REJECTED,duplicate,-
card-delete,[attr.x-test-card-delete],card_component_html,beta-parent,b,Attribute Removal,REJECTED,duplicate,-
card-delete,[attr.x-test-card-delete],card_component_html,beta-parent,c,Attribute Identifier Modification,REJECTED,duplicate,-
card-delete,[attr.x-test-card-delete],card_component_html,beta-parent,i,HTML Tag Removal,REJECTED,duplicate,-
card-delete,[attr.x-test-card-delete],card_component_html,beta-parent,j,HTML Tag Type Modification,REJECTED,duplicate,-
card-delete,[attr.x-test-card-delete],card_component_html,beta-parent,k,HTML Tag Insertion,REJECTED,duplicate,-
card-delete,[attr.x-test-card-delete],card_component_html,gamma-ancestor,d,Text Content Modification,NA,no-text-content,-
card-delete,[attr.x-test-card-delete],card_component_html,gamma-ancestor,e,Text Content Removal,NA,no-text-content,-
card-delete,[attr.x-test-card-delete],card_component_html,gamma-ancestor,i,HTML Tag Removal,NA,root-element,-
card-delete,[attr.x-test-card-delete],card_component_html,gamma-ancestor,a,Attribute Value Modification,REJECTED,duplicate,-
card-delete,[attr.x-test-card-delete],card_component_html,gamma-ancestor,b,Attribute Removal,REJECTED,duplicate,-
card-delete,[attr.x-test-card-delete],card_component_html,gamma-ancestor,c,Attribute Identifier Modification,REJECTED,duplicate,-
card-delete,[attr.x-test-card-delete],card_component_html,gamma-ancestor,j,HTML Tag Type Modification,REJECTED,duplicate,-
card-delete,[attr.x-test-card-delete],card_component_html,gamma-ancestor,k,HTML Tag Insertion,REJECTED,duplicate,-
card-delete,[attr.x-test-card-delete],card_component_html,delta-sibling,a,Attribute Value Modification,REJECTED,duplicate,-
card-delete,[attr.x-test-card-delete],card_component_html,delta-sibling,b,Attribute Removal,REJECTED,duplicate,-
card-delete,[attr.x-test-card-delete],card_component_html,delta-sibling,c,Attribute Identifier Modification,REJECTED,duplicate,-
card-delete,[attr.x-test-card-delete],card_component_html,delta-sibling,d,Text Content Modification,REJECTED,duplicate,-
card-delete,[attr.x-test-card-delete],card_component_html,delta-sibling,e,Text Content Removal,REJECTED,duplicate,-
card-delete,[attr.x-test-card-delete],card_component_html,delta-sibling,i,HTML Tag Removal,REJECTED,duplicate,-
card-delete,[attr.x-test-card-delete],card_component_html,delta-sibling,j,HTML Tag Type Modification,REJECTED,duplicate,-
card-delete,[attr.x-test-card-delete],card_component_html,delta-sibling,k,HTML Tag Insertion,REJECTED,duplicate,-
card-delete,[attr.x-test-card-delete],card_component_html,epsilon-component,a,Attribute Value Modification,NA,no-such-role,-
card-delete,[attr.x-test-card-delete],card_component_html,epsilon-component,b,Attribute Removal,NA,no-such-role,-
card-delete,[attr.x-test-card-delete],card_component_html,epsilon-component,c,Attribute Identifier Modification,NA,no-such-role,-
card-delete,[attr.x-test-card-delete],card_component_html,epsilon-component,d,Text Content Modification,NA,no-such-role,-
card-delete,[attr.x-test-card-delete],card_component_html,epsilon-component,e,Text Content Removal,NA,no-such-role,-
card-delete,[attr.x-test-card-delete],card_component_html,epsilon-component,i,HTML Tag Removal,NA,no-such-role,-
card-delete,[attr.x-test-card-delete],card_component_html,epsilon-component,j,HTML Tag Type Modification,NA,no-such-role,-
card-delete,[attr.x-test-card-delete],card_component_html,epsilon-component,k,HTML Tag Insertion,NA,no-such-role,-
column-card-list,x-test-card-list,column_component_html,alpha-target,i,HTML Tag Removal,NA,root-element,-
column-card-list,x-test-card-list,column_component_html,alpha-target,a,Attribute Value Modification,SAVED,,LLMR_column_component_html_column_card_list_alf_a
column-card-list,x-test-card-list,column_component_html,alpha-target,b,Attribute Removal,SAVED,,LLMR_column_component_html_column_card_list_alf_b
column-card-list,x-test-card-list,column_component_html,alpha-target,c,Attribute Identifier Modification,SAVED,,LLMR_column_component_html_column_card_list_alf_c
column-card-list,x-test-card-list,column_component_html,alpha-target,d,Text Content Modification,SAVED,,LLMR_column_component_html_column_card_list_alf_d
column-card-list,x-test-card-list,column_component_html,alpha-target,e,Text Content Removal,SAVED,,LLMR_column_component_html_column_card_list_alf_e
column-card-list,x-test-card-list,column_component_html,alpha-target,j,HTML Tag Type Modification,SAVED,,LLMR_column_component_html_column_card_list_alf_j
column-card-list,x-test-card-list,column_component_html,alpha-target,k,HTML Tag Insertion,SAVED,,LLMR_column_component_html_column_card_list_alf_k
column-card-list,x-test-card-list,column_component_html,beta-parent,a,Attribute Value Modification,NA,boundary-element,-
column-card-list,x-test-card-list,column_component_html,beta-parent,b,Attribute Removal,NA,boundary-element,-
column-card-list,x-test-card-list,column_component_html,beta-parent,c,Attribute Identifier Modification,NA,boundary-element,-
column-card-list,x-test-card-list,column_component_html,beta-parent,d,Text Content Modification,NA,boundary-element,-
column-card-list,x-test-card-list,column_component_html,beta-parent,e,Text Content Removal,NA,boundary-element,-
column-card-list,x-test-card-list,column_component_html,beta-parent,i,HTML Tag Removal,NA,boundary-element,-
column-card-list,x-test-card-list,column_component_html,beta-parent,j,HTML Tag Type Modification,NA,boundary-element,-
column-card-list,x-test-card-list,column_component_html,beta-parent,k,HTML Tag Insertion,NA,boundary-element,-
column-card-list,x-test-card-list,column_component_html,gamma-ancestor,a,Attribute Value Modification,NA,no-such-role,-
column-card-list,x-test-card-list,column_component_html,gamma-ancestor,b,Attribute Removal,NA,no-such-role,-
column-card-list,x-test-card-list,column_component_html,gamma-ancestor,c,Attribute Identifier Modification,NA,no-such-role,-
column-card-list,x-test-card-list,column_component_html,gamma-ancestor,d,Text Content Modification,NA,no-such-role,-
column-card-list,x-test-card-list,column_component_html,gamma-ancestor,e,Text Content Removal,NA,no-such-role,-
column-card-list,x-test-card-list,column_component_html,gamma-ancestor,i,HTML Tag Removal,NA,no-such-role,-
column-card-list,x-test-card-list,column_component_html,gamma-ancestor,j,HTML Tag Type Modification,NA,no-such-role,-
column-card-list,x-test-card-list,column_component_html,gamma-ancestor,k,HTML Tag Insertion,NA,no-such-role,-
column-card-list,x-test-card-list,column_component_html,delta-sibling,a,Attribute Value Modification,NA,no-such-role,-
column-card-list,x-test-card-list,column_component_html,delta-sibling,b,Attribute Removal,NA,no-such-role,-
column-card-list,x-test-card-list,column_component_html,delta-sibling,c,Attribute Identifier Modification,NA,no-such-role,-
column-card-list,x-test-card-list,column_component_html,delta-sibling,d,Text Content Modification,NA,no-such-role,-
column-card-list,x-test-card-list,column_component_html,delta-sibling,e,Text Content Removal,NA,no-such-role,-
column-card-list,x-test-card-list,column_component_html,delta-sibling,i,HTML Tag Removal,NA,no-such-role,-
column-card-list,x-test-card-list,column_component_html,delta-sibling,j,HTML Tag Type Modification,NA,no-such-role,-
column-card-list,x-test-card-list,column_component_html,delta-sibling,k,HTML Tag Insertion,NA,no-such-role,-
column-card-list,x-test-card-list,column_component_html,epsilon-component,a,Attribute Value Modification,NA,no-such-role,-
column-card-list,x-test-card-list,column_component_html,epsilon-component,b,Attribute Removal,NA,no-such-role,-
column-card-list,x-test-card-list,column_component_html,epsilon-component,c,Attribute Identifier Modification,NA,no-such-role,-
column-card-list,x-test-card-list,column_component_html,epsilon-component,d,Text Content Modification,NA,no-such-role,-
column-card-list,x-test-card-list,column_component_html,epsilon-component,e,Text Content Removal,NA,no-such-role,-
column-card-list,x-test-card-list,column_component_html,epsilon-component,i,HTML Tag Removal,NA,no-such-role,-
column-card-list,x-test-card-list,column_component_html,epsilon-component,j,HTML Tag Type Modification,NA,no-such-role,-
column-card-list,x-test-card-list,column_component_html,epsilon-component,k,HTML Tag Insertion,NA,no-such-role,-
column-empty-message,x-test-empty-message,column_component_html,alpha-target,i,HTML Tag Removal,NA,would-drop-x-test,-
column-empty-message,x-test-empty-message,column_component_html,alpha-target,a,Attribute Value Modification,SAVED,,LLMR_column_component_html_column_empty_message_alf_a
column-empty-message,x-test-empty-message,column_component_html,alpha-target,b,Attribute Removal,SAVED,,LLMR_column_component_html_column_empty_message_alf_b
column-empty-message,x-test-empty-message,column_component_html,alpha-target,c,Attribute Identifier Modification,SAVED,,LLMR_column_component_html_column_empty_message_alf_c
column-empty-message,x-test-empty-message,column_component_html,alpha-target,d,Text Content Modification,SAVED,,LLMR_column_component_html_column_empty_message_alf_d
column-empty-message,x-test-empty-message,column_component_html,alpha-target,e,Text Content Removal,REJECTED,duplicate,-
column-empty-message,x-test-empty-message,column_component_html,alpha-target,j,HTML Tag Type Modification,SAVED,,LLMR_column_component_html_column_empty_message_alf_j
column-empty-message,x-test-empty-message,column_component_html,alpha-target,k,HTML Tag Insertion,SAVED,,LLMR_column_component_html_column_empty_message_alf_k
column-empty-message,x-test-empty-message,column_component_html,beta-parent,d,Text Content Modification,NA,no-text-content,-
column-empty-message,x-test-empty-message,column_component_html,beta-parent,e,Text Content Removal,NA,no-text-content,-
column-empty-message,x-test-empty-message,column_component_html,beta-parent,a,Attribute Value Modification,SAVED,,LLMR_column_component_html_column_empty_message_bet_a
column-empty-message,x-test-empty-message,column_component_html,beta-parent,b,Attribute Removal,SAVED,,LLMR_column_component_html_column_empty_message_bet_b
column-empty-message,x-test-empty-message,column_component_html,beta-parent,c,Attribute Identifier Modification,SAVED,,LLMR_column_component_html_column_empty_message_bet_c
column-empty-message,x-test-empty-message,column_component_html,beta-parent,i,HTML Tag Removal,SAVED,,LLMR_column_component_html_column_empty_message_bet_i
column-empty-message,x-test-empty-message,column_component_html,beta-parent,j,HTML Tag Type Modification,SAVED,,LLMR_column_component_html_column_empty_message_bet_j
column-empty-message,x-test-empty-message,column_component_html,beta-parent,k,HTML Tag Insertion,SAVED,,LLMR_column_component_html_column_empty_message_bet_k
column-empty-message,x-test-empty-message,column_component_html,gamma-ancestor,i,HTML Tag Removal,NA,root-element,-
column-empty-message,x-test-empty-message,column_component_html,gamma-ancestor,a,Attribute Value Modification,REJECTED,duplicate,-
column-empty-message,x-test-empty-message,column_component_html,gamma-ancestor,b,Attribute Removal,REJECTED,duplicate,-
column-empty-message,x-test-empty-message,column_component_html,gamma-ancestor,c,Attribute Identifier Modification,REJECTED,duplicate,-
column-empty-message,x-test-empty-message,column_component_html,gamma-ancestor,d,Text Content Modification,REJECTED,duplicate,-
column-empty-message,x-test-empty-message,column_component_html,gamma-ancestor,e,Text Content Removal,REJECTED,duplicate,-
column-empty-message,x-test-empty-message,column_component_html,gamma-ancestor,j,HTML Tag Type Modification,REJECTED,duplicate,-
column-empty-message,x-test-empty-message,column_component_html,gamma-ancestor,k,HTML Tag Insertion,REJECTED,duplicate,-
column-empty-message,x-test-empty-message,column_component_html,delta-sibling,a,Attribute Value Modification,NA,no-such-role,-
column-empty-message,x-test-empty-message,column_component_html,delta-sibling,b,Attribute Removal,NA,no-such-role,-
column-empty-message,x-test-empty-message,column_component_html,delta-sibling,c,Attribute Identifier Modification,NA,no-such-role,-
column-empty-message,x-test-empty-message,column_component_html,delta-sibling,d,Text Content Modification,NA,no-such-role,-
column-empty-message,x-test-empty-message,column_component_html,delta-sibling,e,Text Content Removal,NA,no-such-role,-
column-empty-message,x-test-empty-message,column_component_html,delta-sibling,i,HTML Tag Removal,NA,no-such-role,-
column-empty-message,x-test-empty-message,column_component_html,delta-sibling,j,HTML Tag Type Modification,NA,no-such-role,-
column-empty-message,x-test-empty-message,column_component_html,delta-sibling,k,HTML Tag Insertion,NA,no-such-role,-
column-empty-message,x-test-empty-message,column_component_html,epsilon-component,a,Attribute Value Modification,NA,no-such-role,-
column-empty-message,x-test-empty-message,column_component_html,epsilon-component,b,Attribute Removal,NA,no-such-role,-
column-empty-message,x-test-empty-message,column_component_html,epsilon-component,c,Attribute Identifier Modification,NA,no-such-role,-
column-empty-message,x-test-empty-message,column_component_html,epsilon-component,d,Text Content Modification,NA,no-such-role,-
column-empty-message,x-test-empty-message,column_component_html,epsilon-component,e,Text Content Removal,NA,no-such-role,-
column-empty-message,x-test-empty-message,column_component_html,epsilon-component,i,HTML Tag Removal,NA,no-such-role,-
column-empty-message,x-test-empty-message,column_component_html,epsilon-component,j,HTML Tag Type Modification,NA,no-such-role,-
column-empty-message,x-test-empty-message,column_component_html,epsilon-component,k,HTML Tag Insertion,NA,no-such-role,-
form-root,x-test-form,card_form_component_html,alpha-target,d,Text Content Modification,NA,no-text-content,-
form-root,x-test-form,card_form_component_html,alpha-target,e,Text Content Removal,NA,no-text-content,-
form-root,x-test-form,card_form_component_html,alpha-target,i,HTML Tag Removal,NA,would-drop-x-test,-
form-root,x-test-form,card_form_component_html,alpha-target,a,Attribute Value Modification,SAVED,,LLMR_card_form_component_html_form_root_alf_a
form-root,x-test-form,card_form_component_html,alpha-target,b,Attribute Removal,SAVED,,LLMR_card_form_component_html_form_root_alf_b
form-root,x-test-form,card_form_component_html,alpha-target,c,Attribute Identifier Modification,SAVED,,LLMR_card_form_component_html_form_root_alf_c
form-root,x-test-form,card_form_component_html,alpha-target,j,HTML Tag Type Modification,SAVED,,LLMR_card_form_component_html_form_root_alf_j
form-root,x-test-form,card_form_component_html,alpha-target,k,HTML Tag Insertion,SAVED,,LLMR_card_form_component_html_form_root_alf_k
form-root,x-test-form,card_form_component_html,beta-parent,d,Text Content Modification,NA,no-text-content,-
form-root,x-test-form,card_form_component_html,beta-parent,e,Text Content Removal,NA,no-text-content,-
form-root,x-test-form,card_form_component_html,beta-parent,i,HTML Tag Removal,NA,root-element,-
form-root,x-test-form,card_form_component_html,beta-parent,a,Attribute Value Modification,SAVED,,LLMR_card_form_component_html_form_root_bet_a
form-root,x-test-form,card_form_component_html,beta-parent,b,Attribute Removal,SAVED,,LLMR_card_form_component_html_form_root_bet_b
form-root,x-test-form,card_form_component_html,beta-parent,c,Attribute Identifier Modification,SAVED,,LLMR_card_form_component_html_form_root_bet_c
form-root,x-test-form,card_form_component_html,beta-parent,j,HTML Tag Type Modification,SAVED,,LLMR_card_form_component_html_form_root_bet_j
form-root,x-test-form,card_form_component_html,beta-parent,k,HTML Tag Insertion,SAVED,,LLMR_card_form_component_html_form_root_bet_k
form-root,x-test-form,card_form_component_html,gamma-ancestor,a,Attribute Value Modification,NA,no-such-role,-
form-root,x-test-form,card_form_component_html,gamma-ancestor,b,Attribute Removal,NA,no-such-role,-
form-root,x-test-form,card_form_component_html,gamma-ancestor,c,Attribute Identifier Modification,NA,no-such-role,-
form-root,x-test-form,card_form_component_html,gamma-ancestor,d,Text Content Modification,NA,no-such-role,-
form-root,x-test-form,card_form_component_html,gamma-ancestor,e,Text Content Removal,NA,no-such-role,-
form-root,x-test-form,card_form_component_html,gamma-ancestor,i,HTML Tag Removal,NA,no-such-role,-
form-root,x-test-form,card_form_component_html,gamma-ancestor,j,HTML Tag Type Modification,NA,no-such-role,-
form-root,x-test-form,card_form_component_html,gamma-ancestor,k,HTML Tag Insertion,NA,no-such-role,-
form-root,x-test-form,card_form_component_html,delta-sibling,i,HTML Tag Removal,NA,would-drop-x-test,-
form-root,x-test-form,card_form_component_html,delta-sibling,a,Attribute Value Modification,SAVED,,LLMR_card_form_component_html_form_root_del_a
form-root,x-test-form,card_form_component_html,delta-sibling,b,Attribute Removal,SAVED,,LLMR_card_form_component_html_form_root_del_b
form-root,x-test-form,card_form_component_html,delta-sibling,c,Attribute Identifier Modification,SAVED,,LLMR_card_form_component_html_form_root_del_c
form-root,x-test-form,card_form_component_html,delta-sibling,d,Text Content Modification,SAVED,,LLMR_card_form_component_html_form_root_del_d
form-root,x-test-form,card_form_component_html,delta-sibling,e,Text Content Removal,SAVED,,LLMR_card_form_component_html_form_root_del_e
form-root,x-test-form,card_form_component_html,delta-sibling,j,HTML Tag Type Modification,SAVED,,LLMR_card_form_component_html_form_root_del_j
form-root,x-test-form,card_form_component_html,delta-sibling,k,HTML Tag Insertion,SAVED,,LLMR_card_form_component_html_form_root_del_k
form-root,x-test-form,card_form_component_html,epsilon-component,a,Attribute Value Modification,NA,no-such-role,-
form-root,x-test-form,card_form_component_html,epsilon-component,b,Attribute Removal,NA,no-such-role,-
form-root,x-test-form,card_form_component_html,epsilon-component,c,Attribute Identifier Modification,NA,no-such-role,-
form-root,x-test-form,card_form_component_html,epsilon-component,d,Text Content Modification,NA,no-such-role,-
form-root,x-test-form,card_form_component_html,epsilon-component,e,Text Content Removal,NA,no-such-role,-
form-root,x-test-form,card_form_component_html,epsilon-component,i,HTML Tag Removal,NA,no-such-role,-
form-root,x-test-form,card_form_component_html,epsilon-component,j,HTML Tag Type Modification,NA,no-such-role,-
form-root,x-test-form,card_form_component_html,epsilon-component,k,HTML Tag Insertion,NA,no-such-role,-
form-title,x-test-form-title,card_form_component_html,alpha-target,d,Text Content Modification,NA,no-text-content,-
form-title,x-test-form-title,card_form_component_html,alpha-target,e,Text Content Removal,NA,no-text-content,-
form-title,x-test-form-title,card_form_component_html,alpha-target,i,HTML Tag Removal,NA,would-drop-x-test,-
form-title,x-test-form-title,card_form_component_html,alpha-target,a,Attribute Value Modification,SAVED,,LLMR_card_form_component_html_form_title_alf_a
form-title,x-test-form-title,card_form_component_html,alpha-target,b,Attribute Removal,SAVED,,LLMR_card_form_component_html_form_title_alf_b
form-title,x-test-form-title,card_form_component_html,alpha-target,c,Attribute Identifier Modification,SAVED,,LLMR_card_form_component_html_form_title_alf_c
form-title,x-test-form-title,card_form_component_html,alpha-target,j,HTML Tag Type Modification,SAVED,,LLMR_card_form_component_html_form_title_alf_j
form-title,x-test-form-title,card_form_component_html,alpha-target,k,HTML Tag Insertion,SAVED,,LLMR_card_form_component_html_form_title_alf_k
form-title,x-test-form-title,card_form_component_html,beta-parent,d,Text Content Modification,NA,no-text-content,-
form-title,x-test-form-title,card_form_component_html,beta-parent,e,Text Content Removal,NA,no-text-content,-
form-title,x-test-form-title,card_form_component_html,beta-parent,i,HTML Tag Removal,NA,would-drop-x-test,-
form-title,x-test-form-title,card_form_component_html,beta-parent,a,Attribute Value Modification,SAVED,,LLMR_card_form_component_html_form_title_bet_a
form-title,x-test-form-title,card_form_component_html,beta-parent,b,Attribute Removal,SAVED,,LLMR_card_form_component_html_form_title_bet_b
form-title,x-test-form-title,card_form_component_html,beta-parent,c,Attribute Identifier Modification,SAVED,,LLMR_card_form_component_html_form_title_bet_c
form-title,x-test-form-title,card_form_component_html,beta-parent,j,HTML Tag Type Modification,SAVED,,LLMR_card_form_component_html_form_title_bet_j
form-title,x-test-form-title,card_form_component_html,beta-parent,k,HTML Tag Insertion,SAVED,,LLMR_card_form_component_html_form_title_bet_k
form-title,x-test-form-title,card_form_component_html,gamma-ancestor,d,Text Content Modification,NA,no-text-content,-
form-title,x-test-form-title,card_form_component_html,gamma-ancestor,e,Text Content Removal,NA,no-text-content,-
form-title,x-test-form-title,card_form_component_html,gamma-ancestor,i,HTML Tag Removal,NA,would-drop-x-test,-
form-title,x-test-form-title,card_form_component_html,gamma-ancestor,a,Attribute Value Modification,REJECTED,duplicate,-
form-title,x-test-form-title,card_form_component_html,gamma-ancestor,b,Attribute Removal,REJECTED,duplicate,-
form-title,x-test-form-title,card_form_component_html,gamma-ancestor,c,Attribute Identifier Modification,REJECTED,duplicate,-
form-title,x-test-form-title,card_form_component_html,gamma-ancestor,j,HTML Tag Type Modification,REJECTED,duplicate,-
form-title,x-test-form-title,card_form_component_html,gamma-ancestor,k,HTML Tag Insertion,REJECTED,duplicate,-
form-title,x-test-form-title,card_form_component_html,delta-sibling,i,HTML Tag Removal,NA,would-drop-x-test,-
form-title,x-test-form-title,card_form_component_html,delta-sibling,a,Attribute Value Modification,SAVED,,LLMR_card_form_component_html_form_title_del_a
form-title,x-test-form-title,card_form_component_html,delta-sibling,b,Attribute Removal,SAVED,,LLMR_card_form_component_html_form_title_del_b
form-title,x-test-form-title,card_form_component_html,delta-sibling,c,Attribute Identifier Modification,SAVED,,LLMR_card_form_component_html_form_title_del_c
form-title,x-test-form-title,card_form_component_html,delta-sibling,d,Text Content Modification,SAVED,,LLMR_card_form_component_html_form_title_del_d
form-title,x-test-form-title,card_form_component_html,delta-sibling,e,Text Content Removal,SAVED,,LLMR_card_form_component_html_form_title_del_e
form-title,x-test-form-title,card_form_component_html,delta-sibling,j,HTML Tag Type Modification,SAVED,,LLMR_card_form_component_html_form_title_del_j
form-title,x-test-form-title,card_form_component_html,delta-sibling,k,HTML Tag Insertion,SAVED,,LLMR_card_form_component_html_form_title_del_k
form-title,x-test-form-title,card_form_component_html,epsilon-component,a,Attribute Value Modification,NA,no-such-role,-
form-title,x-test-form-title,card_form_component_html,epsilon-component,b,Attribute Removal,NA,no-such-role,-
form-title,x-test-form-title,card_form_component_html,epsilon-component,c,Attribute Identifier Modification,NA,no-such-role,-
form-title,x-test-form-title,card_form_component_html,epsilon-component,d,Text Content Modification,NA,no-such-role,-
form-title,x-test-form-title,card_form_component_html,epsilon-component,e,Text Content Removal,NA,no-such-role,-
form-title,x-test-form-title,card_form_component_html,epsilon-component,i,HTML Tag Removal,NA,no-such-role,-
form-title,x-test-form-title,card_form_component_html,epsilon-component,j,HTML Tag Type Modification,NA,no-such-role,-
form-title,x-test-form-title,card_form_component_html,epsilon-component,k,HTML Tag Insertion,NA,no-such-role,-
form-title-label,x-test-form-title-label,card_form_component_html,alpha-target,i,HTML Tag Removal,NA,would-drop-x-test,-
form-title-label,x-test-form-title-label,card_form_component_html,alpha-target,a,Attribute Value Modification,REJECTED,duplicate,-
form-title-label,x-test-form-title-label,card_form_component_html,alpha-target,b,Attribute Removal,REJECTED,duplicate,-
form-title-label,x-test-form-title-label,card_form_component_html,alpha-target,c,Attribute Identifier Modification,REJECTED,duplicate,-
form-title-label,x-test-form-title-label,card_form_component_html,alpha-target,d,Text Content Modification,REJECTED,duplicate,-
form-title-label,x-test-form-title-label,card_form_component_html,alpha-target,e,Text Content Removal,REJECTED,duplicate,-
form-title-label,x-test-form-title-label,card_form_component_html,alpha-target,j,HTML Tag Type Modification,REJECTED,duplicate,-
form-title-label,x-test-form-title-label,card_form_component_html,alpha-target,k,HTML Tag Insertion,REJECTED,duplicate,-
form-title-label,x-test-form-title-label,card_form_component_html,beta-parent,d,Text Content Modification,NA,no-text-content,-
form-title-label,x-test-form-title-label,card_form_component_html,beta-parent,e,Text Content Removal,NA,no-text-content,-
form-title-label,x-test-form-title-label,card_form_component_html,beta-parent,i,HTML Tag Removal,NA,would-drop-x-test,-
form-title-label,x-test-form-title-label,card_form_component_html,beta-parent,a,Attribute Value Modification,REJECTED,duplicate,-
form-title-label,x-test-form-title-label,card_form_component_html,beta-parent,b,Attribute Removal,REJECTED,duplicate,-
form-title-label,x-test-form-title-label,card_form_component_html,beta-parent,c,Attribute Identifier Modification,REJECTED,duplicate,-
form-title-label,x-test-form-title-label,card_form_component_html,beta-parent,j,HTML Tag Type Modification,REJECTED,duplicate,-
form-title-label,x-test-form-title-label,card_form_component_html,beta-parent,k,HTML Tag Insertion,REJECTED,duplicate,-
form-title-label,x-test-form-title-label,card_form_component_html,gamma-ancestor,d,Text Content Modification,NA,no-text-content,-
form-title-label,x-test-form-title-label,card_form_component_html,gamma-ancestor,e,Text Content Removal,NA,no-text-content,-
form-title-label,x-test-form-title-label,card_form_component_html,gamma-ancestor,i,HTML Tag Removal,NA,would-drop-x-test,-
form-title-label,x-test-form-title-label,card_form_component_html,gamma-ancestor,a,Attribute Value Modification,REJECTED,duplicate,-
form-title-label,x-test-form-title-label,card_form_component_html,gamma-ancestor,b,Attribute Removal,REJECTED,duplicate,-
form-title-label,x-test-form-title-label,card_form_component_html,gamma-ancestor,c,Attribute Identifier Modification,REJECTED,duplicate,-
form-title-label,x-test-form-title-label,card_form_component_html,gamma-ancestor,j,HTML Tag Type Modification,REJECTED,duplicate,-
form-title-label,x-test-form-title-label,card_form_component_html,gamma-ancestor,k,HTML Tag Insertion,REJECTED,duplicate,-
form-title-label,x-test-form-title-label,card_form_component_html,delta-sibling,d,Text Content Modification,NA,no-text-content,-
form-title-label,x-test-form-title-label,card_form_component_html,delta-sibling,e,Text Content Removal,NA,no-text-content,-
form-title-label,x-test-form-title-label,card_form_component_html,delta-sibling,i,HTML Tag Removal,NA,would-drop-x-test,-
form-title-label,x-test-form-title-label,card_form_component_html,delta-sibling,a,Attribute Value Modification,REJECTED,duplicate,-
form-title-label,x-test-form-title-label,card_form_component_html,delta-sibling,b,Attribute Removal,REJECTED,duplicate,-
form-title-label,x-test-form-title-label,card_form_component_html,delta-sibling,c,Attribute Identifier Modification,REJECTED,duplicate,-
form-title-label,x-test-form-title-label,card_form_component_html,delta-sibling,j,HTML Tag Type Modification,REJECTED,duplicate,-
form-title-label,x-test-form-title-label,card_form_component_html,delta-sibling,k,HTML Tag Insertion,REJECTED,duplicate,-
form-title-label,x-test-form-title-label,card_form_component_html,epsilon-component,a,Attribute Value Modification,NA,no-such-role,-
form-title-label,x-test-form-title-label,card_form_component_html,epsilon-component,b,Attribute Removal,NA,no-such-role,-
form-title-label,x-test-form-title-label,card_form_component_html,epsilon-component,c,Attribute Identifier Modification,NA,no-such-role,-
form-title-label,x-test-form-title-label,card_form_component_html,epsilon-component,d,Text Content Modification,NA,no-such-role,-
form-title-label,x-test-form-title-label,card_form_component_html,epsilon-component,e,Text Content Removal,NA,no-such-role,-
form-title-label,x-test-form-title-label,card_form_component_html,epsilon-component,i,HTML Tag Removal,NA,no-such-role,-
form-title-label,x-test-form-title-label,card_form_component_html,epsilon-component,j,HTML Tag Type Modification,NA,no-such-role,-
form-title-label,x-test-form-title-label,card_form_component_html,epsilon-component,k,HTML Tag Insertion,NA,no-such-role,-
form-description,x-test-form-description,card_form_component_html,alpha-target,d,Text Content Modification,NA,no-text-content,-
form-description,x-test-form-description,card_form_component_html,alpha-target,e,Text Content Removal,NA,no-text-content,-
form-description,x-test-form-description,card_form_component_html,alpha-target,i,HTML Tag Removal,NA,would-drop-x-test,-
form-description,x-test-form-description,card_form_component_html,alpha-target,a,Attribute Value Modification,SAVED,,LLMR_card_form_component_html_form_description_alf_a
form-description,x-test-form-description,card_form_component_html,alpha-target,b,Attribute Removal,SAVED,,LLMR_card_form_component_html_form_description_alf_b
form-description,x-test-form-description,card_form_component_html,alpha-target,c,Attribute Identifier Modification,SAVED,,LLMR_card_form_component_html_form_description_alf_c
form-description,x-test-form-description,card_form_component_html,alpha-target,j,HTML Tag Type Modification,SAVED,,LLMR_card_form_component_html_form_description_alf_j
form-description,x-test-form-description,card_form_component_html,alpha-target,k,HTML Tag Insertion,SAVED,,LLMR_card_form_component_html_form_description_alf_k
form-description,x-test-form-description,card_form_component_html,beta-parent,d,Text Content Modification,NA,no-text-content,-
form-description,x-test-form-description,card_form_component_html,beta-parent,e,Text Content Removal,NA,no-text-content,-
form-description,x-test-form-description,card_form_component_html,beta-parent,i,HTML Tag Removal,NA,would-drop-x-test,-
form-description,x-test-form-description,card_form_component_html,beta-parent,a,Attribute Value Modification,SAVED,,LLMR_card_form_component_html_form_description_bet_a
form-description,x-test-form-description,card_form_component_html,beta-parent,b,Attribute Removal,SAVED,,LLMR_card_form_component_html_form_description_bet_b
form-description,x-test-form-description,card_form_component_html,beta-parent,c,Attribute Identifier Modification,SAVED,,LLMR_card_form_component_html_form_description_bet_c
form-description,x-test-form-description,card_form_component_html,beta-parent,j,HTML Tag Type Modification,SAVED,,LLMR_card_form_component_html_form_description_bet_j
form-description,x-test-form-description,card_form_component_html,beta-parent,k,HTML Tag Insertion,SAVED,,LLMR_card_form_component_html_form_description_bet_k
form-description,x-test-form-description,card_form_component_html,gamma-ancestor,d,Text Content Modification,NA,no-text-content,-
form-description,x-test-form-description,card_form_component_html,gamma-ancestor,e,Text Content Removal,NA,no-text-content,-
form-description,x-test-form-description,card_form_component_html,gamma-ancestor,i,HTML Tag Removal,NA,would-drop-x-test,-
form-description,x-test-form-description,card_form_component_html,gamma-ancestor,a,Attribute Value Modification,REJECTED,duplicate,-
form-description,x-test-form-description,card_form_component_html,gamma-ancestor,b,Attribute Removal,REJECTED,duplicate,-
form-description,x-test-form-description,card_form_component_html,gamma-ancestor,c,Attribute Identifier Modification,REJECTED,duplicate,-
form-description,x-test-form-description,card_form_component_html,gamma-ancestor,j,HTML Tag Type Modification,REJECTED,duplicate,-
form-description,x-test-form-description,card_form_component_html,gamma-ancestor,k,HTML Tag Insertion,REJECTED,duplicate,-
form-description,x-test-form-description,card_form_component_html,delta-sibling,i,HTML Tag Removal,NA,would-drop-x-test,-
form-description,x-test-form-description,card_form_component_html,delta-sibling,a,Attribute Value Modification,SAVED,,LLMR_card_form_component_html_form_description_del_a
form-description,x-test-form-description,card_form_component_html,delta-sibling,b,Attribute Removal,SAVED,,LLMR_card_form_component_html_form_description_del_b
form-description,x-test-form-description,card_form_component_html,delta-sibling,c,Attribute Identifier Modification,SAVED,,LLMR_card_form_component_html_form_description_del_c
form-description,x-test-form-description,card_form_component_html,delta-sibling,d,Text Content Modification,SAVED,,LLMR_card_form_component_html_form_description_del_d
form-description,x-test-form-description,card_form_component_html,delta-sibling,e,Text Content Removal,SAVED,,LLMR_card_form_component_html_form_description_del_e
form-description,x-test-form-description,card_form_component_html,delta-sibling,j,HTML Tag Type Modification,SAVED,,LLMR_card_form_component_html_form_description_del_j
form-description,x-test-form-description,card_form_component_html,delta-sibling,k,HTML Tag Insertion,SAVED,,LLMR_card_form_component_html_form_description_del_k
form-description,x-test-form-description,card_form_component_html,epsilon-component,a,Attribute Value Modification,NA,no-such-role,-
form-description,x-test-form-description,card_form_component_html,epsilon-component,b,Attribute Removal,NA,no-such-role,-
form-description,x-test-form-description,card_form_component_html,epsilon-component,c,Attribute Identifier Modification,NA,no-such-role,-
form-description,x-test-form-description,card_form_component_html,epsilon-component,d,Text Content Modification,NA,no-such-role,-
form-description,x-test-form-description,card_form_component_html,epsilon-component,e,Text Content Removal,NA,no-such-role,-
form-description,x-test-form-description,card_form_component_html,epsilon-component,i,HTML Tag Removal,NA,no-such-role,-
form-description,x-test-form-description,card_form_component_html,epsilon-component,j,HTML Tag Type Modification,NA,no-such-role,-
form-description,x-test-form-description,card_form_component_html,epsilon-component,k,HTML Tag Insertion,NA,no-such-role,-
form-priority,x-test-form-priority,card_form_component_html,alpha-target,d,Text Content Modification,NA,no-text-content,-
form-priority,x-test-form-priority,card_form_component_html,alpha-target,e,Text Content Removal,NA,no-text-content,-
form-priority,x-test-form-priority,card_form_component_html,alpha-target,i,HTML Tag Removal,NA,would-drop-x-test,-
form-priority,x-test-form-priority,card_form_component_html,alpha-target,a,Attribute Value Modification,SAVED,,LLMR_card_form_component_html_form_priority_alf_a
form-priority,x-test-form-priority,card_form_component_html,alpha-target,b,Attribute Removal,SAVED,,LLMR_card_form_component_html_form_priority_alf_b
form-priority,x-test-form-priority,card_form_component_html,alpha-target,c,Attribute Identifier Modification,SAVED,,LLMR_card_form_component_html_form_priority_alf_c
form-priority,x-test-form-priority,card_form_component_html,alpha-target,j,HTML Tag Type Modification,SAVED,,LLMR_card_form_component_html_form_priority_alf_j
form-priority,x-test-form-priority,card_form_component_html,alpha-target,k,HTML Tag Insertion,SAVED,,LLMR_card_form_component_html_form_priority_alf_k
form-priority,x-test-form-priority,card_form_component_html,beta-parent,d,Text Content Modification,NA,no-text-content,-
form-priority,x-test-form-priority,card_form_component_html,beta-parent,e,Text Content Removal,NA,no-text-content,-
form-priority,x-test-form-priority,card_form_component_html,beta-parent,i,HTML Tag Removal,NA,would-drop-x-test,-
form-priority,x-test-form-priority,card_form_component_html,beta-parent,a,Attribute Value Modification,SAVED,,LLMR_card_form_component_html_form_priority_bet_a
form-priority,x-test-form-priority,card_form_component_html,beta-parent,b,Attribute Removal,SAVED,,LLMR_card_form_component_html_form_priority_bet_b
form-priority,x-test-form-priority,card_form_component_html,beta-parent,c,Attribute Identifier Modification,SAVED,,LLMR_card_form_component_html_form_priority_bet_c
form-priority,x-test-form-priority,card_form_component_html,beta-parent,j,HTML Tag Type Modification,SAVED,,LLMR_card_form_component_html_form_priority_bet_j
form-priority,x-test-form-priority,card_form_component_html,beta-parent,k,HTML Tag Insertion,SAVED,,LLMR_card_form_component_html_form_priority_bet_k
form-priority,x-test-form-priority,card_form_component_html,gamma-ancestor,d,Text Content Modification,NA,no-text-content,-
form-priority,x-test-form-priority,card_form_component_html,gamma-ancestor,e,Text Content Removal,NA,no-text-content,-
form-priority,x-test-form-priority,card_form_component_html,gamma-ancestor,a,Attribute Value Modification,SAVED,,LLMR_card_form_component_html_form_priority_gam_a
form-priority,x-test-form-priority,card_form_component_html,gamma-ancestor,b,Attribute Removal,SAVED,,LLMR_card_form_component_html_form_priority_gam_b
form-priority,x-test-form-priority,card_form_component_html,gamma-ancestor,c,Attribute Identifier Modification,SAVED,,LLMR_card_form_component_html_form_priority_gam_c
form-priority,x-test-form-priority,card_form_component_html,gamma-ancestor,i,HTML Tag Removal,SAVED,,LLMR_card_form_component_html_form_priority_gam_i
form-priority,x-test-form-priority,card_form_component_html,gamma-ancestor,j,HTML Tag Type Modification,SAVED,,LLMR_card_form_component_html_form_priority_gam_j
form-priority,x-test-form-priority,card_form_component_html,gamma-ancestor,k,HTML Tag Insertion,SAVED,,LLMR_card_form_component_html_form_priority_gam_k
form-priority,x-test-form-priority,card_form_component_html,delta-sibling,i,HTML Tag Removal,NA,would-drop-x-test,-
form-priority,x-test-form-priority,card_form_component_html,delta-sibling,a,Attribute Value Modification,SAVED,,LLMR_card_form_component_html_form_priority_del_a
form-priority,x-test-form-priority,card_form_component_html,delta-sibling,b,Attribute Removal,SAVED,,LLMR_card_form_component_html_form_priority_del_b
form-priority,x-test-form-priority,card_form_component_html,delta-sibling,c,Attribute Identifier Modification,SAVED,,LLMR_card_form_component_html_form_priority_del_c
form-priority,x-test-form-priority,card_form_component_html,delta-sibling,d,Text Content Modification,SAVED,,LLMR_card_form_component_html_form_priority_del_d
form-priority,x-test-form-priority,card_form_component_html,delta-sibling,e,Text Content Removal,SAVED,,LLMR_card_form_component_html_form_priority_del_e
form-priority,x-test-form-priority,card_form_component_html,delta-sibling,j,HTML Tag Type Modification,SAVED,,LLMR_card_form_component_html_form_priority_del_j
form-priority,x-test-form-priority,card_form_component_html,delta-sibling,k,HTML Tag Insertion,SAVED,,LLMR_card_form_component_html_form_priority_del_k
form-priority,x-test-form-priority,card_form_component_html,epsilon-component,d,Text Content Modification,NA,no-text-content,-
form-priority,x-test-form-priority,card_form_component_html,epsilon-component,e,Text Content Removal,NA,no-text-content,-
form-priority,x-test-form-priority,card_form_component_html,epsilon-component,a,Attribute Value Modification,SAVED,,LLMR_card_form_component_html_form_priority_eps_a
form-priority,x-test-form-priority,card_form_component_html,epsilon-component,b,Attribute Removal,SAVED,,LLMR_card_form_component_html_form_priority_eps_b
form-priority,x-test-form-priority,card_form_component_html,epsilon-component,c,Attribute Identifier Modification,SAVED,,LLMR_card_form_component_html_form_priority_eps_c
form-priority,x-test-form-priority,card_form_component_html,epsilon-component,i,HTML Tag Removal,SAVED,,LLMR_card_form_component_html_form_priority_eps_i
form-priority,x-test-form-priority,card_form_component_html,epsilon-component,j,HTML Tag Type Modification,SAVED,,LLMR_card_form_component_html_form_priority_eps_j
form-priority,x-test-form-priority,card_form_component_html,epsilon-component,k,HTML Tag Insertion,SAVED,,LLMR_card_form_component_html_form_priority_eps_k
form-assignee,x-test-form-assignee,card_form_component_html,alpha-target,d,Text Content Modification,NA,no-text-content,-
form-assignee,x-test-form-assignee,card_form_component_html,alpha-target,e,Text Content Removal,NA,no-text-content,-
form-assignee,x-test-form-assignee,card_form_component_html,alpha-target,i,HTML Tag Removal,NA,would-drop-x-test,-
form-assignee,x-test-form-assignee,card_form_component_html,alpha-target,a,Attribute Value Modification,SAVED,,LLMR_card_form_component_html_form_assignee_alf_a
form-assignee,x-test-form-assignee,card_form_component_html,alpha-target,b,Attribute Removal,SAVED,,LLMR_card_form_component_html_form_assignee_alf_b
form-assignee,x-test-form-assignee,card_form_component_html,alpha-target,c,Attribute Identifier Modification,SAVED,,LLMR_card_form_component_html_form_assignee_alf_c
form-assignee,x-test-form-assignee,card_form_component_html,alpha-target,j,HTML Tag Type Modification,SAVED,,LLMR_card_form_component_html_form_assignee_alf_j
form-assignee,x-test-form-assignee,card_form_component_html,alpha-target,k,HTML Tag Insertion,SAVED,,LLMR_card_form_component_html_form_assignee_alf_k
form-assignee,x-test-form-assignee,card_form_component_html,beta-parent,d,Text Content Modification,NA,no-text-content,-
form-assignee,x-test-form-assignee,card_form_component_html,beta-parent,e,Text Content Removal,NA,no-text-content,-
form-assignee,x-test-form-assignee,card_form_component_html,beta-parent,i,HTML Tag Removal,NA,would-drop-x-test,-
form-assignee,x-test-form-assignee,card_form_component_html,beta-parent,a,Attribute Value Modification,SAVED,,LLMR_card_form_component_html_form_assignee_bet_a
form-assignee,x-test-form-assignee,card_form_component_html,beta-parent,b,Attribute Removal,SAVED,,LLMR_card_form_component_html_form_assignee_bet_b
form-assignee,x-test-form-assignee,card_form_component_html,beta-parent,c,Attribute Identifier Modification,SAVED,,LLMR_card_form_component_html_form_assignee_bet_c
form-assignee,x-test-form-assignee,card_form_component_html,beta-parent,j,HTML Tag Type Modification,SAVED,,LLMR_card_form_component_html_form_assignee_bet_j
form-assignee,x-test-form-assignee,card_form_component_html,beta-parent,k,HTML Tag Insertion,SAVED,,LLMR_card_form_component_html_form_assignee_bet_k
form-assignee,x-test-form-assignee,card_form_component_html,gamma-ancestor,d,Text Content Modification,NA,no-text-content,-
form-assignee,x-test-form-assignee,card_form_component_html,gamma-ancestor,e,Text Content Removal,NA,no-text-content,-
form-assignee,x-test-form-assignee,card_form_component_html,gamma-ancestor,a,Attribute Value Modification,REJECTED,duplicate,-
form-assignee,x-test-form-assignee,card_form_component_html,gamma-ancestor,b,Attribute Removal,REJECTED,duplicate,-
form-assignee,x-test-form-assignee,card_form_component_html,gamma-ancestor,c,Attribute Identifier Modification,REJECTED,duplicate,-
form-assignee,x-test-form-assignee,card_form_component_html,gamma-ancestor,i,HTML Tag Removal,REJECTED,duplicate,-
form-assignee,x-test-form-assignee,card_form_component_html,gamma-ancestor,j,HTML Tag Type Modification,REJECTED,duplicate,-
form-assignee,x-test-form-assignee,card_form_component_html,gamma-ancestor,k,HTML Tag Insertion,REJECTED,duplicate,-
form-assignee,x-test-form-assignee,card_form_component_html,delta-sibling,i,HTML Tag Removal,NA,would-drop-x-test,-
form-assignee,x-test-form-assignee,card_form_component_html,delta-sibling,a,Attribute Value Modification,SAVED,,LLMR_card_form_component_html_form_assignee_del_a
form-assignee,x-test-form-assignee,card_form_component_html,delta-sibling,b,Attribute Removal,SAVED,,LLMR_card_form_component_html_form_assignee_del_b
form-assignee,x-test-form-assignee,card_form_component_html,delta-sibling,c,Attribute Identifier Modification,SAVED,,LLMR_card_form_component_html_form_assignee_del_c
form-assignee,x-test-form-assignee,card_form_component_html,delta-sibling,d,Text Content Modification,SAVED,,LLMR_card_form_component_html_form_assignee_del_d
form-assignee,x-test-form-assignee,card_form_component_html,delta-sibling,e,Text Content Removal,SAVED,,LLMR_card_form_component_html_form_assignee_del_e
form-assignee,x-test-form-assignee,card_form_component_html,delta-sibling,j,HTML Tag Type Modification,SAVED,,LLMR_card_form_component_html_form_assignee_del_j
form-assignee,x-test-form-assignee,card_form_component_html,delta-sibling,k,HTML Tag Insertion,SAVED,,LLMR_card_form_component_html_form_assignee_del_k
form-assignee,x-test-form-assignee,card_form_component_html,epsilon-component,d,Text Content Modification,NA,no-text-content,-
form-assignee,x-test-form-assignee,card_form_component_html,epsilon-component,e,Text Content Removal,NA,no-text-content,-
form-assignee,x-test-form-assignee,card_form_component_html,epsilon-component,a,Attribute Value Modification,REJECTED,duplicate,-
form-assignee,x-test-form-assignee,card_form_component_html,epsilon-component,b,Attribute Removal,REJECTED,duplicate,-
form-assignee,x-test-form-assignee,card_form_component_html,epsilon-component,c,Attribute Identifier Modification,REJECTED,duplicate,-
form-assignee,x-test-form-assignee,card_form_component_html,epsilon-component,i,HTML Tag Removal,REJECTED,duplicate,-
form-assignee,x-test-form-assignee,card_form_component_html,epsilon-component,j,HTML Tag Type Modification,REJECTED,duplicate,-
form-assignee,x-test-form-assignee,card_form_component_html,epsilon-component,k,HTML Tag Insertion,REJECTED,duplicate,-
form-column,x-test-form-column,card_form_component_html,alpha-target,d,Text Content Modification,NA,no-text-content,-
form-column,x-test-form-column,card_form_component_html,alpha-target,e,Text Content Removal,NA,no-text-content,-
form-column,x-test-form-column,card_form_component_html,alpha-target,i,HTML Tag Removal,NA,would-drop-x-test,-
form-column,x-test-form-column,card_form_component_html,alpha-target,a,Attribute Value Modification,SAVED,,LLMR_card_form_component_html_form_column_alf_a
form-column,x-test-form-column,card_form_component_html,alpha-target,b,Attribute Removal,SAVED,,LLMR_card_form_component_html_form_column_alf_b
form-column,x-test-form-column,card_form_component_html,alpha-target,c,Attribute Identifier Modification,SAVED,,LLMR_card_form_component_html_form_column_alf_c
form-column,x-test-form-column,card_form_component_html,alpha-target,j,HTML Tag Type Modification,SAVED,,LLMR_card_form_component_html_form_column_alf_j
form-column,x-test-form-column,card_form_component_html,alpha-target,k,HTML Tag Insertion,SAVED,,LLMR_card_form_component_html_form_column_alf_k
form-column,x-test-form-column,card_form_component_html,beta-parent,d,Text Content Modification,NA,no-text-content,-
form-column,x-test-form-column,card_form_component_html,beta-parent,e,Text Content Removal,NA,no-text-content,-
form-column,x-test-form-column,card_form_component_html,beta-parent,i,HTML Tag Removal,NA,would-drop-x-test,-
form-column,x-test-form-column,card_form_component_html,beta-parent,a,Attribute Value Modification,SAVED,,LLMR_card_form_component_html_form_column_bet_a
form-column,x-test-form-column,card_form_component_html,beta-parent,b,Attribute Removal,SAVED,,LLMR_card_form_component_html_form_column_bet_b
form-column,x-test-form-column,card_form_component_html,beta-parent,c,Attribute Identifier Modification,SAVED,,LLMR_card_form_component_html_form_column_bet_c
form-column,x-test-form-column,card_form_component_html,beta-parent,j,HTML Tag Type Modification,SAVED,,LLMR_card_form_component_html_form_column_bet_j
form-column,x-test-form-column,card_form_component_html,beta-parent,k,HTML Tag Insertion,SAVED,,LLMR_card_form_component_html_form_column_bet_k
form-column,x-test-form-column,card_form_component_html,gamma-ancestor,d,Text Content Modification,NA,no-text-content,-
form-column,x-test-form-column,card_form_component_html,gamma-ancestor,e,Text Content Removal,NA,no-text-content,-
form-column,x-test-form-column,card_form_component_html,gamma-ancestor,a,Attribute Value Modification,REJECTED,duplicate,-
form-column,x-test-form-column,card_form_component_html,gamma-ancestor,b,Attribute Removal,REJECTED,duplicate,-
form-column,x-test-form-column,card_form_component_html,gamma-ancestor,c,Attribute Identifier Modification,REJECTED,duplicate,-
form-column,x-test-form-column,card_form_component_html,gamma-ancestor,i,HTML Tag Removal,REJECTED,duplicate,-
form-column,x-test-form-column,card_form_component_html,gamma-ancestor,j,HTML Tag Type Modification,REJECTED,duplicate,-
form-column,x-test-form-column,card_form_component_html,gamma-ancestor,k,HTML Tag Insertion,REJECTED,duplicate,-
form-column,x-test-form-column,card_form_component_html,delta-sibling,i,HTML Tag Removal,NA,would-drop-x-test,-
form-column,x-test-form-column,card_form_component_html,delta-sibling,a,Attribute Value Modification,SAVED,,LLMR_card_form_component_html_form_column_del_a
form-column,x-test-form-column,card_form_component_html,delta-sibling,b,Attribute Removal,SAVED,,LLMR_card_form_component_html_form_column_del_b
form-column,x-test-form-column,card_form_component_html,delta-sibling,c,Attribute Identifier Modification,SAVED,,LLMR_card_form_component_html_form_column_del_c
form-column,x-test-form-column,card_form_component_html,delta-sibling,d,Text Content Modification,SAVED,,LLMR_card_form_component_html_form_column_del_d
form-column,x-test-form-column,card_form_component_html,delta-sibling,e,Text Content Removal,SAVED,,LLMR_card_form_component_html_form_column_del_e
form-column,x-test-form-column,card_form_component_html,delta-sibling,j,HTML Tag Type Modification,SAVED,,LLMR_card_form_component_html_form_column_del_j
form-column,x-test-form-column,card_form_component_html,delta-sibling,k,HTML Tag Insertion,SAVED,,LLMR_card_form_component_html_form_column_del_k
form-column,x-test-form-column,card_form_component_html,epsilon-component,d,Text Content Modification,NA,no-text-content,-
form-column,x-test-form-column,card_form_component_html,epsilon-component,e,Text Content Removal,NA,no-text-content,-
form-column,x-test-form-column,card_form_component_html,epsilon-component,a,Attribute Value Modification,REJECTED,duplicate,-
form-column,x-test-form-column,card_form_component_html,epsilon-component,b,Attribute Removal,REJECTED,duplicate,-
form-column,x-test-form-column,card_form_component_html,epsilon-component,c,Attribute Identifier Modification,REJECTED,duplicate,-
form-column,x-test-form-column,card_form_component_html,epsilon-component,i,HTML Tag Removal,REJECTED,duplicate,-
form-column,x-test-form-column,card_form_component_html,epsilon-component,j,HTML Tag Type Modification,REJECTED,duplicate,-
form-column,x-test-form-column,card_form_component_html,epsilon-component,k,HTML Tag Insertion,REJECTED,duplicate,-
form-tags,x-test-form-tags,card_form_component_html,alpha-target,d,Text Content Modification,NA,no-text-content,-
form-tags,x-test-form-tags,card_form_component_html,alpha-target,e,Text Content Removal,NA,no-text-content,-
form-tags,x-test-form-tags,card_form_component_html,alpha-target,i,HTML Tag Removal,NA,would-drop-x-test,-
form-tags,x-test-form-tags,card_form_component_html,alpha-target,a,Attribute Value Modification,SAVED,,LLMR_card_form_component_html_form_tags_alf_a
form-tags,x-test-form-tags,card_form_component_html,alpha-target,b,Attribute Removal,SAVED,,LLMR_card_form_component_html_form_tags_alf_b
form-tags,x-test-form-tags,card_form_component_html,alpha-target,c,Attribute Identifier Modification,SAVED,,LLMR_card_form_component_html_form_tags_alf_c
form-tags,x-test-form-tags,card_form_component_html,alpha-target,j,HTML Tag Type Modification,SAVED,,LLMR_card_form_component_html_form_tags_alf_j
form-tags,x-test-form-tags,card_form_component_html,alpha-target,k,HTML Tag Insertion,SAVED,,LLMR_card_form_component_html_form_tags_alf_k
form-tags,x-test-form-tags,card_form_component_html,beta-parent,d,Text Content Modification,NA,no-text-content,-
form-tags,x-test-form-tags,card_form_component_html,beta-parent,e,Text Content Removal,NA,no-text-content,-
form-tags,x-test-form-tags,card_form_component_html,beta-parent,i,HTML Tag Removal,NA,would-drop-x-test,-
form-tags,x-test-form-tags,card_form_component_html,beta-parent,a,Attribute Value Modification,SAVED,,LLMR_card_form_component_html_form_tags_bet_a
form-tags,x-test-form-tags,card_form_component_html,beta-parent,b,Attribute Removal,SAVED,,LLMR_card_form_component_html_form_tags_bet_b
form-tags,x-test-form-tags,card_form_component_html,beta-parent,c,Attribute Identifier Modification,SAVED,,LLMR_card_form_component_html_form_tags_bet_c
form-tags,x-test-form-tags,card_form_component_html,beta-parent,j,HTML Tag Type Modification,SAVED,,LLMR_card_form_component_html_form_tags_bet_j
form-tags,x-test-form-tags,card_form_component_html,beta-parent,k,HTML Tag Insertion,SAVED,,LLMR_card_form_component_html_form_tags_bet_k
form-tags,x-test-form-tags,card_form_component_html,gamma-ancestor,d,Text Content Modification,NA,no-text-content,-
form-tags,x-test-form-tags,card_form_component_html,gamma-ancestor,e,Text Content Removal,NA,no-text-content,-
form-tags,x-test-form-tags,card_form_component_html,gamma-ancestor,i,HTML Tag Removal,NA,would-drop-x-test,-
form-tags,x-test-form-tags,card_form_component_html,gamma-ancestor,a,Attribute Value Modification,REJECTED,duplicate,-
form-tags,x-test-form-tags,card_form_component_html,gamma-ancestor,b,Attribute Removal,REJECTED,duplicate,-
form-tags,x-test-form-tags,card_form_component_html,gamma-ancestor,c,Attribute Identifier Modification,REJECTED,duplicate,-
form-tags,x-test-form-tags,card_form_component_html,gamma-ancestor,j,HTML Tag Type Modification,REJECTED,duplicate,-
form-tags,x-test-form-tags,card_form_component_html,gamma-ancestor,k,HTML Tag Insertion,REJECTED,duplicate,-
form-tags,x-test-form-tags,card_form_component_html,delta-sibling,i,HTML Tag Removal,NA,would-drop-x-test,-
form-tags,x-test-form-tags,card_form_component_html,delta-sibling,a,Attribute Value Modification,SAVED,,LLMR_card_form_component_html_form_tags_del_a
form-tags,x-test-form-tags,card_form_component_html,delta-sibling,b,Attribute Removal,SAVED,,LLMR_card_form_component_html_form_tags_del_b
form-tags,x-test-form-tags,card_form_component_html,delta-sibling,c,Attribute Identifier Modification,SAVED,,LLMR_card_form_component_html_form_tags_del_c
form-tags,x-test-form-tags,card_form_component_html,delta-sibling,d,Text Content Modification,SAVED,,LLMR_card_form_component_html_form_tags_del_d
form-tags,x-test-form-tags,card_form_component_html,delta-sibling,e,Text Content Removal,SAVED,,LLMR_card_form_component_html_form_tags_del_e
form-tags,x-test-form-tags,card_form_component_html,delta-sibling,j,HTML Tag Type Modification,SAVED,,LLMR_card_form_component_html_form_tags_del_j
form-tags,x-test-form-tags,card_form_component_html,delta-sibling,k,HTML Tag Insertion,SAVED,,LLMR_card_form_component_html_form_tags_del_k
form-tags,x-test-form-tags,card_form_component_html,epsilon-component,a,Attribute Value Modification,NA,no-such-role,-
form-tags,x-test-form-tags,card_form_component_html,epsilon-component,b,Attribute Removal,NA,no-such-role,-
form-tags,x-test-form-tags,card_form_component_html,epsilon-component,c,Attribute Identifier Modification,NA,no-such-role,-
form-tags,x-test-form-tags,card_form_component_html,epsilon-component,d,Text Content Modification,NA,no-such-role,-
form-tags,x-test-form-tags,card_form_component_html,epsilon-component,e,Text Content Removal,NA,no-such-role,-
form-tags,x-test-form-tags,card_form_component_html,epsilon-component,i,HTML Tag Removal,NA,no-such-role,-
form-tags,x-test-form-tags,card_form_component_html,epsilon-component,j,HTML Tag Type Modification,NA,no-such-role,-
form-tags,x-test-form-tags,card_form_component_html,epsilon-component,k,HTML Tag Insertion,NA,no-such-role,-
form-submit,x-test-form-submit,card_form_component_html,alpha-target,i,HTML Tag Removal,NA,would-drop-x-test,-
form-submit,x-test-form-submit,card_form_component_html,alpha-target,a,Attribute Value Modification,SAVED,,LLMR_card_form_component_html_form_submit_alf_a
form-submit,x-test-form-submit,card_form_component_html,alpha-target,b,Attribute Removal,SAVED,,LLMR_card_form_component_html_form_submit_alf_b
form-submit,x-test-form-submit,card_form_component_html,alpha-target,c,Attribute Identifier Modification,SAVED,,LLMR_card_form_component_html_form_submit_alf_c
form-submit,x-test-form-submit,card_form_component_html,alpha-target,d,Text Content Modification,SAVED,,LLMR_card_form_component_html_form_submit_alf_d
form-submit,x-test-form-submit,card_form_component_html,alpha-target,e,Text Content Removal,SAVED,,LLMR_card_form_component_html_form_submit_alf_e
form-submit,x-test-form-submit,card_form_component_html,alpha-target,j,HTML Tag Type Modification,SAVED,,LLMR_card_form_component_html_form_submit_alf_j
form-submit,x-test-form-submit,card_form_component_html,alpha-target,k,HTML Tag Insertion,SAVED,,LLMR_card_form_component_html_form_submit_alf_k
form-submit,x-test-form-submit,card_form_component_html,beta-parent,d,Text Content Modification,NA,no-text-content,-
form-submit,x-test-form-submit,card_form_component_html,beta-parent,e,Text Content Removal,NA,no-text-content,-
form-submit,x-test-form-submit,card_form_component_html,beta-parent,i,HTML Tag Removal,NA,would-drop-x-test,-
form-submit,x-test-form-submit,card_form_component_html,beta-parent,a,Attribute Value Modification,SAVED,,LLMR_card_form_component_html_form_submit_bet_a
form-submit,x-test-form-submit,card_form_component_html,beta-parent,b,Attribute Removal,SAVED,,LLMR_card_form_component_html_form_submit_bet_b
form-submit,x-test-form-submit,card_form_component_html,beta-parent,c,Attribute Identifier Modification,SAVED,,LLMR_card_form_component_html_form_submit_bet_c
form-submit,x-test-form-submit,card_form_component_html,beta-parent,j,HTML Tag Type Modification,SAVED,,LLMR_card_form_component_html_form_submit_bet_j
form-submit,x-test-form-submit,card_form_component_html,beta-parent,k,HTML Tag Insertion,SAVED,,LLMR_card_form_component_html_form_submit_bet_k
form-submit,x-test-form-submit,card_form_component_html,gamma-ancestor,d,Text Content Modification,NA,no-text-content,-
form-submit,x-test-form-submit,card_form_component_html,gamma-ancestor,e,Text Content Removal,NA,no-text-content,-
form-submit,x-test-form-submit,card_form_component_html,gamma-ancestor,i,HTML Tag Removal,NA,would-drop-x-test,-
form-submit,x-test-form-submit,card_form_component_html,gamma-ancestor,a,Attribute Value Modification,SAVED,,LLMR_card_form_component_html_form_submit_gam_a
form-submit,x-test-form-submit,card_form_component_html,gamma-ancestor,b,Attribute Removal,REJECTED,duplicate,-
form-submit,x-test-form-submit,card_form_component_html,gamma-ancestor,c,Attribute Identifier Modification,REJECTED,duplicate,-
form-submit,x-test-form-submit,card_form_component_html,gamma-ancestor,j,HTML Tag Type Modification,REJECTED,duplicate,-
form-submit,x-test-form-submit,card_form_component_html,gamma-ancestor,k,HTML Tag Insertion,SAVED,,LLMR_card_form_component_html_form_submit_gam_k
form-submit,x-test-form-submit,card_form_component_html,delta-sibling,i,HTML Tag Removal,NA,would-drop-x-test,-
form-submit,x-test-form-submit,card_form_component_html,delta-sibling,a,Attribute Value Modification,SAVED,,LLMR_card_form_component_html_form_submit_del_a
form-submit,x-test-form-submit,card_form_component_html,delta-sibling,b,Attribute Removal,SAVED,,LLMR_card_form_component_html_form_submit_del_b
form-submit,x-test-form-submit,card_form_component_html,delta-sibling,c,Attribute Identifier Modification,SAVED,,LLMR_card_form_component_html_form_submit_del_c
form-submit,x-test-form-submit,card_form_component_html,delta-sibling,d,Text Content Modification,SAVED,,LLMR_card_form_component_html_form_submit_del_d
form-submit,x-test-form-submit,card_form_component_html,delta-sibling,e,Text Content Removal,SAVED,,LLMR_card_form_component_html_form_submit_del_e
form-submit,x-test-form-submit,card_form_component_html,delta-sibling,j,HTML Tag Type Modification,SAVED,,LLMR_card_form_component_html_form_submit_del_j
form-submit,x-test-form-submit,card_form_component_html,delta-sibling,k,HTML Tag Insertion,SAVED,,LLMR_card_form_component_html_form_submit_del_k
form-submit,x-test-form-submit,card_form_component_html,epsilon-component,a,Attribute Value Modification,NA,no-such-role,-
form-submit,x-test-form-submit,card_form_component_html,epsilon-component,b,Attribute Removal,NA,no-such-role,-
form-submit,x-test-form-submit,card_form_component_html,epsilon-component,c,Attribute Identifier Modification,NA,no-such-role,-
form-submit,x-test-form-submit,card_form_component_html,epsilon-component,d,Text Content Modification,NA,no-such-role,-
form-submit,x-test-form-submit,card_form_component_html,epsilon-component,e,Text Content Removal,NA,no-such-role,-
form-submit,x-test-form-submit,card_form_component_html,epsilon-component,i,HTML Tag Removal,NA,no-such-role,-
form-submit,x-test-form-submit,card_form_component_html,epsilon-component,j,HTML Tag Type Modification,NA,no-such-role,-
form-submit,x-test-form-submit,card_form_component_html,epsilon-component,k,HTML Tag Insertion,NA,no-such-role,-
form-cancel,x-test-form-cancel,card_form_component_html,alpha-target,i,HTML Tag Removal,NA,would-drop-x-test,-
form-cancel,x-test-form-cancel,card_form_component_html,alpha-target,a,Attribute Value Modification,REJECTED,duplicate,-
form-cancel,x-test-form-cancel,card_form_component_html,alpha-target,b,Attribute Removal,REJECTED,duplicate,-
form-cancel,x-test-form-cancel,card_form_component_html,alpha-target,c,Attribute Identifier Modification,REJECTED,duplicate,-
form-cancel,x-test-form-cancel,card_form_component_html,alpha-target,d,Text Content Modification,REJECTED,duplicate,-
form-cancel,x-test-form-cancel,card_form_component_html,alpha-target,e,Text Content Removal,REJECTED,duplicate,-
form-cancel,x-test-form-cancel,card_form_component_html,alpha-target,j,HTML Tag Type Modification,REJECTED,duplicate,-
form-cancel,x-test-form-cancel,card_form_component_html,alpha-target,k,HTML Tag Insertion,REJECTED,duplicate,-
form-cancel,x-test-form-cancel,card_form_component_html,beta-parent,d,Text Content Modification,NA,no-text-content,-
form-cancel,x-test-form-cancel,card_form_component_html,beta-parent,e,Text Content Removal,NA,no-text-content,-
form-cancel,x-test-form-cancel,card_form_component_html,beta-parent,i,HTML Tag Removal,NA,would-drop-x-test,-
form-cancel,x-test-form-cancel,card_form_component_html,beta-parent,a,Attribute Value Modification,REJECTED,duplicate,-
form-cancel,x-test-form-cancel,card_form_component_html,beta-parent,b,Attribute Removal,REJECTED,duplicate,-
form-cancel,x-test-form-cancel,card_form_component_html,beta-parent,c,Attribute Identifier Modification,REJECTED,duplicate,-
form-cancel,x-test-form-cancel,card_form_component_html,beta-parent,j,HTML Tag Type Modification,REJECTED,duplicate,-
form-cancel,x-test-form-cancel,card_form_component_html,beta-parent,k,HTML Tag Insertion,REJECTED,duplicate,-
form-cancel,x-test-form-cancel,card_form_component_html,gamma-ancestor,d,Text Content Modification,NA,no-text-content,-
form-cancel,x-test-form-cancel,card_form_component_html,gamma-ancestor,e,Text Content Removal,NA,no-text-content,-
form-cancel,x-test-form-cancel,card_form_component_html,gamma-ancestor,i,HTML Tag Removal,NA,would-drop-x-test,-
form-cancel,x-test-form-cancel,card_form_component_html,gamma-ancestor,a,Attribute Value Modification,REJECTED,duplicate,-
form-cancel,x-test-form-cancel,card_form_component_html,gamma-ancestor,b,Attribute Removal,REJECTED,duplicate,-
form-cancel,x-test-form-cancel,card_form_component_html,gamma-ancestor,c,Attribute Identifier Modification,REJECTED,duplicate,-
form-cancel,x-test-form-cancel,card_form_component_html,gamma-ancestor,j,HTML Tag Type Modification,REJECTED,duplicate,-
form-cancel,x-test-form-cancel,card_form_component_html,gamma-ancestor,k,HTML Tag Insertion,REJECTED,duplicate,-
form-cancel,x-test-form-cancel,card_form_component_html,delta-sibling,i,HTML Tag Removal,NA,would-drop-x-test,-
form-cancel,x-test-form-cancel,card_form_component_html,delta-sibling,a,Attribute Value Modification,REJECTED,duplicate,-
form-cancel,x-test-form-cancel,card_form_component_html,delta-sibling,b,Attribute Removal,REJECTED,duplicate,-
form-cancel,x-test-form-cancel,card_form_component_html,delta-sibling,c,Attribute Identifier Modification,REJECTED,duplicate,-
form-cancel,x-test-form-cancel,card_form_component_html,delta-sibling,d,Text Content Modification,REJECTED,duplicate,-
form-cancel,x-test-form-cancel,card_form_component_html,delta-sibling,e,Text Content Removal,REJECTED,duplicate,-
form-cancel,x-test-form-cancel,card_form_component_html,delta-sibling,j,HTML Tag Type Modification,REJECTED,duplicate,-
form-cancel,x-test-form-cancel,card_form_component_html,delta-sibling,k,HTML Tag Insertion,REJECTED,duplicate,-
form-cancel,x-test-form-cancel,card_form_component_html,epsilon-component,a,Attribute Value Modification,NA,no-such-role,-
form-cancel,x-test-form-cancel,card_form_component_html,epsilon-component,b,Attribute Removal,NA,no-such-role,-
form-cancel,x-test-form-cancel,card_form_component_html,epsilon-component,c,Attribute Identifier Modification,NA,no-such-role,-
form-cancel,x-test-form-cancel,card_form_component_html,epsilon-component,d,Text Content Modification,NA,no-such-role,-
form-cancel,x-test-form-cancel,card_form_component_html,epsilon-component,e,Text Content Removal,NA,no-such-role,-
form-cancel,x-test-form-cancel,card_form_component_html,epsilon-component,i,HTML Tag Removal,NA,no-such-role,-
form-cancel,x-test-form-cancel,card_form_component_html,epsilon-component,j,HTML Tag Type Modification,NA,no-such-role,-
form-cancel,x-test-form-cancel,card_form_component_html,epsilon-component,k,HTML Tag Insertion,NA,no-such-role,-
form-back,x-test-form-back,card_form_component_html,alpha-target,i,HTML Tag Removal,NA,would-drop-x-test,-
form-back,x-test-form-back,card_form_component_html,alpha-target,a,Attribute Value Modification,SAVED,,LLMR_card_form_component_html_form_back_alf_a
form-back,x-test-form-back,card_form_component_html,alpha-target,b,Attribute Removal,SAVED,,LLMR_card_form_component_html_form_back_alf_b
form-back,x-test-form-back,card_form_component_html,alpha-target,c,Attribute Identifier Modification,SAVED,,LLMR_card_form_component_html_form_back_alf_c
form-back,x-test-form-back,card_form_component_html,alpha-target,d,Text Content Modification,REJECTED,duplicate,-
form-back,x-test-form-back,card_form_component_html,alpha-target,e,Text Content Removal,REJECTED,duplicate,-
form-back,x-test-form-back,card_form_component_html,alpha-target,j,HTML Tag Type Modification,SAVED,,LLMR_card_form_component_html_form_back_alf_j
form-back,x-test-form-back,card_form_component_html,alpha-target,k,HTML Tag Insertion,SAVED,,LLMR_card_form_component_html_form_back_alf_k
form-back,x-test-form-back,card_form_component_html,beta-parent,i,HTML Tag Removal,NA,would-drop-x-test,-
form-back,x-test-form-back,card_form_component_html,beta-parent,a,Attribute Value Modification,REJECTED,duplicate,-
form-back,x-test-form-back,card_form_component_html,beta-parent,b,Attribute Removal,REJECTED,duplicate,-
form-back,x-test-form-back,card_form_component_html,beta-parent,c,Attribute Identifier Modification,REJECTED,duplicate,-
form-back,x-test-form-back,card_form_component_html,beta-parent,d,Text Content Modification,REJECTED,duplicate,-
form-back,x-test-form-back,card_form_component_html,beta-parent,e,Text Content Removal,REJECTED,duplicate,-
form-back,x-test-form-back,card_form_component_html,beta-parent,j,HTML Tag Type Modification,REJECTED,duplicate,-
form-back,x-test-form-back,card_form_component_html,beta-parent,k,HTML Tag Insertion,REJECTED,duplicate,-
form-back,x-test-form-back,card_form_component_html,gamma-ancestor,d,Text Content Modification,NA,no-text-content,-
form-back,x-test-form-back,card_form_component_html,gamma-ancestor,e,Text Content Removal,NA,no-text-content,-
form-back,x-test-form-back,card_form_component_html,gamma-ancestor,i,HTML Tag Removal,NA,root-element,-
form-back,x-test-form-back,card_form_component_html,gamma-ancestor,a,Attribute Value Modification,SAVED,,LLMR_card_form_component_html_form_back_gam_a
form-back,x-test-form-back,card_form_component_html,gamma-ancestor,b,Attribute Removal,REJECTED,duplicate,-
form-back,x-test-form-back,card_form_component_html,gamma-ancestor,c,Attribute Identifier Modification,REJECTED,duplicate,-
form-back,x-test-form-back,card_form_component_html,gamma-ancestor,j,HTML Tag Type Modification,REJECTED,duplicate,-
form-back,x-test-form-back,card_form_component_html,gamma-ancestor,k,HTML Tag Insertion,SAVED,,LLMR_card_form_component_html_form_back_gam_k
form-back,x-test-form-back,card_form_component_html,delta-sibling,i,HTML Tag Removal,NA,would-drop-x-test,-
form-back,x-test-form-back,card_form_component_html,delta-sibling,a,Attribute Value Modification,SAVED,,LLMR_card_form_component_html_form_back_del_a
form-back,x-test-form-back,card_form_component_html,delta-sibling,b,Attribute Removal,SAVED,,LLMR_card_form_component_html_form_back_del_b
form-back,x-test-form-back,card_form_component_html,delta-sibling,c,Attribute Identifier Modification,SAVED,,LLMR_card_form_component_html_form_back_del_c
form-back,x-test-form-back,card_form_component_html,delta-sibling,d,Text Content Modification,SAVED,,LLMR_card_form_component_html_form_back_del_d
form-back,x-test-form-back,card_form_component_html,delta-sibling,e,Text Content Removal,SAVED,,LLMR_card_form_component_html_form_back_del_e
form-back,x-test-form-back,card_form_component_html,delta-sibling,j,HTML Tag Type Modification,SAVED,,LLMR_card_form_component_html_form_back_del_j
form-back,x-test-form-back,card_form_component_html,delta-sibling,k,HTML Tag Insertion,SAVED,,LLMR_card_form_component_html_form_back_del_k
form-back,x-test-form-back,card_form_component_html,epsilon-component,a,Attribute Value Modification,NA,no-such-role,-
form-back,x-test-form-back,card_form_component_html,epsilon-component,b,Attribute Removal,NA,no-such-role,-
form-back,x-test-form-back,card_form_component_html,epsilon-component,c,Attribute Identifier Modification,NA,no-such-role,-
form-back,x-test-form-back,card_form_component_html,epsilon-component,d,Text Content Modification,NA,no-such-role,-
form-back,x-test-form-back,card_form_component_html,epsilon-component,e,Text Content Removal,NA,no-such-role,-
form-back,x-test-form-back,card_form_component_html,epsilon-component,i,HTML Tag Removal,NA,no-such-role,-
form-back,x-test-form-back,card_form_component_html,epsilon-component,j,HTML Tag Type Modification,NA,no-such-role,-
form-back,x-test-form-back,card_form_component_html,epsilon-component,k,HTML Tag Insertion,NA,no-such-role,-
form-actions,x-test-form-actions,card_form_component_html,alpha-target,d,Text Content Modification,NA,no-text-content,-
form-actions,x-test-form-actions,card_form_component_html,alpha-target,e,Text Content Removal,NA,no-text-content,-
form-actions,x-test-form-actions,card_form_component_html,alpha-target,i,HTML Tag Removal,NA,would-drop-x-test,-
form-actions,x-test-form-actions,card_form_component_html,alpha-target,a,Attribute Value Modification,REJECTED,duplicate,-
form-actions,x-test-form-actions,card_form_component_html,alpha-target,b,Attribute Removal,REJECTED,duplicate,-
form-actions,x-test-form-actions,card_form_component_html,alpha-target,c,Attribute Identifier Modification,REJECTED,duplicate,-
form-actions,x-test-form-actions,card_form_component_html,alpha-target,j,HTML Tag Type Modification,REJECTED,duplicate,-
form-actions,x-test-form-actions,card_form_component_html,alpha-target,k,HTML Tag Insertion,REJECTED,duplicate,-
form-actions,x-test-form-actions,card_form_component_html,beta-parent,d,Text Content Modification,NA,no-text-content,-
form-actions,x-test-form-actions,card_form_component_html,beta-parent,e,Text Content Removal,NA,no-text-content,-
form-actions,x-test-form-actions,card_form_component_html,beta-parent,i,HTML Tag Removal,NA,would-drop-x-test,-
form-actions,x-test-form-actions,card_form_component_html,beta-parent,a,Attribute Value Modification,REJECTED,duplicate,-
form-actions,x-test-form-actions,card_form_component_html,beta-parent,b,Attribute Removal,REJECTED,duplicate,-
form-actions,x-test-form-actions,card_form_component_html,beta-parent,c,Attribute Identifier Modification,REJECTED,duplicate,-
form-actions,x-test-form-actions,card_form_component_html,beta-parent,j,HTML Tag Type Modification,REJECTED,duplicate,-
form-actions,x-test-form-actions,card_form_component_html,beta-parent,k,HTML Tag Insertion,REJECTED,duplicate,-
form-actions,x-test-form-actions,card_form_component_html,gamma-ancestor,d,Text Content Modification,NA,no-text-content,-
form-actions,x-test-form-actions,card_form_component_html,gamma-ancestor,e,Text Content Removal,NA,no-text-content,-
form-actions,x-test-form-actions,card_form_component_html,gamma-ancestor,i,HTML Tag Removal,NA,root-element,-
form-actions,x-test-form-actions,card_form_component_html,gamma-ancestor,a,Attribute Value Modification,REJECTED,duplicate,-
form-actions,x-test-form-actions,card_form_component_html,gamma-ancestor,b,Attribute Removal,REJECTED,duplicate,-
form-actions,x-test-form-actions,card_form_component_html,gamma-ancestor,c,Attribute Identifier Modification,REJECTED,duplicate,-
form-actions,x-test-form-actions,card_form_component_html,gamma-ancestor,j,HTML Tag Type Modification,REJECTED,duplicate,-
form-actions,x-test-form-actions,card_form_component_html,gamma-ancestor,k,HTML Tag Insertion,REJECTED,duplicate,-
form-actions,x-test-form-actions,card_form_component_html,delta-sibling,d,Text Content Modification,NA,no-text-content,-
form-actions,x-test-form-actions,card_form_component_html,delta-sibling,e,Text Content Removal,NA,no-text-content,-
form-actions,x-test-form-actions,card_form_component_html,delta-sibling,i,HTML Tag Removal,NA,would-drop-x-test,-
form-actions,x-test-form-actions,card_form_component_html,delta-sibling,a,Attribute Value Modification,SAVED,,LLMR_card_form_component_html_form_actions_del_a
form-actions,x-test-form-actions,card_form_component_html,delta-sibling,b,Attribute Removal,REJECTED,duplicate,-
form-actions,x-test-form-actions,card_form_component_html,delta-sibling,c,Attribute Identifier Modification,REJECTED,duplicate,-
form-actions,x-test-form-actions,card_form_component_html,delta-sibling,j,HTML Tag Type Modification,REJECTED,duplicate,-
form-actions,x-test-form-actions,card_form_component_html,delta-sibling,k,HTML Tag Insertion,REJECTED,duplicate,-
form-actions,x-test-form-actions,card_form_component_html,epsilon-component,a,Attribute Value Modification,NA,no-such-role,-
form-actions,x-test-form-actions,card_form_component_html,epsilon-component,b,Attribute Removal,NA,no-such-role,-
form-actions,x-test-form-actions,card_form_component_html,epsilon-component,c,Attribute Identifier Modification,NA,no-such-role,-
form-actions,x-test-form-actions,card_form_component_html,epsilon-component,d,Text Content Modification,NA,no-such-role,-
form-actions,x-test-form-actions,card_form_component_html,epsilon-component,e,Text Content Removal,NA,no-such-role,-
form-actions,x-test-form-actions,card_form_component_html,epsilon-component,i,HTML Tag Removal,NA,no-such-role,-
form-actions,x-test-form-actions,card_form_component_html,epsilon-component,j,HTML Tag Type Modification,NA,no-such-role,-
form-actions,x-test-form-actions,card_form_component_html,epsilon-component,k,HTML Tag Insertion,NA,no-such-role,-
detail-title,x-test-detail-title,card_detail_component_html,alpha-target,i,HTML Tag Removal,NA,would-drop-x-test,-
detail-title,x-test-detail-title,card_detail_component_html,alpha-target,a,Attribute Value Modification,SAVED,,LLMR_card_detail_component_html_detail_title_alf_a
detail-title,x-test-detail-title,card_detail_component_html,alpha-target,b,Attribute Removal,SAVED,,LLMR_card_detail_component_html_detail_title_alf_b
detail-title,x-test-detail-title,card_detail_component_html,alpha-target,c,Attribute Identifier Modification,SAVED,,LLMR_card_detail_component_html_detail_title_alf_c
detail-title,x-test-detail-title,card_detail_component_html,alpha-target,d,Text Content Modification,SAVED,,LLMR_card_detail_component_html_detail_title_alf_d
detail-title,x-test-detail-title,card_detail_component_html,alpha-target,e,Text Content Removal,SAVED,,LLMR_card_detail_component_html_detail_title_alf_e
detail-title,x-test-detail-title,card_detail_component_html,alpha-target,j,HTML Tag Type Modification,SAVED,,LLMR_card_detail_component_html_detail_title_alf_j
detail-title,x-test-detail-title,card_detail_component_html,alpha-target,k,HTML Tag Insertion,SAVED,,LLMR_card_detail_component_html_detail_title_alf_k
detail-title,x-test-detail-title,card_detail_component_html,beta-parent,d,Text Content Modification,NA,no-text-content,-
detail-title,x-test-detail-title,card_detail_component_html,beta-parent,e,Text Content Removal,NA,no-text-content,-
detail-title,x-test-detail-title,card_detail_component_html,beta-parent,a,Attribute Value Modification,SAVED,,LLMR_card_detail_component_html_detail_title_bet_a
detail-title,x-test-detail-title,card_detail_component_html,beta-parent,b,Attribute Removal,SAVED,,LLMR_card_detail_component_html_detail_title_bet_b
detail-title,x-test-detail-title,card_detail_component_html,beta-parent,c,Attribute Identifier Modification,SAVED,,LLMR_card_detail_component_html_detail_title_bet_c
detail-title,x-test-detail-title,card_detail_component_html,beta-parent,i,HTML Tag Removal,SAVED,,LLMR_card_detail_component_html_detail_title_bet_i
detail-title,x-test-detail-title,card_detail_component_html,beta-parent,j,HTML Tag Type Modification,SAVED,,LLMR_card_detail_component_html_detail_title_bet_j
detail-title,x-test-detail-title,card_detail_component_html,beta-parent,k,HTML Tag Insertion,SAVED,,LLMR_card_detail_component_html_detail_title_bet_k
detail-title,x-test-detail-title,card_detail_component_html,gamma-ancestor,d,Text Content Modification,NA,no-text-content,-
detail-title,x-test-detail-title,card_detail_component_html,gamma-ancestor,e,Text Content Removal,NA,no-text-content,-
detail-title,x-test-detail-title,card_detail_component_html,gamma-ancestor,i,HTML Tag Removal,NA,would-drop-x-test,-
detail-title,x-test-detail-title,card_detail_component_html,gamma-ancestor,a,Attribute Value Modification,SAVED,,LLMR_card_detail_component_html_detail_title_gam_a
detail-title,x-test-detail-title,card_detail_component_html,gamma-ancestor,b,Attribute Removal,SAVED,,LLMR_card_detail_component_html_detail_title_gam_b
detail-title,x-test-detail-title,card_detail_component_html,gamma-ancestor,c,Attribute Identifier Modification,SAVED,,LLMR_card_detail_component_html_detail_title_gam_c
detail-title,x-test-detail-title,card_detail_component_html,gamma-ancestor,j,HTML Tag Type Modification,SAVED,,LLMR_card_detail_component_html_detail_title_gam_j
detail-title,x-test-detail-title,card_detail_component_html,gamma-ancestor,k,HTML Tag Insertion,SAVED,,LLMR_card_detail_component_html_detail_title_gam_k
detail-title,x-test-detail-title,card_detail_component_html,delta-sibling,i,HTML Tag Removal,NA,would-drop-x-test,-
detail-title,x-test-detail-title,card_detail_component_html,delta-sibling,a,Attribute Value Modification,SAVED,,LLMR_card_detail_component_html_detail_title_del_a
detail-title,x-test-detail-title,card_detail_component_html,delta-sibling,b,Attribute Removal,SAVED,,LLMR_card_detail_component_html_detail_title_del_b
detail-title,x-test-detail-title,card_detail_component_html,delta-sibling,c,Attribute Identifier Modification,SAVED,,LLMR_card_detail_component_html_detail_title_del_c
detail-title,x-test-detail-title,card_detail_component_html,delta-sibling,d,Text Content Modification,SAVED,,LLMR_card_detail_component_html_detail_title_del_d
detail-title,x-test-detail-title,card_detail_component_html,delta-sibling,e,Text Content Removal,SAVED,,LLMR_card_detail_component_html_detail_title_del_e
detail-title,x-test-detail-title,card_detail_component_html,delta-sibling,j,HTML Tag Type Modification,SAVED,,LLMR_card_detail_component_html_detail_title_del_j
detail-title,x-test-detail-title,card_detail_component_html,delta-sibling,k,HTML Tag Insertion,SAVED,,LLMR_card_detail_component_html_detail_title_del_k
detail-title,x-test-detail-title,card_detail_component_html,epsilon-component,a,Attribute Value Modification,NA,no-such-role,-
detail-title,x-test-detail-title,card_detail_component_html,epsilon-component,b,Attribute Removal,NA,no-such-role,-
detail-title,x-test-detail-title,card_detail_component_html,epsilon-component,c,Attribute Identifier Modification,NA,no-such-role,-
detail-title,x-test-detail-title,card_detail_component_html,epsilon-component,d,Text Content Modification,NA,no-such-role,-
detail-title,x-test-detail-title,card_detail_component_html,epsilon-component,e,Text Content Removal,NA,no-such-role,-
detail-title,x-test-detail-title,card_detail_component_html,epsilon-component,i,HTML Tag Removal,NA,no-such-role,-
detail-title,x-test-detail-title,card_detail_component_html,epsilon-component,j,HTML Tag Type Modification,NA,no-such-role,-
detail-title,x-test-detail-title,card_detail_component_html,epsilon-component,k,HTML Tag Insertion,NA,no-such-role,-
detail-id,x-test-detail-id,card_detail_component_html,alpha-target,i,HTML Tag Removal,NA,would-drop-x-test,-
detail-id,x-test-detail-id,card_detail_component_html,alpha-target,a,Attribute Value Modification,SAVED,,LLMR_card_detail_component_html_detail_id_alf_a
detail-id,x-test-detail-id,card_detail_component_html,alpha-target,b,Attribute Removal,SAVED,,LLMR_card_detail_component_html_detail_id_alf_b
detail-id,x-test-detail-id,card_detail_component_html,alpha-target,c,Attribute Identifier Modification,SAVED,,LLMR_card_detail_component_html_detail_id_alf_c
detail-id,x-test-detail-id,card_detail_component_html,alpha-target,d,Text Content Modification,SAVED,,LLMR_card_detail_component_html_detail_id_alf_d
detail-id,x-test-detail-id,card_detail_component_html,alpha-target,e,Text Content Removal,SAVED,,LLMR_card_detail_component_html_detail_id_alf_e
detail-id,x-test-detail-id,card_detail_component_html,alpha-target,j,HTML Tag Type Modification,SAVED,,LLMR_card_detail_component_html_detail_id_alf_j
detail-id,x-test-detail-id,card_detail_component_html,alpha-target,k,HTML Tag Insertion,SAVED,,LLMR_card_detail_component_html_detail_id_alf_k
detail-id,x-test-detail-id,card_detail_component_html,beta-parent,d,Text Content Modification,NA,no-text-content,-
detail-id,x-test-detail-id,card_detail_component_html,beta-parent,e,Text Content Removal,NA,no-text-content,-
detail-id,x-test-detail-id,card_detail_component_html,beta-parent,a,Attribute Value Modification,REJECTED,duplicate,-
detail-id,x-test-detail-id,card_detail_component_html,beta-parent,b,Attribute Removal,REJECTED,duplicate,-
detail-id,x-test-detail-id,card_detail_component_html,beta-parent,c,Attribute Identifier Modification,REJECTED,duplicate,-
detail-id,x-test-detail-id,card_detail_component_html,beta-parent,i,HTML Tag Removal,REJECTED,duplicate,-
detail-id,x-test-detail-id,card_detail_component_html,beta-parent,j,HTML Tag Type Modification,REJECTED,duplicate,-
detail-id,x-test-detail-id,card_detail_component_html,beta-parent,k,HTML Tag Insertion,REJECTED,duplicate,-
detail-id,x-test-detail-id,card_detail_component_html,gamma-ancestor,d,Text Content Modification,NA,no-text-content,-
detail-id,x-test-detail-id,card_detail_component_html,gamma-ancestor,e,Text Content Removal,NA,no-text-content,-
detail-id,x-test-detail-id,card_detail_component_html,gamma-ancestor,i,HTML Tag Removal,NA,would-drop-x-test,-
detail-id,x-test-detail-id,card_detail_component_html,gamma-ancestor,a,Attribute Value Modification,REJECTED,duplicate,-
detail-id,x-test-detail-id,card_detail_component_html,gamma-ancestor,b,Attribute Removal,REJECTED,duplicate,-
detail-id,x-test-detail-id,card_detail_component_html,gamma-ancestor,c,Attribute Identifier Modification,REJECTED,duplicate,-
detail-id,x-test-detail-id,card_detail_component_html,gamma-ancestor,j,HTML Tag Type Modification,REJECTED,duplicate,-
detail-id,x-test-detail-id,card_detail_component_html,gamma-ancestor,k,HTML Tag Insertion,REJECTED,duplicate,-
detail-id,x-test-detail-id,card_detail_component_html,delta-sibling,i,HTML Tag Removal,NA,would-drop-x-test,-
detail-id,x-test-detail-id,card_detail_component_html,delta-sibling,a,Attribute Value Modification,REJECTED,duplicate,-
detail-id,x-test-detail-id,card_detail_component_html,delta-sibling,b,Attribute Removal,REJECTED,duplicate,-
detail-id,x-test-detail-id,card_detail_component_html,delta-sibling,c,Attribute Identifier Modification,REJECTED,duplicate,-
detail-id,x-test-detail-id,card_detail_component_html,delta-sibling,d,Text Content Modification,REJECTED,duplicate,-
detail-id,x-test-detail-id,card_detail_component_html,delta-sibling,e,Text Content Removal,REJECTED,duplicate,-
detail-id,x-test-detail-id,card_detail_component_html,delta-sibling,j,HTML Tag Type Modification,REJECTED,duplicate,-
detail-id,x-test-detail-id,card_detail_component_html,delta-sibling,k,HTML Tag Insertion,REJECTED,duplicate,-
detail-id,x-test-detail-id,card_detail_component_html,epsilon-component,a,Attribute Value Modification,NA,no-such-role,-
detail-id,x-test-detail-id,card_detail_component_html,epsilon-component,b,Attribute Removal,NA,no-such-role,-
detail-id,x-test-detail-id,card_detail_component_html,epsilon-component,c,Attribute Identifier Modification,NA,no-such-role,-
detail-id,x-test-detail-id,card_detail_component_html,epsilon-component,d,Text Content Modification,NA,no-such-role,-
detail-id,x-test-detail-id,card_detail_component_html,epsilon-component,e,Text Content Removal,NA,no-such-role,-
detail-id,x-test-detail-id,card_detail_component_html,epsilon-component,i,HTML Tag Removal,NA,no-such-role,-
detail-id,x-test-detail-id,card_detail_component_html,epsilon-component,j,HTML Tag Type Modification,NA,no-such-role,-
detail-id,x-test-detail-id,card_detail_component_html,epsilon-component,k,HTML Tag Insertion,NA,no-such-role,-
detail-priority,x-test-detail-priority,card_detail_component_html,alpha-target,i,HTML Tag Removal,NA,would-drop-x-test,-
detail-priority,x-test-detail-priority,card_detail_component_html,alpha-target,a,Attribute Value Modification,REJECTED,duplicate,-
detail-priority,x-test-detail-priority,card_detail_component_html,alpha-target,b,Attribute Removal,REJECTED,duplicate,-
detail-priority,x-test-detail-priority,card_detail_component_html,alpha-target,c,Attribute Identifier Modification,REJECTED,duplicate,-
detail-priority,x-test-detail-priority,card_detail_component_html,alpha-target,d,Text Content Modification,REJECTED,duplicate,-
detail-priority,x-test-detail-priority,card_detail_component_html,alpha-target,e,Text Content Removal,REJECTED,duplicate,-
detail-priority,x-test-detail-priority,card_detail_component_html,alpha-target,j,HTML Tag Type Modification,REJECTED,duplicate,-
detail-priority,x-test-detail-priority,card_detail_component_html,alpha-target,k,HTML Tag Insertion,REJECTED,duplicate,-
detail-priority,x-test-detail-priority,card_detail_component_html,beta-parent,d,Text Content Modification,NA,no-text-content,-
detail-priority,x-test-detail-priority,card_detail_component_html,beta-parent,e,Text Content Removal,NA,no-text-content,-
detail-priority,x-test-detail-priority,card_detail_component_html,beta-parent,a,Attribute Value Modification,REJECTED,duplicate,-
detail-priority,x-test-detail-priority,card_detail_component_html,beta-parent,b,Attribute Removal,REJECTED,duplicate,-
detail-priority,x-test-detail-priority,card_detail_component_html,beta-parent,c,Attribute Identifier Modification,REJECTED,duplicate,-
detail-priority,x-test-detail-priority,card_detail_component_html,beta-parent,i,HTML Tag Removal,REJECTED,duplicate,-
detail-priority,x-test-detail-priority,card_detail_component_html,beta-parent,j,HTML Tag Type Modification,REJECTED,duplicate,-
detail-priority,x-test-detail-priority,card_detail_component_html,beta-parent,k,HTML Tag Insertion,REJECTED,duplicate,-
detail-priority,x-test-detail-priority,card_detail_component_html,gamma-ancestor,d,Text Content Modification,NA,no-text-content,-
detail-priority,x-test-detail-priority,card_detail_component_html,gamma-ancestor,e,Text Content Removal,NA,no-text-content,-
detail-priority,x-test-detail-priority,card_detail_component_html,gamma-ancestor,i,HTML Tag Removal,NA,would-drop-x-test,-
detail-priority,x-test-detail-priority,card_detail_component_html,gamma-ancestor,a,Attribute Value Modification,REJECTED,duplicate,-
detail-priority,x-test-detail-priority,card_detail_component_html,gamma-ancestor,b,Attribute Removal,REJECTED,duplicate,-
detail-priority,x-test-detail-priority,card_detail_component_html,gamma-ancestor,c,Attribute Identifier Modification,REJECTED,duplicate,-
detail-priority,x-test-detail-priority,card_detail_component_html,gamma-ancestor,j,HTML Tag Type Modification,REJECTED,duplicate,-
detail-priority,x-test-detail-priority,card_detail_component_html,gamma-ancestor,k,HTML Tag Insertion,REJECTED,duplicate,-
detail-priority,x-test-detail-priority,card_detail_component_html,delta-sibling,i,HTML Tag Removal,NA,would-drop-x-test,-
detail-priority,x-test-detail-priority,card_detail_component_html,delta-sibling,a,Attribute Value Modification,REJECTED,duplicate,-
detail-priority,x-test-detail-priority,card_detail_component_html,delta-sibling,b,Attribute Removal,REJECTED,duplicate,-
detail-priority,x-test-detail-priority,card_detail_component_html,delta-sibling,c,Attribute Identifier Modification,REJECTED,duplicate,-
detail-priority,x-test-detail-priority,card_detail_component_html,delta-sibling,d,Text Content Modification,REJECTED,duplicate,-
detail-priority,x-test-detail-priority,card_detail_component_html,delta-sibling,e,Text Content Removal,REJECTED,duplicate,-
detail-priority,x-test-detail-priority,card_detail_component_html,delta-sibling,j,HTML Tag Type Modification,REJECTED,duplicate,-
detail-priority,x-test-detail-priority,card_detail_component_html,delta-sibling,k,HTML Tag Insertion,REJECTED,duplicate,-
detail-priority,x-test-detail-priority,card_detail_component_html,epsilon-component,a,Attribute Value Modification,NA,no-such-role,-
detail-priority,x-test-detail-priority,card_detail_component_html,epsilon-component,b,Attribute Removal,NA,no-such-role,-
detail-priority,x-test-detail-priority,card_detail_component_html,epsilon-component,c,Attribute Identifier Modification,NA,no-such-role,-
detail-priority,x-test-detail-priority,card_detail_component_html,epsilon-component,d,Text Content Modification,NA,no-such-role,-
detail-priority,x-test-detail-priority,card_detail_component_html,epsilon-component,e,Text Content Removal,NA,no-such-role,-
detail-priority,x-test-detail-priority,card_detail_component_html,epsilon-component,i,HTML Tag Removal,NA,no-such-role,-
detail-priority,x-test-detail-priority,card_detail_component_html,epsilon-component,j,HTML Tag Type Modification,NA,no-such-role,-
detail-priority,x-test-detail-priority,card_detail_component_html,epsilon-component,k,HTML Tag Insertion,NA,no-such-role,-
detail-description,x-test-detail-description,card_detail_component_html,alpha-target,i,HTML Tag Removal,NA,would-drop-x-test,-
detail-description,x-test-detail-description,card_detail_component_html,alpha-target,a,Attribute Value Modification,SAVED,,LLMR_card_detail_component_html_detail_description_alf_a
detail-description,x-test-detail-description,card_detail_component_html,alpha-target,b,Attribute Removal,SAVED,,LLMR_card_detail_component_html_detail_description_alf_b
detail-description,x-test-detail-description,card_detail_component_html,alpha-target,c,Attribute Identifier Modification,SAVED,,LLMR_card_detail_component_html_detail_description_alf_c
detail-description,x-test-detail-description,card_detail_component_html,alpha-target,d,Text Content Modification,SAVED,,LLMR_card_detail_component_html_detail_description_alf_d
detail-description,x-test-detail-description,card_detail_component_html,alpha-target,e,Text Content Removal,SAVED,,LLMR_card_detail_component_html_detail_description_alf_e
detail-description,x-test-detail-description,card_detail_component_html,alpha-target,j,HTML Tag Type Modification,SAVED,,LLMR_card_detail_component_html_detail_description_alf_j
detail-description,x-test-detail-description,card_detail_component_html,alpha-target,k,HTML Tag Insertion,SAVED,,LLMR_card_detail_component_html_detail_description_alf_k
detail-description,x-test-detail-description,card_detail_component_html,beta-parent,d,Text Content Modification,NA,no-text-content,-
detail-description,x-test-detail-description,card_detail_component_html,beta-parent,e,Text Content Removal,NA,no-text-content,-
detail-description,x-test-detail-description,card_detail_component_html,beta-parent,i,HTML Tag Removal,NA,would-drop-x-test,-
detail-description,x-test-detail-description,card_detail_component_html,beta-parent,a,Attribute Value Modification,SAVED,,LLMR_card_detail_component_html_detail_description_bet_a
detail-description,x-test-detail-description,card_detail_component_html,beta-parent,b,Attribute Removal,SAVED,,LLMR_card_detail_component_html_detail_description_bet_b
detail-description,x-test-detail-description,card_detail_component_html,beta-parent,c,Attribute Identifier Modification,SAVED,,LLMR_card_detail_component_html_detail_description_bet_c
detail-description,x-test-detail-description,card_detail_component_html,beta-parent,j,HTML Tag Type Modification,SAVED,,LLMR_card_detail_component_html_detail_description_bet_j
detail-description,x-test-detail-description,card_detail_component_html,beta-parent,k,HTML Tag Insertion,SAVED,,LLMR_card_detail_component_html_detail_description_bet_k
detail-description,x-test-detail-description,card_detail_component_html,gamma-ancestor,d,Text Content Modification,NA,no-text-content,-
detail-description,x-test-detail-description,card_detail_component_html,gamma-ancestor,e,Text Content Removal,NA,no-text-content,-
detail-description,x-test-detail-description,card_detail_component_html,gamma-ancestor,a,Attribute Value Modification,SAVED,,LLMR_card_detail_component_html_detail_description_gam_a
detail-description,x-test-detail-description,card_detail_component_html,gamma-ancestor,b,Attribute Removal,SAVED,,LLMR_card_detail_component_html_detail_description_gam_b
detail-description,x-test-detail-description,card_detail_component_html,gamma-ancestor,c,Attribute Identifier Modification,SAVED,,LLMR_card_detail_component_html_detail_description_gam_c
detail-description,x-test-detail-description,card_detail_component_html,gamma-ancestor,i,HTML Tag Removal,SAVED,,LLMR_card_detail_component_html_detail_description_gam_i
detail-description,x-test-detail-description,card_detail_component_html,gamma-ancestor,j,HTML Tag Type Modification,SAVED,,LLMR_card_detail_component_html_detail_description_gam_j
detail-description,x-test-detail-description,card_detail_component_html,gamma-ancestor,k,HTML Tag Insertion,SAVED,,LLMR_card_detail_component_html_detail_description_gam_k
detail-description,x-test-detail-description,card_detail_component_html,delta-sibling,i,HTML Tag Removal,NA,would-drop-x-test,-
detail-description,x-test-detail-description,card_detail_component_html,delta-sibling,a,Attribute Value Modification,SAVED,,LLMR_card_detail_component_html_detail_description_del_a
detail-description,x-test-detail-description,card_detail_component_html,delta-sibling,b,Attribute Removal,SAVED,,LLMR_card_detail_component_html_detail_description_del_b
detail-description,x-test-detail-description,card_detail_component_html,delta-sibling,c,Attribute Identifier Modification,SAVED,,LLMR_card_detail_component_html_detail_description_del_c
detail-description,x-test-detail-description,card_detail_component_html,delta-sibling,d,Text Content Modification,SAVED,,LLMR_card_detail_component_html_detail_description_del_d
detail-description,x-test-detail-description,card_detail_component_html,delta-sibling,e,Text Content Removal,SAVED,,LLMR_card_detail_component_html_detail_description_del_e
detail-description,x-test-detail-description,card_detail_component_html,delta-sibling,j,HTML Tag Type Modification,SAVED,,LLMR_card_detail_component_html_detail_description_del_j
detail-description,x-test-detail-description,card_detail_component_html,delta-sibling,k,HTML Tag Insertion,SAVED,,LLMR_card_detail_component_html_detail_description_del_k
detail-description,x-test-detail-description,card_detail_component_html,epsilon-component,d,Text Content Modification,NA,no-text-content,-
detail-description,x-test-detail-description,card_detail_component_html,epsilon-component,e,Text Content Removal,NA,no-text-content,-
detail-description,x-test-detail-description,card_detail_component_html,epsilon-component,a,Attribute Value Modification,SAVED,,LLMR_card_detail_component_html_detail_description_eps_a
detail-description,x-test-detail-description,card_detail_component_html,epsilon-component,b,Attribute Removal,SAVED,,LLMR_card_detail_component_html_detail_description_eps_b
detail-description,x-test-detail-description,card_detail_component_html,epsilon-component,c,Attribute Identifier Modification,SAVED,,LLMR_card_detail_component_html_detail_description_eps_c
detail-description,x-test-detail-description,card_detail_component_html,epsilon-component,i,HTML Tag Removal,SAVED,,LLMR_card_detail_component_html_detail_description_eps_i
detail-description,x-test-detail-description,card_detail_component_html,epsilon-component,j,HTML Tag Type Modification,SAVED,,LLMR_card_detail_component_html_detail_description_eps_j
detail-description,x-test-detail-description,card_detail_component_html,epsilon-component,k,HTML Tag Insertion,SAVED,,LLMR_card_detail_component_html_detail_description_eps_k
detail-assignee,x-test-detail-assignee,card_detail_component_html,alpha-target,i,HTML Tag Removal,NA,would-drop-x-test,-
detail-assignee,x-test-detail-assignee,card_detail_component_html,alpha-target,a,Attribute Value Modification,SAVED,,LLMR_card_detail_component_html_detail_assignee_alf_a
detail-assignee,x-test-detail-assignee,card_detail_component_html,alpha-target,b,Attribute Removal,SAVED,,LLMR_card_detail_component_html_detail_assignee_alf_b
detail-assignee,x-test-detail-assignee,card_detail_component_html,alpha-target,c,Attribute Identifier Modification,SAVED,,LLMR_card_detail_component_html_detail_assignee_alf_c
detail-assignee,x-test-detail-assignee,card_detail_component_html,alpha-target,d,Text Content Modification,SAVED,,LLMR_card_detail_component_html_detail_assignee_alf_d
detail-assignee,x-test-detail-assignee,card_detail_component_html,alpha-target,e,Text Content Removal,SAVED,,LLMR_card_detail_component_html_detail_assignee_alf_e
detail-assignee,x-test-detail-assignee,card_detail_component_html,alpha-target,j,HTML Tag Type Modification,SAVED,,LLMR_card_detail_component_html_detail_assignee_alf_j
detail-assignee,x-test-detail-assignee,card_detail_component_html,alpha-target,k,HTML Tag Insertion,SAVED,,LLMR_card_detail_component_html_detail_assignee_alf_k
detail-assignee,x-test-detail-assignee,card_detail_component_html,beta-parent,d,Text Content Modification,NA,no-text-content,-
detail-assignee,x-test-detail-assignee,card_detail_component_html,beta-parent,e,Text Content Removal,NA,no-text-content,-
detail-assignee,x-test-detail-assignee,card_detail_component_html,beta-parent,i,HTML Tag Removal,NA,would-drop-x-test,-
detail-assignee,x-test-detail-assignee,card_detail_component_html,beta-parent,a,Attribute Value Modification,SAVED,,LLMR_card_detail_component_html_detail_assignee_bet_a
detail-assignee,x-test-detail-assignee,card_detail_component_html,beta-parent,b,Attribute Removal,SAVED,,LLMR_card_detail_component_html_detail_assignee_bet_b
detail-assignee,x-test-detail-assignee,card_detail_component_html,beta-parent,c,Attribute Identifier Modification,SAVED,,LLMR_card_detail_component_html_detail_assignee_bet_c
detail-assignee,x-test-detail-assignee,card_detail_component_html,beta-parent,j,HTML Tag Type Modification,SAVED,,LLMR_card_detail_component_html_detail_assignee_bet_j
detail-assignee,x-test-detail-assignee,card_detail_component_html,beta-parent,k,HTML Tag Insertion,SAVED,,LLMR_card_detail_component_html_detail_assignee_bet_k
detail-assignee,x-test-detail-assignee,card_detail_component_html,gamma-ancestor,d,Text Content Modification,NA,no-text-content,-
detail-assignee,x-test-detail-assignee,card_detail_component_html,gamma-ancestor,e,Text Content Removal,NA,no-text-content,-
detail-assignee,x-test-detail-assignee,card_detail_component_html,gamma-ancestor,a,Attribute Value Modification,REJECTED,duplicate,-
detail-assignee,x-test-detail-assignee,card_detail_component_html,gamma-ancestor,b,Attribute Removal,REJECTED,duplicate,-
detail-assignee,x-test-detail-assignee,card_detail_component_html,gamma-ancestor,c,Attribute Identifier Modification,REJECTED,duplicate,-
detail-assignee,x-test-detail-assignee,card_detail_component_html,gamma-ancestor,i,HTML Tag Removal,REJECTED,duplicate,-
detail-assignee,x-test-detail-assignee,card_detail_component_html,gamma-ancestor,j,HTML Tag Type Modification,REJECTED,duplicate,-
detail-assignee,x-test-detail-assignee,card_detail_component_html,gamma-ancestor,k,HTML Tag Insertion,REJECTED,duplicate,-
detail-assignee,x-test-detail-assignee,card_detail_component_html,delta-sibling,i,HTML Tag Removal,NA,would-drop-x-test,-
detail-assignee,x-test-detail-assignee,card_detail_component_html,delta-sibling,a,Attribute Value Modification,SAVED,,LLMR_card_detail_component_html_detail_assignee_del_a
detail-assignee,x-test-detail-assignee,card_detail_component_html,delta-sibling,b,Attribute Removal,SAVED,,LLMR_card_detail_component_html_detail_assignee_del_b
detail-assignee,x-test-detail-assignee,card_detail_component_html,delta-sibling,c,Attribute Identifier Modification,SAVED,,LLMR_card_detail_component_html_detail_assignee_del_c
detail-assignee,x-test-detail-assignee,card_detail_component_html,delta-sibling,d,Text Content Modification,SAVED,,LLMR_card_detail_component_html_detail_assignee_del_d
detail-assignee,x-test-detail-assignee,card_detail_component_html,delta-sibling,e,Text Content Removal,SAVED,,LLMR_card_detail_component_html_detail_assignee_del_e
detail-assignee,x-test-detail-assignee,card_detail_component_html,delta-sibling,j,HTML Tag Type Modification,SAVED,,LLMR_card_detail_component_html_detail_assignee_del_j
detail-assignee,x-test-detail-assignee,card_detail_component_html,delta-sibling,k,HTML Tag Insertion,SAVED,,LLMR_card_detail_component_html_detail_assignee_del_k
detail-assignee,x-test-detail-assignee,card_detail_component_html,epsilon-component,d,Text Content Modification,NA,no-text-content,-
detail-assignee,x-test-detail-assignee,card_detail_component_html,epsilon-component,e,Text Content Removal,NA,no-text-content,-
detail-assignee,x-test-detail-assignee,card_detail_component_html,epsilon-component,a,Attribute Value Modification,REJECTED,duplicate,-
detail-assignee,x-test-detail-assignee,card_detail_component_html,epsilon-component,b,Attribute Removal,REJECTED,duplicate,-
detail-assignee,x-test-detail-assignee,card_detail_component_html,epsilon-component,c,Attribute Identifier Modification,REJECTED,duplicate,-
detail-assignee,x-test-detail-assignee,card_detail_component_html,epsilon-component,i,HTML Tag Removal,REJECTED,duplicate,-
detail-assignee,x-test-detail-assignee,card_detail_component_html,epsilon-component,j,HTML Tag Type Modification,REJECTED,duplicate,-
detail-assignee,x-test-detail-assignee,card_detail_component_html,epsilon-component,k,HTML Tag Insertion,REJECTED,duplicate,-
detail-column,x-test-detail-column,card_detail_component_html,alpha-target,i,HTML Tag Removal,NA,would-drop-x-test,-
detail-column,x-test-detail-column,card_detail_component_html,alpha-target,a,Attribute Value Modification,SAVED,,LLMR_card_detail_component_html_detail_column_alf_a
detail-column,x-test-detail-column,card_detail_component_html,alpha-target,b,Attribute Removal,SAVED,,LLMR_card_detail_component_html_detail_column_alf_b
detail-column,x-test-detail-column,card_detail_component_html,alpha-target,c,Attribute Identifier Modification,SAVED,,LLMR_card_detail_component_html_detail_column_alf_c
detail-column,x-test-detail-column,card_detail_component_html,alpha-target,d,Text Content Modification,SAVED,,LLMR_card_detail_component_html_detail_column_alf_d
detail-column,x-test-detail-column,card_detail_component_html,alpha-target,e,Text Content Removal,SAVED,,LLMR_card_detail_component_html_detail_column_alf_e
detail-column,x-test-detail-column,card_detail_component_html,alpha-target,j,HTML Tag Type Modification,SAVED,,LLMR_card_detail_component_html_detail_column_alf_j
detail-column,x-test-detail-column,card_detail_component_html,alpha-target,k,HTML Tag Insertion,SAVED,,LLMR_card_detail_component_html_detail_column_alf_k
detail-column,x-test-detail-column,card_detail_component_html,beta-parent,d,Text Content Modification,NA,no-text-content,-
detail-column,x-test-detail-column,card_detail_component_html,beta-parent,e,Text Content Removal,NA,no-text-content,-
detail-column,x-test-detail-column,card_detail_component_html,beta-parent,i,HTML Tag Removal,NA,would-drop-x-test,-
detail-column,x-test-detail-column,card_detail_component_html,beta-parent,a,Attribute Value Modification,SAVED,,LLMR_card_detail_component_html_detail_column_bet_a
detail-column,x-test-detail-column,card_detail_component_html,beta-parent,b,Attribute Removal,SAVED,,LLMR_card_detail_component_html_detail_column_bet_b
detail-column,x-test-detail-column,card_detail_component_html,beta-parent,c,Attribute Identifier Modification,SAVED,,LLMR_card_detail_component_html_detail_column_bet_c
detail-column,x-test-detail-column,card_detail_component_html,beta-parent,j,HTML Tag Type Modification,SAVED,,LLMR_card_detail_component_html_detail_column_bet_j
detail-column,x-test-detail-column,card_detail_component_html,beta-parent,k,HTML Tag Insertion,SAVED,,LLMR_card_detail_component_html_detail_column_bet_k
detail-column,x-test-detail-column,card_detail_component_html,gamma-ancestor,d,Text Content Modification,NA,no-text-content,-
detail-column,x-test-detail-column,card_detail_component_html,gamma-ancestor,e,Text Content Removal,NA,no-text-content,-
detail-column,x-test-detail-column,card_detail_component_html,gamma-ancestor,a,Attribute Value Modification,REJECTED,duplicate,-
detail-column,x-test-detail-column,card_detail_component_html,gamma-ancestor,b,Attribute Removal,REJECTED,duplicate,-
detail-column,x-test-detail-column,card_detail_component_html,gamma-ancestor,c,Attribute Identifier Modification,REJECTED,duplicate,-
detail-column,x-test-detail-column,card_detail_component_html,gamma-ancestor,i,HTML Tag Removal,REJECTED,duplicate,-
detail-column,x-test-detail-column,card_detail_component_html,gamma-ancestor,j,HTML Tag Type Modification,REJECTED,duplicate,-
detail-column,x-test-detail-column,card_detail_component_html,gamma-ancestor,k,HTML Tag Insertion,REJECTED,duplicate,-
detail-column,x-test-detail-column,card_detail_component_html,delta-sibling,i,HTML Tag Removal,NA,would-drop-x-test,-
detail-column,x-test-detail-column,card_detail_component_html,delta-sibling,a,Attribute Value Modification,SAVED,,LLMR_card_detail_component_html_detail_column_del_a
detail-column,x-test-detail-column,card_detail_component_html,delta-sibling,b,Attribute Removal,SAVED,,LLMR_card_detail_component_html_detail_column_del_b
detail-column,x-test-detail-column,card_detail_component_html,delta-sibling,c,Attribute Identifier Modification,SAVED,,LLMR_card_detail_component_html_detail_column_del_c
detail-column,x-test-detail-column,card_detail_component_html,delta-sibling,d,Text Content Modification,SAVED,,LLMR_card_detail_component_html_detail_column_del_d
detail-column,x-test-detail-column,card_detail_component_html,delta-sibling,e,Text Content Removal,SAVED,,LLMR_card_detail_component_html_detail_column_del_e
detail-column,x-test-detail-column,card_detail_component_html,delta-sibling,j,HTML Tag Type Modification,SAVED,,LLMR_card_detail_component_html_detail_column_del_j
detail-column,x-test-detail-column,card_detail_component_html,delta-sibling,k,HTML Tag Insertion,SAVED,,LLMR_card_detail_component_html_detail_column_del_k
detail-column,x-test-detail-column,card_detail_component_html,epsilon-component,d,Text Content Modification,NA,no-text-content,-
detail-column,x-test-detail-column,card_detail_component_html,epsilon-component,e,Text Content Removal,NA,no-text-content,-
detail-column,x-test-detail-column,card_detail_component_html,epsilon-component,a,Attribute Value Modification,REJECTED,duplicate,-
detail-column,x-test-detail-column,card_detail_component_html,epsilon-component,b,Attribute Removal,REJECTED,duplicate,-
detail-column,x-test-detail-column,card_detail_component_html,epsilon-component,c,Attribute Identifier Modification,REJECTED,duplicate,-
detail-column,x-test-detail-column,card_detail_component_html,epsilon-component,i,HTML Tag Removal,REJECTED,duplicate,-
detail-column,x-test-detail-column,card_detail_component_html,epsilon-component,j,HTML Tag Type Modification,REJECTED,duplicate,-
detail-column,x-test-detail-column,card_detail_component_html,epsilon-component,k,HTML Tag Insertion,REJECTED,duplicate,-
detail-tags,x-test-detail-tags,card_detail_component_html,alpha-target,i,HTML Tag Removal,NA,would-drop-x-test,-
detail-tags,x-test-detail-tags,card_detail_component_html,alpha-target,a,Attribute Value Modification,SAVED,,LLMR_card_detail_component_html_detail_tags_alf_a
detail-tags,x-test-detail-tags,card_detail_component_html,alpha-target,b,Attribute Removal,SAVED,,LLMR_card_detail_component_html_detail_tags_alf_b
detail-tags,x-test-detail-tags,card_detail_component_html,alpha-target,c,Attribute Identifier Modification,SAVED,,LLMR_card_detail_component_html_detail_tags_alf_c
detail-tags,x-test-detail-tags,card_detail_component_html,alpha-target,d,Text Content Modification,SAVED,,LLMR_card_detail_component_html_detail_tags_alf_d
detail-tags,x-test-detail-tags,card_detail_component_html,alpha-target,e,Text Content Removal,SAVED,,LLMR_card_detail_component_html_detail_tags_alf_e
detail-tags,x-test-detail-tags,card_detail_component_html,alpha-target,j,HTML Tag Type Modification,SAVED,,LLMR_card_detail_component_html_detail_tags_alf_j
detail-tags,x-test-detail-tags,card_detail_component_html,alpha-target,k,HTML Tag Insertion,SAVED,,LLMR_card_detail_component_html_detail_tags_alf_k
detail-tags,x-test-detail-tags,card_detail_component_html,beta-parent,d,Text Content Modification,NA,no-text-content,-
detail-tags,x-test-detail-tags,card_detail_component_html,beta-parent,e,Text Content Removal,NA,no-text-content,-
detail-tags,x-test-detail-tags,card_detail_component_html,beta-parent,i,HTML Tag Removal,NA,would-drop-x-test,-
detail-tags,x-test-detail-tags,card_detail_component_html,beta-parent,a,Attribute Value Modification,SAVED,,LLMR_card_detail_component_html_detail_tags_bet_a
detail-tags,x-test-detail-tags,card_detail_component_html,beta-parent,b,Attribute Removal,SAVED,,LLMR_card_detail_component_html_detail_tags_bet_b
detail-tags,x-test-detail-tags,card_detail_component_html,beta-parent,c,Attribute Identifier Modification,SAVED,,LLMR_card_detail_component_html_detail_tags_bet_c
detail-tags,x-test-detail-tags,card_detail_component_html,beta-parent,j,HTML Tag Type Modification,SAVED,,LLMR_card_detail_component_html_detail_tags_bet_j
detail-tags,x-test-detail-tags,card_detail_component_html,beta-parent,k,HTML Tag Insertion,SAVED,,LLMR_card_detail_component_html_detail_tags_bet_k
detail-tags,x-test-detail-tags,card_detail_component_html,gamma-ancestor,d,Text Content Modification,NA,no-text-content,-
detail-tags,x-test-detail-tags,card_detail_component_html,gamma-ancestor,e,Text Content Removal,NA,no-text-content,-
detail-tags,x-test-detail-tags,card_detail_component_html,gamma-ancestor,a,Attribute Value Modification,REJECTED,duplicate,-
detail-tags,x-test-detail-tags,card_detail_component_html,gamma-ancestor,b,Attribute Removal,REJECTED,duplicate,-
detail-tags,x-test-detail-tags,card_detail_component_html,gamma-ancestor,c,Attribute Identifier Modification,REJECTED,duplicate,-
detail-tags,x-test-detail-tags,card_detail_component_html,gamma-ancestor,i,HTML Tag Removal,REJECTED,duplicate,-
detail-tags,x-test-detail-tags,card_detail_component_html,gamma-ancestor,j,HTML Tag Type Modification,REJECTED,duplicate,-
detail-tags,x-test-detail-tags,card_detail_component_html,gamma-ancestor,k,HTML Tag Insertion,REJECTED,duplicate,-
detail-tags,x-test-detail-tags,card_detail_component_html,delta-sibling,i,HTML Tag Removal,NA,would-drop-x-test,-
detail-tags,x-test-detail-tags,card_detail_component_html,delta-sibling,a,Attribute Value Modification,SAVED,,LLMR_card_detail_component_html_detail_tags_del_a
detail-tags,x-test-detail-tags,card_detail_component_html,delta-sibling,b,Attribute Removal,SAVED,,LLMR_card_detail_component_html_detail_tags_del_b
detail-tags,x-test-detail-tags,card_detail_component_html,delta-sibling,c,Attribute Identifier Modification,SAVED,,LLMR_card_detail_component_html_detail_tags_del_c
detail-tags,x-test-detail-tags,card_detail_component_html,delta-sibling,d,Text Content Modification,SAVED,,LLMR_card_detail_component_html_detail_tags_del_d
detail-tags,x-test-detail-tags,card_detail_component_html,delta-sibling,e,Text Content Removal,SAVED,,LLMR_card_detail_component_html_detail_tags_del_e
detail-tags,x-test-detail-tags,card_detail_component_html,delta-sibling,j,HTML Tag Type Modification,SAVED,,LLMR_card_detail_component_html_detail_tags_del_j
detail-tags,x-test-detail-tags,card_detail_component_html,delta-sibling,k,HTML Tag Insertion,SAVED,,LLMR_card_detail_component_html_detail_tags_del_k
detail-tags,x-test-detail-tags,card_detail_component_html,epsilon-component,d,Text Content Modification,NA,no-text-content,-
detail-tags,x-test-detail-tags,card_detail_component_html,epsilon-component,e,Text Content Removal,NA,no-text-content,-
detail-tags,x-test-detail-tags,card_detail_component_html,epsilon-component,a,Attribute Value Modification,REJECTED,duplicate,-
detail-tags,x-test-detail-tags,card_detail_component_html,epsilon-component,b,Attribute Removal,REJECTED,duplicate,-
detail-tags,x-test-detail-tags,card_detail_component_html,epsilon-component,c,Attribute Identifier Modification,REJECTED,duplicate,-
detail-tags,x-test-detail-tags,card_detail_component_html,epsilon-component,i,HTML Tag Removal,REJECTED,duplicate,-
detail-tags,x-test-detail-tags,card_detail_component_html,epsilon-component,j,HTML Tag Type Modification,REJECTED,duplicate,-
detail-tags,x-test-detail-tags,card_detail_component_html,epsilon-component,k,HTML Tag Insertion,REJECTED,duplicate,-
detail-edit,x-test-detail-edit,card_detail_component_html,alpha-target,i,HTML Tag Removal,NA,would-drop-x-test,-
detail-edit,x-test-detail-edit,card_detail_component_html,alpha-target,a,Attribute Value Modification,SAVED,,LLMR_card_detail_component_html_detail_edit_alf_a
detail-edit,x-test-detail-edit,card_detail_component_html,alpha-target,b,Attribute Removal,SAVED,,LLMR_card_detail_component_html_detail_edit_alf_b
detail-edit,x-test-detail-edit,card_detail_component_html,alpha-target,c,Attribute Identifier Modification,SAVED,,LLMR_card_detail_component_html_detail_edit_alf_c
detail-edit,x-test-detail-edit,card_detail_component_html,alpha-target,d,Text Content Modification,SAVED,,LLMR_card_detail_component_html_detail_edit_alf_d
detail-edit,x-test-detail-edit,card_detail_component_html,alpha-target,e,Text Content Removal,SAVED,,LLMR_card_detail_component_html_detail_edit_alf_e
detail-edit,x-test-detail-edit,card_detail_component_html,alpha-target,j,HTML Tag Type Modification,SAVED,,LLMR_card_detail_component_html_detail_edit_alf_j
detail-edit,x-test-detail-edit,card_detail_component_html,alpha-target,k,HTML Tag Insertion,SAVED,,LLMR_card_detail_component_html_detail_edit_alf_k
detail-edit,x-test-detail-edit,card_detail_component_html,beta-parent,d,Text Content Modification,NA,no-text-content,-
detail-edit,x-test-detail-edit,card_detail_component_html,beta-parent,e,Text Content Removal,NA,no-text-content,-
detail-edit,x-test-detail-edit,card_detail_component_html,beta-parent,i,HTML Tag Removal,NA,would-drop-x-test,-
detail-edit,x-test-detail-edit,card_detail_component_html,beta-parent,a,Attribute Value Modification,SAVED,,LLMR_card_detail_component_html_detail_edit_bet_a
detail-edit,x-test-detail-edit,card_detail_component_html,beta-parent,b,Attribute Removal,SAVED,,LLMR_card_detail_component_html_detail_edit_bet_b
detail-edit,x-test-detail-edit,card_detail_component_html,beta-parent,c,Attribute Identifier Modification,SAVED,,LLMR_card_detail_component_html_detail_edit_bet_c
detail-edit,x-test-detail-edit,card_detail_component_html,beta-parent,j,HTML Tag Type Modification,SAVED,,LLMR_card_detail_component_html_detail_edit_bet_j
detail-edit,x-test-detail-edit,card_detail_component_html,beta-parent,k,HTML Tag Insertion,SAVED,,LLMR_card_detail_component_html_detail_edit_bet_k
detail-edit,x-test-detail-edit,card_detail_component_html,gamma-ancestor,d,Text Content Modification,NA,no-text-content,-
detail-edit,x-test-detail-edit,card_detail_component_html,gamma-ancestor,e,Text Content Removal,NA,no-text-content,-
detail-edit,x-test-detail-edit,card_detail_component_html,gamma-ancestor,i,HTML Tag Removal,NA,would-drop-x-test,-
detail-edit,x-test-detail-edit,card_detail_component_html,gamma-ancestor,a,Attribute Value Modification,REJECTED,duplicate,-
detail-edit,x-test-detail-edit,card_detail_component_html,gamma-ancestor,b,Attribute Removal,REJECTED,duplicate,-
detail-edit,x-test-detail-edit,card_detail_component_html,gamma-ancestor,c,Attribute Identifier Modification,REJECTED,duplicate,-
detail-edit,x-test-detail-edit,card_detail_component_html,gamma-ancestor,j,HTML Tag Type Modification,REJECTED,duplicate,-
detail-edit,x-test-detail-edit,card_detail_component_html,gamma-ancestor,k,HTML Tag Insertion,REJECTED,duplicate,-
detail-edit,x-test-detail-edit,card_detail_component_html,delta-sibling,i,HTML Tag Removal,NA,would-drop-x-test,-
detail-edit,x-test-detail-edit,card_detail_component_html,delta-sibling,a,Attribute Value Modification,SAVED,,LLMR_card_detail_component_html_detail_edit_del_a
detail-edit,x-test-detail-edit,card_detail_component_html,delta-sibling,b,Attribute Removal,SAVED,,LLMR_card_detail_component_html_detail_edit_del_b
detail-edit,x-test-detail-edit,card_detail_component_html,delta-sibling,c,Attribute Identifier Modification,SAVED,,LLMR_card_detail_component_html_detail_edit_del_c
detail-edit,x-test-detail-edit,card_detail_component_html,delta-sibling,d,Text Content Modification,SAVED,,LLMR_card_detail_component_html_detail_edit_del_d
detail-edit,x-test-detail-edit,card_detail_component_html,delta-sibling,e,Text Content Removal,SAVED,,LLMR_card_detail_component_html_detail_edit_del_e
detail-edit,x-test-detail-edit,card_detail_component_html,delta-sibling,j,HTML Tag Type Modification,SAVED,,LLMR_card_detail_component_html_detail_edit_del_j
detail-edit,x-test-detail-edit,card_detail_component_html,delta-sibling,k,HTML Tag Insertion,SAVED,,LLMR_card_detail_component_html_detail_edit_del_k
detail-edit,x-test-detail-edit,card_detail_component_html,epsilon-component,a,Attribute Value Modification,NA,no-such-role,-
detail-edit,x-test-detail-edit,card_detail_component_html,epsilon-component,b,Attribute Removal,NA,no-such-role,-
detail-edit,x-test-detail-edit,card_detail_component_html,epsilon-component,c,Attribute Identifier Modification,NA,no-such-role,-
detail-edit,x-test-detail-edit,card_detail_component_html,epsilon-component,d,Text Content Modification,NA,no-such-role,-
detail-edit,x-test-detail-edit,card_detail_component_html,epsilon-component,e,Text Content Removal,NA,no-such-role,-
detail-edit,x-test-detail-edit,card_detail_component_html,epsilon-component,i,HTML Tag Removal,NA,no-such-role,-
detail-edit,x-test-detail-edit,card_detail_component_html,epsilon-component,j,HTML Tag Type Modification,NA,no-such-role,-
detail-edit,x-test-detail-edit,card_detail_component_html,epsilon-component,k,HTML Tag Insertion,NA,no-such-role,-
detail-delete,x-test-detail-delete,card_detail_component_html,alpha-target,i,HTML Tag Removal,NA,would-drop-x-test,-
detail-delete,x-test-detail-delete,card_detail_component_html,alpha-target,a,Attribute Value Modification,REJECTED,duplicate,-
detail-delete,x-test-detail-delete,card_detail_component_html,alpha-target,b,Attribute Removal,REJECTED,duplicate,-
detail-delete,x-test-detail-delete,card_detail_component_html,alpha-target,c,Attribute Identifier Modification,REJECTED,duplicate,-
detail-delete,x-test-detail-delete,card_detail_component_html,alpha-target,d,Text Content Modification,REJECTED,duplicate,-
detail-delete,x-test-detail-delete,card_detail_component_html,alpha-target,e,Text Content Removal,REJECTED,duplicate,-
detail-delete,x-test-detail-delete,card_detail_component_html,alpha-target,j,HTML Tag Type Modification,REJECTED,duplicate,-
detail-delete,x-test-detail-delete,card_detail_component_html,alpha-target,k,HTML Tag Insertion,REJECTED,duplicate,-
detail-delete,x-test-detail-delete,card_detail_component_html,beta-parent,d,Text Content Modification,NA,no-text-content,-
detail-delete,x-test-detail-delete,card_detail_component_html,beta-parent,e,Text Content Removal,NA,no-text-content,-
detail-delete,x-test-detail-delete,card_detail_component_html,beta-parent,i,HTML Tag Removal,NA,would-drop-x-test,-
detail-delete,x-test-detail-delete,card_detail_component_html,beta-parent,a,Attribute Value Modification,REJECTED,duplicate,-
detail-delete,x-test-detail-delete,card_detail_component_html,beta-parent,b,Attribute Removal,REJECTED,duplicate,-
detail-delete,x-test-detail-delete,card_detail_component_html,beta-parent,c,Attribute Identifier Modification,REJECTED,duplicate,-
detail-delete,x-test-detail-delete,card_detail_component_html,beta-parent,j,HTML Tag Type Modification,REJECTED,duplicate,-
detail-delete,x-test-detail-delete,card_detail_component_html,beta-parent,k,HTML Tag Insertion,REJECTED,duplicate,-
detail-delete,x-test-detail-delete,card_detail_component_html,gamma-ancestor,d,Text Content Modification,NA,no-text-content,-
detail-delete,x-test-detail-delete,card_detail_component_html,gamma-ancestor,e,Text Content Removal,NA,no-text-content,-
detail-delete,x-test-detail-delete,card_detail_component_html,gamma-ancestor,i,HTML Tag Removal,NA,would-drop-x-test,-
detail-delete,x-test-detail-delete,card_detail_component_html,gamma-ancestor,a,Attribute Value Modification,REJECTED,duplicate,-
detail-delete,x-test-detail-delete,card_detail_component_html,gamma-ancestor,b,Attribute Removal,REJECTED,duplicate,-
detail-delete,x-test-detail-delete,card_detail_component_html,gamma-ancestor,c,Attribute Identifier Modification,REJECTED,duplicate,-
detail-delete,x-test-detail-delete,card_detail_component_html,gamma-ancestor,j,HTML Tag Type Modification,REJECTED,duplicate,-
detail-delete,x-test-detail-delete,card_detail_component_html,gamma-ancestor,k,HTML Tag Insertion,REJECTED,duplicate,-
detail-delete,x-test-detail-delete,card_detail_component_html,delta-sibling,i,HTML Tag Removal,NA,would-drop-x-test,-
detail-delete,x-test-detail-delete,card_detail_component_html,delta-sibling,a,Attribute Value Modification,REJECTED,duplicate,-
detail-delete,x-test-detail-delete,card_detail_component_html,delta-sibling,b,Attribute Removal,REJECTED,duplicate,-
detail-delete,x-test-detail-delete,card_detail_component_html,delta-sibling,c,Attribute Identifier Modification,REJECTED,duplicate,-
detail-delete,x-test-detail-delete,card_detail_component_html,delta-sibling,d,Text Content Modification,REJECTED,duplicate,-
detail-delete,x-test-detail-delete,card_detail_component_html,delta-sibling,e,Text Content Removal,REJECTED,duplicate,-
detail-delete,x-test-detail-delete,card_detail_component_html,delta-sibling,j,HTML Tag Type Modification,REJECTED,duplicate,-
detail-delete,x-test-detail-delete,card_detail_component_html,delta-sibling,k,HTML Tag Insertion,REJECTED,duplicate,-
detail-delete,x-test-detail-delete,card_detail_component_html,epsilon-component,a,Attribute Value Modification,NA,no-such-role,-
detail-delete,x-test-detail-delete,card_detail_component_html,epsilon-component,b,Attribute Removal,NA,no-such-role,-
detail-delete,x-test-detail-delete,card_detail_component_html,epsilon-component,c,Attribute Identifier Modification,NA,no-such-role,-
detail-delete,x-test-detail-delete,card_detail_component_html,epsilon-component,d,Text Content Modification,NA,no-such-role,-
detail-delete,x-test-detail-delete,card_detail_component_html,epsilon-component,e,Text Content Removal,NA,no-such-role,-
detail-delete,x-test-detail-delete,card_detail_component_html,epsilon-component,i,HTML Tag Removal,NA,no-such-role,-
detail-delete,x-test-detail-delete,card_detail_component_html,epsilon-component,j,HTML Tag Type Modification,NA,no-such-role,-
detail-delete,x-test-detail-delete,card_detail_component_html,epsilon-component,k,HTML Tag Insertion,NA,no-such-role,-
detail-back,x-test-detail-back,card_detail_component_html,alpha-target,i,HTML Tag Removal,NA,would-drop-x-test,-
detail-back,x-test-detail-back,card_detail_component_html,alpha-target,a,Attribute Value Modification,SAVED,,LLMR_card_detail_component_html_detail_back_alf_a
detail-back,x-test-detail-back,card_detail_component_html,alpha-target,b,Attribute Removal,SAVED,,LLMR_card_detail_component_html_detail_back_alf_b
detail-back,x-test-detail-back,card_detail_component_html,alpha-target,c,Attribute Identifier Modification,SAVED,,LLMR_card_detail_component_html_detail_back_alf_c
detail-back,x-test-detail-back,card_detail_component_html,alpha-target,d,Text Content Modification,SAVED,,LLMR_card_detail_component_html_detail_back_alf_d
detail-back,x-test-detail-back,card_detail_component_html,alpha-target,e,Text Content Removal,SAVED,,LLMR_card_detail_component_html_detail_back_alf_e
detail-back,x-test-detail-back,card_detail_component_html,alpha-target,j,HTML Tag Type Modification,SAVED,,LLMR_card_detail_component_html_detail_back_alf_j
detail-back,x-test-detail-back,card_detail_component_html,alpha-target,k,HTML Tag Insertion,SAVED,,LLMR_card_detail_component_html_detail_back_alf_k
detail-back,x-test-detail-back,card_detail_component_html,beta-parent,d,Text Content Modification,NA,no-text-content,-
detail-back,x-test-detail-back,card_detail_component_html,beta-parent,e,Text Content Removal,NA,no-text-content,-
detail-back,x-test-detail-back,card_detail_component_html,beta-parent,i,HTML Tag Removal,NA,would-drop-x-test,-
detail-back,x-test-detail-back,card_detail_component_html,beta-parent,a,Attribute Value Modification,SAVED,,LLMR_card_detail_component_html_detail_back_bet_a
detail-back,x-test-detail-back,card_detail_component_html,beta-parent,b,Attribute Removal,SAVED,,LLMR_card_detail_component_html_detail_back_bet_b
detail-back,x-test-detail-back,card_detail_component_html,beta-parent,c,Attribute Identifier Modification,SAVED,,LLMR_card_detail_component_html_detail_back_bet_c
detail-back,x-test-detail-back,card_detail_component_html,beta-parent,j,HTML Tag Type Modification,SAVED,,LLMR_card_detail_component_html_detail_back_bet_j
detail-back,x-test-detail-back,card_detail_component_html,beta-parent,k,HTML Tag Insertion,SAVED,,LLMR_card_detail_component_html_detail_back_bet_k
detail-back,x-test-detail-back,card_detail_component_html,gamma-ancestor,i,HTML Tag Removal,NA,root-element,-
detail-back,x-test-detail-back,card_detail_component_html,gamma-ancestor,a,Attribute Value Modification,SAVED,,LLMR_card_detail_component_html_detail_back_gam_a
detail-back,x-test-detail-back,card_detail_component_html,gamma-ancestor,b,Attribute Removal,SAVED,,LLMR_card_detail_component_html_detail_back_gam_b
detail-back,x-test-detail-back,card_detail_component_html,gamma-ancestor,c,Attribute Identifier Modification,SAVED,,LLMR_card_detail_component_html_detail_back_gam_c
detail-back,x-test-detail-back,card_detail_component_html,gamma-ancestor,d,Text Content Modification,SAVED,,LLMR_card_detail_component_html_detail_back_gam_d
detail-back,x-test-detail-back,card_detail_component_html,gamma-ancestor,e,Text Content Removal,SAVED,,LLMR_card_detail_component_html_detail_back_gam_e
detail-back,x-test-detail-back,card_detail_component_html,gamma-ancestor,j,HTML Tag Type Modification,SAVED,,LLMR_card_detail_component_html_detail_back_gam_j
detail-back,x-test-detail-back,card_detail_component_html,gamma-ancestor,k,HTML Tag Insertion,SAVED,,LLMR_card_detail_component_html_detail_back_gam_k
detail-back,x-test-detail-back,card_detail_component_html,delta-sibling,i,HTML Tag Removal,NA,would-drop-x-test,-
detail-back,x-test-detail-back,card_detail_component_html,delta-sibling,a,Attribute Value Modification,SAVED,,LLMR_card_detail_component_html_detail_back_del_a
detail-back,x-test-detail-back,card_detail_component_html,delta-sibling,b,Attribute Removal,SAVED,,LLMR_card_detail_component_html_detail_back_del_b
detail-back,x-test-detail-back,card_detail_component_html,delta-sibling,c,Attribute Identifier Modification,SAVED,,LLMR_card_detail_component_html_detail_back_del_c
detail-back,x-test-detail-back,card_detail_component_html,delta-sibling,d,Text Content Modification,REJECTED,duplicate,-
detail-back,x-test-detail-back,card_detail_component_html,delta-sibling,e,Text Content Removal,REJECTED,duplicate,-
detail-back,x-test-detail-back,card_detail_component_html,delta-sibling,j,HTML Tag Type Modification,SAVED,,LLMR_card_detail_component_html_detail_back_del_j
detail-back,x-test-detail-back,card_detail_component_html,delta-sibling,k,HTML Tag Insertion,SAVED,,LLMR_card_detail_component_html_detail_back_del_k
detail-back,x-test-detail-back,card_detail_component_html,epsilon-component,a,Attribute Value Modification,NA,no-such-role,-
detail-back,x-test-detail-back,card_detail_component_html,epsilon-component,b,Attribute Removal,NA,no-such-role,-
detail-back,x-test-detail-back,card_detail_component_html,epsilon-component,c,Attribute Identifier Modification,NA,no-such-role,-
detail-back,x-test-detail-back,card_detail_component_html,epsilon-component,d,Text Content Modification,NA,no-such-role,-
detail-back,x-test-detail-back,card_detail_component_html,epsilon-component,e,Text Content Removal,NA,no-such-role,-
detail-back,x-test-detail-back,card_detail_component_html,epsilon-component,i,HTML Tag Removal,NA,no-such-role,-
detail-back,x-test-detail-back,card_detail_component_html,epsilon-component,j,HTML Tag Type Modification,NA,no-such-role,-
detail-back,x-test-detail-back,card_detail_component_html,epsilon-component,k,HTML Tag Insertion,NA,no-such-role,-
detail-page-title,x-test-detail-page-title,card_detail_component_html,alpha-target,i,HTML Tag Removal,NA,would-drop-x-test,-
detail-page-title,x-test-detail-page-title,card_detail_component_html,alpha-target,a,Attribute Value Modification,REJECTED,duplicate,-
detail-page-title,x-test-detail-page-title,card_detail_component_html,alpha-target,b,Attribute Removal,REJECTED,duplicate,-
detail-page-title,x-test-detail-page-title,card_detail_component_html,alpha-target,c,Attribute Identifier Modification,REJECTED,duplicate,-
detail-page-title,x-test-detail-page-title,card_detail_component_html,alpha-target,d,Text Content Modification,REJECTED,duplicate,-
detail-page-title,x-test-detail-page-title,card_detail_component_html,alpha-target,e,Text Content Removal,REJECTED,duplicate,-
detail-page-title,x-test-detail-page-title,card_detail_component_html,alpha-target,j,HTML Tag Type Modification,REJECTED,duplicate,-
detail-page-title,x-test-detail-page-title,card_detail_component_html,alpha-target,k,HTML Tag Insertion,REJECTED,duplicate,-
detail-page-title,x-test-detail-page-title,card_detail_component_html,beta-parent,d,Text Content Modification,NA,no-text-content,-
detail-page-title,x-test-detail-page-title,card_detail_component_html,beta-parent,e,Text Content Removal,NA,no-text-content,-
detail-page-title,x-test-detail-page-title,card_detail_component_html,beta-parent,i,HTML Tag Removal,NA,would-drop-x-test,-
detail-page-title,x-test-detail-page-title,card_detail_component_html,beta-parent,a,Attribute Value Modification,REJECTED,duplicate,-
detail-page-title,x-test-detail-page-title,card_detail_component_html,beta-parent,b,Attribute Removal,REJECTED,duplicate,-
detail-page-title,x-test-detail-page-title,card_detail_component_html,beta-parent,c,Attribute Identifier Modification,REJECTED,duplicate,-
detail-page-title,x-test-detail-page-title,card_detail_component_html,beta-parent,j,HTML Tag Type Modification,REJECTED,duplicate,-
detail-page-title,x-test-detail-page-title,card_detail_component_html,beta-parent,k,HTML Tag Insertion,REJECTED,duplicate,-
detail-page-title,x-test-detail-page-title,card_detail_component_html,gamma-ancestor,i,HTML Tag Removal,NA,root-element,-
detail-page-title,x-test-detail-page-title,card_detail_component_html,gamma-ancestor,a,Attribute Value Modification,REJECTED,duplicate,-
detail-page-title,x-test-detail-page-title,card_detail_component_html,gamma-ancestor,b,Attribute Removal,REJECTED,duplicate,-
detail-page-title,x-test-detail-page-title,card_detail_component_html,gamma-ancestor,c,Attribute Identifier Modification,REJECTED,duplicate,-
detail-page-title,x-test-detail-page-title,card_detail_component_html,gamma-ancestor,d,Text Content Modification,REJECTED,duplicate,-
detail-page-title,x-test-detail-page-title,card_detail_component_html,gamma-ancestor,e,Text Content Removal,REJECTED,duplicate,-
detail-page-title,x-test-detail-page-title,card_detail_component_html,gamma-ancestor,j,HTML Tag Type Modification,REJECTED,duplicate,-
detail-page-title,x-test-detail-page-title,card_detail_component_html,gamma-ancestor,k,HTML Tag Insertion,REJECTED,duplicate,-
detail-page-title,x-test-detail-page-title,card_detail_component_html,delta-sibling,i,HTML Tag Removal,NA,would-drop-x-test,-
detail-page-title,x-test-detail-page-title,card_detail_component_html,delta-sibling,a,Attribute Value Modification,REJECTED,duplicate,-
detail-page-title,x-test-detail-page-title,card_detail_component_html,delta-sibling,b,Attribute Removal,REJECTED,duplicate,-
detail-page-title,x-test-detail-page-title,card_detail_component_html,delta-sibling,c,Attribute Identifier Modification,REJECTED,duplicate,-
detail-page-title,x-test-detail-page-title,card_detail_component_html,delta-sibling,d,Text Content Modification,REJECTED,duplicate,-
detail-page-title,x-test-detail-page-title,card_detail_component_html,delta-sibling,e,Text Content Removal,REJECTED,duplicate,-
detail-page-title,x-test-detail-page-title,card_detail_component_html,delta-sibling,j,HTML Tag Type Modification,REJECTED,duplicate,-
detail-page-title,x-test-detail-page-title,card_detail_component_html,delta-sibling,k,HTML Tag Insertion,REJECTED,duplicate,-
detail-page-title,x-test-detail-page-title,card_detail_component_html,epsilon-component,a,Attribute Value Modification,NA,no-such-role,-
detail-page-title,x-test-detail-page-title,card_detail_component_html,epsilon-component,b,Attribute Removal,NA,no-such-role,-
detail-page-title,x-test-detail-page-title,card_detail_component_html,epsilon-component,c,Attribute Identifier Modification,NA,no-such-role,-
detail-page-title,x-test-detail-page-title,card_detail_component_html,epsilon-component,d,Text Content Modification,NA,no-such-role,-
detail-page-title,x-test-detail-page-title,card_detail_component_html,epsilon-component,e,Text Content Removal,NA,no-such-role,-
detail-page-title,x-test-detail-page-title,card_detail_component_html,epsilon-component,i,HTML Tag Removal,NA,no-such-role,-
detail-page-title,x-test-detail-page-title,card_detail_component_html,epsilon-component,j,HTML Tag Type Modification,NA,no-such-role,-
detail-page-title,x-test-detail-page-title,card_detail_component_html,epsilon-component,k,HTML Tag Insertion,NA,no-such-role,-
stat-total,x-test-stat-total,stats_component_html,alpha-target,i,HTML Tag Removal,NA,would-drop-x-test,-
stat-total,x-test-stat-total,stats_component_html,alpha-target,a,Attribute Value Modification,SAVED,,LLMR_stats_component_html_stat_total_alf_a
stat-total,x-test-stat-total,stats_component_html,alpha-target,b,Attribute Removal,SAVED,,LLMR_stats_component_html_stat_total_alf_b
stat-total,x-test-stat-total,stats_component_html,alpha-target,c,Attribute Identifier Modification,SAVED,,LLMR_stats_component_html_stat_total_alf_c
stat-total,x-test-stat-total,stats_component_html,alpha-target,d,Text Content Modification,SAVED,,LLMR_stats_component_html_stat_total_alf_d
stat-total,x-test-stat-total,stats_component_html,alpha-target,e,Text Content Removal,SAVED,,LLMR_stats_component_html_stat_total_alf_e
stat-total,x-test-stat-total,stats_component_html,alpha-target,j,HTML Tag Type Modification,SAVED,,LLMR_stats_component_html_stat_total_alf_j
stat-total,x-test-stat-total,stats_component_html,alpha-target,k,HTML Tag Insertion,SAVED,,LLMR_stats_component_html_stat_total_alf_k
stat-total,x-test-stat-total,stats_component_html,beta-parent,d,Text Content Modification,NA,no-text-content,-
stat-total,x-test-stat-total,stats_component_html,beta-parent,e,Text Content Removal,NA,no-text-content,-
stat-total,x-test-stat-total,stats_component_html,beta-parent,i,HTML Tag Removal,NA,would-drop-x-test,-
stat-total,x-test-stat-total,stats_component_html,beta-parent,a,Attribute Value Modification,SAVED,,LLMR_stats_component_html_stat_total_bet_a
stat-total,x-test-stat-total,stats_component_html,beta-parent,b,Attribute Removal,SAVED,,LLMR_stats_component_html_stat_total_bet_b
stat-total,x-test-stat-total,stats_component_html,beta-parent,c,Attribute Identifier Modification,SAVED,,LLMR_stats_component_html_stat_total_bet_c
stat-total,x-test-stat-total,stats_component_html,beta-parent,j,HTML Tag Type Modification,SAVED,,LLMR_stats_component_html_stat_total_bet_j
stat-total,x-test-stat-total,stats_component_html,beta-parent,k,HTML Tag Insertion,SAVED,,LLMR_stats_component_html_stat_total_bet_k
stat-total,x-test-stat-total,stats_component_html,gamma-ancestor,d,Text Content Modification,NA,no-text-content,-
stat-total,x-test-stat-total,stats_component_html,gamma-ancestor,e,Text Content Removal,NA,no-text-content,-
stat-total,x-test-stat-total,stats_component_html,gamma-ancestor,i,HTML Tag Removal,NA,would-drop-x-test,-
stat-total,x-test-stat-total,stats_component_html,gamma-ancestor,a,Attribute Value Modification,SAVED,,LLMR_stats_component_html_stat_total_gam_a
stat-total,x-test-stat-total,stats_component_html,gamma-ancestor,b,Attribute Removal,SAVED,,LLMR_stats_component_html_stat_total_gam_b
stat-total,x-test-stat-total,stats_component_html,gamma-ancestor,c,Attribute Identifier Modification,SAVED,,LLMR_stats_component_html_stat_total_gam_c
stat-total,x-test-stat-total,stats_component_html,gamma-ancestor,j,HTML Tag Type Modification,SAVED,,LLMR_stats_component_html_stat_total_gam_j
stat-total,x-test-stat-total,stats_component_html,gamma-ancestor,k,HTML Tag Insertion,SAVED,,LLMR_stats_component_html_stat_total_gam_k
stat-total,x-test-stat-total,stats_component_html,delta-sibling,i,HTML Tag Removal,NA,would-drop-x-test,-
stat-total,x-test-stat-total,stats_component_html,delta-sibling,a,Attribute Value Modification,SAVED,,LLMR_stats_component_html_stat_total_del_a
stat-total,x-test-stat-total,stats_component_html,delta-sibling,b,Attribute Removal,SAVED,,LLMR_stats_component_html_stat_total_del_b
stat-total,x-test-stat-total,stats_component_html,delta-sibling,c,Attribute Identifier Modification,SAVED,,LLMR_stats_component_html_stat_total_del_c
stat-total,x-test-stat-total,stats_component_html,delta-sibling,d,Text Content Modification,SAVED,,LLMR_stats_component_html_stat_total_del_d
stat-total,x-test-stat-total,stats_component_html,delta-sibling,e,Text Content Removal,SAVED,,LLMR_stats_component_html_stat_total_del_e
stat-total,x-test-stat-total,stats_component_html,delta-sibling,j,HTML Tag Type Modification,SAVED,,LLMR_stats_component_html_stat_total_del_j
stat-total,x-test-stat-total,stats_component_html,delta-sibling,k,HTML Tag Insertion,SAVED,,LLMR_stats_component_html_stat_total_del_k
stat-total,x-test-stat-total,stats_component_html,epsilon-component,a,Attribute Value Modification,NA,no-such-role,-
stat-total,x-test-stat-total,stats_component_html,epsilon-component,b,Attribute Removal,NA,no-such-role,-
stat-total,x-test-stat-total,stats_component_html,epsilon-component,c,Attribute Identifier Modification,NA,no-such-role,-
stat-total,x-test-stat-total,stats_component_html,epsilon-component,d,Text Content Modification,NA,no-such-role,-
stat-total,x-test-stat-total,stats_component_html,epsilon-component,e,Text Content Removal,NA,no-such-role,-
stat-total,x-test-stat-total,stats_component_html,epsilon-component,i,HTML Tag Removal,NA,no-such-role,-
stat-total,x-test-stat-total,stats_component_html,epsilon-component,j,HTML Tag Type Modification,NA,no-such-role,-
stat-total,x-test-stat-total,stats_component_html,epsilon-component,k,HTML Tag Insertion,NA,no-such-role,-
stat-backlog,x-test-stat-backlog,stats_component_html,alpha-target,i,HTML Tag Removal,NA,would-drop-x-test,-
stat-backlog,x-test-stat-backlog,stats_component_html,alpha-target,a,Attribute Value Modification,SAVED,,LLMR_stats_component_html_stat_backlog_alf_a
stat-backlog,x-test-stat-backlog,stats_component_html,alpha-target,b,Attribute Removal,SAVED,,LLMR_stats_component_html_stat_backlog_alf_b
stat-backlog,x-test-stat-backlog,stats_component_html,alpha-target,c,Attribute Identifier Modification,SAVED,,LLMR_stats_component_html_stat_backlog_alf_c
stat-backlog,x-test-stat-backlog,stats_component_html,alpha-target,d,Text Content Modification,SAVED,,LLMR_stats_component_html_stat_backlog_alf_d
stat-backlog,x-test-stat-backlog,stats_component_html,alpha-target,e,Text Content Removal,SAVED,,LLMR_stats_component_html_stat_backlog_alf_e
stat-backlog,x-test-stat-backlog,stats_component_html,alpha-target,j,HTML Tag Type Modification,SAVED,,LLMR_stats_component_html_stat_backlog_alf_j
stat-backlog,x-test-stat-backlog,stats_component_html,alpha-target,k,HTML Tag Insertion,SAVED,,LLMR_stats_component_html_stat_backlog_alf_k
stat-backlog,x-test-stat-backlog,stats_component_html,beta-parent,d,Text Content Modification,NA,no-text-content,-
stat-backlog,x-test-stat-backlog,stats_component_html,beta-parent,e,Text Content Removal,NA,no-text-content,-
stat-backlog,x-test-stat-backlog,stats_component_html,beta-parent,i,HTML Tag Removal,NA,would-drop-x-test,-
stat-backlog,x-test-stat-backlog,stats_component_html,beta-parent,a,Attribute Value Modification,SAVED,,LLMR_stats_component_html_stat_backlog_bet_a
stat-backlog,x-test-stat-backlog,stats_component_html,beta-parent,b,Attribute Removal,SAVED,,LLMR_stats_component_html_stat_backlog_bet_b
stat-backlog,x-test-stat-backlog,stats_component_html,beta-parent,c,Attribute Identifier Modification,SAVED,,LLMR_stats_component_html_stat_backlog_bet_c
stat-backlog,x-test-stat-backlog,stats_component_html,beta-parent,j,HTML Tag Type Modification,SAVED,,LLMR_stats_component_html_stat_backlog_bet_j
stat-backlog,x-test-stat-backlog,stats_component_html,beta-parent,k,HTML Tag Insertion,SAVED,,LLMR_stats_component_html_stat_backlog_bet_k
stat-backlog,x-test-stat-backlog,stats_component_html,gamma-ancestor,d,Text Content Modification,NA,no-text-content,-
stat-backlog,x-test-stat-backlog,stats_component_html,gamma-ancestor,e,Text Content Removal,NA,no-text-content,-
stat-backlog,x-test-stat-backlog,stats_component_html,gamma-ancestor,i,HTML Tag Removal,NA,would-drop-x-test,-
stat-backlog,x-test-stat-backlog,stats_component_html,gamma-ancestor,a,Attribute Value Modification,REJECTED,duplicate,-
stat-backlog,x-test-stat-backlog,stats_component_html,gamma-ancestor,b,Attribute Removal,REJECTED,duplicate,-
stat-backlog,x-test-stat-backlog,stats_component_html,gamma-ancestor,c,Attribute Identifier Modification,REJECTED,duplicate,-
stat-backlog,x-test-stat-backlog,stats_component_html,gamma-ancestor,j,HTML Tag Type Modification,REJECTED,duplicate,-
stat-backlog,x-test-stat-backlog,stats_component_html,gamma-ancestor,k,HTML Tag Insertion,REJECTED,duplicate,-
stat-backlog,x-test-stat-backlog,stats_component_html,delta-sibling,i,HTML Tag Removal,NA,would-drop-x-test,-
stat-backlog,x-test-stat-backlog,stats_component_html,delta-sibling,a,Attribute Value Modification,SAVED,,LLMR_stats_component_html_stat_backlog_del_a
stat-backlog,x-test-stat-backlog,stats_component_html,delta-sibling,b,Attribute Removal,SAVED,,LLMR_stats_component_html_stat_backlog_del_b
stat-backlog,x-test-stat-backlog,stats_component_html,delta-sibling,c,Attribute Identifier Modification,SAVED,,LLMR_stats_component_html_stat_backlog_del_c
stat-backlog,x-test-stat-backlog,stats_component_html,delta-sibling,d,Text Content Modification,SAVED,,LLMR_stats_component_html_stat_backlog_del_d
stat-backlog,x-test-stat-backlog,stats_component_html,delta-sibling,e,Text Content Removal,SAVED,,LLMR_stats_component_html_stat_backlog_del_e
stat-backlog,x-test-stat-backlog,stats_component_html,delta-sibling,j,HTML Tag Type Modification,SAVED,,LLMR_stats_component_html_stat_backlog_del_j
stat-backlog,x-test-stat-backlog,stats_component_html,delta-sibling,k,HTML Tag Insertion,SAVED,,LLMR_stats_component_html_stat_backlog_del_k
stat-backlog,x-test-stat-backlog,stats_component_html,epsilon-component,a,Attribute Value Modification,NA,no-such-role,-
stat-backlog,x-test-stat-backlog,stats_component_html,epsilon-component,b,Attribute Removal,NA,no-such-role,-
stat-backlog,x-test-stat-backlog,stats_component_html,epsilon-component,c,Attribute Identifier Modification,NA,no-such-role,-
stat-backlog,x-test-stat-backlog,stats_component_html,epsilon-component,d,Text Content Modification,NA,no-such-role,-
stat-backlog,x-test-stat-backlog,stats_component_html,epsilon-component,e,Text Content Removal,NA,no-such-role,-
stat-backlog,x-test-stat-backlog,stats_component_html,epsilon-component,i,HTML Tag Removal,NA,no-such-role,-
stat-backlog,x-test-stat-backlog,stats_component_html,epsilon-component,j,HTML Tag Type Modification,NA,no-such-role,-
stat-backlog,x-test-stat-backlog,stats_component_html,epsilon-component,k,HTML Tag Insertion,NA,no-such-role,-
stat-inprogress,x-test-stat-inprogress,stats_component_html,alpha-target,i,HTML Tag Removal,NA,would-drop-x-test,-
stat-inprogress,x-test-stat-inprogress,stats_component_html,alpha-target,a,Attribute Value Modification,SAVED,,LLMR_stats_component_html_stat_inprogress_alf_a
stat-inprogress,x-test-stat-inprogress,stats_component_html,alpha-target,b,Attribute Removal,SAVED,,LLMR_stats_component_html_stat_inprogress_alf_b
stat-inprogress,x-test-stat-inprogress,stats_component_html,alpha-target,c,Attribute Identifier Modification,SAVED,,LLMR_stats_component_html_stat_inprogress_alf_c
stat-inprogress,x-test-stat-inprogress,stats_component_html,alpha-target,d,Text Content Modification,SAVED,,LLMR_stats_component_html_stat_inprogress_alf_d
stat-inprogress,x-test-stat-inprogress,stats_component_html,alpha-target,e,Text Content Removal,SAVED,,LLMR_stats_component_html_stat_inprogress_alf_e
stat-inprogress,x-test-stat-inprogress,stats_component_html,alpha-target,j,HTML Tag Type Modification,SAVED,,LLMR_stats_component_html_stat_inprogress_alf_j
stat-inprogress,x-test-stat-inprogress,stats_component_html,alpha-target,k,HTML Tag Insertion,SAVED,,LLMR_stats_component_html_stat_inprogress_alf_k
stat-inprogress,x-test-stat-inprogress,stats_component_html,beta-parent,d,Text Content Modification,NA,no-text-content,-
stat-inprogress,x-test-stat-inprogress,stats_component_html,beta-parent,e,Text Content Removal,NA,no-text-content,-
stat-inprogress,x-test-stat-inprogress,stats_component_html,beta-parent,i,HTML Tag Removal,NA,would-drop-x-test,-
stat-inprogress,x-test-stat-inprogress,stats_component_html,beta-parent,a,Attribute Value Modification,SAVED,,LLMR_stats_component_html_stat_inprogress_bet_a
stat-inprogress,x-test-stat-inprogress,stats_component_html,beta-parent,b,Attribute Removal,SAVED,,LLMR_stats_component_html_stat_inprogress_bet_b
stat-inprogress,x-test-stat-inprogress,stats_component_html,beta-parent,c,Attribute Identifier Modification,SAVED,,LLMR_stats_component_html_stat_inprogress_bet_c
stat-inprogress,x-test-stat-inprogress,stats_component_html,beta-parent,j,HTML Tag Type Modification,SAVED,,LLMR_stats_component_html_stat_inprogress_bet_j
stat-inprogress,x-test-stat-inprogress,stats_component_html,beta-parent,k,HTML Tag Insertion,SAVED,,LLMR_stats_component_html_stat_inprogress_bet_k
stat-inprogress,x-test-stat-inprogress,stats_component_html,gamma-ancestor,d,Text Content Modification,NA,no-text-content,-
stat-inprogress,x-test-stat-inprogress,stats_component_html,gamma-ancestor,e,Text Content Removal,NA,no-text-content,-
stat-inprogress,x-test-stat-inprogress,stats_component_html,gamma-ancestor,i,HTML Tag Removal,NA,would-drop-x-test,-
stat-inprogress,x-test-stat-inprogress,stats_component_html,gamma-ancestor,a,Attribute Value Modification,REJECTED,duplicate,-
stat-inprogress,x-test-stat-inprogress,stats_component_html,gamma-ancestor,b,Attribute Removal,REJECTED,duplicate,-
stat-inprogress,x-test-stat-inprogress,stats_component_html,gamma-ancestor,c,Attribute Identifier Modification,REJECTED,duplicate,-
stat-inprogress,x-test-stat-inprogress,stats_component_html,gamma-ancestor,j,HTML Tag Type Modification,REJECTED,duplicate,-
stat-inprogress,x-test-stat-inprogress,stats_component_html,gamma-ancestor,k,HTML Tag Insertion,REJECTED,duplicate,-
stat-inprogress,x-test-stat-inprogress,stats_component_html,delta-sibling,i,HTML Tag Removal,NA,would-drop-x-test,-
stat-inprogress,x-test-stat-inprogress,stats_component_html,delta-sibling,a,Attribute Value Modification,SAVED,,LLMR_stats_component_html_stat_inprogress_del_a
stat-inprogress,x-test-stat-inprogress,stats_component_html,delta-sibling,b,Attribute Removal,SAVED,,LLMR_stats_component_html_stat_inprogress_del_b
stat-inprogress,x-test-stat-inprogress,stats_component_html,delta-sibling,c,Attribute Identifier Modification,SAVED,,LLMR_stats_component_html_stat_inprogress_del_c
stat-inprogress,x-test-stat-inprogress,stats_component_html,delta-sibling,d,Text Content Modification,SAVED,,LLMR_stats_component_html_stat_inprogress_del_d
stat-inprogress,x-test-stat-inprogress,stats_component_html,delta-sibling,e,Text Content Removal,SAVED,,LLMR_stats_component_html_stat_inprogress_del_e
stat-inprogress,x-test-stat-inprogress,stats_component_html,delta-sibling,j,HTML Tag Type Modification,SAVED,,LLMR_stats_component_html_stat_inprogress_del_j
stat-inprogress,x-test-stat-inprogress,stats_component_html,delta-sibling,k,HTML Tag Insertion,SAVED,,LLMR_stats_component_html_stat_inprogress_del_k
stat-inprogress,x-test-stat-inprogress,stats_component_html,epsilon-component,a,Attribute Value Modification,NA,no-such-role,-
stat-inprogress,x-test-stat-inprogress,stats_component_html,epsilon-component,b,Attribute Removal,NA,no-such-role,-
stat-inprogress,x-test-stat-inprogress,stats_component_html,epsilon-component,c,Attribute Identifier Modification,NA,no-such-role,-
stat-inprogress,x-test-stat-inprogress,stats_component_html,epsilon-component,d,Text Content Modification,NA,no-such-role,-
stat-inprogress,x-test-stat-inprogress,stats_component_html,epsilon-component,e,Text Content Removal,NA,no-such-role,-
stat-inprogress,x-test-stat-inprogress,stats_component_html,epsilon-component,i,HTML Tag Removal,NA,no-such-role,-
stat-inprogress,x-test-stat-inprogress,stats_component_html,epsilon-component,j,HTML Tag Type Modification,NA,no-such-role,-
stat-inprogress,x-test-stat-inprogress,stats_component_html,epsilon-component,k,HTML Tag Insertion,NA,no-such-role,-
stat-review,x-test-stat-review,stats_component_html,alpha-target,i,HTML Tag Removal,NA,would-drop-x-test,-
stat-review,x-test-stat-review,stats_component_html,alpha-target,a,Attribute Value Modification,SAVED,,LLMR_stats_component_html_stat_review_alf_a
stat-review,x-test-stat-review,stats_component_html,alpha-target,b,Attribute Removal,SAVED,,LLMR_stats_component_html_stat_review_alf_b
stat-review,x-test-stat-review,stats_component_html,alpha-target,c,Attribute Identifier Modification,SAVED,,LLMR_stats_component_html_stat_review_alf_c
stat-review,x-test-stat-review,stats_component_html,alpha-target,d,Text Content Modification,SAVED,,LLMR_stats_component_html_stat_review_alf_d
stat-review,x-test-stat-review,stats_component_html,alpha-target,e,Text Content Removal,SAVED,,LLMR_stats_component_html_stat_review_alf_e
stat-review,x-test-stat-review,stats_component_html,alpha-target,j,HTML Tag Type Modification,SAVED,,LLMR_stats_component_html_stat_review_alf_j
stat-review,x-test-stat-review,stats_component_html,alpha-target,k,HTML Tag Insertion,SAVED,,LLMR_stats_component_html_stat_review_alf_k
stat-review,x-test-stat-review,stats_component_html,beta-parent,d,Text Content Modification,NA,no-text-content,-
stat-review,x-test-stat-review,stats_component_html,beta-parent,e,Text Content Removal,NA,no-text-content,-
stat-review,x-test-stat-review,stats_component_html,beta-parent,i,HTML Tag Removal,NA,would-drop-x-test,-
stat-review,x-test-stat-review,stats_component_html,beta-parent,a,Attribute Value Modification,SAVED,,LLMR_stats_component_html_stat_review_bet_a
stat-review,x-test-stat-review,stats_component_html,beta-parent,b,Attribute Removal,SAVED,,LLMR_stats_component_html_stat_review_bet_b
stat-review,x-test-stat-review,stats_component_html,beta-parent,c,Attribute Identifier Modification,SAVED,,LLMR_stats_component_html_stat_review_bet_c
stat-review,x-test-stat-review,stats_component_html,beta-parent,j,HTML Tag Type Modification,SAVED,,LLMR_stats_component_html_stat_review_bet_j
stat-review,x-test-stat-review,stats_component_html,beta-parent,k,HTML Tag Insertion,SAVED,,LLMR_stats_component_html_stat_review_bet_k
stat-review,x-test-stat-review,stats_component_html,gamma-ancestor,d,Text Content Modification,NA,no-text-content,-
stat-review,x-test-stat-review,stats_component_html,gamma-ancestor,e,Text Content Removal,NA,no-text-content,-
stat-review,x-test-stat-review,stats_component_html,gamma-ancestor,i,HTML Tag Removal,NA,would-drop-x-test,-
stat-review,x-test-stat-review,stats_component_html,gamma-ancestor,a,Attribute Value Modification,REJECTED,duplicate,-
stat-review,x-test-stat-review,stats_component_html,gamma-ancestor,b,Attribute Removal,REJECTED,duplicate,-
stat-review,x-test-stat-review,stats_component_html,gamma-ancestor,c,Attribute Identifier Modification,REJECTED,duplicate,-
stat-review,x-test-stat-review,stats_component_html,gamma-ancestor,j,HTML Tag Type Modification,REJECTED,duplicate,-
stat-review,x-test-stat-review,stats_component_html,gamma-ancestor,k,HTML Tag Insertion,REJECTED,duplicate,-
stat-review,x-test-stat-review,stats_component_html,delta-sibling,i,HTML Tag Removal,NA,would-drop-x-test,-
stat-review,x-test-stat-review,stats_component_html,delta-sibling,a,Attribute Value Modification,SAVED,,LLMR_stats_component_html_stat_review_del_a
stat-review,x-test-stat-review,stats_component_html,delta-sibling,b,Attribute Removal,SAVED,,LLMR_stats_component_html_stat_review_del_b
stat-review,x-test-stat-review,stats_component_html,delta-sibling,c,Attribute Identifier Modification,SAVED,,LLMR_stats_component_html_stat_review_del_c
stat-review,x-test-stat-review,stats_component_html,delta-sibling,d,Text Content Modification,SAVED,,LLMR_stats_component_html_stat_review_del_d
stat-review,x-test-stat-review,stats_component_html,delta-sibling,e,Text Content Removal,SAVED,,LLMR_stats_component_html_stat_review_del_e
stat-review,x-test-stat-review,stats_component_html,delta-sibling,j,HTML Tag Type Modification,SAVED,,LLMR_stats_component_html_stat_review_del_j
stat-review,x-test-stat-review,stats_component_html,delta-sibling,k,HTML Tag Insertion,SAVED,,LLMR_stats_component_html_stat_review_del_k
stat-review,x-test-stat-review,stats_component_html,epsilon-component,a,Attribute Value Modification,NA,no-such-role,-
stat-review,x-test-stat-review,stats_component_html,epsilon-component,b,Attribute Removal,NA,no-such-role,-
stat-review,x-test-stat-review,stats_component_html,epsilon-component,c,Attribute Identifier Modification,NA,no-such-role,-
stat-review,x-test-stat-review,stats_component_html,epsilon-component,d,Text Content Modification,NA,no-such-role,-
stat-review,x-test-stat-review,stats_component_html,epsilon-component,e,Text Content Removal,NA,no-such-role,-
stat-review,x-test-stat-review,stats_component_html,epsilon-component,i,HTML Tag Removal,NA,no-such-role,-
stat-review,x-test-stat-review,stats_component_html,epsilon-component,j,HTML Tag Type Modification,NA,no-such-role,-
stat-review,x-test-stat-review,stats_component_html,epsilon-component,k,HTML Tag Insertion,NA,no-such-role,-
stat-done,x-test-stat-done,stats_component_html,alpha-target,i,HTML Tag Removal,NA,would-drop-x-test,-
stat-done,x-test-stat-done,stats_component_html,alpha-target,a,Attribute Value Modification,SAVED,,LLMR_stats_component_html_stat_done_alf_a
stat-done,x-test-stat-done,stats_component_html,alpha-target,b,Attribute Removal,SAVED,,LLMR_stats_component_html_stat_done_alf_b
stat-done,x-test-stat-done,stats_component_html,alpha-target,c,Attribute Identifier Modification,SAVED,,LLMR_stats_component_html_stat_done_alf_c
stat-done,x-test-stat-done,stats_component_html,alpha-target,d,Text Content Modification,SAVED,,LLMR_stats_component_html_stat_done_alf_d
stat-done,x-test-stat-done,stats_component_html,alpha-target,e,Text Content Removal,SAVED,,LLMR_stats_component_html_stat_done_alf_e
stat-done,x-test-stat-done,stats_component_html,alpha-target,j,HTML Tag Type Modification,SAVED,,LLMR_stats_component_html_stat_done_alf_j
stat-done,x-test-stat-done,stats_component_html,alpha-target,k,HTML Tag Insertion,SAVED,,LLMR_stats_component_html_stat_done_alf_k
stat-done,x-test-stat-done,stats_component_html,beta-parent,d,Text Content Modification,NA,no-text-content,-
stat-done,x-test-stat-done,stats_component_html,beta-parent,e,Text Content Removal,NA,no-text-content,-
stat-done,x-test-stat-done,stats_component_html,beta-parent,i,HTML Tag Removal,NA,would-drop-x-test,-
stat-done,x-test-stat-done,stats_component_html,beta-parent,a,Attribute Value Modification,SAVED,,LLMR_stats_component_html_stat_done_bet_a
stat-done,x-test-stat-done,stats_component_html,beta-parent,b,Attribute Removal,SAVED,,LLMR_stats_component_html_stat_done_bet_b
stat-done,x-test-stat-done,stats_component_html,beta-parent,c,Attribute Identifier Modification,SAVED,,LLMR_stats_component_html_stat_done_bet_c
stat-done,x-test-stat-done,stats_component_html,beta-parent,j,HTML Tag Type Modification,SAVED,,LLMR_stats_component_html_stat_done_bet_j
stat-done,x-test-stat-done,stats_component_html,beta-parent,k,HTML Tag Insertion,SAVED,,LLMR_stats_component_html_stat_done_bet_k
stat-done,x-test-stat-done,stats_component_html,gamma-ancestor,d,Text Content Modification,NA,no-text-content,-
stat-done,x-test-stat-done,stats_component_html,gamma-ancestor,e,Text Content Removal,NA,no-text-content,-
stat-done,x-test-stat-done,stats_component_html,gamma-ancestor,i,HTML Tag Removal,NA,would-drop-x-test,-
stat-done,x-test-stat-done,stats_component_html,gamma-ancestor,a,Attribute Value Modification,REJECTED,duplicate,-
stat-done,x-test-stat-done,stats_component_html,gamma-ancestor,b,Attribute Removal,REJECTED,duplicate,-
stat-done,x-test-stat-done,stats_component_html,gamma-ancestor,c,Attribute Identifier Modification,REJECTED,duplicate,-
stat-done,x-test-stat-done,stats_component_html,gamma-ancestor,j,HTML Tag Type Modification,REJECTED,duplicate,-
stat-done,x-test-stat-done,stats_component_html,gamma-ancestor,k,HTML Tag Insertion,REJECTED,duplicate,-
stat-done,x-test-stat-done,stats_component_html,delta-sibling,i,HTML Tag Removal,NA,would-drop-x-test,-
stat-done,x-test-stat-done,stats_component_html,delta-sibling,a,Attribute Value Modification,SAVED,,LLMR_stats_component_html_stat_done_del_a
stat-done,x-test-stat-done,stats_component_html,delta-sibling,b,Attribute Removal,SAVED,,LLMR_stats_component_html_stat_done_del_b
stat-done,x-test-stat-done,stats_component_html,delta-sibling,c,Attribute Identifier Modification,SAVED,,LLMR_stats_component_html_stat_done_del_c
stat-done,x-test-stat-done,stats_component_html,delta-sibling,d,Text Content Modification,SAVED,,LLMR_stats_component_html_stat_done_del_d
stat-done,x-test-stat-done,stats_component_html,delta-sibling,e,Text Content Removal,SAVED,,LLMR_stats_component_html_stat_done_del_e
stat-done,x-test-stat-done,stats_component_html,delta-sibling,j,HTML Tag Type Modification,SAVED,,LLMR_stats_component_html_stat_done_del_j
stat-done,x-test-stat-done,stats_component_html,delta-sibling,k,HTML Tag Insertion,SAVED,,LLMR_stats_component_html_stat_done_del_k
stat-done,x-test-stat-done,stats_component_html,epsilon-component,a,Attribute Value Modification,NA,no-such-role,-
stat-done,x-test-stat-done,stats_component_html,epsilon-component,b,Attribute Removal,NA,no-such-role,-
stat-done,x-test-stat-done,stats_component_html,epsilon-component,c,Attribute Identifier Modification,NA,no-such-role,-
stat-done,x-test-stat-done,stats_component_html,epsilon-component,d,Text Content Modification,NA,no-such-role,-
stat-done,x-test-stat-done,stats_component_html,epsilon-component,e,Text Content Removal,NA,no-such-role,-
stat-done,x-test-stat-done,stats_component_html,epsilon-component,i,HTML Tag Removal,NA,no-such-role,-
stat-done,x-test-stat-done,stats_component_html,epsilon-component,j,HTML Tag Type Modification,NA,no-such-role,-
stat-done,x-test-stat-done,stats_component_html,epsilon-component,k,HTML Tag Insertion,NA,no-such-role,-
stat-high,x-test-stat-high,stats_component_html,alpha-target,i,HTML Tag Removal,NA,would-drop-x-test,-
stat-high,x-test-stat-high,stats_component_html,alpha-target,a,Attribute Value Modification,SAVED,,LLMR_stats_component_html_stat_high_alf_a
stat-high,x-test-stat-high,stats_component_html,alpha-target,b,Attribute Removal,SAVED,,LLMR_stats_component_html_stat_high_alf_b
stat-high,x-test-stat-high,stats_component_html,alpha-target,c,Attribute Identifier Modification,SAVED,,LLMR_stats_component_html_stat_high_alf_c
stat-high,x-test-stat-high,stats_component_html,alpha-target,d,Text Content Modification,SAVED,,LLMR_stats_component_html_stat_high_alf_d
stat-high,x-test-stat-high,stats_component_html,alpha-target,e,Text Content Removal,SAVED,,LLMR_stats_component_html_stat_high_alf_e
stat-high,x-test-stat-high,stats_component_html,alpha-target,j,HTML Tag Type Modification,SAVED,,LLMR_stats_component_html_stat_high_alf_j
stat-high,x-test-stat-high,stats_component_html,alpha-target,k,HTML Tag Insertion,SAVED,,LLMR_stats_component_html_stat_high_alf_k
stat-high,x-test-stat-high,stats_component_html,beta-parent,d,Text Content Modification,NA,no-text-content,-
stat-high,x-test-stat-high,stats_component_html,beta-parent,e,Text Content Removal,NA,no-text-content,-
stat-high,x-test-stat-high,stats_component_html,beta-parent,i,HTML Tag Removal,NA,would-drop-x-test,-
stat-high,x-test-stat-high,stats_component_html,beta-parent,a,Attribute Value Modification,SAVED,,LLMR_stats_component_html_stat_high_bet_a
stat-high,x-test-stat-high,stats_component_html,beta-parent,b,Attribute Removal,SAVED,,LLMR_stats_component_html_stat_high_bet_b
stat-high,x-test-stat-high,stats_component_html,beta-parent,c,Attribute Identifier Modification,SAVED,,LLMR_stats_component_html_stat_high_bet_c
stat-high,x-test-stat-high,stats_component_html,beta-parent,j,HTML Tag Type Modification,SAVED,,LLMR_stats_component_html_stat_high_bet_j
stat-high,x-test-stat-high,stats_component_html,beta-parent,k,HTML Tag Insertion,SAVED,,LLMR_stats_component_html_stat_high_bet_k
stat-high,x-test-stat-high,stats_component_html,gamma-ancestor,d,Text Content Modification,NA,no-text-content,-
stat-high,x-test-stat-high,stats_component_html,gamma-ancestor,e,Text Content Removal,NA,no-text-content,-
stat-high,x-test-stat-high,stats_component_html,gamma-ancestor,i,HTML Tag Removal,NA,would-drop-x-test,-
stat-high,x-test-stat-high,stats_component_html,gamma-ancestor,a,Attribute Value Modification,REJECTED,duplicate,-
stat-high,x-test-stat-high,stats_component_html,gamma-ancestor,b,Attribute Removal,REJECTED,duplicate,-
stat-high,x-test-stat-high,stats_component_html,gamma-ancestor,c,Attribute Identifier Modification,REJECTED,duplicate,-
stat-high,x-test-stat-high,stats_component_html,gamma-ancestor,j,HTML Tag Type Modification,REJECTED,duplicate,-
stat-high,x-test-stat-high,stats_component_html,gamma-ancestor,k,HTML Tag Insertion,REJECTED,duplicate,-
stat-high,x-test-stat-high,stats_component_html,delta-sibling,i,HTML Tag Removal,NA,would-drop-x-test,-
stat-high,x-test-stat-high,stats_component_html,delta-sibling,a,Attribute Value Modification,SAVED,,LLMR_stats_component_html_stat_high_del_a
stat-high,x-test-stat-high,stats_component_html,delta-sibling,b,Attribute Removal,SAVED,,LLMR_stats_component_html_stat_high_del_b
stat-high,x-test-stat-high,stats_component_html,delta-sibling,c,Attribute Identifier Modification,SAVED,,LLMR_stats_component_html_stat_high_del_c
stat-high,x-test-stat-high,stats_component_html,delta-sibling,d,Text Content Modification,SAVED,,LLMR_stats_component_html_stat_high_del_d
stat-high,x-test-stat-high,stats_component_html,delta-sibling,e,Text Content Removal,SAVED,,LLMR_stats_component_html_stat_high_del_e
stat-high,x-test-stat-high,stats_component_html,delta-sibling,j,HTML Tag Type Modification,SAVED,,LLMR_stats_component_html_stat_high_del_j
stat-high,x-test-stat-high,stats_component_html,delta-sibling,k,HTML Tag Insertion,SAVED,,LLMR_stats_component_html_stat_high_del_k
stat-high,x-test-stat-high,stats_component_html,epsilon-component,a,Attribute Value Modification,NA,no-such-role,-
stat-high,x-test-stat-high,stats_component_html,epsilon-component,b,Attribute Removal,NA,no-such-role,-
stat-high,x-test-stat-high,stats_component_html,epsilon-component,c,Attribute Identifier Modification,NA,no-such-role,-
stat-high,x-test-stat-high,stats_component_html,epsilon-component,d,Text Content Modification,NA,no-such-role,-
stat-high,x-test-stat-high,stats_component_html,epsilon-component,e,Text Content Removal,NA,no-such-role,-
stat-high,x-test-stat-high,stats_component_html,epsilon-component,i,HTML Tag Removal,NA,no-such-role,-
stat-high,x-test-stat-high,stats_component_html,epsilon-component,j,HTML Tag Type Modification,NA,no-such-role,-
stat-high,x-test-stat-high,stats_component_html,epsilon-component,k,HTML Tag Insertion,NA,no-such-role,-
stat-medium,x-test-stat-medium,stats_component_html,alpha-target,i,HTML Tag Removal,NA,would-drop-x-test,-
stat-medium,x-test-stat-medium,stats_component_html,alpha-target,a,Attribute Value Modification,SAVED,,LLMR_stats_component_html_stat_medium_alf_a
stat-medium,x-test-stat-medium,stats_component_html,alpha-target,b,Attribute Removal,SAVED,,LLMR_stats_component_html_stat_medium_alf_b
stat-medium,x-test-stat-medium,stats_component_html,alpha-target,c,Attribute Identifier Modification,SAVED,,LLMR_stats_component_html_stat_medium_alf_c
stat-medium,x-test-stat-medium,stats_component_html,alpha-target,d,Text Content Modification,SAVED,,LLMR_stats_component_html_stat_medium_alf_d
stat-medium,x-test-stat-medium,stats_component_html,alpha-target,e,Text Content Removal,SAVED,,LLMR_stats_component_html_stat_medium_alf_e
stat-medium,x-test-stat-medium,stats_component_html,alpha-target,j,HTML Tag Type Modification,SAVED,,LLMR_stats_component_html_stat_medium_alf_j
stat-medium,x-test-stat-medium,stats_component_html,alpha-target,k,HTML Tag Insertion,SAVED,,LLMR_stats_component_html_stat_medium_alf_k
stat-medium,x-test-stat-medium,stats_component_html,beta-parent,d,Text Content Modification,NA,no-text-content,-
stat-medium,x-test-stat-medium,stats_component_html,beta-parent,e,Text Content Removal,NA,no-text-content,-
stat-medium,x-test-stat-medium,stats_component_html,beta-parent,i,HTML Tag Removal,NA,would-drop-x-test,-
stat-medium,x-test-stat-medium,stats_component_html,beta-parent,a,Attribute Value Modification,SAVED,,LLMR_stats_component_html_stat_medium_bet_a
stat-medium,x-test-stat-medium,stats_component_html,beta-parent,b,Attribute Removal,SAVED,,LLMR_stats_component_html_stat_medium_bet_b
stat-medium,x-test-stat-medium,stats_component_html,beta-parent,c,Attribute Identifier Modification,SAVED,,LLMR_stats_component_html_stat_medium_bet_c
stat-medium,x-test-stat-medium,stats_component_html,beta-parent,j,HTML Tag Type Modification,SAVED,,LLMR_stats_component_html_stat_medium_bet_j
stat-medium,x-test-stat-medium,stats_component_html,beta-parent,k,HTML Tag Insertion,SAVED,,LLMR_stats_component_html_stat_medium_bet_k
stat-medium,x-test-stat-medium,stats_component_html,gamma-ancestor,d,Text Content Modification,NA,no-text-content,-
stat-medium,x-test-stat-medium,stats_component_html,gamma-ancestor,e,Text Content Removal,NA,no-text-content,-
stat-medium,x-test-stat-medium,stats_component_html,gamma-ancestor,i,HTML Tag Removal,NA,would-drop-x-test,-
stat-medium,x-test-stat-medium,stats_component_html,gamma-ancestor,a,Attribute Value Modification,REJECTED,duplicate,-
stat-medium,x-test-stat-medium,stats_component_html,gamma-ancestor,b,Attribute Removal,REJECTED,duplicate,-
stat-medium,x-test-stat-medium,stats_component_html,gamma-ancestor,c,Attribute Identifier Modification,REJECTED,duplicate,-
stat-medium,x-test-stat-medium,stats_component_html,gamma-ancestor,j,HTML Tag Type Modification,REJECTED,duplicate,-
stat-medium,x-test-stat-medium,stats_component_html,gamma-ancestor,k,HTML Tag Insertion,REJECTED,duplicate,-
stat-medium,x-test-stat-medium,stats_component_html,delta-sibling,i,HTML Tag Removal,NA,would-drop-x-test,-
stat-medium,x-test-stat-medium,stats_component_html,delta-sibling,a,Attribute Value Modification,SAVED,,LLMR_stats_component_html_stat_medium_del_a
stat-medium,x-test-stat-medium,stats_component_html,delta-sibling,b,Attribute Removal,SAVED,,LLMR_stats_component_html_stat_medium_del_b
stat-medium,x-test-stat-medium,stats_component_html,delta-sibling,c,Attribute Identifier Modification,SAVED,,LLMR_stats_component_html_stat_medium_del_c
stat-medium,x-test-stat-medium,stats_component_html,delta-sibling,d,Text Content Modification,SAVED,,LLMR_stats_component_html_stat_medium_del_d
stat-medium,x-test-stat-medium,stats_component_html,delta-sibling,e,Text Content Removal,SAVED,,LLMR_stats_component_html_stat_medium_del_e
stat-medium,x-test-stat-medium,stats_component_html,delta-sibling,j,HTML Tag Type Modification,SAVED,,LLMR_stats_component_html_stat_medium_del_j
stat-medium,x-test-stat-medium,stats_component_html,delta-sibling,k,HTML Tag Insertion,SAVED,,LLMR_stats_component_html_stat_medium_del_k
stat-medium,x-test-stat-medium,stats_component_html,epsilon-component,a,Attribute Value Modification,NA,no-such-role,-
stat-medium,x-test-stat-medium,stats_component_html,epsilon-component,b,Attribute Removal,NA,no-such-role,-
stat-medium,x-test-stat-medium,stats_component_html,epsilon-component,c,Attribute Identifier Modification,NA,no-such-role,-
stat-medium,x-test-stat-medium,stats_component_html,epsilon-component,d,Text Content Modification,NA,no-such-role,-
stat-medium,x-test-stat-medium,stats_component_html,epsilon-component,e,Text Content Removal,NA,no-such-role,-
stat-medium,x-test-stat-medium,stats_component_html,epsilon-component,i,HTML Tag Removal,NA,no-such-role,-
stat-medium,x-test-stat-medium,stats_component_html,epsilon-component,j,HTML Tag Type Modification,NA,no-such-role,-
stat-medium,x-test-stat-medium,stats_component_html,epsilon-component,k,HTML Tag Insertion,NA,no-such-role,-
stat-low,x-test-stat-low,stats_component_html,alpha-target,i,HTML Tag Removal,NA,would-drop-x-test,-
stat-low,x-test-stat-low,stats_component_html,alpha-target,a,Attribute Value Modification,SAVED,,LLMR_stats_component_html_stat_low_alf_a
stat-low,x-test-stat-low,stats_component_html,alpha-target,b,Attribute Removal,SAVED,,LLMR_stats_component_html_stat_low_alf_b
stat-low,x-test-stat-low,stats_component_html,alpha-target,c,Attribute Identifier Modification,SAVED,,LLMR_stats_component_html_stat_low_alf_c
stat-low,x-test-stat-low,stats_component_html,alpha-target,d,Text Content Modification,SAVED,,LLMR_stats_component_html_stat_low_alf_d
stat-low,x-test-stat-low,stats_component_html,alpha-target,e,Text Content Removal,SAVED,,LLMR_stats_component_html_stat_low_alf_e
stat-low,x-test-stat-low,stats_component_html,alpha-target,j,HTML Tag Type Modification,SAVED,,LLMR_stats_component_html_stat_low_alf_j
stat-low,x-test-stat-low,stats_component_html,alpha-target,k,HTML Tag Insertion,SAVED,,LLMR_stats_component_html_stat_low_alf_k
stat-low,x-test-stat-low,stats_component_html,beta-parent,d,Text Content Modification,NA,no-text-content,-
stat-low,x-test-stat-low,stats_component_html,beta-parent,e,Text Content Removal,NA,no-text-content,-
stat-low,x-test-stat-low,stats_component_html,beta-parent,i,HTML Tag Removal,NA,would-drop-x-test,-
stat-low,x-test-stat-low,stats_component_html,beta-parent,a,Attribute Value Modification,SAVED,,LLMR_stats_component_html_stat_low_bet_a
stat-low,x-test-stat-low,stats_component_html,beta-parent,b,Attribute Removal,SAVED,,LLMR_stats_component_html_stat_low_bet_b
stat-low,x-test-stat-low,stats_component_html,beta-parent,c,Attribute Identifier Modification,SAVED,,LLMR_stats_component_html_stat_low_bet_c
stat-low,x-test-stat-low,stats_component_html,beta-parent,j,HTML Tag Type Modification,SAVED,,LLMR_stats_component_html_stat_low_bet_j
stat-low,x-test-stat-low,stats_component_html,beta-parent,k,HTML Tag Insertion,SAVED,,LLMR_stats_component_html_stat_low_bet_k
stat-low,x-test-stat-low,stats_component_html,gamma-ancestor,d,Text Content Modification,NA,no-text-content,-
stat-low,x-test-stat-low,stats_component_html,gamma-ancestor,e,Text Content Removal,NA,no-text-content,-
stat-low,x-test-stat-low,stats_component_html,gamma-ancestor,i,HTML Tag Removal,NA,would-drop-x-test,-
stat-low,x-test-stat-low,stats_component_html,gamma-ancestor,a,Attribute Value Modification,REJECTED,duplicate,-
stat-low,x-test-stat-low,stats_component_html,gamma-ancestor,b,Attribute Removal,REJECTED,duplicate,-
stat-low,x-test-stat-low,stats_component_html,gamma-ancestor,c,Attribute Identifier Modification,REJECTED,duplicate,-
stat-low,x-test-stat-low,stats_component_html,gamma-ancestor,j,HTML Tag Type Modification,REJECTED,duplicate,-
stat-low,x-test-stat-low,stats_component_html,gamma-ancestor,k,HTML Tag Insertion,REJECTED,duplicate,-
stat-low,x-test-stat-low,stats_component_html,delta-sibling,i,HTML Tag Removal,NA,would-drop-x-test,-
stat-low,x-test-stat-low,stats_component_html,delta-sibling,a,Attribute Value Modification,SAVED,,LLMR_stats_component_html_stat_low_del_a
stat-low,x-test-stat-low,stats_component_html,delta-sibling,b,Attribute Removal,SAVED,,LLMR_stats_component_html_stat_low_del_b
stat-low,x-test-stat-low,stats_component_html,delta-sibling,c,Attribute Identifier Modification,SAVED,,LLMR_stats_component_html_stat_low_del_c
stat-low,x-test-stat-low,stats_component_html,delta-sibling,d,Text Content Modification,SAVED,,LLMR_stats_component_html_stat_low_del_d
stat-low,x-test-stat-low,stats_component_html,delta-sibling,e,Text Content Removal,SAVED,,LLMR_stats_component_html_stat_low_del_e
stat-low,x-test-stat-low,stats_component_html,delta-sibling,j,HTML Tag Type Modification,SAVED,,LLMR_stats_component_html_stat_low_del_j
stat-low,x-test-stat-low,stats_component_html,delta-sibling,k,HTML Tag Insertion,SAVED,,LLMR_stats_component_html_stat_low_del_k
stat-low,x-test-stat-low,stats_component_html,epsilon-component,a,Attribute Value Modification,NA,no-such-role,-
stat-low,x-test-stat-low,stats_component_html,epsilon-component,b,Attribute Removal,NA,no-such-role,-
stat-low,x-test-stat-low,stats_component_html,epsilon-component,c,Attribute Identifier Modification,NA,no-such-role,-
stat-low,x-test-stat-low,stats_component_html,epsilon-component,d,Text Content Modification,NA,no-such-role,-
stat-low,x-test-stat-low,stats_component_html,epsilon-component,e,Text Content Removal,NA,no-such-role,-
stat-low,x-test-stat-low,stats_component_html,epsilon-component,i,HTML Tag Removal,NA,no-such-role,-
stat-low,x-test-stat-low,stats_component_html,epsilon-component,j,HTML Tag Type Modification,NA,no-such-role,-
stat-low,x-test-stat-low,stats_component_html,epsilon-component,k,HTML Tag Insertion,NA,no-such-role,-
stats-title,x-test-stats-title,stats_component_html,alpha-target,i,HTML Tag Removal,NA,would-drop-x-test,-
stats-title,x-test-stats-title,stats_component_html,alpha-target,a,Attribute Value Modification,SAVED,,LLMR_stats_component_html_stats_title_alf_a
stats-title,x-test-stats-title,stats_component_html,alpha-target,b,Attribute Removal,SAVED,,LLMR_stats_component_html_stats_title_alf_b
stats-title,x-test-stats-title,stats_component_html,alpha-target,c,Attribute Identifier Modification,SAVED,,LLMR_stats_component_html_stats_title_alf_c
stats-title,x-test-stats-title,stats_component_html,alpha-target,d,Text Content Modification,SAVED,,LLMR_stats_component_html_stats_title_alf_d
stats-title,x-test-stats-title,stats_component_html,alpha-target,e,Text Content Removal,SAVED,,LLMR_stats_component_html_stats_title_alf_e
stats-title,x-test-stats-title,stats_component_html,alpha-target,j,HTML Tag Type Modification,SAVED,,LLMR_stats_component_html_stats_title_alf_j
stats-title,x-test-stats-title,stats_component_html,alpha-target,k,HTML Tag Insertion,SAVED,,LLMR_stats_component_html_stats_title_alf_k
stats-title,x-test-stats-title,stats_component_html,beta-parent,d,Text Content Modification,NA,no-text-content,-
stats-title,x-test-stats-title,stats_component_html,beta-parent,e,Text Content Removal,NA,no-text-content,-
stats-title,x-test-stats-title,stats_component_html,beta-parent,i,HTML Tag Removal,NA,would-drop-x-test,-
stats-title,x-test-stats-title,stats_component_html,beta-parent,a,Attribute Value Modification,SAVED,,LLMR_stats_component_html_stats_title_bet_a
stats-title,x-test-stats-title,stats_component_html,beta-parent,b,Attribute Removal,SAVED,,LLMR_stats_component_html_stats_title_bet_b
stats-title,x-test-stats-title,stats_component_html,beta-parent,c,Attribute Identifier Modification,SAVED,,LLMR_stats_component_html_stats_title_bet_c
stats-title,x-test-stats-title,stats_component_html,beta-parent,j,HTML Tag Type Modification,SAVED,,LLMR_stats_component_html_stats_title_bet_j
stats-title,x-test-stats-title,stats_component_html,beta-parent,k,HTML Tag Insertion,SAVED,,LLMR_stats_component_html_stats_title_bet_k
stats-title,x-test-stats-title,stats_component_html,gamma-ancestor,d,Text Content Modification,NA,no-text-content,-
stats-title,x-test-stats-title,stats_component_html,gamma-ancestor,e,Text Content Removal,NA,no-text-content,-
stats-title,x-test-stats-title,stats_component_html,gamma-ancestor,i,HTML Tag Removal,NA,root-element,-
stats-title,x-test-stats-title,stats_component_html,gamma-ancestor,a,Attribute Value Modification,SAVED,,LLMR_stats_component_html_stats_title_gam_a
stats-title,x-test-stats-title,stats_component_html,gamma-ancestor,b,Attribute Removal,SAVED,,LLMR_stats_component_html_stats_title_gam_b
stats-title,x-test-stats-title,stats_component_html,gamma-ancestor,c,Attribute Identifier Modification,SAVED,,LLMR_stats_component_html_stats_title_gam_c
stats-title,x-test-stats-title,stats_component_html,gamma-ancestor,j,HTML Tag Type Modification,SAVED,,LLMR_stats_component_html_stats_title_gam_j
stats-title,x-test-stats-title,stats_component_html,gamma-ancestor,k,HTML Tag Insertion,SAVED,,LLMR_stats_component_html_stats_title_gam_k
stats-title,x-test-stats-title,stats_component_html,delta-sibling,i,HTML Tag Removal,NA,would-drop-x-test,-
stats-title,x-test-stats-title,stats_component_html,delta-sibling,a,Attribute Value Modification,SAVED,,LLMR_stats_component_html_stats_title_del_a
stats-title,x-test-stats-title,stats_component_html,delta-sibling,b,Attribute Removal,SAVED,,LLMR_stats_component_html_stats_title_del_b
stats-title,x-test-stats-title,stats_component_html,delta-sibling,c,Attribute Identifier Modification,SAVED,,LLMR_stats_component_html_stats_title_del_c
stats-title,x-test-stats-title,stats_component_html,delta-sibling,d,Text Content Modification,SAVED,,LLMR_stats_component_html_stats_title_del_d
stats-title,x-test-stats-title,stats_component_html,delta-sibling,e,Text Content Removal,SAVED,,LLMR_stats_component_html_stats_title_del_e
stats-title,x-test-stats-title,stats_component_html,delta-sibling,j,HTML Tag Type Modification,SAVED,,LLMR_stats_component_html_stats_title_del_j
stats-title,x-test-stats-title,stats_component_html,delta-sibling,k,HTML Tag Insertion,SAVED,,LLMR_stats_component_html_stats_title_del_k
stats-title,x-test-stats-title,stats_component_html,epsilon-component,a,Attribute Value Modification,NA,no-such-role,-
stats-title,x-test-stats-title,stats_component_html,epsilon-component,b,Attribute Removal,NA,no-such-role,-
stats-title,x-test-stats-title,stats_component_html,epsilon-component,c,Attribute Identifier Modification,NA,no-such-role,-
stats-title,x-test-stats-title,stats_component_html,epsilon-component,d,Text Content Modification,NA,no-such-role,-
stats-title,x-test-stats-title,stats_component_html,epsilon-component,e,Text Content Removal,NA,no-such-role,-
stats-title,x-test-stats-title,stats_component_html,epsilon-component,i,HTML Tag Removal,NA,no-such-role,-
stats-title,x-test-stats-title,stats_component_html,epsilon-component,j,HTML Tag Type Modification,NA,no-such-role,-
stats-title,x-test-stats-title,stats_component_html,epsilon-component,k,HTML Tag Insertion,NA,no-such-role,-
stats-table,x-test-stats-table,stats_component_html,alpha-target,d,Text Content Modification,NA,no-text-content,-
stats-table,x-test-stats-table,stats_component_html,alpha-target,e,Text Content Removal,NA,no-text-content,-
stats-table,x-test-stats-table,stats_component_html,alpha-target,i,HTML Tag Removal,NA,would-drop-x-test,-
stats-table,x-test-stats-table,stats_component_html,alpha-target,a,Attribute Value Modification,SAVED,,LLMR_stats_component_html_stats_table_alf_a
stats-table,x-test-stats-table,stats_component_html,alpha-target,b,Attribute Removal,SAVED,,LLMR_stats_component_html_stats_table_alf_b
stats-table,x-test-stats-table,stats_component_html,alpha-target,c,Attribute Identifier Modification,SAVED,,LLMR_stats_component_html_stats_table_alf_c
stats-table,x-test-stats-table,stats_component_html,alpha-target,j,HTML Tag Type Modification,REJECTED,dropped-x-test-stats-th-id,-
stats-table,x-test-stats-table,stats_component_html,alpha-target,k,HTML Tag Insertion,SAVED,,LLMR_stats_component_html_stats_table_alf_k
stats-table,x-test-stats-table,stats_component_html,beta-parent,d,Text Content Modification,NA,no-text-content,-
stats-table,x-test-stats-table,stats_component_html,beta-parent,e,Text Content Removal,NA,no-text-content,-
stats-table,x-test-stats-table,stats_component_html,beta-parent,a,Attribute Value Modification,SAVED,,LLMR_stats_component_html_stats_table_bet_a
stats-table,x-test-stats-table,stats_component_html,beta-parent,b,Attribute Removal,SAVED,,LLMR_stats_component_html_stats_table_bet_b
stats-table,x-test-stats-table,stats_component_html,beta-parent,c,Attribute Identifier Modification,SAVED,,LLMR_stats_component_html_stats_table_bet_c
stats-table,x-test-stats-table,stats_component_html,beta-parent,i,HTML Tag Removal,SAVED,,LLMR_stats_component_html_stats_table_bet_i
stats-table,x-test-stats-table,stats_component_html,beta-parent,j,HTML Tag Type Modification,SAVED,,LLMR_stats_component_html_stats_table_bet_j
stats-table,x-test-stats-table,stats_component_html,beta-parent,k,HTML Tag Insertion,SAVED,,LLMR_stats_component_html_stats_table_bet_k
stats-table,x-test-stats-table,stats_component_html,gamma-ancestor,d,Text Content Modification,NA,no-text-content,-
stats-table,x-test-stats-table,stats_component_html,gamma-ancestor,e,Text Content Removal,NA,no-text-content,-
stats-table,x-test-stats-table,stats_component_html,gamma-ancestor,i,HTML Tag Removal,NA,would-drop-x-test,-
stats-table,x-test-stats-table,stats_component_html,gamma-ancestor,a,Attribute Value Modification,SAVED,,LLMR_stats_component_html_stats_table_gam_a
stats-table,x-test-stats-table,stats_component_html,gamma-ancestor,b,Attribute Removal,SAVED,,LLMR_stats_component_html_stats_table_gam_b
stats-table,x-test-stats-table,stats_component_html,gamma-ancestor,c,Attribute Identifier Modification,SAVED,,LLMR_stats_component_html_stats_table_gam_c
stats-table,x-test-stats-table,stats_component_html,gamma-ancestor,j,HTML Tag Type Modification,SAVED,,LLMR_stats_component_html_stats_table_gam_j
stats-table,x-test-stats-table,stats_component_html,gamma-ancestor,k,HTML Tag Insertion,SAVED,,LLMR_stats_component_html_stats_table_gam_k
stats-table,x-test-stats-table,stats_component_html,delta-sibling,a,Attribute Value Modification,NA,no-such-role,-
stats-table,x-test-stats-table,stats_component_html,delta-sibling,b,Attribute Removal,NA,no-such-role,-
stats-table,x-test-stats-table,stats_component_html,delta-sibling,c,Attribute Identifier Modification,NA,no-such-role,-
stats-table,x-test-stats-table,stats_component_html,delta-sibling,d,Text Content Modification,NA,no-such-role,-
stats-table,x-test-stats-table,stats_component_html,delta-sibling,e,Text Content Removal,NA,no-such-role,-
stats-table,x-test-stats-table,stats_component_html,delta-sibling,i,HTML Tag Removal,NA,no-such-role,-
stats-table,x-test-stats-table,stats_component_html,delta-sibling,j,HTML Tag Type Modification,NA,no-such-role,-
stats-table,x-test-stats-table,stats_component_html,delta-sibling,k,HTML Tag Insertion,NA,no-such-role,-
stats-table,x-test-stats-table,stats_component_html,epsilon-component,d,Text Content Modification,NA,no-text-content,-
stats-table,x-test-stats-table,stats_component_html,epsilon-component,e,Text Content Removal,NA,no-text-content,-
stats-table,x-test-stats-table,stats_component_html,epsilon-component,a,Attribute Value Modification,REJECTED,duplicate,-
stats-table,x-test-stats-table,stats_component_html,epsilon-component,b,Attribute Removal,REJECTED,duplicate,-
stats-table,x-test-stats-table,stats_component_html,epsilon-component,c,Attribute Identifier Modification,REJECTED,duplicate,-
stats-table,x-test-stats-table,stats_component_html,epsilon-component,i,HTML Tag Removal,REJECTED,duplicate,-
stats-table,x-test-stats-table,stats_component_html,epsilon-component,j,HTML Tag Type Modification,REJECTED,duplicate,-
stats-table,x-test-stats-table,stats_component_html,epsilon-component,k,HTML Tag Insertion,REJECTED,duplicate,-
stats-th-title,x-test-stats-th-title,stats_component_html,alpha-target,i,HTML Tag Removal,NA,would-drop-x-test,-
stats-th-title,x-test-stats-th-title,stats_component_html,alpha-target,a,Attribute Value Modification,REJECTED,dropped-x-test-stats-th-title,-
stats-th-title,x-test-stats-th-title,stats_component_html,alpha-target,b,Attribute Removal,REJECTED,dropped-x-test-stats-th-title,-
stats-th-title,x-test-stats-th-title,stats_component_html,alpha-target,c,Attribute Identifier Modification,REJECTED,dropped-x-test-stats-th-title,-
stats-th-title,x-test-stats-th-title,stats_component_html,alpha-target,d,Text Content Modification,REJECTED,dropped-x-test-stats-th-title,-
stats-th-title,x-test-stats-th-title,stats_component_html,alpha-target,e,Text Content Removal,REJECTED,dropped-x-test-stats-th-title,-
stats-th-title,x-test-stats-th-title,stats_component_html,alpha-target,j,HTML Tag Type Modification,REJECTED,dropped-x-test-stats-th-title,-
stats-th-title,x-test-stats-th-title,stats_component_html,alpha-target,k,HTML Tag Insertion,REJECTED,dropped-x-test-stats-th-title,-
stats-th-title,x-test-stats-th-title,stats_component_html,beta-parent,a,Attribute Value Modification,NA,no-editable-attribute,-
stats-th-title,x-test-stats-th-title,stats_component_html,beta-parent,b,Attribute Removal,NA,no-editable-attribute,-
stats-th-title,x-test-stats-th-title,stats_component_html,beta-parent,c,Attribute Identifier Modification,NA,no-editable-attribute,-
stats-th-title,x-test-stats-th-title,stats_component_html,beta-parent,d,Text Content Modification,NA,no-text-content,-
stats-th-title,x-test-stats-th-title,stats_component_html,beta-parent,e,Text Content Removal,NA,no-text-content,-
stats-th-title,x-test-stats-th-title,stats_component_html,beta-parent,i,HTML Tag Removal,REJECTED,dropped-x-test-stats-th-id,-
stats-th-title,x-test-stats-th-title,stats_component_html,beta-parent,j,HTML Tag Type Modification,REJECTED,dropped-x-test-stats-th-id,-
stats-th-title,x-test-stats-th-title,stats_component_html,beta-parent,k,HTML Tag Insertion,REJECTED,dropped-x-test-stats-th-id,-
stats-th-title,x-test-stats-th-title,stats_component_html,gamma-ancestor,a,Attribute Value Modification,NA,no-editable-attribute,-
stats-th-title,x-test-stats-th-title,stats_component_html,gamma-ancestor,b,Attribute Removal,NA,no-editable-attribute,-
stats-th-title,x-test-stats-th-title,stats_component_html,gamma-ancestor,c,Attribute Identifier Modification,NA,no-editable-attribute,-
stats-th-title,x-test-stats-th-title,stats_component_html,gamma-ancestor,d,Text Content Modification,NA,no-text-content,-
stats-th-title,x-test-stats-th-title,stats_component_html,gamma-ancestor,e,Text Content Removal,NA,no-text-content,-
stats-th-title,x-test-stats-th-title,stats_component_html,gamma-ancestor,i,HTML Tag Removal,REJECTED,dropped-x-test-stats-th-id,-
stats-th-title,x-test-stats-th-title,stats_component_html,gamma-ancestor,j,HTML Tag Type Modification,REJECTED,dropped-x-test-stats-th-id,-
stats-th-title,x-test-stats-th-title,stats_component_html,gamma-ancestor,k,HTML Tag Insertion,REJECTED,dropped-x-test-stats-th-id,-
stats-th-title,x-test-stats-th-title,stats_component_html,delta-sibling,i,HTML Tag Removal,NA,would-drop-x-test,-
stats-th-title,x-test-stats-th-title,stats_component_html,delta-sibling,a,Attribute Value Modification,REJECTED,dropped-x-test-stats-th-priority,-
stats-th-title,x-test-stats-th-title,stats_component_html,delta-sibling,b,Attribute Removal,REJECTED,dropped-x-test-stats-th-priority,-
stats-th-title,x-test-stats-th-title,stats_component_html,delta-sibling,c,Attribute Identifier Modification,REJECTED,dropped-x-test-stats-th-priority,-
stats-th-title,x-test-stats-th-title,stats_component_html,delta-sibling,d,Text Content Modification,REJECTED,dropped-x-test-stats-th-priority,-
stats-th-title,x-test-stats-th-title,stats_component_html,delta-sibling,e,Text Content Removal,REJECTED,dropped-x-test-stats-th-priority,-
stats-th-title,x-test-stats-th-title,stats_component_html,delta-sibling,j,HTML Tag Type Modification,REJECTED,dropped-x-test-stats-th-priority,-
stats-th-title,x-test-stats-th-title,stats_component_html,delta-sibling,k,HTML Tag Insertion,REJECTED,dropped-x-test-stats-th-priority,-
stats-th-title,x-test-stats-th-title,stats_component_html,epsilon-component,d,Text Content Modification,NA,no-text-content,-
stats-th-title,x-test-stats-th-title,stats_component_html,epsilon-component,e,Text Content Removal,NA,no-text-content,-
stats-th-title,x-test-stats-th-title,stats_component_html,epsilon-component,a,Attribute Value Modification,REJECTED,duplicate,-
stats-th-title,x-test-stats-th-title,stats_component_html,epsilon-component,b,Attribute Removal,REJECTED,duplicate,-
stats-th-title,x-test-stats-th-title,stats_component_html,epsilon-component,c,Attribute Identifier Modification,REJECTED,duplicate,-
stats-th-title,x-test-stats-th-title,stats_component_html,epsilon-component,i,HTML Tag Removal,REJECTED,duplicate,-
stats-th-title,x-test-stats-th-title,stats_component_html,epsilon-component,j,HTML Tag Type Modification,REJECTED,duplicate,-
stats-th-title,x-test-stats-th-title,stats_component_html,epsilon-component,k,HTML Tag Insertion,REJECTED,duplicate,-
stat-row,[attr.x-test-stat-row],stats_component_html,alpha-target,d,Text Content Modification,NA,no-text-content,-
stat-row,[attr.x-test-stat-row],stats_component_html,alpha-target,e,Text Content Removal,NA,no-text-content,-
stat-row,[attr.x-test-stat-row],stats_component_html,alpha-target,a,Attribute Value Modification,SAVED,,LLMR_stats_component_html_stat_row_alf_a
stat-row,[attr.x-test-stat-row],stats_component_html,alpha-target,b,Attribute Removal,REJECTED,duplicate,-
stat-row,[attr.x-test-stat-row],stats_component_html,alpha-target,c,Attribute Identifier Modification,REJECTED,duplicate,-
stat-row,[attr.x-test-stat-row],stats_component_html,alpha-target,i,HTML Tag Removal,SAVED,,LLMR_stats_component_html_stat_row_alf_i
stat-row,[attr.x-test-stat-row],stats_component_html,alpha-target,j,HTML Tag Type Modification,SAVED,,LLMR_stats_component_html_stat_row_alf_j
stat-row,[attr.x-test-stat-row],stats_component_html,alpha-target,k,HTML Tag Insertion,SAVED,,LLMR_stats_component_html_stat_row_alf_k
stat-row,[attr.x-test-stat-row],stats_component_html,beta-parent,a,Attribute Value Modification,NA,no-editable-attribute,-
stat-row,[attr.x-test-stat-row],stats_component_html,beta-parent,b,Attribute Removal,NA,no-editable-attribute,-
stat-row,[attr.x-test-stat-row],stats_component_html,beta-parent,c,Attribute Identifier Modification,NA,no-editable-attribute,-
stat-row,[attr.x-test-stat-row],stats_component_html,beta-parent,d,Text Content Modification,REJECTED,dropped-x-test-stats-empty,-
stat-row,[attr.x-test-stat-row],stats_component_html,beta-parent,e,Text Content Removal,REJECTED,dropped-x-test-stats-empty,-
stat-row,[attr.x-test-stat-row],stats_component_html,beta-parent,i,HTML Tag Removal,REJECTED,dropped-x-test-stats-empty,-
stat-row,[attr.x-test-stat-row],stats_component_html,beta-parent,j,HTML Tag Type Modification,REJECTED,dropped-x-test-stats-empty,-
stat-row,[attr.x-test-stat-row],stats_component_html,beta-parent,k,HTML Tag Insertion,REJECTED,dropped-x-test-stats-empty,-
stat-row,[attr.x-test-stat-row],stats_component_html,gamma-ancestor,d,Text Content Modification,NA,no-text-content,-
stat-row,[attr.x-test-stat-row],stats_component_html,gamma-ancestor,e,Text Content Removal,NA,no-text-content,-
stat-row,[attr.x-test-stat-row],stats_component_html,gamma-ancestor,i,HTML Tag Removal,NA,would-drop-x-test,-
stat-row,[attr.x-test-stat-row],stats_component_html,gamma-ancestor,a,Attribute Value Modification,REJECTED,duplicate,-
stat-row,[attr.x-test-stat-row],stats_component_html,gamma-ancestor,b,Attribute Removal,REJECTED,duplicate,-
stat-row,[attr.x-test-stat-row],stats_component_html,gamma-ancestor,c,Attribute Identifier Modification,REJECTED,duplicate,-
stat-row,[attr.x-test-stat-row],stats_component_html,gamma-ancestor,j,HTML Tag Type Modification,REJECTED,dropped-x-test-stats-th-id,-
stat-row,[attr.x-test-stat-row],stats_component_html,gamma-ancestor,k,HTML Tag Insertion,SAVED,,LLMR_stats_component_html_stat_row_gam_k
stat-row,[attr.x-test-stat-row],stats_component_html,delta-sibling,d,Text Content Modification,NA,no-text-content,-
stat-row,[attr.x-test-stat-row],stats_component_html,delta-sibling,e,Text Content Removal,NA,no-text-content,-
stat-row,[attr.x-test-stat-row],stats_component_html,delta-sibling,a,Attribute Value Modification,REJECTED,dropped-x-test-stats-empty,-
stat-row,[attr.x-test-stat-row],stats_component_html,delta-sibling,b,Attribute Removal,REJECTED,dropped-x-test-stats-empty,-
stat-row,[attr.x-test-stat-row],stats_component_html,delta-sibling,c,Attribute Identifier Modification,REJECTED,dropped-x-test-stats-empty,-
stat-row,[attr.x-test-stat-row],stats_component_html,delta-sibling,i,HTML Tag Removal,REJECTED,dropped-x-test-stats-empty,-
stat-row,[attr.x-test-stat-row],stats_component_html,delta-sibling,j,HTML Tag Type Modification,REJECTED,dropped-x-test-stats-empty,-
stat-row,[attr.x-test-stat-row],stats_component_html,delta-sibling,k,HTML Tag Insertion,REJECTED,dropped-x-test-stats-empty,-
stat-row,[attr.x-test-stat-row],stats_component_html,epsilon-component,d,Text Content Modification,NA,no-text-content,-
stat-row,[attr.x-test-stat-row],stats_component_html,epsilon-component,e,Text Content Removal,NA,no-text-content,-
stat-row,[attr.x-test-stat-row],stats_component_html,epsilon-component,a,Attribute Value Modification,REJECTED,duplicate,-
stat-row,[attr.x-test-stat-row],stats_component_html,epsilon-component,b,Attribute Removal,REJECTED,duplicate,-
stat-row,[attr.x-test-stat-row],stats_component_html,epsilon-component,c,Attribute Identifier Modification,REJECTED,duplicate,-
stat-row,[attr.x-test-stat-row],stats_component_html,epsilon-component,i,HTML Tag Removal,REJECTED,duplicate,-
stat-row,[attr.x-test-stat-row],stats_component_html,epsilon-component,j,HTML Tag Type Modification,REJECTED,duplicate,-
stat-row,[attr.x-test-stat-row],stats_component_html,epsilon-component,k,HTML Tag Insertion,REJECTED,duplicate,-
footer-brand,x-test-footer-brand,app_component_html,alpha-target,i,HTML Tag Removal,NA,would-drop-x-test,-
footer-brand,x-test-footer-brand,app_component_html,alpha-target,a,Attribute Value Modification,SAVED,,LLMR_app_component_html_footer_brand_alf_a
footer-brand,x-test-footer-brand,app_component_html,alpha-target,b,Attribute Removal,SAVED,,LLMR_app_component_html_footer_brand_alf_b
footer-brand,x-test-footer-brand,app_component_html,alpha-target,c,Attribute Identifier Modification,SAVED,,LLMR_app_component_html_footer_brand_alf_c
footer-brand,x-test-footer-brand,app_component_html,alpha-target,d,Text Content Modification,SAVED,,LLMR_app_component_html_footer_brand_alf_d
footer-brand,x-test-footer-brand,app_component_html,alpha-target,e,Text Content Removal,SAVED,,LLMR_app_component_html_footer_brand_alf_e
footer-brand,x-test-footer-brand,app_component_html,alpha-target,j,HTML Tag Type Modification,SAVED,,LLMR_app_component_html_footer_brand_alf_j
footer-brand,x-test-footer-brand,app_component_html,alpha-target,k,HTML Tag Insertion,SAVED,,LLMR_app_component_html_footer_brand_alf_k
footer-brand,x-test-footer-brand,app_component_html,beta-parent,d,Text Content Modification,NA,no-text-content,-
footer-brand,x-test-footer-brand,app_component_html,beta-parent,e,Text Content Removal,NA,no-text-content,-
footer-brand,x-test-footer-brand,app_component_html,beta-parent,a,Attribute Value Modification,SAVED,,LLMR_app_component_html_footer_brand_bet_a
footer-brand,x-test-footer-brand,app_component_html,beta-parent,b,Attribute Removal,SAVED,,LLMR_app_component_html_footer_brand_bet_b
footer-brand,x-test-footer-brand,app_component_html,beta-parent,c,Attribute Identifier Modification,SAVED,,LLMR_app_component_html_footer_brand_bet_c
footer-brand,x-test-footer-brand,app_component_html,beta-parent,i,HTML Tag Removal,SAVED,,LLMR_app_component_html_footer_brand_bet_i
footer-brand,x-test-footer-brand,app_component_html,beta-parent,j,HTML Tag Type Modification,SAVED,,LLMR_app_component_html_footer_brand_bet_j
footer-brand,x-test-footer-brand,app_component_html,beta-parent,k,HTML Tag Insertion,SAVED,,LLMR_app_component_html_footer_brand_bet_k
footer-brand,x-test-footer-brand,app_component_html,gamma-ancestor,d,Text Content Modification,NA,no-text-content,-
footer-brand,x-test-footer-brand,app_component_html,gamma-ancestor,e,Text Content Removal,NA,no-text-content,-
footer-brand,x-test-footer-brand,app_component_html,gamma-ancestor,i,HTML Tag Removal,NA,would-drop-x-test,-
footer-brand,x-test-footer-brand,app_component_html,gamma-ancestor,a,Attribute Value Modification,SAVED,,LLMR_app_component_html_footer_brand_gam_a
footer-brand,x-test-footer-brand,app_component_html,gamma-ancestor,b,Attribute Removal,SAVED,,LLMR_app_component_html_footer_brand_gam_b
footer-brand,x-test-footer-brand,app_component_html,gamma-ancestor,c,Attribute Identifier Modification,SAVED,,LLMR_app_component_html_footer_brand_gam_c
footer-brand,x-test-footer-brand,app_component_html,gamma-ancestor,j,HTML Tag Type Modification,SAVED,,LLMR_app_component_html_footer_brand_gam_j
footer-brand,x-test-footer-brand,app_component_html,gamma-ancestor,k,HTML Tag Insertion,SAVED,,LLMR_app_component_html_footer_brand_gam_k
footer-brand,x-test-footer-brand,app_component_html,delta-sibling,a,Attribute Value Modification,SAVED,,LLMR_app_component_html_footer_brand_del_a
footer-brand,x-test-footer-brand,app_component_html,delta-sibling,b,Attribute Removal,SAVED,,LLMR_app_component_html_footer_brand_del_b
footer-brand,x-test-footer-brand,app_component_html,delta-sibling,c,Attribute Identifier Modification,SAVED,,LLMR_app_component_html_footer_brand_del_c
footer-brand,x-test-footer-brand,app_component_html,delta-sibling,d,Text Content Modification,SAVED,,LLMR_app_component_html_footer_brand_del_d
footer-brand,x-test-footer-brand,app_component_html,delta-sibling,e,Text Content Removal,SAVED,,LLMR_app_component_html_footer_brand_del_e
footer-brand,x-test-footer-brand,app_component_html,delta-sibling,i,HTML Tag Removal,SAVED,,LLMR_app_component_html_footer_brand_del_i
footer-brand,x-test-footer-brand,app_component_html,delta-sibling,j,HTML Tag Type Modification,SAVED,,LLMR_app_component_html_footer_brand_del_j
footer-brand,x-test-footer-brand,app_component_html,delta-sibling,k,HTML Tag Insertion,SAVED,,LLMR_app_component_html_footer_brand_del_k
footer-brand,x-test-footer-brand,app_component_html,epsilon-component,a,Attribute Value Modification,NA,no-such-role,-
footer-brand,x-test-footer-brand,app_component_html,epsilon-component,b,Attribute Removal,NA,no-such-role,-
footer-brand,x-test-footer-brand,app_component_html,epsilon-component,c,Attribute Identifier Modification,NA,no-such-role,-
footer-brand,x-test-footer-brand,app_component_html,epsilon-component,d,Text Content Modification,NA,no-such-role,-
footer-brand,x-test-footer-brand,app_component_html,epsilon-component,e,Text Content Removal,NA,no-such-role,-
footer-brand,x-test-footer-brand,app_component_html,epsilon-component,i,HTML Tag Removal,NA,no-such-role,-
footer-brand,x-test-footer-brand,app_component_html,epsilon-component,j,HTML Tag Type Modification,NA,no-such-role,-
footer-brand,x-test-footer-brand,app_component_html,epsilon-component,k,HTML Tag Insertion,NA,no-such-role,-
footer-note,x-test-footer-note,app_component_html,alpha-target,i,HTML Tag Removal,NA,would-drop-x-test,-
footer-note,x-test-footer-note,app_component_html,alpha-target,a,Attribute Value Modification,SAVED,,LLMR_app_component_html_footer_note_alf_a
footer-note,x-test-footer-note,app_component_html,alpha-target,b,Attribute Removal,SAVED,,LLMR_app_component_html_footer_note_alf_b
footer-note,x-test-footer-note,app_component_html,alpha-target,c,Attribute Identifier Modification,SAVED,,LLMR_app_component_html_footer_note_alf_c
footer-note,x-test-footer-note,app_component_html,alpha-target,d,Text Content Modification,SAVED,,LLMR_app_component_html_footer_note_alf_d
footer-note,x-test-footer-note,app_component_html,alpha-target,e,Text Content Removal,SAVED,,LLMR_app_component_html_footer_note_alf_e
footer-note,x-test-footer-note,app_component_html,alpha-target,j,HTML Tag Type Modification,SAVED,,LLMR_app_component_html_footer_note_alf_j
footer-note,x-test-footer-note,app_component_html,alpha-target,k,HTML Tag Insertion,SAVED,,LLMR_app_component_html_footer_note_alf_k
footer-note,x-test-footer-note,app_component_html,beta-parent,d,Text Content Modification,NA,no-text-content,-
footer-note,x-test-footer-note,app_component_html,beta-parent,e,Text Content Removal,NA,no-text-content,-
footer-note,x-test-footer-note,app_component_html,beta-parent,a,Attribute Value Modification,REJECTED,duplicate,-
footer-note,x-test-footer-note,app_component_html,beta-parent,b,Attribute Removal,REJECTED,duplicate,-
footer-note,x-test-footer-note,app_component_html,beta-parent,c,Attribute Identifier Modification,REJECTED,duplicate,-
footer-note,x-test-footer-note,app_component_html,beta-parent,i,HTML Tag Removal,REJECTED,duplicate,-
footer-note,x-test-footer-note,app_component_html,beta-parent,j,HTML Tag Type Modification,REJECTED,duplicate,-
footer-note,x-test-footer-note,app_component_html,beta-parent,k,HTML Tag Insertion,REJECTED,duplicate,-
footer-note,x-test-footer-note,app_component_html,gamma-ancestor,d,Text Content Modification,NA,no-text-content,-
footer-note,x-test-footer-note,app_component_html,gamma-ancestor,e,Text Content Removal,NA,no-text-content,-
footer-note,x-test-footer-note,app_component_html,gamma-ancestor,i,HTML Tag Removal,NA,would-drop-x-test,-
footer-note,x-test-footer-note,app_component_html,gamma-ancestor,a,Attribute Value Modification,REJECTED,duplicate,-
footer-note,x-test-footer-note,app_component_html,gamma-ancestor,b,Attribute Removal,REJECTED,duplicate,-
footer-note,x-test-footer-note,app_component_html,gamma-ancestor,c,Attribute Identifier Modification,REJECTED,duplicate,-
footer-note,x-test-footer-note,app_component_html,gamma-ancestor,j,HTML Tag Type Modification,REJECTED,duplicate,-
footer-note,x-test-footer-note,app_component_html,gamma-ancestor,k,HTML Tag Insertion,REJECTED,duplicate,-
footer-note,x-test-footer-note,app_component_html,delta-sibling,a,Attribute Value Modification,SAVED,,LLMR_app_component_html_footer_note_del_a
footer-note,x-test-footer-note,app_component_html,delta-sibling,b,Attribute Removal,SAVED,,LLMR_app_component_html_footer_note_del_b
footer-note,x-test-footer-note,app_component_html,delta-sibling,c,Attribute Identifier Modification,SAVED,,LLMR_app_component_html_footer_note_del_c
footer-note,x-test-footer-note,app_component_html,delta-sibling,d,Text Content Modification,SAVED,,LLMR_app_component_html_footer_note_del_d
footer-note,x-test-footer-note,app_component_html,delta-sibling,e,Text Content Removal,SAVED,,LLMR_app_component_html_footer_note_del_e
footer-note,x-test-footer-note,app_component_html,delta-sibling,i,HTML Tag Removal,SAVED,,LLMR_app_component_html_footer_note_del_i
footer-note,x-test-footer-note,app_component_html,delta-sibling,j,HTML Tag Type Modification,SAVED,,LLMR_app_component_html_footer_note_del_j
footer-note,x-test-footer-note,app_component_html,delta-sibling,k,HTML Tag Insertion,SAVED,,LLMR_app_component_html_footer_note_del_k
footer-note,x-test-footer-note,app_component_html,epsilon-component,a,Attribute Value Modification,NA,no-such-role,-
footer-note,x-test-footer-note,app_component_html,epsilon-component,b,Attribute Removal,NA,no-such-role,-
footer-note,x-test-footer-note,app_component_html,epsilon-component,c,Attribute Identifier Modification,NA,no-such-role,-
footer-note,x-test-footer-note,app_component_html,epsilon-component,d,Text Content Modification,NA,no-such-role,-
footer-note,x-test-footer-note,app_component_html,epsilon-component,e,Text Content Removal,NA,no-such-role,-
footer-note,x-test-footer-note,app_component_html,epsilon-component,i,HTML Tag Removal,NA,no-such-role,-
footer-note,x-test-footer-note,app_component_html,epsilon-component,j,HTML Tag Type Modification,NA,no-such-role,-
footer-note,x-test-footer-note,app_component_html,epsilon-component,k,HTML Tag Insertion,NA,no-such-role,-
footer-version,x-test-footer-version,app_component_html,alpha-target,i,HTML Tag Removal,NA,would-drop-x-test,-
footer-version,x-test-footer-version,app_component_html,alpha-target,a,Attribute Value Modification,SAVED,,LLMR_app_component_html_footer_version_alf_a
footer-version,x-test-footer-version,app_component_html,alpha-target,b,Attribute Removal,SAVED,,LLMR_app_component_html_footer_version_alf_b
footer-version,x-test-footer-version,app_component_html,alpha-target,c,Attribute Identifier Modification,SAVED,,LLMR_app_component_html_footer_version_alf_c
footer-version,x-test-footer-version,app_component_html,alpha-target,d,Text Content Modification,SAVED,,LLMR_app_component_html_footer_version_alf_d
footer-version,x-test-footer-version,app_component_html,alpha-target,e,Text Content Removal,SAVED,,LLMR_app_component_html_footer_version_alf_e
footer-version,x-test-footer-version,app_component_html,alpha-target,j,HTML Tag Type Modification,SAVED,,LLMR_app_component_html_footer_version_alf_j
footer-version,x-test-footer-version,app_component_html,alpha-target,k,HTML Tag Insertion,SAVED,,LLMR_app_component_html_footer_version_alf_k
footer-version,x-test-footer-version,app_component_html,beta-parent,d,Text Content Modification,NA,no-text-content,-
footer-version,x-test-footer-version,app_component_html,beta-parent,e,Text Content Removal,NA,no-text-content,-
footer-version,x-test-footer-version,app_component_html,beta-parent,a,Attribute Value Modification,REJECTED,duplicate,-
footer-version,x-test-footer-version,app_component_html,beta-parent,b,Attribute Removal,REJECTED,duplicate,-
footer-version,x-test-footer-version,app_component_html,beta-parent,c,Attribute Identifier Modification,REJECTED,duplicate,-
footer-version,x-test-footer-version,app_component_html,beta-parent,i,HTML Tag Removal,REJECTED,duplicate,-
footer-version,x-test-footer-version,app_component_html,beta-parent,j,HTML Tag Type Modification,REJECTED,duplicate,-
footer-version,x-test-footer-version,app_component_html,beta-parent,k,HTML Tag Insertion,REJECTED,duplicate,-
footer-version,x-test-footer-version,app_component_html,gamma-ancestor,d,Text Content Modification,NA,no-text-content,-
footer-version,x-test-footer-version,app_component_html,gamma-ancestor,e,Text Content Removal,NA,no-text-content,-
footer-version,x-test-footer-version,app_component_html,gamma-ancestor,i,HTML Tag Removal,NA,would-drop-x-test,-
footer-version,x-test-footer-version,app_component_html,gamma-ancestor,a,Attribute Value Modification,REJECTED,duplicate,-
footer-version,x-test-footer-version,app_component_html,gamma-ancestor,b,Attribute Removal,REJECTED,duplicate,-
footer-version,x-test-footer-version,app_component_html,gamma-ancestor,c,Attribute Identifier Modification,REJECTED,duplicate,-
footer-version,x-test-footer-version,app_component_html,gamma-ancestor,j,HTML Tag Type Modification,REJECTED,duplicate,-
footer-version,x-test-footer-version,app_component_html,gamma-ancestor,k,HTML Tag Insertion,REJECTED,duplicate,-
footer-version,x-test-footer-version,app_component_html,delta-sibling,a,Attribute Value Modification,REJECTED,duplicate,-
footer-version,x-test-footer-version,app_component_html,delta-sibling,b,Attribute Removal,REJECTED,duplicate,-
footer-version,x-test-footer-version,app_component_html,delta-sibling,c,Attribute Identifier Modification,REJECTED,duplicate,-
footer-version,x-test-footer-version,app_component_html,delta-sibling,d,Text Content Modification,REJECTED,duplicate,-
footer-version,x-test-footer-version,app_component_html,delta-sibling,e,Text Content Removal,REJECTED,duplicate,-
footer-version,x-test-footer-version,app_component_html,delta-sibling,i,HTML Tag Removal,REJECTED,duplicate,-
footer-version,x-test-footer-version,app_component_html,delta-sibling,j,HTML Tag Type Modification,REJECTED,duplicate,-
footer-version,x-test-footer-version,app_component_html,delta-sibling,k,HTML Tag Insertion,REJECTED,duplicate,-
footer-version,x-test-footer-version,app_component_html,epsilon-component,a,Attribute Value Modification,NA,no-such-role,-
footer-version,x-test-footer-version,app_component_html,epsilon-component,b,Attribute Removal,NA,no-such-role,-
footer-version,x-test-footer-version,app_component_html,epsilon-component,c,Attribute Identifier Modification,NA,no-such-role,-
footer-version,x-test-footer-version,app_component_html,epsilon-component,d,Text Content Modification,NA,no-such-role,-
footer-version,x-test-footer-version,app_component_html,epsilon-component,e,Text Content Removal,NA,no-such-role,-
footer-version,x-test-footer-version,app_component_html,epsilon-component,i,HTML Tag Removal,NA,no-such-role,-
footer-version,x-test-footer-version,app_component_html,epsilon-component,j,HTML Tag Type Modification,NA,no-such-role,-
footer-version,x-test-footer-version,app_component_html,epsilon-component,k,HTML Tag Insertion,NA,no-such-role,-
app-main,x-test-main,app_component_html,alpha-target,d,Text Content Modification,NA,no-text-content,-
app-main,x-test-main,app_component_html,alpha-target,e,Text Content Removal,NA,no-text-content,-
app-main,x-test-main,app_component_html,alpha-target,i,HTML Tag Removal,NA,would-drop-x-test,-
app-main,x-test-main,app_component_html,alpha-target,a,Attribute Value Modification,SAVED,,LLMR_app_component_html_app_main_alf_a
app-main,x-test-main,app_component_html,alpha-target,b,Attribute Removal,SAVED,,LLMR_app_component_html_app_main_alf_b
app-main,x-test-main,app_component_html,alpha-target,c,Attribute Identifier Modification,SAVED,,LLMR_app_component_html_app_main_alf_c
app-main,x-test-main,app_component_html,alpha-target,j,HTML Tag Type Modification,SAVED,,LLMR_app_component_html_app_main_alf_j
app-main,x-test-main,app_component_html,alpha-target,k,HTML Tag Insertion,SAVED,,LLMR_app_component_html_app_main_alf_k
app-main,x-test-main,app_component_html,beta-parent,d,Text Content Modification,NA,no-text-content,-
app-main,x-test-main,app_component_html,beta-parent,e,Text Content Removal,NA,no-text-content,-
app-main,x-test-main,app_component_html,beta-parent,i,HTML Tag Removal,NA,root-element,-
app-main,x-test-main,app_component_html,beta-parent,a,Attribute Value Modification,SAVED,,LLMR_app_component_html_app_main_bet_a
app-main,x-test-main,app_component_html,beta-parent,b,Attribute Removal,SAVED,,LLMR_app_component_html_app_main_bet_b
app-main,x-test-main,app_component_html,beta-parent,c,Attribute Identifier Modification,SAVED,,LLMR_app_component_html_app_main_bet_c
app-main,x-test-main,app_component_html,beta-parent,j,HTML Tag Type Modification,SAVED,,LLMR_app_component_html_app_main_bet_j
app-main,x-test-main,app_component_html,beta-parent,k,HTML Tag Insertion,SAVED,,LLMR_app_component_html_app_main_bet_k
app-main,x-test-main,app_component_html,gamma-ancestor,a,Attribute Value Modification,NA,no-such-role,-
app-main,x-test-main,app_component_html,gamma-ancestor,b,Attribute Removal,NA,no-such-role,-
app-main,x-test-main,app_component_html,gamma-ancestor,c,Attribute Identifier Modification,NA,no-such-role,-
app-main,x-test-main,app_component_html,gamma-ancestor,d,Text Content Modification,NA,no-such-role,-
app-main,x-test-main,app_component_html,gamma-ancestor,e,Text Content Removal,NA,no-such-role,-
app-main,x-test-main,app_component_html,gamma-ancestor,i,HTML Tag Removal,NA,no-such-role,-
app-main,x-test-main,app_component_html,gamma-ancestor,j,HTML Tag Type Modification,NA,no-such-role,-
app-main,x-test-main,app_component_html,gamma-ancestor,k,HTML Tag Insertion,NA,no-such-role,-
app-main,x-test-main,app_component_html,delta-sibling,a,Attribute Value Modification,NA,no-editable-attribute,-
app-main,x-test-main,app_component_html,delta-sibling,b,Attribute Removal,NA,no-editable-attribute,-
app-main,x-test-main,app_component_html,delta-sibling,c,Attribute Identifier Modification,NA,no-editable-attribute,-
app-main,x-test-main,app_component_html,delta-sibling,d,Text Content Modification,NA,no-text-content,-
app-main,x-test-main,app_component_html,delta-sibling,e,Text Content Removal,NA,no-text-content,-
app-main,x-test-main,app_component_html,delta-sibling,i,HTML Tag Removal,REJECTED,missing-in-ingest,-
app-main,x-test-main,app_component_html,delta-sibling,j,HTML Tag Type Modification,SAVED,,LLMR_app_component_html_app_main_del_j
app-main,x-test-main,app_component_html,delta-sibling,k,HTML Tag Insertion,SAVED,,LLMR_app_component_html_app_main_del_k
app-main,x-test-main,app_component_html,epsilon-component,a,Attribute Value Modification,NA,no-such-role,-
app-main,x-test-main,app_component_html,epsilon-component,b,Attribute Removal,NA,no-such-role,-
app-main,x-test-main,app_component_html,epsilon-component,c,Attribute Identifier Modification,NA,no-such-role,-
app-main,x-test-main,app_component_html,epsilon-component,d,Text Content Modification,NA,no-such-role,-
app-main,x-test-main,app_component_html,epsilon-component,e,Text Content Removal,NA,no-such-role,-
app-main,x-test-main,app_component_html,epsilon-component,i,HTML Tag Removal,NA,no-such-role,-
app-main,x-test-main,app_component_html,epsilon-component,j,HTML Tag Type Modification,NA,no-such-role,-
app-main,x-test-main,app_component_html,epsilon-component,k,HTML Tag Insertion,NA,no-such-role,-
toast-message,x-test-toast,toast_component_html,alpha-target,i,HTML Tag Removal,NA,would-drop-x-test,-
toast-message,x-test-toast,toast_component_html,alpha-target,a,Attribute Value Modification,SAVED,,LLMR_toast_component_html_toast_message_alf_a
toast-message,x-test-toast,toast_component_html,alpha-target,b,Attribute Removal,SAVED,,LLMR_toast_component_html_toast_message_alf_b
toast-message,x-test-toast,toast_component_html,alpha-target,c,Attribute Identifier Modification,SAVED,,LLMR_toast_component_html_toast_message_alf_c
toast-message,x-test-toast,toast_component_html,alpha-target,d,Text Content Modification,SAVED,,LLMR_toast_component_html_toast_message_alf_d
toast-message,x-test-toast,toast_component_html,alpha-target,e,Text Content Removal,SAVED,,LLMR_toast_component_html_toast_message_alf_e
toast-message,x-test-toast,toast_component_html,alpha-target,j,HTML Tag Type Modification,SAVED,,LLMR_toast_component_html_toast_message_alf_j
toast-message,x-test-toast,toast_component_html,alpha-target,k,HTML Tag Insertion,SAVED,,LLMR_toast_component_html_toast_message_alf_k
toast-message,x-test-toast,toast_component_html,beta-parent,d,Text Content Modification,NA,no-text-content,-
toast-message,x-test-toast,toast_component_html,beta-parent,e,Text Content Removal,NA,no-text-content,-
toast-message,x-test-toast,toast_component_html,beta-parent,i,HTML Tag Removal,NA,root-element,-
toast-message,x-test-toast,toast_component_html,beta-parent,a,Attribute Value Modification,SAVED,,LLMR_toast_component_html_toast_message_bet_a
toast-message,x-test-toast,toast_component_html,beta-parent,b,Attribute Removal,SAVED,,LLMR_toast_component_html_toast_message_bet_b
toast-message,x-test-toast,toast_component_html,beta-parent,c,Attribute Identifier Modification,SAVED,,LLMR_toast_component_html_toast_message_bet_c
toast-message,x-test-toast,toast_component_html,beta-parent,j,HTML Tag Type Modification,SAVED,,LLMR_toast_component_html_toast_message_bet_j
toast-message,x-test-toast,toast_component_html,beta-parent,k,HTML Tag Insertion,SAVED,,LLMR_toast_component_html_toast_message_bet_k
toast-message,x-test-toast,toast_component_html,gamma-ancestor,a,Attribute Value Modification,NA,no-such-role,-
toast-message,x-test-toast,toast_component_html,gamma-ancestor,b,Attribute Removal,NA,no-such-role,-
toast-message,x-test-toast,toast_component_html,gamma-ancestor,c,Attribute Identifier Modification,NA,no-such-role,-
toast-message,x-test-toast,toast_component_html,gamma-ancestor,d,Text Content Modification,NA,no-such-role,-
toast-message,x-test-toast,toast_component_html,gamma-ancestor,e,Text Content Removal,NA,no-such-role,-
toast-message,x-test-toast,toast_component_html,gamma-ancestor,i,HTML Tag Removal,NA,no-such-role,-
toast-message,x-test-toast,toast_component_html,gamma-ancestor,j,HTML Tag Type Modification,NA,no-such-role,-
toast-message,x-test-toast,toast_component_html,gamma-ancestor,k,HTML Tag Insertion,NA,no-such-role,-
toast-message,x-test-toast,toast_component_html,delta-sibling,i,HTML Tag Removal,NA,would-drop-x-test,-
toast-message,x-test-toast,toast_component_html,delta-sibling,a,Attribute Value Modification,SAVED,,LLMR_toast_component_html_toast_message_del_a
toast-message,x-test-toast,toast_component_html,delta-sibling,b,Attribute Removal,SAVED,,LLMR_toast_component_html_toast_message_del_b
toast-message,x-test-toast,toast_component_html,delta-sibling,c,Attribute Identifier Modification,SAVED,,LLMR_toast_component_html_toast_message_del_c
toast-message,x-test-toast,toast_component_html,delta-sibling,d,Text Content Modification,SAVED,,LLMR_toast_component_html_toast_message_del_d
toast-message,x-test-toast,toast_component_html,delta-sibling,e,Text Content Removal,SAVED,,LLMR_toast_component_html_toast_message_del_e
toast-message,x-test-toast,toast_component_html,delta-sibling,j,HTML Tag Type Modification,SAVED,,LLMR_toast_component_html_toast_message_del_j
toast-message,x-test-toast,toast_component_html,delta-sibling,k,HTML Tag Insertion,SAVED,,LLMR_toast_component_html_toast_message_del_k
toast-message,x-test-toast,toast_component_html,epsilon-component,a,Attribute Value Modification,NA,no-such-role,-
toast-message,x-test-toast,toast_component_html,epsilon-component,b,Attribute Removal,NA,no-such-role,-
toast-message,x-test-toast,toast_component_html,epsilon-component,c,Attribute Identifier Modification,NA,no-such-role,-
toast-message,x-test-toast,toast_component_html,epsilon-component,d,Text Content Modification,NA,no-such-role,-
toast-message,x-test-toast,toast_component_html,epsilon-component,e,Text Content Removal,NA,no-such-role,-
toast-message,x-test-toast,toast_component_html,epsilon-component,i,HTML Tag Removal,NA,no-such-role,-
toast-message,x-test-toast,toast_component_html,epsilon-component,j,HTML Tag Type Modification,NA,no-such-role,-
toast-message,x-test-toast,toast_component_html,epsilon-component,k,HTML Tag Insertion,NA,no-such-role,-
toast-label,x-test-toast-label,toast_component_html,alpha-target,i,HTML Tag Removal,NA,would-drop-x-test,-
toast-label,x-test-toast-label,toast_component_html,alpha-target,a,Attribute Value Modification,REJECTED,duplicate,-
toast-label,x-test-toast-label,toast_component_html,alpha-target,b,Attribute Removal,REJECTED,duplicate,-
toast-label,x-test-toast-label,toast_component_html,alpha-target,c,Attribute Identifier Modification,REJECTED,duplicate,-
toast-label,x-test-toast-label,toast_component_html,alpha-target,d,Text Content Modification,REJECTED,duplicate,-
toast-label,x-test-toast-label,toast_component_html,alpha-target,e,Text Content Removal,REJECTED,duplicate,-
toast-label,x-test-toast-label,toast_component_html,alpha-target,j,HTML Tag Type Modification,REJECTED,duplicate,-
toast-label,x-test-toast-label,toast_component_html,alpha-target,k,HTML Tag Insertion,REJECTED,duplicate,-
toast-label,x-test-toast-label,toast_component_html,beta-parent,d,Text Content Modification,NA,no-text-content,-
toast-label,x-test-toast-label,toast_component_html,beta-parent,e,Text Content Removal,NA,no-text-content,-
toast-label,x-test-toast-label,toast_component_html,beta-parent,i,HTML Tag Removal,NA,root-element,-
toast-label,x-test-toast-label,toast_component_html,beta-parent,a,Attribute Value Modification,REJECTED,duplicate,-
toast-label,x-test-toast-label,toast_component_html,beta-parent,b,Attribute Removal,REJECTED,duplicate,-
toast-label,x-test-toast-label,toast_component_html,beta-parent,c,Attribute Identifier Modification,REJECTED,duplicate,-
toast-label,x-test-toast-label,toast_component_html,beta-parent,j,HTML Tag Type Modification,REJECTED,duplicate,-
toast-label,x-test-toast-label,toast_component_html,beta-parent,k,HTML Tag Insertion,REJECTED,duplicate,-
toast-label,x-test-toast-label,toast_component_html,gamma-ancestor,a,Attribute Value Modification,NA,no-such-role,-
toast-label,x-test-toast-label,toast_component_html,gamma-ancestor,b,Attribute Removal,NA,no-such-role,-
toast-label,x-test-toast-label,toast_component_html,gamma-ancestor,c,Attribute Identifier Modification,NA,no-such-role,-
toast-label,x-test-toast-label,toast_component_html,gamma-ancestor,d,Text Content Modification,NA,no-such-role,-
toast-label,x-test-toast-label,toast_component_html,gamma-ancestor,e,Text Content Removal,NA,no-such-role,-
toast-label,x-test-toast-label,toast_component_html,gamma-ancestor,i,HTML Tag Removal,NA,no-such-role,-
toast-label,x-test-toast-label,toast_component_html,gamma-ancestor,j,HTML Tag Type Modification,NA,no-such-role,-
toast-label,x-test-toast-label,toast_component_html,gamma-ancestor,k,HTML Tag Insertion,NA,no-such-role,-
toast-label,x-test-toast-label,toast_component_html,delta-sibling,i,HTML Tag Removal,NA,would-drop-x-test,-
toast-label,x-test-toast-label,toast_component_html,delta-sibling,a,Attribute Value Modification,REJECTED,duplicate,-
toast-label,x-test-toast-label,toast_component_html,delta-sibling,b,Attribute Removal,REJECTED,duplicate,-
toast-label,x-test-toast-label,toast_component_html,delta-sibling,c,Attribute Identifier Modification,REJECTED,duplicate,-
toast-label,x-test-toast-label,toast_component_html,delta-sibling,d,Text Content Modification,REJECTED,duplicate,-
toast-label,x-test-toast-label,toast_component_html,delta-sibling,e,Text Content Removal,REJECTED,duplicate,-
toast-label,x-test-toast-label,toast_component_html,delta-sibling,j,HTML Tag Type Modification,REJECTED,duplicate,-
toast-label,x-test-toast-label,toast_component_html,delta-sibling,k,HTML Tag Insertion,REJECTED,duplicate,-
toast-label,x-test-toast-label,toast_component_html,epsilon-component,a,Attribute Value Modification,NA,no-such-role,-
toast-label,x-test-toast-label,toast_component_html,epsilon-component,b,Attribute Removal,NA,no-such-role,-
toast-label,x-test-toast-label,toast_component_html,epsilon-component,c,Attribute Identifier Modification,NA,no-such-role,-
toast-label,x-test-toast-label,toast_component_html,epsilon-component,d,Text Content Modification,NA,no-such-role,-
toast-label,x-test-toast-label,toast_component_html,epsilon-component,e,Text Content Removal,NA,no-such-role,-
toast-label,x-test-toast-label,toast_component_html,epsilon-component,i,HTML Tag Removal,NA,no-such-role,-
toast-label,x-test-toast-label,toast_component_html,epsilon-component,j,HTML Tag Type Modification,NA,no-such-role,-
toast-label,x-test-toast-label,toast_component_html,epsilon-component,k,HTML Tag Insertion,NA,no-such-role,-
auto-board-board,x-test-board,board_component_html,alpha-target,d,Text Content Modification,NA,no-text-content,-
auto-board-board,x-test-board,board_component_html,alpha-target,e,Text Content Removal,NA,no-text-content,-
auto-board-board,x-test-board,board_component_html,alpha-target,i,HTML Tag Removal,NA,root-element,-
auto-board-board,x-test-board,board_component_html,alpha-target,a,Attribute Value Modification,REJECTED,duplicate,-
auto-board-board,x-test-board,board_component_html,alpha-target,b,Attribute Removal,REJECTED,duplicate,-
auto-board-board,x-test-board,board_component_html,alpha-target,c,Attribute Identifier Modification,REJECTED,duplicate,-
auto-board-board,x-test-board,board_component_html,alpha-target,j,HTML Tag Type Modification,REJECTED,duplicate,-
auto-board-board,x-test-board,board_component_html,alpha-target,k,HTML Tag Insertion,SAVED,,LLMR_board_component_html_auto_board_board_alf_k
auto-board-board,x-test-board,board_component_html,beta-parent,a,Attribute Value Modification,NA,boundary-element,-
auto-board-board,x-test-board,board_component_html,beta-parent,b,Attribute Removal,NA,boundary-element,-
auto-board-board,x-test-board,board_component_html,beta-parent,c,Attribute Identifier Modification,NA,boundary-element,-
auto-board-board,x-test-board,board_component_html,beta-parent,d,Text Content Modification,NA,boundary-element,-
auto-board-board,x-test-board,board_component_html,beta-parent,e,Text Content Removal,NA,boundary-element,-
auto-board-board,x-test-board,board_component_html,beta-parent,i,HTML Tag Removal,NA,boundary-element,-
auto-board-board,x-test-board,board_component_html,beta-parent,j,HTML Tag Type Modification,NA,boundary-element,-
auto-board-board,x-test-board,board_component_html,beta-parent,k,HTML Tag Insertion,NA,boundary-element,-
auto-board-board,x-test-board,board_component_html,gamma-ancestor,a,Attribute Value Modification,NA,no-such-role,-
auto-board-board,x-test-board,board_component_html,gamma-ancestor,b,Attribute Removal,NA,no-such-role,-
auto-board-board,x-test-board,board_component_html,gamma-ancestor,c,Attribute Identifier Modification,NA,no-such-role,-
auto-board-board,x-test-board,board_component_html,gamma-ancestor,d,Text Content Modification,NA,no-such-role,-
auto-board-board,x-test-board,board_component_html,gamma-ancestor,e,Text Content Removal,NA,no-such-role,-
auto-board-board,x-test-board,board_component_html,gamma-ancestor,i,HTML Tag Removal,NA,no-such-role,-
auto-board-board,x-test-board,board_component_html,gamma-ancestor,j,HTML Tag Type Modification,NA,no-such-role,-
auto-board-board,x-test-board,board_component_html,gamma-ancestor,k,HTML Tag Insertion,NA,no-such-role,-
auto-board-board,x-test-board,board_component_html,delta-sibling,a,Attribute Value Modification,NA,no-such-role,-
auto-board-board,x-test-board,board_component_html,delta-sibling,b,Attribute Removal,NA,no-such-role,-
auto-board-board,x-test-board,board_component_html,delta-sibling,c,Attribute Identifier Modification,NA,no-such-role,-
auto-board-board,x-test-board,board_component_html,delta-sibling,d,Text Content Modification,NA,no-such-role,-
auto-board-board,x-test-board,board_component_html,delta-sibling,e,Text Content Removal,NA,no-such-role,-
auto-board-board,x-test-board,board_component_html,delta-sibling,i,HTML Tag Removal,NA,no-such-role,-
auto-board-board,x-test-board,board_component_html,delta-sibling,j,HTML Tag Type Modification,NA,no-such-role,-
auto-board-board,x-test-board,board_component_html,delta-sibling,k,HTML Tag Insertion,NA,no-such-role,-
auto-board-board,x-test-board,board_component_html,epsilon-component,a,Attribute Value Modification,NA,no-such-role,-
auto-board-board,x-test-board,board_component_html,epsilon-component,b,Attribute Removal,NA,no-such-role,-
auto-board-board,x-test-board,board_component_html,epsilon-component,c,Attribute Identifier Modification,NA,no-such-role,-
auto-board-board,x-test-board,board_component_html,epsilon-component,d,Text Content Modification,NA,no-such-role,-
auto-board-board,x-test-board,board_component_html,epsilon-component,e,Text Content Removal,NA,no-such-role,-
auto-board-board,x-test-board,board_component_html,epsilon-component,i,HTML Tag Removal,NA,no-such-role,-
auto-board-board,x-test-board,board_component_html,epsilon-component,j,HTML Tag Type Modification,NA,no-such-role,-
auto-board-board,x-test-board,board_component_html,epsilon-component,k,HTML Tag Insertion,NA,no-such-role,-
auto-board-board-intro,x-test-board-intro,board_component_html,alpha-target,d,Text Content Modification,NA,no-text-content,-
auto-board-board-intro,x-test-board-intro,board_component_html,alpha-target,e,Text Content Removal,NA,no-text-content,-
auto-board-board-intro,x-test-board-intro,board_component_html,alpha-target,i,HTML Tag Removal,NA,would-drop-x-test,-
auto-board-board-intro,x-test-board-intro,board_component_html,alpha-target,a,Attribute Value Modification,SAVED,,LLMR_board_component_html_auto_board_board_intro_alf_a
auto-board-board-intro,x-test-board-intro,board_component_html,alpha-target,b,Attribute Removal,REJECTED,duplicate,-
auto-board-board-intro,x-test-board-intro,board_component_html,alpha-target,c,Attribute Identifier Modification,REJECTED,duplicate,-
auto-board-board-intro,x-test-board-intro,board_component_html,alpha-target,j,HTML Tag Type Modification,SAVED,,LLMR_board_component_html_auto_board_board_intro_alf_j
auto-board-board-intro,x-test-board-intro,board_component_html,alpha-target,k,HTML Tag Insertion,SAVED,,LLMR_board_component_html_auto_board_board_intro_alf_k
auto-board-board-intro,x-test-board-intro,board_component_html,beta-parent,d,Text Content Modification,NA,no-text-content,-
auto-board-board-intro,x-test-board-intro,board_component_html,beta-parent,e,Text Content Removal,NA,no-text-content,-
auto-board-board-intro,x-test-board-intro,board_component_html,beta-parent,i,HTML Tag Removal,NA,root-element,-
auto-board-board-intro,x-test-board-intro,board_component_html,beta-parent,a,Attribute Value Modification,REJECTED,duplicate,-
auto-board-board-intro,x-test-board-intro,board_component_html,beta-parent,b,Attribute Removal,REJECTED,duplicate,-
auto-board-board-intro,x-test-board-intro,board_component_html,beta-parent,c,Attribute Identifier Modification,REJECTED,duplicate,-
auto-board-board-intro,x-test-board-intro,board_component_html,beta-parent,j,HTML Tag Type Modification,REJECTED,duplicate,-
auto-board-board-intro,x-test-board-intro,board_component_html,beta-parent,k,HTML Tag Insertion,REJECTED,duplicate,-
auto-board-board-intro,x-test-board-intro,board_component_html,gamma-ancestor,a,Attribute Value Modification,NA,no-such-role,-
auto-board-board-intro,x-test-board-intro,board_component_html,gamma-ancestor,b,Attribute Removal,NA,no-such-role,-
auto-board-board-intro,x-test-board-intro,board_component_html,gamma-ancestor,c,Attribute Identifier Modification,NA,no-such-role,-
auto-board-board-intro,x-test-board-intro,board_component_html,gamma-ancestor,d,Text Content Modification,NA,no-such-role,-
auto-board-board-intro,x-test-board-intro,board_component_html,gamma-ancestor,e,Text Content Removal,NA,no-such-role,-
auto-board-board-intro,x-test-board-intro,board_component_html,gamma-ancestor,i,HTML Tag Removal,NA,no-such-role,-
auto-board-board-intro,x-test-board-intro,board_component_html,gamma-ancestor,j,HTML Tag Type Modification,NA,no-such-role,-
auto-board-board-intro,x-test-board-intro,board_component_html,gamma-ancestor,k,HTML Tag Insertion,NA,no-such-role,-
auto-board-board-intro,x-test-board-intro,board_component_html,delta-sibling,d,Text Content Modification,NA,no-text-content,-
auto-board-board-intro,x-test-board-intro,board_component_html,delta-sibling,e,Text Content Removal,NA,no-text-content,-
auto-board-board-intro,x-test-board-intro,board_component_html,delta-sibling,i,HTML Tag Removal,NA,would-drop-x-test,-
auto-board-board-intro,x-test-board-intro,board_component_html,delta-sibling,a,Attribute Value Modification,SAVED,,LLMR_board_component_html_auto_board_board_intro_del_a
auto-board-board-intro,x-test-board-intro,board_component_html,delta-sibling,b,Attribute Removal,SAVED,,LLMR_board_component_html_auto_board_board_intro_del_b
auto-board-board-intro,x-test-board-intro,board_component_html,delta-sibling,c,Attribute Identifier Modification,SAVED,,LLMR_board_component_html_auto_board_board_intro_del_c
auto-board-board-intro,x-test-board-intro,board_component_html,delta-sibling,j,HTML Tag Type Modification,REJECTED,duplicate,-
auto-board-board-intro,x-test-board-intro,board_component_html,delta-sibling,k,HTML Tag Insertion,SAVED,,LLMR_board_component_html_auto_board_board_intro_del_k
auto-board-board-intro,x-test-board-intro,board_component_html,epsilon-component,a,Attribute Value Modification,NA,no-such-role,-
auto-board-board-intro,x-test-board-intro,board_component_html,epsilon-component,b,Attribute Removal,NA,no-such-role,-
auto-board-board-intro,x-test-board-intro,board_component_html,epsilon-component,c,Attribute Identifier Modification,NA,no-such-role,-
auto-board-board-intro,x-test-board-intro,board_component_html,epsilon-component,d,Text Content Modification,NA,no-such-role,-
auto-board-board-intro,x-test-board-intro,board_component_html,epsilon-component,e,Text Content Removal,NA,no-such-role,-
auto-board-board-intro,x-test-board-intro,board_component_html,epsilon-component,i,HTML Tag Removal,NA,no-such-role,-
auto-board-board-intro,x-test-board-intro,board_component_html,epsilon-component,j,HTML Tag Type Modification,NA,no-such-role,-
auto-board-board-intro,x-test-board-intro,board_component_html,epsilon-component,k,HTML Tag Insertion,NA,no-such-role,-
auto-board-toolbar,x-test-toolbar,board_component_html,alpha-target,d,Text Content Modification,NA,no-text-content,-
auto-board-toolbar,x-test-toolbar,board_component_html,alpha-target,e,Text Content Removal,NA,no-text-content,-
auto-board-toolbar,x-test-toolbar,board_component_html,alpha-target,i,HTML Tag Removal,NA,would-drop-x-test,-
auto-board-toolbar,x-test-toolbar,board_component_html,alpha-target,a,Attribute Value Modification,REJECTED,duplicate,-
auto-board-toolbar,x-test-toolbar,board_component_html,alpha-target,b,Attribute Removal,REJECTED,duplicate,-
auto-board-toolbar,x-test-toolbar,board_component_html,alpha-target,c,Attribute Identifier Modification,REJECTED,duplicate,-
auto-board-toolbar,x-test-toolbar,board_component_html,alpha-target,j,HTML Tag Type Modification,REJECTED,duplicate,-
auto-board-toolbar,x-test-toolbar,board_component_html,alpha-target,k,HTML Tag Insertion,REJECTED,duplicate,-
auto-board-toolbar,x-test-toolbar,board_component_html,beta-parent,d,Text Content Modification,NA,no-text-content,-
auto-board-toolbar,x-test-toolbar,board_component_html,beta-parent,e,Text Content Removal,NA,no-text-content,-
auto-board-toolbar,x-test-toolbar,board_component_html,beta-parent,i,HTML Tag Removal,NA,root-element,-
auto-board-toolbar,x-test-toolbar,board_component_html,beta-parent,a,Attribute Value Modification,REJECTED,duplicate,-
auto-board-toolbar,x-test-toolbar,board_component_html,beta-parent,b,Attribute Removal,REJECTED,duplicate,-
auto-board-toolbar,x-test-toolbar,board_component_html,beta-parent,c,Attribute Identifier Modification,REJECTED,duplicate,-
auto-board-toolbar,x-test-toolbar,board_component_html,beta-parent,j,HTML Tag Type Modification,REJECTED,duplicate,-
auto-board-toolbar,x-test-toolbar,board_component_html,beta-parent,k,HTML Tag Insertion,REJECTED,duplicate,-
auto-board-toolbar,x-test-toolbar,board_component_html,gamma-ancestor,a,Attribute Value Modification,NA,no-such-role,-
auto-board-toolbar,x-test-toolbar,board_component_html,gamma-ancestor,b,Attribute Removal,NA,no-such-role,-
auto-board-toolbar,x-test-toolbar,board_component_html,gamma-ancestor,c,Attribute Identifier Modification,NA,no-such-role,-
auto-board-toolbar,x-test-toolbar,board_component_html,gamma-ancestor,d,Text Content Modification,NA,no-such-role,-
auto-board-toolbar,x-test-toolbar,board_component_html,gamma-ancestor,e,Text Content Removal,NA,no-such-role,-
auto-board-toolbar,x-test-toolbar,board_component_html,gamma-ancestor,i,HTML Tag Removal,NA,no-such-role,-
auto-board-toolbar,x-test-toolbar,board_component_html,gamma-ancestor,j,HTML Tag Type Modification,NA,no-such-role,-
auto-board-toolbar,x-test-toolbar,board_component_html,gamma-ancestor,k,HTML Tag Insertion,NA,no-such-role,-
auto-board-toolbar,x-test-toolbar,board_component_html,delta-sibling,d,Text Content Modification,NA,no-text-content,-
auto-board-toolbar,x-test-toolbar,board_component_html,delta-sibling,e,Text Content Removal,NA,no-text-content,-
auto-board-toolbar,x-test-toolbar,board_component_html,delta-sibling,i,HTML Tag Removal,NA,would-drop-x-test,-
auto-board-toolbar,x-test-toolbar,board_component_html,delta-sibling,a,Attribute Value Modification,SAVED,,LLMR_board_component_html_auto_board_toolbar_del_a
auto-board-toolbar,x-test-toolbar,board_component_html,delta-sibling,b,Attribute Removal,SAVED,,LLMR_board_component_html_auto_board_toolbar_del_b
auto-board-toolbar,x-test-toolbar,board_component_html,delta-sibling,c,Attribute Identifier Modification,SAVED,,LLMR_board_component_html_auto_board_toolbar_del_c
auto-board-toolbar,x-test-toolbar,board_component_html,delta-sibling,j,HTML Tag Type Modification,REJECTED,duplicate,-
auto-board-toolbar,x-test-toolbar,board_component_html,delta-sibling,k,HTML Tag Insertion,SAVED,,LLMR_board_component_html_auto_board_toolbar_del_k
auto-board-toolbar,x-test-toolbar,board_component_html,epsilon-component,a,Attribute Value Modification,NA,no-such-role,-
auto-board-toolbar,x-test-toolbar,board_component_html,epsilon-component,b,Attribute Removal,NA,no-such-role,-
auto-board-toolbar,x-test-toolbar,board_component_html,epsilon-component,c,Attribute Identifier Modification,NA,no-such-role,-
auto-board-toolbar,x-test-toolbar,board_component_html,epsilon-component,d,Text Content Modification,NA,no-such-role,-
auto-board-toolbar,x-test-toolbar,board_component_html,epsilon-component,e,Text Content Removal,NA,no-such-role,-
auto-board-toolbar,x-test-toolbar,board_component_html,epsilon-component,i,HTML Tag Removal,NA,no-such-role,-
auto-board-toolbar,x-test-toolbar,board_component_html,epsilon-component,j,HTML Tag Type Modification,NA,no-such-role,-
auto-board-toolbar,x-test-toolbar,board_component_html,epsilon-component,k,HTML Tag Insertion,NA,no-such-role,-
auto-board-toolbar-search,x-test-toolbar-search,board_component_html,alpha-target,d,Text Content Modification,NA,no-text-content,-
auto-board-toolbar-search,x-test-toolbar-search,board_component_html,alpha-target,e,Text Content Removal,NA,no-text-content,-
auto-board-toolbar-search,x-test-toolbar-search,board_component_html,alpha-target,i,HTML Tag Removal,NA,would-drop-x-test,-
auto-board-toolbar-search,x-test-toolbar-search,board_component_html,alpha-target,a,Attribute Value Modification,SAVED,,LLMR_board_component_html_auto_board_toolbar_search_alf_a
auto-board-toolbar-search,x-test-toolbar-search,board_component_html,alpha-target,b,Attribute Removal,REJECTED,duplicate,-
auto-board-toolbar-search,x-test-toolbar-search,board_component_html,alpha-target,c,Attribute Identifier Modification,SAVED,,LLMR_board_component_html_auto_board_toolbar_search_alf_c
auto-board-toolbar-search,x-test-toolbar-search,board_component_html,alpha-target,j,HTML Tag Type Modification,REJECTED,duplicate,-
auto-board-toolbar-search,x-test-toolbar-search,board_component_html,alpha-target,k,HTML Tag Insertion,SAVED,,LLMR_board_component_html_auto_board_toolbar_search_alf_k
auto-board-toolbar-search,x-test-toolbar-search,board_component_html,beta-parent,d,Text Content Modification,NA,no-text-content,-
auto-board-toolbar-search,x-test-toolbar-search,board_component_html,beta-parent,e,Text Content Removal,NA,no-text-content,-
auto-board-toolbar-search,x-test-toolbar-search,board_component_html,beta-parent,i,HTML Tag Removal,NA,would-drop-x-test,-
auto-board-toolbar-search,x-test-toolbar-search,board_component_html,beta-parent,a,Attribute Value Modification,REJECTED,duplicate,-
auto-board-toolbar-search,x-test-toolbar-search,board_component_html,beta-parent,b,Attribute Removal,REJECTED,duplicate,-
auto-board-toolbar-search,x-test-toolbar-search,board_component_html,beta-parent,c,Attribute Identifier Modification,REJECTED,duplicate,-
auto-board-toolbar-search,x-test-toolbar-search,board_component_html,beta-parent,j,HTML Tag Type Modification,REJECTED,duplicate,-
auto-board-toolbar-search,x-test-toolbar-search,board_component_html,beta-parent,k,HTML Tag Insertion,REJECTED,duplicate,-
auto-board-toolbar-search,x-test-toolbar-search,board_component_html,gamma-ancestor,d,Text Content Modification,NA,no-text-content,-
auto-board-toolbar-search,x-test-toolbar-search,board_component_html,gamma-ancestor,e,Text Content Removal,NA,no-text-content,-
auto-board-toolbar-search,x-test-toolbar-search,board_component_html,gamma-ancestor,i,HTML Tag Removal,NA,root-element,-
auto-board-toolbar-search,x-test-toolbar-search,board_component_html,gamma-ancestor,a,Attribute Value Modification,REJECTED,duplicate,-
auto-board-toolbar-search,x-test-toolbar-search,board_component_html,gamma-ancestor,b,Attribute Removal,REJECTED,duplicate,-
auto-board-toolbar-search,x-test-toolbar-search,board_component_html,gamma-ancestor,c,Attribute Identifier Modification,REJECTED,duplicate,-
auto-board-toolbar-search,x-test-toolbar-search,board_component_html,gamma-ancestor,j,HTML Tag Type Modification,REJECTED,duplicate,-
auto-board-toolbar-search,x-test-toolbar-search,board_component_html,gamma-ancestor,k,HTML Tag Insertion,REJECTED,duplicate,-
auto-board-toolbar-search,x-test-toolbar-search,board_component_html,delta-sibling,d,Text Content Modification,NA,no-text-content,-
auto-board-toolbar-search,x-test-toolbar-search,board_component_html,delta-sibling,e,Text Content Removal,NA,no-text-content,-
auto-board-toolbar-search,x-test-toolbar-search,board_component_html,delta-sibling,i,HTML Tag Removal,NA,would-drop-x-test,-
auto-board-toolbar-search,x-test-toolbar-search,board_component_html,delta-sibling,a,Attribute Value Modification,SAVED,,LLMR_board_component_html_auto_board_toolbar_search_del_a
auto-board-toolbar-search,x-test-toolbar-search,board_component_html,delta-sibling,b,Attribute Removal,REJECTED,duplicate,-
auto-board-toolbar-search,x-test-toolbar-search,board_component_html,delta-sibling,c,Attribute Identifier Modification,REJECTED,duplicate,-
auto-board-toolbar-search,x-test-toolbar-search,board_component_html,delta-sibling,j,HTML Tag Type Modification,REJECTED,duplicate,-
auto-board-toolbar-search,x-test-toolbar-search,board_component_html,delta-sibling,k,HTML Tag Insertion,SAVED,,LLMR_board_component_html_auto_board_toolbar_search_del_k
auto-board-toolbar-search,x-test-toolbar-search,board_component_html,epsilon-component,a,Attribute Value Modification,NA,no-such-role,-
auto-board-toolbar-search,x-test-toolbar-search,board_component_html,epsilon-component,b,Attribute Removal,NA,no-such-role,-
auto-board-toolbar-search,x-test-toolbar-search,board_component_html,epsilon-component,c,Attribute Identifier Modification,NA,no-such-role,-
auto-board-toolbar-search,x-test-toolbar-search,board_component_html,epsilon-component,d,Text Content Modification,NA,no-such-role,-
auto-board-toolbar-search,x-test-toolbar-search,board_component_html,epsilon-component,e,Text Content Removal,NA,no-such-role,-
auto-board-toolbar-search,x-test-toolbar-search,board_component_html,epsilon-component,i,HTML Tag Removal,NA,no-such-role,-
auto-board-toolbar-search,x-test-toolbar-search,board_component_html,epsilon-component,j,HTML Tag Type Modification,NA,no-such-role,-
auto-board-toolbar-search,x-test-toolbar-search,board_component_html,epsilon-component,k,HTML Tag Insertion,NA,no-such-role,-
auto-board-toolbar-priority,x-test-toolbar-priority,board_component_html,alpha-target,d,Text Content Modification,NA,no-text-content,-
auto-board-toolbar-priority,x-test-toolbar-priority,board_component_html,alpha-target,e,Text Content Removal,NA,no-text-content,-
auto-board-toolbar-priority,x-test-toolbar-priority,board_component_html,alpha-target,i,HTML Tag Removal,NA,would-drop-x-test,-
auto-board-toolbar-priority,x-test-toolbar-priority,board_component_html,alpha-target,a,Attribute Value Modification,REJECTED,duplicate,-
auto-board-toolbar-priority,x-test-toolbar-priority,board_component_html,alpha-target,b,Attribute Removal,REJECTED,duplicate,-
auto-board-toolbar-priority,x-test-toolbar-priority,board_component_html,alpha-target,c,Attribute Identifier Modification,REJECTED,duplicate,-
auto-board-toolbar-priority,x-test-toolbar-priority,board_component_html,alpha-target,j,HTML Tag Type Modification,REJECTED,duplicate,-
auto-board-toolbar-priority,x-test-toolbar-priority,board_component_html,alpha-target,k,HTML Tag Insertion,REJECTED,duplicate,-
auto-board-toolbar-priority,x-test-toolbar-priority,board_component_html,beta-parent,d,Text Content Modification,NA,no-text-content,-
auto-board-toolbar-priority,x-test-toolbar-priority,board_component_html,beta-parent,e,Text Content Removal,NA,no-text-content,-
auto-board-toolbar-priority,x-test-toolbar-priority,board_component_html,beta-parent,i,HTML Tag Removal,NA,would-drop-x-test,-
auto-board-toolbar-priority,x-test-toolbar-priority,board_component_html,beta-parent,a,Attribute Value Modification,REJECTED,duplicate,-
auto-board-toolbar-priority,x-test-toolbar-priority,board_component_html,beta-parent,b,Attribute Removal,REJECTED,duplicate,-
auto-board-toolbar-priority,x-test-toolbar-priority,board_component_html,beta-parent,c,Attribute Identifier Modification,REJECTED,duplicate,-
auto-board-toolbar-priority,x-test-toolbar-priority,board_component_html,beta-parent,j,HTML Tag Type Modification,REJECTED,duplicate,-
auto-board-toolbar-priority,x-test-toolbar-priority,board_component_html,beta-parent,k,HTML Tag Insertion,REJECTED,duplicate,-
auto-board-toolbar-priority,x-test-toolbar-priority,board_component_html,gamma-ancestor,d,Text Content Modification,NA,no-text-content,-
auto-board-toolbar-priority,x-test-toolbar-priority,board_component_html,gamma-ancestor,e,Text Content Removal,NA,no-text-content,-
auto-board-toolbar-priority,x-test-toolbar-priority,board_component_html,gamma-ancestor,i,HTML Tag Removal,NA,root-element,-
auto-board-toolbar-priority,x-test-toolbar-priority,board_component_html,gamma-ancestor,a,Attribute Value Modification,REJECTED,duplicate,-
auto-board-toolbar-priority,x-test-toolbar-priority,board_component_html,gamma-ancestor,b,Attribute Removal,REJECTED,duplicate,-
auto-board-toolbar-priority,x-test-toolbar-priority,board_component_html,gamma-ancestor,c,Attribute Identifier Modification,REJECTED,duplicate,-
auto-board-toolbar-priority,x-test-toolbar-priority,board_component_html,gamma-ancestor,j,HTML Tag Type Modification,REJECTED,duplicate,-
auto-board-toolbar-priority,x-test-toolbar-priority,board_component_html,gamma-ancestor,k,HTML Tag Insertion,REJECTED,duplicate,-
auto-board-toolbar-priority,x-test-toolbar-priority,board_component_html,delta-sibling,d,Text Content Modification,NA,no-text-content,-
auto-board-toolbar-priority,x-test-toolbar-priority,board_component_html,delta-sibling,e,Text Content Removal,NA,no-text-content,-
auto-board-toolbar-priority,x-test-toolbar-priority,board_component_html,delta-sibling,i,HTML Tag Removal,NA,would-drop-x-test,-
auto-board-toolbar-priority,x-test-toolbar-priority,board_component_html,delta-sibling,a,Attribute Value Modification,SAVED,,LLMR_board_component_html_auto_board_toolbar_priority_del_a
auto-board-toolbar-priority,x-test-toolbar-priority,board_component_html,delta-sibling,b,Attribute Removal,REJECTED,duplicate,-
auto-board-toolbar-priority,x-test-toolbar-priority,board_component_html,delta-sibling,c,Attribute Identifier Modification,REJECTED,duplicate,-
auto-board-toolbar-priority,x-test-toolbar-priority,board_component_html,delta-sibling,j,HTML Tag Type Modification,REJECTED,duplicate,-
auto-board-toolbar-priority,x-test-toolbar-priority,board_component_html,delta-sibling,k,HTML Tag Insertion,SAVED,,LLMR_board_component_html_auto_board_toolbar_priority_del_k
auto-board-toolbar-priority,x-test-toolbar-priority,board_component_html,epsilon-component,a,Attribute Value Modification,NA,no-such-role,-
auto-board-toolbar-priority,x-test-toolbar-priority,board_component_html,epsilon-component,b,Attribute Removal,NA,no-such-role,-
auto-board-toolbar-priority,x-test-toolbar-priority,board_component_html,epsilon-component,c,Attribute Identifier Modification,NA,no-such-role,-
auto-board-toolbar-priority,x-test-toolbar-priority,board_component_html,epsilon-component,d,Text Content Modification,NA,no-such-role,-
auto-board-toolbar-priority,x-test-toolbar-priority,board_component_html,epsilon-component,e,Text Content Removal,NA,no-such-role,-
auto-board-toolbar-priority,x-test-toolbar-priority,board_component_html,epsilon-component,i,HTML Tag Removal,NA,no-such-role,-
auto-board-toolbar-priority,x-test-toolbar-priority,board_component_html,epsilon-component,j,HTML Tag Type Modification,NA,no-such-role,-
auto-board-toolbar-priority,x-test-toolbar-priority,board_component_html,epsilon-component,k,HTML Tag Insertion,NA,no-such-role,-
auto-board-toolbar-assignee,x-test-toolbar-assignee,board_component_html,alpha-target,d,Text Content Modification,NA,no-text-content,-
auto-board-toolbar-assignee,x-test-toolbar-assignee,board_component_html,alpha-target,e,Text Content Removal,NA,no-text-content,-
auto-board-toolbar-assignee,x-test-toolbar-assignee,board_component_html,alpha-target,i,HTML Tag Removal,NA,would-drop-x-test,-
auto-board-toolbar-assignee,x-test-toolbar-assignee,board_component_html,alpha-target,a,Attribute Value Modification,REJECTED,duplicate,-
auto-board-toolbar-assignee,x-test-toolbar-assignee,board_component_html,alpha-target,b,Attribute Removal,REJECTED,duplicate,-
auto-board-toolbar-assignee,x-test-toolbar-assignee,board_component_html,alpha-target,c,Attribute Identifier Modification,REJECTED,duplicate,-
auto-board-toolbar-assignee,x-test-toolbar-assignee,board_component_html,alpha-target,j,HTML Tag Type Modification,REJECTED,duplicate,-
auto-board-toolbar-assignee,x-test-toolbar-assignee,board_component_html,alpha-target,k,HTML Tag Insertion,REJECTED,duplicate,-
auto-board-toolbar-assignee,x-test-toolbar-assignee,board_component_html,beta-parent,d,Text Content Modification,NA,no-text-content,-
auto-board-toolbar-assignee,x-test-toolbar-assignee,board_component_html,beta-parent,e,Text Content Removal,NA,no-text-content,-
auto-board-toolbar-assignee,x-test-toolbar-assignee,board_component_html,beta-parent,i,HTML Tag Removal,NA,would-drop-x-test,-
auto-board-toolbar-assignee,x-test-toolbar-assignee,board_component_html,beta-parent,a,Attribute Value Modification,REJECTED,duplicate,-
auto-board-toolbar-assignee,x-test-toolbar-assignee,board_component_html,beta-parent,b,Attribute Removal,REJECTED,duplicate,-
auto-board-toolbar-assignee,x-test-toolbar-assignee,board_component_html,beta-parent,c,Attribute Identifier Modification,REJECTED,duplicate,-
auto-board-toolbar-assignee,x-test-toolbar-assignee,board_component_html,beta-parent,j,HTML Tag Type Modification,REJECTED,duplicate,-
auto-board-toolbar-assignee,x-test-toolbar-assignee,board_component_html,beta-parent,k,HTML Tag Insertion,REJECTED,duplicate,-
auto-board-toolbar-assignee,x-test-toolbar-assignee,board_component_html,gamma-ancestor,d,Text Content Modification,NA,no-text-content,-
auto-board-toolbar-assignee,x-test-toolbar-assignee,board_component_html,gamma-ancestor,e,Text Content Removal,NA,no-text-content,-
auto-board-toolbar-assignee,x-test-toolbar-assignee,board_component_html,gamma-ancestor,i,HTML Tag Removal,NA,root-element,-
auto-board-toolbar-assignee,x-test-toolbar-assignee,board_component_html,gamma-ancestor,a,Attribute Value Modification,REJECTED,duplicate,-
auto-board-toolbar-assignee,x-test-toolbar-assignee,board_component_html,gamma-ancestor,b,Attribute Removal,REJECTED,duplicate,-
auto-board-toolbar-assignee,x-test-toolbar-assignee,board_component_html,gamma-ancestor,c,Attribute Identifier Modification,REJECTED,duplicate,-
auto-board-toolbar-assignee,x-test-toolbar-assignee,board_component_html,gamma-ancestor,j,HTML Tag Type Modification,REJECTED,duplicate,-
auto-board-toolbar-assignee,x-test-toolbar-assignee,board_component_html,gamma-ancestor,k,HTML Tag Insertion,REJECTED,duplicate,-
auto-board-toolbar-assignee,x-test-toolbar-assignee,board_component_html,delta-sibling,d,Text Content Modification,NA,no-text-content,-
auto-board-toolbar-assignee,x-test-toolbar-assignee,board_component_html,delta-sibling,e,Text Content Removal,NA,no-text-content,-
auto-board-toolbar-assignee,x-test-toolbar-assignee,board_component_html,delta-sibling,i,HTML Tag Removal,NA,would-drop-x-test,-
auto-board-toolbar-assignee,x-test-toolbar-assignee,board_component_html,delta-sibling,a,Attribute Value Modification,SAVED,,LLMR_board_component_html_auto_board_toolbar_assignee_del_a
auto-board-toolbar-assignee,x-test-toolbar-assignee,board_component_html,delta-sibling,b,Attribute Removal,REJECTED,duplicate,-
auto-board-toolbar-assignee,x-test-toolbar-assignee,board_component_html,delta-sibling,c,Attribute Identifier Modification,REJECTED,duplicate,-
auto-board-toolbar-assignee,x-test-toolbar-assignee,board_component_html,delta-sibling,j,HTML Tag Type Modification,REJECTED,duplicate,-
auto-board-toolbar-assignee,x-test-toolbar-assignee,board_component_html,delta-sibling,k,HTML Tag Insertion,SAVED,,LLMR_board_component_html_auto_board_toolbar_assignee_del_k
auto-board-toolbar-assignee,x-test-toolbar-assignee,board_component_html,epsilon-component,a,Attribute Value Modification,NA,no-such-role,-
auto-board-toolbar-assignee,x-test-toolbar-assignee,board_component_html,epsilon-component,b,Attribute Removal,NA,no-such-role,-
auto-board-toolbar-assignee,x-test-toolbar-assignee,board_component_html,epsilon-component,c,Attribute Identifier Modification,NA,no-such-role,-
auto-board-toolbar-assignee,x-test-toolbar-assignee,board_component_html,epsilon-component,d,Text Content Modification,NA,no-such-role,-
auto-board-toolbar-assignee,x-test-toolbar-assignee,board_component_html,epsilon-component,e,Text Content Removal,NA,no-such-role,-
auto-board-toolbar-assignee,x-test-toolbar-assignee,board_component_html,epsilon-component,i,HTML Tag Removal,NA,no-such-role,-
auto-board-toolbar-assignee,x-test-toolbar-assignee,board_component_html,epsilon-component,j,HTML Tag Type Modification,NA,no-such-role,-
auto-board-toolbar-assignee,x-test-toolbar-assignee,board_component_html,epsilon-component,k,HTML Tag Insertion,NA,no-such-role,-
auto-board-toolbar-info,x-test-toolbar-info,board_component_html,alpha-target,d,Text Content Modification,NA,no-text-content,-
auto-board-toolbar-info,x-test-toolbar-info,board_component_html,alpha-target,e,Text Content Removal,NA,no-text-content,-
auto-board-toolbar-info,x-test-toolbar-info,board_component_html,alpha-target,i,HTML Tag Removal,NA,would-drop-x-test,-
auto-board-toolbar-info,x-test-toolbar-info,board_component_html,alpha-target,a,Attribute Value Modification,REJECTED,duplicate,-
auto-board-toolbar-info,x-test-toolbar-info,board_component_html,alpha-target,b,Attribute Removal,REJECTED,duplicate,-
auto-board-toolbar-info,x-test-toolbar-info,board_component_html,alpha-target,c,Attribute Identifier Modification,REJECTED,duplicate,-
auto-board-toolbar-info,x-test-toolbar-info,board_component_html,alpha-target,j,HTML Tag Type Modification,REJECTED,duplicate,-
auto-board-toolbar-info,x-test-toolbar-info,board_component_html,alpha-target,k,HTML Tag Insertion,REJECTED,duplicate,-
auto-board-toolbar-info,x-test-toolbar-info,board_component_html,beta-parent,d,Text Content Modification,NA,no-text-content,-
auto-board-toolbar-info,x-test-toolbar-info,board_component_html,beta-parent,e,Text Content Removal,NA,no-text-content,-
auto-board-toolbar-info,x-test-toolbar-info,board_component_html,beta-parent,i,HTML Tag Removal,NA,would-drop-x-test,-
auto-board-toolbar-info,x-test-toolbar-info,board_component_html,beta-parent,a,Attribute Value Modification,REJECTED,duplicate,-
auto-board-toolbar-info,x-test-toolbar-info,board_component_html,beta-parent,b,Attribute Removal,REJECTED,duplicate,-
auto-board-toolbar-info,x-test-toolbar-info,board_component_html,beta-parent,c,Attribute Identifier Modification,REJECTED,duplicate,-
auto-board-toolbar-info,x-test-toolbar-info,board_component_html,beta-parent,j,HTML Tag Type Modification,REJECTED,duplicate,-
auto-board-toolbar-info,x-test-toolbar-info,board_component_html,beta-parent,k,HTML Tag Insertion,REJECTED,duplicate,-
auto-board-toolbar-info,x-test-toolbar-info,board_component_html,gamma-ancestor,d,Text Content Modification,NA,no-text-content,-
auto-board-toolbar-info,x-test-toolbar-info,board_component_html,gamma-ancestor,e,Text Content Removal,NA,no-text-content,-
auto-board-toolbar-info,x-test-toolbar-info,board_component_html,gamma-ancestor,i,HTML Tag Removal,NA,root-element,-
auto-board-toolbar-info,x-test-toolbar-info,board_component_html,gamma-ancestor,a,Attribute Value Modification,REJECTED,duplicate,-
auto-board-toolbar-info,x-test-toolbar-info,board_component_html,gamma-ancestor,b,Attribute Removal,REJECTED,duplicate,-
auto-board-toolbar-info,x-test-toolbar-info,board_component_html,gamma-ancestor,c,Attribute Identifier Modification,REJECTED,duplicate,-
auto-board-toolbar-info,x-test-toolbar-info,board_component_html,gamma-ancestor,j,HTML Tag Type Modification,REJECTED,duplicate,-
auto-board-toolbar-info,x-test-toolbar-info,board_component_html,gamma-ancestor,k,HTML Tag Insertion,REJECTED,duplicate,-
auto-board-toolbar-info,x-test-toolbar-info,board_component_html,delta-sibling,d,Text Content Modification,NA,no-text-content,-
auto-board-toolbar-info,x-test-toolbar-info,board_component_html,delta-sibling,e,Text Content Removal,NA,no-text-content,-
auto-board-toolbar-info,x-test-toolbar-info,board_component_html,delta-sibling,i,HTML Tag Removal,NA,would-drop-x-test,-
auto-board-toolbar-info,x-test-toolbar-info,board_component_html,delta-sibling,a,Attribute Value Modification,SAVED,,LLMR_board_component_html_auto_board_toolbar_info_del_a
auto-board-toolbar-info,x-test-toolbar-info,board_component_html,delta-sibling,b,Attribute Removal,REJECTED,duplicate,-
auto-board-toolbar-info,x-test-toolbar-info,board_component_html,delta-sibling,c,Attribute Identifier Modification,REJECTED,duplicate,-
auto-board-toolbar-info,x-test-toolbar-info,board_component_html,delta-sibling,j,HTML Tag Type Modification,REJECTED,duplicate,-
auto-board-toolbar-info,x-test-toolbar-info,board_component_html,delta-sibling,k,HTML Tag Insertion,SAVED,,LLMR_board_component_html_auto_board_toolbar_info_del_k
auto-board-toolbar-info,x-test-toolbar-info,board_component_html,epsilon-component,a,Attribute Value Modification,NA,no-such-role,-
auto-board-toolbar-info,x-test-toolbar-info,board_component_html,epsilon-component,b,Attribute Removal,NA,no-such-role,-
auto-board-toolbar-info,x-test-toolbar-info,board_component_html,epsilon-component,c,Attribute Identifier Modification,NA,no-such-role,-
auto-board-toolbar-info,x-test-toolbar-info,board_component_html,epsilon-component,d,Text Content Modification,NA,no-such-role,-
auto-board-toolbar-info,x-test-toolbar-info,board_component_html,epsilon-component,e,Text Content Removal,NA,no-such-role,-
auto-board-toolbar-info,x-test-toolbar-info,board_component_html,epsilon-component,i,HTML Tag Removal,NA,no-such-role,-
auto-board-toolbar-info,x-test-toolbar-info,board_component_html,epsilon-component,j,HTML Tag Type Modification,NA,no-such-role,-
auto-board-toolbar-info,x-test-toolbar-info,board_component_html,epsilon-component,k,HTML Tag Insertion,NA,no-such-role,-
auto-board-toolbar-actions,x-test-toolbar-actions,board_component_html,alpha-target,d,Text Content Modification,NA,no-text-content,-
auto-board-toolbar-actions,x-test-toolbar-actions,board_component_html,alpha-target,e,Text Content Removal,NA,no-text-content,-
auto-board-toolbar-actions,x-test-toolbar-actions,board_component_html,alpha-target,i,HTML Tag Removal,NA,would-drop-x-test,-
auto-board-toolbar-actions,x-test-toolbar-actions,board_component_html,alpha-target,a,Attribute Value Modification,REJECTED,duplicate,-
auto-board-toolbar-actions,x-test-toolbar-actions,board_component_html,alpha-target,b,Attribute Removal,REJECTED,duplicate,-
auto-board-toolbar-actions,x-test-toolbar-actions,board_component_html,alpha-target,c,Attribute Identifier Modification,REJECTED,duplicate,-
auto-board-toolbar-actions,x-test-toolbar-actions,board_component_html,alpha-target,j,HTML Tag Type Modification,REJECTED,duplicate,-
auto-board-toolbar-actions,x-test-toolbar-actions,board_component_html,alpha-target,k,HTML Tag Insertion,REJECTED,duplicate,-
auto-board-toolbar-actions,x-test-toolbar-actions,board_component_html,beta-parent,d,Text Content Modification,NA,no-text-content,-
auto-board-toolbar-actions,x-test-toolbar-actions,board_component_html,beta-parent,e,Text Content Removal,NA,no-text-content,-
auto-board-toolbar-actions,x-test-toolbar-actions,board_component_html,beta-parent,i,HTML Tag Removal,NA,would-drop-x-test,-
auto-board-toolbar-actions,x-test-toolbar-actions,board_component_html,beta-parent,a,Attribute Value Modification,REJECTED,duplicate,-
auto-board-toolbar-actions,x-test-toolbar-actions,board_component_html,beta-parent,b,Attribute Removal,REJECTED,duplicate,-
auto-board-toolbar-actions,x-test-toolbar-actions,board_component_html,beta-parent,c,Attribute Identifier Modification,REJECTED,duplicate,-
auto-board-toolbar-actions,x-test-toolbar-actions,board_component_html,beta-parent,j,HTML Tag Type Modification,REJECTED,duplicate,-
auto-board-toolbar-actions,x-test-toolbar-actions,board_component_html,beta-parent,k,HTML Tag Insertion,REJECTED,duplicate,-
auto-board-toolbar-actions,x-test-toolbar-actions,board_component_html,gamma-ancestor,d,Text Content Modification,NA,no-text-content,-
auto-board-toolbar-actions,x-test-toolbar-actions,board_component_html,gamma-ancestor,e,Text Content Removal,NA,no-text-content,-
auto-board-toolbar-actions,x-test-toolbar-actions,board_component_html,gamma-ancestor,i,HTML Tag Removal,NA,root-element,-
auto-board-toolbar-actions,x-test-toolbar-actions,board_component_html,gamma-ancestor,a,Attribute Value Modification,REJECTED,duplicate,-
auto-board-toolbar-actions,x-test-toolbar-actions,board_component_html,gamma-ancestor,b,Attribute Removal,REJECTED,duplicate,-
auto-board-toolbar-actions,x-test-toolbar-actions,board_component_html,gamma-ancestor,c,Attribute Identifier Modification,REJECTED,duplicate,-
auto-board-toolbar-actions,x-test-toolbar-actions,board_component_html,gamma-ancestor,j,HTML Tag Type Modification,REJECTED,duplicate,-
auto-board-toolbar-actions,x-test-toolbar-actions,board_component_html,gamma-ancestor,k,HTML Tag Insertion,REJECTED,duplicate,-
auto-board-toolbar-actions,x-test-toolbar-actions,board_component_html,delta-sibling,d,Text Content Modification,NA,no-text-content,-
auto-board-toolbar-actions,x-test-toolbar-actions,board_component_html,delta-sibling,e,Text Content Removal,NA,no-text-content,-
auto-board-toolbar-actions,x-test-toolbar-actions,board_component_html,delta-sibling,i,HTML Tag Removal,NA,would-drop-x-test,-
auto-board-toolbar-actions,x-test-toolbar-actions,board_component_html,delta-sibling,a,Attribute Value Modification,REJECTED,duplicate,-
auto-board-toolbar-actions,x-test-toolbar-actions,board_component_html,delta-sibling,b,Attribute Removal,REJECTED,duplicate,-
auto-board-toolbar-actions,x-test-toolbar-actions,board_component_html,delta-sibling,c,Attribute Identifier Modification,REJECTED,duplicate,-
auto-board-toolbar-actions,x-test-toolbar-actions,board_component_html,delta-sibling,j,HTML Tag Type Modification,REJECTED,duplicate,-
auto-board-toolbar-actions,x-test-toolbar-actions,board_component_html,delta-sibling,k,HTML Tag Insertion,REJECTED,duplicate,-
auto-board-toolbar-actions,x-test-toolbar-actions,board_component_html,epsilon-component,a,Attribute Value Modification,NA,no-such-role,-
auto-board-toolbar-actions,x-test-toolbar-actions,board_component_html,epsilon-component,b,Attribute Removal,NA,no-such-role,-
auto-board-toolbar-actions,x-test-toolbar-actions,board_component_html,epsilon-component,c,Attribute Identifier Modification,NA,no-such-role,-
auto-board-toolbar-actions,x-test-toolbar-actions,board_component_html,epsilon-component,d,Text Content Modification,NA,no-such-role,-
auto-board-toolbar-actions,x-test-toolbar-actions,board_component_html,epsilon-component,e,Text Content Removal,NA,no-such-role,-
auto-board-toolbar-actions,x-test-toolbar-actions,board_component_html,epsilon-component,i,HTML Tag Removal,NA,no-such-role,-
auto-board-toolbar-actions,x-test-toolbar-actions,board_component_html,epsilon-component,j,HTML Tag Type Modification,NA,no-such-role,-
auto-board-toolbar-actions,x-test-toolbar-actions,board_component_html,epsilon-component,k,HTML Tag Insertion,NA,no-such-role,-
auto-board-column,x-test-column,board_component_html,alpha-target,d,Text Content Modification,NA,no-text-content,-
auto-board-column,x-test-column,board_component_html,alpha-target,e,Text Content Removal,NA,no-text-content,-
auto-board-column,x-test-column,board_component_html,alpha-target,i,HTML Tag Removal,NA,would-drop-x-test,-
auto-board-column,x-test-column,board_component_html,alpha-target,a,Attribute Value Modification,SAVED,,LLMR_board_component_html_auto_board_column_alf_a
auto-board-column,x-test-column,board_component_html,alpha-target,b,Attribute Removal,SAVED,,LLMR_board_component_html_auto_board_column_alf_b
auto-board-column,x-test-column,board_component_html,alpha-target,c,Attribute Identifier Modification,SAVED,,LLMR_board_component_html_auto_board_column_alf_c
auto-board-column,x-test-column,board_component_html,alpha-target,j,HTML Tag Type Modification,REJECTED,duplicate,-
auto-board-column,x-test-column,board_component_html,alpha-target,k,HTML Tag Insertion,SAVED,,LLMR_board_component_html_auto_board_column_alf_k
auto-board-column,x-test-column,board_component_html,beta-parent,d,Text Content Modification,NA,no-text-content,-
auto-board-column,x-test-column,board_component_html,beta-parent,e,Text Content Removal,NA,no-text-content,-
auto-board-column,x-test-column,board_component_html,beta-parent,i,HTML Tag Removal,NA,would-drop-x-test,-
auto-board-column,x-test-column,board_component_html,beta-parent,a,Attribute Value Modification,REJECTED,duplicate,-
auto-board-column,x-test-column,board_component_html,beta-parent,b,Attribute Removal,REJECTED,duplicate,-
auto-board-column,x-test-column,board_component_html,beta-parent,c,Attribute Identifier Modification,REJECTED,duplicate,-
auto-board-column,x-test-column,board_component_html,beta-parent,j,HTML Tag Type Modification,REJECTED,duplicate,-
auto-board-column,x-test-column,board_component_html,beta-parent,k,HTML Tag Insertion,REJECTED,duplicate,-
auto-board-column,x-test-column,board_component_html,gamma-ancestor,d,Text Content Modification,NA,no-text-content,-
auto-board-column,x-test-column,board_component_html,gamma-ancestor,e,Text Content Removal,NA,no-text-content,-
auto-board-column,x-test-column,board_component_html,gamma-ancestor,i,HTML Tag Removal,NA,root-element,-
auto-board-column,x-test-column,board_component_html,gamma-ancestor,a,Attribute Value Modification,REJECTED,duplicate,-
auto-board-column,x-test-column,board_component_html,gamma-ancestor,b,Attribute Removal,REJECTED,duplicate,-
auto-board-column,x-test-column,board_component_html,gamma-ancestor,c,Attribute Identifier Modification,REJECTED,duplicate,-
auto-board-column,x-test-column,board_component_html,gamma-ancestor,j,HTML Tag Type Modification,REJECTED,duplicate,-
auto-board-column,x-test-column,board_component_html,gamma-ancestor,k,HTML Tag Insertion,REJECTED,duplicate,-
auto-board-column,x-test-column,board_component_html,delta-sibling,d,Text Content Modification,NA,no-text-content,-
auto-board-column,x-test-column,board_component_html,delta-sibling,e,Text Content Removal,NA,no-text-content,-
auto-board-column,x-test-column,board_component_html,delta-sibling,i,HTML Tag Removal,NA,would-drop-x-test,-
auto-board-column,x-test-column,board_component_html,delta-sibling,a,Attribute Value Modification,SAVED,,LLMR_board_component_html_auto_board_column_del_a
auto-board-column,x-test-column,board_component_html,delta-sibling,b,Attribute Removal,SAVED,,LLMR_board_component_html_auto_board_column_del_b
auto-board-column,x-test-column,board_component_html,delta-sibling,c,Attribute Identifier Modification,SAVED,,LLMR_board_component_html_auto_board_column_del_c
auto-board-column,x-test-column,board_component_html,delta-sibling,j,HTML Tag Type Modification,SAVED,,LLMR_board_component_html_auto_board_column_del_j
auto-board-column,x-test-column,board_component_html,delta-sibling,k,HTML Tag Insertion,SAVED,,LLMR_board_component_html_auto_board_column_del_k
auto-board-column,x-test-column,board_component_html,epsilon-component,a,Attribute Value Modification,NA,no-such-role,-
auto-board-column,x-test-column,board_component_html,epsilon-component,b,Attribute Removal,NA,no-such-role,-
auto-board-column,x-test-column,board_component_html,epsilon-component,c,Attribute Identifier Modification,NA,no-such-role,-
auto-board-column,x-test-column,board_component_html,epsilon-component,d,Text Content Modification,NA,no-such-role,-
auto-board-column,x-test-column,board_component_html,epsilon-component,e,Text Content Removal,NA,no-such-role,-
auto-board-column,x-test-column,board_component_html,epsilon-component,i,HTML Tag Removal,NA,no-such-role,-
auto-board-column,x-test-column,board_component_html,epsilon-component,j,HTML Tag Type Modification,NA,no-such-role,-
auto-board-column,x-test-column,board_component_html,epsilon-component,k,HTML Tag Insertion,NA,no-such-role,-
auto-header-header,x-test-header,header_component_html,alpha-target,d,Text Content Modification,NA,no-text-content,-
auto-header-header,x-test-header,header_component_html,alpha-target,e,Text Content Removal,NA,no-text-content,-
auto-header-header,x-test-header,header_component_html,alpha-target,i,HTML Tag Removal,NA,root-element,-
auto-header-header,x-test-header,header_component_html,alpha-target,a,Attribute Value Modification,SAVED,,LLMR_header_component_html_auto_header_header_alf_a
auto-header-header,x-test-header,header_component_html,alpha-target,b,Attribute Removal,SAVED,,LLMR_header_component_html_auto_header_header_alf_b
auto-header-header,x-test-header,header_component_html,alpha-target,c,Attribute Identifier Modification,SAVED,,LLMR_header_component_html_auto_header_header_alf_c
auto-header-header,x-test-header,header_component_html,alpha-target,j,HTML Tag Type Modification,SAVED,,LLMR_header_component_html_auto_header_header_alf_j
auto-header-header,x-test-header,header_component_html,alpha-target,k,HTML Tag Insertion,SAVED,,LLMR_header_component_html_auto_header_header_alf_k
auto-header-header,x-test-header,header_component_html,beta-parent,a,Attribute Value Modification,NA,boundary-element,-
auto-header-header,x-test-header,header_component_html,beta-parent,b,Attribute Removal,NA,boundary-element,-
auto-header-header,x-test-header,header_component_html,beta-parent,c,Attribute Identifier Modification,NA,boundary-element,-
auto-header-header,x-test-header,header_component_html,beta-parent,d,Text Content Modification,NA,boundary-element,-
auto-header-header,x-test-header,header_component_html,beta-parent,e,Text Content Removal,NA,boundary-element,-
auto-header-header,x-test-header,header_component_html,beta-parent,i,HTML Tag Removal,NA,boundary-element,-
auto-header-header,x-test-header,header_component_html,beta-parent,j,HTML Tag Type Modification,NA,boundary-element,-
auto-header-header,x-test-header,header_component_html,beta-parent,k,HTML Tag Insertion,NA,boundary-element,-
auto-header-header,x-test-header,header_component_html,gamma-ancestor,a,Attribute Value Modification,NA,no-such-role,-
auto-header-header,x-test-header,header_component_html,gamma-ancestor,b,Attribute Removal,NA,no-such-role,-
auto-header-header,x-test-header,header_component_html,gamma-ancestor,c,Attribute Identifier Modification,NA,no-such-role,-
auto-header-header,x-test-header,header_component_html,gamma-ancestor,d,Text Content Modification,NA,no-such-role,-
auto-header-header,x-test-header,header_component_html,gamma-ancestor,e,Text Content Removal,NA,no-such-role,-
auto-header-header,x-test-header,header_component_html,gamma-ancestor,i,HTML Tag Removal,NA,no-such-role,-
auto-header-header,x-test-header,header_component_html,gamma-ancestor,j,HTML Tag Type Modification,NA,no-such-role,-
auto-header-header,x-test-header,header_component_html,gamma-ancestor,k,HTML Tag Insertion,NA,no-such-role,-
auto-header-header,x-test-header,header_component_html,delta-sibling,a,Attribute Value Modification,NA,no-such-role,-
auto-header-header,x-test-header,header_component_html,delta-sibling,b,Attribute Removal,NA,no-such-role,-
auto-header-header,x-test-header,header_component_html,delta-sibling,c,Attribute Identifier Modification,NA,no-such-role,-
auto-header-header,x-test-header,header_component_html,delta-sibling,d,Text Content Modification,NA,no-such-role,-
auto-header-header,x-test-header,header_component_html,delta-sibling,e,Text Content Removal,NA,no-such-role,-
auto-header-header,x-test-header,header_component_html,delta-sibling,i,HTML Tag Removal,NA,no-such-role,-
auto-header-header,x-test-header,header_component_html,delta-sibling,j,HTML Tag Type Modification,NA,no-such-role,-
auto-header-header,x-test-header,header_component_html,delta-sibling,k,HTML Tag Insertion,NA,no-such-role,-
auto-header-header,x-test-header,header_component_html,epsilon-component,a,Attribute Value Modification,NA,no-such-role,-
auto-header-header,x-test-header,header_component_html,epsilon-component,b,Attribute Removal,NA,no-such-role,-
auto-header-header,x-test-header,header_component_html,epsilon-component,c,Attribute Identifier Modification,NA,no-such-role,-
auto-header-header,x-test-header,header_component_html,epsilon-component,d,Text Content Modification,NA,no-such-role,-
auto-header-header,x-test-header,header_component_html,epsilon-component,e,Text Content Removal,NA,no-such-role,-
auto-header-header,x-test-header,header_component_html,epsilon-component,i,HTML Tag Removal,NA,no-such-role,-
auto-header-header,x-test-header,header_component_html,epsilon-component,j,HTML Tag Type Modification,NA,no-such-role,-
auto-header-header,x-test-header,header_component_html,epsilon-component,k,HTML Tag Insertion,NA,no-such-role,-
auto-header-brand,x-test-brand,header_component_html,alpha-target,d,Text Content Modification,NA,no-text-content,-
auto-header-brand,x-test-brand,header_component_html,alpha-target,e,Text Content Removal,NA,no-text-content,-
auto-header-brand,x-test-brand,header_component_html,alpha-target,i,HTML Tag Removal,NA,would-drop-x-test,-
auto-header-brand,x-test-brand,header_component_html,alpha-target,a,Attribute Value Modification,REJECTED,duplicate,-
auto-header-brand,x-test-brand,header_component_html,alpha-target,b,Attribute Removal,REJECTED,duplicate,-
auto-header-brand,x-test-brand,header_component_html,alpha-target,c,Attribute Identifier Modification,REJECTED,duplicate,-
auto-header-brand,x-test-brand,header_component_html,alpha-target,j,HTML Tag Type Modification,REJECTED,duplicate,-
auto-header-brand,x-test-brand,header_component_html,alpha-target,k,HTML Tag Insertion,REJECTED,duplicate,-
auto-header-brand,x-test-brand,header_component_html,beta-parent,d,Text Content Modification,NA,no-text-content,-
auto-header-brand,x-test-brand,header_component_html,beta-parent,e,Text Content Removal,NA,no-text-content,-
auto-header-brand,x-test-brand,header_component_html,beta-parent,a,Attribute Value Modification,REJECTED,duplicate,-
auto-header-brand,x-test-brand,header_component_html,beta-parent,b,Attribute Removal,REJECTED,duplicate,-
auto-header-brand,x-test-brand,header_component_html,beta-parent,c,Attribute Identifier Modification,REJECTED,duplicate,-
auto-header-brand,x-test-brand,header_component_html,beta-parent,i,HTML Tag Removal,REJECTED,duplicate,-
auto-header-brand,x-test-brand,header_component_html,beta-parent,j,HTML Tag Type Modification,REJECTED,duplicate,-
auto-header-brand,x-test-brand,header_component_html,beta-parent,k,HTML Tag Insertion,REJECTED,duplicate,-
auto-header-brand,x-test-brand,header_component_html,gamma-ancestor,d,Text Content Modification,NA,no-text-content,-
auto-header-brand,x-test-brand,header_component_html,gamma-ancestor,e,Text Content Removal,NA,no-text-content,-
auto-header-brand,x-test-brand,header_component_html,gamma-ancestor,i,HTML Tag Removal,NA,root-element,-
auto-header-brand,x-test-brand,header_component_html,gamma-ancestor,a,Attribute Value Modification,REJECTED,duplicate,-
auto-header-brand,x-test-brand,header_component_html,gamma-ancestor,b,Attribute Removal,REJECTED,duplicate,-
auto-header-brand,x-test-brand,header_component_html,gamma-ancestor,c,Attribute Identifier Modification,REJECTED,duplicate,-
auto-header-brand,x-test-brand,header_component_html,gamma-ancestor,j,HTML Tag Type Modification,REJECTED,duplicate,-
auto-header-brand,x-test-brand,header_component_html,gamma-ancestor,k,HTML Tag Insertion,REJECTED,duplicate,-
auto-header-brand,x-test-brand,header_component_html,delta-sibling,d,Text Content Modification,NA,no-text-content,-
auto-header-brand,x-test-brand,header_component_html,delta-sibling,e,Text Content Removal,NA,no-text-content,-
auto-header-brand,x-test-brand,header_component_html,delta-sibling,i,HTML Tag Removal,NA,would-drop-x-test,-
auto-header-brand,x-test-brand,header_component_html,delta-sibling,a,Attribute Value Modification,REJECTED,duplicate,-
auto-header-brand,x-test-brand,header_component_html,delta-sibling,b,Attribute Removal,REJECTED,duplicate,-
auto-header-brand,x-test-brand,header_component_html,delta-sibling,c,Attribute Identifier Modification,REJECTED,duplicate,-
auto-header-brand,x-test-brand,header_component_html,delta-sibling,j,HTML Tag Type Modification,REJECTED,duplicate,-
auto-header-brand,x-test-brand,header_component_html,delta-sibling,k,HTML Tag Insertion,REJECTED,duplicate,-
auto-header-brand,x-test-brand,header_component_html,epsilon-component,a,Attribute Value Modification,NA,no-such-role,-
auto-header-brand,x-test-brand,header_component_html,epsilon-component,b,Attribute Removal,NA,no-such-role,-
auto-header-brand,x-test-brand,header_component_html,epsilon-component,c,Attribute Identifier Modification,NA,no-such-role,-
auto-header-brand,x-test-brand,header_component_html,epsilon-component,d,Text Content Modification,NA,no-such-role,-
auto-header-brand,x-test-brand,header_component_html,epsilon-component,e,Text Content Removal,NA,no-such-role,-
auto-header-brand,x-test-brand,header_component_html,epsilon-component,i,HTML Tag Removal,NA,no-such-role,-
auto-header-brand,x-test-brand,header_component_html,epsilon-component,j,HTML Tag Type Modification,NA,no-such-role,-
auto-header-brand,x-test-brand,header_component_html,epsilon-component,k,HTML Tag Insertion,NA,no-such-role,-
auto-header-header-stats,x-test-header-stats,header_component_html,alpha-target,d,Text Content Modification,NA,no-text-content,-
auto-header-header-stats,x-test-header-stats,header_component_html,alpha-target,e,Text Content Removal,NA,no-text-content,-
auto-header-header-stats,x-test-header-stats,header_component_html,alpha-target,i,HTML Tag Removal,NA,would-drop-x-test,-
auto-header-header-stats,x-test-header-stats,header_component_html,alpha-target,a,Attribute Value Modification,REJECTED,duplicate,-
auto-header-header-stats,x-test-header-stats,header_component_html,alpha-target,b,Attribute Removal,REJECTED,duplicate,-
auto-header-header-stats,x-test-header-stats,header_component_html,alpha-target,c,Attribute Identifier Modification,REJECTED,duplicate,-
auto-header-header-stats,x-test-header-stats,header_component_html,alpha-target,j,HTML Tag Type Modification,REJECTED,duplicate,-
auto-header-header-stats,x-test-header-stats,header_component_html,alpha-target,k,HTML Tag Insertion,REJECTED,duplicate,-
auto-header-header-stats,x-test-header-stats,header_component_html,beta-parent,d,Text Content Modification,NA,no-text-content,-
auto-header-header-stats,x-test-header-stats,header_component_html,beta-parent,e,Text Content Removal,NA,no-text-content,-
auto-header-header-stats,x-test-header-stats,header_component_html,beta-parent,a,Attribute Value Modification,REJECTED,duplicate,-
auto-header-header-stats,x-test-header-stats,header_component_html,beta-parent,b,Attribute Removal,REJECTED,duplicate,-
auto-header-header-stats,x-test-header-stats,header_component_html,beta-parent,c,Attribute Identifier Modification,REJECTED,duplicate,-
auto-header-header-stats,x-test-header-stats,header_component_html,beta-parent,i,HTML Tag Removal,REJECTED,duplicate,-
auto-header-header-stats,x-test-header-stats,header_component_html,beta-parent,j,HTML Tag Type Modification,REJECTED,duplicate,-
auto-header-header-stats,x-test-header-stats,header_component_html,beta-parent,k,HTML Tag Insertion,REJECTED,duplicate,-
auto-header-header-stats,x-test-header-stats,header_component_html,gamma-ancestor,d,Text Content Modification,NA,no-text-content,-
auto-header-header-stats,x-test-header-stats,header_component_html,gamma-ancestor,e,Text Content Removal,NA,no-text-content,-
auto-header-header-stats,x-test-header-stats,header_component_html,gamma-ancestor,i,HTML Tag Removal,NA,root-element,-
auto-header-header-stats,x-test-header-stats,header_component_html,gamma-ancestor,a,Attribute Value Modification,REJECTED,duplicate,-
auto-header-header-stats,x-test-header-stats,header_component_html,gamma-ancestor,b,Attribute Removal,REJECTED,duplicate,-
auto-header-header-stats,x-test-header-stats,header_component_html,gamma-ancestor,c,Attribute Identifier Modification,REJECTED,duplicate,-
auto-header-header-stats,x-test-header-stats,header_component_html,gamma-ancestor,j,HTML Tag Type Modification,REJECTED,duplicate,-
auto-header-header-stats,x-test-header-stats,header_component_html,gamma-ancestor,k,HTML Tag Insertion,REJECTED,duplicate,-
auto-header-header-stats,x-test-header-stats,header_component_html,delta-sibling,d,Text Content Modification,NA,no-text-content,-
auto-header-header-stats,x-test-header-stats,header_component_html,delta-sibling,e,Text Content Removal,NA,no-text-content,-
auto-header-header-stats,x-test-header-stats,header_component_html,delta-sibling,i,HTML Tag Removal,NA,would-drop-x-test,-
auto-header-header-stats,x-test-header-stats,header_component_html,delta-sibling,a,Attribute Value Modification,REJECTED,duplicate,-
auto-header-header-stats,x-test-header-stats,header_component_html,delta-sibling,b,Attribute Removal,REJECTED,duplicate,-
auto-header-header-stats,x-test-header-stats,header_component_html,delta-sibling,c,Attribute Identifier Modification,REJECTED,duplicate,-
auto-header-header-stats,x-test-header-stats,header_component_html,delta-sibling,j,HTML Tag Type Modification,REJECTED,duplicate,-
auto-header-header-stats,x-test-header-stats,header_component_html,delta-sibling,k,HTML Tag Insertion,REJECTED,duplicate,-
auto-header-header-stats,x-test-header-stats,header_component_html,epsilon-component,a,Attribute Value Modification,NA,no-such-role,-
auto-header-header-stats,x-test-header-stats,header_component_html,epsilon-component,b,Attribute Removal,NA,no-such-role,-
auto-header-header-stats,x-test-header-stats,header_component_html,epsilon-component,c,Attribute Identifier Modification,NA,no-such-role,-
auto-header-header-stats,x-test-header-stats,header_component_html,epsilon-component,d,Text Content Modification,NA,no-such-role,-
auto-header-header-stats,x-test-header-stats,header_component_html,epsilon-component,e,Text Content Removal,NA,no-such-role,-
auto-header-header-stats,x-test-header-stats,header_component_html,epsilon-component,i,HTML Tag Removal,NA,no-such-role,-
auto-header-header-stats,x-test-header-stats,header_component_html,epsilon-component,j,HTML Tag Type Modification,NA,no-such-role,-
auto-header-header-stats,x-test-header-stats,header_component_html,epsilon-component,k,HTML Tag Insertion,NA,no-such-role,-
auto-header-total-label,x-test-total-label,header_component_html,alpha-target,i,HTML Tag Removal,NA,would-drop-x-test,-
auto-header-total-label,x-test-total-label,header_component_html,alpha-target,a,Attribute Value Modification,REJECTED,duplicate,-
auto-header-total-label,x-test-total-label,header_component_html,alpha-target,b,Attribute Removal,REJECTED,duplicate,-
auto-header-total-label,x-test-total-label,header_component_html,alpha-target,c,Attribute Identifier Modification,REJECTED,duplicate,-
auto-header-total-label,x-test-total-label,header_component_html,alpha-target,d,Text Content Modification,REJECTED,duplicate,-
auto-header-total-label,x-test-total-label,header_component_html,alpha-target,e,Text Content Removal,REJECTED,duplicate,-
auto-header-total-label,x-test-total-label,header_component_html,alpha-target,j,HTML Tag Type Modification,REJECTED,duplicate,-
auto-header-total-label,x-test-total-label,header_component_html,alpha-target,k,HTML Tag Insertion,REJECTED,duplicate,-
auto-header-total-label,x-test-total-label,header_component_html,beta-parent,d,Text Content Modification,NA,no-text-content,-
auto-header-total-label,x-test-total-label,header_component_html,beta-parent,e,Text Content Removal,NA,no-text-content,-
auto-header-total-label,x-test-total-label,header_component_html,beta-parent,i,HTML Tag Removal,NA,would-drop-x-test,-
auto-header-total-label,x-test-total-label,header_component_html,beta-parent,a,Attribute Value Modification,REJECTED,duplicate,-
auto-header-total-label,x-test-total-label,header_component_html,beta-parent,b,Attribute Removal,REJECTED,duplicate,-
auto-header-total-label,x-test-total-label,header_component_html,beta-parent,c,Attribute Identifier Modification,REJECTED,duplicate,-
auto-header-total-label,x-test-total-label,header_component_html,beta-parent,j,HTML Tag Type Modification,REJECTED,duplicate,-
auto-header-total-label,x-test-total-label,header_component_html,beta-parent,k,HTML Tag Insertion,REJECTED,duplicate,-
auto-header-total-label,x-test-total-label,header_component_html,gamma-ancestor,d,Text Content Modification,NA,no-text-content,-
auto-header-total-label,x-test-total-label,header_component_html,gamma-ancestor,e,Text Content Removal,NA,no-text-content,-
auto-header-total-label,x-test-total-label,header_component_html,gamma-ancestor,a,Attribute Value Modification,REJECTED,duplicate,-
auto-header-total-label,x-test-total-label,header_component_html,gamma-ancestor,b,Attribute Removal,REJECTED,duplicate,-
auto-header-total-label,x-test-total-label,header_component_html,gamma-ancestor,c,Attribute Identifier Modification,REJECTED,duplicate,-
auto-header-total-label,x-test-total-label,header_component_html,gamma-ancestor,i,HTML Tag Removal,REJECTED,duplicate,-
auto-header-total-label,x-test-total-label,header_component_html,gamma-ancestor,j,HTML Tag Type Modification,REJECTED,duplicate,-
auto-header-total-label,x-test-total-label,header_component_html,gamma-ancestor,k,HTML Tag Insertion,REJECTED,duplicate,-
auto-header-total-label,x-test-total-label,header_component_html,delta-sibling,i,HTML Tag Removal,NA,would-drop-x-test,-
auto-header-total-label,x-test-total-label,header_component_html,delta-sibling,a,Attribute Value Modification,REJECTED,duplicate,-
auto-header-total-label,x-test-total-label,header_component_html,delta-sibling,b,Attribute Removal,REJECTED,duplicate,-
auto-header-total-label,x-test-total-label,header_component_html,delta-sibling,c,Attribute Identifier Modification,REJECTED,duplicate,-
auto-header-total-label,x-test-total-label,header_component_html,delta-sibling,d,Text Content Modification,REJECTED,duplicate,-
auto-header-total-label,x-test-total-label,header_component_html,delta-sibling,e,Text Content Removal,REJECTED,duplicate,-
auto-header-total-label,x-test-total-label,header_component_html,delta-sibling,j,HTML Tag Type Modification,REJECTED,duplicate,-
auto-header-total-label,x-test-total-label,header_component_html,delta-sibling,k,HTML Tag Insertion,REJECTED,duplicate,-
auto-header-total-label,x-test-total-label,header_component_html,epsilon-component,a,Attribute Value Modification,NA,no-such-role,-
auto-header-total-label,x-test-total-label,header_component_html,epsilon-component,b,Attribute Removal,NA,no-such-role,-
auto-header-total-label,x-test-total-label,header_component_html,epsilon-component,c,Attribute Identifier Modification,NA,no-such-role,-
auto-header-total-label,x-test-total-label,header_component_html,epsilon-component,d,Text Content Modification,NA,no-such-role,-
auto-header-total-label,x-test-total-label,header_component_html,epsilon-component,e,Text Content Removal,NA,no-such-role,-
auto-header-total-label,x-test-total-label,header_component_html,epsilon-component,i,HTML Tag Removal,NA,no-such-role,-
auto-header-total-label,x-test-total-label,header_component_html,epsilon-component,j,HTML Tag Type Modification,NA,no-such-role,-
auto-header-total-label,x-test-total-label,header_component_html,epsilon-component,k,HTML Tag Insertion,NA,no-such-role,-
auto-header-nav,x-test-nav,header_component_html,alpha-target,d,Text Content Modification,NA,no-text-content,-
auto-header-nav,x-test-nav,header_component_html,alpha-target,e,Text Content Removal,NA,no-text-content,-
auto-header-nav,x-test-nav,header_component_html,alpha-target,i,HTML Tag Removal,NA,would-drop-x-test,-
auto-header-nav,x-test-nav,header_component_html,alpha-target,a,Attribute Value Modification,REJECTED,duplicate,-
auto-header-nav,x-test-nav,header_component_html,alpha-target,b,Attribute Removal,REJECTED,duplicate,-
auto-header-nav,x-test-nav,header_component_html,alpha-target,c,Attribute Identifier Modification,REJECTED,duplicate,-
auto-header-nav,x-test-nav,header_component_html,alpha-target,j,HTML Tag Type Modification,REJECTED,duplicate,-
auto-header-nav,x-test-nav,header_component_html,alpha-target,k,HTML Tag Insertion,REJECTED,duplicate,-
auto-header-nav,x-test-nav,header_component_html,beta-parent,d,Text Content Modification,NA,no-text-content,-
auto-header-nav,x-test-nav,header_component_html,beta-parent,e,Text Content Removal,NA,no-text-content,-
auto-header-nav,x-test-nav,header_component_html,beta-parent,a,Attribute Value Modification,REJECTED,duplicate,-
auto-header-nav,x-test-nav,header_component_html,beta-parent,b,Attribute Removal,REJECTED,duplicate,-
auto-header-nav,x-test-nav,header_component_html,beta-parent,c,Attribute Identifier Modification,REJECTED,duplicate,-
auto-header-nav,x-test-nav,header_component_html,beta-parent,i,HTML Tag Removal,REJECTED,duplicate,-
auto-header-nav,x-test-nav,header_component_html,beta-parent,j,HTML Tag Type Modification,REJECTED,duplicate,-
auto-header-nav,x-test-nav,header_component_html,beta-parent,k,HTML Tag Insertion,REJECTED,duplicate,-
auto-header-nav,x-test-nav,header_component_html,gamma-ancestor,d,Text Content Modification,NA,no-text-content,-
auto-header-nav,x-test-nav,header_component_html,gamma-ancestor,e,Text Content Removal,NA,no-text-content,-
auto-header-nav,x-test-nav,header_component_html,gamma-ancestor,i,HTML Tag Removal,NA,root-element,-
auto-header-nav,x-test-nav,header_component_html,gamma-ancestor,a,Attribute Value Modification,REJECTED,duplicate,-
auto-header-nav,x-test-nav,header_component_html,gamma-ancestor,b,Attribute Removal,REJECTED,duplicate,-
auto-header-nav,x-test-nav,header_component_html,gamma-ancestor,c,Attribute Identifier Modification,REJECTED,duplicate,-
auto-header-nav,x-test-nav,header_component_html,gamma-ancestor,j,HTML Tag Type Modification,REJECTED,duplicate,-
auto-header-nav,x-test-nav,header_component_html,gamma-ancestor,k,HTML Tag Insertion,REJECTED,duplicate,-
auto-header-nav,x-test-nav,header_component_html,delta-sibling,d,Text Content Modification,NA,no-text-content,-
auto-header-nav,x-test-nav,header_component_html,delta-sibling,e,Text Content Removal,NA,no-text-content,-
auto-header-nav,x-test-nav,header_component_html,delta-sibling,i,HTML Tag Removal,NA,would-drop-x-test,-
auto-header-nav,x-test-nav,header_component_html,delta-sibling,a,Attribute Value Modification,REJECTED,duplicate,-
auto-header-nav,x-test-nav,header_component_html,delta-sibling,b,Attribute Removal,REJECTED,duplicate,-
auto-header-nav,x-test-nav,header_component_html,delta-sibling,c,Attribute Identifier Modification,REJECTED,duplicate,-
auto-header-nav,x-test-nav,header_component_html,delta-sibling,j,HTML Tag Type Modification,REJECTED,duplicate,-
auto-header-nav,x-test-nav,header_component_html,delta-sibling,k,HTML Tag Insertion,REJECTED,duplicate,-
auto-header-nav,x-test-nav,header_component_html,epsilon-component,a,Attribute Value Modification,NA,no-such-role,-
auto-header-nav,x-test-nav,header_component_html,epsilon-component,b,Attribute Removal,NA,no-such-role,-
auto-header-nav,x-test-nav,header_component_html,epsilon-component,c,Attribute Identifier Modification,NA,no-such-role,-
auto-header-nav,x-test-nav,header_component_html,epsilon-component,d,Text Content Modification,NA,no-such-role,-
auto-header-nav,x-test-nav,header_component_html,epsilon-component,e,Text Content Removal,NA,no-such-role,-
auto-header-nav,x-test-nav,header_component_html,epsilon-component,i,HTML Tag Removal,NA,no-such-role,-
auto-header-nav,x-test-nav,header_component_html,epsilon-component,j,HTML Tag Type Modification,NA,no-such-role,-
auto-header-nav,x-test-nav,header_component_html,epsilon-component,k,HTML Tag Insertion,NA,no-such-role,-
auto-card-form-card-form,x-test-card-form,card_form_component_html,alpha-target,d,Text Content Modification,NA,no-text-content,-
auto-card-form-card-form,x-test-card-form,card_form_component_html,alpha-target,e,Text Content Removal,NA,no-text-content,-
auto-card-form-card-form,x-test-card-form,card_form_component_html,alpha-target,i,HTML Tag Removal,NA,root-element,-
auto-card-form-card-form,x-test-card-form,card_form_component_html,alpha-target,a,Attribute Value Modification,REJECTED,duplicate,-
auto-card-form-card-form,x-test-card-form,card_form_component_html,alpha-target,b,Attribute Removal,REJECTED,duplicate,-
auto-card-form-card-form,x-test-card-form,card_form_component_html,alpha-target,c,Attribute Identifier Modification,REJECTED,duplicate,-
auto-card-form-card-form,x-test-card-form,card_form_component_html,alpha-target,j,HTML Tag Type Modification,REJECTED,duplicate,-
auto-card-form-card-form,x-test-card-form,card_form_component_html,alpha-target,k,HTML Tag Insertion,REJECTED,duplicate,-
auto-card-form-card-form,x-test-card-form,card_form_component_html,beta-parent,a,Attribute Value Modification,NA,boundary-element,-
auto-card-form-card-form,x-test-card-form,card_form_component_html,beta-parent,b,Attribute Removal,NA,boundary-element,-
auto-card-form-card-form,x-test-card-form,card_form_component_html,beta-parent,c,Attribute Identifier Modification,NA,boundary-element,-
auto-card-form-card-form,x-test-card-form,card_form_component_html,beta-parent,d,Text Content Modification,NA,boundary-element,-
auto-card-form-card-form,x-test-card-form,card_form_component_html,beta-parent,e,Text Content Removal,NA,boundary-element,-
auto-card-form-card-form,x-test-card-form,card_form_component_html,beta-parent,i,HTML Tag Removal,NA,boundary-element,-
auto-card-form-card-form,x-test-card-form,card_form_component_html,beta-parent,j,HTML Tag Type Modification,NA,boundary-element,-
auto-card-form-card-form,x-test-card-form,card_form_component_html,beta-parent,k,HTML Tag Insertion,NA,boundary-element,-
auto-card-form-card-form,x-test-card-form,card_form_component_html,gamma-ancestor,a,Attribute Value Modification,NA,no-such-role,-
auto-card-form-card-form,x-test-card-form,card_form_component_html,gamma-ancestor,b,Attribute Removal,NA,no-such-role,-
auto-card-form-card-form,x-test-card-form,card_form_component_html,gamma-ancestor,c,Attribute Identifier Modification,NA,no-such-role,-
auto-card-form-card-form,x-test-card-form,card_form_component_html,gamma-ancestor,d,Text Content Modification,NA,no-such-role,-
auto-card-form-card-form,x-test-card-form,card_form_component_html,gamma-ancestor,e,Text Content Removal,NA,no-such-role,-
auto-card-form-card-form,x-test-card-form,card_form_component_html,gamma-ancestor,i,HTML Tag Removal,NA,no-such-role,-
auto-card-form-card-form,x-test-card-form,card_form_component_html,gamma-ancestor,j,HTML Tag Type Modification,NA,no-such-role,-
auto-card-form-card-form,x-test-card-form,card_form_component_html,gamma-ancestor,k,HTML Tag Insertion,NA,no-such-role,-
auto-card-form-card-form,x-test-card-form,card_form_component_html,delta-sibling,a,Attribute Value Modification,NA,no-such-role,-
auto-card-form-card-form,x-test-card-form,card_form_component_html,delta-sibling,b,Attribute Removal,NA,no-such-role,-
auto-card-form-card-form,x-test-card-form,card_form_component_html,delta-sibling,c,Attribute Identifier Modification,NA,no-such-role,-
auto-card-form-card-form,x-test-card-form,card_form_component_html,delta-sibling,d,Text Content Modification,NA,no-such-role,-
auto-card-form-card-form,x-test-card-form,card_form_component_html,delta-sibling,e,Text Content Removal,NA,no-such-role,-
auto-card-form-card-form,x-test-card-form,card_form_component_html,delta-sibling,i,HTML Tag Removal,NA,no-such-role,-
auto-card-form-card-form,x-test-card-form,card_form_component_html,delta-sibling,j,HTML Tag Type Modification,NA,no-such-role,-
auto-card-form-card-form,x-test-card-form,card_form_component_html,delta-sibling,k,HTML Tag Insertion,NA,no-such-role,-
auto-card-form-card-form,x-test-card-form,card_form_component_html,epsilon-component,a,Attribute Value Modification,NA,no-such-role,-
auto-card-form-card-form,x-test-card-form,card_form_component_html,epsilon-component,b,Attribute Removal,NA,no-such-role,-
auto-card-form-card-form,x-test-card-form,card_form_component_html,epsilon-component,c,Attribute Identifier Modification,NA,no-such-role,-
auto-card-form-card-form,x-test-card-form,card_form_component_html,epsilon-component,d,Text Content Modification,NA,no-such-role,-
auto-card-form-card-form,x-test-card-form,card_form_component_html,epsilon-component,e,Text Content Removal,NA,no-such-role,-
auto-card-form-card-form,x-test-card-form,card_form_component_html,epsilon-component,i,HTML Tag Removal,NA,no-such-role,-
auto-card-form-card-form,x-test-card-form,card_form_component_html,epsilon-component,j,HTML Tag Type Modification,NA,no-such-role,-
auto-card-form-card-form,x-test-card-form,card_form_component_html,epsilon-component,k,HTML Tag Insertion,NA,no-such-role,-
auto-card-form-form-heading,x-test-form-heading,card_form_component_html,alpha-target,i,HTML Tag Removal,NA,would-drop-x-test,-
auto-card-form-form-heading,x-test-form-heading,card_form_component_html,alpha-target,a,Attribute Value Modification,REJECTED,duplicate,-
auto-card-form-form-heading,x-test-form-heading,card_form_component_html,alpha-target,b,Attribute Removal,REJECTED,duplicate,-
auto-card-form-form-heading,x-test-form-heading,card_form_component_html,alpha-target,c,Attribute Identifier Modification,REJECTED,duplicate,-
auto-card-form-form-heading,x-test-form-heading,card_form_component_html,alpha-target,d,Text Content Modification,REJECTED,duplicate,-
auto-card-form-form-heading,x-test-form-heading,card_form_component_html,alpha-target,e,Text Content Removal,REJECTED,duplicate,-
auto-card-form-form-heading,x-test-form-heading,card_form_component_html,alpha-target,j,HTML Tag Type Modification,REJECTED,duplicate,-
auto-card-form-form-heading,x-test-form-heading,card_form_component_html,alpha-target,k,HTML Tag Insertion,REJECTED,duplicate,-
auto-card-form-form-heading,x-test-form-heading,card_form_component_html,beta-parent,d,Text Content Modification,NA,no-text-content,-
auto-card-form-form-heading,x-test-form-heading,card_form_component_html,beta-parent,e,Text Content Removal,NA,no-text-content,-
auto-card-form-form-heading,x-test-form-heading,card_form_component_html,beta-parent,i,HTML Tag Removal,NA,root-element,-
auto-card-form-form-heading,x-test-form-heading,card_form_component_html,beta-parent,a,Attribute Value Modification,REJECTED,duplicate,-
auto-card-form-form-heading,x-test-form-heading,card_form_component_html,beta-parent,b,Attribute Removal,REJECTED,duplicate,-
auto-card-form-form-heading,x-test-form-heading,card_form_component_html,beta-parent,c,Attribute Identifier Modification,REJECTED,duplicate,-
auto-card-form-form-heading,x-test-form-heading,card_form_component_html,beta-parent,j,HTML Tag Type Modification,REJECTED,duplicate,-
auto-card-form-form-heading,x-test-form-heading,card_form_component_html,beta-parent,k,HTML Tag Insertion,REJECTED,duplicate,-
auto-card-form-form-heading,x-test-form-heading,card_form_component_html,gamma-ancestor,a,Attribute Value Modification,NA,no-such-role,-
auto-card-form-form-heading,x-test-form-heading,card_form_component_html,gamma-ancestor,b,Attribute Removal,NA,no-such-role,-
auto-card-form-form-heading,x-test-form-heading,card_form_component_html,gamma-ancestor,c,Attribute Identifier Modification,NA,no-such-role,-
auto-card-form-form-heading,x-test-form-heading,card_form_component_html,gamma-ancestor,d,Text Content Modification,NA,no-such-role,-
auto-card-form-form-heading,x-test-form-heading,card_form_component_html,gamma-ancestor,e,Text Content Removal,NA,no-such-role,-
auto-card-form-form-heading,x-test-form-heading,card_form_component_html,gamma-ancestor,i,HTML Tag Removal,NA,no-such-role,-
auto-card-form-form-heading,x-test-form-heading,card_form_component_html,gamma-ancestor,j,HTML Tag Type Modification,NA,no-such-role,-
auto-card-form-form-heading,x-test-form-heading,card_form_component_html,gamma-ancestor,k,HTML Tag Insertion,NA,no-such-role,-
auto-card-form-form-heading,x-test-form-heading,card_form_component_html,delta-sibling,d,Text Content Modification,NA,no-text-content,-
auto-card-form-form-heading,x-test-form-heading,card_form_component_html,delta-sibling,e,Text Content Removal,NA,no-text-content,-
auto-card-form-form-heading,x-test-form-heading,card_form_component_html,delta-sibling,i,HTML Tag Removal,NA,would-drop-x-test,-
auto-card-form-form-heading,x-test-form-heading,card_form_component_html,delta-sibling,a,Attribute Value Modification,REJECTED,duplicate,-
auto-card-form-form-heading,x-test-form-heading,card_form_component_html,delta-sibling,b,Attribute Removal,REJECTED,duplicate,-
auto-card-form-form-heading,x-test-form-heading,card_form_component_html,delta-sibling,c,Attribute Identifier Modification,REJECTED,duplicate,-
auto-card-form-form-heading,x-test-form-heading,card_form_component_html,delta-sibling,j,HTML Tag Type Modification,REJECTED,duplicate,-
auto-card-form-form-heading,x-test-form-heading,card_form_component_html,delta-sibling,k,HTML Tag Insertion,REJECTED,duplicate,-
auto-card-form-form-heading,x-test-form-heading,card_form_component_html,epsilon-component,a,Attribute Value Modification,NA,no-such-role,-
auto-card-form-form-heading,x-test-form-heading,card_form_component_html,epsilon-component,b,Attribute Removal,NA,no-such-role,-
auto-card-form-form-heading,x-test-form-heading,card_form_component_html,epsilon-component,c,Attribute Identifier Modification,NA,no-such-role,-
auto-card-form-form-heading,x-test-form-heading,card_form_component_html,epsilon-component,d,Text Content Modification,NA,no-such-role,-
auto-card-form-form-heading,x-test-form-heading,card_form_component_html,epsilon-component,e,Text Content Removal,NA,no-such-role,-
auto-card-form-form-heading,x-test-form-heading,card_form_component_html,epsilon-component,i,HTML Tag Removal,NA,no-such-role,-
auto-card-form-form-heading,x-test-form-heading,card_form_component_html,epsilon-component,j,HTML Tag Type Modification,NA,no-such-role,-
auto-card-form-form-heading,x-test-form-heading,card_form_component_html,epsilon-component,k,HTML Tag Insertion,NA,no-such-role,-
auto-card-form-form-title-edit,x-test-form-title-edit,card_form_component_html,alpha-target,i,HTML Tag Removal,NA,would-drop-x-test,-
auto-card-form-form-title-edit,x-test-form-title-edit,card_form_component_html,alpha-target,a,Attribute Value Modification,SAVED,,LLMR_card_form_component_html_auto_card_form_form_title_edit_alf_a
auto-card-form-form-title-edit,x-test-form-title-edit,card_form_component_html,alpha-target,b,Attribute Removal,SAVED,,LLMR_card_form_component_html_auto_card_form_form_title_edit_alf_b
auto-card-form-form-title-edit,x-test-form-title-edit,card_form_component_html,alpha-target,c,Attribute Identifier Modification,SAVED,,LLMR_card_form_component_html_auto_card_form_form_title_edit_alf_c
auto-card-form-form-title-edit,x-test-form-title-edit,card_form_component_html,alpha-target,d,Text Content Modification,SAVED,,LLMR_card_form_component_html_auto_card_form_form_title_edit_alf_d
auto-card-form-form-title-edit,x-test-form-title-edit,card_form_component_html,alpha-target,e,Text Content Removal,SAVED,,LLMR_card_form_component_html_auto_card_form_form_title_edit_alf_e
auto-card-form-form-title-edit,x-test-form-title-edit,card_form_component_html,alpha-target,j,HTML Tag Type Modification,SAVED,,LLMR_card_form_component_html_auto_card_form_form_title_edit_alf_j
auto-card-form-form-title-edit,x-test-form-title-edit,card_form_component_html,alpha-target,k,HTML Tag Insertion,SAVED,,LLMR_card_form_component_html_auto_card_form_form_title_edit_alf_k
auto-card-form-form-title-edit,x-test-form-title-edit,card_form_component_html,beta-parent,i,HTML Tag Removal,NA,would-drop-x-test,-
auto-card-form-form-title-edit,x-test-form-title-edit,card_form_component_html,beta-parent,a,Attribute Value Modification,REJECTED,duplicate,-
auto-card-form-form-title-edit,x-test-form-title-edit,card_form_component_html,beta-parent,b,Attribute Removal,REJECTED,duplicate,-
auto-card-form-form-title-edit,x-test-form-title-edit,card_form_component_html,beta-parent,c,Attribute Identifier Modification,REJECTED,duplicate,-
auto-card-form-form-title-edit,x-test-form-title-edit,card_form_component_html,beta-parent,d,Text Content Modification,REJECTED,duplicate,-
auto-card-form-form-title-edit,x-test-form-title-edit,card_form_component_html,beta-parent,e,Text Content Removal,REJECTED,duplicate,-
auto-card-form-form-title-edit,x-test-form-title-edit,card_form_component_html,beta-parent,j,HTML Tag Type Modification,REJECTED,duplicate,-
auto-card-form-form-title-edit,x-test-form-title-edit,card_form_component_html,beta-parent,k,HTML Tag Insertion,REJECTED,duplicate,-
auto-card-form-form-title-edit,x-test-form-title-edit,card_form_component_html,gamma-ancestor,d,Text Content Modification,NA,no-text-content,-
auto-card-form-form-title-edit,x-test-form-title-edit,card_form_component_html,gamma-ancestor,e,Text Content Removal,NA,no-text-content,-
auto-card-form-form-title-edit,x-test-form-title-edit,card_form_component_html,gamma-ancestor,i,HTML Tag Removal,NA,root-element,-
auto-card-form-form-title-edit,x-test-form-title-edit,card_form_component_html,gamma-ancestor,a,Attribute Value Modification,REJECTED,duplicate,-
auto-card-form-form-title-edit,x-test-form-title-edit,card_form_component_html,gamma-ancestor,b,Attribute Removal,REJECTED,duplicate,-
auto-card-form-form-title-edit,x-test-form-title-edit,card_form_component_html,gamma-ancestor,c,Attribute Identifier Modification,REJECTED,duplicate,-
auto-card-form-form-title-edit,x-test-form-title-edit,card_form_component_html,gamma-ancestor,j,HTML Tag Type Modification,REJECTED,duplicate,-
auto-card-form-form-title-edit,x-test-form-title-edit,card_form_component_html,gamma-ancestor,k,HTML Tag Insertion,REJECTED,duplicate,-
auto-card-form-form-title-edit,x-test-form-title-edit,card_form_component_html,delta-sibling,i,HTML Tag Removal,NA,would-drop-x-test,-
auto-card-form-form-title-edit,x-test-form-title-edit,card_form_component_html,delta-sibling,a,Attribute Value Modification,SAVED,,LLMR_card_form_component_html_auto_card_form_form_title_edit_del_a
auto-card-form-form-title-edit,x-test-form-title-edit,card_form_component_html,delta-sibling,b,Attribute Removal,REJECTED,duplicate,-
auto-card-form-form-title-edit,x-test-form-title-edit,card_form_component_html,delta-sibling,c,Attribute Identifier Modification,REJECTED,duplicate,-
auto-card-form-form-title-edit,x-test-form-title-edit,card_form_component_html,delta-sibling,d,Text Content Modification,REJECTED,duplicate,-
auto-card-form-form-title-edit,x-test-form-title-edit,card_form_component_html,delta-sibling,e,Text Content Removal,REJECTED,duplicate,-
auto-card-form-form-title-edit,x-test-form-title-edit,card_form_component_html,delta-sibling,j,HTML Tag Type Modification,REJECTED,duplicate,-
auto-card-form-form-title-edit,x-test-form-title-edit,card_form_component_html,delta-sibling,k,HTML Tag Insertion,REJECTED,duplicate,-
auto-card-form-form-title-edit,x-test-form-title-edit,card_form_component_html,epsilon-component,a,Attribute Value Modification,NA,no-such-role,-
auto-card-form-form-title-edit,x-test-form-title-edit,card_form_component_html,epsilon-component,b,Attribute Removal,NA,no-such-role,-
auto-card-form-form-title-edit,x-test-form-title-edit,card_form_component_html,epsilon-component,c,Attribute Identifier Modification,NA,no-such-role,-
auto-card-form-form-title-edit,x-test-form-title-edit,card_form_component_html,epsilon-component,d,Text Content Modification,NA,no-such-role,-
auto-card-form-form-title-edit,x-test-form-title-edit,card_form_component_html,epsilon-component,e,Text Content Removal,NA,no-such-role,-
auto-card-form-form-title-edit,x-test-form-title-edit,card_form_component_html,epsilon-component,i,HTML Tag Removal,NA,no-such-role,-
auto-card-form-form-title-edit,x-test-form-title-edit,card_form_component_html,epsilon-component,j,HTML Tag Type Modification,NA,no-such-role,-
auto-card-form-form-title-edit,x-test-form-title-edit,card_form_component_html,epsilon-component,k,HTML Tag Insertion,NA,no-such-role,-
auto-card-form-form-title-new,x-test-form-title-new,card_form_component_html,alpha-target,i,HTML Tag Removal,NA,would-drop-x-test,-
auto-card-form-form-title-new,x-test-form-title-new,card_form_component_html,alpha-target,a,Attribute Value Modification,REJECTED,duplicate,-
auto-card-form-form-title-new,x-test-form-title-new,card_form_component_html,alpha-target,b,Attribute Removal,REJECTED,duplicate,-
auto-card-form-form-title-new,x-test-form-title-new,card_form_component_html,alpha-target,c,Attribute Identifier Modification,REJECTED,duplicate,-
auto-card-form-form-title-new,x-test-form-title-new,card_form_component_html,alpha-target,d,Text Content Modification,REJECTED,duplicate,-
auto-card-form-form-title-new,x-test-form-title-new,card_form_component_html,alpha-target,e,Text Content Removal,REJECTED,duplicate,-
auto-card-form-form-title-new,x-test-form-title-new,card_form_component_html,alpha-target,j,HTML Tag Type Modification,REJECTED,duplicate,-
auto-card-form-form-title-new,x-test-form-title-new,card_form_component_html,alpha-target,k,HTML Tag Insertion,REJECTED,duplicate,-
auto-card-form-form-title-new,x-test-form-title-new,card_form_component_html,beta-parent,i,HTML Tag Removal,NA,would-drop-x-test,-
auto-card-form-form-title-new,x-test-form-title-new,card_form_component_html,beta-parent,a,Attribute Value Modification,REJECTED,duplicate,-
auto-card-form-form-title-new,x-test-form-title-new,card_form_component_html,beta-parent,b,Attribute Removal,REJECTED,duplicate,-
auto-card-form-form-title-new,x-test-form-title-new,card_form_component_html,beta-parent,c,Attribute Identifier Modification,REJECTED,duplicate,-
auto-card-form-form-title-new,x-test-form-title-new,card_form_component_html,beta-parent,d,Text Content Modification,REJECTED,duplicate,-
auto-card-form-form-title-new,x-test-form-title-new,card_form_component_html,beta-parent,e,Text Content Removal,REJECTED,duplicate,-
auto-card-form-form-title-new,x-test-form-title-new,card_form_component_html,beta-parent,j,HTML Tag Type Modification,REJECTED,duplicate,-
auto-card-form-form-title-new,x-test-form-title-new,card_form_component_html,beta-parent,k,HTML Tag Insertion,REJECTED,duplicate,-
auto-card-form-form-title-new,x-test-form-title-new,card_form_component_html,gamma-ancestor,d,Text Content Modification,NA,no-text-content,-
auto-card-form-form-title-new,x-test-form-title-new,card_form_component_html,gamma-ancestor,e,Text Content Removal,NA,no-text-content,-
auto-card-form-form-title-new,x-test-form-title-new,card_form_component_html,gamma-ancestor,i,HTML Tag Removal,NA,root-element,-
auto-card-form-form-title-new,x-test-form-title-new,card_form_component_html,gamma-ancestor,a,Attribute Value Modification,REJECTED,duplicate,-
auto-card-form-form-title-new,x-test-form-title-new,card_form_component_html,gamma-ancestor,b,Attribute Removal,REJECTED,duplicate,-
auto-card-form-form-title-new,x-test-form-title-new,card_form_component_html,gamma-ancestor,c,Attribute Identifier Modification,REJECTED,duplicate,-
auto-card-form-form-title-new,x-test-form-title-new,card_form_component_html,gamma-ancestor,j,HTML Tag Type Modification,REJECTED,duplicate,-
auto-card-form-form-title-new,x-test-form-title-new,card_form_component_html,gamma-ancestor,k,HTML Tag Insertion,REJECTED,duplicate,-
auto-card-form-form-title-new,x-test-form-title-new,card_form_component_html,delta-sibling,i,HTML Tag Removal,NA,would-drop-x-test,-
auto-card-form-form-title-new,x-test-form-title-new,card_form_component_html,delta-sibling,a,Attribute Value Modification,REJECTED,duplicate,-
auto-card-form-form-title-new,x-test-form-title-new,card_form_component_html,delta-sibling,b,Attribute Removal,REJECTED,duplicate,-
auto-card-form-form-title-new,x-test-form-title-new,card_form_component_html,delta-sibling,c,Attribute Identifier Modification,REJECTED,duplicate,-
auto-card-form-form-title-new,x-test-form-title-new,card_form_component_html,delta-sibling,d,Text Content Modification,REJECTED,duplicate,-
auto-card-form-form-title-new,x-test-form-title-new,card_form_component_html,delta-sibling,e,Text Content Removal,REJECTED,duplicate,-
auto-card-form-form-title-new,x-test-form-title-new,card_form_component_html,delta-sibling,j,HTML Tag Type Modification,REJECTED,duplicate,-
auto-card-form-form-title-new,x-test-form-title-new,card_form_component_html,delta-sibling,k,HTML Tag Insertion,SAVED,,LLMR_card_form_component_html_auto_card_form_form_title_new_del_k
auto-card-form-form-title-new,x-test-form-title-new,card_form_component_html,epsilon-component,a,Attribute Value Modification,NA,no-such-role,-
auto-card-form-form-title-new,x-test-form-title-new,card_form_component_html,epsilon-component,b,Attribute Removal,NA,no-such-role,-
auto-card-form-form-title-new,x-test-form-title-new,card_form_component_html,epsilon-component,c,Attribute Identifier Modification,NA,no-such-role,-
auto-card-form-form-title-new,x-test-form-title-new,card_form_component_html,epsilon-component,d,Text Content Modification,NA,no-such-role,-
auto-card-form-form-title-new,x-test-form-title-new,card_form_component_html,epsilon-component,e,Text Content Removal,NA,no-such-role,-
auto-card-form-form-title-new,x-test-form-title-new,card_form_component_html,epsilon-component,i,HTML Tag Removal,NA,no-such-role,-
auto-card-form-form-title-new,x-test-form-title-new,card_form_component_html,epsilon-component,j,HTML Tag Type Modification,NA,no-such-role,-
auto-card-form-form-title-new,x-test-form-title-new,card_form_component_html,epsilon-component,k,HTML Tag Insertion,NA,no-such-role,-
auto-card-form-form-field-title,x-test-form-field-title,card_form_component_html,alpha-target,d,Text Content Modification,NA,no-text-content,-
auto-card-form-form-field-title,x-test-form-field-title,card_form_component_html,alpha-target,e,Text Content Removal,NA,no-text-content,-
auto-card-form-form-field-title,x-test-form-field-title,card_form_component_html,alpha-target,i,HTML Tag Removal,NA,would-drop-x-test,-
auto-card-form-form-field-title,x-test-form-field-title,card_form_component_html,alpha-target,a,Attribute Value Modification,REJECTED,duplicate,-
auto-card-form-form-field-title,x-test-form-field-title,card_form_component_html,alpha-target,b,Attribute Removal,REJECTED,duplicate,-
auto-card-form-form-field-title,x-test-form-field-title,card_form_component_html,alpha-target,c,Attribute Identifier Modification,REJECTED,duplicate,-
auto-card-form-form-field-title,x-test-form-field-title,card_form_component_html,alpha-target,j,HTML Tag Type Modification,REJECTED,duplicate,-
auto-card-form-form-field-title,x-test-form-field-title,card_form_component_html,alpha-target,k,HTML Tag Insertion,REJECTED,duplicate,-
auto-card-form-form-field-title,x-test-form-field-title,card_form_component_html,beta-parent,d,Text Content Modification,NA,no-text-content,-
auto-card-form-form-field-title,x-test-form-field-title,card_form_component_html,beta-parent,e,Text Content Removal,NA,no-text-content,-
auto-card-form-form-field-title,x-test-form-field-title,card_form_component_html,beta-parent,i,HTML Tag Removal,NA,would-drop-x-test,-
auto-card-form-form-field-title,x-test-form-field-title,card_form_component_html,beta-parent,a,Attribute Value Modification,REJECTED,duplicate,-
auto-card-form-form-field-title,x-test-form-field-title,card_form_component_html,beta-parent,b,Attribute Removal,REJECTED,duplicate,-
auto-card-form-form-field-title,x-test-form-field-title,card_form_component_html,beta-parent,c,Attribute Identifier Modification,REJECTED,duplicate,-
auto-card-form-form-field-title,x-test-form-field-title,card_form_component_html,beta-parent,j,HTML Tag Type Modification,REJECTED,duplicate,-
auto-card-form-form-field-title,x-test-form-field-title,card_form_component_html,beta-parent,k,HTML Tag Insertion,REJECTED,duplicate,-
auto-card-form-form-field-title,x-test-form-field-title,card_form_component_html,gamma-ancestor,d,Text Content Modification,NA,no-text-content,-
auto-card-form-form-field-title,x-test-form-field-title,card_form_component_html,gamma-ancestor,e,Text Content Removal,NA,no-text-content,-
auto-card-form-form-field-title,x-test-form-field-title,card_form_component_html,gamma-ancestor,i,HTML Tag Removal,NA,root-element,-
auto-card-form-form-field-title,x-test-form-field-title,card_form_component_html,gamma-ancestor,a,Attribute Value Modification,REJECTED,duplicate,-
auto-card-form-form-field-title,x-test-form-field-title,card_form_component_html,gamma-ancestor,b,Attribute Removal,REJECTED,duplicate,-
auto-card-form-form-field-title,x-test-form-field-title,card_form_component_html,gamma-ancestor,c,Attribute Identifier Modification,REJECTED,duplicate,-
auto-card-form-form-field-title,x-test-form-field-title,card_form_component_html,gamma-ancestor,j,HTML Tag Type Modification,REJECTED,duplicate,-
auto-card-form-form-field-title,x-test-form-field-title,card_form_component_html,gamma-ancestor,k,HTML Tag Insertion,REJECTED,duplicate,-
auto-card-form-form-field-title,x-test-form-field-title,card_form_component_html,delta-sibling,d,Text Content Modification,NA,no-text-content,-
auto-card-form-form-field-title,x-test-form-field-title,card_form_component_html,delta-sibling,e,Text Content Removal,NA,no-text-content,-
auto-card-form-form-field-title,x-test-form-field-title,card_form_component_html,delta-sibling,i,HTML Tag Removal,NA,would-drop-x-test,-
auto-card-form-form-field-title,x-test-form-field-title,card_form_component_html,delta-sibling,a,Attribute Value Modification,REJECTED,duplicate,-
auto-card-form-form-field-title,x-test-form-field-title,card_form_component_html,delta-sibling,b,Attribute Removal,REJECTED,duplicate,-
auto-card-form-form-field-title,x-test-form-field-title,card_form_component_html,delta-sibling,c,Attribute Identifier Modification,REJECTED,duplicate,-
auto-card-form-form-field-title,x-test-form-field-title,card_form_component_html,delta-sibling,j,HTML Tag Type Modification,REJECTED,duplicate,-
auto-card-form-form-field-title,x-test-form-field-title,card_form_component_html,delta-sibling,k,HTML Tag Insertion,REJECTED,duplicate,-
auto-card-form-form-field-title,x-test-form-field-title,card_form_component_html,epsilon-component,a,Attribute Value Modification,NA,no-such-role,-
auto-card-form-form-field-title,x-test-form-field-title,card_form_component_html,epsilon-component,b,Attribute Removal,NA,no-such-role,-
auto-card-form-form-field-title,x-test-form-field-title,card_form_component_html,epsilon-component,c,Attribute Identifier Modification,NA,no-such-role,-
auto-card-form-form-field-title,x-test-form-field-title,card_form_component_html,epsilon-component,d,Text Content Modification,NA,no-such-role,-
auto-card-form-form-field-title,x-test-form-field-title,card_form_component_html,epsilon-component,e,Text Content Removal,NA,no-such-role,-
auto-card-form-form-field-title,x-test-form-field-title,card_form_component_html,epsilon-component,i,HTML Tag Removal,NA,no-such-role,-
auto-card-form-form-field-title,x-test-form-field-title,card_form_component_html,epsilon-component,j,HTML Tag Type Modification,NA,no-such-role,-
auto-card-form-form-field-title,x-test-form-field-title,card_form_component_html,epsilon-component,k,HTML Tag Insertion,NA,no-such-role,-
auto-card-form-form-field-description,x-test-form-field-description,card_form_component_html,alpha-target,d,Text Content Modification,NA,no-text-content,-
auto-card-form-form-field-description,x-test-form-field-description,card_form_component_html,alpha-target,e,Text Content Removal,NA,no-text-content,-
auto-card-form-form-field-description,x-test-form-field-description,card_form_component_html,alpha-target,i,HTML Tag Removal,NA,would-drop-x-test,-
auto-card-form-form-field-description,x-test-form-field-description,card_form_component_html,alpha-target,a,Attribute Value Modification,REJECTED,duplicate,-
auto-card-form-form-field-description,x-test-form-field-description,card_form_component_html,alpha-target,b,Attribute Removal,REJECTED,duplicate,-
auto-card-form-form-field-description,x-test-form-field-description,card_form_component_html,alpha-target,c,Attribute Identifier Modification,REJECTED,duplicate,-
auto-card-form-form-field-description,x-test-form-field-description,card_form_component_html,alpha-target,j,HTML Tag Type Modification,REJECTED,duplicate,-
auto-card-form-form-field-description,x-test-form-field-description,card_form_component_html,alpha-target,k,HTML Tag Insertion,REJECTED,duplicate,-
auto-card-form-form-field-description,x-test-form-field-description,card_form_component_html,beta-parent,d,Text Content Modification,NA,no-text-content,-
auto-card-form-form-field-description,x-test-form-field-description,card_form_component_html,beta-parent,e,Text Content Removal,NA,no-text-content,-
auto-card-form-form-field-description,x-test-form-field-description,card_form_component_html,beta-parent,i,HTML Tag Removal,NA,would-drop-x-test,-
auto-card-form-form-field-description,x-test-form-field-description,card_form_component_html,beta-parent,a,Attribute Value Modification,REJECTED,duplicate,-
auto-card-form-form-field-description,x-test-form-field-description,card_form_component_html,beta-parent,b,Attribute Removal,REJECTED,duplicate,-
auto-card-form-form-field-description,x-test-form-field-description,card_form_component_html,beta-parent,c,Attribute Identifier Modification,REJECTED,duplicate,-
auto-card-form-form-field-description,x-test-form-field-description,card_form_component_html,beta-parent,j,HTML Tag Type Modification,REJECTED,duplicate,-
auto-card-form-form-field-description,x-test-form-field-description,card_form_component_html,beta-parent,k,HTML Tag Insertion,REJECTED,duplicate,-
auto-card-form-form-field-description,x-test-form-field-description,card_form_component_html,gamma-ancestor,d,Text Content Modification,NA,no-text-content,-
auto-card-form-form-field-description,x-test-form-field-description,card_form_component_html,gamma-ancestor,e,Text Content Removal,NA,no-text-content,-
auto-card-form-form-field-description,x-test-form-field-description,card_form_component_html,gamma-ancestor,i,HTML Tag Removal,NA,root-element,-
auto-card-form-form-field-description,x-test-form-field-description,card_form_component_html,gamma-ancestor,a,Attribute Value Modification,REJECTED,duplicate,-
auto-card-form-form-field-description,x-test-form-field-description,card_form_component_html,gamma-ancestor,b,Attribute Removal,REJECTED,duplicate,-
auto-card-form-form-field-description,x-test-form-field-description,card_form_component_html,gamma-ancestor,c,Attribute Identifier Modification,REJECTED,duplicate,-
auto-card-form-form-field-description,x-test-form-field-description,card_form_component_html,gamma-ancestor,j,HTML Tag Type Modification,REJECTED,duplicate,-
auto-card-form-form-field-description,x-test-form-field-description,card_form_component_html,gamma-ancestor,k,HTML Tag Insertion,REJECTED,duplicate,-
auto-card-form-form-field-description,x-test-form-field-description,card_form_component_html,delta-sibling,d,Text Content Modification,NA,no-text-content,-
auto-card-form-form-field-description,x-test-form-field-description,card_form_component_html,delta-sibling,e,Text Content Removal,NA,no-text-content,-
auto-card-form-form-field-description,x-test-form-field-description,card_form_component_html,delta-sibling,a,Attribute Value Modification,REJECTED,duplicate,-
auto-card-form-form-field-description,x-test-form-field-description,card_form_component_html,delta-sibling,b,Attribute Removal,REJECTED,duplicate,-
auto-card-form-form-field-description,x-test-form-field-description,card_form_component_html,delta-sibling,c,Attribute Identifier Modification,REJECTED,duplicate,-
auto-card-form-form-field-description,x-test-form-field-description,card_form_component_html,delta-sibling,i,HTML Tag Removal,REJECTED,duplicate,-
auto-card-form-form-field-description,x-test-form-field-description,card_form_component_html,delta-sibling,j,HTML Tag Type Modification,REJECTED,duplicate,-
auto-card-form-form-field-description,x-test-form-field-description,card_form_component_html,delta-sibling,k,HTML Tag Insertion,REJECTED,duplicate,-
auto-card-form-form-field-description,x-test-form-field-description,card_form_component_html,epsilon-component,a,Attribute Value Modification,NA,no-such-role,-
auto-card-form-form-field-description,x-test-form-field-description,card_form_component_html,epsilon-component,b,Attribute Removal,NA,no-such-role,-
auto-card-form-form-field-description,x-test-form-field-description,card_form_component_html,epsilon-component,c,Attribute Identifier Modification,NA,no-such-role,-
auto-card-form-form-field-description,x-test-form-field-description,card_form_component_html,epsilon-component,d,Text Content Modification,NA,no-such-role,-
auto-card-form-form-field-description,x-test-form-field-description,card_form_component_html,epsilon-component,e,Text Content Removal,NA,no-such-role,-
auto-card-form-form-field-description,x-test-form-field-description,card_form_component_html,epsilon-component,i,HTML Tag Removal,NA,no-such-role,-
auto-card-form-form-field-description,x-test-form-field-description,card_form_component_html,epsilon-component,j,HTML Tag Type Modification,NA,no-such-role,-
auto-card-form-form-field-description,x-test-form-field-description,card_form_component_html,epsilon-component,k,HTML Tag Insertion,NA,no-such-role,-
auto-card-form-form-description-label,x-test-form-description-label,card_form_component_html,alpha-target,i,HTML Tag Removal,NA,would-drop-x-test,-
auto-card-form-form-description-label,x-test-form-description-label,card_form_component_html,alpha-target,a,Attribute Value Modification,REJECTED,duplicate,-
auto-card-form-form-description-label,x-test-form-description-label,card_form_component_html,alpha-target,b,Attribute Removal,REJECTED,duplicate,-
auto-card-form-form-description-label,x-test-form-description-label,card_form_component_html,alpha-target,c,Attribute Identifier Modification,REJECTED,duplicate,-
auto-card-form-form-description-label,x-test-form-description-label,card_form_component_html,alpha-target,d,Text Content Modification,REJECTED,duplicate,-
auto-card-form-form-description-label,x-test-form-description-label,card_form_component_html,alpha-target,e,Text Content Removal,REJECTED,duplicate,-
auto-card-form-form-description-label,x-test-form-description-label,card_form_component_html,alpha-target,j,HTML Tag Type Modification,REJECTED,duplicate,-
auto-card-form-form-description-label,x-test-form-description-label,card_form_component_html,alpha-target,k,HTML Tag Insertion,REJECTED,duplicate,-
auto-card-form-form-description-label,x-test-form-description-label,card_form_component_html,beta-parent,d,Text Content Modification,NA,no-text-content,-
auto-card-form-form-description-label,x-test-form-description-label,card_form_component_html,beta-parent,e,Text Content Removal,NA,no-text-content,-
auto-card-form-form-description-label,x-test-form-description-label,card_form_component_html,beta-parent,i,HTML Tag Removal,NA,would-drop-x-test,-
auto-card-form-form-description-label,x-test-form-description-label,card_form_component_html,beta-parent,a,Attribute Value Modification,REJECTED,duplicate,-
auto-card-form-form-description-label,x-test-form-description-label,card_form_component_html,beta-parent,b,Attribute Removal,REJECTED,duplicate,-
auto-card-form-form-description-label,x-test-form-description-label,card_form_component_html,beta-parent,c,Attribute Identifier Modification,REJECTED,duplicate,-
auto-card-form-form-description-label,x-test-form-description-label,card_form_component_html,beta-parent,j,HTML Tag Type Modification,REJECTED,duplicate,-
auto-card-form-form-description-label,x-test-form-description-label,card_form_component_html,beta-parent,k,HTML Tag Insertion,REJECTED,duplicate,-
auto-card-form-form-description-label,x-test-form-description-label,card_form_component_html,gamma-ancestor,d,Text Content Modification,NA,no-text-content,-
auto-card-form-form-description-label,x-test-form-description-label,card_form_component_html,gamma-ancestor,e,Text Content Removal,NA,no-text-content,-
auto-card-form-form-description-label,x-test-form-description-label,card_form_component_html,gamma-ancestor,i,HTML Tag Removal,NA,would-drop-x-test,-
auto-card-form-form-description-label,x-test-form-description-label,card_form_component_html,gamma-ancestor,a,Attribute Value Modification,REJECTED,duplicate,-
auto-card-form-form-description-label,x-test-form-description-label,card_form_component_html,gamma-ancestor,b,Attribute Removal,REJECTED,duplicate,-
auto-card-form-form-description-label,x-test-form-description-label,card_form_component_html,gamma-ancestor,c,Attribute Identifier Modification,REJECTED,duplicate,-
auto-card-form-form-description-label,x-test-form-description-label,card_form_component_html,gamma-ancestor,j,HTML Tag Type Modification,REJECTED,duplicate,-
auto-card-form-form-description-label,x-test-form-description-label,card_form_component_html,gamma-ancestor,k,HTML Tag Insertion,REJECTED,duplicate,-
auto-card-form-form-description-label,x-test-form-description-label,card_form_component_html,delta-sibling,d,Text Content Modification,NA,no-text-content,-
auto-card-form-form-description-label,x-test-form-description-label,card_form_component_html,delta-sibling,e,Text Content Removal,NA,no-text-content,-
auto-card-form-form-description-label,x-test-form-description-label,card_form_component_html,delta-sibling,i,HTML Tag Removal,NA,would-drop-x-test,-
auto-card-form-form-description-label,x-test-form-description-label,card_form_component_html,delta-sibling,a,Attribute Value Modification,REJECTED,duplicate,-
auto-card-form-form-description-label,x-test-form-description-label,card_form_component_html,delta-sibling,b,Attribute Removal,REJECTED,duplicate,-
auto-card-form-form-description-label,x-test-form-description-label,card_form_component_html,delta-sibling,c,Attribute Identifier Modification,SAVED,,LLMR_card_form_component_html_auto_card_form_form_description_label_del_c
auto-card-form-form-description-label,x-test-form-description-label,card_form_component_html,delta-sibling,j,HTML Tag Type Modification,REJECTED,duplicate,-
auto-card-form-form-description-label,x-test-form-description-label,card_form_component_html,delta-sibling,k,HTML Tag Insertion,REJECTED,duplicate,-
auto-card-form-form-description-label,x-test-form-description-label,card_form_component_html,epsilon-component,a,Attribute Value Modification,NA,no-such-role,-
auto-card-form-form-description-label,x-test-form-description-label,card_form_component_html,epsilon-component,b,Attribute Removal,NA,no-such-role,-
auto-card-form-form-description-label,x-test-form-description-label,card_form_component_html,epsilon-component,c,Attribute Identifier Modification,NA,no-such-role,-
auto-card-form-form-description-label,x-test-form-description-label,card_form_component_html,epsilon-component,d,Text Content Modification,NA,no-such-role,-
auto-card-form-form-description-label,x-test-form-description-label,card_form_component_html,epsilon-component,e,Text Content Removal,NA,no-such-role,-
auto-card-form-form-description-label,x-test-form-description-label,card_form_component_html,epsilon-component,i,HTML Tag Removal,NA,no-such-role,-
auto-card-form-form-description-label,x-test-form-description-label,card_form_component_html,epsilon-component,j,HTML Tag Type Modification,NA,no-such-role,-
auto-card-form-form-description-label,x-test-form-description-label,card_form_component_html,epsilon-component,k,HTML Tag Insertion,NA,no-such-role,-
auto-card-form-form-field-priority,x-test-form-field-priority,card_form_component_html,alpha-target,d,Text Content Modification,NA,no-text-content,-
auto-card-form-form-field-priority,x-test-form-field-priority,card_form_component_html,alpha-target,e,Text Content Removal,NA,no-text-content,-
auto-card-form-form-field-priority,x-test-form-field-priority,card_form_component_html,alpha-target,i,HTML Tag Removal,NA,would-drop-x-test,-
auto-card-form-form-field-priority,x-test-form-field-priority,card_form_component_html,alpha-target,a,Attribute Value Modification,REJECTED,duplicate,-
auto-card-form-form-field-priority,x-test-form-field-priority,card_form_component_html,alpha-target,b,Attribute Removal,REJECTED,duplicate,-
auto-card-form-form-field-priority,x-test-form-field-priority,card_form_component_html,alpha-target,c,Attribute Identifier Modification,REJECTED,duplicate,-
auto-card-form-form-field-priority,x-test-form-field-priority,card_form_component_html,alpha-target,j,HTML Tag Type Modification,REJECTED,duplicate,-
auto-card-form-form-field-priority,x-test-form-field-priority,card_form_component_html,alpha-target,k,HTML Tag Insertion,REJECTED,duplicate,-
auto-card-form-form-field-priority,x-test-form-field-priority,card_form_component_html,beta-parent,d,Text Content Modification,NA,no-text-content,-
auto-card-form-form-field-priority,x-test-form-field-priority,card_form_component_html,beta-parent,e,Text Content Removal,NA,no-text-content,-
auto-card-form-form-field-priority,x-test-form-field-priority,card_form_component_html,beta-parent,a,Attribute Value Modification,REJECTED,duplicate,-
auto-card-form-form-field-priority,x-test-form-field-priority,card_form_component_html,beta-parent,b,Attribute Removal,REJECTED,duplicate,-
auto-card-form-form-field-priority,x-test-form-field-priority,card_form_component_html,beta-parent,c,Attribute Identifier Modification,REJECTED,duplicate,-
auto-card-form-form-field-priority,x-test-form-field-priority,card_form_component_html,beta-parent,i,HTML Tag Removal,REJECTED,duplicate,-
auto-card-form-form-field-priority,x-test-form-field-priority,card_form_component_html,beta-parent,j,HTML Tag Type Modification,REJECTED,duplicate,-
auto-card-form-form-field-priority,x-test-form-field-priority,card_form_component_html,beta-parent,k,HTML Tag Insertion,REJECTED,duplicate,-
auto-card-form-form-field-priority,x-test-form-field-priority,card_form_component_html,gamma-ancestor,d,Text Content Modification,NA,no-text-content,-
auto-card-form-form-field-priority,x-test-form-field-priority,card_form_component_html,gamma-ancestor,e,Text Content Removal,NA,no-text-content,-
auto-card-form-form-field-priority,x-test-form-field-priority,card_form_component_html,gamma-ancestor,a,Attribute Value Modification,REJECTED,duplicate,-
auto-card-form-form-field-priority,x-test-form-field-priority,card_form_component_html,gamma-ancestor,b,Attribute Removal,REJECTED,duplicate,-
auto-card-form-form-field-priority,x-test-form-field-priority,card_form_component_html,gamma-ancestor,c,Attribute Identifier Modification,REJECTED,duplicate,-
auto-card-form-form-field-priority,x-test-form-field-priority,card_form_component_html,gamma-ancestor,i,HTML Tag Removal,REJECTED,duplicate,-
auto-card-form-form-field-priority,x-test-form-field-priority,card_form_component_html,gamma-ancestor,j,HTML Tag Type Modification,REJECTED,duplicate,-
auto-card-form-form-field-priority,x-test-form-field-priority,card_form_component_html,gamma-ancestor,k,HTML Tag Insertion,REJECTED,duplicate,-
auto-card-form-form-field-priority,x-test-form-field-priority,card_form_component_html,delta-sibling,d,Text Content Modification,NA,no-text-content,-
auto-card-form-form-field-priority,x-test-form-field-priority,card_form_component_html,delta-sibling,e,Text Content Removal,NA,no-text-content,-
auto-card-form-form-field-priority,x-test-form-field-priority,card_form_component_html,delta-sibling,i,HTML Tag Removal,NA,would-drop-x-test,-
auto-card-form-form-field-priority,x-test-form-field-priority,card_form_component_html,delta-sibling,a,Attribute Value Modification,REJECTED,duplicate,-
auto-card-form-form-field-priority,x-test-form-field-priority,card_form_component_html,delta-sibling,b,Attribute Removal,REJECTED,duplicate,-
auto-card-form-form-field-priority,x-test-form-field-priority,card_form_component_html,delta-sibling,c,Attribute Identifier Modification,REJECTED,duplicate,-
auto-card-form-form-field-priority,x-test-form-field-priority,card_form_component_html,delta-sibling,j,HTML Tag Type Modification,REJECTED,duplicate,-
auto-card-form-form-field-priority,x-test-form-field-priority,card_form_component_html,delta-sibling,k,HTML Tag Insertion,REJECTED,duplicate,-
auto-card-form-form-field-priority,x-test-form-field-priority,card_form_component_html,epsilon-component,d,Text Content Modification,NA,no-text-content,-
auto-card-form-form-field-priority,x-test-form-field-priority,card_form_component_html,epsilon-component,e,Text Content Removal,NA,no-text-content,-
auto-card-form-form-field-priority,x-test-form-field-priority,card_form_component_html,epsilon-component,a,Attribute Value Modification,REJECTED,duplicate,-
auto-card-form-form-field-priority,x-test-form-field-priority,card_form_component_html,epsilon-component,b,Attribute Removal,REJECTED,duplicate,-
auto-card-form-form-field-priority,x-test-form-field-priority,card_form_component_html,epsilon-component,c,Attribute Identifier Modification,REJECTED,duplicate,-
auto-card-form-form-field-priority,x-test-form-field-priority,card_form_component_html,epsilon-component,i,HTML Tag Removal,REJECTED,duplicate,-
auto-card-form-form-field-priority,x-test-form-field-priority,card_form_component_html,epsilon-component,j,HTML Tag Type Modification,REJECTED,duplicate,-
auto-card-form-form-field-priority,x-test-form-field-priority,card_form_component_html,epsilon-component,k,HTML Tag Insertion,REJECTED,duplicate,-
auto-card-form-form-priority-label,x-test-form-priority-label,card_form_component_html,alpha-target,i,HTML Tag Removal,NA,would-drop-x-test,-
auto-card-form-form-priority-label,x-test-form-priority-label,card_form_component_html,alpha-target,a,Attribute Value Modification,REJECTED,duplicate,-
auto-card-form-form-priority-label,x-test-form-priority-label,card_form_component_html,alpha-target,b,Attribute Removal,REJECTED,duplicate,-
auto-card-form-form-priority-label,x-test-form-priority-label,card_form_component_html,alpha-target,c,Attribute Identifier Modification,REJECTED,duplicate,-
auto-card-form-form-priority-label,x-test-form-priority-label,card_form_component_html,alpha-target,d,Text Content Modification,REJECTED,duplicate,-
auto-card-form-form-priority-label,x-test-form-priority-label,card_form_component_html,alpha-target,e,Text Content Removal,REJECTED,duplicate,-
auto-card-form-form-priority-label,x-test-form-priority-label,card_form_component_html,alpha-target,j,HTML Tag Type Modification,REJECTED,duplicate,-
auto-card-form-form-priority-label,x-test-form-priority-label,card_form_component_html,alpha-target,k,HTML Tag Insertion,REJECTED,duplicate,-
auto-card-form-form-priority-label,x-test-form-priority-label,card_form_component_html,beta-parent,d,Text Content Modification,NA,no-text-content,-
auto-card-form-form-priority-label,x-test-form-priority-label,card_form_component_html,beta-parent,e,Text Content Removal,NA,no-text-content,-
auto-card-form-form-priority-label,x-test-form-priority-label,card_form_component_html,beta-parent,i,HTML Tag Removal,NA,would-drop-x-test,-
auto-card-form-form-priority-label,x-test-form-priority-label,card_form_component_html,beta-parent,a,Attribute Value Modification,REJECTED,duplicate,-
auto-card-form-form-priority-label,x-test-form-priority-label,card_form_component_html,beta-parent,b,Attribute Removal,REJECTED,duplicate,-
auto-card-form-form-priority-label,x-test-form-priority-label,card_form_component_html,beta-parent,c,Attribute Identifier Modification,REJECTED,duplicate,-
auto-card-form-form-priority-label,x-test-form-priority-label,card_form_component_html,beta-parent,j,HTML Tag Type Modification,REJECTED,duplicate,-
auto-card-form-form-priority-label,x-test-form-priority-label,card_form_component_html,beta-parent,k,HTML Tag Insertion,REJECTED,duplicate,-
auto-card-form-form-priority-label,x-test-form-priority-label,card_form_component_html,gamma-ancestor,d,Text Content Modification,NA,no-text-content,-
auto-card-form-form-priority-label,x-test-form-priority-label,card_form_component_html,gamma-ancestor,e,Text Content Removal,NA,no-text-content,-
auto-card-form-form-priority-label,x-test-form-priority-label,card_form_component_html,gamma-ancestor,a,Attribute Value Modification,REJECTED,duplicate,-
auto-card-form-form-priority-label,x-test-form-priority-label,card_form_component_html,gamma-ancestor,b,Attribute Removal,REJECTED,duplicate,-
auto-card-form-form-priority-label,x-test-form-priority-label,card_form_component_html,gamma-ancestor,c,Attribute Identifier Modification,REJECTED,duplicate,-
auto-card-form-form-priority-label,x-test-form-priority-label,card_form_component_html,gamma-ancestor,i,HTML Tag Removal,REJECTED,duplicate,-
auto-card-form-form-priority-label,x-test-form-priority-label,card_form_component_html,gamma-ancestor,j,HTML Tag Type Modification,REJECTED,duplicate,-
auto-card-form-form-priority-label,x-test-form-priority-label,card_form_component_html,gamma-ancestor,k,HTML Tag Insertion,REJECTED,duplicate,-
auto-card-form-form-priority-label,x-test-form-priority-label,card_form_component_html,delta-sibling,d,Text Content Modification,NA,no-text-content,-
auto-card-form-form-priority-label,x-test-form-priority-label,card_form_component_html,delta-sibling,e,Text Content Removal,NA,no-text-content,-
auto-card-form-form-priority-label,x-test-form-priority-label,card_form_component_html,delta-sibling,i,HTML Tag Removal,NA,would-drop-x-test,-
auto-card-form-form-priority-label,x-test-form-priority-label,card_form_component_html,delta-sibling,a,Attribute Value Modification,REJECTED,duplicate,-
auto-card-form-form-priority-label,x-test-form-priority-label,card_form_component_html,delta-sibling,b,Attribute Removal,REJECTED,duplicate,-
auto-card-form-form-priority-label,x-test-form-priority-label,card_form_component_html,delta-sibling,c,Attribute Identifier Modification,REJECTED,duplicate,-
auto-card-form-form-priority-label,x-test-form-priority-label,card_form_component_html,delta-sibling,j,HTML Tag Type Modification,REJECTED,duplicate,-
auto-card-form-form-priority-label,x-test-form-priority-label,card_form_component_html,delta-sibling,k,HTML Tag Insertion,REJECTED,duplicate,-
auto-card-form-form-priority-label,x-test-form-priority-label,card_form_component_html,epsilon-component,d,Text Content Modification,NA,no-text-content,-
auto-card-form-form-priority-label,x-test-form-priority-label,card_form_component_html,epsilon-component,e,Text Content Removal,NA,no-text-content,-
auto-card-form-form-priority-label,x-test-form-priority-label,card_form_component_html,epsilon-component,a,Attribute Value Modification,REJECTED,duplicate,-
auto-card-form-form-priority-label,x-test-form-priority-label,card_form_component_html,epsilon-component,b,Attribute Removal,REJECTED,duplicate,-
auto-card-form-form-priority-label,x-test-form-priority-label,card_form_component_html,epsilon-component,c,Attribute Identifier Modification,REJECTED,duplicate,-
auto-card-form-form-priority-label,x-test-form-priority-label,card_form_component_html,epsilon-component,i,HTML Tag Removal,REJECTED,duplicate,-
auto-card-form-form-priority-label,x-test-form-priority-label,card_form_component_html,epsilon-component,j,HTML Tag Type Modification,REJECTED,duplicate,-
auto-card-form-form-priority-label,x-test-form-priority-label,card_form_component_html,epsilon-component,k,HTML Tag Insertion,REJECTED,duplicate,-
auto-card-form-form-field-assignee,x-test-form-field-assignee,card_form_component_html,alpha-target,d,Text Content Modification,NA,no-text-content,-
auto-card-form-form-field-assignee,x-test-form-field-assignee,card_form_component_html,alpha-target,e,Text Content Removal,NA,no-text-content,-
auto-card-form-form-field-assignee,x-test-form-field-assignee,card_form_component_html,alpha-target,i,HTML Tag Removal,NA,would-drop-x-test,-
auto-card-form-form-field-assignee,x-test-form-field-assignee,card_form_component_html,alpha-target,a,Attribute Value Modification,REJECTED,duplicate,-
auto-card-form-form-field-assignee,x-test-form-field-assignee,card_form_component_html,alpha-target,b,Attribute Removal,REJECTED,duplicate,-
auto-card-form-form-field-assignee,x-test-form-field-assignee,card_form_component_html,alpha-target,c,Attribute Identifier Modification,REJECTED,duplicate,-
auto-card-form-form-field-assignee,x-test-form-field-assignee,card_form_component_html,alpha-target,j,HTML Tag Type Modification,REJECTED,duplicate,-
auto-card-form-form-field-assignee,x-test-form-field-assignee,card_form_component_html,alpha-target,k,HTML Tag Insertion,REJECTED,duplicate,-
auto-card-form-form-field-assignee,x-test-form-field-assignee,card_form_component_html,beta-parent,d,Text Content Modification,NA,no-text-content,-
auto-card-form-form-field-assignee,x-test-form-field-assignee,card_form_component_html,beta-parent,e,Text Content Removal,NA,no-text-content,-
auto-card-form-form-field-assignee,x-test-form-field-assignee,card_form_component_html,beta-parent,a,Attribute Value Modification,REJECTED,duplicate,-
auto-card-form-form-field-assignee,x-test-form-field-assignee,card_form_component_html,beta-parent,b,Attribute Removal,REJECTED,duplicate,-
auto-card-form-form-field-assignee,x-test-form-field-assignee,card_form_component_html,beta-parent,c,Attribute Identifier Modification,REJECTED,duplicate,-
auto-card-form-form-field-assignee,x-test-form-field-assignee,card_form_component_html,beta-parent,i,HTML Tag Removal,REJECTED,duplicate,-
auto-card-form-form-field-assignee,x-test-form-field-assignee,card_form_component_html,beta-parent,j,HTML Tag Type Modification,REJECTED,duplicate,-
auto-card-form-form-field-assignee,x-test-form-field-assignee,card_form_component_html,beta-parent,k,HTML Tag Insertion,REJECTED,duplicate,-
auto-card-form-form-field-assignee,x-test-form-field-assignee,card_form_component_html,gamma-ancestor,d,Text Content Modification,NA,no-text-content,-
auto-card-form-form-field-assignee,x-test-form-field-assignee,card_form_component_html,gamma-ancestor,e,Text Content Removal,NA,no-text-content,-
auto-card-form-form-field-assignee,x-test-form-field-assignee,card_form_component_html,gamma-ancestor,a,Attribute Value Modification,REJECTED,duplicate,-
auto-card-form-form-field-assignee,x-test-form-field-assignee,card_form_component_html,gamma-ancestor,b,Attribute Removal,REJECTED,duplicate,-
auto-card-form-form-field-assignee,x-test-form-field-assignee,card_form_component_html,gamma-ancestor,c,Attribute Identifier Modification,REJECTED,duplicate,-
auto-card-form-form-field-assignee,x-test-form-field-assignee,card_form_component_html,gamma-ancestor,i,HTML Tag Removal,REJECTED,duplicate,-
auto-card-form-form-field-assignee,x-test-form-field-assignee,card_form_component_html,gamma-ancestor,j,HTML Tag Type Modification,REJECTED,duplicate,-
auto-card-form-form-field-assignee,x-test-form-field-assignee,card_form_component_html,gamma-ancestor,k,HTML Tag Insertion,REJECTED,duplicate,-
auto-card-form-form-field-assignee,x-test-form-field-assignee,card_form_component_html,delta-sibling,d,Text Content Modification,NA,no-text-content,-
auto-card-form-form-field-assignee,x-test-form-field-assignee,card_form_component_html,delta-sibling,e,Text Content Removal,NA,no-text-content,-
auto-card-form-form-field-assignee,x-test-form-field-assignee,card_form_component_html,delta-sibling,i,HTML Tag Removal,NA,would-drop-x-test,-
auto-card-form-form-field-assignee,x-test-form-field-assignee,card_form_component_html,delta-sibling,a,Attribute Value Modification,REJECTED,duplicate,-
auto-card-form-form-field-assignee,x-test-form-field-assignee,card_form_component_html,delta-sibling,b,Attribute Removal,REJECTED,duplicate,-
auto-card-form-form-field-assignee,x-test-form-field-assignee,card_form_component_html,delta-sibling,c,Attribute Identifier Modification,REJECTED,duplicate,-
auto-card-form-form-field-assignee,x-test-form-field-assignee,card_form_component_html,delta-sibling,j,HTML Tag Type Modification,REJECTED,duplicate,-
auto-card-form-form-field-assignee,x-test-form-field-assignee,card_form_component_html,delta-sibling,k,HTML Tag Insertion,REJECTED,duplicate,-
auto-card-form-form-field-assignee,x-test-form-field-assignee,card_form_component_html,epsilon-component,d,Text Content Modification,NA,no-text-content,-
auto-card-form-form-field-assignee,x-test-form-field-assignee,card_form_component_html,epsilon-component,e,Text Content Removal,NA,no-text-content,-
auto-card-form-form-field-assignee,x-test-form-field-assignee,card_form_component_html,epsilon-component,a,Attribute Value Modification,REJECTED,duplicate,-
auto-card-form-form-field-assignee,x-test-form-field-assignee,card_form_component_html,epsilon-component,b,Attribute Removal,REJECTED,duplicate,-
auto-card-form-form-field-assignee,x-test-form-field-assignee,card_form_component_html,epsilon-component,c,Attribute Identifier Modification,REJECTED,duplicate,-
auto-card-form-form-field-assignee,x-test-form-field-assignee,card_form_component_html,epsilon-component,i,HTML Tag Removal,REJECTED,duplicate,-
auto-card-form-form-field-assignee,x-test-form-field-assignee,card_form_component_html,epsilon-component,j,HTML Tag Type Modification,REJECTED,duplicate,-
auto-card-form-form-field-assignee,x-test-form-field-assignee,card_form_component_html,epsilon-component,k,HTML Tag Insertion,REJECTED,duplicate,-
auto-card-form-form-assignee-label,x-test-form-assignee-label,card_form_component_html,alpha-target,i,HTML Tag Removal,NA,would-drop-x-test,-
auto-card-form-form-assignee-label,x-test-form-assignee-label,card_form_component_html,alpha-target,a,Attribute Value Modification,REJECTED,duplicate,-
auto-card-form-form-assignee-label,x-test-form-assignee-label,card_form_component_html,alpha-target,b,Attribute Removal,REJECTED,duplicate,-
auto-card-form-form-assignee-label,x-test-form-assignee-label,card_form_component_html,alpha-target,c,Attribute Identifier Modification,REJECTED,duplicate,-
auto-card-form-form-assignee-label,x-test-form-assignee-label,card_form_component_html,alpha-target,d,Text Content Modification,REJECTED,duplicate,-
auto-card-form-form-assignee-label,x-test-form-assignee-label,card_form_component_html,alpha-target,e,Text Content Removal,REJECTED,duplicate,-
auto-card-form-form-assignee-label,x-test-form-assignee-label,card_form_component_html,alpha-target,j,HTML Tag Type Modification,REJECTED,duplicate,-
auto-card-form-form-assignee-label,x-test-form-assignee-label,card_form_component_html,alpha-target,k,HTML Tag Insertion,REJECTED,duplicate,-
auto-card-form-form-assignee-label,x-test-form-assignee-label,card_form_component_html,beta-parent,d,Text Content Modification,NA,no-text-content,-
auto-card-form-form-assignee-label,x-test-form-assignee-label,card_form_component_html,beta-parent,e,Text Content Removal,NA,no-text-content,-
auto-card-form-form-assignee-label,x-test-form-assignee-label,card_form_component_html,beta-parent,i,HTML Tag Removal,NA,would-drop-x-test,-
auto-card-form-form-assignee-label,x-test-form-assignee-label,card_form_component_html,beta-parent,a,Attribute Value Modification,REJECTED,duplicate,-
auto-card-form-form-assignee-label,x-test-form-assignee-label,card_form_component_html,beta-parent,b,Attribute Removal,REJECTED,duplicate,-
auto-card-form-form-assignee-label,x-test-form-assignee-label,card_form_component_html,beta-parent,c,Attribute Identifier Modification,REJECTED,duplicate,-
auto-card-form-form-assignee-label,x-test-form-assignee-label,card_form_component_html,beta-parent,j,HTML Tag Type Modification,REJECTED,duplicate,-
auto-card-form-form-assignee-label,x-test-form-assignee-label,card_form_component_html,beta-parent,k,HTML Tag Insertion,REJECTED,duplicate,-
auto-card-form-form-assignee-label,x-test-form-assignee-label,card_form_component_html,gamma-ancestor,d,Text Content Modification,NA,no-text-content,-
auto-card-form-form-assignee-label,x-test-form-assignee-label,card_form_component_html,gamma-ancestor,e,Text Content Removal,NA,no-text-content,-
auto-card-form-form-assignee-label,x-test-form-assignee-label,card_form_component_html,gamma-ancestor,a,Attribute Value Modification,REJECTED,duplicate,-
auto-card-form-form-assignee-label,x-test-form-assignee-label,card_form_component_html,gamma-ancestor,b,Attribute Removal,REJECTED,duplicate,-
auto-card-form-form-assignee-label,x-test-form-assignee-label,card_form_component_html,gamma-ancestor,c,Attribute Identifier Modification,REJECTED,duplicate,-
auto-card-form-form-assignee-label,x-test-form-assignee-label,card_form_component_html,gamma-ancestor,i,HTML Tag Removal,REJECTED,duplicate,-
auto-card-form-form-assignee-label,x-test-form-assignee-label,card_form_component_html,gamma-ancestor,j,HTML Tag Type Modification,REJECTED,duplicate,-
auto-card-form-form-assignee-label,x-test-form-assignee-label,card_form_component_html,gamma-ancestor,k,HTML Tag Insertion,REJECTED,duplicate,-
auto-card-form-form-assignee-label,x-test-form-assignee-label,card_form_component_html,delta-sibling,d,Text Content Modification,NA,no-text-content,-
auto-card-form-form-assignee-label,x-test-form-assignee-label,card_form_component_html,delta-sibling,e,Text Content Removal,NA,no-text-content,-
auto-card-form-form-assignee-label,x-test-form-assignee-label,card_form_component_html,delta-sibling,i,HTML Tag Removal,NA,would-drop-x-test,-
auto-card-form-form-assignee-label,x-test-form-assignee-label,card_form_component_html,delta-sibling,a,Attribute Value Modification,SAVED,,LLMR_card_form_component_html_auto_card_form_form_assignee_label_del_a
auto-card-form-form-assignee-label,x-test-form-assignee-label,card_form_component_html,delta-sibling,b,Attribute Removal,REJECTED,duplicate,-
auto-card-form-form-assignee-label,x-test-form-assignee-label,card_form_component_html,delta-sibling,c,Attribute Identifier Modification,SAVED,,LLMR_card_form_component_html_auto_card_form_form_assignee_label_del_c
auto-card-form-form-assignee-label,x-test-form-assignee-label,card_form_component_html,delta-sibling,j,HTML Tag Type Modification,REJECTED,duplicate,-
auto-card-form-form-assignee-label,x-test-form-assignee-label,card_form_component_html,delta-sibling,k,HTML Tag Insertion,REJECTED,duplicate,-
auto-card-form-form-assignee-label,x-test-form-assignee-label,card_form_component_html,epsilon-component,d,Text Content Modification,NA,no-text-content,-
auto-card-form-form-assignee-label,x-test-form-assignee-label,card_form_component_html,epsilon-component,e,Text Content Removal,NA,no-text-content,-
auto-card-form-form-assignee-label,x-test-form-assignee-label,card_form_component_html,epsilon-component,a,Attribute Value Modification,REJECTED,duplicate,-
auto-card-form-form-assignee-label,x-test-form-assignee-label,card_form_component_html,epsilon-component,b,Attribute Removal,REJECTED,duplicate,-
auto-card-form-form-assignee-label,x-test-form-assignee-label,card_form_component_html,epsilon-component,c,Attribute Identifier Modification,REJECTED,duplicate,-
auto-card-form-form-assignee-label,x-test-form-assignee-label,card_form_component_html,epsilon-component,i,HTML Tag Removal,REJECTED,duplicate,-
auto-card-form-form-assignee-label,x-test-form-assignee-label,card_form_component_html,epsilon-component,j,HTML Tag Type Modification,REJECTED,duplicate,-
auto-card-form-form-assignee-label,x-test-form-assignee-label,card_form_component_html,epsilon-component,k,HTML Tag Insertion,REJECTED,duplicate,-
auto-card-form-form-field-column,x-test-form-field-column,card_form_component_html,alpha-target,d,Text Content Modification,NA,no-text-content,-
auto-card-form-form-field-column,x-test-form-field-column,card_form_component_html,alpha-target,e,Text Content Removal,NA,no-text-content,-
auto-card-form-form-field-column,x-test-form-field-column,card_form_component_html,alpha-target,i,HTML Tag Removal,NA,would-drop-x-test,-
auto-card-form-form-field-column,x-test-form-field-column,card_form_component_html,alpha-target,a,Attribute Value Modification,REJECTED,duplicate,-
auto-card-form-form-field-column,x-test-form-field-column,card_form_component_html,alpha-target,b,Attribute Removal,REJECTED,duplicate,-
auto-card-form-form-field-column,x-test-form-field-column,card_form_component_html,alpha-target,c,Attribute Identifier Modification,REJECTED,duplicate,-
auto-card-form-form-field-column,x-test-form-field-column,card_form_component_html,alpha-target,j,HTML Tag Type Modification,REJECTED,duplicate,-
auto-card-form-form-field-column,x-test-form-field-column,card_form_component_html,alpha-target,k,HTML Tag Insertion,REJECTED,duplicate,-
auto-card-form-form-field-column,x-test-form-field-column,card_form_component_html,beta-parent,d,Text Content Modification,NA,no-text-content,-
auto-card-form-form-field-column,x-test-form-field-column,card_form_component_html,beta-parent,e,Text Content Removal,NA,no-text-content,-
auto-card-form-form-field-column,x-test-form-field-column,card_form_component_html,beta-parent,a,Attribute Value Modification,REJECTED,duplicate,-
auto-card-form-form-field-column,x-test-form-field-column,card_form_component_html,beta-parent,b,Attribute Removal,REJECTED,duplicate,-
auto-card-form-form-field-column,x-test-form-field-column,card_form_component_html,beta-parent,c,Attribute Identifier Modification,REJECTED,duplicate,-
auto-card-form-form-field-column,x-test-form-field-column,card_form_component_html,beta-parent,i,HTML Tag Removal,REJECTED,duplicate,-
auto-card-form-form-field-column,x-test-form-field-column,card_form_component_html,beta-parent,j,HTML Tag Type Modification,REJECTED,duplicate,-
auto-card-form-form-field-column,x-test-form-field-column,card_form_component_html,beta-parent,k,HTML Tag Insertion,REJECTED,duplicate,-
auto-card-form-form-field-column,x-test-form-field-column,card_form_component_html,gamma-ancestor,d,Text Content Modification,NA,no-text-content,-
auto-card-form-form-field-column,x-test-form-field-column,card_form_component_html,gamma-ancestor,e,Text Content Removal,NA,no-text-content,-
auto-card-form-form-field-column,x-test-form-field-column,card_form_component_html,gamma-ancestor,a,Attribute Value Modification,REJECTED,duplicate,-
auto-card-form-form-field-column,x-test-form-field-column,card_form_component_html,gamma-ancestor,b,Attribute Removal,REJECTED,duplicate,-
auto-card-form-form-field-column,x-test-form-field-column,card_form_component_html,gamma-ancestor,c,Attribute Identifier Modification,REJECTED,duplicate,-
auto-card-form-form-field-column,x-test-form-field-column,card_form_component_html,gamma-ancestor,i,HTML Tag Removal,SAVED,,LLMR_card_form_component_html_auto_card_form_form_field_column_gam_i
auto-card-form-form-field-column,x-test-form-field-column,card_form_component_html,gamma-ancestor,j,HTML Tag Type Modification,REJECTED,duplicate,-
auto-card-form-form-field-column,x-test-form-field-column,card_form_component_html,gamma-ancestor,k,HTML Tag Insertion,REJECTED,duplicate,-
auto-card-form-form-field-column,x-test-form-field-column,card_form_component_html,delta-sibling,d,Text Content Modification,NA,no-text-content,-
auto-card-form-form-field-column,x-test-form-field-column,card_form_component_html,delta-sibling,e,Text Content Removal,NA,no-text-content,-
auto-card-form-form-field-column,x-test-form-field-column,card_form_component_html,delta-sibling,i,HTML Tag Removal,NA,would-drop-x-test,-
auto-card-form-form-field-column,x-test-form-field-column,card_form_component_html,delta-sibling,a,Attribute Value Modification,REJECTED,duplicate,-
auto-card-form-form-field-column,x-test-form-field-column,card_form_component_html,delta-sibling,b,Attribute Removal,REJECTED,duplicate,-
auto-card-form-form-field-column,x-test-form-field-column,card_form_component_html,delta-sibling,c,Attribute Identifier Modification,REJECTED,duplicate,-
auto-card-form-form-field-column,x-test-form-field-column,card_form_component_html,delta-sibling,j,HTML Tag Type Modification,REJECTED,duplicate,-
auto-card-form-form-field-column,x-test-form-field-column,card_form_component_html,delta-sibling,k,HTML Tag Insertion,REJECTED,duplicate,-
auto-card-form-form-field-column,x-test-form-field-column,card_form_component_html,epsilon-component,d,Text Content Modification,NA,no-text-content,-
auto-card-form-form-field-column,x-test-form-field-column,card_form_component_html,epsilon-component,e,Text Content Removal,NA,no-text-content,-
auto-card-form-form-field-column,x-test-form-field-column,card_form_component_html,epsilon-component,a,Attribute Value Modification,REJECTED,duplicate,-
auto-card-form-form-field-column,x-test-form-field-column,card_form_component_html,epsilon-component,b,Attribute Removal,REJECTED,duplicate,-
auto-card-form-form-field-column,x-test-form-field-column,card_form_component_html,epsilon-component,c,Attribute Identifier Modification,REJECTED,duplicate,-
auto-card-form-form-field-column,x-test-form-field-column,card_form_component_html,epsilon-component,i,HTML Tag Removal,REJECTED,duplicate,-
auto-card-form-form-field-column,x-test-form-field-column,card_form_component_html,epsilon-component,j,HTML Tag Type Modification,REJECTED,duplicate,-
auto-card-form-form-field-column,x-test-form-field-column,card_form_component_html,epsilon-component,k,HTML Tag Insertion,REJECTED,duplicate,-
auto-card-form-form-column-label,x-test-form-column-label,card_form_component_html,alpha-target,i,HTML Tag Removal,NA,would-drop-x-test,-
auto-card-form-form-column-label,x-test-form-column-label,card_form_component_html,alpha-target,a,Attribute Value Modification,REJECTED,duplicate,-
auto-card-form-form-column-label,x-test-form-column-label,card_form_component_html,alpha-target,b,Attribute Removal,REJECTED,duplicate,-
auto-card-form-form-column-label,x-test-form-column-label,card_form_component_html,alpha-target,c,Attribute Identifier Modification,REJECTED,duplicate,-
auto-card-form-form-column-label,x-test-form-column-label,card_form_component_html,alpha-target,d,Text Content Modification,REJECTED,duplicate,-
auto-card-form-form-column-label,x-test-form-column-label,card_form_component_html,alpha-target,e,Text Content Removal,REJECTED,duplicate,-
auto-card-form-form-column-label,x-test-form-column-label,card_form_component_html,alpha-target,j,HTML Tag Type Modification,REJECTED,duplicate,-
auto-card-form-form-column-label,x-test-form-column-label,card_form_component_html,alpha-target,k,HTML Tag Insertion,REJECTED,duplicate,-
auto-card-form-form-column-label,x-test-form-column-label,card_form_component_html,beta-parent,d,Text Content Modification,NA,no-text-content,-
auto-card-form-form-column-label,x-test-form-column-label,card_form_component_html,beta-parent,e,Text Content Removal,NA,no-text-content,-
auto-card-form-form-column-label,x-test-form-column-label,card_form_component_html,beta-parent,i,HTML Tag Removal,NA,would-drop-x-test,-
auto-card-form-form-column-label,x-test-form-column-label,card_form_component_html,beta-parent,a,Attribute Value Modification,REJECTED,duplicate,-
auto-card-form-form-column-label,x-test-form-column-label,card_form_component_html,beta-parent,b,Attribute Removal,REJECTED,duplicate,-
auto-card-form-form-column-label,x-test-form-column-label,card_form_component_html,beta-parent,c,Attribute Identifier Modification,REJECTED,duplicate,-
auto-card-form-form-column-label,x-test-form-column-label,card_form_component_html,beta-parent,j,HTML Tag Type Modification,REJECTED,duplicate,-
auto-card-form-form-column-label,x-test-form-column-label,card_form_component_html,beta-parent,k,HTML Tag Insertion,REJECTED,duplicate,-
auto-card-form-form-column-label,x-test-form-column-label,card_form_component_html,gamma-ancestor,d,Text Content Modification,NA,no-text-content,-
auto-card-form-form-column-label,x-test-form-column-label,card_form_component_html,gamma-ancestor,e,Text Content Removal,NA,no-text-content,-
auto-card-form-form-column-label,x-test-form-column-label,card_form_component_html,gamma-ancestor,a,Attribute Value Modification,REJECTED,duplicate,-
auto-card-form-form-column-label,x-test-form-column-label,card_form_component_html,gamma-ancestor,b,Attribute Removal,REJECTED,duplicate,-
auto-card-form-form-column-label,x-test-form-column-label,card_form_component_html,gamma-ancestor,c,Attribute Identifier Modification,REJECTED,duplicate,-
auto-card-form-form-column-label,x-test-form-column-label,card_form_component_html,gamma-ancestor,i,HTML Tag Removal,REJECTED,duplicate,-
auto-card-form-form-column-label,x-test-form-column-label,card_form_component_html,gamma-ancestor,j,HTML Tag Type Modification,REJECTED,duplicate,-
auto-card-form-form-column-label,x-test-form-column-label,card_form_component_html,gamma-ancestor,k,HTML Tag Insertion,REJECTED,duplicate,-
auto-card-form-form-column-label,x-test-form-column-label,card_form_component_html,delta-sibling,d,Text Content Modification,NA,no-text-content,-
auto-card-form-form-column-label,x-test-form-column-label,card_form_component_html,delta-sibling,e,Text Content Removal,NA,no-text-content,-
auto-card-form-form-column-label,x-test-form-column-label,card_form_component_html,delta-sibling,i,HTML Tag Removal,NA,would-drop-x-test,-
auto-card-form-form-column-label,x-test-form-column-label,card_form_component_html,delta-sibling,a,Attribute Value Modification,REJECTED,duplicate,-
auto-card-form-form-column-label,x-test-form-column-label,card_form_component_html,delta-sibling,b,Attribute Removal,REJECTED,duplicate,-
auto-card-form-form-column-label,x-test-form-column-label,card_form_component_html,delta-sibling,c,Attribute Identifier Modification,REJECTED,duplicate,-
auto-card-form-form-column-label,x-test-form-column-label,card_form_component_html,delta-sibling,j,HTML Tag Type Modification,REJECTED,duplicate,-
auto-card-form-form-column-label,x-test-form-column-label,card_form_component_html,delta-sibling,k,HTML Tag Insertion,REJECTED,duplicate,-
auto-card-form-form-column-label,x-test-form-column-label,card_form_component_html,epsilon-component,d,Text Content Modification,NA,no-text-content,-
auto-card-form-form-column-label,x-test-form-column-label,card_form_component_html,epsilon-component,e,Text Content Removal,NA,no-text-content,-
auto-card-form-form-column-label,x-test-form-column-label,card_form_component_html,epsilon-component,a,Attribute Value Modification,REJECTED,duplicate,-
auto-card-form-form-column-label,x-test-form-column-label,card_form_component_html,epsilon-component,b,Attribute Removal,REJECTED,duplicate,-
auto-card-form-form-column-label,x-test-form-column-label,card_form_component_html,epsilon-component,c,Attribute Identifier Modification,REJECTED,duplicate,-
auto-card-form-form-column-label,x-test-form-column-label,card_form_component_html,epsilon-component,i,HTML Tag Removal,REJECTED,duplicate,-
auto-card-form-form-column-label,x-test-form-column-label,card_form_component_html,epsilon-component,j,HTML Tag Type Modification,REJECTED,duplicate,-
auto-card-form-form-column-label,x-test-form-column-label,card_form_component_html,epsilon-component,k,HTML Tag Insertion,REJECTED,duplicate,-
auto-card-form-form-field-tags,x-test-form-field-tags,card_form_component_html,alpha-target,d,Text Content Modification,NA,no-text-content,-
auto-card-form-form-field-tags,x-test-form-field-tags,card_form_component_html,alpha-target,e,Text Content Removal,NA,no-text-content,-
auto-card-form-form-field-tags,x-test-form-field-tags,card_form_component_html,alpha-target,i,HTML Tag Removal,NA,would-drop-x-test,-
auto-card-form-form-field-tags,x-test-form-field-tags,card_form_component_html,alpha-target,a,Attribute Value Modification,REJECTED,duplicate,-
auto-card-form-form-field-tags,x-test-form-field-tags,card_form_component_html,alpha-target,b,Attribute Removal,REJECTED,duplicate,-
auto-card-form-form-field-tags,x-test-form-field-tags,card_form_component_html,alpha-target,c,Attribute Identifier Modification,REJECTED,duplicate,-
auto-card-form-form-field-tags,x-test-form-field-tags,card_form_component_html,alpha-target,j,HTML Tag Type Modification,REJECTED,duplicate,-
auto-card-form-form-field-tags,x-test-form-field-tags,card_form_component_html,alpha-target,k,HTML Tag Insertion,REJECTED,duplicate,-
auto-card-form-form-field-tags,x-test-form-field-tags,card_form_component_html,beta-parent,d,Text Content Modification,NA,no-text-content,-
auto-card-form-form-field-tags,x-test-form-field-tags,card_form_component_html,beta-parent,e,Text Content Removal,NA,no-text-content,-
auto-card-form-form-field-tags,x-test-form-field-tags,card_form_component_html,beta-parent,i,HTML Tag Removal,NA,would-drop-x-test,-
auto-card-form-form-field-tags,x-test-form-field-tags,card_form_component_html,beta-parent,a,Attribute Value Modification,REJECTED,duplicate,-
auto-card-form-form-field-tags,x-test-form-field-tags,card_form_component_html,beta-parent,b,Attribute Removal,REJECTED,duplicate,-
auto-card-form-form-field-tags,x-test-form-field-tags,card_form_component_html,beta-parent,c,Attribute Identifier Modification,REJECTED,duplicate,-
auto-card-form-form-field-tags,x-test-form-field-tags,card_form_component_html,beta-parent,j,HTML Tag Type Modification,REJECTED,duplicate,-
auto-card-form-form-field-tags,x-test-form-field-tags,card_form_component_html,beta-parent,k,HTML Tag Insertion,REJECTED,duplicate,-
auto-card-form-form-field-tags,x-test-form-field-tags,card_form_component_html,gamma-ancestor,d,Text Content Modification,NA,no-text-content,-
auto-card-form-form-field-tags,x-test-form-field-tags,card_form_component_html,gamma-ancestor,e,Text Content Removal,NA,no-text-content,-
auto-card-form-form-field-tags,x-test-form-field-tags,card_form_component_html,gamma-ancestor,i,HTML Tag Removal,NA,root-element,-
auto-card-form-form-field-tags,x-test-form-field-tags,card_form_component_html,gamma-ancestor,a,Attribute Value Modification,REJECTED,duplicate,-
auto-card-form-form-field-tags,x-test-form-field-tags,card_form_component_html,gamma-ancestor,b,Attribute Removal,REJECTED,duplicate,-
auto-card-form-form-field-tags,x-test-form-field-tags,card_form_component_html,gamma-ancestor,c,Attribute Identifier Modification,REJECTED,duplicate,-
auto-card-form-form-field-tags,x-test-form-field-tags,card_form_component_html,gamma-ancestor,j,HTML Tag Type Modification,REJECTED,duplicate,-
auto-card-form-form-field-tags,x-test-form-field-tags,card_form_component_html,gamma-ancestor,k,HTML Tag Insertion,REJECTED,duplicate,-
auto-card-form-form-field-tags,x-test-form-field-tags,card_form_component_html,delta-sibling,d,Text Content Modification,NA,no-text-content,-
auto-card-form-form-field-tags,x-test-form-field-tags,card_form_component_html,delta-sibling,e,Text Content Removal,NA,no-text-content,-
auto-card-form-form-field-tags,x-test-form-field-tags,card_form_component_html,delta-sibling,i,HTML Tag Removal,NA,would-drop-x-test,-
auto-card-form-form-field-tags,x-test-form-field-tags,card_form_component_html,delta-sibling,a,Attribute Value Modification,REJECTED,duplicate,-
auto-card-form-form-field-tags,x-test-form-field-tags,card_form_component_html,delta-sibling,b,Attribute Removal,REJECTED,duplicate,-
auto-card-form-form-field-tags,x-test-form-field-tags,card_form_component_html,delta-sibling,c,Attribute Identifier Modification,REJECTED,duplicate,-
auto-card-form-form-field-tags,x-test-form-field-tags,card_form_component_html,delta-sibling,j,HTML Tag Type Modification,REJECTED,duplicate,-
auto-card-form-form-field-tags,x-test-form-field-tags,card_form_component_html,delta-sibling,k,HTML Tag Insertion,REJECTED,duplicate,-
auto-card-form-form-field-tags,x-test-form-field-tags,card_form_component_html,epsilon-component,a,Attribute Value Modification,NA,no-such-role,-
auto-card-form-form-field-tags,x-test-form-field-tags,card_form_component_html,epsilon-component,b,Attribute Removal,NA,no-such-role,-
auto-card-form-form-field-tags,x-test-form-field-tags,card_form_component_html,epsilon-component,c,Attribute Identifier Modification,NA,no-such-role,-
auto-card-form-form-field-tags,x-test-form-field-tags,card_form_component_html,epsilon-component,d,Text Content Modification,NA,no-such-role,-
auto-card-form-form-field-tags,x-test-form-field-tags,card_form_component_html,epsilon-component,e,Text Content Removal,NA,no-such-role,-
auto-card-form-form-field-tags,x-test-form-field-tags,card_form_component_html,epsilon-component,i,HTML Tag Removal,NA,no-such-role,-
auto-card-form-form-field-tags,x-test-form-field-tags,card_form_component_html,epsilon-component,j,HTML Tag Type Modification,NA,no-such-role,-
auto-card-form-form-field-tags,x-test-form-field-tags,card_form_component_html,epsilon-component,k,HTML Tag Insertion,NA,no-such-role,-
auto-card-form-form-tags-label,x-test-form-tags-label,card_form_component_html,alpha-target,i,HTML Tag Removal,NA,would-drop-x-test,-
auto-card-form-form-tags-label,x-test-form-tags-label,card_form_component_html,alpha-target,a,Attribute Value Modification,REJECTED,duplicate,-
auto-card-form-form-tags-label,x-test-form-tags-label,card_form_component_html,alpha-target,b,Attribute Removal,REJECTED,duplicate,-
auto-card-form-form-tags-label,x-test-form-tags-label,card_form_component_html,alpha-target,c,Attribute Identifier Modification,REJECTED,duplicate,-
auto-card-form-form-tags-label,x-test-form-tags-label,card_form_component_html,alpha-target,d,Text Content Modification,REJECTED,duplicate,-
auto-card-form-form-tags-label,x-test-form-tags-label,card_form_component_html,alpha-target,e,Text Content Removal,REJECTED,duplicate,-
auto-card-form-form-tags-label,x-test-form-tags-label,card_form_component_html,alpha-target,j,HTML Tag Type Modification,REJECTED,duplicate,-
auto-card-form-form-tags-label,x-test-form-tags-label,card_form_component_html,alpha-target,k,HTML Tag Insertion,REJECTED,duplicate,-
auto-card-form-form-tags-label,x-test-form-tags-label,card_form_component_html,beta-parent,d,Text Content Modification,NA,no-text-content,-
auto-card-form-form-tags-label,x-test-form-tags-label,card_form_component_html,beta-parent,e,Text Content Removal,NA,no-text-content,-
auto-card-form-form-tags-label,x-test-form-tags-label,card_form_component_html,beta-parent,i,HTML Tag Removal,NA,would-drop-x-test,-
auto-card-form-form-tags-label,x-test-form-tags-label,card_form_component_html,beta-parent,a,Attribute Value Modification,REJECTED,duplicate,-
auto-card-form-form-tags-label,x-test-form-tags-label,card_form_component_html,beta-parent,b,Attribute Removal,REJECTED,duplicate,-
auto-card-form-form-tags-label,x-test-form-tags-label,card_form_component_html,beta-parent,c,Attribute Identifier Modification,REJECTED,duplicate,-
auto-card-form-form-tags-label,x-test-form-tags-label,card_form_component_html,beta-parent,j,HTML Tag Type Modification,REJECTED,duplicate,-
auto-card-form-form-tags-label,x-test-form-tags-label,card_form_component_html,beta-parent,k,HTML Tag Insertion,REJECTED,duplicate,-
auto-card-form-form-tags-label,x-test-form-tags-label,card_form_component_html,gamma-ancestor,d,Text Content Modification,NA,no-text-content,-
auto-card-form-form-tags-label,x-test-form-tags-label,card_form_component_html,gamma-ancestor,e,Text Content Removal,NA,no-text-content,-
auto-card-form-form-tags-label,x-test-form-tags-label,card_form_component_html,gamma-ancestor,i,HTML Tag Removal,NA,would-drop-x-test,-
auto-card-form-form-tags-label,x-test-form-tags-label,card_form_component_html,gamma-ancestor,a,Attribute Value Modification,REJECTED,duplicate,-
auto-card-form-form-tags-label,x-test-form-tags-label,card_form_component_html,gamma-ancestor,b,Attribute Removal,REJECTED,duplicate,-
auto-card-form-form-tags-label,x-test-form-tags-label,card_form_component_html,gamma-ancestor,c,Attribute Identifier Modification,REJECTED,duplicate,-
auto-card-form-form-tags-label,x-test-form-tags-label,card_form_component_html,gamma-ancestor,j,HTML Tag Type Modification,REJECTED,duplicate,-
auto-card-form-form-tags-label,x-test-form-tags-label,card_form_component_html,gamma-ancestor,k,HTML Tag Insertion,REJECTED,duplicate,-
auto-card-form-form-tags-label,x-test-form-tags-label,card_form_component_html,delta-sibling,d,Text Content Modification,NA,no-text-content,-
auto-card-form-form-tags-label,x-test-form-tags-label,card_form_component_html,delta-sibling,e,Text Content Removal,NA,no-text-content,-
auto-card-form-form-tags-label,x-test-form-tags-label,card_form_component_html,delta-sibling,i,HTML Tag Removal,NA,would-drop-x-test,-
auto-card-form-form-tags-label,x-test-form-tags-label,card_form_component_html,delta-sibling,a,Attribute Value Modification,SAVED,,LLMR_card_form_component_html_auto_card_form_form_tags_label_del_a
auto-card-form-form-tags-label,x-test-form-tags-label,card_form_component_html,delta-sibling,b,Attribute Removal,REJECTED,duplicate,-
auto-card-form-form-tags-label,x-test-form-tags-label,card_form_component_html,delta-sibling,c,Attribute Identifier Modification,SAVED,,LLMR_card_form_component_html_auto_card_form_form_tags_label_del_c
auto-card-form-form-tags-label,x-test-form-tags-label,card_form_component_html,delta-sibling,j,HTML Tag Type Modification,REJECTED,duplicate,-
auto-card-form-form-tags-label,x-test-form-tags-label,card_form_component_html,delta-sibling,k,HTML Tag Insertion,REJECTED,duplicate,-
auto-card-form-form-tags-label,x-test-form-tags-label,card_form_component_html,epsilon-component,a,Attribute Value Modification,NA,no-such-role,-
auto-card-form-form-tags-label,x-test-form-tags-label,card_form_component_html,epsilon-component,b,Attribute Removal,NA,no-such-role,-
auto-card-form-form-tags-label,x-test-form-tags-label,card_form_component_html,epsilon-component,c,Attribute Identifier Modification,NA,no-such-role,-
auto-card-form-form-tags-label,x-test-form-tags-label,card_form_component_html,epsilon-component,d,Text Content Modification,NA,no-such-role,-
auto-card-form-form-tags-label,x-test-form-tags-label,card_form_component_html,epsilon-component,e,Text Content Removal,NA,no-such-role,-
auto-card-form-form-tags-label,x-test-form-tags-label,card_form_component_html,epsilon-component,i,HTML Tag Removal,NA,no-such-role,-
auto-card-form-form-tags-label,x-test-form-tags-label,card_form_component_html,epsilon-component,j,HTML Tag Type Modification,NA,no-such-role,-
auto-card-form-form-tags-label,x-test-form-tags-label,card_form_component_html,epsilon-component,k,HTML Tag Insertion,NA,no-such-role,-
auto-card-detail-card-detail,x-test-card-detail,card_detail_component_html,alpha-target,i,HTML Tag Removal,NA,root-element,-
auto-card-detail-card-detail,x-test-card-detail,card_detail_component_html,alpha-target,a,Attribute Value Modification,REJECTED,duplicate,-
auto-card-detail-card-detail,x-test-card-detail,card_detail_component_html,alpha-target,b,Attribute Removal,REJECTED,duplicate,-
auto-card-detail-card-detail,x-test-card-detail,card_detail_component_html,alpha-target,c,Attribute Identifier Modification,REJECTED,duplicate,-
auto-card-detail-card-detail,x-test-card-detail,card_detail_component_html,alpha-target,d,Text Content Modification,REJECTED,duplicate,-
auto-card-detail-card-detail,x-test-card-detail,card_detail_component_html,alpha-target,e,Text Content Removal,REJECTED,duplicate,-
auto-card-detail-card-detail,x-test-card-detail,card_detail_component_html,alpha-target,j,HTML Tag Type Modification,REJECTED,duplicate,-
auto-card-detail-card-detail,x-test-card-detail,card_detail_component_html,alpha-target,k,HTML Tag Insertion,REJECTED,duplicate,-
auto-card-detail-card-detail,x-test-card-detail,card_detail_component_html,beta-parent,a,Attribute Value Modification,NA,boundary-element,-
auto-card-detail-card-detail,x-test-card-detail,card_detail_component_html,beta-parent,b,Attribute Removal,NA,boundary-element,-
auto-card-detail-card-detail,x-test-card-detail,card_detail_component_html,beta-parent,c,Attribute Identifier Modification,NA,boundary-element,-
auto-card-detail-card-detail,x-test-card-detail,card_detail_component_html,beta-parent,d,Text Content Modification,NA,boundary-element,-
auto-card-detail-card-detail,x-test-card-detail,card_detail_component_html,beta-parent,e,Text Content Removal,NA,boundary-element,-
auto-card-detail-card-detail,x-test-card-detail,card_detail_component_html,beta-parent,i,HTML Tag Removal,NA,boundary-element,-
auto-card-detail-card-detail,x-test-card-detail,card_detail_component_html,beta-parent,j,HTML Tag Type Modification,NA,boundary-element,-
auto-card-detail-card-detail,x-test-card-detail,card_detail_component_html,beta-parent,k,HTML Tag Insertion,NA,boundary-element,-
auto-card-detail-card-detail,x-test-card-detail,card_detail_component_html,gamma-ancestor,a,Attribute Value Modification,NA,no-such-role,-
auto-card-detail-card-detail,x-test-card-detail,card_detail_component_html,gamma-ancestor,b,Attribute Removal,NA,no-such-role,-
auto-card-detail-card-detail,x-test-card-detail,card_detail_component_html,gamma-ancestor,c,Attribute Identifier Modification,NA,no-such-role,-
auto-card-detail-card-detail,x-test-card-detail,card_detail_component_html,gamma-ancestor,d,Text Content Modification,NA,no-such-role,-
auto-card-detail-card-detail,x-test-card-detail,card_detail_component_html,gamma-ancestor,e,Text Content Removal,NA,no-such-role,-
auto-card-detail-card-detail,x-test-card-detail,card_detail_component_html,gamma-ancestor,i,HTML Tag Removal,NA,no-such-role,-
auto-card-detail-card-detail,x-test-card-detail,card_detail_component_html,gamma-ancestor,j,HTML Tag Type Modification,NA,no-such-role,-
auto-card-detail-card-detail,x-test-card-detail,card_detail_component_html,gamma-ancestor,k,HTML Tag Insertion,NA,no-such-role,-
auto-card-detail-card-detail,x-test-card-detail,card_detail_component_html,delta-sibling,a,Attribute Value Modification,NA,no-such-role,-
auto-card-detail-card-detail,x-test-card-detail,card_detail_component_html,delta-sibling,b,Attribute Removal,NA,no-such-role,-
auto-card-detail-card-detail,x-test-card-detail,card_detail_component_html,delta-sibling,c,Attribute Identifier Modification,NA,no-such-role,-
auto-card-detail-card-detail,x-test-card-detail,card_detail_component_html,delta-sibling,d,Text Content Modification,NA,no-such-role,-
auto-card-detail-card-detail,x-test-card-detail,card_detail_component_html,delta-sibling,e,Text Content Removal,NA,no-such-role,-
auto-card-detail-card-detail,x-test-card-detail,card_detail_component_html,delta-sibling,i,HTML Tag Removal,NA,no-such-role,-
auto-card-detail-card-detail,x-test-card-detail,card_detail_component_html,delta-sibling,j,HTML Tag Type Modification,NA,no-such-role,-
auto-card-detail-card-detail,x-test-card-detail,card_detail_component_html,delta-sibling,k,HTML Tag Insertion,NA,no-such-role,-
auto-card-detail-card-detail,x-test-card-detail,card_detail_component_html,epsilon-component,a,Attribute Value Modification,NA,no-such-role,-
auto-card-detail-card-detail,x-test-card-detail,card_detail_component_html,epsilon-component,b,Attribute Removal,NA,no-such-role,-
auto-card-detail-card-detail,x-test-card-detail,card_detail_component_html,epsilon-component,c,Attribute Identifier Modification,NA,no-such-role,-
auto-card-detail-card-detail,x-test-card-detail,card_detail_component_html,epsilon-component,d,Text Content Modification,NA,no-such-role,-
auto-card-detail-card-detail,x-test-card-detail,card_detail_component_html,epsilon-component,e,Text Content Removal,NA,no-such-role,-
auto-card-detail-card-detail,x-test-card-detail,card_detail_component_html,epsilon-component,i,HTML Tag Removal,NA,no-such-role,-
auto-card-detail-card-detail,x-test-card-detail,card_detail_component_html,epsilon-component,j,HTML Tag Type Modification,NA,no-such-role,-
auto-card-detail-card-detail,x-test-card-detail,card_detail_component_html,epsilon-component,k,HTML Tag Insertion,NA,no-such-role,-
auto-card-detail-detail-heading,x-test-detail-heading,card_detail_component_html,alpha-target,d,Text Content Modification,NA,no-text-content,-
auto-card-detail-detail-heading,x-test-detail-heading,card_detail_component_html,alpha-target,e,Text Content Removal,NA,no-text-content,-
auto-card-detail-detail-heading,x-test-detail-heading,card_detail_component_html,alpha-target,i,HTML Tag Removal,NA,would-drop-x-test,-
auto-card-detail-detail-heading,x-test-detail-heading,card_detail_component_html,alpha-target,a,Attribute Value Modification,REJECTED,duplicate,-
auto-card-detail-detail-heading,x-test-detail-heading,card_detail_component_html,alpha-target,b,Attribute Removal,REJECTED,duplicate,-
auto-card-detail-detail-heading,x-test-detail-heading,card_detail_component_html,alpha-target,c,Attribute Identifier Modification,REJECTED,duplicate,-
auto-card-detail-detail-heading,x-test-detail-heading,card_detail_component_html,alpha-target,j,HTML Tag Type Modification,REJECTED,duplicate,-
auto-card-detail-detail-heading,x-test-detail-heading,card_detail_component_html,alpha-target,k,HTML Tag Insertion,REJECTED,duplicate,-
auto-card-detail-detail-heading,x-test-detail-heading,card_detail_component_html,beta-parent,i,HTML Tag Removal,NA,root-element,-
auto-card-detail-detail-heading,x-test-detail-heading,card_detail_component_html,beta-parent,a,Attribute Value Modification,REJECTED,duplicate,-
auto-card-detail-detail-heading,x-test-detail-heading,card_detail_component_html,beta-parent,b,Attribute Removal,REJECTED,duplicate,-
auto-card-detail-detail-heading,x-test-detail-heading,card_detail_component_html,beta-parent,c,Attribute Identifier Modification,REJECTED,duplicate,-
auto-card-detail-detail-heading,x-test-detail-heading,card_detail_component_html,beta-parent,d,Text Content Modification,REJECTED,duplicate,-
auto-card-detail-detail-heading,x-test-detail-heading,card_detail_component_html,beta-parent,e,Text Content Removal,REJECTED,duplicate,-
auto-card-detail-detail-heading,x-test-detail-heading,card_detail_component_html,beta-parent,j,HTML Tag Type Modification,REJECTED,duplicate,-
auto-card-detail-detail-heading,x-test-detail-heading,card_detail_component_html,beta-parent,k,HTML Tag Insertion,REJECTED,duplicate,-
auto-card-detail-detail-heading,x-test-detail-heading,card_detail_component_html,gamma-ancestor,a,Attribute Value Modification,NA,no-such-role,-
auto-card-detail-detail-heading,x-test-detail-heading,card_detail_component_html,gamma-ancestor,b,Attribute Removal,NA,no-such-role,-
auto-card-detail-detail-heading,x-test-detail-heading,card_detail_component_html,gamma-ancestor,c,Attribute Identifier Modification,NA,no-such-role,-
auto-card-detail-detail-heading,x-test-detail-heading,card_detail_component_html,gamma-ancestor,d,Text Content Modification,NA,no-such-role,-
auto-card-detail-detail-heading,x-test-detail-heading,card_detail_component_html,gamma-ancestor,e,Text Content Removal,NA,no-such-role,-
auto-card-detail-detail-heading,x-test-detail-heading,card_detail_component_html,gamma-ancestor,i,HTML Tag Removal,NA,no-such-role,-
auto-card-detail-detail-heading,x-test-detail-heading,card_detail_component_html,gamma-ancestor,j,HTML Tag Type Modification,NA,no-such-role,-
auto-card-detail-detail-heading,x-test-detail-heading,card_detail_component_html,gamma-ancestor,k,HTML Tag Insertion,NA,no-such-role,-
auto-card-detail-detail-heading,x-test-detail-heading,card_detail_component_html,delta-sibling,d,Text Content Modification,NA,no-text-content,-
auto-card-detail-detail-heading,x-test-detail-heading,card_detail_component_html,delta-sibling,e,Text Content Removal,NA,no-text-content,-
auto-card-detail-detail-heading,x-test-detail-heading,card_detail_component_html,delta-sibling,i,HTML Tag Removal,NA,would-drop-x-test,-
auto-card-detail-detail-heading,x-test-detail-heading,card_detail_component_html,delta-sibling,a,Attribute Value Modification,REJECTED,duplicate,-
auto-card-detail-detail-heading,x-test-detail-heading,card_detail_component_html,delta-sibling,b,Attribute Removal,REJECTED,duplicate,-
auto-card-detail-detail-heading,x-test-detail-heading,card_detail_component_html,delta-sibling,c,Attribute Identifier Modification,REJECTED,duplicate,-
auto-card-detail-detail-heading,x-test-detail-heading,card_detail_component_html,delta-sibling,j,HTML Tag Type Modification,REJECTED,duplicate,-
auto-card-detail-detail-heading,x-test-detail-heading,card_detail_component_html,delta-sibling,k,HTML Tag Insertion,REJECTED,duplicate,-
auto-card-detail-detail-heading,x-test-detail-heading,card_detail_component_html,epsilon-component,a,Attribute Value Modification,NA,no-such-role,-
auto-card-detail-detail-heading,x-test-detail-heading,card_detail_component_html,epsilon-component,b,Attribute Removal,NA,no-such-role,-
auto-card-detail-detail-heading,x-test-detail-heading,card_detail_component_html,epsilon-component,c,Attribute Identifier Modification,NA,no-such-role,-
auto-card-detail-detail-heading,x-test-detail-heading,card_detail_component_html,epsilon-component,d,Text Content Modification,NA,no-such-role,-
auto-card-detail-detail-heading,x-test-detail-heading,card_detail_component_html,epsilon-component,e,Text Content Removal,NA,no-such-role,-
auto-card-detail-detail-heading,x-test-detail-heading,card_detail_component_html,epsilon-component,i,HTML Tag Removal,NA,no-such-role,-
auto-card-detail-detail-heading,x-test-detail-heading,card_detail_component_html,epsilon-component,j,HTML Tag Type Modification,NA,no-such-role,-
auto-card-detail-detail-heading,x-test-detail-heading,card_detail_component_html,epsilon-component,k,HTML Tag Insertion,NA,no-such-role,-
auto-card-detail-detail-card,x-test-detail-card,card_detail_component_html,alpha-target,d,Text Content Modification,NA,no-text-content,-
auto-card-detail-detail-card,x-test-detail-card,card_detail_component_html,alpha-target,e,Text Content Removal,NA,no-text-content,-
auto-card-detail-detail-card,x-test-detail-card,card_detail_component_html,alpha-target,i,HTML Tag Removal,NA,would-drop-x-test,-
auto-card-detail-detail-card,x-test-detail-card,card_detail_component_html,alpha-target,a,Attribute Value Modification,REJECTED,duplicate,-
auto-card-detail-detail-card,x-test-detail-card,card_detail_component_html,alpha-target,b,Attribute Removal,REJECTED,duplicate,-
auto-card-detail-detail-card,x-test-detail-card,card_detail_component_html,alpha-target,c,Attribute Identifier Modification,REJECTED,duplicate,-
auto-card-detail-detail-card,x-test-detail-card,card_detail_component_html,alpha-target,j,HTML Tag Type Modification,REJECTED,duplicate,-
auto-card-detail-detail-card,x-test-detail-card,card_detail_component_html,alpha-target,k,HTML Tag Insertion,REJECTED,duplicate,-
auto-card-detail-detail-card,x-test-detail-card,card_detail_component_html,beta-parent,i,HTML Tag Removal,NA,root-element,-
auto-card-detail-detail-card,x-test-detail-card,card_detail_component_html,beta-parent,a,Attribute Value Modification,REJECTED,duplicate,-
auto-card-detail-detail-card,x-test-detail-card,card_detail_component_html,beta-parent,b,Attribute Removal,REJECTED,duplicate,-
auto-card-detail-detail-card,x-test-detail-card,card_detail_component_html,beta-parent,c,Attribute Identifier Modification,REJECTED,duplicate,-
auto-card-detail-detail-card,x-test-detail-card,card_detail_component_html,beta-parent,d,Text Content Modification,REJECTED,duplicate,-
auto-card-detail-detail-card,x-test-detail-card,card_detail_component_html,beta-parent,e,Text Content Removal,REJECTED,duplicate,-
auto-card-detail-detail-card,x-test-detail-card,card_detail_component_html,beta-parent,j,HTML Tag Type Modification,REJECTED,duplicate,-
auto-card-detail-detail-card,x-test-detail-card,card_detail_component_html,beta-parent,k,HTML Tag Insertion,REJECTED,duplicate,-
auto-card-detail-detail-card,x-test-detail-card,card_detail_component_html,gamma-ancestor,a,Attribute Value Modification,NA,no-such-role,-
auto-card-detail-detail-card,x-test-detail-card,card_detail_component_html,gamma-ancestor,b,Attribute Removal,NA,no-such-role,-
auto-card-detail-detail-card,x-test-detail-card,card_detail_component_html,gamma-ancestor,c,Attribute Identifier Modification,NA,no-such-role,-
auto-card-detail-detail-card,x-test-detail-card,card_detail_component_html,gamma-ancestor,d,Text Content Modification,NA,no-such-role,-
auto-card-detail-detail-card,x-test-detail-card,card_detail_component_html,gamma-ancestor,e,Text Content Removal,NA,no-such-role,-
auto-card-detail-detail-card,x-test-detail-card,card_detail_component_html,gamma-ancestor,i,HTML Tag Removal,NA,no-such-role,-
auto-card-detail-detail-card,x-test-detail-card,card_detail_component_html,gamma-ancestor,j,HTML Tag Type Modification,NA,no-such-role,-
auto-card-detail-detail-card,x-test-detail-card,card_detail_component_html,gamma-ancestor,k,HTML Tag Insertion,NA,no-such-role,-
auto-card-detail-detail-card,x-test-detail-card,card_detail_component_html,delta-sibling,d,Text Content Modification,NA,no-text-content,-
auto-card-detail-detail-card,x-test-detail-card,card_detail_component_html,delta-sibling,e,Text Content Removal,NA,no-text-content,-
auto-card-detail-detail-card,x-test-detail-card,card_detail_component_html,delta-sibling,i,HTML Tag Removal,NA,would-drop-x-test,-
auto-card-detail-detail-card,x-test-detail-card,card_detail_component_html,delta-sibling,a,Attribute Value Modification,SAVED,,LLMR_card_detail_component_html_auto_card_detail_detail_card_del_a
auto-card-detail-detail-card,x-test-detail-card,card_detail_component_html,delta-sibling,b,Attribute Removal,SAVED,,LLMR_card_detail_component_html_auto_card_detail_detail_card_del_b
auto-card-detail-detail-card,x-test-detail-card,card_detail_component_html,delta-sibling,c,Attribute Identifier Modification,SAVED,,LLMR_card_detail_component_html_auto_card_detail_detail_card_del_c
auto-card-detail-detail-card,x-test-detail-card,card_detail_component_html,delta-sibling,j,HTML Tag Type Modification,SAVED,,LLMR_card_detail_component_html_auto_card_detail_detail_card_del_j
auto-card-detail-detail-card,x-test-detail-card,card_detail_component_html,delta-sibling,k,HTML Tag Insertion,SAVED,,LLMR_card_detail_component_html_auto_card_detail_detail_card_del_k
auto-card-detail-detail-card,x-test-detail-card,card_detail_component_html,epsilon-component,a,Attribute Value Modification,NA,no-such-role,-
auto-card-detail-detail-card,x-test-detail-card,card_detail_component_html,epsilon-component,b,Attribute Removal,NA,no-such-role,-
auto-card-detail-detail-card,x-test-detail-card,card_detail_component_html,epsilon-component,c,Attribute Identifier Modification,NA,no-such-role,-
auto-card-detail-detail-card,x-test-detail-card,card_detail_component_html,epsilon-component,d,Text Content Modification,NA,no-such-role,-
auto-card-detail-detail-card,x-test-detail-card,card_detail_component_html,epsilon-component,e,Text Content Removal,NA,no-such-role,-
auto-card-detail-detail-card,x-test-detail-card,card_detail_component_html,epsilon-component,i,HTML Tag Removal,NA,no-such-role,-
auto-card-detail-detail-card,x-test-detail-card,card_detail_component_html,epsilon-component,j,HTML Tag Type Modification,NA,no-such-role,-
auto-card-detail-detail-card,x-test-detail-card,card_detail_component_html,epsilon-component,k,HTML Tag Insertion,NA,no-such-role,-
auto-card-detail-detail-description-row,x-test-detail-description-row,card_detail_component_html,alpha-target,d,Text Content Modification,NA,no-text-content,-
auto-card-detail-detail-description-row,x-test-detail-description-row,card_detail_component_html,alpha-target,e,Text Content Removal,NA,no-text-content,-
auto-card-detail-detail-description-row,x-test-detail-description-row,card_detail_component_html,alpha-target,i,HTML Tag Removal,NA,would-drop-x-test,-
auto-card-detail-detail-description-row,x-test-detail-description-row,card_detail_component_html,alpha-target,a,Attribute Value Modification,REJECTED,duplicate,-
auto-card-detail-detail-description-row,x-test-detail-description-row,card_detail_component_html,alpha-target,b,Attribute Removal,REJECTED,duplicate,-
auto-card-detail-detail-description-row,x-test-detail-description-row,card_detail_component_html,alpha-target,c,Attribute Identifier Modification,REJECTED,duplicate,-
auto-card-detail-detail-description-row,x-test-detail-description-row,card_detail_component_html,alpha-target,j,HTML Tag Type Modification,REJECTED,duplicate,-
auto-card-detail-detail-description-row,x-test-detail-description-row,card_detail_component_html,alpha-target,k,HTML Tag Insertion,REJECTED,duplicate,-
auto-card-detail-detail-description-row,x-test-detail-description-row,card_detail_component_html,beta-parent,d,Text Content Modification,NA,no-text-content,-
auto-card-detail-detail-description-row,x-test-detail-description-row,card_detail_component_html,beta-parent,e,Text Content Removal,NA,no-text-content,-
auto-card-detail-detail-description-row,x-test-detail-description-row,card_detail_component_html,beta-parent,a,Attribute Value Modification,REJECTED,duplicate,-
auto-card-detail-detail-description-row,x-test-detail-description-row,card_detail_component_html,beta-parent,b,Attribute Removal,REJECTED,duplicate,-
auto-card-detail-detail-description-row,x-test-detail-description-row,card_detail_component_html,beta-parent,c,Attribute Identifier Modification,REJECTED,duplicate,-
auto-card-detail-detail-description-row,x-test-detail-description-row,card_detail_component_html,beta-parent,i,HTML Tag Removal,REJECTED,duplicate,-
auto-card-detail-detail-description-row,x-test-detail-description-row,card_detail_component_html,beta-parent,j,HTML Tag Type Modification,REJECTED,duplicate,-
auto-card-detail-detail-description-row,x-test-detail-description-row,card_detail_component_html,beta-parent,k,HTML Tag Insertion,REJECTED,duplicate,-
auto-card-detail-detail-description-row,x-test-detail-description-row,card_detail_component_html,gamma-ancestor,d,Text Content Modification,NA,no-text-content,-
auto-card-detail-detail-description-row,x-test-detail-description-row,card_detail_component_html,gamma-ancestor,e,Text Content Removal,NA,no-text-content,-
auto-card-detail-detail-description-row,x-test-detail-description-row,card_detail_component_html,gamma-ancestor,a,Attribute Value Modification,REJECTED,duplicate,-
auto-card-detail-detail-description-row,x-test-detail-description-row,card_detail_component_html,gamma-ancestor,b,Attribute Removal,REJECTED,duplicate,-
auto-card-detail-detail-description-row,x-test-detail-description-row,card_detail_component_html,gamma-ancestor,c,Attribute Identifier Modification,REJECTED,duplicate,-
auto-card-detail-detail-description-row,x-test-detail-description-row,card_detail_component_html,gamma-ancestor,i,HTML Tag Removal,REJECTED,duplicate,-
auto-card-detail-detail-description-row,x-test-detail-description-row,card_detail_component_html,gamma-ancestor,j,HTML Tag Type Modification,REJECTED,duplicate,-
auto-card-detail-detail-description-row,x-test-detail-description-row,card_detail_component_html,gamma-ancestor,k,HTML Tag Insertion,REJECTED,duplicate,-
auto-card-detail-detail-description-row,x-test-detail-description-row,card_detail_component_html,delta-sibling,d,Text Content Modification,NA,no-text-content,-
auto-card-detail-detail-description-row,x-test-detail-description-row,card_detail_component_html,delta-sibling,e,Text Content Removal,NA,no-text-content,-
auto-card-detail-detail-description-row,x-test-detail-description-row,card_detail_component_html,delta-sibling,i,HTML Tag Removal,NA,would-drop-x-test,-
auto-card-detail-detail-description-row,x-test-detail-description-row,card_detail_component_html,delta-sibling,a,Attribute Value Modification,REJECTED,duplicate,-
auto-card-detail-detail-description-row,x-test-detail-description-row,card_detail_component_html,delta-sibling,b,Attribute Removal,REJECTED,duplicate,-
auto-card-detail-detail-description-row,x-test-detail-description-row,card_detail_component_html,delta-sibling,c,Attribute Identifier Modification,REJECTED,duplicate,-
auto-card-detail-detail-description-row,x-test-detail-description-row,card_detail_component_html,delta-sibling,j,HTML Tag Type Modification,REJECTED,duplicate,-
auto-card-detail-detail-description-row,x-test-detail-description-row,card_detail_component_html,delta-sibling,k,HTML Tag Insertion,REJECTED,duplicate,-
auto-card-detail-detail-description-row,x-test-detail-description-row,card_detail_component_html,epsilon-component,d,Text Content Modification,NA,no-text-content,-
auto-card-detail-detail-description-row,x-test-detail-description-row,card_detail_component_html,epsilon-component,e,Text Content Removal,NA,no-text-content,-
auto-card-detail-detail-description-row,x-test-detail-description-row,card_detail_component_html,epsilon-component,a,Attribute Value Modification,REJECTED,duplicate,-
auto-card-detail-detail-description-row,x-test-detail-description-row,card_detail_component_html,epsilon-component,b,Attribute Removal,REJECTED,duplicate,-
auto-card-detail-detail-description-row,x-test-detail-description-row,card_detail_component_html,epsilon-component,c,Attribute Identifier Modification,REJECTED,duplicate,-
auto-card-detail-detail-description-row,x-test-detail-description-row,card_detail_component_html,epsilon-component,i,HTML Tag Removal,REJECTED,duplicate,-
auto-card-detail-detail-description-row,x-test-detail-description-row,card_detail_component_html,epsilon-component,j,HTML Tag Type Modification,REJECTED,duplicate,-
auto-card-detail-detail-description-row,x-test-detail-description-row,card_detail_component_html,epsilon-component,k,HTML Tag Insertion,REJECTED,duplicate,-
auto-card-detail-detail-description-label,x-test-detail-description-label,card_detail_component_html,alpha-target,i,HTML Tag Removal,NA,would-drop-x-test,-
auto-card-detail-detail-description-label,x-test-detail-description-label,card_detail_component_html,alpha-target,a,Attribute Value Modification,REJECTED,duplicate,-
auto-card-detail-detail-description-label,x-test-detail-description-label,card_detail_component_html,alpha-target,b,Attribute Removal,REJECTED,duplicate,-
auto-card-detail-detail-description-label,x-test-detail-description-label,card_detail_component_html,alpha-target,c,Attribute Identifier Modification,REJECTED,duplicate,-
auto-card-detail-detail-description-label,x-test-detail-description-label,card_detail_component_html,alpha-target,d,Text Content Modification,REJECTED,duplicate,-
auto-card-detail-detail-description-label,x-test-detail-description-label,card_detail_component_html,alpha-target,e,Text Content Removal,REJECTED,duplicate,-
auto-card-detail-detail-description-label,x-test-detail-description-label,card_detail_component_html,alpha-target,j,HTML Tag Type Modification,REJECTED,duplicate,-
auto-card-detail-detail-description-label,x-test-detail-description-label,card_detail_component_html,alpha-target,k,HTML Tag Insertion,REJECTED,duplicate,-
auto-card-detail-detail-description-label,x-test-detail-description-label,card_detail_component_html,beta-parent,d,Text Content Modification,NA,no-text-content,-
auto-card-detail-detail-description-label,x-test-detail-description-label,card_detail_component_html,beta-parent,e,Text Content Removal,NA,no-text-content,-
auto-card-detail-detail-description-label,x-test-detail-description-label,card_detail_component_html,beta-parent,i,HTML Tag Removal,NA,would-drop-x-test,-
auto-card-detail-detail-description-label,x-test-detail-description-label,card_detail_component_html,beta-parent,a,Attribute Value Modification,REJECTED,duplicate,-
auto-card-detail-detail-description-label,x-test-detail-description-label,card_detail_component_html,beta-parent,b,Attribute Removal,REJECTED,duplicate,-
auto-card-detail-detail-description-label,x-test-detail-description-label,card_detail_component_html,beta-parent,c,Attribute Identifier Modification,REJECTED,duplicate,-
auto-card-detail-detail-description-label,x-test-detail-description-label,card_detail_component_html,beta-parent,j,HTML Tag Type Modification,REJECTED,duplicate,-
auto-card-detail-detail-description-label,x-test-detail-description-label,card_detail_component_html,beta-parent,k,HTML Tag Insertion,REJECTED,duplicate,-
auto-card-detail-detail-description-label,x-test-detail-description-label,card_detail_component_html,gamma-ancestor,d,Text Content Modification,NA,no-text-content,-
auto-card-detail-detail-description-label,x-test-detail-description-label,card_detail_component_html,gamma-ancestor,e,Text Content Removal,NA,no-text-content,-
auto-card-detail-detail-description-label,x-test-detail-description-label,card_detail_component_html,gamma-ancestor,a,Attribute Value Modification,REJECTED,duplicate,-
auto-card-detail-detail-description-label,x-test-detail-description-label,card_detail_component_html,gamma-ancestor,b,Attribute Removal,REJECTED,duplicate,-
auto-card-detail-detail-description-label,x-test-detail-description-label,card_detail_component_html,gamma-ancestor,c,Attribute Identifier Modification,REJECTED,duplicate,-
auto-card-detail-detail-description-label,x-test-detail-description-label,card_detail_component_html,gamma-ancestor,i,HTML Tag Removal,REJECTED,duplicate,-
auto-card-detail-detail-description-label,x-test-detail-description-label,card_detail_component_html,gamma-ancestor,j,HTML Tag Type Modification,REJECTED,duplicate,-
auto-card-detail-detail-description-label,x-test-detail-description-label,card_detail_component_html,gamma-ancestor,k,HTML Tag Insertion,REJECTED,duplicate,-
auto-card-detail-detail-description-label,x-test-detail-description-label,card_detail_component_html,delta-sibling,i,HTML Tag Removal,NA,would-drop-x-test,-
auto-card-detail-detail-description-label,x-test-detail-description-label,card_detail_component_html,delta-sibling,a,Attribute Value Modification,REJECTED,duplicate,-
auto-card-detail-detail-description-label,x-test-detail-description-label,card_detail_component_html,delta-sibling,b,Attribute Removal,REJECTED,duplicate,-
auto-card-detail-detail-description-label,x-test-detail-description-label,card_detail_component_html,delta-sibling,c,Attribute Identifier Modification,REJECTED,duplicate,-
auto-card-detail-detail-description-label,x-test-detail-description-label,card_detail_component_html,delta-sibling,d,Text Content Modification,REJECTED,duplicate,-
auto-card-detail-detail-description-label,x-test-detail-description-label,card_detail_component_html,delta-sibling,e,Text Content Removal,REJECTED,duplicate,-
auto-card-detail-detail-description-label,x-test-detail-description-label,card_detail_component_html,delta-sibling,j,HTML Tag Type Modification,REJECTED,duplicate,-
auto-card-detail-detail-description-label,x-test-detail-description-label,card_detail_component_html,delta-sibling,k,HTML Tag Insertion,REJECTED,duplicate,-
auto-card-detail-detail-description-label,x-test-detail-description-label,card_detail_component_html,epsilon-component,d,Text Content Modification,NA,no-text-content,-
auto-card-detail-detail-description-label,x-test-detail-description-label,card_detail_component_html,epsilon-component,e,Text Content Removal,NA,no-text-content,-
auto-card-detail-detail-description-label,x-test-detail-description-label,card_detail_component_html,epsilon-component,a,Attribute Value Modification,REJECTED,duplicate,-
auto-card-detail-detail-description-label,x-test-detail-description-label,card_detail_component_html,epsilon-component,b,Attribute Removal,REJECTED,duplicate,-
auto-card-detail-detail-description-label,x-test-detail-description-label,card_detail_component_html,epsilon-component,c,Attribute Identifier Modification,REJECTED,duplicate,-
auto-card-detail-detail-description-label,x-test-detail-description-label,card_detail_component_html,epsilon-component,i,HTML Tag Removal,REJECTED,duplicate,-
auto-card-detail-detail-description-label,x-test-detail-description-label,card_detail_component_html,epsilon-component,j,HTML Tag Type Modification,REJECTED,duplicate,-
auto-card-detail-detail-description-label,x-test-detail-description-label,card_detail_component_html,epsilon-component,k,HTML Tag Insertion,REJECTED,duplicate,-
auto-card-detail-detail-assignee-row,x-test-detail-assignee-row,card_detail_component_html,alpha-target,d,Text Content Modification,NA,no-text-content,-
auto-card-detail-detail-assignee-row,x-test-detail-assignee-row,card_detail_component_html,alpha-target,e,Text Content Removal,NA,no-text-content,-
auto-card-detail-detail-assignee-row,x-test-detail-assignee-row,card_detail_component_html,alpha-target,i,HTML Tag Removal,NA,would-drop-x-test,-
auto-card-detail-detail-assignee-row,x-test-detail-assignee-row,card_detail_component_html,alpha-target,a,Attribute Value Modification,REJECTED,duplicate,-
auto-card-detail-detail-assignee-row,x-test-detail-assignee-row,card_detail_component_html,alpha-target,b,Attribute Removal,REJECTED,duplicate,-
auto-card-detail-detail-assignee-row,x-test-detail-assignee-row,card_detail_component_html,alpha-target,c,Attribute Identifier Modification,REJECTED,duplicate,-
auto-card-detail-detail-assignee-row,x-test-detail-assignee-row,card_detail_component_html,alpha-target,j,HTML Tag Type Modification,REJECTED,duplicate,-
auto-card-detail-detail-assignee-row,x-test-detail-assignee-row,card_detail_component_html,alpha-target,k,HTML Tag Insertion,REJECTED,duplicate,-
auto-card-detail-detail-assignee-row,x-test-detail-assignee-row,card_detail_component_html,beta-parent,d,Text Content Modification,NA,no-text-content,-
auto-card-detail-detail-assignee-row,x-test-detail-assignee-row,card_detail_component_html,beta-parent,e,Text Content Removal,NA,no-text-content,-
auto-card-detail-detail-assignee-row,x-test-detail-assignee-row,card_detail_component_html,beta-parent,a,Attribute Value Modification,REJECTED,duplicate,-
auto-card-detail-detail-assignee-row,x-test-detail-assignee-row,card_detail_component_html,beta-parent,b,Attribute Removal,REJECTED,duplicate,-
auto-card-detail-detail-assignee-row,x-test-detail-assignee-row,card_detail_component_html,beta-parent,c,Attribute Identifier Modification,REJECTED,duplicate,-
auto-card-detail-detail-assignee-row,x-test-detail-assignee-row,card_detail_component_html,beta-parent,i,HTML Tag Removal,REJECTED,duplicate,-
auto-card-detail-detail-assignee-row,x-test-detail-assignee-row,card_detail_component_html,beta-parent,j,HTML Tag Type Modification,REJECTED,duplicate,-
auto-card-detail-detail-assignee-row,x-test-detail-assignee-row,card_detail_component_html,beta-parent,k,HTML Tag Insertion,REJECTED,duplicate,-
auto-card-detail-detail-assignee-row,x-test-detail-assignee-row,card_detail_component_html,gamma-ancestor,d,Text Content Modification,NA,no-text-content,-
auto-card-detail-detail-assignee-row,x-test-detail-assignee-row,card_detail_component_html,gamma-ancestor,e,Text Content Removal,NA,no-text-content,-
auto-card-detail-detail-assignee-row,x-test-detail-assignee-row,card_detail_component_html,gamma-ancestor,a,Attribute Value Modification,REJECTED,duplicate,-
auto-card-detail-detail-assignee-row,x-test-detail-assignee-row,card_detail_component_html,gamma-ancestor,b,Attribute Removal,REJECTED,duplicate,-
auto-card-detail-detail-assignee-row,x-test-detail-assignee-row,card_detail_component_html,gamma-ancestor,c,Attribute Identifier Modification,REJECTED,duplicate,-
auto-card-detail-detail-assignee-row,x-test-detail-assignee-row,card_detail_component_html,gamma-ancestor,i,HTML Tag Removal,REJECTED,duplicate,-
auto-card-detail-detail-assignee-row,x-test-detail-assignee-row,card_detail_component_html,gamma-ancestor,j,HTML Tag Type Modification,REJECTED,duplicate,-
auto-card-detail-detail-assignee-row,x-test-detail-assignee-row,card_detail_component_html,gamma-ancestor,k,HTML Tag Insertion,REJECTED,duplicate,-
auto-card-detail-detail-assignee-row,x-test-detail-assignee-row,card_detail_component_html,delta-sibling,d,Text Content Modification,NA,no-text-content,-
auto-card-detail-detail-assignee-row,x-test-detail-assignee-row,card_detail_component_html,delta-sibling,e,Text Content Removal,NA,no-text-content,-
auto-card-detail-detail-assignee-row,x-test-detail-assignee-row,card_detail_component_html,delta-sibling,i,HTML Tag Removal,NA,would-drop-x-test,-
auto-card-detail-detail-assignee-row,x-test-detail-assignee-row,card_detail_component_html,delta-sibling,a,Attribute Value Modification,REJECTED,duplicate,-
auto-card-detail-detail-assignee-row,x-test-detail-assignee-row,card_detail_component_html,delta-sibling,b,Attribute Removal,REJECTED,duplicate,-
auto-card-detail-detail-assignee-row,x-test-detail-assignee-row,card_detail_component_html,delta-sibling,c,Attribute Identifier Modification,REJECTED,duplicate,-
auto-card-detail-detail-assignee-row,x-test-detail-assignee-row,card_detail_component_html,delta-sibling,j,HTML Tag Type Modification,REJECTED,duplicate,-
auto-card-detail-detail-assignee-row,x-test-detail-assignee-row,card_detail_component_html,delta-sibling,k,HTML Tag Insertion,REJECTED,duplicate,-
auto-card-detail-detail-assignee-row,x-test-detail-assignee-row,card_detail_component_html,epsilon-component,d,Text Content Modification,NA,no-text-content,-
auto-card-detail-detail-assignee-row,x-test-detail-assignee-row,card_detail_component_html,epsilon-component,e,Text Content Removal,NA,no-text-content,-
auto-card-detail-detail-assignee-row,x-test-detail-assignee-row,card_detail_component_html,epsilon-component,a,Attribute Value Modification,REJECTED,duplicate,-
auto-card-detail-detail-assignee-row,x-test-detail-assignee-row,card_detail_component_html,epsilon-component,b,Attribute Removal,REJECTED,duplicate,-
auto-card-detail-detail-assignee-row,x-test-detail-assignee-row,card_detail_component_html,epsilon-component,c,Attribute Identifier Modification,REJECTED,duplicate,-
auto-card-detail-detail-assignee-row,x-test-detail-assignee-row,card_detail_component_html,epsilon-component,i,HTML Tag Removal,REJECTED,duplicate,-
auto-card-detail-detail-assignee-row,x-test-detail-assignee-row,card_detail_component_html,epsilon-component,j,HTML Tag Type Modification,REJECTED,duplicate,-
auto-card-detail-detail-assignee-row,x-test-detail-assignee-row,card_detail_component_html,epsilon-component,k,HTML Tag Insertion,REJECTED,duplicate,-
auto-card-detail-detail-assignee-label,x-test-detail-assignee-label,card_detail_component_html,alpha-target,i,HTML Tag Removal,NA,would-drop-x-test,-
auto-card-detail-detail-assignee-label,x-test-detail-assignee-label,card_detail_component_html,alpha-target,a,Attribute Value Modification,REJECTED,duplicate,-
auto-card-detail-detail-assignee-label,x-test-detail-assignee-label,card_detail_component_html,alpha-target,b,Attribute Removal,REJECTED,duplicate,-
auto-card-detail-detail-assignee-label,x-test-detail-assignee-label,card_detail_component_html,alpha-target,c,Attribute Identifier Modification,REJECTED,duplicate,-
auto-card-detail-detail-assignee-label,x-test-detail-assignee-label,card_detail_component_html,alpha-target,d,Text Content Modification,REJECTED,duplicate,-
auto-card-detail-detail-assignee-label,x-test-detail-assignee-label,card_detail_component_html,alpha-target,e,Text Content Removal,REJECTED,duplicate,-
auto-card-detail-detail-assignee-label,x-test-detail-assignee-label,card_detail_component_html,alpha-target,j,HTML Tag Type Modification,REJECTED,duplicate,-
auto-card-detail-detail-assignee-label,x-test-detail-assignee-label,card_detail_component_html,alpha-target,k,HTML Tag Insertion,REJECTED,duplicate,-
auto-card-detail-detail-assignee-label,x-test-detail-assignee-label,card_detail_component_html,beta-parent,d,Text Content Modification,NA,no-text-content,-
auto-card-detail-detail-assignee-label,x-test-detail-assignee-label,card_detail_component_html,beta-parent,e,Text Content Removal,NA,no-text-content,-
auto-card-detail-detail-assignee-label,x-test-detail-assignee-label,card_detail_component_html,beta-parent,i,HTML Tag Removal,NA,would-drop-x-test,-
auto-card-detail-detail-assignee-label,x-test-detail-assignee-label,card_detail_component_html,beta-parent,a,Attribute Value Modification,REJECTED,duplicate,-
auto-card-detail-detail-assignee-label,x-test-detail-assignee-label,card_detail_component_html,beta-parent,b,Attribute Removal,REJECTED,duplicate,-
auto-card-detail-detail-assignee-label,x-test-detail-assignee-label,card_detail_component_html,beta-parent,c,Attribute Identifier Modification,REJECTED,duplicate,-
auto-card-detail-detail-assignee-label,x-test-detail-assignee-label,card_detail_component_html,beta-parent,j,HTML Tag Type Modification,REJECTED,duplicate,-
auto-card-detail-detail-assignee-label,x-test-detail-assignee-label,card_detail_component_html,beta-parent,k,HTML Tag Insertion,REJECTED,duplicate,-
auto-card-detail-detail-assignee-label,x-test-detail-assignee-label,card_detail_component_html,gamma-ancestor,d,Text Content Modification,NA,no-text-content,-
auto-card-detail-detail-assignee-label,x-test-detail-assignee-label,card_detail_component_html,gamma-ancestor,e,Text Content Removal,NA,no-text-content,-
auto-card-detail-detail-assignee-label,x-test-detail-assignee-label,card_detail_component_html,gamma-ancestor,a,Attribute Value Modification,REJECTED,duplicate,-
auto-card-detail-detail-assignee-label,x-test-detail-assignee-label,card_detail_component_html,gamma-ancestor,b,Attribute Removal,REJECTED,duplicate,-
auto-card-detail-detail-assignee-label,x-test-detail-assignee-label,card_detail_component_html,gamma-ancestor,c,Attribute Identifier Modification,REJECTED,duplicate,-
auto-card-detail-detail-assignee-label,x-test-detail-assignee-label,card_detail_component_html,gamma-ancestor,i,HTML Tag Removal,REJECTED,duplicate,-
auto-card-detail-detail-assignee-label,x-test-detail-assignee-label,card_detail_component_html,gamma-ancestor,j,HTML Tag Type Modification,REJECTED,duplicate,-
auto-card-detail-detail-assignee-label,x-test-detail-assignee-label,card_detail_component_html,gamma-ancestor,k,HTML Tag Insertion,REJECTED,duplicate,-
auto-card-detail-detail-assignee-label,x-test-detail-assignee-label,card_detail_component_html,delta-sibling,i,HTML Tag Removal,NA,would-drop-x-test,-
auto-card-detail-detail-assignee-label,x-test-detail-assignee-label,card_detail_component_html,delta-sibling,a,Attribute Value Modification,REJECTED,duplicate,-
auto-card-detail-detail-assignee-label,x-test-detail-assignee-label,card_detail_component_html,delta-sibling,b,Attribute Removal,REJECTED,duplicate,-
auto-card-detail-detail-assignee-label,x-test-detail-assignee-label,card_detail_component_html,delta-sibling,c,Attribute Identifier Modification,REJECTED,duplicate,-
auto-card-detail-detail-assignee-label,x-test-detail-assignee-label,card_detail_component_html,delta-sibling,d,Text Content Modification,REJECTED,duplicate,-
auto-card-detail-detail-assignee-label,x-test-detail-assignee-label,card_detail_component_html,delta-sibling,e,Text Content Removal,REJECTED,duplicate,-
auto-card-detail-detail-assignee-label,x-test-detail-assignee-label,card_detail_component_html,delta-sibling,j,HTML Tag Type Modification,REJECTED,duplicate,-
auto-card-detail-detail-assignee-label,x-test-detail-assignee-label,card_detail_component_html,delta-sibling,k,HTML Tag Insertion,REJECTED,duplicate,-
auto-card-detail-detail-assignee-label,x-test-detail-assignee-label,card_detail_component_html,epsilon-component,d,Text Content Modification,NA,no-text-content,-
auto-card-detail-detail-assignee-label,x-test-detail-assignee-label,card_detail_component_html,epsilon-component,e,Text Content Removal,NA,no-text-content,-
auto-card-detail-detail-assignee-label,x-test-detail-assignee-label,card_detail_component_html,epsilon-component,a,Attribute Value Modification,REJECTED,duplicate,-
auto-card-detail-detail-assignee-label,x-test-detail-assignee-label,card_detail_component_html,epsilon-component,b,Attribute Removal,REJECTED,duplicate,-
auto-card-detail-detail-assignee-label,x-test-detail-assignee-label,card_detail_component_html,epsilon-component,c,Attribute Identifier Modification,REJECTED,duplicate,-
auto-card-detail-detail-assignee-label,x-test-detail-assignee-label,card_detail_component_html,epsilon-component,i,HTML Tag Removal,REJECTED,duplicate,-
auto-card-detail-detail-assignee-label,x-test-detail-assignee-label,card_detail_component_html,epsilon-component,j,HTML Tag Type Modification,REJECTED,duplicate,-
auto-card-detail-detail-assignee-label,x-test-detail-assignee-label,card_detail_component_html,epsilon-component,k,HTML Tag Insertion,REJECTED,duplicate,-
auto-card-detail-detail-column-row,x-test-detail-column-row,card_detail_component_html,alpha-target,d,Text Content Modification,NA,no-text-content,-
auto-card-detail-detail-column-row,x-test-detail-column-row,card_detail_component_html,alpha-target,e,Text Content Removal,NA,no-text-content,-
auto-card-detail-detail-column-row,x-test-detail-column-row,card_detail_component_html,alpha-target,i,HTML Tag Removal,NA,would-drop-x-test,-
auto-card-detail-detail-column-row,x-test-detail-column-row,card_detail_component_html,alpha-target,a,Attribute Value Modification,REJECTED,duplicate,-
auto-card-detail-detail-column-row,x-test-detail-column-row,card_detail_component_html,alpha-target,b,Attribute Removal,REJECTED,duplicate,-
auto-card-detail-detail-column-row,x-test-detail-column-row,card_detail_component_html,alpha-target,c,Attribute Identifier Modification,REJECTED,duplicate,-
auto-card-detail-detail-column-row,x-test-detail-column-row,card_detail_component_html,alpha-target,j,HTML Tag Type Modification,REJECTED,duplicate,-
auto-card-detail-detail-column-row,x-test-detail-column-row,card_detail_component_html,alpha-target,k,HTML Tag Insertion,REJECTED,duplicate,-
auto-card-detail-detail-column-row,x-test-detail-column-row,card_detail_component_html,beta-parent,d,Text Content Modification,NA,no-text-content,-
auto-card-detail-detail-column-row,x-test-detail-column-row,card_detail_component_html,beta-parent,e,Text Content Removal,NA,no-text-content,-
auto-card-detail-detail-column-row,x-test-detail-column-row,card_detail_component_html,beta-parent,a,Attribute Value Modification,REJECTED,duplicate,-
auto-card-detail-detail-column-row,x-test-detail-column-row,card_detail_component_html,beta-parent,b,Attribute Removal,REJECTED,duplicate,-
auto-card-detail-detail-column-row,x-test-detail-column-row,card_detail_component_html,beta-parent,c,Attribute Identifier Modification,REJECTED,duplicate,-
auto-card-detail-detail-column-row,x-test-detail-column-row,card_detail_component_html,beta-parent,i,HTML Tag Removal,REJECTED,duplicate,-
auto-card-detail-detail-column-row,x-test-detail-column-row,card_detail_component_html,beta-parent,j,HTML Tag Type Modification,REJECTED,duplicate,-
auto-card-detail-detail-column-row,x-test-detail-column-row,card_detail_component_html,beta-parent,k,HTML Tag Insertion,REJECTED,duplicate,-
auto-card-detail-detail-column-row,x-test-detail-column-row,card_detail_component_html,gamma-ancestor,d,Text Content Modification,NA,no-text-content,-
auto-card-detail-detail-column-row,x-test-detail-column-row,card_detail_component_html,gamma-ancestor,e,Text Content Removal,NA,no-text-content,-
auto-card-detail-detail-column-row,x-test-detail-column-row,card_detail_component_html,gamma-ancestor,a,Attribute Value Modification,REJECTED,duplicate,-
auto-card-detail-detail-column-row,x-test-detail-column-row,card_detail_component_html,gamma-ancestor,b,Attribute Removal,REJECTED,duplicate,-
auto-card-detail-detail-column-row,x-test-detail-column-row,card_detail_component_html,gamma-ancestor,c,Attribute Identifier Modification,REJECTED,duplicate,-
auto-card-detail-detail-column-row,x-test-detail-column-row,card_detail_component_html,gamma-ancestor,i,HTML Tag Removal,REJECTED,duplicate,-
auto-card-detail-detail-column-row,x-test-detail-column-row,card_detail_component_html,gamma-ancestor,j,HTML Tag Type Modification,REJECTED,duplicate,-
auto-card-detail-detail-column-row,x-test-detail-column-row,card_detail_component_html,gamma-ancestor,k,HTML Tag Insertion,REJECTED,duplicate,-
auto-card-detail-detail-column-row,x-test-detail-column-row,card_detail_component_html,delta-sibling,d,Text Content Modification,NA,no-text-content,-
auto-card-detail-detail-column-row,x-test-detail-column-row,card_detail_component_html,delta-sibling,e,Text Content Removal,NA,no-text-content,-
auto-card-detail-detail-column-row,x-test-detail-column-row,card_detail_component_html,delta-sibling,i,HTML Tag Removal,NA,would-drop-x-test,-
auto-card-detail-detail-column-row,x-test-detail-column-row,card_detail_component_html,delta-sibling,a,Attribute Value Modification,REJECTED,duplicate,-
auto-card-detail-detail-column-row,x-test-detail-column-row,card_detail_component_html,delta-sibling,b,Attribute Removal,REJECTED,duplicate,-
auto-card-detail-detail-column-row,x-test-detail-column-row,card_detail_component_html,delta-sibling,c,Attribute Identifier Modification,REJECTED,duplicate,-
auto-card-detail-detail-column-row,x-test-detail-column-row,card_detail_component_html,delta-sibling,j,HTML Tag Type Modification,REJECTED,duplicate,-
auto-card-detail-detail-column-row,x-test-detail-column-row,card_detail_component_html,delta-sibling,k,HTML Tag Insertion,REJECTED,duplicate,-
auto-card-detail-detail-column-row,x-test-detail-column-row,card_detail_component_html,epsilon-component,d,Text Content Modification,NA,no-text-content,-
auto-card-detail-detail-column-row,x-test-detail-column-row,card_detail_component_html,epsilon-component,e,Text Content Removal,NA,no-text-content,-
auto-card-detail-detail-column-row,x-test-detail-column-row,card_detail_component_html,epsilon-component,a,Attribute Value Modification,REJECTED,duplicate,-
auto-card-detail-detail-column-row,x-test-detail-column-row,card_detail_component_html,epsilon-component,b,Attribute Removal,REJECTED,duplicate,-
auto-card-detail-detail-column-row,x-test-detail-column-row,card_detail_component_html,epsilon-component,c,Attribute Identifier Modification,REJECTED,duplicate,-
auto-card-detail-detail-column-row,x-test-detail-column-row,card_detail_component_html,epsilon-component,i,HTML Tag Removal,REJECTED,duplicate,-
auto-card-detail-detail-column-row,x-test-detail-column-row,card_detail_component_html,epsilon-component,j,HTML Tag Type Modification,REJECTED,duplicate,-
auto-card-detail-detail-column-row,x-test-detail-column-row,card_detail_component_html,epsilon-component,k,HTML Tag Insertion,REJECTED,duplicate,-
auto-card-detail-detail-column-label,x-test-detail-column-label,card_detail_component_html,alpha-target,i,HTML Tag Removal,NA,would-drop-x-test,-
auto-card-detail-detail-column-label,x-test-detail-column-label,card_detail_component_html,alpha-target,a,Attribute Value Modification,REJECTED,duplicate,-
auto-card-detail-detail-column-label,x-test-detail-column-label,card_detail_component_html,alpha-target,b,Attribute Removal,REJECTED,duplicate,-
auto-card-detail-detail-column-label,x-test-detail-column-label,card_detail_component_html,alpha-target,c,Attribute Identifier Modification,REJECTED,duplicate,-
auto-card-detail-detail-column-label,x-test-detail-column-label,card_detail_component_html,alpha-target,d,Text Content Modification,REJECTED,duplicate,-
auto-card-detail-detail-column-label,x-test-detail-column-label,card_detail_component_html,alpha-target,e,Text Content Removal,REJECTED,duplicate,-
auto-card-detail-detail-column-label,x-test-detail-column-label,card_detail_component_html,alpha-target,j,HTML Tag Type Modification,REJECTED,duplicate,-
auto-card-detail-detail-column-label,x-test-detail-column-label,card_detail_component_html,alpha-target,k,HTML Tag Insertion,REJECTED,duplicate,-
auto-card-detail-detail-column-label,x-test-detail-column-label,card_detail_component_html,beta-parent,d,Text Content Modification,NA,no-text-content,-
auto-card-detail-detail-column-label,x-test-detail-column-label,card_detail_component_html,beta-parent,e,Text Content Removal,NA,no-text-content,-
auto-card-detail-detail-column-label,x-test-detail-column-label,card_detail_component_html,beta-parent,i,HTML Tag Removal,NA,would-drop-x-test,-
auto-card-detail-detail-column-label,x-test-detail-column-label,card_detail_component_html,beta-parent,a,Attribute Value Modification,REJECTED,duplicate,-
auto-card-detail-detail-column-label,x-test-detail-column-label,card_detail_component_html,beta-parent,b,Attribute Removal,REJECTED,duplicate,-
auto-card-detail-detail-column-label,x-test-detail-column-label,card_detail_component_html,beta-parent,c,Attribute Identifier Modification,REJECTED,duplicate,-
auto-card-detail-detail-column-label,x-test-detail-column-label,card_detail_component_html,beta-parent,j,HTML Tag Type Modification,REJECTED,duplicate,-
auto-card-detail-detail-column-label,x-test-detail-column-label,card_detail_component_html,beta-parent,k,HTML Tag Insertion,REJECTED,duplicate,-
auto-card-detail-detail-column-label,x-test-detail-column-label,card_detail_component_html,gamma-ancestor,d,Text Content Modification,NA,no-text-content,-
auto-card-detail-detail-column-label,x-test-detail-column-label,card_detail_component_html,gamma-ancestor,e,Text Content Removal,NA,no-text-content,-
auto-card-detail-detail-column-label,x-test-detail-column-label,card_detail_component_html,gamma-ancestor,a,Attribute Value Modification,REJECTED,duplicate,-
auto-card-detail-detail-column-label,x-test-detail-column-label,card_detail_component_html,gamma-ancestor,b,Attribute Removal,REJECTED,duplicate,-
auto-card-detail-detail-column-label,x-test-detail-column-label,card_detail_component_html,gamma-ancestor,c,Attribute Identifier Modification,REJECTED,duplicate,-
auto-card-detail-detail-column-label,x-test-detail-column-label,card_detail_component_html,gamma-ancestor,i,HTML Tag Removal,REJECTED,duplicate,-
auto-card-detail-detail-column-label,x-test-detail-column-label,card_detail_component_html,gamma-ancestor,j,HTML Tag Type Modification,REJECTED,duplicate,-
auto-card-detail-detail-column-label,x-test-detail-column-label,card_detail_component_html,gamma-ancestor,k,HTML Tag Insertion,REJECTED,duplicate,-
auto-card-detail-detail-column-label,x-test-detail-column-label,card_detail_component_html,delta-sibling,i,HTML Tag Removal,NA,would-drop-x-test,-
auto-card-detail-detail-column-label,x-test-detail-column-label,card_detail_component_html,delta-sibling,a,Attribute Value Modification,REJECTED,duplicate,-
auto-card-detail-detail-column-label,x-test-detail-column-label,card_detail_component_html,delta-sibling,b,Attribute Removal,REJECTED,duplicate,-
auto-card-detail-detail-column-label,x-test-detail-column-label,card_detail_component_html,delta-sibling,c,Attribute Identifier Modification,REJECTED,duplicate,-
auto-card-detail-detail-column-label,x-test-detail-column-label,card_detail_component_html,delta-sibling,d,Text Content Modification,REJECTED,duplicate,-
auto-card-detail-detail-column-label,x-test-detail-column-label,card_detail_component_html,delta-sibling,e,Text Content Removal,REJECTED,duplicate,-
auto-card-detail-detail-column-label,x-test-detail-column-label,card_detail_component_html,delta-sibling,j,HTML Tag Type Modification,REJECTED,duplicate,-
auto-card-detail-detail-column-label,x-test-detail-column-label,card_detail_component_html,delta-sibling,k,HTML Tag Insertion,REJECTED,duplicate,-
auto-card-detail-detail-column-label,x-test-detail-column-label,card_detail_component_html,epsilon-component,d,Text Content Modification,NA,no-text-content,-
auto-card-detail-detail-column-label,x-test-detail-column-label,card_detail_component_html,epsilon-component,e,Text Content Removal,NA,no-text-content,-
auto-card-detail-detail-column-label,x-test-detail-column-label,card_detail_component_html,epsilon-component,a,Attribute Value Modification,REJECTED,duplicate,-
auto-card-detail-detail-column-label,x-test-detail-column-label,card_detail_component_html,epsilon-component,b,Attribute Removal,REJECTED,duplicate,-
auto-card-detail-detail-column-label,x-test-detail-column-label,card_detail_component_html,epsilon-component,c,Attribute Identifier Modification,REJECTED,duplicate,-
auto-card-detail-detail-column-label,x-test-detail-column-label,card_detail_component_html,epsilon-component,i,HTML Tag Removal,REJECTED,duplicate,-
auto-card-detail-detail-column-label,x-test-detail-column-label,card_detail_component_html,epsilon-component,j,HTML Tag Type Modification,REJECTED,duplicate,-
auto-card-detail-detail-column-label,x-test-detail-column-label,card_detail_component_html,epsilon-component,k,HTML Tag Insertion,REJECTED,duplicate,-
auto-card-detail-detail-tags-row,x-test-detail-tags-row,card_detail_component_html,alpha-target,d,Text Content Modification,NA,no-text-content,-
auto-card-detail-detail-tags-row,x-test-detail-tags-row,card_detail_component_html,alpha-target,e,Text Content Removal,NA,no-text-content,-
auto-card-detail-detail-tags-row,x-test-detail-tags-row,card_detail_component_html,alpha-target,i,HTML Tag Removal,NA,would-drop-x-test,-
auto-card-detail-detail-tags-row,x-test-detail-tags-row,card_detail_component_html,alpha-target,a,Attribute Value Modification,REJECTED,duplicate,-
auto-card-detail-detail-tags-row,x-test-detail-tags-row,card_detail_component_html,alpha-target,b,Attribute Removal,REJECTED,duplicate,-
auto-card-detail-detail-tags-row,x-test-detail-tags-row,card_detail_component_html,alpha-target,c,Attribute Identifier Modification,REJECTED,duplicate,-
auto-card-detail-detail-tags-row,x-test-detail-tags-row,card_detail_component_html,alpha-target,j,HTML Tag Type Modification,REJECTED,duplicate,-
auto-card-detail-detail-tags-row,x-test-detail-tags-row,card_detail_component_html,alpha-target,k,HTML Tag Insertion,REJECTED,duplicate,-
auto-card-detail-detail-tags-row,x-test-detail-tags-row,card_detail_component_html,beta-parent,d,Text Content Modification,NA,no-text-content,-
auto-card-detail-detail-tags-row,x-test-detail-tags-row,card_detail_component_html,beta-parent,e,Text Content Removal,NA,no-text-content,-
auto-card-detail-detail-tags-row,x-test-detail-tags-row,card_detail_component_html,beta-parent,a,Attribute Value Modification,REJECTED,duplicate,-
auto-card-detail-detail-tags-row,x-test-detail-tags-row,card_detail_component_html,beta-parent,b,Attribute Removal,REJECTED,duplicate,-
auto-card-detail-detail-tags-row,x-test-detail-tags-row,card_detail_component_html,beta-parent,c,Attribute Identifier Modification,REJECTED,duplicate,-
auto-card-detail-detail-tags-row,x-test-detail-tags-row,card_detail_component_html,beta-parent,i,HTML Tag Removal,REJECTED,duplicate,-
auto-card-detail-detail-tags-row,x-test-detail-tags-row,card_detail_component_html,beta-parent,j,HTML Tag Type Modification,REJECTED,duplicate,-
auto-card-detail-detail-tags-row,x-test-detail-tags-row,card_detail_component_html,beta-parent,k,HTML Tag Insertion,REJECTED,duplicate,-
auto-card-detail-detail-tags-row,x-test-detail-tags-row,card_detail_component_html,gamma-ancestor,d,Text Content Modification,NA,no-text-content,-
auto-card-detail-detail-tags-row,x-test-detail-tags-row,card_detail_component_html,gamma-ancestor,e,Text Content Removal,NA,no-text-content,-
auto-card-detail-detail-tags-row,x-test-detail-tags-row,card_detail_component_html,gamma-ancestor,a,Attribute Value Modification,REJECTED,duplicate,-
auto-card-detail-detail-tags-row,x-test-detail-tags-row,card_detail_component_html,gamma-ancestor,b,Attribute Removal,REJECTED,duplicate,-
auto-card-detail-detail-tags-row,x-test-detail-tags-row,card_detail_component_html,gamma-ancestor,c,Attribute Identifier Modification,REJECTED,duplicate,-
auto-card-detail-detail-tags-row,x-test-detail-tags-row,card_detail_component_html,gamma-ancestor,i,HTML Tag Removal,REJECTED,duplicate,-
auto-card-detail-detail-tags-row,x-test-detail-tags-row,card_detail_component_html,gamma-ancestor,j,HTML Tag Type Modification,REJECTED,duplicate,-
auto-card-detail-detail-tags-row,x-test-detail-tags-row,card_detail_component_html,gamma-ancestor,k,HTML Tag Insertion,REJECTED,duplicate,-
auto-card-detail-detail-tags-row,x-test-detail-tags-row,card_detail_component_html,delta-sibling,d,Text Content Modification,NA,no-text-content,-
auto-card-detail-detail-tags-row,x-test-detail-tags-row,card_detail_component_html,delta-sibling,e,Text Content Removal,NA,no-text-content,-
auto-card-detail-detail-tags-row,x-test-detail-tags-row,card_detail_component_html,delta-sibling,i,HTML Tag Removal,NA,would-drop-x-test,-
auto-card-detail-detail-tags-row,x-test-detail-tags-row,card_detail_component_html,delta-sibling,a,Attribute Value Modification,REJECTED,duplicate,-
auto-card-detail-detail-tags-row,x-test-detail-tags-row,card_detail_component_html,delta-sibling,b,Attribute Removal,REJECTED,duplicate,-
auto-card-detail-detail-tags-row,x-test-detail-tags-row,card_detail_component_html,delta-sibling,c,Attribute Identifier Modification,REJECTED,duplicate,-
auto-card-detail-detail-tags-row,x-test-detail-tags-row,card_detail_component_html,delta-sibling,j,HTML Tag Type Modification,REJECTED,duplicate,-
auto-card-detail-detail-tags-row,x-test-detail-tags-row,card_detail_component_html,delta-sibling,k,HTML Tag Insertion,REJECTED,duplicate,-
auto-card-detail-detail-tags-row,x-test-detail-tags-row,card_detail_component_html,epsilon-component,d,Text Content Modification,NA,no-text-content,-
auto-card-detail-detail-tags-row,x-test-detail-tags-row,card_detail_component_html,epsilon-component,e,Text Content Removal,NA,no-text-content,-
auto-card-detail-detail-tags-row,x-test-detail-tags-row,card_detail_component_html,epsilon-component,a,Attribute Value Modification,REJECTED,duplicate,-
auto-card-detail-detail-tags-row,x-test-detail-tags-row,card_detail_component_html,epsilon-component,b,Attribute Removal,REJECTED,duplicate,-
auto-card-detail-detail-tags-row,x-test-detail-tags-row,card_detail_component_html,epsilon-component,c,Attribute Identifier Modification,REJECTED,duplicate,-
auto-card-detail-detail-tags-row,x-test-detail-tags-row,card_detail_component_html,epsilon-component,i,HTML Tag Removal,REJECTED,duplicate,-
auto-card-detail-detail-tags-row,x-test-detail-tags-row,card_detail_component_html,epsilon-component,j,HTML Tag Type Modification,REJECTED,duplicate,-
auto-card-detail-detail-tags-row,x-test-detail-tags-row,card_detail_component_html,epsilon-component,k,HTML Tag Insertion,REJECTED,duplicate,-
auto-card-detail-detail-tags-label,x-test-detail-tags-label,card_detail_component_html,alpha-target,i,HTML Tag Removal,NA,would-drop-x-test,-
auto-card-detail-detail-tags-label,x-test-detail-tags-label,card_detail_component_html,alpha-target,a,Attribute Value Modification,REJECTED,duplicate,-
auto-card-detail-detail-tags-label,x-test-detail-tags-label,card_detail_component_html,alpha-target,b,Attribute Removal,REJECTED,duplicate,-
auto-card-detail-detail-tags-label,x-test-detail-tags-label,card_detail_component_html,alpha-target,c,Attribute Identifier Modification,REJECTED,duplicate,-
auto-card-detail-detail-tags-label,x-test-detail-tags-label,card_detail_component_html,alpha-target,d,Text Content Modification,REJECTED,duplicate,-
auto-card-detail-detail-tags-label,x-test-detail-tags-label,card_detail_component_html,alpha-target,e,Text Content Removal,REJECTED,duplicate,-
auto-card-detail-detail-tags-label,x-test-detail-tags-label,card_detail_component_html,alpha-target,j,HTML Tag Type Modification,REJECTED,duplicate,-
auto-card-detail-detail-tags-label,x-test-detail-tags-label,card_detail_component_html,alpha-target,k,HTML Tag Insertion,REJECTED,duplicate,-
auto-card-detail-detail-tags-label,x-test-detail-tags-label,card_detail_component_html,beta-parent,d,Text Content Modification,NA,no-text-content,-
auto-card-detail-detail-tags-label,x-test-detail-tags-label,card_detail_component_html,beta-parent,e,Text Content Removal,NA,no-text-content,-
auto-card-detail-detail-tags-label,x-test-detail-tags-label,card_detail_component_html,beta-parent,i,HTML Tag Removal,NA,would-drop-x-test,-
auto-card-detail-detail-tags-label,x-test-detail-tags-label,card_detail_component_html,beta-parent,a,Attribute Value Modification,REJECTED,duplicate,-
auto-card-detail-detail-tags-label,x-test-detail-tags-label,card_detail_component_html,beta-parent,b,Attribute Removal,REJECTED,duplicate,-
auto-card-detail-detail-tags-label,x-test-detail-tags-label,card_detail_component_html,beta-parent,c,Attribute Identifier Modification,REJECTED,duplicate,-
auto-card-detail-detail-tags-label,x-test-detail-tags-label,card_detail_component_html,beta-parent,j,HTML Tag Type Modification,REJECTED,duplicate,-
auto-card-detail-detail-tags-label,x-test-detail-tags-label,card_detail_component_html,beta-parent,k,HTML Tag Insertion,REJECTED,duplicate,-
auto-card-detail-detail-tags-label,x-test-detail-tags-label,card_detail_component_html,gamma-ancestor,d,Text Content Modification,NA,no-text-content,-
auto-card-detail-detail-tags-label,x-test-detail-tags-label,card_detail_component_html,gamma-ancestor,e,Text Content Removal,NA,no-text-content,-
auto-card-detail-detail-tags-label,x-test-detail-tags-label,card_detail_component_html,gamma-ancestor,a,Attribute Value Modification,REJECTED,duplicate,-
auto-card-detail-detail-tags-label,x-test-detail-tags-label,card_detail_component_html,gamma-ancestor,b,Attribute Removal,REJECTED,duplicate,-
auto-card-detail-detail-tags-label,x-test-detail-tags-label,card_detail_component_html,gamma-ancestor,c,Attribute Identifier Modification,REJECTED,duplicate,-
auto-card-detail-detail-tags-label,x-test-detail-tags-label,card_detail_component_html,gamma-ancestor,i,HTML Tag Removal,REJECTED,duplicate,-
auto-card-detail-detail-tags-label,x-test-detail-tags-label,card_detail_component_html,gamma-ancestor,j,HTML Tag Type Modification,REJECTED,duplicate,-
auto-card-detail-detail-tags-label,x-test-detail-tags-label,card_detail_component_html,gamma-ancestor,k,HTML Tag Insertion,REJECTED,duplicate,-
auto-card-detail-detail-tags-label,x-test-detail-tags-label,card_detail_component_html,delta-sibling,i,HTML Tag Removal,NA,would-drop-x-test,-
auto-card-detail-detail-tags-label,x-test-detail-tags-label,card_detail_component_html,delta-sibling,a,Attribute Value Modification,REJECTED,duplicate,-
auto-card-detail-detail-tags-label,x-test-detail-tags-label,card_detail_component_html,delta-sibling,b,Attribute Removal,REJECTED,duplicate,-
auto-card-detail-detail-tags-label,x-test-detail-tags-label,card_detail_component_html,delta-sibling,c,Attribute Identifier Modification,REJECTED,duplicate,-
auto-card-detail-detail-tags-label,x-test-detail-tags-label,card_detail_component_html,delta-sibling,d,Text Content Modification,REJECTED,duplicate,-
auto-card-detail-detail-tags-label,x-test-detail-tags-label,card_detail_component_html,delta-sibling,e,Text Content Removal,REJECTED,duplicate,-
auto-card-detail-detail-tags-label,x-test-detail-tags-label,card_detail_component_html,delta-sibling,j,HTML Tag Type Modification,REJECTED,duplicate,-
auto-card-detail-detail-tags-label,x-test-detail-tags-label,card_detail_component_html,delta-sibling,k,HTML Tag Insertion,REJECTED,duplicate,-
auto-card-detail-detail-tags-label,x-test-detail-tags-label,card_detail_component_html,epsilon-component,d,Text Content Modification,NA,no-text-content,-
auto-card-detail-detail-tags-label,x-test-detail-tags-label,card_detail_component_html,epsilon-component,e,Text Content Removal,NA,no-text-content,-
auto-card-detail-detail-tags-label,x-test-detail-tags-label,card_detail_component_html,epsilon-component,a,Attribute Value Modification,REJECTED,duplicate,-
auto-card-detail-detail-tags-label,x-test-detail-tags-label,card_detail_component_html,epsilon-component,b,Attribute Removal,REJECTED,duplicate,-
auto-card-detail-detail-tags-label,x-test-detail-tags-label,card_detail_component_html,epsilon-component,c,Attribute Identifier Modification,REJECTED,duplicate,-
auto-card-detail-detail-tags-label,x-test-detail-tags-label,card_detail_component_html,epsilon-component,i,HTML Tag Removal,REJECTED,duplicate,-
auto-card-detail-detail-tags-label,x-test-detail-tags-label,card_detail_component_html,epsilon-component,j,HTML Tag Type Modification,REJECTED,duplicate,-
auto-card-detail-detail-tags-label,x-test-detail-tags-label,card_detail_component_html,epsilon-component,k,HTML Tag Insertion,REJECTED,duplicate,-
auto-card-detail-detail-no-tags,x-test-detail-no-tags,card_detail_component_html,alpha-target,i,HTML Tag Removal,NA,would-drop-x-test,-
auto-card-detail-detail-no-tags,x-test-detail-no-tags,card_detail_component_html,alpha-target,a,Attribute Value Modification,SAVED,,LLMR_card_detail_component_html_auto_card_detail_detail_no_tags_alf_a
auto-card-detail-detail-no-tags,x-test-detail-no-tags,card_detail_component_html,alpha-target,b,Attribute Removal,SAVED,,LLMR_card_detail_component_html_auto_card_detail_detail_no_tags_alf_b
auto-card-detail-detail-no-tags,x-test-detail-no-tags,card_detail_component_html,alpha-target,c,Attribute Identifier Modification,SAVED,,LLMR_card_detail_component_html_auto_card_detail_detail_no_tags_alf_c
auto-card-detail-detail-no-tags,x-test-detail-no-tags,card_detail_component_html,alpha-target,d,Text Content Modification,REJECTED,duplicate,-
auto-card-detail-detail-no-tags,x-test-detail-no-tags,card_detail_component_html,alpha-target,e,Text Content Removal,REJECTED,duplicate,-
auto-card-detail-detail-no-tags,x-test-detail-no-tags,card_detail_component_html,alpha-target,j,HTML Tag Type Modification,SAVED,,LLMR_card_detail_component_html_auto_card_detail_detail_no_tags_alf_j
auto-card-detail-detail-no-tags,x-test-detail-no-tags,card_detail_component_html,alpha-target,k,HTML Tag Insertion,SAVED,,LLMR_card_detail_component_html_auto_card_detail_detail_no_tags_alf_k
auto-card-detail-detail-no-tags,x-test-detail-no-tags,card_detail_component_html,beta-parent,i,HTML Tag Removal,NA,would-drop-x-test,-
auto-card-detail-detail-no-tags,x-test-detail-no-tags,card_detail_component_html,beta-parent,a,Attribute Value Modification,REJECTED,duplicate,-
auto-card-detail-detail-no-tags,x-test-detail-no-tags,card_detail_component_html,beta-parent,b,Attribute Removal,REJECTED,duplicate,-
auto-card-detail-detail-no-tags,x-test-detail-no-tags,card_detail_component_html,beta-parent,c,Attribute Identifier Modification,REJECTED,duplicate,-
auto-card-detail-detail-no-tags,x-test-detail-no-tags,card_detail_component_html,beta-parent,d,Text Content Modification,REJECTED,duplicate,-
auto-card-detail-detail-no-tags,x-test-detail-no-tags,card_detail_component_html,beta-parent,e,Text Content Removal,REJECTED,duplicate,-
auto-card-detail-detail-no-tags,x-test-detail-no-tags,card_detail_component_html,beta-parent,j,HTML Tag Type Modification,REJECTED,duplicate,-
auto-card-detail-detail-no-tags,x-test-detail-no-tags,card_detail_component_html,beta-parent,k,HTML Tag Insertion,REJECTED,duplicate,-
auto-card-detail-detail-no-tags,x-test-detail-no-tags,card_detail_component_html,gamma-ancestor,d,Text Content Modification,NA,no-text-content,-
auto-card-detail-detail-no-tags,x-test-detail-no-tags,card_detail_component_html,gamma-ancestor,e,Text Content Removal,NA,no-text-content,-
auto-card-detail-detail-no-tags,x-test-detail-no-tags,card_detail_component_html,gamma-ancestor,i,HTML Tag Removal,NA,would-drop-x-test,-
auto-card-detail-detail-no-tags,x-test-detail-no-tags,card_detail_component_html,gamma-ancestor,a,Attribute Value Modification,REJECTED,duplicate,-
auto-card-detail-detail-no-tags,x-test-detail-no-tags,card_detail_component_html,gamma-ancestor,b,Attribute Removal,REJECTED,duplicate,-
auto-card-detail-detail-no-tags,x-test-detail-no-tags,card_detail_component_html,gamma-ancestor,c,Attribute Identifier Modification,REJECTED,duplicate,-
auto-card-detail-detail-no-tags,x-test-detail-no-tags,card_detail_component_html,gamma-ancestor,j,HTML Tag Type Modification,REJECTED,duplicate,-
auto-card-detail-detail-no-tags,x-test-detail-no-tags,card_detail_component_html,gamma-ancestor,k,HTML Tag Insertion,REJECTED,duplicate,-
auto-card-detail-detail-no-tags,x-test-detail-no-tags,card_detail_component_html,delta-sibling,a,Attribute Value Modification,SAVED,,LLMR_card_detail_component_html_auto_card_detail_detail_no_tags_del_a
auto-card-detail-detail-no-tags,x-test-detail-no-tags,card_detail_component_html,delta-sibling,b,Attribute Removal,SAVED,,LLMR_card_detail_component_html_auto_card_detail_detail_no_tags_del_b
auto-card-detail-detail-no-tags,x-test-detail-no-tags,card_detail_component_html,delta-sibling,c,Attribute Identifier Modification,SAVED,,LLMR_card_detail_component_html_auto_card_detail_detail_no_tags_del_c
auto-card-detail-detail-no-tags,x-test-detail-no-tags,card_detail_component_html,delta-sibling,d,Text Content Modification,SAVED,,LLMR_card_detail_component_html_auto_card_detail_detail_no_tags_del_d
auto-card-detail-detail-no-tags,x-test-detail-no-tags,card_detail_component_html,delta-sibling,e,Text Content Removal,SAVED,,LLMR_card_detail_component_html_auto_card_detail_detail_no_tags_del_e
auto-card-detail-detail-no-tags,x-test-detail-no-tags,card_detail_component_html,delta-sibling,i,HTML Tag Removal,SAVED,,LLMR_card_detail_component_html_auto_card_detail_detail_no_tags_del_i
auto-card-detail-detail-no-tags,x-test-detail-no-tags,card_detail_component_html,delta-sibling,j,HTML Tag Type Modification,SAVED,,LLMR_card_detail_component_html_auto_card_detail_detail_no_tags_del_j
auto-card-detail-detail-no-tags,x-test-detail-no-tags,card_detail_component_html,delta-sibling,k,HTML Tag Insertion,SAVED,,LLMR_card_detail_component_html_auto_card_detail_detail_no_tags_del_k
auto-card-detail-detail-no-tags,x-test-detail-no-tags,card_detail_component_html,epsilon-component,d,Text Content Modification,NA,no-text-content,-
auto-card-detail-detail-no-tags,x-test-detail-no-tags,card_detail_component_html,epsilon-component,e,Text Content Removal,NA,no-text-content,-
auto-card-detail-detail-no-tags,x-test-detail-no-tags,card_detail_component_html,epsilon-component,a,Attribute Value Modification,REJECTED,duplicate,-
auto-card-detail-detail-no-tags,x-test-detail-no-tags,card_detail_component_html,epsilon-component,b,Attribute Removal,REJECTED,duplicate,-
auto-card-detail-detail-no-tags,x-test-detail-no-tags,card_detail_component_html,epsilon-component,c,Attribute Identifier Modification,REJECTED,duplicate,-
auto-card-detail-detail-no-tags,x-test-detail-no-tags,card_detail_component_html,epsilon-component,i,HTML Tag Removal,REJECTED,duplicate,-
auto-card-detail-detail-no-tags,x-test-detail-no-tags,card_detail_component_html,epsilon-component,j,HTML Tag Type Modification,REJECTED,duplicate,-
auto-card-detail-detail-no-tags,x-test-detail-no-tags,card_detail_component_html,epsilon-component,k,HTML Tag Insertion,REJECTED,duplicate,-
auto-card-detail-detail-actions,x-test-detail-actions,card_detail_component_html,alpha-target,d,Text Content Modification,NA,no-text-content,-
auto-card-detail-detail-actions,x-test-detail-actions,card_detail_component_html,alpha-target,e,Text Content Removal,NA,no-text-content,-
auto-card-detail-detail-actions,x-test-detail-actions,card_detail_component_html,alpha-target,i,HTML Tag Removal,NA,would-drop-x-test,-
auto-card-detail-detail-actions,x-test-detail-actions,card_detail_component_html,alpha-target,a,Attribute Value Modification,REJECTED,duplicate,-
auto-card-detail-detail-actions,x-test-detail-actions,card_detail_component_html,alpha-target,b,Attribute Removal,REJECTED,duplicate,-
auto-card-detail-detail-actions,x-test-detail-actions,card_detail_component_html,alpha-target,c,Attribute Identifier Modification,REJECTED,duplicate,-
auto-card-detail-detail-actions,x-test-detail-actions,card_detail_component_html,alpha-target,j,HTML Tag Type Modification,REJECTED,duplicate,-
auto-card-detail-detail-actions,x-test-detail-actions,card_detail_component_html,alpha-target,k,HTML Tag Insertion,REJECTED,duplicate,-
auto-card-detail-detail-actions,x-test-detail-actions,card_detail_component_html,beta-parent,d,Text Content Modification,NA,no-text-content,-
auto-card-detail-detail-actions,x-test-detail-actions,card_detail_component_html,beta-parent,e,Text Content Removal,NA,no-text-content,-
auto-card-detail-detail-actions,x-test-detail-actions,card_detail_component_html,beta-parent,i,HTML Tag Removal,NA,would-drop-x-test,-
auto-card-detail-detail-actions,x-test-detail-actions,card_detail_component_html,beta-parent,a,Attribute Value Modification,REJECTED,duplicate,-
auto-card-detail-detail-actions,x-test-detail-actions,card_detail_component_html,beta-parent,b,Attribute Removal,REJECTED,duplicate,-
auto-card-detail-detail-actions,x-test-detail-actions,card_detail_component_html,beta-parent,c,Attribute Identifier Modification,REJECTED,duplicate,-
auto-card-detail-detail-actions,x-test-detail-actions,card_detail_component_html,beta-parent,j,HTML Tag Type Modification,REJECTED,duplicate,-
auto-card-detail-detail-actions,x-test-detail-actions,card_detail_component_html,beta-parent,k,HTML Tag Insertion,REJECTED,duplicate,-
auto-card-detail-detail-actions,x-test-detail-actions,card_detail_component_html,gamma-ancestor,i,HTML Tag Removal,NA,root-element,-
auto-card-detail-detail-actions,x-test-detail-actions,card_detail_component_html,gamma-ancestor,a,Attribute Value Modification,REJECTED,duplicate,-
auto-card-detail-detail-actions,x-test-detail-actions,card_detail_component_html,gamma-ancestor,b,Attribute Removal,REJECTED,duplicate,-
auto-card-detail-detail-actions,x-test-detail-actions,card_detail_component_html,gamma-ancestor,c,Attribute Identifier Modification,REJECTED,duplicate,-
auto-card-detail-detail-actions,x-test-detail-actions,card_detail_component_html,gamma-ancestor,d,Text Content Modification,REJECTED,duplicate,-
auto-card-detail-detail-actions,x-test-detail-actions,card_detail_component_html,gamma-ancestor,e,Text Content Removal,REJECTED,duplicate,-
auto-card-detail-detail-actions,x-test-detail-actions,card_detail_component_html,gamma-ancestor,j,HTML Tag Type Modification,REJECTED,duplicate,-
auto-card-detail-detail-actions,x-test-detail-actions,card_detail_component_html,gamma-ancestor,k,HTML Tag Insertion,REJECTED,duplicate,-
auto-card-detail-detail-actions,x-test-detail-actions,card_detail_component_html,delta-sibling,d,Text Content Modification,NA,no-text-content,-
auto-card-detail-detail-actions,x-test-detail-actions,card_detail_component_html,delta-sibling,e,Text Content Removal,NA,no-text-content,-
auto-card-detail-detail-actions,x-test-detail-actions,card_detail_component_html,delta-sibling,a,Attribute Value Modification,REJECTED,duplicate,-
auto-card-detail-detail-actions,x-test-detail-actions,card_detail_component_html,delta-sibling,b,Attribute Removal,REJECTED,duplicate,-
auto-card-detail-detail-actions,x-test-detail-actions,card_detail_component_html,delta-sibling,c,Attribute Identifier Modification,REJECTED,duplicate,-
auto-card-detail-detail-actions,x-test-detail-actions,card_detail_component_html,delta-sibling,i,HTML Tag Removal,REJECTED,duplicate,-
auto-card-detail-detail-actions,x-test-detail-actions,card_detail_component_html,delta-sibling,j,HTML Tag Type Modification,REJECTED,duplicate,-
auto-card-detail-detail-actions,x-test-detail-actions,card_detail_component_html,delta-sibling,k,HTML Tag Insertion,REJECTED,duplicate,-
auto-card-detail-detail-actions,x-test-detail-actions,card_detail_component_html,epsilon-component,a,Attribute Value Modification,NA,no-such-role,-
auto-card-detail-detail-actions,x-test-detail-actions,card_detail_component_html,epsilon-component,b,Attribute Removal,NA,no-such-role,-
auto-card-detail-detail-actions,x-test-detail-actions,card_detail_component_html,epsilon-component,c,Attribute Identifier Modification,NA,no-such-role,-
auto-card-detail-detail-actions,x-test-detail-actions,card_detail_component_html,epsilon-component,d,Text Content Modification,NA,no-such-role,-
auto-card-detail-detail-actions,x-test-detail-actions,card_detail_component_html,epsilon-component,e,Text Content Removal,NA,no-such-role,-
auto-card-detail-detail-actions,x-test-detail-actions,card_detail_component_html,epsilon-component,i,HTML Tag Removal,NA,no-such-role,-
auto-card-detail-detail-actions,x-test-detail-actions,card_detail_component_html,epsilon-component,j,HTML Tag Type Modification,NA,no-such-role,-
auto-card-detail-detail-actions,x-test-detail-actions,card_detail_component_html,epsilon-component,k,HTML Tag Insertion,NA,no-such-role,-
auto-card-detail-detail-not-found,x-test-detail-not-found,card_detail_component_html,alpha-target,d,Text Content Modification,NA,no-text-content,-
auto-card-detail-detail-not-found,x-test-detail-not-found,card_detail_component_html,alpha-target,e,Text Content Removal,NA,no-text-content,-
auto-card-detail-detail-not-found,x-test-detail-not-found,card_detail_component_html,alpha-target,i,HTML Tag Removal,NA,would-drop-x-test,-
auto-card-detail-detail-not-found,x-test-detail-not-found,card_detail_component_html,alpha-target,a,Attribute Value Modification,REJECTED,duplicate,-
auto-card-detail-detail-not-found,x-test-detail-not-found,card_detail_component_html,alpha-target,b,Attribute Removal,REJECTED,duplicate,-
auto-card-detail-detail-not-found,x-test-detail-not-found,card_detail_component_html,alpha-target,c,Attribute Identifier Modification,REJECTED,duplicate,-
auto-card-detail-detail-not-found,x-test-detail-not-found,card_detail_component_html,alpha-target,j,HTML Tag Type Modification,REJECTED,duplicate,-
auto-card-detail-detail-not-found,x-test-detail-not-found,card_detail_component_html,alpha-target,k,HTML Tag Insertion,REJECTED,duplicate,-
auto-card-detail-detail-not-found,x-test-detail-not-found,card_detail_component_html,beta-parent,i,HTML Tag Removal,NA,root-element,-
auto-card-detail-detail-not-found,x-test-detail-not-found,card_detail_component_html,beta-parent,a,Attribute Value Modification,REJECTED,duplicate,-
auto-card-detail-detail-not-found,x-test-detail-not-found,card_detail_component_html,beta-parent,b,Attribute Removal,REJECTED,duplicate,-
auto-card-detail-detail-not-found,x-test-detail-not-found,card_detail_component_html,beta-parent,c,Attribute Identifier Modification,REJECTED,duplicate,-
auto-card-detail-detail-not-found,x-test-detail-not-found,card_detail_component_html,beta-parent,d,Text Content Modification,REJECTED,duplicate,-
auto-card-detail-detail-not-found,x-test-detail-not-found,card_detail_component_html,beta-parent,e,Text Content Removal,REJECTED,duplicate,-
auto-card-detail-detail-not-found,x-test-detail-not-found,card_detail_component_html,beta-parent,j,HTML Tag Type Modification,REJECTED,duplicate,-
auto-card-detail-detail-not-found,x-test-detail-not-found,card_detail_component_html,beta-parent,k,HTML Tag Insertion,REJECTED,duplicate,-
auto-card-detail-detail-not-found,x-test-detail-not-found,card_detail_component_html,gamma-ancestor,a,Attribute Value Modification,NA,no-such-role,-
auto-card-detail-detail-not-found,x-test-detail-not-found,card_detail_component_html,gamma-ancestor,b,Attribute Removal,NA,no-such-role,-
auto-card-detail-detail-not-found,x-test-detail-not-found,card_detail_component_html,gamma-ancestor,c,Attribute Identifier Modification,NA,no-such-role,-
auto-card-detail-detail-not-found,x-test-detail-not-found,card_detail_component_html,gamma-ancestor,d,Text Content Modification,NA,no-such-role,-
auto-card-detail-detail-not-found,x-test-detail-not-found,card_detail_component_html,gamma-ancestor,e,Text Content Removal,NA,no-such-role,-
auto-card-detail-detail-not-found,x-test-detail-not-found,card_detail_component_html,gamma-ancestor,i,HTML Tag Removal,NA,no-such-role,-
auto-card-detail-detail-not-found,x-test-detail-not-found,card_detail_component_html,gamma-ancestor,j,HTML Tag Type Modification,NA,no-such-role,-
auto-card-detail-detail-not-found,x-test-detail-not-found,card_detail_component_html,gamma-ancestor,k,HTML Tag Insertion,NA,no-such-role,-
auto-card-detail-detail-not-found,x-test-detail-not-found,card_detail_component_html,delta-sibling,d,Text Content Modification,NA,no-text-content,-
auto-card-detail-detail-not-found,x-test-detail-not-found,card_detail_component_html,delta-sibling,e,Text Content Removal,NA,no-text-content,-
auto-card-detail-detail-not-found,x-test-detail-not-found,card_detail_component_html,delta-sibling,i,HTML Tag Removal,NA,would-drop-x-test,-
auto-card-detail-detail-not-found,x-test-detail-not-found,card_detail_component_html,delta-sibling,a,Attribute Value Modification,REJECTED,duplicate,-
auto-card-detail-detail-not-found,x-test-detail-not-found,card_detail_component_html,delta-sibling,b,Attribute Removal,REJECTED,duplicate,-
auto-card-detail-detail-not-found,x-test-detail-not-found,card_detail_component_html,delta-sibling,c,Attribute Identifier Modification,REJECTED,duplicate,-
auto-card-detail-detail-not-found,x-test-detail-not-found,card_detail_component_html,delta-sibling,j,HTML Tag Type Modification,REJECTED,duplicate,-
auto-card-detail-detail-not-found,x-test-detail-not-found,card_detail_component_html,delta-sibling,k,HTML Tag Insertion,REJECTED,duplicate,-
auto-card-detail-detail-not-found,x-test-detail-not-found,card_detail_component_html,epsilon-component,a,Attribute Value Modification,NA,no-such-role,-
auto-card-detail-detail-not-found,x-test-detail-not-found,card_detail_component_html,epsilon-component,b,Attribute Removal,NA,no-such-role,-
auto-card-detail-detail-not-found,x-test-detail-not-found,card_detail_component_html,epsilon-component,c,Attribute Identifier Modification,NA,no-such-role,-
auto-card-detail-detail-not-found,x-test-detail-not-found,card_detail_component_html,epsilon-component,d,Text Content Modification,NA,no-such-role,-
auto-card-detail-detail-not-found,x-test-detail-not-found,card_detail_component_html,epsilon-component,e,Text Content Removal,NA,no-such-role,-
auto-card-detail-detail-not-found,x-test-detail-not-found,card_detail_component_html,epsilon-component,i,HTML Tag Removal,NA,no-such-role,-
auto-card-detail-detail-not-found,x-test-detail-not-found,card_detail_component_html,epsilon-component,j,HTML Tag Type Modification,NA,no-such-role,-
auto-card-detail-detail-not-found,x-test-detail-not-found,card_detail_component_html,epsilon-component,k,HTML Tag Insertion,NA,no-such-role,-
auto-card-detail-detail-not-found-message,x-test-detail-not-found-message,card_detail_component_html,alpha-target,i,HTML Tag Removal,NA,would-drop-x-test,-
auto-card-detail-detail-not-found-message,x-test-detail-not-found-message,card_detail_component_html,alpha-target,a,Attribute Value Modification,SAVED,,LLMR_card_detail_component_html_auto_card_detail_detail_not_found_message_alf_a
auto-card-detail-detail-not-found-message,x-test-detail-not-found-message,card_detail_component_html,alpha-target,b,Attribute Removal,SAVED,,LLMR_card_detail_component_html_auto_card_detail_detail_not_found_message_alf_b
auto-card-detail-detail-not-found-message,x-test-detail-not-found-message,card_detail_component_html,alpha-target,c,Attribute Identifier Modification,SAVED,,LLMR_card_detail_component_html_auto_card_detail_detail_not_found_message_alf_c
auto-card-detail-detail-not-found-message,x-test-detail-not-found-message,card_detail_component_html,alpha-target,d,Text Content Modification,SAVED,,LLMR_card_detail_component_html_auto_card_detail_detail_not_found_message_alf_d
auto-card-detail-detail-not-found-message,x-test-detail-not-found-message,card_detail_component_html,alpha-target,e,Text Content Removal,SAVED,,LLMR_card_detail_component_html_auto_card_detail_detail_not_found_message_alf_e
auto-card-detail-detail-not-found-message,x-test-detail-not-found-message,card_detail_component_html,alpha-target,j,HTML Tag Type Modification,SAVED,,LLMR_card_detail_component_html_auto_card_detail_detail_not_found_message_alf_j
auto-card-detail-detail-not-found-message,x-test-detail-not-found-message,card_detail_component_html,alpha-target,k,HTML Tag Insertion,SAVED,,LLMR_card_detail_component_html_auto_card_detail_detail_not_found_message_alf_k
auto-card-detail-detail-not-found-message,x-test-detail-not-found-message,card_detail_component_html,beta-parent,d,Text Content Modification,NA,no-text-content,-
auto-card-detail-detail-not-found-message,x-test-detail-not-found-message,card_detail_component_html,beta-parent,e,Text Content Removal,NA,no-text-content,-
auto-card-detail-detail-not-found-message,x-test-detail-not-found-message,card_detail_component_html,beta-parent,i,HTML Tag Removal,NA,would-drop-x-test,-
auto-card-detail-detail-not-found-message,x-test-detail-not-found-message,card_detail_component_html,beta-parent,a,Attribute Value Modification,REJECTED,duplicate,-
auto-card-detail-detail-not-found-message,x-test-detail-not-found-message,card_detail_component_html,beta-parent,b,Attribute Removal,REJECTED,duplicate,-
auto-card-detail-detail-not-found-message,x-test-detail-not-found-message,card_detail_component_html,beta-parent,c,Attribute Identifier Modification,REJECTED,duplicate,-
auto-card-detail-detail-not-found-message,x-test-detail-not-found-message,card_detail_component_html,beta-parent,j,HTML Tag Type Modification,REJECTED,duplicate,-
auto-card-detail-detail-not-found-message,x-test-detail-not-found-message,card_detail_component_html,beta-parent,k,HTML Tag Insertion,REJECTED,duplicate,-
auto-card-detail-detail-not-found-message,x-test-detail-not-found-message,card_detail_component_html,gamma-ancestor,i,HTML Tag Removal,NA,root-element,-
auto-card-detail-detail-not-found-message,x-test-detail-not-found-message,card_detail_component_html,gamma-ancestor,a,Attribute Value Modification,REJECTED,duplicate,-
auto-card-detail-detail-not-found-message,x-test-detail-not-found-message,card_detail_component_html,gamma-ancestor,b,Attribute Removal,REJECTED,duplicate,-
auto-card-detail-detail-not-found-message,x-test-detail-not-found-message,card_detail_component_html,gamma-ancestor,c,Attribute Identifier Modification,REJECTED,duplicate,-
auto-card-detail-detail-not-found-message,x-test-detail-not-found-message,card_detail_component_html,gamma-ancestor,d,Text Content Modification,REJECTED,duplicate,-
auto-card-detail-detail-not-found-message,x-test-detail-not-found-message,card_detail_component_html,gamma-ancestor,e,Text Content Removal,REJECTED,duplicate,-
auto-card-detail-detail-not-found-message,x-test-detail-not-found-message,card_detail_component_html,gamma-ancestor,j,HTML Tag Type Modification,REJECTED,duplicate,-
auto-card-detail-detail-not-found-message,x-test-detail-not-found-message,card_detail_component_html,gamma-ancestor,k,HTML Tag Insertion,REJECTED,duplicate,-
auto-card-detail-detail-not-found-message,x-test-detail-not-found-message,card_detail_component_html,delta-sibling,i,HTML Tag Removal,NA,would-drop-x-test,-
auto-card-detail-detail-not-found-message,x-test-detail-not-found-message,card_detail_component_html,delta-sibling,a,Attribute Value Modification,SAVED,,LLMR_card_detail_component_html_auto_card_detail_detail_not_found_message_del_a
auto-card-detail-detail-not-found-message,x-test-detail-not-found-message,card_detail_component_html,delta-sibling,b,Attribute Removal,SAVED,,LLMR_card_detail_component_html_auto_card_detail_detail_not_found_message_del_b
auto-card-detail-detail-not-found-message,x-test-detail-not-found-message,card_detail_component_html,delta-sibling,c,Attribute Identifier Modification,SAVED,,LLMR_card_detail_component_html_auto_card_detail_detail_not_found_message_del_c
auto-card-detail-detail-not-found-message,x-test-detail-not-found-message,card_detail_component_html,delta-sibling,d,Text Content Modification,SAVED,,LLMR_card_detail_component_html_auto_card_detail_detail_not_found_message_del_d
auto-card-detail-detail-not-found-message,x-test-detail-not-found-message,card_detail_component_html,delta-sibling,e,Text Content Removal,SAVED,,LLMR_card_detail_component_html_auto_card_detail_detail_not_found_message_del_e
auto-card-detail-detail-not-found-message,x-test-detail-not-found-message,card_detail_component_html,delta-sibling,j,HTML Tag Type Modification,SAVED,,LLMR_card_detail_component_html_auto_card_detail_detail_not_found_message_del_j
auto-card-detail-detail-not-found-message,x-test-detail-not-found-message,card_detail_component_html,delta-sibling,k,HTML Tag Insertion,SAVED,,LLMR_card_detail_component_html_auto_card_detail_detail_not_found_message_del_k
auto-card-detail-detail-not-found-message,x-test-detail-not-found-message,card_detail_component_html,epsilon-component,a,Attribute Value Modification,NA,no-such-role,-
auto-card-detail-detail-not-found-message,x-test-detail-not-found-message,card_detail_component_html,epsilon-component,b,Attribute Removal,NA,no-such-role,-
auto-card-detail-detail-not-found-message,x-test-detail-not-found-message,card_detail_component_html,epsilon-component,c,Attribute Identifier Modification,NA,no-such-role,-
auto-card-detail-detail-not-found-message,x-test-detail-not-found-message,card_detail_component_html,epsilon-component,d,Text Content Modification,NA,no-such-role,-
auto-card-detail-detail-not-found-message,x-test-detail-not-found-message,card_detail_component_html,epsilon-component,e,Text Content Removal,NA,no-such-role,-
auto-card-detail-detail-not-found-message,x-test-detail-not-found-message,card_detail_component_html,epsilon-component,i,HTML Tag Removal,NA,no-such-role,-
auto-card-detail-detail-not-found-message,x-test-detail-not-found-message,card_detail_component_html,epsilon-component,j,HTML Tag Type Modification,NA,no-such-role,-
auto-card-detail-detail-not-found-message,x-test-detail-not-found-message,card_detail_component_html,epsilon-component,k,HTML Tag Insertion,NA,no-such-role,-
auto-card-detail-detail-not-found-back,x-test-detail-not-found-back,card_detail_component_html,alpha-target,i,HTML Tag Removal,NA,would-drop-x-test,-
auto-card-detail-detail-not-found-back,x-test-detail-not-found-back,card_detail_component_html,alpha-target,a,Attribute Value Modification,REJECTED,duplicate,-
auto-card-detail-detail-not-found-back,x-test-detail-not-found-back,card_detail_component_html,alpha-target,b,Attribute Removal,REJECTED,duplicate,-
auto-card-detail-detail-not-found-back,x-test-detail-not-found-back,card_detail_component_html,alpha-target,c,Attribute Identifier Modification,REJECTED,duplicate,-
auto-card-detail-detail-not-found-back,x-test-detail-not-found-back,card_detail_component_html,alpha-target,d,Text Content Modification,REJECTED,duplicate,-
auto-card-detail-detail-not-found-back,x-test-detail-not-found-back,card_detail_component_html,alpha-target,e,Text Content Removal,REJECTED,duplicate,-
auto-card-detail-detail-not-found-back,x-test-detail-not-found-back,card_detail_component_html,alpha-target,j,HTML Tag Type Modification,REJECTED,duplicate,-
auto-card-detail-detail-not-found-back,x-test-detail-not-found-back,card_detail_component_html,alpha-target,k,HTML Tag Insertion,REJECTED,duplicate,-
auto-card-detail-detail-not-found-back,x-test-detail-not-found-back,card_detail_component_html,beta-parent,d,Text Content Modification,NA,no-text-content,-
auto-card-detail-detail-not-found-back,x-test-detail-not-found-back,card_detail_component_html,beta-parent,e,Text Content Removal,NA,no-text-content,-
auto-card-detail-detail-not-found-back,x-test-detail-not-found-back,card_detail_component_html,beta-parent,i,HTML Tag Removal,NA,would-drop-x-test,-
auto-card-detail-detail-not-found-back,x-test-detail-not-found-back,card_detail_component_html,beta-parent,a,Attribute Value Modification,REJECTED,duplicate,-
auto-card-detail-detail-not-found-back,x-test-detail-not-found-back,card_detail_component_html,beta-parent,b,Attribute Removal,REJECTED,duplicate,-
auto-card-detail-detail-not-found-back,x-test-detail-not-found-back,card_detail_component_html,beta-parent,c,Attribute Identifier Modification,REJECTED,duplicate,-
auto-card-detail-detail-not-found-back,x-test-detail-not-found-back,card_detail_component_html,beta-parent,j,HTML Tag Type Modification,REJECTED,duplicate,-
auto-card-detail-detail-not-found-back,x-test-detail-not-found-back,card_detail_component_html,beta-parent,k,HTML Tag Insertion,REJECTED,duplicate,-
auto-card-detail-detail-not-found-back,x-test-detail-not-found-back,card_detail_component_html,gamma-ancestor,i,HTML Tag Removal,NA,root-element,-
auto-card-detail-detail-not-found-back,x-test-detail-not-found-back,card_detail_component_html,gamma-ancestor,a,Attribute Value Modification,REJECTED,duplicate,-
auto-card-detail-detail-not-found-back,x-test-detail-not-found-back,card_detail_component_html,gamma-ancestor,b,Attribute Removal,REJECTED,duplicate,-
auto-card-detail-detail-not-found-back,x-test-detail-not-found-back,card_detail_component_html,gamma-ancestor,c,Attribute Identifier Modification,REJECTED,duplicate,-
auto-card-detail-detail-not-found-back,x-test-detail-not-found-back,card_detail_component_html,gamma-ancestor,d,Text Content Modification,REJECTED,duplicate,-
auto-card-detail-detail-not-found-back,x-test-detail-not-found-back,card_detail_component_html,gamma-ancestor,e,Text Content Removal,REJECTED,duplicate,-
auto-card-detail-detail-not-found-back,x-test-detail-not-found-back,card_detail_component_html,gamma-ancestor,j,HTML Tag Type Modification,REJECTED,duplicate,-
auto-card-detail-detail-not-found-back,x-test-detail-not-found-back,card_detail_component_html,gamma-ancestor,k,HTML Tag Insertion,REJECTED,duplicate,-
auto-card-detail-detail-not-found-back,x-test-detail-not-found-back,card_detail_component_html,delta-sibling,i,HTML Tag Removal,NA,would-drop-x-test,-
auto-card-detail-detail-not-found-back,x-test-detail-not-found-back,card_detail_component_html,delta-sibling,a,Attribute Value Modification,REJECTED,duplicate,-
auto-card-detail-detail-not-found-back,x-test-detail-not-found-back,card_detail_component_html,delta-sibling,b,Attribute Removal,REJECTED,duplicate,-
auto-card-detail-detail-not-found-back,x-test-detail-not-found-back,card_detail_component_html,delta-sibling,c,Attribute Identifier Modification,REJECTED,duplicate,-
auto-card-detail-detail-not-found-back,x-test-detail-not-found-back,card_detail_component_html,delta-sibling,d,Text Content Modification,REJECTED,duplicate,-
auto-card-detail-detail-not-found-back,x-test-detail-not-found-back,card_detail_component_html,delta-sibling,e,Text Content Removal,REJECTED,duplicate,-
auto-card-detail-detail-not-found-back,x-test-detail-not-found-back,card_detail_component_html,delta-sibling,j,HTML Tag Type Modification,REJECTED,duplicate,-
auto-card-detail-detail-not-found-back,x-test-detail-not-found-back,card_detail_component_html,delta-sibling,k,HTML Tag Insertion,REJECTED,duplicate,-
auto-card-detail-detail-not-found-back,x-test-detail-not-found-back,card_detail_component_html,epsilon-component,a,Attribute Value Modification,NA,no-such-role,-
auto-card-detail-detail-not-found-back,x-test-detail-not-found-back,card_detail_component_html,epsilon-component,b,Attribute Removal,NA,no-such-role,-
auto-card-detail-detail-not-found-back,x-test-detail-not-found-back,card_detail_component_html,epsilon-component,c,Attribute Identifier Modification,NA,no-such-role,-
auto-card-detail-detail-not-found-back,x-test-detail-not-found-back,card_detail_component_html,epsilon-component,d,Text Content Modification,NA,no-such-role,-
auto-card-detail-detail-not-found-back,x-test-detail-not-found-back,card_detail_component_html,epsilon-component,e,Text Content Removal,NA,no-such-role,-
auto-card-detail-detail-not-found-back,x-test-detail-not-found-back,card_detail_component_html,epsilon-component,i,HTML Tag Removal,NA,no-such-role,-
auto-card-detail-detail-not-found-back,x-test-detail-not-found-back,card_detail_component_html,epsilon-component,j,HTML Tag Type Modification,NA,no-such-role,-
auto-card-detail-detail-not-found-back,x-test-detail-not-found-back,card_detail_component_html,epsilon-component,k,HTML Tag Insertion,NA,no-such-role,-
auto-stats-stats,x-test-stats,stats_component_html,alpha-target,d,Text Content Modification,NA,no-text-content,-
auto-stats-stats,x-test-stats,stats_component_html,alpha-target,e,Text Content Removal,NA,no-text-content,-
auto-stats-stats,x-test-stats,stats_component_html,alpha-target,i,HTML Tag Removal,NA,root-element,-
auto-stats-stats,x-test-stats,stats_component_html,alpha-target,a,Attribute Value Modification,REJECTED,duplicate,-
auto-stats-stats,x-test-stats,stats_component_html,alpha-target,b,Attribute Removal,REJECTED,duplicate,-
auto-stats-stats,x-test-stats,stats_component_html,alpha-target,c,Attribute Identifier Modification,REJECTED,duplicate,-
auto-stats-stats,x-test-stats,stats_component_html,alpha-target,j,HTML Tag Type Modification,REJECTED,duplicate,-
auto-stats-stats,x-test-stats,stats_component_html,alpha-target,k,HTML Tag Insertion,REJECTED,duplicate,-
auto-stats-stats,x-test-stats,stats_component_html,beta-parent,a,Attribute Value Modification,NA,boundary-element,-
auto-stats-stats,x-test-stats,stats_component_html,beta-parent,b,Attribute Removal,NA,boundary-element,-
auto-stats-stats,x-test-stats,stats_component_html,beta-parent,c,Attribute Identifier Modification,NA,boundary-element,-
auto-stats-stats,x-test-stats,stats_component_html,beta-parent,d,Text Content Modification,NA,boundary-element,-
auto-stats-stats,x-test-stats,stats_component_html,beta-parent,e,Text Content Removal,NA,boundary-element,-
auto-stats-stats,x-test-stats,stats_component_html,beta-parent,i,HTML Tag Removal,NA,boundary-element,-
auto-stats-stats,x-test-stats,stats_component_html,beta-parent,j,HTML Tag Type Modification,NA,boundary-element,-
auto-stats-stats,x-test-stats,stats_component_html,beta-parent,k,HTML Tag Insertion,NA,boundary-element,-
auto-stats-stats,x-test-stats,stats_component_html,gamma-ancestor,a,Attribute Value Modification,NA,no-such-role,-
auto-stats-stats,x-test-stats,stats_component_html,gamma-ancestor,b,Attribute Removal,NA,no-such-role,-
auto-stats-stats,x-test-stats,stats_component_html,gamma-ancestor,c,Attribute Identifier Modification,NA,no-such-role,-
auto-stats-stats,x-test-stats,stats_component_html,gamma-ancestor,d,Text Content Modification,NA,no-such-role,-
auto-stats-stats,x-test-stats,stats_component_html,gamma-ancestor,e,Text Content Removal,NA,no-such-role,-
auto-stats-stats,x-test-stats,stats_component_html,gamma-ancestor,i,HTML Tag Removal,NA,no-such-role,-
auto-stats-stats,x-test-stats,stats_component_html,gamma-ancestor,j,HTML Tag Type Modification,NA,no-such-role,-
auto-stats-stats,x-test-stats,stats_component_html,gamma-ancestor,k,HTML Tag Insertion,NA,no-such-role,-
auto-stats-stats,x-test-stats,stats_component_html,delta-sibling,a,Attribute Value Modification,NA,no-such-role,-
auto-stats-stats,x-test-stats,stats_component_html,delta-sibling,b,Attribute Removal,NA,no-such-role,-
auto-stats-stats,x-test-stats,stats_component_html,delta-sibling,c,Attribute Identifier Modification,NA,no-such-role,-
auto-stats-stats,x-test-stats,stats_component_html,delta-sibling,d,Text Content Modification,NA,no-such-role,-
auto-stats-stats,x-test-stats,stats_component_html,delta-sibling,e,Text Content Removal,NA,no-such-role,-
auto-stats-stats,x-test-stats,stats_component_html,delta-sibling,i,HTML Tag Removal,NA,no-such-role,-
auto-stats-stats,x-test-stats,stats_component_html,delta-sibling,j,HTML Tag Type Modification,NA,no-such-role,-
auto-stats-stats,x-test-stats,stats_component_html,delta-sibling,k,HTML Tag Insertion,NA,no-such-role,-
auto-stats-stats,x-test-stats,stats_component_html,epsilon-component,a,Attribute Value Modification,NA,no-such-role,-
auto-stats-stats,x-test-stats,stats_component_html,epsilon-component,b,Attribute Removal,NA,no-such-role,-
auto-stats-stats,x-test-stats,stats_component_html,epsilon-component,c,Attribute Identifier Modification,NA,no-such-role,-
auto-stats-stats,x-test-stats,stats_component_html,epsilon-component,d,Text Content Modification,NA,no-such-role,-
auto-stats-stats,x-test-stats,stats_component_html,epsilon-component,e,Text Content Removal,NA,no-such-role,-
auto-stats-stats,x-test-stats,stats_component_html,epsilon-component,i,HTML Tag Removal,NA,no-such-role,-
auto-stats-stats,x-test-stats,stats_component_html,epsilon-component,j,HTML Tag Type Modification,NA,no-such-role,-
auto-stats-stats,x-test-stats,stats_component_html,epsilon-component,k,HTML Tag Insertion,NA,no-such-role,-
auto-stats-stats-heading,x-test-stats-heading,stats_component_html,alpha-target,d,Text Content Modification,NA,no-text-content,-
auto-stats-stats-heading,x-test-stats-heading,stats_component_html,alpha-target,e,Text Content Removal,NA,no-text-content,-
auto-stats-stats-heading,x-test-stats-heading,stats_component_html,alpha-target,i,HTML Tag Removal,NA,would-drop-x-test,-
auto-stats-stats-heading,x-test-stats-heading,stats_component_html,alpha-target,a,Attribute Value Modification,REJECTED,duplicate,-
auto-stats-stats-heading,x-test-stats-heading,stats_component_html,alpha-target,b,Attribute Removal,REJECTED,duplicate,-
auto-stats-stats-heading,x-test-stats-heading,stats_component_html,alpha-target,c,Attribute Identifier Modification,REJECTED,duplicate,-
auto-stats-stats-heading,x-test-stats-heading,stats_component_html,alpha-target,j,HTML Tag Type Modification,REJECTED,duplicate,-
auto-stats-stats-heading,x-test-stats-heading,stats_component_html,alpha-target,k,HTML Tag Insertion,REJECTED,duplicate,-
auto-stats-stats-heading,x-test-stats-heading,stats_component_html,beta-parent,d,Text Content Modification,NA,no-text-content,-
auto-stats-stats-heading,x-test-stats-heading,stats_component_html,beta-parent,e,Text Content Removal,NA,no-text-content,-
auto-stats-stats-heading,x-test-stats-heading,stats_component_html,beta-parent,i,HTML Tag Removal,NA,root-element,-
auto-stats-stats-heading,x-test-stats-heading,stats_component_html,beta-parent,a,Attribute Value Modification,REJECTED,duplicate,-
auto-stats-stats-heading,x-test-stats-heading,stats_component_html,beta-parent,b,Attribute Removal,REJECTED,duplicate,-
auto-stats-stats-heading,x-test-stats-heading,stats_component_html,beta-parent,c,Attribute Identifier Modification,REJECTED,duplicate,-
auto-stats-stats-heading,x-test-stats-heading,stats_component_html,beta-parent,j,HTML Tag Type Modification,REJECTED,duplicate,-
auto-stats-stats-heading,x-test-stats-heading,stats_component_html,beta-parent,k,HTML Tag Insertion,REJECTED,duplicate,-
auto-stats-stats-heading,x-test-stats-heading,stats_component_html,gamma-ancestor,a,Attribute Value Modification,NA,no-such-role,-
auto-stats-stats-heading,x-test-stats-heading,stats_component_html,gamma-ancestor,b,Attribute Removal,NA,no-such-role,-
auto-stats-stats-heading,x-test-stats-heading,stats_component_html,gamma-ancestor,c,Attribute Identifier Modification,NA,no-such-role,-
auto-stats-stats-heading,x-test-stats-heading,stats_component_html,gamma-ancestor,d,Text Content Modification,NA,no-such-role,-
auto-stats-stats-heading,x-test-stats-heading,stats_component_html,gamma-ancestor,e,Text Content Removal,NA,no-such-role,-
auto-stats-stats-heading,x-test-stats-heading,stats_component_html,gamma-ancestor,i,HTML Tag Removal,NA,no-such-role,-
auto-stats-stats-heading,x-test-stats-heading,stats_component_html,gamma-ancestor,j,HTML Tag Type Modification,NA,no-such-role,-
auto-stats-stats-heading,x-test-stats-heading,stats_component_html,gamma-ancestor,k,HTML Tag Insertion,NA,no-such-role,-
auto-stats-stats-heading,x-test-stats-heading,stats_component_html,delta-sibling,d,Text Content Modification,NA,no-text-content,-
auto-stats-stats-heading,x-test-stats-heading,stats_component_html,delta-sibling,e,Text Content Removal,NA,no-text-content,-
auto-stats-stats-heading,x-test-stats-heading,stats_component_html,delta-sibling,i,HTML Tag Removal,NA,would-drop-x-test,-
auto-stats-stats-heading,x-test-stats-heading,stats_component_html,delta-sibling,a,Attribute Value Modification,REJECTED,duplicate,-
auto-stats-stats-heading,x-test-stats-heading,stats_component_html,delta-sibling,b,Attribute Removal,REJECTED,duplicate,-
auto-stats-stats-heading,x-test-stats-heading,stats_component_html,delta-sibling,c,Attribute Identifier Modification,REJECTED,duplicate,-
auto-stats-stats-heading,x-test-stats-heading,stats_component_html,delta-sibling,j,HTML Tag Type Modification,REJECTED,duplicate,-
auto-stats-stats-heading,x-test-stats-heading,stats_component_html,delta-sibling,k,HTML Tag Insertion,REJECTED,duplicate,-
auto-stats-stats-heading,x-test-stats-heading,stats_component_html,epsilon-component,a,Attribute Value Modification,NA,no-such-role,-
auto-stats-stats-heading,x-test-stats-heading,stats_component_html,epsilon-component,b,Attribute Removal,NA,no-such-role,-
auto-stats-stats-heading,x-test-stats-heading,stats_component_html,epsilon-component,c,Attribute Identifier Modification,NA,no-such-role,-
auto-stats-stats-heading,x-test-stats-heading,stats_component_html,epsilon-component,d,Text Content Modification,NA,no-such-role,-
auto-stats-stats-heading,x-test-stats-heading,stats_component_html,epsilon-component,e,Text Content Removal,NA,no-such-role,-
auto-stats-stats-heading,x-test-stats-heading,stats_component_html,epsilon-component,i,HTML Tag Removal,NA,no-such-role,-
auto-stats-stats-heading,x-test-stats-heading,stats_component_html,epsilon-component,j,HTML Tag Type Modification,NA,no-such-role,-
auto-stats-stats-heading,x-test-stats-heading,stats_component_html,epsilon-component,k,HTML Tag Insertion,NA,no-such-role,-
auto-stats-stats-back,x-test-stats-back,stats_component_html,alpha-target,i,HTML Tag Removal,NA,would-drop-x-test,-
auto-stats-stats-back,x-test-stats-back,stats_component_html,alpha-target,a,Attribute Value Modification,REJECTED,duplicate,-
auto-stats-stats-back,x-test-stats-back,stats_component_html,alpha-target,b,Attribute Removal,REJECTED,duplicate,-
auto-stats-stats-back,x-test-stats-back,stats_component_html,alpha-target,c,Attribute Identifier Modification,REJECTED,duplicate,-
auto-stats-stats-back,x-test-stats-back,stats_component_html,alpha-target,d,Text Content Modification,REJECTED,duplicate,-
auto-stats-stats-back,x-test-stats-back,stats_component_html,alpha-target,e,Text Content Removal,REJECTED,duplicate,-
auto-stats-stats-back,x-test-stats-back,stats_component_html,alpha-target,j,HTML Tag Type Modification,REJECTED,duplicate,-
auto-stats-stats-back,x-test-stats-back,stats_component_html,alpha-target,k,HTML Tag Insertion,SAVED,,LLMR_stats_component_html_auto_stats_stats_back_alf_k
auto-stats-stats-back,x-test-stats-back,stats_component_html,beta-parent,d,Text Content Modification,NA,no-text-content,-
auto-stats-stats-back,x-test-stats-back,stats_component_html,beta-parent,e,Text Content Removal,NA,no-text-content,-
auto-stats-stats-back,x-test-stats-back,stats_component_html,beta-parent,i,HTML Tag Removal,NA,would-drop-x-test,-
auto-stats-stats-back,x-test-stats-back,stats_component_html,beta-parent,a,Attribute Value Modification,REJECTED,duplicate,-
auto-stats-stats-back,x-test-stats-back,stats_component_html,beta-parent,b,Attribute Removal,REJECTED,duplicate,-
auto-stats-stats-back,x-test-stats-back,stats_component_html,beta-parent,c,Attribute Identifier Modification,REJECTED,duplicate,-
auto-stats-stats-back,x-test-stats-back,stats_component_html,beta-parent,j,HTML Tag Type Modification,REJECTED,duplicate,-
auto-stats-stats-back,x-test-stats-back,stats_component_html,beta-parent,k,HTML Tag Insertion,REJECTED,duplicate,-
auto-stats-stats-back,x-test-stats-back,stats_component_html,gamma-ancestor,d,Text Content Modification,NA,no-text-content,-
auto-stats-stats-back,x-test-stats-back,stats_component_html,gamma-ancestor,e,Text Content Removal,NA,no-text-content,-
auto-stats-stats-back,x-test-stats-back,stats_component_html,gamma-ancestor,i,HTML Tag Removal,NA,root-element,-
auto-stats-stats-back,x-test-stats-back,stats_component_html,gamma-ancestor,a,Attribute Value Modification,REJECTED,duplicate,-
auto-stats-stats-back,x-test-stats-back,stats_component_html,gamma-ancestor,b,Attribute Removal,REJECTED,duplicate,-
auto-stats-stats-back,x-test-stats-back,stats_component_html,gamma-ancestor,c,Attribute Identifier Modification,REJECTED,duplicate,-
auto-stats-stats-back,x-test-stats-back,stats_component_html,gamma-ancestor,j,HTML Tag Type Modification,REJECTED,duplicate,-
auto-stats-stats-back,x-test-stats-back,stats_component_html,gamma-ancestor,k,HTML Tag Insertion,REJECTED,duplicate,-
auto-stats-stats-back,x-test-stats-back,stats_component_html,delta-sibling,i,HTML Tag Removal,NA,would-drop-x-test,-
auto-stats-stats-back,x-test-stats-back,stats_component_html,delta-sibling,a,Attribute Value Modification,SAVED,,LLMR_stats_component_html_auto_stats_stats_back_del_a
auto-stats-stats-back,x-test-stats-back,stats_component_html,delta-sibling,b,Attribute Removal,REJECTED,duplicate,-
auto-stats-stats-back,x-test-stats-back,stats_component_html,delta-sibling,c,Attribute Identifier Modification,REJECTED,duplicate,-
auto-stats-stats-back,x-test-stats-back,stats_component_html,delta-sibling,d,Text Content Modification,REJECTED,duplicate,-
auto-stats-stats-back,x-test-stats-back,stats_component_html,delta-sibling,e,Text Content Removal,REJECTED,duplicate,-
auto-stats-stats-back,x-test-stats-back,stats_component_html,delta-sibling,j,HTML Tag Type Modification,REJECTED,duplicate,-
auto-stats-stats-back,x-test-stats-back,stats_component_html,delta-sibling,k,HTML Tag Insertion,REJECTED,duplicate,-
auto-stats-stats-back,x-test-stats-back,stats_component_html,epsilon-component,a,Attribute Value Modification,NA,no-such-role,-
auto-stats-stats-back,x-test-stats-back,stats_component_html,epsilon-component,b,Attribute Removal,NA,no-such-role,-
auto-stats-stats-back,x-test-stats-back,stats_component_html,epsilon-component,c,Attribute Identifier Modification,NA,no-such-role,-
auto-stats-stats-back,x-test-stats-back,stats_component_html,epsilon-component,d,Text Content Modification,NA,no-such-role,-
auto-stats-stats-back,x-test-stats-back,stats_component_html,epsilon-component,e,Text Content Removal,NA,no-such-role,-
auto-stats-stats-back,x-test-stats-back,stats_component_html,epsilon-component,i,HTML Tag Removal,NA,no-such-role,-
auto-stats-stats-back,x-test-stats-back,stats_component_html,epsilon-component,j,HTML Tag Type Modification,NA,no-such-role,-
auto-stats-stats-back,x-test-stats-back,stats_component_html,epsilon-component,k,HTML Tag Insertion,NA,no-such-role,-
auto-stats-stats-cards,x-test-stats-cards,stats_component_html,alpha-target,d,Text Content Modification,NA,no-text-content,-
auto-stats-stats-cards,x-test-stats-cards,stats_component_html,alpha-target,e,Text Content Removal,NA,no-text-content,-
auto-stats-stats-cards,x-test-stats-cards,stats_component_html,alpha-target,i,HTML Tag Removal,NA,would-drop-x-test,-
auto-stats-stats-cards,x-test-stats-cards,stats_component_html,alpha-target,a,Attribute Value Modification,REJECTED,duplicate,-
auto-stats-stats-cards,x-test-stats-cards,stats_component_html,alpha-target,b,Attribute Removal,REJECTED,duplicate,-
auto-stats-stats-cards,x-test-stats-cards,stats_component_html,alpha-target,c,Attribute Identifier Modification,REJECTED,duplicate,-
auto-stats-stats-cards,x-test-stats-cards,stats_component_html,alpha-target,j,HTML Tag Type Modification,REJECTED,duplicate,-
auto-stats-stats-cards,x-test-stats-cards,stats_component_html,alpha-target,k,HTML Tag Insertion,REJECTED,duplicate,-
auto-stats-stats-cards,x-test-stats-cards,stats_component_html,beta-parent,d,Text Content Modification,NA,no-text-content,-
auto-stats-stats-cards,x-test-stats-cards,stats_component_html,beta-parent,e,Text Content Removal,NA,no-text-content,-
auto-stats-stats-cards,x-test-stats-cards,stats_component_html,beta-parent,i,HTML Tag Removal,NA,root-element,-
auto-stats-stats-cards,x-test-stats-cards,stats_component_html,beta-parent,a,Attribute Value Modification,REJECTED,duplicate,-
auto-stats-stats-cards,x-test-stats-cards,stats_component_html,beta-parent,b,Attribute Removal,REJECTED,duplicate,-
auto-stats-stats-cards,x-test-stats-cards,stats_component_html,beta-parent,c,Attribute Identifier Modification,REJECTED,duplicate,-
auto-stats-stats-cards,x-test-stats-cards,stats_component_html,beta-parent,j,HTML Tag Type Modification,REJECTED,duplicate,-
auto-stats-stats-cards,x-test-stats-cards,stats_component_html,beta-parent,k,HTML Tag Insertion,REJECTED,duplicate,-
auto-stats-stats-cards,x-test-stats-cards,stats_component_html,gamma-ancestor,a,Attribute Value Modification,NA,no-such-role,-
auto-stats-stats-cards,x-test-stats-cards,stats_component_html,gamma-ancestor,b,Attribute Removal,NA,no-such-role,-
auto-stats-stats-cards,x-test-stats-cards,stats_component_html,gamma-ancestor,c,Attribute Identifier Modification,NA,no-such-role,-
auto-stats-stats-cards,x-test-stats-cards,stats_component_html,gamma-ancestor,d,Text Content Modification,NA,no-such-role,-
auto-stats-stats-cards,x-test-stats-cards,stats_component_html,gamma-ancestor,e,Text Content Removal,NA,no-such-role,-
auto-stats-stats-cards,x-test-stats-cards,stats_component_html,gamma-ancestor,i,HTML Tag Removal,NA,no-such-role,-
auto-stats-stats-cards,x-test-stats-cards,stats_component_html,gamma-ancestor,j,HTML Tag Type Modification,NA,no-such-role,-
auto-stats-stats-cards,x-test-stats-cards,stats_component_html,gamma-ancestor,k,HTML Tag Insertion,NA,no-such-role,-
auto-stats-stats-cards,x-test-stats-cards,stats_component_html,delta-sibling,d,Text Content Modification,NA,no-text-content,-
auto-stats-stats-cards,x-test-stats-cards,stats_component_html,delta-sibling,e,Text Content Removal,NA,no-text-content,-
auto-stats-stats-cards,x-test-stats-cards,stats_component_html,delta-sibling,i,HTML Tag Removal,NA,would-drop-x-test,-
auto-stats-stats-cards,x-test-stats-cards,stats_component_html,delta-sibling,a,Attribute Value Modification,REJECTED,duplicate,-
auto-stats-stats-cards,x-test-stats-cards,stats_component_html,delta-sibling,b,Attribute Removal,REJECTED,duplicate,-
auto-stats-stats-cards,x-test-stats-cards,stats_component_html,delta-sibling,c,Attribute Identifier Modification,REJECTED,duplicate,-
auto-stats-stats-cards,x-test-stats-cards,stats_component_html,delta-sibling,j,HTML Tag Type Modification,REJECTED,duplicate,-
auto-stats-stats-cards,x-test-stats-cards,stats_component_html,delta-sibling,k,HTML Tag Insertion,REJECTED,duplicate,-
auto-stats-stats-cards,x-test-stats-cards,stats_component_html,epsilon-component,a,Attribute Value Modification,NA,no-such-role,-
auto-stats-stats-cards,x-test-stats-cards,stats_component_html,epsilon-component,b,Attribute Removal,NA,no-such-role,-
auto-stats-stats-cards,x-test-stats-cards,stats_component_html,epsilon-component,c,Attribute Identifier Modification,NA,no-such-role,-
auto-stats-stats-cards,x-test-stats-cards,stats_component_html,epsilon-component,d,Text Content Modification,NA,no-such-role,-
auto-stats-stats-cards,x-test-stats-cards,stats_component_html,epsilon-component,e,Text Content Removal,NA,no-such-role,-
auto-stats-stats-cards,x-test-stats-cards,stats_component_html,epsilon-component,i,HTML Tag Removal,NA,no-such-role,-
auto-stats-stats-cards,x-test-stats-cards,stats_component_html,epsilon-component,j,HTML Tag Type Modification,NA,no-such-role,-
auto-stats-stats-cards,x-test-stats-cards,stats_component_html,epsilon-component,k,HTML Tag Insertion,NA,no-such-role,-
auto-stats-stat-total-card,x-test-stat-total-card,stats_component_html,alpha-target,d,Text Content Modification,NA,no-text-content,-
auto-stats-stat-total-card,x-test-stat-total-card,stats_component_html,alpha-target,e,Text Content Removal,NA,no-text-content,-
auto-stats-stat-total-card,x-test-stat-total-card,stats_component_html,alpha-target,i,HTML Tag Removal,NA,would-drop-x-test,-
auto-stats-stat-total-card,x-test-stat-total-card,stats_component_html,alpha-target,a,Attribute Value Modification,REJECTED,duplicate,-
auto-stats-stat-total-card,x-test-stat-total-card,stats_component_html,alpha-target,b,Attribute Removal,REJECTED,duplicate,-
auto-stats-stat-total-card,x-test-stat-total-card,stats_component_html,alpha-target,c,Attribute Identifier Modification,REJECTED,duplicate,-
auto-stats-stat-total-card,x-test-stat-total-card,stats_component_html,alpha-target,j,HTML Tag Type Modification,REJECTED,duplicate,-
auto-stats-stat-total-card,x-test-stat-total-card,stats_component_html,alpha-target,k,HTML Tag Insertion,REJECTED,duplicate,-
auto-stats-stat-total-card,x-test-stat-total-card,stats_component_html,beta-parent,d,Text Content Modification,NA,no-text-content,-
auto-stats-stat-total-card,x-test-stat-total-card,stats_component_html,beta-parent,e,Text Content Removal,NA,no-text-content,-
auto-stats-stat-total-card,x-test-stat-total-card,stats_component_html,beta-parent,i,HTML Tag Removal,NA,would-drop-x-test,-
auto-stats-stat-total-card,x-test-stat-total-card,stats_component_html,beta-parent,a,Attribute Value Modification,REJECTED,duplicate,-
auto-stats-stat-total-card,x-test-stat-total-card,stats_component_html,beta-parent,b,Attribute Removal,REJECTED,duplicate,-
auto-stats-stat-total-card,x-test-stat-total-card,stats_component_html,beta-parent,c,Attribute Identifier Modification,REJECTED,duplicate,-
auto-stats-stat-total-card,x-test-stat-total-card,stats_component_html,beta-parent,j,HTML Tag Type Modification,REJECTED,duplicate,-
auto-stats-stat-total-card,x-test-stat-total-card,stats_component_html,beta-parent,k,HTML Tag Insertion,REJECTED,duplicate,-
auto-stats-stat-total-card,x-test-stat-total-card,stats_component_html,gamma-ancestor,d,Text Content Modification,NA,no-text-content,-
auto-stats-stat-total-card,x-test-stat-total-card,stats_component_html,gamma-ancestor,e,Text Content Removal,NA,no-text-content,-
auto-stats-stat-total-card,x-test-stat-total-card,stats_component_html,gamma-ancestor,i,HTML Tag Removal,NA,root-element,-
auto-stats-stat-total-card,x-test-stat-total-card,stats_component_html,gamma-ancestor,a,Attribute Value Modification,REJECTED,duplicate,-
auto-stats-stat-total-card,x-test-stat-total-card,stats_component_html,gamma-ancestor,b,Attribute Removal,REJECTED,duplicate,-
auto-stats-stat-total-card,x-test-stat-total-card,stats_component_html,gamma-ancestor,c,Attribute Identifier Modification,REJECTED,duplicate,-
auto-stats-stat-total-card,x-test-stat-total-card,stats_component_html,gamma-ancestor,j,HTML Tag Type Modification,REJECTED,duplicate,-
auto-stats-stat-total-card,x-test-stat-total-card,stats_component_html,gamma-ancestor,k,HTML Tag Insertion,REJECTED,duplicate,-
auto-stats-stat-total-card,x-test-stat-total-card,stats_component_html,delta-sibling,d,Text Content Modification,NA,no-text-content,-
auto-stats-stat-total-card,x-test-stat-total-card,stats_component_html,delta-sibling,e,Text Content Removal,NA,no-text-content,-
auto-stats-stat-total-card,x-test-stat-total-card,stats_component_html,delta-sibling,i,HTML Tag Removal,NA,would-drop-x-test,-
auto-stats-stat-total-card,x-test-stat-total-card,stats_component_html,delta-sibling,a,Attribute Value Modification,REJECTED,duplicate,-
auto-stats-stat-total-card,x-test-stat-total-card,stats_component_html,delta-sibling,b,Attribute Removal,REJECTED,duplicate,-
auto-stats-stat-total-card,x-test-stat-total-card,stats_component_html,delta-sibling,c,Attribute Identifier Modification,REJECTED,duplicate,-
auto-stats-stat-total-card,x-test-stat-total-card,stats_component_html,delta-sibling,j,HTML Tag Type Modification,REJECTED,duplicate,-
auto-stats-stat-total-card,x-test-stat-total-card,stats_component_html,delta-sibling,k,HTML Tag Insertion,REJECTED,duplicate,-
auto-stats-stat-total-card,x-test-stat-total-card,stats_component_html,epsilon-component,a,Attribute Value Modification,NA,no-such-role,-
auto-stats-stat-total-card,x-test-stat-total-card,stats_component_html,epsilon-component,b,Attribute Removal,NA,no-such-role,-
auto-stats-stat-total-card,x-test-stat-total-card,stats_component_html,epsilon-component,c,Attribute Identifier Modification,NA,no-such-role,-
auto-stats-stat-total-card,x-test-stat-total-card,stats_component_html,epsilon-component,d,Text Content Modification,NA,no-such-role,-
auto-stats-stat-total-card,x-test-stat-total-card,stats_component_html,epsilon-component,e,Text Content Removal,NA,no-such-role,-
auto-stats-stat-total-card,x-test-stat-total-card,stats_component_html,epsilon-component,i,HTML Tag Removal,NA,no-such-role,-
auto-stats-stat-total-card,x-test-stat-total-card,stats_component_html,epsilon-component,j,HTML Tag Type Modification,NA,no-such-role,-
auto-stats-stat-total-card,x-test-stat-total-card,stats_component_html,epsilon-component,k,HTML Tag Insertion,NA,no-such-role,-
auto-stats-stat-total-label,x-test-stat-total-label,stats_component_html,alpha-target,i,HTML Tag Removal,NA,would-drop-x-test,-
auto-stats-stat-total-label,x-test-stat-total-label,stats_component_html,alpha-target,a,Attribute Value Modification,REJECTED,duplicate,-
auto-stats-stat-total-label,x-test-stat-total-label,stats_component_html,alpha-target,b,Attribute Removal,REJECTED,duplicate,-
auto-stats-stat-total-label,x-test-stat-total-label,stats_component_html,alpha-target,c,Attribute Identifier Modification,REJECTED,duplicate,-
auto-stats-stat-total-label,x-test-stat-total-label,stats_component_html,alpha-target,d,Text Content Modification,SAVED,,LLMR_stats_component_html_auto_stats_stat_total_label_alf_d
auto-stats-stat-total-label,x-test-stat-total-label,stats_component_html,alpha-target,e,Text Content Removal,REJECTED,duplicate,-
auto-stats-stat-total-label,x-test-stat-total-label,stats_component_html,alpha-target,j,HTML Tag Type Modification,REJECTED,duplicate,-
auto-stats-stat-total-label,x-test-stat-total-label,stats_component_html,alpha-target,k,HTML Tag Insertion,REJECTED,duplicate,-
auto-stats-stat-total-label,x-test-stat-total-label,stats_component_html,beta-parent,d,Text Content Modification,NA,no-text-content,-
auto-stats-stat-total-label,x-test-stat-total-label,stats_component_html,beta-parent,e,Text Content Removal,NA,no-text-content,-
auto-stats-stat-total-label,x-test-stat-total-label,stats_component_html,beta-parent,i,HTML Tag Removal,NA,would-drop-x-test,-
auto-stats-stat-total-label,x-test-stat-total-label,stats_component_html,beta-parent,a,Attribute Value Modification,REJECTED,duplicate,-
auto-stats-stat-total-label,x-test-stat-total-label,stats_component_html,beta-parent,b,Attribute Removal,REJECTED,duplicate,-
auto-stats-stat-total-label,x-test-stat-total-label,stats_component_html,beta-parent,c,Attribute Identifier Modification,REJECTED,duplicate,-
auto-stats-stat-total-label,x-test-stat-total-label,stats_component_html,beta-parent,j,HTML Tag Type Modification,REJECTED,duplicate,-
auto-stats-stat-total-label,x-test-stat-total-label,stats_component_html,beta-parent,k,HTML Tag Insertion,REJECTED,duplicate,-
auto-stats-stat-total-label,x-test-stat-total-label,stats_component_html,gamma-ancestor,d,Text Content Modification,NA,no-text-content,-
auto-stats-stat-total-label,x-test-stat-total-label,stats_component_html,gamma-ancestor,e,Text Content Removal,NA,no-text-content,-
auto-stats-stat-total-label,x-test-stat-total-label,stats_component_html,gamma-ancestor,i,HTML Tag Removal,NA,would-drop-x-test,-
auto-stats-stat-total-label,x-test-stat-total-label,stats_component_html,gamma-ancestor,a,Attribute Value Modification,REJECTED,duplicate,-
auto-stats-stat-total-label,x-test-stat-total-label,stats_component_html,gamma-ancestor,b,Attribute Removal,REJECTED,duplicate,-
auto-stats-stat-total-label,x-test-stat-total-label,stats_component_html,gamma-ancestor,c,Attribute Identifier Modification,REJECTED,duplicate,-
auto-stats-stat-total-label,x-test-stat-total-label,stats_component_html,gamma-ancestor,j,HTML Tag Type Modification,REJECTED,duplicate,-
auto-stats-stat-total-label,x-test-stat-total-label,stats_component_html,gamma-ancestor,k,HTML Tag Insertion,REJECTED,duplicate,-
auto-stats-stat-total-label,x-test-stat-total-label,stats_component_html,delta-sibling,i,HTML Tag Removal,NA,would-drop-x-test,-
auto-stats-stat-total-label,x-test-stat-total-label,stats_component_html,delta-sibling,a,Attribute Value Modification,SAVED,,LLMR_stats_component_html_auto_stats_stat_total_label_del_a
auto-stats-stat-total-label,x-test-stat-total-label,stats_component_html,delta-sibling,b,Attribute Removal,REJECTED,duplicate,-
auto-stats-stat-total-label,x-test-stat-total-label,stats_component_html,delta-sibling,c,Attribute Identifier Modification,REJECTED,duplicate,-
auto-stats-stat-total-label,x-test-stat-total-label,stats_component_html,delta-sibling,d,Text Content Modification,REJECTED,duplicate,-
auto-stats-stat-total-label,x-test-stat-total-label,stats_component_html,delta-sibling,e,Text Content Removal,REJECTED,duplicate,-
auto-stats-stat-total-label,x-test-stat-total-label,stats_component_html,delta-sibling,j,HTML Tag Type Modification,REJECTED,duplicate,-
auto-stats-stat-total-label,x-test-stat-total-label,stats_component_html,delta-sibling,k,HTML Tag Insertion,REJECTED,duplicate,-
auto-stats-stat-total-label,x-test-stat-total-label,stats_component_html,epsilon-component,a,Attribute Value Modification,NA,no-such-role,-
auto-stats-stat-total-label,x-test-stat-total-label,stats_component_html,epsilon-component,b,Attribute Removal,NA,no-such-role,-
auto-stats-stat-total-label,x-test-stat-total-label,stats_component_html,epsilon-component,c,Attribute Identifier Modification,NA,no-such-role,-
auto-stats-stat-total-label,x-test-stat-total-label,stats_component_html,epsilon-component,d,Text Content Modification,NA,no-such-role,-
auto-stats-stat-total-label,x-test-stat-total-label,stats_component_html,epsilon-component,e,Text Content Removal,NA,no-such-role,-
auto-stats-stat-total-label,x-test-stat-total-label,stats_component_html,epsilon-component,i,HTML Tag Removal,NA,no-such-role,-
auto-stats-stat-total-label,x-test-stat-total-label,stats_component_html,epsilon-component,j,HTML Tag Type Modification,NA,no-such-role,-
auto-stats-stat-total-label,x-test-stat-total-label,stats_component_html,epsilon-component,k,HTML Tag Insertion,NA,no-such-role,-
auto-stats-stat-backlog-card,x-test-stat-backlog-card,stats_component_html,alpha-target,d,Text Content Modification,NA,no-text-content,-
auto-stats-stat-backlog-card,x-test-stat-backlog-card,stats_component_html,alpha-target,e,Text Content Removal,NA,no-text-content,-
auto-stats-stat-backlog-card,x-test-stat-backlog-card,stats_component_html,alpha-target,i,HTML Tag Removal,NA,would-drop-x-test,-
auto-stats-stat-backlog-card,x-test-stat-backlog-card,stats_component_html,alpha-target,a,Attribute Value Modification,REJECTED,duplicate,-
auto-stats-stat-backlog-card,x-test-stat-backlog-card,stats_component_html,alpha-target,b,Attribute Removal,REJECTED,duplicate,-
auto-stats-stat-backlog-card,x-test-stat-backlog-card,stats_component_html,alpha-target,c,Attribute Identifier Modification,REJECTED,duplicate,-
auto-stats-stat-backlog-card,x-test-stat-backlog-card,stats_component_html,alpha-target,j,HTML Tag Type Modification,REJECTED,duplicate,-
auto-stats-stat-backlog-card,x-test-stat-backlog-card,stats_component_html,alpha-target,k,HTML Tag Insertion,REJECTED,duplicate,-
auto-stats-stat-backlog-card,x-test-stat-backlog-card,stats_component_html,beta-parent,d,Text Content Modification,NA,no-text-content,-
auto-stats-stat-backlog-card,x-test-stat-backlog-card,stats_component_html,beta-parent,e,Text Content Removal,NA,no-text-content,-
auto-stats-stat-backlog-card,x-test-stat-backlog-card,stats_component_html,beta-parent,i,HTML Tag Removal,NA,would-drop-x-test,-
auto-stats-stat-backlog-card,x-test-stat-backlog-card,stats_component_html,beta-parent,a,Attribute Value Modification,REJECTED,duplicate,-
auto-stats-stat-backlog-card,x-test-stat-backlog-card,stats_component_html,beta-parent,b,Attribute Removal,REJECTED,duplicate,-
auto-stats-stat-backlog-card,x-test-stat-backlog-card,stats_component_html,beta-parent,c,Attribute Identifier Modification,REJECTED,duplicate,-
auto-stats-stat-backlog-card,x-test-stat-backlog-card,stats_component_html,beta-parent,j,HTML Tag Type Modification,REJECTED,duplicate,-
auto-stats-stat-backlog-card,x-test-stat-backlog-card,stats_component_html,beta-parent,k,HTML Tag Insertion,REJECTED,duplicate,-
auto-stats-stat-backlog-card,x-test-stat-backlog-card,stats_component_html,gamma-ancestor,d,Text Content Modification,NA,no-text-content,-
auto-stats-stat-backlog-card,x-test-stat-backlog-card,stats_component_html,gamma-ancestor,e,Text Content Removal,NA,no-text-content,-
auto-stats-stat-backlog-card,x-test-stat-backlog-card,stats_component_html,gamma-ancestor,i,HTML Tag Removal,NA,root-element,-
auto-stats-stat-backlog-card,x-test-stat-backlog-card,stats_component_html,gamma-ancestor,a,Attribute Value Modification,REJECTED,duplicate,-
auto-stats-stat-backlog-card,x-test-stat-backlog-card,stats_component_html,gamma-ancestor,b,Attribute Removal,REJECTED,duplicate,-
auto-stats-stat-backlog-card,x-test-stat-backlog-card,stats_component_html,gamma-ancestor,c,Attribute Identifier Modification,REJECTED,duplicate,-
auto-stats-stat-backlog-card,x-test-stat-backlog-card,stats_component_html,gamma-ancestor,j,HTML Tag Type Modification,REJECTED,duplicate,-
auto-stats-stat-backlog-card,x-test-stat-backlog-card,stats_component_html,gamma-ancestor,k,HTML Tag Insertion,REJECTED,duplicate,-
auto-stats-stat-backlog-card,x-test-stat-backlog-card,stats_component_html,delta-sibling,d,Text Content Modification,NA,no-text-content,-
auto-stats-stat-backlog-card,x-test-stat-backlog-card,stats_component_html,delta-sibling,e,Text Content Removal,NA,no-text-content,-
auto-stats-stat-backlog-card,x-test-stat-backlog-card,stats_component_html,delta-sibling,i,HTML Tag Removal,NA,would-drop-x-test,-
auto-stats-stat-backlog-card,x-test-stat-backlog-card,stats_component_html,delta-sibling,a,Attribute Value Modification,REJECTED,duplicate,-
auto-stats-stat-backlog-card,x-test-stat-backlog-card,stats_component_html,delta-sibling,b,Attribute Removal,REJECTED,duplicate,-
auto-stats-stat-backlog-card,x-test-stat-backlog-card,stats_component_html,delta-sibling,c,Attribute Identifier Modification,REJECTED,duplicate,-
auto-stats-stat-backlog-card,x-test-stat-backlog-card,stats_component_html,delta-sibling,j,HTML Tag Type Modification,REJECTED,duplicate,-
auto-stats-stat-backlog-card,x-test-stat-backlog-card,stats_component_html,delta-sibling,k,HTML Tag Insertion,REJECTED,duplicate,-
auto-stats-stat-backlog-card,x-test-stat-backlog-card,stats_component_html,epsilon-component,a,Attribute Value Modification,NA,no-such-role,-
auto-stats-stat-backlog-card,x-test-stat-backlog-card,stats_component_html,epsilon-component,b,Attribute Removal,NA,no-such-role,-
auto-stats-stat-backlog-card,x-test-stat-backlog-card,stats_component_html,epsilon-component,c,Attribute Identifier Modification,NA,no-such-role,-
auto-stats-stat-backlog-card,x-test-stat-backlog-card,stats_component_html,epsilon-component,d,Text Content Modification,NA,no-such-role,-
auto-stats-stat-backlog-card,x-test-stat-backlog-card,stats_component_html,epsilon-component,e,Text Content Removal,NA,no-such-role,-
auto-stats-stat-backlog-card,x-test-stat-backlog-card,stats_component_html,epsilon-component,i,HTML Tag Removal,NA,no-such-role,-
auto-stats-stat-backlog-card,x-test-stat-backlog-card,stats_component_html,epsilon-component,j,HTML Tag Type Modification,NA,no-such-role,-
auto-stats-stat-backlog-card,x-test-stat-backlog-card,stats_component_html,epsilon-component,k,HTML Tag Insertion,NA,no-such-role,-
auto-stats-stat-backlog-label,x-test-stat-backlog-label,stats_component_html,alpha-target,i,HTML Tag Removal,NA,would-drop-x-test,-
auto-stats-stat-backlog-label,x-test-stat-backlog-label,stats_component_html,alpha-target,a,Attribute Value Modification,REJECTED,duplicate,-
auto-stats-stat-backlog-label,x-test-stat-backlog-label,stats_component_html,alpha-target,b,Attribute Removal,REJECTED,duplicate,-
auto-stats-stat-backlog-label,x-test-stat-backlog-label,stats_component_html,alpha-target,c,Attribute Identifier Modification,REJECTED,duplicate,-
auto-stats-stat-backlog-label,x-test-stat-backlog-label,stats_component_html,alpha-target,d,Text Content Modification,REJECTED,duplicate,-
auto-stats-stat-backlog-label,x-test-stat-backlog-label,stats_component_html,alpha-target,e,Text Content Removal,REJECTED,duplicate,-
auto-stats-stat-backlog-label,x-test-stat-backlog-label,stats_component_html,alpha-target,j,HTML Tag Type Modification,REJECTED,duplicate,-
auto-stats-stat-backlog-label,x-test-stat-backlog-label,stats_component_html,alpha-target,k,HTML Tag Insertion,REJECTED,duplicate,-
auto-stats-stat-backlog-label,x-test-stat-backlog-label,stats_component_html,beta-parent,d,Text Content Modification,NA,no-text-content,-
auto-stats-stat-backlog-label,x-test-stat-backlog-label,stats_component_html,beta-parent,e,Text Content Removal,NA,no-text-content,-
auto-stats-stat-backlog-label,x-test-stat-backlog-label,stats_component_html,beta-parent,i,HTML Tag Removal,NA,would-drop-x-test,-
auto-stats-stat-backlog-label,x-test-stat-backlog-label,stats_component_html,beta-parent,a,Attribute Value Modification,REJECTED,duplicate,-
auto-stats-stat-backlog-label,x-test-stat-backlog-label,stats_component_html,beta-parent,b,Attribute Removal,REJECTED,duplicate,-
auto-stats-stat-backlog-label,x-test-stat-backlog-label,stats_component_html,beta-parent,c,Attribute Identifier Modification,REJECTED,duplicate,-
auto-stats-stat-backlog-label,x-test-stat-backlog-label,stats_component_html,beta-parent,j,HTML Tag Type Modification,REJECTED,duplicate,-
auto-stats-stat-backlog-label,x-test-stat-backlog-label,stats_component_html,beta-parent,k,HTML Tag Insertion,REJECTED,duplicate,-
auto-stats-stat-backlog-label,x-test-stat-backlog-label,stats_component_html,gamma-ancestor,d,Text Content Modification,NA,no-text-content,-
auto-stats-stat-backlog-label,x-test-stat-backlog-label,stats_component_html,gamma-ancestor,e,Text Content Removal,NA,no-text-content,-
auto-stats-stat-backlog-label,x-test-stat-backlog-label,stats_component_html,gamma-ancestor,i,HTML Tag Removal,NA,would-drop-x-test,-
auto-stats-stat-backlog-label,x-test-stat-backlog-label,stats_component_html,gamma-ancestor,a,Attribute Value Modification,REJECTED,duplicate,-
auto-stats-stat-backlog-label,x-test-stat-backlog-label,stats_component_html,gamma-ancestor,b,Attribute Removal,REJECTED,duplicate,-
auto-stats-stat-backlog-label,x-test-stat-backlog-label,stats_component_html,gamma-ancestor,c,Attribute Identifier Modification,REJECTED,duplicate,-
auto-stats-stat-backlog-label,x-test-stat-backlog-label,stats_component_html,gamma-ancestor,j,HTML Tag Type Modification,REJECTED,duplicate,-
auto-stats-stat-backlog-label,x-test-stat-backlog-label,stats_component_html,gamma-ancestor,k,HTML Tag Insertion,REJECTED,duplicate,-
auto-stats-stat-backlog-label,x-test-stat-backlog-label,stats_component_html,delta-sibling,i,HTML Tag Removal,NA,would-drop-x-test,-
auto-stats-stat-backlog-label,x-test-stat-backlog-label,stats_component_html,delta-sibling,a,Attribute Value Modification,SAVED,,LLMR_stats_component_html_auto_stats_stat_backlog_label_del_a
auto-stats-stat-backlog-label,x-test-stat-backlog-label,stats_component_html,delta-sibling,b,Attribute Removal,REJECTED,duplicate,-
auto-stats-stat-backlog-label,x-test-stat-backlog-label,stats_component_html,delta-sibling,c,Attribute Identifier Modification,REJECTED,duplicate,-
auto-stats-stat-backlog-label,x-test-stat-backlog-label,stats_component_html,delta-sibling,d,Text Content Modification,REJECTED,duplicate,-
auto-stats-stat-backlog-label,x-test-stat-backlog-label,stats_component_html,delta-sibling,e,Text Content Removal,REJECTED,duplicate,-
auto-stats-stat-backlog-label,x-test-stat-backlog-label,stats_component_html,delta-sibling,j,HTML Tag Type Modification,REJECTED,duplicate,-
auto-stats-stat-backlog-label,x-test-stat-backlog-label,stats_component_html,delta-sibling,k,HTML Tag Insertion,REJECTED,duplicate,-
auto-stats-stat-backlog-label,x-test-stat-backlog-label,stats_component_html,epsilon-component,a,Attribute Value Modification,NA,no-such-role,-
auto-stats-stat-backlog-label,x-test-stat-backlog-label,stats_component_html,epsilon-component,b,Attribute Removal,NA,no-such-role,-
auto-stats-stat-backlog-label,x-test-stat-backlog-label,stats_component_html,epsilon-component,c,Attribute Identifier Modification,NA,no-such-role,-
auto-stats-stat-backlog-label,x-test-stat-backlog-label,stats_component_html,epsilon-component,d,Text Content Modification,NA,no-such-role,-
auto-stats-stat-backlog-label,x-test-stat-backlog-label,stats_component_html,epsilon-component,e,Text Content Removal,NA,no-such-role,-
auto-stats-stat-backlog-label,x-test-stat-backlog-label,stats_component_html,epsilon-component,i,HTML Tag Removal,NA,no-such-role,-
auto-stats-stat-backlog-label,x-test-stat-backlog-label,stats_component_html,epsilon-component,j,HTML Tag Type Modification,NA,no-such-role,-
auto-stats-stat-backlog-label,x-test-stat-backlog-label,stats_component_html,epsilon-component,k,HTML Tag Insertion,NA,no-such-role,-
auto-stats-stat-inprogress-card,x-test-stat-inprogress-card,stats_component_html,alpha-target,d,Text Content Modification,NA,no-text-content,-
auto-stats-stat-inprogress-card,x-test-stat-inprogress-card,stats_component_html,alpha-target,e,Text Content Removal,NA,no-text-content,-
auto-stats-stat-inprogress-card,x-test-stat-inprogress-card,stats_component_html,alpha-target,i,HTML Tag Removal,NA,would-drop-x-test,-
auto-stats-stat-inprogress-card,x-test-stat-inprogress-card,stats_component_html,alpha-target,a,Attribute Value Modification,REJECTED,duplicate,-
auto-stats-stat-inprogress-card,x-test-stat-inprogress-card,stats_component_html,alpha-target,b,Attribute Removal,REJECTED,duplicate,-
auto-stats-stat-inprogress-card,x-test-stat-inprogress-card,stats_component_html,alpha-target,c,Attribute Identifier Modification,REJECTED,duplicate,-
auto-stats-stat-inprogress-card,x-test-stat-inprogress-card,stats_component_html,alpha-target,j,HTML Tag Type Modification,REJECTED,duplicate,-
auto-stats-stat-inprogress-card,x-test-stat-inprogress-card,stats_component_html,alpha-target,k,HTML Tag Insertion,REJECTED,duplicate,-
auto-stats-stat-inprogress-card,x-test-stat-inprogress-card,stats_component_html,beta-parent,d,Text Content Modification,NA,no-text-content,-
auto-stats-stat-inprogress-card,x-test-stat-inprogress-card,stats_component_html,beta-parent,e,Text Content Removal,NA,no-text-content,-
auto-stats-stat-inprogress-card,x-test-stat-inprogress-card,stats_component_html,beta-parent,i,HTML Tag Removal,NA,would-drop-x-test,-
auto-stats-stat-inprogress-card,x-test-stat-inprogress-card,stats_component_html,beta-parent,a,Attribute Value Modification,REJECTED,duplicate,-
auto-stats-stat-inprogress-card,x-test-stat-inprogress-card,stats_component_html,beta-parent,b,Attribute Removal,REJECTED,duplicate,-
auto-stats-stat-inprogress-card,x-test-stat-inprogress-card,stats_component_html,beta-parent,c,Attribute Identifier Modification,REJECTED,duplicate,-
auto-stats-stat-inprogress-card,x-test-stat-inprogress-card,stats_component_html,beta-parent,j,HTML Tag Type Modification,REJECTED,duplicate,-
auto-stats-stat-inprogress-card,x-test-stat-inprogress-card,stats_component_html,beta-parent,k,HTML Tag Insertion,REJECTED,duplicate,-
auto-stats-stat-inprogress-card,x-test-stat-inprogress-card,stats_component_html,gamma-ancestor,d,Text Content Modification,NA,no-text-content,-
auto-stats-stat-inprogress-card,x-test-stat-inprogress-card,stats_component_html,gamma-ancestor,e,Text Content Removal,NA,no-text-content,-
auto-stats-stat-inprogress-card,x-test-stat-inprogress-card,stats_component_html,gamma-ancestor,i,HTML Tag Removal,NA,root-element,-
auto-stats-stat-inprogress-card,x-test-stat-inprogress-card,stats_component_html,gamma-ancestor,a,Attribute Value Modification,REJECTED,duplicate,-
auto-stats-stat-inprogress-card,x-test-stat-inprogress-card,stats_component_html,gamma-ancestor,b,Attribute Removal,REJECTED,duplicate,-
auto-stats-stat-inprogress-card,x-test-stat-inprogress-card,stats_component_html,gamma-ancestor,c,Attribute Identifier Modification,REJECTED,duplicate,-
auto-stats-stat-inprogress-card,x-test-stat-inprogress-card,stats_component_html,gamma-ancestor,j,HTML Tag Type Modification,REJECTED,duplicate,-
auto-stats-stat-inprogress-card,x-test-stat-inprogress-card,stats_component_html,gamma-ancestor,k,HTML Tag Insertion,REJECTED,duplicate,-
auto-stats-stat-inprogress-card,x-test-stat-inprogress-card,stats_component_html,delta-sibling,d,Text Content Modification,NA,no-text-content,-
auto-stats-stat-inprogress-card,x-test-stat-inprogress-card,stats_component_html,delta-sibling,e,Text Content Removal,NA,no-text-content,-
auto-stats-stat-inprogress-card,x-test-stat-inprogress-card,stats_component_html,delta-sibling,i,HTML Tag Removal,NA,would-drop-x-test,-
auto-stats-stat-inprogress-card,x-test-stat-inprogress-card,stats_component_html,delta-sibling,a,Attribute Value Modification,REJECTED,duplicate,-
auto-stats-stat-inprogress-card,x-test-stat-inprogress-card,stats_component_html,delta-sibling,b,Attribute Removal,REJECTED,duplicate,-
auto-stats-stat-inprogress-card,x-test-stat-inprogress-card,stats_component_html,delta-sibling,c,Attribute Identifier Modification,REJECTED,duplicate,-
auto-stats-stat-inprogress-card,x-test-stat-inprogress-card,stats_component_html,delta-sibling,j,HTML Tag Type Modification,REJECTED,duplicate,-
auto-stats-stat-inprogress-card,x-test-stat-inprogress-card,stats_component_html,delta-sibling,k,HTML Tag Insertion,REJECTED,duplicate,-
auto-stats-stat-inprogress-card,x-test-stat-inprogress-card,stats_component_html,epsilon-component,a,Attribute Value Modification,NA,no-such-role,-
auto-stats-stat-inprogress-card,x-test-stat-inprogress-card,stats_component_html,epsilon-component,b,Attribute Removal,NA,no-such-role,-
auto-stats-stat-inprogress-card,x-test-stat-inprogress-card,stats_component_html,epsilon-component,c,Attribute Identifier Modification,NA,no-such-role,-
auto-stats-stat-inprogress-card,x-test-stat-inprogress-card,stats_component_html,epsilon-component,d,Text Content Modification,NA,no-such-role,-
auto-stats-stat-inprogress-card,x-test-stat-inprogress-card,stats_component_html,epsilon-component,e,Text Content Removal,NA,no-such-role,-
auto-stats-stat-inprogress-card,x-test-stat-inprogress-card,stats_component_html,epsilon-component,i,HTML Tag Removal,NA,no-such-role,-
auto-stats-stat-inprogress-card,x-test-stat-inprogress-card,stats_component_html,epsilon-component,j,HTML Tag Type Modification,NA,no-such-role,-
auto-stats-stat-inprogress-card,x-test-stat-inprogress-card,stats_component_html,epsilon-component,k,HTML Tag Insertion,NA,no-such-role,-
auto-stats-stat-inprogress-label,x-test-stat-inprogress-label,stats_component_html,alpha-target,i,HTML Tag Removal,NA,would-drop-x-test,-
auto-stats-stat-inprogress-label,x-test-stat-inprogress-label,stats_component_html,alpha-target,a,Attribute Value Modification,REJECTED,duplicate,-
auto-stats-stat-inprogress-label,x-test-stat-inprogress-label,stats_component_html,alpha-target,b,Attribute Removal,REJECTED,duplicate,-
auto-stats-stat-inprogress-label,x-test-stat-inprogress-label,stats_component_html,alpha-target,c,Attribute Identifier Modification,REJECTED,duplicate,-
auto-stats-stat-inprogress-label,x-test-stat-inprogress-label,stats_component_html,alpha-target,d,Text Content Modification,REJECTED,duplicate,-
auto-stats-stat-inprogress-label,x-test-stat-inprogress-label,stats_component_html,alpha-target,e,Text Content Removal,REJECTED,duplicate,-
auto-stats-stat-inprogress-label,x-test-stat-inprogress-label,stats_component_html,alpha-target,j,HTML Tag Type Modification,REJECTED,duplicate,-
auto-stats-stat-inprogress-label,x-test-stat-inprogress-label,stats_component_html,alpha-target,k,HTML Tag Insertion,REJECTED,duplicate,-
auto-stats-stat-inprogress-label,x-test-stat-inprogress-label,stats_component_html,beta-parent,d,Text Content Modification,NA,no-text-content,-
auto-stats-stat-inprogress-label,x-test-stat-inprogress-label,stats_component_html,beta-parent,e,Text Content Removal,NA,no-text-content,-
auto-stats-stat-inprogress-label,x-test-stat-inprogress-label,stats_component_html,beta-parent,i,HTML Tag Removal,NA,would-drop-x-test,-
auto-stats-stat-inprogress-label,x-test-stat-inprogress-label,stats_component_html,beta-parent,a,Attribute Value Modification,REJECTED,duplicate,-
auto-stats-stat-inprogress-label,x-test-stat-inprogress-label,stats_component_html,beta-parent,b,Attribute Removal,REJECTED,duplicate,-
auto-stats-stat-inprogress-label,x-test-stat-inprogress-label,stats_component_html,beta-parent,c,Attribute Identifier Modification,REJECTED,duplicate,-
auto-stats-stat-inprogress-label,x-test-stat-inprogress-label,stats_component_html,beta-parent,j,HTML Tag Type Modification,REJECTED,duplicate,-
auto-stats-stat-inprogress-label,x-test-stat-inprogress-label,stats_component_html,beta-parent,k,HTML Tag Insertion,REJECTED,duplicate,-
auto-stats-stat-inprogress-label,x-test-stat-inprogress-label,stats_component_html,gamma-ancestor,d,Text Content Modification,NA,no-text-content,-
auto-stats-stat-inprogress-label,x-test-stat-inprogress-label,stats_component_html,gamma-ancestor,e,Text Content Removal,NA,no-text-content,-
auto-stats-stat-inprogress-label,x-test-stat-inprogress-label,stats_component_html,gamma-ancestor,i,HTML Tag Removal,NA,would-drop-x-test,-
auto-stats-stat-inprogress-label,x-test-stat-inprogress-label,stats_component_html,gamma-ancestor,a,Attribute Value Modification,REJECTED,duplicate,-
auto-stats-stat-inprogress-label,x-test-stat-inprogress-label,stats_component_html,gamma-ancestor,b,Attribute Removal,REJECTED,duplicate,-
auto-stats-stat-inprogress-label,x-test-stat-inprogress-label,stats_component_html,gamma-ancestor,c,Attribute Identifier Modification,REJECTED,duplicate,-
auto-stats-stat-inprogress-label,x-test-stat-inprogress-label,stats_component_html,gamma-ancestor,j,HTML Tag Type Modification,REJECTED,duplicate,-
auto-stats-stat-inprogress-label,x-test-stat-inprogress-label,stats_component_html,gamma-ancestor,k,HTML Tag Insertion,REJECTED,duplicate,-
auto-stats-stat-inprogress-label,x-test-stat-inprogress-label,stats_component_html,delta-sibling,i,HTML Tag Removal,NA,would-drop-x-test,-
auto-stats-stat-inprogress-label,x-test-stat-inprogress-label,stats_component_html,delta-sibling,a,Attribute Value Modification,SAVED,,LLMR_stats_component_html_auto_stats_stat_inprogress_label_del_a
auto-stats-stat-inprogress-label,x-test-stat-inprogress-label,stats_component_html,delta-sibling,b,Attribute Removal,REJECTED,duplicate,-
auto-stats-stat-inprogress-label,x-test-stat-inprogress-label,stats_component_html,delta-sibling,c,Attribute Identifier Modification,REJECTED,duplicate,-
auto-stats-stat-inprogress-label,x-test-stat-inprogress-label,stats_component_html,delta-sibling,d,Text Content Modification,REJECTED,duplicate,-
auto-stats-stat-inprogress-label,x-test-stat-inprogress-label,stats_component_html,delta-sibling,e,Text Content Removal,REJECTED,duplicate,-
auto-stats-stat-inprogress-label,x-test-stat-inprogress-label,stats_component_html,delta-sibling,j,HTML Tag Type Modification,REJECTED,duplicate,-
auto-stats-stat-inprogress-label,x-test-stat-inprogress-label,stats_component_html,delta-sibling,k,HTML Tag Insertion,REJECTED,duplicate,-
auto-stats-stat-inprogress-label,x-test-stat-inprogress-label,stats_component_html,epsilon-component,a,Attribute Value Modification,NA,no-such-role,-
auto-stats-stat-inprogress-label,x-test-stat-inprogress-label,stats_component_html,epsilon-component,b,Attribute Removal,NA,no-such-role,-
auto-stats-stat-inprogress-label,x-test-stat-inprogress-label,stats_component_html,epsilon-component,c,Attribute Identifier Modification,NA,no-such-role,-
auto-stats-stat-inprogress-label,x-test-stat-inprogress-label,stats_component_html,epsilon-component,d,Text Content Modification,NA,no-such-role,-
auto-stats-stat-inprogress-label,x-test-stat-inprogress-label,stats_component_html,epsilon-component,e,Text Content Removal,NA,no-such-role,-
auto-stats-stat-inprogress-label,x-test-stat-inprogress-label,stats_component_html,epsilon-component,i,HTML Tag Removal,NA,no-such-role,-
auto-stats-stat-inprogress-label,x-test-stat-inprogress-label,stats_component_html,epsilon-component,j,HTML Tag Type Modification,NA,no-such-role,-
auto-stats-stat-inprogress-label,x-test-stat-inprogress-label,stats_component_html,epsilon-component,k,HTML Tag Insertion,NA,no-such-role,-
auto-stats-stat-review-card,x-test-stat-review-card,stats_component_html,alpha-target,d,Text Content Modification,NA,no-text-content,-
auto-stats-stat-review-card,x-test-stat-review-card,stats_component_html,alpha-target,e,Text Content Removal,NA,no-text-content,-
auto-stats-stat-review-card,x-test-stat-review-card,stats_component_html,alpha-target,i,HTML Tag Removal,NA,would-drop-x-test,-
auto-stats-stat-review-card,x-test-stat-review-card,stats_component_html,alpha-target,a,Attribute Value Modification,REJECTED,duplicate,-
auto-stats-stat-review-card,x-test-stat-review-card,stats_component_html,alpha-target,b,Attribute Removal,REJECTED,duplicate,-
auto-stats-stat-review-card,x-test-stat-review-card,stats_component_html,alpha-target,c,Attribute Identifier Modification,REJECTED,duplicate,-
auto-stats-stat-review-card,x-test-stat-review-card,stats_component_html,alpha-target,j,HTML Tag Type Modification,REJECTED,duplicate,-
auto-stats-stat-review-card,x-test-stat-review-card,stats_component_html,alpha-target,k,HTML Tag Insertion,REJECTED,duplicate,-
auto-stats-stat-review-card,x-test-stat-review-card,stats_component_html,beta-parent,d,Text Content Modification,NA,no-text-content,-
auto-stats-stat-review-card,x-test-stat-review-card,stats_component_html,beta-parent,e,Text Content Removal,NA,no-text-content,-
auto-stats-stat-review-card,x-test-stat-review-card,stats_component_html,beta-parent,i,HTML Tag Removal,NA,would-drop-x-test,-
auto-stats-stat-review-card,x-test-stat-review-card,stats_component_html,beta-parent,a,Attribute Value Modification,REJECTED,duplicate,-
auto-stats-stat-review-card,x-test-stat-review-card,stats_component_html,beta-parent,b,Attribute Removal,REJECTED,duplicate,-
auto-stats-stat-review-card,x-test-stat-review-card,stats_component_html,beta-parent,c,Attribute Identifier Modification,REJECTED,duplicate,-
auto-stats-stat-review-card,x-test-stat-review-card,stats_component_html,beta-parent,j,HTML Tag Type Modification,REJECTED,duplicate,-
auto-stats-stat-review-card,x-test-stat-review-card,stats_component_html,beta-parent,k,HTML Tag Insertion,REJECTED,duplicate,-
auto-stats-stat-review-card,x-test-stat-review-card,stats_component_html,gamma-ancestor,d,Text Content Modification,NA,no-text-content,-
auto-stats-stat-review-card,x-test-stat-review-card,stats_component_html,gamma-ancestor,e,Text Content Removal,NA,no-text-content,-
auto-stats-stat-review-card,x-test-stat-review-card,stats_component_html,gamma-ancestor,i,HTML Tag Removal,NA,root-element,-
auto-stats-stat-review-card,x-test-stat-review-card,stats_component_html,gamma-ancestor,a,Attribute Value Modification,REJECTED,duplicate,-
auto-stats-stat-review-card,x-test-stat-review-card,stats_component_html,gamma-ancestor,b,Attribute Removal,REJECTED,duplicate,-
auto-stats-stat-review-card,x-test-stat-review-card,stats_component_html,gamma-ancestor,c,Attribute Identifier Modification,REJECTED,duplicate,-
auto-stats-stat-review-card,x-test-stat-review-card,stats_component_html,gamma-ancestor,j,HTML Tag Type Modification,REJECTED,duplicate,-
auto-stats-stat-review-card,x-test-stat-review-card,stats_component_html,gamma-ancestor,k,HTML Tag Insertion,REJECTED,duplicate,-
auto-stats-stat-review-card,x-test-stat-review-card,stats_component_html,delta-sibling,d,Text Content Modification,NA,no-text-content,-
auto-stats-stat-review-card,x-test-stat-review-card,stats_component_html,delta-sibling,e,Text Content Removal,NA,no-text-content,-
auto-stats-stat-review-card,x-test-stat-review-card,stats_component_html,delta-sibling,i,HTML Tag Removal,NA,would-drop-x-test,-
auto-stats-stat-review-card,x-test-stat-review-card,stats_component_html,delta-sibling,a,Attribute Value Modification,REJECTED,duplicate,-
auto-stats-stat-review-card,x-test-stat-review-card,stats_component_html,delta-sibling,b,Attribute Removal,REJECTED,duplicate,-
auto-stats-stat-review-card,x-test-stat-review-card,stats_component_html,delta-sibling,c,Attribute Identifier Modification,REJECTED,duplicate,-
auto-stats-stat-review-card,x-test-stat-review-card,stats_component_html,delta-sibling,j,HTML Tag Type Modification,REJECTED,duplicate,-
auto-stats-stat-review-card,x-test-stat-review-card,stats_component_html,delta-sibling,k,HTML Tag Insertion,REJECTED,duplicate,-
auto-stats-stat-review-card,x-test-stat-review-card,stats_component_html,epsilon-component,a,Attribute Value Modification,NA,no-such-role,-
auto-stats-stat-review-card,x-test-stat-review-card,stats_component_html,epsilon-component,b,Attribute Removal,NA,no-such-role,-
auto-stats-stat-review-card,x-test-stat-review-card,stats_component_html,epsilon-component,c,Attribute Identifier Modification,NA,no-such-role,-
auto-stats-stat-review-card,x-test-stat-review-card,stats_component_html,epsilon-component,d,Text Content Modification,NA,no-such-role,-
auto-stats-stat-review-card,x-test-stat-review-card,stats_component_html,epsilon-component,e,Text Content Removal,NA,no-such-role,-
auto-stats-stat-review-card,x-test-stat-review-card,stats_component_html,epsilon-component,i,HTML Tag Removal,NA,no-such-role,-
auto-stats-stat-review-card,x-test-stat-review-card,stats_component_html,epsilon-component,j,HTML Tag Type Modification,NA,no-such-role,-
auto-stats-stat-review-card,x-test-stat-review-card,stats_component_html,epsilon-component,k,HTML Tag Insertion,NA,no-such-role,-
auto-stats-stat-review-label,x-test-stat-review-label,stats_component_html,alpha-target,i,HTML Tag Removal,NA,would-drop-x-test,-
auto-stats-stat-review-label,x-test-stat-review-label,stats_component_html,alpha-target,a,Attribute Value Modification,REJECTED,duplicate,-
auto-stats-stat-review-label,x-test-stat-review-label,stats_component_html,alpha-target,b,Attribute Removal,REJECTED,duplicate,-
auto-stats-stat-review-label,x-test-stat-review-label,stats_component_html,alpha-target,c,Attribute Identifier Modification,REJECTED,duplicate,-
auto-stats-stat-review-label,x-test-stat-review-label,stats_component_html,alpha-target,d,Text Content Modification,SAVED,,LLMR_stats_component_html_auto_stats_stat_review_label_alf_d
auto-stats-stat-review-label,x-test-stat-review-label,stats_component_html,alpha-target,e,Text Content Removal,REJECTED,duplicate,-
auto-stats-stat-review-label,x-test-stat-review-label,stats_component_html,alpha-target,j,HTML Tag Type Modification,REJECTED,duplicate,-
auto-stats-stat-review-label,x-test-stat-review-label,stats_component_html,alpha-target,k,HTML Tag Insertion,REJECTED,duplicate,-
auto-stats-stat-review-label,x-test-stat-review-label,stats_component_html,beta-parent,d,Text Content Modification,NA,no-text-content,-
auto-stats-stat-review-label,x-test-stat-review-label,stats_component_html,beta-parent,e,Text Content Removal,NA,no-text-content,-
auto-stats-stat-review-label,x-test-stat-review-label,stats_component_html,beta-parent,i,HTML Tag Removal,NA,would-drop-x-test,-
auto-stats-stat-review-label,x-test-stat-review-label,stats_component_html,beta-parent,a,Attribute Value Modification,REJECTED,duplicate,-
auto-stats-stat-review-label,x-test-stat-review-label,stats_component_html,beta-parent,b,Attribute Removal,REJECTED,duplicate,-
auto-stats-stat-review-label,x-test-stat-review-label,stats_component_html,beta-parent,c,Attribute Identifier Modification,REJECTED,duplicate,-
auto-stats-stat-review-label,x-test-stat-review-label,stats_component_html,beta-parent,j,HTML Tag Type Modification,REJECTED,duplicate,-
auto-stats-stat-review-label,x-test-stat-review-label,stats_component_html,beta-parent,k,HTML Tag Insertion,REJECTED,duplicate,-
auto-stats-stat-review-label,x-test-stat-review-label,stats_component_html,gamma-ancestor,d,Text Content Modification,NA,no-text-content,-
auto-stats-stat-review-label,x-test-stat-review-label,stats_component_html,gamma-ancestor,e,Text Content Removal,NA,no-text-content,-
auto-stats-stat-review-label,x-test-stat-review-label,stats_component_html,gamma-ancestor,i,HTML Tag Removal,NA,would-drop-x-test,-
auto-stats-stat-review-label,x-test-stat-review-label,stats_component_html,gamma-ancestor,a,Attribute Value Modification,REJECTED,duplicate,-
auto-stats-stat-review-label,x-test-stat-review-label,stats_component_html,gamma-ancestor,b,Attribute Removal,REJECTED,duplicate,-
auto-stats-stat-review-label,x-test-stat-review-label,stats_component_html,gamma-ancestor,c,Attribute Identifier Modification,REJECTED,duplicate,-
auto-stats-stat-review-label,x-test-stat-review-label,stats_component_html,gamma-ancestor,j,HTML Tag Type Modification,REJECTED,duplicate,-
auto-stats-stat-review-label,x-test-stat-review-label,stats_component_html,gamma-ancestor,k,HTML Tag Insertion,REJECTED,duplicate,-
auto-stats-stat-review-label,x-test-stat-review-label,stats_component_html,delta-sibling,i,HTML Tag Removal,NA,would-drop-x-test,-
auto-stats-stat-review-label,x-test-stat-review-label,stats_component_html,delta-sibling,a,Attribute Value Modification,SAVED,,LLMR_stats_component_html_auto_stats_stat_review_label_del_a
auto-stats-stat-review-label,x-test-stat-review-label,stats_component_html,delta-sibling,b,Attribute Removal,REJECTED,duplicate,-
auto-stats-stat-review-label,x-test-stat-review-label,stats_component_html,delta-sibling,c,Attribute Identifier Modification,REJECTED,duplicate,-
auto-stats-stat-review-label,x-test-stat-review-label,stats_component_html,delta-sibling,d,Text Content Modification,REJECTED,duplicate,-
auto-stats-stat-review-label,x-test-stat-review-label,stats_component_html,delta-sibling,e,Text Content Removal,REJECTED,duplicate,-
auto-stats-stat-review-label,x-test-stat-review-label,stats_component_html,delta-sibling,j,HTML Tag Type Modification,REJECTED,duplicate,-
auto-stats-stat-review-label,x-test-stat-review-label,stats_component_html,delta-sibling,k,HTML Tag Insertion,REJECTED,duplicate,-
auto-stats-stat-review-label,x-test-stat-review-label,stats_component_html,epsilon-component,a,Attribute Value Modification,NA,no-such-role,-
auto-stats-stat-review-label,x-test-stat-review-label,stats_component_html,epsilon-component,b,Attribute Removal,NA,no-such-role,-
auto-stats-stat-review-label,x-test-stat-review-label,stats_component_html,epsilon-component,c,Attribute Identifier Modification,NA,no-such-role,-
auto-stats-stat-review-label,x-test-stat-review-label,stats_component_html,epsilon-component,d,Text Content Modification,NA,no-such-role,-
auto-stats-stat-review-label,x-test-stat-review-label,stats_component_html,epsilon-component,e,Text Content Removal,NA,no-such-role,-
auto-stats-stat-review-label,x-test-stat-review-label,stats_component_html,epsilon-component,i,HTML Tag Removal,NA,no-such-role,-
auto-stats-stat-review-label,x-test-stat-review-label,stats_component_html,epsilon-component,j,HTML Tag Type Modification,NA,no-such-role,-
auto-stats-stat-review-label,x-test-stat-review-label,stats_component_html,epsilon-component,k,HTML Tag Insertion,NA,no-such-role,-
auto-stats-stat-done-card,x-test-stat-done-card,stats_component_html,alpha-target,d,Text Content Modification,NA,no-text-content,-
auto-stats-stat-done-card,x-test-stat-done-card,stats_component_html,alpha-target,e,Text Content Removal,NA,no-text-content,-
auto-stats-stat-done-card,x-test-stat-done-card,stats_component_html,alpha-target,i,HTML Tag Removal,NA,would-drop-x-test,-
auto-stats-stat-done-card,x-test-stat-done-card,stats_component_html,alpha-target,a,Attribute Value Modification,REJECTED,duplicate,-
auto-stats-stat-done-card,x-test-stat-done-card,stats_component_html,alpha-target,b,Attribute Removal,REJECTED,duplicate,-
auto-stats-stat-done-card,x-test-stat-done-card,stats_component_html,alpha-target,c,Attribute Identifier Modification,REJECTED,duplicate,-
auto-stats-stat-done-card,x-test-stat-done-card,stats_component_html,alpha-target,j,HTML Tag Type Modification,REJECTED,duplicate,-
auto-stats-stat-done-card,x-test-stat-done-card,stats_component_html,alpha-target,k,HTML Tag Insertion,REJECTED,duplicate,-
auto-stats-stat-done-card,x-test-stat-done-card,stats_component_html,beta-parent,d,Text Content Modification,NA,no-text-content,-
auto-stats-stat-done-card,x-test-stat-done-card,stats_component_html,beta-parent,e,Text Content Removal,NA,no-text-content,-
auto-stats-stat-done-card,x-test-stat-done-card,stats_component_html,beta-parent,i,HTML Tag Removal,NA,would-drop-x-test,-
auto-stats-stat-done-card,x-test-stat-done-card,stats_component_html,beta-parent,a,Attribute Value Modification,REJECTED,duplicate,-
auto-stats-stat-done-card,x-test-stat-done-card,stats_component_html,beta-parent,b,Attribute Removal,REJECTED,duplicate,-
auto-stats-stat-done-card,x-test-stat-done-card,stats_component_html,beta-parent,c,Attribute Identifier Modification,REJECTED,duplicate,-
auto-stats-stat-done-card,x-test-stat-done-card,stats_component_html,beta-parent,j,HTML Tag Type Modification,REJECTED,duplicate,-
auto-stats-stat-done-card,x-test-stat-done-card,stats_component_html,beta-parent,k,HTML Tag Insertion,REJECTED,duplicate,-
auto-stats-stat-done-card,x-test-stat-done-card,stats_component_html,gamma-ancestor,d,Text Content Modification,NA,no-text-content,-
auto-stats-stat-done-card,x-test-stat-done-card,stats_component_html,gamma-ancestor,e,Text Content Removal,NA,no-text-content,-
auto-stats-stat-done-card,x-test-stat-done-card,stats_component_html,gamma-ancestor,i,HTML Tag Removal,NA,root-element,-
auto-stats-stat-done-card,x-test-stat-done-card,stats_component_html,gamma-ancestor,a,Attribute Value Modification,REJECTED,duplicate,-
auto-stats-stat-done-card,x-test-stat-done-card,stats_component_html,gamma-ancestor,b,Attribute Removal,REJECTED,duplicate,-
auto-stats-stat-done-card,x-test-stat-done-card,stats_component_html,gamma-ancestor,c,Attribute Identifier Modification,REJECTED,duplicate,-
auto-stats-stat-done-card,x-test-stat-done-card,stats_component_html,gamma-ancestor,j,HTML Tag Type Modification,REJECTED,duplicate,-
auto-stats-stat-done-card,x-test-stat-done-card,stats_component_html,gamma-ancestor,k,HTML Tag Insertion,REJECTED,duplicate,-
auto-stats-stat-done-card,x-test-stat-done-card,stats_component_html,delta-sibling,d,Text Content Modification,NA,no-text-content,-
auto-stats-stat-done-card,x-test-stat-done-card,stats_component_html,delta-sibling,e,Text Content Removal,NA,no-text-content,-
auto-stats-stat-done-card,x-test-stat-done-card,stats_component_html,delta-sibling,i,HTML Tag Removal,NA,would-drop-x-test,-
auto-stats-stat-done-card,x-test-stat-done-card,stats_component_html,delta-sibling,a,Attribute Value Modification,REJECTED,duplicate,-
auto-stats-stat-done-card,x-test-stat-done-card,stats_component_html,delta-sibling,b,Attribute Removal,REJECTED,duplicate,-
auto-stats-stat-done-card,x-test-stat-done-card,stats_component_html,delta-sibling,c,Attribute Identifier Modification,REJECTED,duplicate,-
auto-stats-stat-done-card,x-test-stat-done-card,stats_component_html,delta-sibling,j,HTML Tag Type Modification,REJECTED,duplicate,-
auto-stats-stat-done-card,x-test-stat-done-card,stats_component_html,delta-sibling,k,HTML Tag Insertion,REJECTED,duplicate,-
auto-stats-stat-done-card,x-test-stat-done-card,stats_component_html,epsilon-component,a,Attribute Value Modification,NA,no-such-role,-
auto-stats-stat-done-card,x-test-stat-done-card,stats_component_html,epsilon-component,b,Attribute Removal,NA,no-such-role,-
auto-stats-stat-done-card,x-test-stat-done-card,stats_component_html,epsilon-component,c,Attribute Identifier Modification,NA,no-such-role,-
auto-stats-stat-done-card,x-test-stat-done-card,stats_component_html,epsilon-component,d,Text Content Modification,NA,no-such-role,-
auto-stats-stat-done-card,x-test-stat-done-card,stats_component_html,epsilon-component,e,Text Content Removal,NA,no-such-role,-
auto-stats-stat-done-card,x-test-stat-done-card,stats_component_html,epsilon-component,i,HTML Tag Removal,NA,no-such-role,-
auto-stats-stat-done-card,x-test-stat-done-card,stats_component_html,epsilon-component,j,HTML Tag Type Modification,NA,no-such-role,-
auto-stats-stat-done-card,x-test-stat-done-card,stats_component_html,epsilon-component,k,HTML Tag Insertion,NA,no-such-role,-
auto-stats-stat-done-label,x-test-stat-done-label,stats_component_html,alpha-target,i,HTML Tag Removal,NA,would-drop-x-test,-
auto-stats-stat-done-label,x-test-stat-done-label,stats_component_html,alpha-target,a,Attribute Value Modification,REJECTED,duplicate,-
auto-stats-stat-done-label,x-test-stat-done-label,stats_component_html,alpha-target,b,Attribute Removal,REJECTED,duplicate,-
auto-stats-stat-done-label,x-test-stat-done-label,stats_component_html,alpha-target,c,Attribute Identifier Modification,REJECTED,duplicate,-
auto-stats-stat-done-label,x-test-stat-done-label,stats_component_html,alpha-target,d,Text Content Modification,SAVED,,LLMR_stats_component_html_auto_stats_stat_done_label_alf_d
auto-stats-stat-done-label,x-test-stat-done-label,stats_component_html,alpha-target,e,Text Content Removal,REJECTED,duplicate,-
auto-stats-stat-done-label,x-test-stat-done-label,stats_component_html,alpha-target,j,HTML Tag Type Modification,REJECTED,duplicate,-
auto-stats-stat-done-label,x-test-stat-done-label,stats_component_html,alpha-target,k,HTML Tag Insertion,REJECTED,duplicate,-
auto-stats-stat-done-label,x-test-stat-done-label,stats_component_html,beta-parent,d,Text Content Modification,NA,no-text-content,-
auto-stats-stat-done-label,x-test-stat-done-label,stats_component_html,beta-parent,e,Text Content Removal,NA,no-text-content,-
auto-stats-stat-done-label,x-test-stat-done-label,stats_component_html,beta-parent,i,HTML Tag Removal,NA,would-drop-x-test,-
auto-stats-stat-done-label,x-test-stat-done-label,stats_component_html,beta-parent,a,Attribute Value Modification,REJECTED,duplicate,-
auto-stats-stat-done-label,x-test-stat-done-label,stats_component_html,beta-parent,b,Attribute Removal,REJECTED,duplicate,-
auto-stats-stat-done-label,x-test-stat-done-label,stats_component_html,beta-parent,c,Attribute Identifier Modification,REJECTED,duplicate,-
auto-stats-stat-done-label,x-test-stat-done-label,stats_component_html,beta-parent,j,HTML Tag Type Modification,REJECTED,duplicate,-
auto-stats-stat-done-label,x-test-stat-done-label,stats_component_html,beta-parent,k,HTML Tag Insertion,REJECTED,duplicate,-
auto-stats-stat-done-label,x-test-stat-done-label,stats_component_html,gamma-ancestor,d,Text Content Modification,NA,no-text-content,-
auto-stats-stat-done-label,x-test-stat-done-label,stats_component_html,gamma-ancestor,e,Text Content Removal,NA,no-text-content,-
auto-stats-stat-done-label,x-test-stat-done-label,stats_component_html,gamma-ancestor,i,HTML Tag Removal,NA,would-drop-x-test,-
auto-stats-stat-done-label,x-test-stat-done-label,stats_component_html,gamma-ancestor,a,Attribute Value Modification,REJECTED,duplicate,-
auto-stats-stat-done-label,x-test-stat-done-label,stats_component_html,gamma-ancestor,b,Attribute Removal,REJECTED,duplicate,-
auto-stats-stat-done-label,x-test-stat-done-label,stats_component_html,gamma-ancestor,c,Attribute Identifier Modification,REJECTED,duplicate,-
auto-stats-stat-done-label,x-test-stat-done-label,stats_component_html,gamma-ancestor,j,HTML Tag Type Modification,REJECTED,duplicate,-
auto-stats-stat-done-label,x-test-stat-done-label,stats_component_html,gamma-ancestor,k,HTML Tag Insertion,REJECTED,duplicate,-
auto-stats-stat-done-label,x-test-stat-done-label,stats_component_html,delta-sibling,i,HTML Tag Removal,NA,would-drop-x-test,-
auto-stats-stat-done-label,x-test-stat-done-label,stats_component_html,delta-sibling,a,Attribute Value Modification,SAVED,,LLMR_stats_component_html_auto_stats_stat_done_label_del_a
auto-stats-stat-done-label,x-test-stat-done-label,stats_component_html,delta-sibling,b,Attribute Removal,REJECTED,duplicate,-
auto-stats-stat-done-label,x-test-stat-done-label,stats_component_html,delta-sibling,c,Attribute Identifier Modification,REJECTED,duplicate,-
auto-stats-stat-done-label,x-test-stat-done-label,stats_component_html,delta-sibling,d,Text Content Modification,REJECTED,duplicate,-
auto-stats-stat-done-label,x-test-stat-done-label,stats_component_html,delta-sibling,e,Text Content Removal,REJECTED,duplicate,-
auto-stats-stat-done-label,x-test-stat-done-label,stats_component_html,delta-sibling,j,HTML Tag Type Modification,REJECTED,duplicate,-
auto-stats-stat-done-label,x-test-stat-done-label,stats_component_html,delta-sibling,k,HTML Tag Insertion,REJECTED,duplicate,-
auto-stats-stat-done-label,x-test-stat-done-label,stats_component_html,epsilon-component,a,Attribute Value Modification,NA,no-such-role,-
auto-stats-stat-done-label,x-test-stat-done-label,stats_component_html,epsilon-component,b,Attribute Removal,NA,no-such-role,-
auto-stats-stat-done-label,x-test-stat-done-label,stats_component_html,epsilon-component,c,Attribute Identifier Modification,NA,no-such-role,-
auto-stats-stat-done-label,x-test-stat-done-label,stats_component_html,epsilon-component,d,Text Content Modification,NA,no-such-role,-
auto-stats-stat-done-label,x-test-stat-done-label,stats_component_html,epsilon-component,e,Text Content Removal,NA,no-such-role,-
auto-stats-stat-done-label,x-test-stat-done-label,stats_component_html,epsilon-component,i,HTML Tag Removal,NA,no-such-role,-
auto-stats-stat-done-label,x-test-stat-done-label,stats_component_html,epsilon-component,j,HTML Tag Type Modification,NA,no-such-role,-
auto-stats-stat-done-label,x-test-stat-done-label,stats_component_html,epsilon-component,k,HTML Tag Insertion,NA,no-such-role,-
auto-stats-stat-high-card,x-test-stat-high-card,stats_component_html,alpha-target,d,Text Content Modification,NA,no-text-content,-
auto-stats-stat-high-card,x-test-stat-high-card,stats_component_html,alpha-target,e,Text Content Removal,NA,no-text-content,-
auto-stats-stat-high-card,x-test-stat-high-card,stats_component_html,alpha-target,i,HTML Tag Removal,NA,would-drop-x-test,-
auto-stats-stat-high-card,x-test-stat-high-card,stats_component_html,alpha-target,a,Attribute Value Modification,REJECTED,duplicate,-
auto-stats-stat-high-card,x-test-stat-high-card,stats_component_html,alpha-target,b,Attribute Removal,REJECTED,duplicate,-
auto-stats-stat-high-card,x-test-stat-high-card,stats_component_html,alpha-target,c,Attribute Identifier Modification,REJECTED,duplicate,-
auto-stats-stat-high-card,x-test-stat-high-card,stats_component_html,alpha-target,j,HTML Tag Type Modification,REJECTED,duplicate,-
auto-stats-stat-high-card,x-test-stat-high-card,stats_component_html,alpha-target,k,HTML Tag Insertion,REJECTED,duplicate,-
auto-stats-stat-high-card,x-test-stat-high-card,stats_component_html,beta-parent,d,Text Content Modification,NA,no-text-content,-
auto-stats-stat-high-card,x-test-stat-high-card,stats_component_html,beta-parent,e,Text Content Removal,NA,no-text-content,-
auto-stats-stat-high-card,x-test-stat-high-card,stats_component_html,beta-parent,i,HTML Tag Removal,NA,would-drop-x-test,-
auto-stats-stat-high-card,x-test-stat-high-card,stats_component_html,beta-parent,a,Attribute Value Modification,REJECTED,duplicate,-
auto-stats-stat-high-card,x-test-stat-high-card,stats_component_html,beta-parent,b,Attribute Removal,REJECTED,duplicate,-
auto-stats-stat-high-card,x-test-stat-high-card,stats_component_html,beta-parent,c,Attribute Identifier Modification,REJECTED,duplicate,-
auto-stats-stat-high-card,x-test-stat-high-card,stats_component_html,beta-parent,j,HTML Tag Type Modification,REJECTED,duplicate,-
auto-stats-stat-high-card,x-test-stat-high-card,stats_component_html,beta-parent,k,HTML Tag Insertion,REJECTED,duplicate,-
auto-stats-stat-high-card,x-test-stat-high-card,stats_component_html,gamma-ancestor,d,Text Content Modification,NA,no-text-content,-
auto-stats-stat-high-card,x-test-stat-high-card,stats_component_html,gamma-ancestor,e,Text Content Removal,NA,no-text-content,-
auto-stats-stat-high-card,x-test-stat-high-card,stats_component_html,gamma-ancestor,i,HTML Tag Removal,NA,root-element,-
auto-stats-stat-high-card,x-test-stat-high-card,stats_component_html,gamma-ancestor,a,Attribute Value Modification,REJECTED,duplicate,-
auto-stats-stat-high-card,x-test-stat-high-card,stats_component_html,gamma-ancestor,b,Attribute Removal,REJECTED,duplicate,-
auto-stats-stat-high-card,x-test-stat-high-card,stats_component_html,gamma-ancestor,c,Attribute Identifier Modification,REJECTED,duplicate,-
auto-stats-stat-high-card,x-test-stat-high-card,stats_component_html,gamma-ancestor,j,HTML Tag Type Modification,REJECTED,duplicate,-
auto-stats-stat-high-card,x-test-stat-high-card,stats_component_html,gamma-ancestor,k,HTML Tag Insertion,REJECTED,duplicate,-
auto-stats-stat-high-card,x-test-stat-high-card,stats_component_html,delta-sibling,d,Text Content Modification,NA,no-text-content,-
auto-stats-stat-high-card,x-test-stat-high-card,stats_component_html,delta-sibling,e,Text Content Removal,NA,no-text-content,-
auto-stats-stat-high-card,x-test-stat-high-card,stats_component_html,delta-sibling,i,HTML Tag Removal,NA,would-drop-x-test,-
auto-stats-stat-high-card,x-test-stat-high-card,stats_component_html,delta-sibling,a,Attribute Value Modification,REJECTED,duplicate,-
auto-stats-stat-high-card,x-test-stat-high-card,stats_component_html,delta-sibling,b,Attribute Removal,REJECTED,duplicate,-
auto-stats-stat-high-card,x-test-stat-high-card,stats_component_html,delta-sibling,c,Attribute Identifier Modification,REJECTED,duplicate,-
auto-stats-stat-high-card,x-test-stat-high-card,stats_component_html,delta-sibling,j,HTML Tag Type Modification,REJECTED,duplicate,-
auto-stats-stat-high-card,x-test-stat-high-card,stats_component_html,delta-sibling,k,HTML Tag Insertion,REJECTED,duplicate,-
auto-stats-stat-high-card,x-test-stat-high-card,stats_component_html,epsilon-component,a,Attribute Value Modification,NA,no-such-role,-
auto-stats-stat-high-card,x-test-stat-high-card,stats_component_html,epsilon-component,b,Attribute Removal,NA,no-such-role,-
auto-stats-stat-high-card,x-test-stat-high-card,stats_component_html,epsilon-component,c,Attribute Identifier Modification,NA,no-such-role,-
auto-stats-stat-high-card,x-test-stat-high-card,stats_component_html,epsilon-component,d,Text Content Modification,NA,no-such-role,-
auto-stats-stat-high-card,x-test-stat-high-card,stats_component_html,epsilon-component,e,Text Content Removal,NA,no-such-role,-
auto-stats-stat-high-card,x-test-stat-high-card,stats_component_html,epsilon-component,i,HTML Tag Removal,NA,no-such-role,-
auto-stats-stat-high-card,x-test-stat-high-card,stats_component_html,epsilon-component,j,HTML Tag Type Modification,NA,no-such-role,-
auto-stats-stat-high-card,x-test-stat-high-card,stats_component_html,epsilon-component,k,HTML Tag Insertion,NA,no-such-role,-
auto-stats-stat-high-label,x-test-stat-high-label,stats_component_html,alpha-target,i,HTML Tag Removal,NA,would-drop-x-test,-
auto-stats-stat-high-label,x-test-stat-high-label,stats_component_html,alpha-target,a,Attribute Value Modification,REJECTED,duplicate,-
auto-stats-stat-high-label,x-test-stat-high-label,stats_component_html,alpha-target,b,Attribute Removal,REJECTED,duplicate,-
auto-stats-stat-high-label,x-test-stat-high-label,stats_component_html,alpha-target,c,Attribute Identifier Modification,REJECTED,duplicate,-
auto-stats-stat-high-label,x-test-stat-high-label,stats_component_html,alpha-target,d,Text Content Modification,SAVED,,LLMR_stats_component_html_auto_stats_stat_high_label_alf_d
auto-stats-stat-high-label,x-test-stat-high-label,stats_component_html,alpha-target,e,Text Content Removal,REJECTED,duplicate,-
auto-stats-stat-high-label,x-test-stat-high-label,stats_component_html,alpha-target,j,HTML Tag Type Modification,REJECTED,duplicate,-
auto-stats-stat-high-label,x-test-stat-high-label,stats_component_html,alpha-target,k,HTML Tag Insertion,REJECTED,duplicate,-
auto-stats-stat-high-label,x-test-stat-high-label,stats_component_html,beta-parent,d,Text Content Modification,NA,no-text-content,-
auto-stats-stat-high-label,x-test-stat-high-label,stats_component_html,beta-parent,e,Text Content Removal,NA,no-text-content,-
auto-stats-stat-high-label,x-test-stat-high-label,stats_component_html,beta-parent,i,HTML Tag Removal,NA,would-drop-x-test,-
auto-stats-stat-high-label,x-test-stat-high-label,stats_component_html,beta-parent,a,Attribute Value Modification,REJECTED,duplicate,-
auto-stats-stat-high-label,x-test-stat-high-label,stats_component_html,beta-parent,b,Attribute Removal,REJECTED,duplicate,-
auto-stats-stat-high-label,x-test-stat-high-label,stats_component_html,beta-parent,c,Attribute Identifier Modification,REJECTED,duplicate,-
auto-stats-stat-high-label,x-test-stat-high-label,stats_component_html,beta-parent,j,HTML Tag Type Modification,REJECTED,duplicate,-
auto-stats-stat-high-label,x-test-stat-high-label,stats_component_html,beta-parent,k,HTML Tag Insertion,REJECTED,duplicate,-
auto-stats-stat-high-label,x-test-stat-high-label,stats_component_html,gamma-ancestor,d,Text Content Modification,NA,no-text-content,-
auto-stats-stat-high-label,x-test-stat-high-label,stats_component_html,gamma-ancestor,e,Text Content Removal,NA,no-text-content,-
auto-stats-stat-high-label,x-test-stat-high-label,stats_component_html,gamma-ancestor,i,HTML Tag Removal,NA,would-drop-x-test,-
auto-stats-stat-high-label,x-test-stat-high-label,stats_component_html,gamma-ancestor,a,Attribute Value Modification,REJECTED,duplicate,-
auto-stats-stat-high-label,x-test-stat-high-label,stats_component_html,gamma-ancestor,b,Attribute Removal,REJECTED,duplicate,-
auto-stats-stat-high-label,x-test-stat-high-label,stats_component_html,gamma-ancestor,c,Attribute Identifier Modification,REJECTED,duplicate,-
auto-stats-stat-high-label,x-test-stat-high-label,stats_component_html,gamma-ancestor,j,HTML Tag Type Modification,REJECTED,duplicate,-
auto-stats-stat-high-label,x-test-stat-high-label,stats_component_html,gamma-ancestor,k,HTML Tag Insertion,REJECTED,duplicate,-
auto-stats-stat-high-label,x-test-stat-high-label,stats_component_html,delta-sibling,i,HTML Tag Removal,NA,would-drop-x-test,-
auto-stats-stat-high-label,x-test-stat-high-label,stats_component_html,delta-sibling,a,Attribute Value Modification,SAVED,,LLMR_stats_component_html_auto_stats_stat_high_label_del_a
auto-stats-stat-high-label,x-test-stat-high-label,stats_component_html,delta-sibling,b,Attribute Removal,REJECTED,duplicate,-
auto-stats-stat-high-label,x-test-stat-high-label,stats_component_html,delta-sibling,c,Attribute Identifier Modification,REJECTED,duplicate,-
auto-stats-stat-high-label,x-test-stat-high-label,stats_component_html,delta-sibling,d,Text Content Modification,REJECTED,duplicate,-
auto-stats-stat-high-label,x-test-stat-high-label,stats_component_html,delta-sibling,e,Text Content Removal,REJECTED,duplicate,-
auto-stats-stat-high-label,x-test-stat-high-label,stats_component_html,delta-sibling,j,HTML Tag Type Modification,REJECTED,duplicate,-
auto-stats-stat-high-label,x-test-stat-high-label,stats_component_html,delta-sibling,k,HTML Tag Insertion,REJECTED,duplicate,-
auto-stats-stat-high-label,x-test-stat-high-label,stats_component_html,epsilon-component,a,Attribute Value Modification,NA,no-such-role,-
auto-stats-stat-high-label,x-test-stat-high-label,stats_component_html,epsilon-component,b,Attribute Removal,NA,no-such-role,-
auto-stats-stat-high-label,x-test-stat-high-label,stats_component_html,epsilon-component,c,Attribute Identifier Modification,NA,no-such-role,-
auto-stats-stat-high-label,x-test-stat-high-label,stats_component_html,epsilon-component,d,Text Content Modification,NA,no-such-role,-
auto-stats-stat-high-label,x-test-stat-high-label,stats_component_html,epsilon-component,e,Text Content Removal,NA,no-such-role,-
auto-stats-stat-high-label,x-test-stat-high-label,stats_component_html,epsilon-component,i,HTML Tag Removal,NA,no-such-role,-
auto-stats-stat-high-label,x-test-stat-high-label,stats_component_html,epsilon-component,j,HTML Tag Type Modification,NA,no-such-role,-
auto-stats-stat-high-label,x-test-stat-high-label,stats_component_html,epsilon-component,k,HTML Tag Insertion,NA,no-such-role,-
auto-stats-stat-medium-card,x-test-stat-medium-card,stats_component_html,alpha-target,d,Text Content Modification,NA,no-text-content,-
auto-stats-stat-medium-card,x-test-stat-medium-card,stats_component_html,alpha-target,e,Text Content Removal,NA,no-text-content,-
auto-stats-stat-medium-card,x-test-stat-medium-card,stats_component_html,alpha-target,i,HTML Tag Removal,NA,would-drop-x-test,-
auto-stats-stat-medium-card,x-test-stat-medium-card,stats_component_html,alpha-target,a,Attribute Value Modification,REJECTED,duplicate,-
auto-stats-stat-medium-card,x-test-stat-medium-card,stats_component_html,alpha-target,b,Attribute Removal,REJECTED,duplicate,-
auto-stats-stat-medium-card,x-test-stat-medium-card,stats_component_html,alpha-target,c,Attribute Identifier Modification,REJECTED,duplicate,-
auto-stats-stat-medium-card,x-test-stat-medium-card,stats_component_html,alpha-target,j,HTML Tag Type Modification,REJECTED,duplicate,-
auto-stats-stat-medium-card,x-test-stat-medium-card,stats_component_html,alpha-target,k,HTML Tag Insertion,REJECTED,duplicate,-
auto-stats-stat-medium-card,x-test-stat-medium-card,stats_component_html,beta-parent,d,Text Content Modification,NA,no-text-content,-
auto-stats-stat-medium-card,x-test-stat-medium-card,stats_component_html,beta-parent,e,Text Content Removal,NA,no-text-content,-
auto-stats-stat-medium-card,x-test-stat-medium-card,stats_component_html,beta-parent,i,HTML Tag Removal,NA,would-drop-x-test,-
auto-stats-stat-medium-card,x-test-stat-medium-card,stats_component_html,beta-parent,a,Attribute Value Modification,REJECTED,duplicate,-
auto-stats-stat-medium-card,x-test-stat-medium-card,stats_component_html,beta-parent,b,Attribute Removal,REJECTED,duplicate,-
auto-stats-stat-medium-card,x-test-stat-medium-card,stats_component_html,beta-parent,c,Attribute Identifier Modification,REJECTED,duplicate,-
auto-stats-stat-medium-card,x-test-stat-medium-card,stats_component_html,beta-parent,j,HTML Tag Type Modification,REJECTED,duplicate,-
auto-stats-stat-medium-card,x-test-stat-medium-card,stats_component_html,beta-parent,k,HTML Tag Insertion,REJECTED,duplicate,-
auto-stats-stat-medium-card,x-test-stat-medium-card,stats_component_html,gamma-ancestor,d,Text Content Modification,NA,no-text-content,-
auto-stats-stat-medium-card,x-test-stat-medium-card,stats_component_html,gamma-ancestor,e,Text Content Removal,NA,no-text-content,-
auto-stats-stat-medium-card,x-test-stat-medium-card,stats_component_html,gamma-ancestor,i,HTML Tag Removal,NA,root-element,-
auto-stats-stat-medium-card,x-test-stat-medium-card,stats_component_html,gamma-ancestor,a,Attribute Value Modification,REJECTED,duplicate,-
auto-stats-stat-medium-card,x-test-stat-medium-card,stats_component_html,gamma-ancestor,b,Attribute Removal,REJECTED,duplicate,-
auto-stats-stat-medium-card,x-test-stat-medium-card,stats_component_html,gamma-ancestor,c,Attribute Identifier Modification,REJECTED,duplicate,-
auto-stats-stat-medium-card,x-test-stat-medium-card,stats_component_html,gamma-ancestor,j,HTML Tag Type Modification,REJECTED,duplicate,-
auto-stats-stat-medium-card,x-test-stat-medium-card,stats_component_html,gamma-ancestor,k,HTML Tag Insertion,REJECTED,duplicate,-
auto-stats-stat-medium-card,x-test-stat-medium-card,stats_component_html,delta-sibling,d,Text Content Modification,NA,no-text-content,-
auto-stats-stat-medium-card,x-test-stat-medium-card,stats_component_html,delta-sibling,e,Text Content Removal,NA,no-text-content,-
auto-stats-stat-medium-card,x-test-stat-medium-card,stats_component_html,delta-sibling,i,HTML Tag Removal,NA,would-drop-x-test,-
auto-stats-stat-medium-card,x-test-stat-medium-card,stats_component_html,delta-sibling,a,Attribute Value Modification,REJECTED,duplicate,-
auto-stats-stat-medium-card,x-test-stat-medium-card,stats_component_html,delta-sibling,b,Attribute Removal,REJECTED,duplicate,-
auto-stats-stat-medium-card,x-test-stat-medium-card,stats_component_html,delta-sibling,c,Attribute Identifier Modification,REJECTED,duplicate,-
auto-stats-stat-medium-card,x-test-stat-medium-card,stats_component_html,delta-sibling,j,HTML Tag Type Modification,REJECTED,duplicate,-
auto-stats-stat-medium-card,x-test-stat-medium-card,stats_component_html,delta-sibling,k,HTML Tag Insertion,REJECTED,duplicate,-
auto-stats-stat-medium-card,x-test-stat-medium-card,stats_component_html,epsilon-component,a,Attribute Value Modification,NA,no-such-role,-
auto-stats-stat-medium-card,x-test-stat-medium-card,stats_component_html,epsilon-component,b,Attribute Removal,NA,no-such-role,-
auto-stats-stat-medium-card,x-test-stat-medium-card,stats_component_html,epsilon-component,c,Attribute Identifier Modification,NA,no-such-role,-
auto-stats-stat-medium-card,x-test-stat-medium-card,stats_component_html,epsilon-component,d,Text Content Modification,NA,no-such-role,-
auto-stats-stat-medium-card,x-test-stat-medium-card,stats_component_html,epsilon-component,e,Text Content Removal,NA,no-such-role,-
auto-stats-stat-medium-card,x-test-stat-medium-card,stats_component_html,epsilon-component,i,HTML Tag Removal,NA,no-such-role,-
auto-stats-stat-medium-card,x-test-stat-medium-card,stats_component_html,epsilon-component,j,HTML Tag Type Modification,NA,no-such-role,-
auto-stats-stat-medium-card,x-test-stat-medium-card,stats_component_html,epsilon-component,k,HTML Tag Insertion,NA,no-such-role,-
auto-stats-stat-medium-label,x-test-stat-medium-label,stats_component_html,alpha-target,i,HTML Tag Removal,NA,would-drop-x-test,-
auto-stats-stat-medium-label,x-test-stat-medium-label,stats_component_html,alpha-target,a,Attribute Value Modification,REJECTED,duplicate,-
auto-stats-stat-medium-label,x-test-stat-medium-label,stats_component_html,alpha-target,b,Attribute Removal,REJECTED,duplicate,-
auto-stats-stat-medium-label,x-test-stat-medium-label,stats_component_html,alpha-target,c,Attribute Identifier Modification,REJECTED,duplicate,-
auto-stats-stat-medium-label,x-test-stat-medium-label,stats_component_html,alpha-target,d,Text Content Modification,SAVED,,LLMR_stats_component_html_auto_stats_stat_medium_label_alf_d
auto-stats-stat-medium-label,x-test-stat-medium-label,stats_component_html,alpha-target,e,Text Content Removal,REJECTED,duplicate,-
auto-stats-stat-medium-label,x-test-stat-medium-label,stats_component_html,alpha-target,j,HTML Tag Type Modification,REJECTED,duplicate,-
auto-stats-stat-medium-label,x-test-stat-medium-label,stats_component_html,alpha-target,k,HTML Tag Insertion,REJECTED,duplicate,-
auto-stats-stat-medium-label,x-test-stat-medium-label,stats_component_html,beta-parent,d,Text Content Modification,NA,no-text-content,-
auto-stats-stat-medium-label,x-test-stat-medium-label,stats_component_html,beta-parent,e,Text Content Removal,NA,no-text-content,-
auto-stats-stat-medium-label,x-test-stat-medium-label,stats_component_html,beta-parent,i,HTML Tag Removal,NA,would-drop-x-test,-
auto-stats-stat-medium-label,x-test-stat-medium-label,stats_component_html,beta-parent,a,Attribute Value Modification,REJECTED,duplicate,-
auto-stats-stat-medium-label,x-test-stat-medium-label,stats_component_html,beta-parent,b,Attribute Removal,REJECTED,duplicate,-
auto-stats-stat-medium-label,x-test-stat-medium-label,stats_component_html,beta-parent,c,Attribute Identifier Modification,REJECTED,duplicate,-
auto-stats-stat-medium-label,x-test-stat-medium-label,stats_component_html,beta-parent,j,HTML Tag Type Modification,REJECTED,duplicate,-
auto-stats-stat-medium-label,x-test-stat-medium-label,stats_component_html,beta-parent,k,HTML Tag Insertion,REJECTED,duplicate,-
auto-stats-stat-medium-label,x-test-stat-medium-label,stats_component_html,gamma-ancestor,d,Text Content Modification,NA,no-text-content,-
auto-stats-stat-medium-label,x-test-stat-medium-label,stats_component_html,gamma-ancestor,e,Text Content Removal,NA,no-text-content,-
auto-stats-stat-medium-label,x-test-stat-medium-label,stats_component_html,gamma-ancestor,i,HTML Tag Removal,NA,would-drop-x-test,-
auto-stats-stat-medium-label,x-test-stat-medium-label,stats_component_html,gamma-ancestor,a,Attribute Value Modification,REJECTED,duplicate,-
auto-stats-stat-medium-label,x-test-stat-medium-label,stats_component_html,gamma-ancestor,b,Attribute Removal,REJECTED,duplicate,-
auto-stats-stat-medium-label,x-test-stat-medium-label,stats_component_html,gamma-ancestor,c,Attribute Identifier Modification,REJECTED,duplicate,-
auto-stats-stat-medium-label,x-test-stat-medium-label,stats_component_html,gamma-ancestor,j,HTML Tag Type Modification,REJECTED,duplicate,-
auto-stats-stat-medium-label,x-test-stat-medium-label,stats_component_html,gamma-ancestor,k,HTML Tag Insertion,REJECTED,duplicate,-
auto-stats-stat-medium-label,x-test-stat-medium-label,stats_component_html,delta-sibling,i,HTML Tag Removal,NA,would-drop-x-test,-
auto-stats-stat-medium-label,x-test-stat-medium-label,stats_component_html,delta-sibling,a,Attribute Value Modification,SAVED,,LLMR_stats_component_html_auto_stats_stat_medium_label_del_a
auto-stats-stat-medium-label,x-test-stat-medium-label,stats_component_html,delta-sibling,b,Attribute Removal,REJECTED,duplicate,-
auto-stats-stat-medium-label,x-test-stat-medium-label,stats_component_html,delta-sibling,c,Attribute Identifier Modification,REJECTED,duplicate,-
auto-stats-stat-medium-label,x-test-stat-medium-label,stats_component_html,delta-sibling,d,Text Content Modification,REJECTED,duplicate,-
auto-stats-stat-medium-label,x-test-stat-medium-label,stats_component_html,delta-sibling,e,Text Content Removal,REJECTED,duplicate,-
auto-stats-stat-medium-label,x-test-stat-medium-label,stats_component_html,delta-sibling,j,HTML Tag Type Modification,REJECTED,duplicate,-
auto-stats-stat-medium-label,x-test-stat-medium-label,stats_component_html,delta-sibling,k,HTML Tag Insertion,REJECTED,duplicate,-
auto-stats-stat-medium-label,x-test-stat-medium-label,stats_component_html,epsilon-component,a,Attribute Value Modification,NA,no-such-role,-
auto-stats-stat-medium-label,x-test-stat-medium-label,stats_component_html,epsilon-component,b,Attribute Removal,NA,no-such-role,-
auto-stats-stat-medium-label,x-test-stat-medium-label,stats_component_html,epsilon-component,c,Attribute Identifier Modification,NA,no-such-role,-
auto-stats-stat-medium-label,x-test-stat-medium-label,stats_component_html,epsilon-component,d,Text Content Modification,NA,no-such-role,-
auto-stats-stat-medium-label,x-test-stat-medium-label,stats_component_html,epsilon-component,e,Text Content Removal,NA,no-such-role,-
auto-stats-stat-medium-label,x-test-stat-medium-label,stats_component_html,epsilon-component,i,HTML Tag Removal,NA,no-such-role,-
auto-stats-stat-medium-label,x-test-stat-medium-label,stats_component_html,epsilon-component,j,HTML Tag Type Modification,NA,no-such-role,-
auto-stats-stat-medium-label,x-test-stat-medium-label,stats_component_html,epsilon-component,k,HTML Tag Insertion,NA,no-such-role,-
auto-stats-stat-low-card,x-test-stat-low-card,stats_component_html,alpha-target,d,Text Content Modification,NA,no-text-content,-
auto-stats-stat-low-card,x-test-stat-low-card,stats_component_html,alpha-target,e,Text Content Removal,NA,no-text-content,-
auto-stats-stat-low-card,x-test-stat-low-card,stats_component_html,alpha-target,i,HTML Tag Removal,NA,would-drop-x-test,-
auto-stats-stat-low-card,x-test-stat-low-card,stats_component_html,alpha-target,a,Attribute Value Modification,REJECTED,duplicate,-
auto-stats-stat-low-card,x-test-stat-low-card,stats_component_html,alpha-target,b,Attribute Removal,REJECTED,duplicate,-
auto-stats-stat-low-card,x-test-stat-low-card,stats_component_html,alpha-target,c,Attribute Identifier Modification,REJECTED,duplicate,-
auto-stats-stat-low-card,x-test-stat-low-card,stats_component_html,alpha-target,j,HTML Tag Type Modification,REJECTED,duplicate,-
auto-stats-stat-low-card,x-test-stat-low-card,stats_component_html,alpha-target,k,HTML Tag Insertion,REJECTED,duplicate,-
auto-stats-stat-low-card,x-test-stat-low-card,stats_component_html,beta-parent,d,Text Content Modification,NA,no-text-content,-
auto-stats-stat-low-card,x-test-stat-low-card,stats_component_html,beta-parent,e,Text Content Removal,NA,no-text-content,-
auto-stats-stat-low-card,x-test-stat-low-card,stats_component_html,beta-parent,i,HTML Tag Removal,NA,would-drop-x-test,-
auto-stats-stat-low-card,x-test-stat-low-card,stats_component_html,beta-parent,a,Attribute Value Modification,REJECTED,duplicate,-
auto-stats-stat-low-card,x-test-stat-low-card,stats_component_html,beta-parent,b,Attribute Removal,REJECTED,duplicate,-
auto-stats-stat-low-card,x-test-stat-low-card,stats_component_html,beta-parent,c,Attribute Identifier Modification,REJECTED,duplicate,-
auto-stats-stat-low-card,x-test-stat-low-card,stats_component_html,beta-parent,j,HTML Tag Type Modification,REJECTED,duplicate,-
auto-stats-stat-low-card,x-test-stat-low-card,stats_component_html,beta-parent,k,HTML Tag Insertion,REJECTED,duplicate,-
auto-stats-stat-low-card,x-test-stat-low-card,stats_component_html,gamma-ancestor,d,Text Content Modification,NA,no-text-content,-
auto-stats-stat-low-card,x-test-stat-low-card,stats_component_html,gamma-ancestor,e,Text Content Removal,NA,no-text-content,-
auto-stats-stat-low-card,x-test-stat-low-card,stats_component_html,gamma-ancestor,i,HTML Tag Removal,NA,root-element,-
auto-stats-stat-low-card,x-test-stat-low-card,stats_component_html,gamma-ancestor,a,Attribute Value Modification,REJECTED,duplicate,-
auto-stats-stat-low-card,x-test-stat-low-card,stats_component_html,gamma-ancestor,b,Attribute Removal,REJECTED,duplicate,-
auto-stats-stat-low-card,x-test-stat-low-card,stats_component_html,gamma-ancestor,c,Attribute Identifier Modification,REJECTED,duplicate,-
auto-stats-stat-low-card,x-test-stat-low-card,stats_component_html,gamma-ancestor,j,HTML Tag Type Modification,REJECTED,duplicate,-
auto-stats-stat-low-card,x-test-stat-low-card,stats_component_html,gamma-ancestor,k,HTML Tag Insertion,REJECTED,duplicate,-
auto-stats-stat-low-card,x-test-stat-low-card,stats_component_html,delta-sibling,d,Text Content Modification,NA,no-text-content,-
auto-stats-stat-low-card,x-test-stat-low-card,stats_component_html,delta-sibling,e,Text Content Removal,NA,no-text-content,-
auto-stats-stat-low-card,x-test-stat-low-card,stats_component_html,delta-sibling,i,HTML Tag Removal,NA,would-drop-x-test,-
auto-stats-stat-low-card,x-test-stat-low-card,stats_component_html,delta-sibling,a,Attribute Value Modification,REJECTED,duplicate,-
auto-stats-stat-low-card,x-test-stat-low-card,stats_component_html,delta-sibling,b,Attribute Removal,REJECTED,duplicate,-
auto-stats-stat-low-card,x-test-stat-low-card,stats_component_html,delta-sibling,c,Attribute Identifier Modification,REJECTED,duplicate,-
auto-stats-stat-low-card,x-test-stat-low-card,stats_component_html,delta-sibling,j,HTML Tag Type Modification,REJECTED,duplicate,-
auto-stats-stat-low-card,x-test-stat-low-card,stats_component_html,delta-sibling,k,HTML Tag Insertion,REJECTED,duplicate,-
auto-stats-stat-low-card,x-test-stat-low-card,stats_component_html,epsilon-component,a,Attribute Value Modification,NA,no-such-role,-
auto-stats-stat-low-card,x-test-stat-low-card,stats_component_html,epsilon-component,b,Attribute Removal,NA,no-such-role,-
auto-stats-stat-low-card,x-test-stat-low-card,stats_component_html,epsilon-component,c,Attribute Identifier Modification,NA,no-such-role,-
auto-stats-stat-low-card,x-test-stat-low-card,stats_component_html,epsilon-component,d,Text Content Modification,NA,no-such-role,-
auto-stats-stat-low-card,x-test-stat-low-card,stats_component_html,epsilon-component,e,Text Content Removal,NA,no-such-role,-
auto-stats-stat-low-card,x-test-stat-low-card,stats_component_html,epsilon-component,i,HTML Tag Removal,NA,no-such-role,-
auto-stats-stat-low-card,x-test-stat-low-card,stats_component_html,epsilon-component,j,HTML Tag Type Modification,NA,no-such-role,-
auto-stats-stat-low-card,x-test-stat-low-card,stats_component_html,epsilon-component,k,HTML Tag Insertion,NA,no-such-role,-
auto-stats-stat-low-label,x-test-stat-low-label,stats_component_html,alpha-target,i,HTML Tag Removal,NA,would-drop-x-test,-
auto-stats-stat-low-label,x-test-stat-low-label,stats_component_html,alpha-target,a,Attribute Value Modification,REJECTED,duplicate,-
auto-stats-stat-low-label,x-test-stat-low-label,stats_component_html,alpha-target,b,Attribute Removal,REJECTED,duplicate,-
auto-stats-stat-low-label,x-test-stat-low-label,stats_component_html,alpha-target,c,Attribute Identifier Modification,REJECTED,duplicate,-
auto-stats-stat-low-label,x-test-stat-low-label,stats_component_html,alpha-target,d,Text Content Modification,SAVED,,LLMR_stats_component_html_auto_stats_stat_low_label_alf_d
auto-stats-stat-low-label,x-test-stat-low-label,stats_component_html,alpha-target,e,Text Content Removal,REJECTED,duplicate,-
auto-stats-stat-low-label,x-test-stat-low-label,stats_component_html,alpha-target,j,HTML Tag Type Modification,REJECTED,duplicate,-
auto-stats-stat-low-label,x-test-stat-low-label,stats_component_html,alpha-target,k,HTML Tag Insertion,REJECTED,duplicate,-
auto-stats-stat-low-label,x-test-stat-low-label,stats_component_html,beta-parent,d,Text Content Modification,NA,no-text-content,-
auto-stats-stat-low-label,x-test-stat-low-label,stats_component_html,beta-parent,e,Text Content Removal,NA,no-text-content,-
auto-stats-stat-low-label,x-test-stat-low-label,stats_component_html,beta-parent,i,HTML Tag Removal,NA,would-drop-x-test,-
auto-stats-stat-low-label,x-test-stat-low-label,stats_component_html,beta-parent,a,Attribute Value Modification,REJECTED,duplicate,-
auto-stats-stat-low-label,x-test-stat-low-label,stats_component_html,beta-parent,b,Attribute Removal,REJECTED,duplicate,-
auto-stats-stat-low-label,x-test-stat-low-label,stats_component_html,beta-parent,c,Attribute Identifier Modification,REJECTED,duplicate,-
auto-stats-stat-low-label,x-test-stat-low-label,stats_component_html,beta-parent,j,HTML Tag Type Modification,REJECTED,duplicate,-
auto-stats-stat-low-label,x-test-stat-low-label,stats_component_html,beta-parent,k,HTML Tag Insertion,REJECTED,duplicate,-
auto-stats-stat-low-label,x-test-stat-low-label,stats_component_html,gamma-ancestor,d,Text Content Modification,NA,no-text-content,-
auto-stats-stat-low-label,x-test-stat-low-label,stats_component_html,gamma-ancestor,e,Text Content Removal,NA,no-text-content,-
auto-stats-stat-low-label,x-test-stat-low-label,stats_component_html,gamma-ancestor,i,HTML Tag Removal,NA,would-drop-x-test,-
auto-stats-stat-low-label,x-test-stat-low-label,stats_component_html,gamma-ancestor,a,Attribute Value Modification,REJECTED,duplicate,-
auto-stats-stat-low-label,x-test-stat-low-label,stats_component_html,gamma-ancestor,b,Attribute Removal,REJECTED,duplicate,-
auto-stats-stat-low-label,x-test-stat-low-label,stats_component_html,gamma-ancestor,c,Attribute Identifier Modification,REJECTED,duplicate,-
auto-stats-stat-low-label,x-test-stat-low-label,stats_component_html,gamma-ancestor,j,HTML Tag Type Modification,REJECTED,duplicate,-
auto-stats-stat-low-label,x-test-stat-low-label,stats_component_html,gamma-ancestor,k,HTML Tag Insertion,REJECTED,duplicate,-
auto-stats-stat-low-label,x-test-stat-low-label,stats_component_html,delta-sibling,i,HTML Tag Removal,NA,would-drop-x-test,-
auto-stats-stat-low-label,x-test-stat-low-label,stats_component_html,delta-sibling,a,Attribute Value Modification,SAVED,,LLMR_stats_component_html_auto_stats_stat_low_label_del_a
auto-stats-stat-low-label,x-test-stat-low-label,stats_component_html,delta-sibling,b,Attribute Removal,REJECTED,duplicate,-
auto-stats-stat-low-label,x-test-stat-low-label,stats_component_html,delta-sibling,c,Attribute Identifier Modification,REJECTED,duplicate,-
auto-stats-stat-low-label,x-test-stat-low-label,stats_component_html,delta-sibling,d,Text Content Modification,REJECTED,duplicate,-
auto-stats-stat-low-label,x-test-stat-low-label,stats_component_html,delta-sibling,e,Text Content Removal,REJECTED,duplicate,-
auto-stats-stat-low-label,x-test-stat-low-label,stats_component_html,delta-sibling,j,HTML Tag Type Modification,REJECTED,duplicate,-
auto-stats-stat-low-label,x-test-stat-low-label,stats_component_html,delta-sibling,k,HTML Tag Insertion,REJECTED,duplicate,-
auto-stats-stat-low-label,x-test-stat-low-label,stats_component_html,epsilon-component,a,Attribute Value Modification,NA,no-such-role,-
auto-stats-stat-low-label,x-test-stat-low-label,stats_component_html,epsilon-component,b,Attribute Removal,NA,no-such-role,-
auto-stats-stat-low-label,x-test-stat-low-label,stats_component_html,epsilon-component,c,Attribute Identifier Modification,NA,no-such-role,-
auto-stats-stat-low-label,x-test-stat-low-label,stats_component_html,epsilon-component,d,Text Content Modification,NA,no-such-role,-
auto-stats-stat-low-label,x-test-stat-low-label,stats_component_html,epsilon-component,e,Text Content Removal,NA,no-such-role,-
auto-stats-stat-low-label,x-test-stat-low-label,stats_component_html,epsilon-component,i,HTML Tag Removal,NA,no-such-role,-
auto-stats-stat-low-label,x-test-stat-low-label,stats_component_html,epsilon-component,j,HTML Tag Type Modification,NA,no-such-role,-
auto-stats-stat-low-label,x-test-stat-low-label,stats_component_html,epsilon-component,k,HTML Tag Insertion,NA,no-such-role,-
auto-stats-stats-table-section,x-test-stats-table-section,stats_component_html,alpha-target,d,Text Content Modification,NA,no-text-content,-
auto-stats-stats-table-section,x-test-stats-table-section,stats_component_html,alpha-target,e,Text Content Removal,NA,no-text-content,-
auto-stats-stats-table-section,x-test-stats-table-section,stats_component_html,alpha-target,i,HTML Tag Removal,NA,would-drop-x-test,-
auto-stats-stats-table-section,x-test-stats-table-section,stats_component_html,alpha-target,a,Attribute Value Modification,REJECTED,duplicate,-
auto-stats-stats-table-section,x-test-stats-table-section,stats_component_html,alpha-target,b,Attribute Removal,REJECTED,duplicate,-
auto-stats-stats-table-section,x-test-stats-table-section,stats_component_html,alpha-target,c,Attribute Identifier Modification,REJECTED,duplicate,-
auto-stats-stats-table-section,x-test-stats-table-section,stats_component_html,alpha-target,j,HTML Tag Type Modification,REJECTED,duplicate,-
auto-stats-stats-table-section,x-test-stats-table-section,stats_component_html,alpha-target,k,HTML Tag Insertion,REJECTED,duplicate,-
auto-stats-stats-table-section,x-test-stats-table-section,stats_component_html,beta-parent,d,Text Content Modification,NA,no-text-content,-
auto-stats-stats-table-section,x-test-stats-table-section,stats_component_html,beta-parent,e,Text Content Removal,NA,no-text-content,-
auto-stats-stats-table-section,x-test-stats-table-section,stats_component_html,beta-parent,i,HTML Tag Removal,NA,root-element,-
auto-stats-stats-table-section,x-test-stats-table-section,stats_component_html,beta-parent,a,Attribute Value Modification,REJECTED,duplicate,-
auto-stats-stats-table-section,x-test-stats-table-section,stats_component_html,beta-parent,b,Attribute Removal,REJECTED,duplicate,-
auto-stats-stats-table-section,x-test-stats-table-section,stats_component_html,beta-parent,c,Attribute Identifier Modification,REJECTED,duplicate,-
auto-stats-stats-table-section,x-test-stats-table-section,stats_component_html,beta-parent,j,HTML Tag Type Modification,REJECTED,duplicate,-
auto-stats-stats-table-section,x-test-stats-table-section,stats_component_html,beta-parent,k,HTML Tag Insertion,REJECTED,duplicate,-
auto-stats-stats-table-section,x-test-stats-table-section,stats_component_html,gamma-ancestor,a,Attribute Value Modification,NA,no-such-role,-
auto-stats-stats-table-section,x-test-stats-table-section,stats_component_html,gamma-ancestor,b,Attribute Removal,NA,no-such-role,-
auto-stats-stats-table-section,x-test-stats-table-section,stats_component_html,gamma-ancestor,c,Attribute Identifier Modification,NA,no-such-role,-
auto-stats-stats-table-section,x-test-stats-table-section,stats_component_html,gamma-ancestor,d,Text Content Modification,NA,no-such-role,-
auto-stats-stats-table-section,x-test-stats-table-section,stats_component_html,gamma-ancestor,e,Text Content Removal,NA,no-such-role,-
auto-stats-stats-table-section,x-test-stats-table-section,stats_component_html,gamma-ancestor,i,HTML Tag Removal,NA,no-such-role,-
auto-stats-stats-table-section,x-test-stats-table-section,stats_component_html,gamma-ancestor,j,HTML Tag Type Modification,NA,no-such-role,-
auto-stats-stats-table-section,x-test-stats-table-section,stats_component_html,gamma-ancestor,k,HTML Tag Insertion,NA,no-such-role,-
auto-stats-stats-table-section,x-test-stats-table-section,stats_component_html,delta-sibling,d,Text Content Modification,NA,no-text-content,-
auto-stats-stats-table-section,x-test-stats-table-section,stats_component_html,delta-sibling,e,Text Content Removal,NA,no-text-content,-
auto-stats-stats-table-section,x-test-stats-table-section,stats_component_html,delta-sibling,i,HTML Tag Removal,NA,would-drop-x-test,-
auto-stats-stats-table-section,x-test-stats-table-section,stats_component_html,delta-sibling,a,Attribute Value Modification,REJECTED,duplicate,-
auto-stats-stats-table-section,x-test-stats-table-section,stats_component_html,delta-sibling,b,Attribute Removal,REJECTED,duplicate,-
auto-stats-stats-table-section,x-test-stats-table-section,stats_component_html,delta-sibling,c,Attribute Identifier Modification,REJECTED,duplicate,-
auto-stats-stats-table-section,x-test-stats-table-section,stats_component_html,delta-sibling,j,HTML Tag Type Modification,REJECTED,duplicate,-
auto-stats-stats-table-section,x-test-stats-table-section,stats_component_html,delta-sibling,k,HTML Tag Insertion,REJECTED,duplicate,-
auto-stats-stats-table-section,x-test-stats-table-section,stats_component_html,epsilon-component,a,Attribute Value Modification,NA,no-such-role,-
auto-stats-stats-table-section,x-test-stats-table-section,stats_component_html,epsilon-component,b,Attribute Removal,NA,no-such-role,-
auto-stats-stats-table-section,x-test-stats-table-section,stats_component_html,epsilon-component,c,Attribute Identifier Modification,NA,no-such-role,-
auto-stats-stats-table-section,x-test-stats-table-section,stats_component_html,epsilon-component,d,Text Content Modification,NA,no-such-role,-
auto-stats-stats-table-section,x-test-stats-table-section,stats_component_html,epsilon-component,e,Text Content Removal,NA,no-such-role,-
auto-stats-stats-table-section,x-test-stats-table-section,stats_component_html,epsilon-component,i,HTML Tag Removal,NA,no-such-role,-
auto-stats-stats-table-section,x-test-stats-table-section,stats_component_html,epsilon-component,j,HTML Tag Type Modification,NA,no-such-role,-
auto-stats-stats-table-section,x-test-stats-table-section,stats_component_html,epsilon-component,k,HTML Tag Insertion,NA,no-such-role,-
auto-stats-stats-table-title,x-test-stats-table-title,stats_component_html,alpha-target,i,HTML Tag Removal,NA,would-drop-x-test,-
auto-stats-stats-table-title,x-test-stats-table-title,stats_component_html,alpha-target,a,Attribute Value Modification,SAVED,,LLMR_stats_component_html_auto_stats_stats_table_title_alf_a
auto-stats-stats-table-title,x-test-stats-table-title,stats_component_html,alpha-target,b,Attribute Removal,SAVED,,LLMR_stats_component_html_auto_stats_stats_table_title_alf_b
auto-stats-stats-table-title,x-test-stats-table-title,stats_component_html,alpha-target,c,Attribute Identifier Modification,SAVED,,LLMR_stats_component_html_auto_stats_stats_table_title_alf_c
auto-stats-stats-table-title,x-test-stats-table-title,stats_component_html,alpha-target,d,Text Content Modification,SAVED,,LLMR_stats_component_html_auto_stats_stats_table_title_alf_d
auto-stats-stats-table-title,x-test-stats-table-title,stats_component_html,alpha-target,e,Text Content Removal,SAVED,,LLMR_stats_component_html_auto_stats_stats_table_title_alf_e
auto-stats-stats-table-title,x-test-stats-table-title,stats_component_html,alpha-target,j,HTML Tag Type Modification,SAVED,,LLMR_stats_component_html_auto_stats_stats_table_title_alf_j
auto-stats-stats-table-title,x-test-stats-table-title,stats_component_html,alpha-target,k,HTML Tag Insertion,SAVED,,LLMR_stats_component_html_auto_stats_stats_table_title_alf_k
auto-stats-stats-table-title,x-test-stats-table-title,stats_component_html,beta-parent,d,Text Content Modification,NA,no-text-content,-
auto-stats-stats-table-title,x-test-stats-table-title,stats_component_html,beta-parent,e,Text Content Removal,NA,no-text-content,-
auto-stats-stats-table-title,x-test-stats-table-title,stats_component_html,beta-parent,i,HTML Tag Removal,NA,would-drop-x-test,-
auto-stats-stats-table-title,x-test-stats-table-title,stats_component_html,beta-parent,a,Attribute Value Modification,REJECTED,duplicate,-
auto-stats-stats-table-title,x-test-stats-table-title,stats_component_html,beta-parent,b,Attribute Removal,REJECTED,duplicate,-
auto-stats-stats-table-title,x-test-stats-table-title,stats_component_html,beta-parent,c,Attribute Identifier Modification,REJECTED,duplicate,-
auto-stats-stats-table-title,x-test-stats-table-title,stats_component_html,beta-parent,j,HTML Tag Type Modification,REJECTED,duplicate,-
auto-stats-stats-table-title,x-test-stats-table-title,stats_component_html,beta-parent,k,HTML Tag Insertion,REJECTED,duplicate,-
auto-stats-stats-table-title,x-test-stats-table-title,stats_component_html,gamma-ancestor,d,Text Content Modification,NA,no-text-content,-
auto-stats-stats-table-title,x-test-stats-table-title,stats_component_html,gamma-ancestor,e,Text Content Removal,NA,no-text-content,-
auto-stats-stats-table-title,x-test-stats-table-title,stats_component_html,gamma-ancestor,i,HTML Tag Removal,NA,root-element,-
auto-stats-stats-table-title,x-test-stats-table-title,stats_component_html,gamma-ancestor,a,Attribute Value Modification,REJECTED,duplicate,-
auto-stats-stats-table-title,x-test-stats-table-title,stats_component_html,gamma-ancestor,b,Attribute Removal,REJECTED,duplicate,-
auto-stats-stats-table-title,x-test-stats-table-title,stats_component_html,gamma-ancestor,c,Attribute Identifier Modification,REJECTED,duplicate,-
auto-stats-stats-table-title,x-test-stats-table-title,stats_component_html,gamma-ancestor,j,HTML Tag Type Modification,REJECTED,duplicate,-
auto-stats-stats-table-title,x-test-stats-table-title,stats_component_html,gamma-ancestor,k,HTML Tag Insertion,REJECTED,duplicate,-
auto-stats-stats-table-title,x-test-stats-table-title,stats_component_html,delta-sibling,d,Text Content Modification,NA,no-text-content,-
auto-stats-stats-table-title,x-test-stats-table-title,stats_component_html,delta-sibling,e,Text Content Removal,NA,no-text-content,-
auto-stats-stats-table-title,x-test-stats-table-title,stats_component_html,delta-sibling,a,Attribute Value Modification,REJECTED,duplicate,-
auto-stats-stats-table-title,x-test-stats-table-title,stats_component_html,delta-sibling,b,Attribute Removal,REJECTED,duplicate,-
auto-stats-stats-table-title,x-test-stats-table-title,stats_component_html,delta-sibling,c,Attribute Identifier Modification,REJECTED,duplicate,-
auto-stats-stats-table-title,x-test-stats-table-title,stats_component_html,delta-sibling,i,HTML Tag Removal,REJECTED,duplicate,-
auto-stats-stats-table-title,x-test-stats-table-title,stats_component_html,delta-sibling,j,HTML Tag Type Modification,REJECTED,duplicate,-
auto-stats-stats-table-title,x-test-stats-table-title,stats_component_html,delta-sibling,k,HTML Tag Insertion,REJECTED,duplicate,-
auto-stats-stats-table-title,x-test-stats-table-title,stats_component_html,epsilon-component,a,Attribute Value Modification,NA,no-such-role,-
auto-stats-stats-table-title,x-test-stats-table-title,stats_component_html,epsilon-component,b,Attribute Removal,NA,no-such-role,-
auto-stats-stats-table-title,x-test-stats-table-title,stats_component_html,epsilon-component,c,Attribute Identifier Modification,NA,no-such-role,-
auto-stats-stats-table-title,x-test-stats-table-title,stats_component_html,epsilon-component,d,Text Content Modification,NA,no-such-role,-
auto-stats-stats-table-title,x-test-stats-table-title,stats_component_html,epsilon-component,e,Text Content Removal,NA,no-such-role,-
auto-stats-stats-table-title,x-test-stats-table-title,stats_component_html,epsilon-component,i,HTML Tag Removal,NA,no-such-role,-
auto-stats-stats-table-title,x-test-stats-table-title,stats_component_html,epsilon-component,j,HTML Tag Type Modification,NA,no-such-role,-
auto-stats-stats-table-title,x-test-stats-table-title,stats_component_html,epsilon-component,k,HTML Tag Insertion,NA,no-such-role,-
auto-stats-stats-th-id,x-test-stats-th-id,stats_component_html,alpha-target,i,HTML Tag Removal,NA,would-drop-x-test,-
auto-stats-stats-th-id,x-test-stats-th-id,stats_component_html,alpha-target,a,Attribute Value Modification,REJECTED,dropped-x-test-stats-th-id,-
auto-stats-stats-th-id,x-test-stats-th-id,stats_component_html,alpha-target,b,Attribute Removal,REJECTED,dropped-x-test-stats-th-id,-
auto-stats-stats-th-id,x-test-stats-th-id,stats_component_html,alpha-target,c,Attribute Identifier Modification,REJECTED,dropped-x-test-stats-th-id,-
auto-stats-stats-th-id,x-test-stats-th-id,stats_component_html,alpha-target,d,Text Content Modification,REJECTED,dropped-x-test-stats-th-id,-
auto-stats-stats-th-id,x-test-stats-th-id,stats_component_html,alpha-target,e,Text Content Removal,REJECTED,dropped-x-test-stats-th-id,-
auto-stats-stats-th-id,x-test-stats-th-id,stats_component_html,alpha-target,j,HTML Tag Type Modification,REJECTED,dropped-x-test-stats-th-id,-
auto-stats-stats-th-id,x-test-stats-th-id,stats_component_html,alpha-target,k,HTML Tag Insertion,REJECTED,dropped-x-test-stats-th-id,-
auto-stats-stats-th-id,x-test-stats-th-id,stats_component_html,beta-parent,a,Attribute Value Modification,NA,no-editable-attribute,-
auto-stats-stats-th-id,x-test-stats-th-id,stats_component_html,beta-parent,b,Attribute Removal,NA,no-editable-attribute,-
auto-stats-stats-th-id,x-test-stats-th-id,stats_component_html,beta-parent,c,Attribute Identifier Modification,NA,no-editable-attribute,-
auto-stats-stats-th-id,x-test-stats-th-id,stats_component_html,beta-parent,d,Text Content Modification,NA,no-text-content,-
auto-stats-stats-th-id,x-test-stats-th-id,stats_component_html,beta-parent,e,Text Content Removal,NA,no-text-content,-
auto-stats-stats-th-id,x-test-stats-th-id,stats_component_html,beta-parent,i,HTML Tag Removal,REJECTED,dropped-x-test-stats-th-id,-
auto-stats-stats-th-id,x-test-stats-th-id,stats_component_html,beta-parent,j,HTML Tag Type Modification,REJECTED,dropped-x-test-stats-th-id,-
auto-stats-stats-th-id,x-test-stats-th-id,stats_component_html,beta-parent,k,HTML Tag Insertion,REJECTED,dropped-x-test-stats-th-id,-
auto-stats-stats-th-id,x-test-stats-th-id,stats_component_html,gamma-ancestor,a,Attribute Value Modification,NA,no-editable-attribute,-
auto-stats-stats-th-id,x-test-stats-th-id,stats_component_html,gamma-ancestor,b,Attribute Removal,NA,no-editable-attribute,-
auto-stats-stats-th-id,x-test-stats-th-id,stats_component_html,gamma-ancestor,c,Attribute Identifier Modification,NA,no-editable-attribute,-
auto-stats-stats-th-id,x-test-stats-th-id,stats_component_html,gamma-ancestor,d,Text Content Modification,NA,no-text-content,-
auto-stats-stats-th-id,x-test-stats-th-id,stats_component_html,gamma-ancestor,e,Text Content Removal,NA,no-text-content,-
auto-stats-stats-th-id,x-test-stats-th-id,stats_component_html,gamma-ancestor,i,HTML Tag Removal,REJECTED,dropped-x-test-stats-th-id,-
auto-stats-stats-th-id,x-test-stats-th-id,stats_component_html,gamma-ancestor,j,HTML Tag Type Modification,REJECTED,dropped-x-test-stats-th-id,-
auto-stats-stats-th-id,x-test-stats-th-id,stats_component_html,gamma-ancestor,k,HTML Tag Insertion,REJECTED,dropped-x-test-stats-th-id,-
auto-stats-stats-th-id,x-test-stats-th-id,stats_component_html,delta-sibling,i,HTML Tag Removal,NA,would-drop-x-test,-
auto-stats-stats-th-id,x-test-stats-th-id,stats_component_html,delta-sibling,a,Attribute Value Modification,REJECTED,dropped-x-test-stats-th-title,-
auto-stats-stats-th-id,x-test-stats-th-id,stats_component_html,delta-sibling,b,Attribute Removal,REJECTED,dropped-x-test-stats-th-title,-
auto-stats-stats-th-id,x-test-stats-th-id,stats_component_html,delta-sibling,c,Attribute Identifier Modification,REJECTED,dropped-x-test-stats-th-title,-
auto-stats-stats-th-id,x-test-stats-th-id,stats_component_html,delta-sibling,d,Text Content Modification,REJECTED,dropped-x-test-stats-th-title,-
auto-stats-stats-th-id,x-test-stats-th-id,stats_component_html,delta-sibling,e,Text Content Removal,REJECTED,dropped-x-test-stats-th-title,-
auto-stats-stats-th-id,x-test-stats-th-id,stats_component_html,delta-sibling,j,HTML Tag Type Modification,REJECTED,dropped-x-test-stats-th-title,-
auto-stats-stats-th-id,x-test-stats-th-id,stats_component_html,delta-sibling,k,HTML Tag Insertion,REJECTED,dropped-x-test-stats-th-title,-
auto-stats-stats-th-id,x-test-stats-th-id,stats_component_html,epsilon-component,d,Text Content Modification,NA,no-text-content,-
auto-stats-stats-th-id,x-test-stats-th-id,stats_component_html,epsilon-component,e,Text Content Removal,NA,no-text-content,-
auto-stats-stats-th-id,x-test-stats-th-id,stats_component_html,epsilon-component,a,Attribute Value Modification,REJECTED,duplicate,-
auto-stats-stats-th-id,x-test-stats-th-id,stats_component_html,epsilon-component,b,Attribute Removal,REJECTED,duplicate,-
auto-stats-stats-th-id,x-test-stats-th-id,stats_component_html,epsilon-component,c,Attribute Identifier Modification,REJECTED,duplicate,-
auto-stats-stats-th-id,x-test-stats-th-id,stats_component_html,epsilon-component,i,HTML Tag Removal,REJECTED,duplicate,-
auto-stats-stats-th-id,x-test-stats-th-id,stats_component_html,epsilon-component,j,HTML Tag Type Modification,REJECTED,duplicate,-
auto-stats-stats-th-id,x-test-stats-th-id,stats_component_html,epsilon-component,k,HTML Tag Insertion,REJECTED,duplicate,-
auto-stats-stats-th-priority,x-test-stats-th-priority,stats_component_html,alpha-target,i,HTML Tag Removal,NA,would-drop-x-test,-
auto-stats-stats-th-priority,x-test-stats-th-priority,stats_component_html,alpha-target,a,Attribute Value Modification,REJECTED,dropped-x-test-stats-th-priority,-
auto-stats-stats-th-priority,x-test-stats-th-priority,stats_component_html,alpha-target,b,Attribute Removal,REJECTED,dropped-x-test-stats-th-priority,-
auto-stats-stats-th-priority,x-test-stats-th-priority,stats_component_html,alpha-target,c,Attribute Identifier Modification,REJECTED,dropped-x-test-stats-th-priority,-
auto-stats-stats-th-priority,x-test-stats-th-priority,stats_component_html,alpha-target,d,Text Content Modification,REJECTED,dropped-x-test-stats-th-priority,-
auto-stats-stats-th-priority,x-test-stats-th-priority,stats_component_html,alpha-target,e,Text Content Removal,REJECTED,dropped-x-test-stats-th-priority,-
auto-stats-stats-th-priority,x-test-stats-th-priority,stats_component_html,alpha-target,j,HTML Tag Type Modification,REJECTED,dropped-x-test-stats-th-priority,-
auto-stats-stats-th-priority,x-test-stats-th-priority,stats_component_html,alpha-target,k,HTML Tag Insertion,REJECTED,dropped-x-test-stats-th-priority,-
auto-stats-stats-th-priority,x-test-stats-th-priority,stats_component_html,beta-parent,a,Attribute Value Modification,NA,no-editable-attribute,-
auto-stats-stats-th-priority,x-test-stats-th-priority,stats_component_html,beta-parent,b,Attribute Removal,NA,no-editable-attribute,-
auto-stats-stats-th-priority,x-test-stats-th-priority,stats_component_html,beta-parent,c,Attribute Identifier Modification,NA,no-editable-attribute,-
auto-stats-stats-th-priority,x-test-stats-th-priority,stats_component_html,beta-parent,d,Text Content Modification,NA,no-text-content,-
auto-stats-stats-th-priority,x-test-stats-th-priority,stats_component_html,beta-parent,e,Text Content Removal,NA,no-text-content,-
auto-stats-stats-th-priority,x-test-stats-th-priority,stats_component_html,beta-parent,i,HTML Tag Removal,REJECTED,dropped-x-test-stats-th-id,-
auto-stats-stats-th-priority,x-test-stats-th-priority,stats_component_html,beta-parent,j,HTML Tag Type Modification,REJECTED,dropped-x-test-stats-th-id,-
auto-stats-stats-th-priority,x-test-stats-th-priority,stats_component_html,beta-parent,k,HTML Tag Insertion,REJECTED,dropped-x-test-stats-th-id,-
auto-stats-stats-th-priority,x-test-stats-th-priority,stats_component_html,gamma-ancestor,a,Attribute Value Modification,NA,no-editable-attribute,-
auto-stats-stats-th-priority,x-test-stats-th-priority,stats_component_html,gamma-ancestor,b,Attribute Removal,NA,no-editable-attribute,-
auto-stats-stats-th-priority,x-test-stats-th-priority,stats_component_html,gamma-ancestor,c,Attribute Identifier Modification,NA,no-editable-attribute,-
auto-stats-stats-th-priority,x-test-stats-th-priority,stats_component_html,gamma-ancestor,d,Text Content Modification,NA,no-text-content,-
auto-stats-stats-th-priority,x-test-stats-th-priority,stats_component_html,gamma-ancestor,e,Text Content Removal,NA,no-text-content,-
auto-stats-stats-th-priority,x-test-stats-th-priority,stats_component_html,gamma-ancestor,i,HTML Tag Removal,REJECTED,dropped-x-test-stats-th-id,-
auto-stats-stats-th-priority,x-test-stats-th-priority,stats_component_html,gamma-ancestor,j,HTML Tag Type Modification,REJECTED,dropped-x-test-stats-th-id,-
auto-stats-stats-th-priority,x-test-stats-th-priority,stats_component_html,gamma-ancestor,k,HTML Tag Insertion,REJECTED,dropped-x-test-stats-th-id,-
auto-stats-stats-th-priority,x-test-stats-th-priority,stats_component_html,delta-sibling,i,HTML Tag Removal,NA,would-drop-x-test,-
auto-stats-stats-th-priority,x-test-stats-th-priority,stats_component_html,delta-sibling,a,Attribute Value Modification,REJECTED,dropped-x-test-stats-th-assignee,-
auto-stats-stats-th-priority,x-test-stats-th-priority,stats_component_html,delta-sibling,b,Attribute Removal,REJECTED,dropped-x-test-stats-th-assignee,-
auto-stats-stats-th-priority,x-test-stats-th-priority,stats_component_html,delta-sibling,c,Attribute Identifier Modification,REJECTED,dropped-x-test-stats-th-assignee,-
auto-stats-stats-th-priority,x-test-stats-th-priority,stats_component_html,delta-sibling,d,Text Content Modification,REJECTED,dropped-x-test-stats-th-assignee,-
auto-stats-stats-th-priority,x-test-stats-th-priority,stats_component_html,delta-sibling,e,Text Content Removal,REJECTED,dropped-x-test-stats-th-assignee,-
auto-stats-stats-th-priority,x-test-stats-th-priority,stats_component_html,delta-sibling,j,HTML Tag Type Modification,REJECTED,dropped-x-test-stats-th-assignee,-
auto-stats-stats-th-priority,x-test-stats-th-priority,stats_component_html,delta-sibling,k,HTML Tag Insertion,REJECTED,dropped-x-test-stats-th-assignee,-
auto-stats-stats-th-priority,x-test-stats-th-priority,stats_component_html,epsilon-component,d,Text Content Modification,NA,no-text-content,-
auto-stats-stats-th-priority,x-test-stats-th-priority,stats_component_html,epsilon-component,e,Text Content Removal,NA,no-text-content,-
auto-stats-stats-th-priority,x-test-stats-th-priority,stats_component_html,epsilon-component,a,Attribute Value Modification,REJECTED,duplicate,-
auto-stats-stats-th-priority,x-test-stats-th-priority,stats_component_html,epsilon-component,b,Attribute Removal,REJECTED,duplicate,-
auto-stats-stats-th-priority,x-test-stats-th-priority,stats_component_html,epsilon-component,c,Attribute Identifier Modification,REJECTED,duplicate,-
auto-stats-stats-th-priority,x-test-stats-th-priority,stats_component_html,epsilon-component,i,HTML Tag Removal,REJECTED,duplicate,-
auto-stats-stats-th-priority,x-test-stats-th-priority,stats_component_html,epsilon-component,j,HTML Tag Type Modification,REJECTED,duplicate,-
auto-stats-stats-th-priority,x-test-stats-th-priority,stats_component_html,epsilon-component,k,HTML Tag Insertion,REJECTED,duplicate,-
auto-stats-stats-th-assignee,x-test-stats-th-assignee,stats_component_html,alpha-target,i,HTML Tag Removal,NA,would-drop-x-test,-
auto-stats-stats-th-assignee,x-test-stats-th-assignee,stats_component_html,alpha-target,a,Attribute Value Modification,REJECTED,dropped-x-test-stats-th-assignee,-
auto-stats-stats-th-assignee,x-test-stats-th-assignee,stats_component_html,alpha-target,b,Attribute Removal,REJECTED,dropped-x-test-stats-th-assignee,-
auto-stats-stats-th-assignee,x-test-stats-th-assignee,stats_component_html,alpha-target,c,Attribute Identifier Modification,REJECTED,dropped-x-test-stats-th-assignee,-
auto-stats-stats-th-assignee,x-test-stats-th-assignee,stats_component_html,alpha-target,d,Text Content Modification,REJECTED,dropped-x-test-stats-th-assignee,-
auto-stats-stats-th-assignee,x-test-stats-th-assignee,stats_component_html,alpha-target,e,Text Content Removal,REJECTED,dropped-x-test-stats-th-assignee,-
auto-stats-stats-th-assignee,x-test-stats-th-assignee,stats_component_html,alpha-target,j,HTML Tag Type Modification,REJECTED,dropped-x-test-stats-th-assignee,-
auto-stats-stats-th-assignee,x-test-stats-th-assignee,stats_component_html,alpha-target,k,HTML Tag Insertion,REJECTED,dropped-x-test-stats-th-assignee,-
auto-stats-stats-th-assignee,x-test-stats-th-assignee,stats_component_html,beta-parent,a,Attribute Value Modification,NA,no-editable-attribute,-
auto-stats-stats-th-assignee,x-test-stats-th-assignee,stats_component_html,beta-parent,b,Attribute Removal,NA,no-editable-attribute,-
auto-stats-stats-th-assignee,x-test-stats-th-assignee,stats_component_html,beta-parent,c,Attribute Identifier Modification,NA,no-editable-attribute,-
auto-stats-stats-th-assignee,x-test-stats-th-assignee,stats_component_html,beta-parent,d,Text Content Modification,NA,no-text-content,-
auto-stats-stats-th-assignee,x-test-stats-th-assignee,stats_component_html,beta-parent,e,Text Content Removal,NA,no-text-content,-
auto-stats-stats-th-assignee,x-test-stats-th-assignee,stats_component_html,beta-parent,i,HTML Tag Removal,REJECTED,dropped-x-test-stats-th-id,-
auto-stats-stats-th-assignee,x-test-stats-th-assignee,stats_component_html,beta-parent,j,HTML Tag Type Modification,REJECTED,dropped-x-test-stats-th-id,-
auto-stats-stats-th-assignee,x-test-stats-th-assignee,stats_component_html,beta-parent,k,HTML Tag Insertion,REJECTED,dropped-x-test-stats-th-id,-
auto-stats-stats-th-assignee,x-test-stats-th-assignee,stats_component_html,gamma-ancestor,a,Attribute Value Modification,NA,no-editable-attribute,-
auto-stats-stats-th-assignee,x-test-stats-th-assignee,stats_component_html,gamma-ancestor,b,Attribute Removal,NA,no-editable-attribute,-
auto-stats-stats-th-assignee,x-test-stats-th-assignee,stats_component_html,gamma-ancestor,c,Attribute Identifier Modification,NA,no-editable-attribute,-
auto-stats-stats-th-assignee,x-test-stats-th-assignee,stats_component_html,gamma-ancestor,d,Text Content Modification,NA,no-text-content,-
auto-stats-stats-th-assignee,x-test-stats-th-assignee,stats_component_html,gamma-ancestor,e,Text Content Removal,NA,no-text-content,-
auto-stats-stats-th-assignee,x-test-stats-th-assignee,stats_component_html,gamma-ancestor,i,HTML Tag Removal,REJECTED,dropped-x-test-stats-th-id,-
auto-stats-stats-th-assignee,x-test-stats-th-assignee,stats_component_html,gamma-ancestor,j,HTML Tag Type Modification,REJECTED,dropped-x-test-stats-th-id,-
auto-stats-stats-th-assignee,x-test-stats-th-assignee,stats_component_html,gamma-ancestor,k,HTML Tag Insertion,REJECTED,dropped-x-test-stats-th-id,-
auto-stats-stats-th-assignee,x-test-stats-th-assignee,stats_component_html,delta-sibling,i,HTML Tag Removal,NA,would-drop-x-test,-
auto-stats-stats-th-assignee,x-test-stats-th-assignee,stats_component_html,delta-sibling,a,Attribute Value Modification,REJECTED,dropped-x-test-stats-th-column,-
auto-stats-stats-th-assignee,x-test-stats-th-assignee,stats_component_html,delta-sibling,b,Attribute Removal,REJECTED,dropped-x-test-stats-th-column,-
auto-stats-stats-th-assignee,x-test-stats-th-assignee,stats_component_html,delta-sibling,c,Attribute Identifier Modification,REJECTED,dropped-x-test-stats-th-column,-
auto-stats-stats-th-assignee,x-test-stats-th-assignee,stats_component_html,delta-sibling,d,Text Content Modification,REJECTED,dropped-x-test-stats-th-column,-
auto-stats-stats-th-assignee,x-test-stats-th-assignee,stats_component_html,delta-sibling,e,Text Content Removal,REJECTED,dropped-x-test-stats-th-column,-
auto-stats-stats-th-assignee,x-test-stats-th-assignee,stats_component_html,delta-sibling,j,HTML Tag Type Modification,REJECTED,dropped-x-test-stats-th-column,-
auto-stats-stats-th-assignee,x-test-stats-th-assignee,stats_component_html,delta-sibling,k,HTML Tag Insertion,REJECTED,dropped-x-test-stats-th-column,-
auto-stats-stats-th-assignee,x-test-stats-th-assignee,stats_component_html,epsilon-component,d,Text Content Modification,NA,no-text-content,-
auto-stats-stats-th-assignee,x-test-stats-th-assignee,stats_component_html,epsilon-component,e,Text Content Removal,NA,no-text-content,-
auto-stats-stats-th-assignee,x-test-stats-th-assignee,stats_component_html,epsilon-component,a,Attribute Value Modification,REJECTED,duplicate,-
auto-stats-stats-th-assignee,x-test-stats-th-assignee,stats_component_html,epsilon-component,b,Attribute Removal,REJECTED,duplicate,-
auto-stats-stats-th-assignee,x-test-stats-th-assignee,stats_component_html,epsilon-component,c,Attribute Identifier Modification,REJECTED,duplicate,-
auto-stats-stats-th-assignee,x-test-stats-th-assignee,stats_component_html,epsilon-component,i,HTML Tag Removal,REJECTED,duplicate,-
auto-stats-stats-th-assignee,x-test-stats-th-assignee,stats_component_html,epsilon-component,j,HTML Tag Type Modification,REJECTED,duplicate,-
auto-stats-stats-th-assignee,x-test-stats-th-assignee,stats_component_html,epsilon-component,k,HTML Tag Insertion,REJECTED,duplicate,-
auto-stats-stats-th-column,x-test-stats-th-column,stats_component_html,alpha-target,i,HTML Tag Removal,NA,would-drop-x-test,-
auto-stats-stats-th-column,x-test-stats-th-column,stats_component_html,alpha-target,a,Attribute Value Modification,REJECTED,dropped-x-test-stats-th-column,-
auto-stats-stats-th-column,x-test-stats-th-column,stats_component_html,alpha-target,b,Attribute Removal,REJECTED,dropped-x-test-stats-th-column,-
auto-stats-stats-th-column,x-test-stats-th-column,stats_component_html,alpha-target,c,Attribute Identifier Modification,REJECTED,dropped-x-test-stats-th-column,-
auto-stats-stats-th-column,x-test-stats-th-column,stats_component_html,alpha-target,d,Text Content Modification,REJECTED,dropped-x-test-stats-th-column,-
auto-stats-stats-th-column,x-test-stats-th-column,stats_component_html,alpha-target,e,Text Content Removal,REJECTED,dropped-x-test-stats-th-column,-
auto-stats-stats-th-column,x-test-stats-th-column,stats_component_html,alpha-target,j,HTML Tag Type Modification,REJECTED,dropped-x-test-stats-th-column,-
auto-stats-stats-th-column,x-test-stats-th-column,stats_component_html,alpha-target,k,HTML Tag Insertion,REJECTED,dropped-x-test-stats-th-column,-
auto-stats-stats-th-column,x-test-stats-th-column,stats_component_html,beta-parent,a,Attribute Value Modification,NA,no-editable-attribute,-
auto-stats-stats-th-column,x-test-stats-th-column,stats_component_html,beta-parent,b,Attribute Removal,NA,no-editable-attribute,-
auto-stats-stats-th-column,x-test-stats-th-column,stats_component_html,beta-parent,c,Attribute Identifier Modification,NA,no-editable-attribute,-
auto-stats-stats-th-column,x-test-stats-th-column,stats_component_html,beta-parent,d,Text Content Modification,NA,no-text-content,-
auto-stats-stats-th-column,x-test-stats-th-column,stats_component_html,beta-parent,e,Text Content Removal,NA,no-text-content,-
auto-stats-stats-th-column,x-test-stats-th-column,stats_component_html,beta-parent,i,HTML Tag Removal,REJECTED,dropped-x-test-stats-th-id,-
auto-stats-stats-th-column,x-test-stats-th-column,stats_component_html,beta-parent,j,HTML Tag Type Modification,REJECTED,dropped-x-test-stats-th-id,-
auto-stats-stats-th-column,x-test-stats-th-column,stats_component_html,beta-parent,k,HTML Tag Insertion,REJECTED,dropped-x-test-stats-th-id,-
auto-stats-stats-th-column,x-test-stats-th-column,stats_component_html,gamma-ancestor,a,Attribute Value Modification,NA,no-editable-attribute,-
auto-stats-stats-th-column,x-test-stats-th-column,stats_component_html,gamma-ancestor,b,Attribute Removal,NA,no-editable-attribute,-
auto-stats-stats-th-column,x-test-stats-th-column,stats_component_html,gamma-ancestor,c,Attribute Identifier Modification,NA,no-editable-attribute,-
auto-stats-stats-th-column,x-test-stats-th-column,stats_component_html,gamma-ancestor,d,Text Content Modification,NA,no-text-content,-
auto-stats-stats-th-column,x-test-stats-th-column,stats_component_html,gamma-ancestor,e,Text Content Removal,NA,no-text-content,-
auto-stats-stats-th-column,x-test-stats-th-column,stats_component_html,gamma-ancestor,i,HTML Tag Removal,REJECTED,dropped-x-test-stats-th-id,-
auto-stats-stats-th-column,x-test-stats-th-column,stats_component_html,gamma-ancestor,j,HTML Tag Type Modification,REJECTED,dropped-x-test-stats-th-id,-
auto-stats-stats-th-column,x-test-stats-th-column,stats_component_html,gamma-ancestor,k,HTML Tag Insertion,REJECTED,dropped-x-test-stats-th-id,-
auto-stats-stats-th-column,x-test-stats-th-column,stats_component_html,delta-sibling,i,HTML Tag Removal,NA,would-drop-x-test,-
auto-stats-stats-th-column,x-test-stats-th-column,stats_component_html,delta-sibling,a,Attribute Value Modification,REJECTED,dropped-x-test-stats-th-assignee,-
auto-stats-stats-th-column,x-test-stats-th-column,stats_component_html,delta-sibling,b,Attribute Removal,REJECTED,dropped-x-test-stats-th-assignee,-
auto-stats-stats-th-column,x-test-stats-th-column,stats_component_html,delta-sibling,c,Attribute Identifier Modification,REJECTED,dropped-x-test-stats-th-assignee,-
auto-stats-stats-th-column,x-test-stats-th-column,stats_component_html,delta-sibling,d,Text Content Modification,REJECTED,dropped-x-test-stats-th-assignee,-
auto-stats-stats-th-column,x-test-stats-th-column,stats_component_html,delta-sibling,e,Text Content Removal,REJECTED,dropped-x-test-stats-th-assignee,-
auto-stats-stats-th-column,x-test-stats-th-column,stats_component_html,delta-sibling,j,HTML Tag Type Modification,REJECTED,dropped-x-test-stats-th-assignee,-
auto-stats-stats-th-column,x-test-stats-th-column,stats_component_html,delta-sibling,k,HTML Tag Insertion,REJECTED,dropped-x-test-stats-th-assignee,-
auto-stats-stats-th-column,x-test-stats-th-column,stats_component_html,epsilon-component,d,Text Content Modification,NA,no-text-content,-
auto-stats-stats-th-column,x-test-stats-th-column,stats_component_html,epsilon-component,e,Text Content Removal,NA,no-text-content,-
auto-stats-stats-th-column,x-test-stats-th-column,stats_component_html,epsilon-component,a,Attribute Value Modification,REJECTED,duplicate,-
auto-stats-stats-th-column,x-test-stats-th-column,stats_component_html,epsilon-component,b,Attribute Removal,REJECTED,duplicate,-
auto-stats-stats-th-column,x-test-stats-th-column,stats_component_html,epsilon-component,c,Attribute Identifier Modification,REJECTED,duplicate,-
auto-stats-stats-th-column,x-test-stats-th-column,stats_component_html,epsilon-component,i,HTML Tag Removal,REJECTED,duplicate,-
auto-stats-stats-th-column,x-test-stats-th-column,stats_component_html,epsilon-component,j,HTML Tag Type Modification,REJECTED,duplicate,-
auto-stats-stats-th-column,x-test-stats-th-column,stats_component_html,epsilon-component,k,HTML Tag Insertion,REJECTED,duplicate,-
auto-stats-stats-empty,x-test-stats-empty,stats_component_html,alpha-target,i,HTML Tag Removal,NA,would-drop-x-test,-
auto-stats-stats-empty,x-test-stats-empty,stats_component_html,alpha-target,a,Attribute Value Modification,REJECTED,dropped-x-test-stats-empty,-
auto-stats-stats-empty,x-test-stats-empty,stats_component_html,alpha-target,b,Attribute Removal,REJECTED,dropped-x-test-stats-empty,-
auto-stats-stats-empty,x-test-stats-empty,stats_component_html,alpha-target,c,Attribute Identifier Modification,REJECTED,dropped-x-test-stats-empty,-
auto-stats-stats-empty,x-test-stats-empty,stats_component_html,alpha-target,d,Text Content Modification,REJECTED,dropped-x-test-stats-empty,-
auto-stats-stats-empty,x-test-stats-empty,stats_component_html,alpha-target,e,Text Content Removal,REJECTED,dropped-x-test-stats-empty,-
auto-stats-stats-empty,x-test-stats-empty,stats_component_html,alpha-target,j,HTML Tag Type Modification,REJECTED,dropped-x-test-stats-empty,-
auto-stats-stats-empty,x-test-stats-empty,stats_component_html,alpha-target,k,HTML Tag Insertion,REJECTED,dropped-x-test-stats-empty,-
auto-stats-stats-empty,x-test-stats-empty,stats_component_html,beta-parent,d,Text Content Modification,NA,no-text-content,-
auto-stats-stats-empty,x-test-stats-empty,stats_component_html,beta-parent,e,Text Content Removal,NA,no-text-content,-
auto-stats-stats-empty,x-test-stats-empty,stats_component_html,beta-parent,a,Attribute Value Modification,REJECTED,dropped-x-test-stats-empty,-
auto-stats-stats-empty,x-test-stats-empty,stats_component_html,beta-parent,b,Attribute Removal,REJECTED,dropped-x-test-stats-empty,-
auto-stats-stats-empty,x-test-stats-empty,stats_component_html,beta-parent,c,Attribute Identifier Modification,REJECTED,dropped-x-test-stats-empty,-
auto-stats-stats-empty,x-test-stats-empty,stats_component_html,beta-parent,i,HTML Tag Removal,REJECTED,dropped-x-test-stats-empty,-
auto-stats-stats-empty,x-test-stats-empty,stats_component_html,beta-parent,j,HTML Tag Type Modification,REJECTED,dropped-x-test-stats-empty,-
auto-stats-stats-empty,x-test-stats-empty,stats_component_html,beta-parent,k,HTML Tag Insertion,REJECTED,dropped-x-test-stats-empty,-
auto-stats-stats-empty,x-test-stats-empty,stats_component_html,gamma-ancestor,a,Attribute Value Modification,NA,no-editable-attribute,-
auto-stats-stats-empty,x-test-stats-empty,stats_component_html,gamma-ancestor,b,Attribute Removal,NA,no-editable-attribute,-
auto-stats-stats-empty,x-test-stats-empty,stats_component_html,gamma-ancestor,c,Attribute Identifier Modification,NA,no-editable-attribute,-
auto-stats-stats-empty,x-test-stats-empty,stats_component_html,gamma-ancestor,d,Text Content Modification,REJECTED,dropped-x-test-stats-empty,-
auto-stats-stats-empty,x-test-stats-empty,stats_component_html,gamma-ancestor,e,Text Content Removal,REJECTED,dropped-x-test-stats-empty,-
auto-stats-stats-empty,x-test-stats-empty,stats_component_html,gamma-ancestor,i,HTML Tag Removal,REJECTED,dropped-x-test-stats-empty,-
auto-stats-stats-empty,x-test-stats-empty,stats_component_html,gamma-ancestor,j,HTML Tag Type Modification,REJECTED,dropped-x-test-stats-empty,-
auto-stats-stats-empty,x-test-stats-empty,stats_component_html,gamma-ancestor,k,HTML Tag Insertion,REJECTED,dropped-x-test-stats-empty,-
auto-stats-stats-empty,x-test-stats-empty,stats_component_html,delta-sibling,a,Attribute Value Modification,NA,no-such-role,-
auto-stats-stats-empty,x-test-stats-empty,stats_component_html,delta-sibling,b,Attribute Removal,NA,no-such-role,-
auto-stats-stats-empty,x-test-stats-empty,stats_component_html,delta-sibling,c,Attribute Identifier Modification,NA,no-such-role,-
auto-stats-stats-empty,x-test-stats-empty,stats_component_html,delta-sibling,d,Text Content Modification,NA,no-such-role,-
auto-stats-stats-empty,x-test-stats-empty,stats_component_html,delta-sibling,e,Text Content Removal,NA,no-such-role,-
auto-stats-stats-empty,x-test-stats-empty,stats_component_html,delta-sibling,i,HTML Tag Removal,NA,no-such-role,-
auto-stats-stats-empty,x-test-stats-empty,stats_component_html,delta-sibling,j,HTML Tag Type Modification,NA,no-such-role,-
auto-stats-stats-empty,x-test-stats-empty,stats_component_html,delta-sibling,k,HTML Tag Insertion,NA,no-such-role,-
auto-stats-stats-empty,x-test-stats-empty,stats_component_html,epsilon-component,d,Text Content Modification,NA,no-text-content,-
auto-stats-stats-empty,x-test-stats-empty,stats_component_html,epsilon-component,e,Text Content Removal,NA,no-text-content,-
auto-stats-stats-empty,x-test-stats-empty,stats_component_html,epsilon-component,a,Attribute Value Modification,REJECTED,duplicate,-
auto-stats-stats-empty,x-test-stats-empty,stats_component_html,epsilon-component,b,Attribute Removal,REJECTED,duplicate,-
auto-stats-stats-empty,x-test-stats-empty,stats_component_html,epsilon-component,c,Attribute Identifier Modification,REJECTED,duplicate,-
auto-stats-stats-empty,x-test-stats-empty,stats_component_html,epsilon-component,i,HTML Tag Removal,REJECTED,duplicate,-
auto-stats-stats-empty,x-test-stats-empty,stats_component_html,epsilon-component,j,HTML Tag Type Modification,REJECTED,duplicate,-
auto-stats-stats-empty,x-test-stats-empty,stats_component_html,epsilon-component,k,HTML Tag Insertion,REJECTED,duplicate,-
auto-app-app,x-test-app,app_component_html,alpha-target,d,Text Content Modification,NA,no-text-content,-
auto-app-app,x-test-app,app_component_html,alpha-target,e,Text Content Removal,NA,no-text-content,-
auto-app-app,x-test-app,app_component_html,alpha-target,i,HTML Tag Removal,NA,root-element,-
auto-app-app,x-test-app,app_component_html,alpha-target,a,Attribute Value Modification,REJECTED,duplicate,-
auto-app-app,x-test-app,app_component_html,alpha-target,b,Attribute Removal,REJECTED,duplicate,-
auto-app-app,x-test-app,app_component_html,alpha-target,c,Attribute Identifier Modification,REJECTED,duplicate,-
auto-app-app,x-test-app,app_component_html,alpha-target,j,HTML Tag Type Modification,REJECTED,duplicate,-
auto-app-app,x-test-app,app_component_html,alpha-target,k,HTML Tag Insertion,REJECTED,duplicate,-
auto-app-app,x-test-app,app_component_html,beta-parent,a,Attribute Value Modification,NA,boundary-element,-
auto-app-app,x-test-app,app_component_html,beta-parent,b,Attribute Removal,NA,boundary-element,-
auto-app-app,x-test-app,app_component_html,beta-parent,c,Attribute Identifier Modification,NA,boundary-element,-
auto-app-app,x-test-app,app_component_html,beta-parent,d,Text Content Modification,NA,boundary-element,-
auto-app-app,x-test-app,app_component_html,beta-parent,e,Text Content Removal,NA,boundary-element,-
auto-app-app,x-test-app,app_component_html,beta-parent,i,HTML Tag Removal,NA,boundary-element,-
auto-app-app,x-test-app,app_component_html,beta-parent,j,HTML Tag Type Modification,NA,boundary-element,-
auto-app-app,x-test-app,app_component_html,beta-parent,k,HTML Tag Insertion,NA,boundary-element,-
auto-app-app,x-test-app,app_component_html,gamma-ancestor,a,Attribute Value Modification,NA,no-such-role,-
auto-app-app,x-test-app,app_component_html,gamma-ancestor,b,Attribute Removal,NA,no-such-role,-
auto-app-app,x-test-app,app_component_html,gamma-ancestor,c,Attribute Identifier Modification,NA,no-such-role,-
auto-app-app,x-test-app,app_component_html,gamma-ancestor,d,Text Content Modification,NA,no-such-role,-
auto-app-app,x-test-app,app_component_html,gamma-ancestor,e,Text Content Removal,NA,no-such-role,-
auto-app-app,x-test-app,app_component_html,gamma-ancestor,i,HTML Tag Removal,NA,no-such-role,-
auto-app-app,x-test-app,app_component_html,gamma-ancestor,j,HTML Tag Type Modification,NA,no-such-role,-
auto-app-app,x-test-app,app_component_html,gamma-ancestor,k,HTML Tag Insertion,NA,no-such-role,-
auto-app-app,x-test-app,app_component_html,delta-sibling,a,Attribute Value Modification,NA,no-such-role,-
auto-app-app,x-test-app,app_component_html,delta-sibling,b,Attribute Removal,NA,no-such-role,-
auto-app-app,x-test-app,app_component_html,delta-sibling,c,Attribute Identifier Modification,NA,no-such-role,-
auto-app-app,x-test-app,app_component_html,delta-sibling,d,Text Content Modification,NA,no-such-role,-
auto-app-app,x-test-app,app_component_html,delta-sibling,e,Text Content Removal,NA,no-such-role,-
auto-app-app,x-test-app,app_component_html,delta-sibling,i,HTML Tag Removal,NA,no-such-role,-
auto-app-app,x-test-app,app_component_html,delta-sibling,j,HTML Tag Type Modification,NA,no-such-role,-
auto-app-app,x-test-app,app_component_html,delta-sibling,k,HTML Tag Insertion,NA,no-such-role,-
auto-app-app,x-test-app,app_component_html,epsilon-component,a,Attribute Value Modification,NA,no-such-role,-
auto-app-app,x-test-app,app_component_html,epsilon-component,b,Attribute Removal,NA,no-such-role,-
auto-app-app,x-test-app,app_component_html,epsilon-component,c,Attribute Identifier Modification,NA,no-such-role,-
auto-app-app,x-test-app,app_component_html,epsilon-component,d,Text Content Modification,NA,no-such-role,-
auto-app-app,x-test-app,app_component_html,epsilon-component,e,Text Content Removal,NA,no-such-role,-
auto-app-app,x-test-app,app_component_html,epsilon-component,i,HTML Tag Removal,NA,no-such-role,-
auto-app-app,x-test-app,app_component_html,epsilon-component,j,HTML Tag Type Modification,NA,no-such-role,-
auto-app-app,x-test-app,app_component_html,epsilon-component,k,HTML Tag Insertion,NA,no-such-role,-
auto-app-footer,x-test-footer,app_component_html,alpha-target,d,Text Content Modification,NA,no-text-content,-
auto-app-footer,x-test-footer,app_component_html,alpha-target,e,Text Content Removal,NA,no-text-content,-
auto-app-footer,x-test-footer,app_component_html,alpha-target,i,HTML Tag Removal,NA,would-drop-x-test,-
auto-app-footer,x-test-footer,app_component_html,alpha-target,a,Attribute Value Modification,REJECTED,duplicate,-
auto-app-footer,x-test-footer,app_component_html,alpha-target,b,Attribute Removal,REJECTED,duplicate,-
auto-app-footer,x-test-footer,app_component_html,alpha-target,c,Attribute Identifier Modification,REJECTED,duplicate,-
auto-app-footer,x-test-footer,app_component_html,alpha-target,j,HTML Tag Type Modification,REJECTED,duplicate,-
auto-app-footer,x-test-footer,app_component_html,alpha-target,k,HTML Tag Insertion,REJECTED,duplicate,-
auto-app-footer,x-test-footer,app_component_html,beta-parent,d,Text Content Modification,NA,no-text-content,-
auto-app-footer,x-test-footer,app_component_html,beta-parent,e,Text Content Removal,NA,no-text-content,-
auto-app-footer,x-test-footer,app_component_html,beta-parent,i,HTML Tag Removal,NA,root-element,-
auto-app-footer,x-test-footer,app_component_html,beta-parent,a,Attribute Value Modification,REJECTED,duplicate,-
auto-app-footer,x-test-footer,app_component_html,beta-parent,b,Attribute Removal,REJECTED,duplicate,-
auto-app-footer,x-test-footer,app_component_html,beta-parent,c,Attribute Identifier Modification,REJECTED,duplicate,-
auto-app-footer,x-test-footer,app_component_html,beta-parent,j,HTML Tag Type Modification,REJECTED,duplicate,-
auto-app-footer,x-test-footer,app_component_html,beta-parent,k,HTML Tag Insertion,REJECTED,duplicate,-
auto-app-footer,x-test-footer,app_component_html,gamma-ancestor,a,Attribute Value Modification,NA,no-such-role,-
auto-app-footer,x-test-footer,app_component_html,gamma-ancestor,b,Attribute Removal,NA,no-such-role,-
auto-app-footer,x-test-footer,app_component_html,gamma-ancestor,c,Attribute Identifier Modification,NA,no-such-role,-
auto-app-footer,x-test-footer,app_component_html,gamma-ancestor,d,Text Content Modification,NA,no-such-role,-
auto-app-footer,x-test-footer,app_component_html,gamma-ancestor,e,Text Content Removal,NA,no-such-role,-
auto-app-footer,x-test-footer,app_component_html,gamma-ancestor,i,HTML Tag Removal,NA,no-such-role,-
auto-app-footer,x-test-footer,app_component_html,gamma-ancestor,j,HTML Tag Type Modification,NA,no-such-role,-
auto-app-footer,x-test-footer,app_component_html,gamma-ancestor,k,HTML Tag Insertion,NA,no-such-role,-
auto-app-footer,x-test-footer,app_component_html,delta-sibling,a,Attribute Value Modification,NA,no-editable-attribute,-
auto-app-footer,x-test-footer,app_component_html,delta-sibling,b,Attribute Removal,NA,no-editable-attribute,-
auto-app-footer,x-test-footer,app_component_html,delta-sibling,c,Attribute Identifier Modification,NA,no-editable-attribute,-
auto-app-footer,x-test-footer,app_component_html,delta-sibling,d,Text Content Modification,NA,no-text-content,-
auto-app-footer,x-test-footer,app_component_html,delta-sibling,e,Text Content Removal,NA,no-text-content,-
auto-app-footer,x-test-footer,app_component_html,delta-sibling,i,HTML Tag Removal,REJECTED,missing-in-ingest,-
auto-app-footer,x-test-footer,app_component_html,delta-sibling,j,HTML Tag Type Modification,REJECTED,duplicate,-
auto-app-footer,x-test-footer,app_component_html,delta-sibling,k,HTML Tag Insertion,REJECTED,duplicate,-
auto-app-footer,x-test-footer,app_component_html,epsilon-component,a,Attribute Value Modification,NA,no-such-role,-
auto-app-footer,x-test-footer,app_component_html,epsilon-component,b,Attribute Removal,NA,no-such-role,-
auto-app-footer,x-test-footer,app_component_html,epsilon-component,c,Attribute Identifier Modification,NA,no-such-role,-
auto-app-footer,x-test-footer,app_component_html,epsilon-component,d,Text Content Modification,NA,no-such-role,-
auto-app-footer,x-test-footer,app_component_html,epsilon-component,e,Text Content Removal,NA,no-such-role,-
auto-app-footer,x-test-footer,app_component_html,epsilon-component,i,HTML Tag Removal,NA,no-such-role,-
auto-app-footer,x-test-footer,app_component_html,epsilon-component,j,HTML Tag Type Modification,NA,no-such-role,-
auto-app-footer,x-test-footer,app_component_html,epsilon-component,k,HTML Tag Insertion,NA,no-such-role,-
auto-toast-toast-bar,x-test-toast-bar,toast_component_html,alpha-target,d,Text Content Modification,NA,no-text-content,-
auto-toast-toast-bar,x-test-toast-bar,toast_component_html,alpha-target,e,Text Content Removal,NA,no-text-content,-
auto-toast-toast-bar,x-test-toast-bar,toast_component_html,alpha-target,i,HTML Tag Removal,NA,root-element,-
auto-toast-toast-bar,x-test-toast-bar,toast_component_html,alpha-target,a,Attribute Value Modification,REJECTED,duplicate,-
auto-toast-toast-bar,x-test-toast-bar,toast_component_html,alpha-target,b,Attribute Removal,REJECTED,duplicate,-
auto-toast-toast-bar,x-test-toast-bar,toast_component_html,alpha-target,c,Attribute Identifier Modification,REJECTED,duplicate,-
auto-toast-toast-bar,x-test-toast-bar,toast_component_html,alpha-target,j,HTML Tag Type Modification,REJECTED,duplicate,-
auto-toast-toast-bar,x-test-toast-bar,toast_component_html,alpha-target,k,HTML Tag Insertion,REJECTED,duplicate,-
auto-toast-toast-bar,x-test-toast-bar,toast_component_html,beta-parent,a,Attribute Value Modification,NA,boundary-element,-
auto-toast-toast-bar,x-test-toast-bar,toast_component_html,beta-parent,b,Attribute Removal,NA,boundary-element,-
auto-toast-toast-bar,x-test-toast-bar,toast_component_html,beta-parent,c,Attribute Identifier Modification,NA,boundary-element,-
auto-toast-toast-bar,x-test-toast-bar,toast_component_html,beta-parent,d,Text Content Modification,NA,boundary-element,-
auto-toast-toast-bar,x-test-toast-bar,toast_component_html,beta-parent,e,Text Content Removal,NA,boundary-element,-
auto-toast-toast-bar,x-test-toast-bar,toast_component_html,beta-parent,i,HTML Tag Removal,NA,boundary-element,-
auto-toast-toast-bar,x-test-toast-bar,toast_component_html,beta-parent,j,HTML Tag Type Modification,NA,boundary-element,-
auto-toast-toast-bar,x-test-toast-bar,toast_component_html,beta-parent,k,HTML Tag Insertion,NA,boundary-element,-
auto-toast-toast-bar,x-test-toast-bar,toast_component_html,gamma-ancestor,a,Attribute Value Modification,NA,no-such-role,-
auto-toast-toast-bar,x-test-toast-bar,toast_component_html,gamma-ancestor,b,Attribute Removal,NA,no-such-role,-
auto-toast-toast-bar,x-test-toast-bar,toast_component_html,gamma-ancestor,c,Attribute Identifier Modification,NA,no-such-role,-
auto-toast-toast-bar,x-test-toast-bar,toast_component_html,gamma-ancestor,d,Text Content Modification,NA,no-such-role,-
auto-toast-toast-bar,x-test-toast-bar,toast_component_html,gamma-ancestor,e,Text Content Removal,NA,no-such-role,-
auto-toast-toast-bar,x-test-toast-bar,toast_component_html,gamma-ancestor,i,HTML Tag Removal,NA,no-such-role,-
auto-toast-toast-bar,x-test-toast-bar,toast_component_html,gamma-ancestor,j,HTML Tag Type Modification,NA,no-such-role,-
auto-toast-toast-bar,x-test-toast-bar,toast_component_html,gamma-ancestor,k,HTML Tag Insertion,NA,no-such-role,-
auto-toast-toast-bar,x-test-toast-bar,toast_component_html,delta-sibling,a,Attribute Value Modification,NA,no-such-role,-
auto-toast-toast-bar,x-test-toast-bar,toast_component_html,delta-sibling,b,Attribute Removal,NA,no-such-role,-
auto-toast-toast-bar,x-test-toast-bar,toast_component_html,delta-sibling,c,Attribute Identifier Modification,NA,no-such-role,-
auto-toast-toast-bar,x-test-toast-bar,toast_component_html,delta-sibling,d,Text Content Modification,NA,no-such-role,-
auto-toast-toast-bar,x-test-toast-bar,toast_component_html,delta-sibling,e,Text Content Removal,NA,no-such-role,-
auto-toast-toast-bar,x-test-toast-bar,toast_component_html,delta-sibling,i,HTML Tag Removal,NA,no-such-role,-
auto-toast-toast-bar,x-test-toast-bar,toast_component_html,delta-sibling,j,HTML Tag Type Modification,NA,no-such-role,-
auto-toast-toast-bar,x-test-toast-bar,toast_component_html,delta-sibling,k,HTML Tag Insertion,NA,no-such-role,-
auto-toast-toast-bar,x-test-toast-bar,toast_component_html,epsilon-component,a,Attribute Value Modification,NA,no-such-role,-
auto-toast-toast-bar,x-test-toast-bar,toast_component_html,epsilon-component,b,Attribute Removal,NA,no-such-role,-
auto-toast-toast-bar,x-test-toast-bar,toast_component_html,epsilon-component,c,Attribute Identifier Modification,NA,no-such-role,-
auto-toast-toast-bar,x-test-toast-bar,toast_component_html,epsilon-component,d,Text Content Modification,NA,no-such-role,-
auto-toast-toast-bar,x-test-toast-bar,toast_component_html,epsilon-component,e,Text Content Removal,NA,no-such-role,-
auto-toast-toast-bar,x-test-toast-bar,toast_component_html,epsilon-component,i,HTML Tag Removal,NA,no-such-role,-
auto-toast-toast-bar,x-test-toast-bar,toast_component_html,epsilon-component,j,HTML Tag Type Modification,NA,no-such-role,-
auto-toast-toast-bar,x-test-toast-bar,toast_component_html,epsilon-component,k,HTML Tag Insertion,NA,no-such-role,-
auto-toast-toast-icon,x-test-toast-icon,toast_component_html,alpha-target,i,HTML Tag Removal,NA,would-drop-x-test,-
auto-toast-toast-icon,x-test-toast-icon,toast_component_html,alpha-target,a,Attribute Value Modification,SAVED,,LLMR_toast_component_html_auto_toast_toast_icon_alf_a
auto-toast-toast-icon,x-test-toast-icon,toast_component_html,alpha-target,b,Attribute Removal,SAVED,,LLMR_toast_component_html_auto_toast_toast_icon_alf_b
auto-toast-toast-icon,x-test-toast-icon,toast_component_html,alpha-target,c,Attribute Identifier Modification,SAVED,,LLMR_toast_component_html_auto_toast_toast_icon_alf_c
auto-toast-toast-icon,x-test-toast-icon,toast_component_html,alpha-target,d,Text Content Modification,SAVED,,LLMR_toast_component_html_auto_toast_toast_icon_alf_d
auto-toast-toast-icon,x-test-toast-icon,toast_component_html,alpha-target,e,Text Content Removal,SAVED,,LLMR_toast_component_html_auto_toast_toast_icon_alf_e
auto-toast-toast-icon,x-test-toast-icon,toast_component_html,alpha-target,j,HTML Tag Type Modification,SAVED,,LLMR_toast_component_html_auto_toast_toast_icon_alf_j
auto-toast-toast-icon,x-test-toast-icon,toast_component_html,alpha-target,k,HTML Tag Insertion,SAVED,,LLMR_toast_component_html_auto_toast_toast_icon_alf_k
auto-toast-toast-icon,x-test-toast-icon,toast_component_html,beta-parent,d,Text Content Modification,NA,no-text-content,-
auto-toast-toast-icon,x-test-toast-icon,toast_component_html,beta-parent,e,Text Content Removal,NA,no-text-content,-
auto-toast-toast-icon,x-test-toast-icon,toast_component_html,beta-parent,i,HTML Tag Removal,NA,root-element,-
auto-toast-toast-icon,x-test-toast-icon,toast_component_html,beta-parent,a,Attribute Value Modification,REJECTED,duplicate,-
auto-toast-toast-icon,x-test-toast-icon,toast_component_html,beta-parent,b,Attribute Removal,REJECTED,duplicate,-
auto-toast-toast-icon,x-test-toast-icon,toast_component_html,beta-parent,c,Attribute Identifier Modification,REJECTED,duplicate,-
auto-toast-toast-icon,x-test-toast-icon,toast_component_html,beta-parent,j,HTML Tag Type Modification,REJECTED,duplicate,-
auto-toast-toast-icon,x-test-toast-icon,toast_component_html,beta-parent,k,HTML Tag Insertion,REJECTED,duplicate,-
auto-toast-toast-icon,x-test-toast-icon,toast_component_html,gamma-ancestor,a,Attribute Value Modification,NA,no-such-role,-
auto-toast-toast-icon,x-test-toast-icon,toast_component_html,gamma-ancestor,b,Attribute Removal,NA,no-such-role,-
auto-toast-toast-icon,x-test-toast-icon,toast_component_html,gamma-ancestor,c,Attribute Identifier Modification,NA,no-such-role,-
auto-toast-toast-icon,x-test-toast-icon,toast_component_html,gamma-ancestor,d,Text Content Modification,NA,no-such-role,-
auto-toast-toast-icon,x-test-toast-icon,toast_component_html,gamma-ancestor,e,Text Content Removal,NA,no-such-role,-
auto-toast-toast-icon,x-test-toast-icon,toast_component_html,gamma-ancestor,i,HTML Tag Removal,NA,no-such-role,-
auto-toast-toast-icon,x-test-toast-icon,toast_component_html,gamma-ancestor,j,HTML Tag Type Modification,NA,no-such-role,-
auto-toast-toast-icon,x-test-toast-icon,toast_component_html,gamma-ancestor,k,HTML Tag Insertion,NA,no-such-role,-
auto-toast-toast-icon,x-test-toast-icon,toast_component_html,delta-sibling,i,HTML Tag Removal,NA,would-drop-x-test,-
auto-toast-toast-icon,x-test-toast-icon,toast_component_html,delta-sibling,a,Attribute Value Modification,REJECTED,duplicate,-
auto-toast-toast-icon,x-test-toast-icon,toast_component_html,delta-sibling,b,Attribute Removal,REJECTED,duplicate,-
auto-toast-toast-icon,x-test-toast-icon,toast_component_html,delta-sibling,c,Attribute Identifier Modification,REJECTED,duplicate,-
auto-toast-toast-icon,x-test-toast-icon,toast_component_html,delta-sibling,d,Text Content Modification,REJECTED,duplicate,-
auto-toast-toast-icon,x-test-toast-icon,toast_component_html,delta-sibling,e,Text Content Removal,REJECTED,duplicate,-
auto-toast-toast-icon,x-test-toast-icon,toast_component_html,delta-sibling,j,HTML Tag Type Modification,REJECTED,duplicate,-
auto-toast-toast-icon,x-test-toast-icon,toast_component_html,delta-sibling,k,HTML Tag Insertion,REJECTED,duplicate,-
auto-toast-toast-icon,x-test-toast-icon,toast_component_html,epsilon-component,a,Attribute Value Modification,NA,no-such-role,-
auto-toast-toast-icon,x-test-toast-icon,toast_component_html,epsilon-component,b,Attribute Removal,NA,no-such-role,-
auto-toast-toast-icon,x-test-toast-icon,toast_component_html,epsilon-component,c,Attribute Identifier Modification,NA,no-such-role,-
auto-toast-toast-icon,x-test-toast-icon,toast_component_html,epsilon-component,d,Text Content Modification,NA,no-such-role,-
auto-toast-toast-icon,x-test-toast-icon,toast_component_html,epsilon-component,e,Text Content Removal,NA,no-such-role,-
auto-toast-toast-icon,x-test-toast-icon,toast_component_html,epsilon-component,i,HTML Tag Removal,NA,no-such-role,-
auto-toast-toast-icon,x-test-toast-icon,toast_component_html,epsilon-component,j,HTML Tag Type Modification,NA,no-such-role,-
auto-toast-toast-icon,x-test-toast-icon,toast_component_html,epsilon-component,k,HTML Tag Insertion,NA,no-such-role,-
