MutationId,Element,Name,Type,Status,Files,ExportFile
a,alpha,header-nav-shopping,attr_val_mod_mut,COMPLETE,1,alpha__header-nav-shopping__a.mut
a,alpha,header-nav-stats,attr_val_mod_mut,COMPLETE,1,alpha__header-nav-stats__a.mut
a,alpha,recipe-list-search,attr_val_mod_mut,COMPLETE,1,alpha__recipe-list-search__a.mut
a,alpha,recipe-list-course-filter,attr_val_mod_mut,COMPLETE,1,alpha__recipe-list-course-filter__a.mut
a,alpha,recipe-list-veg-only,attr_val_mod_mut,COMPLETE,1,alpha__recipe-list-veg-only__a.mut
a,alpha,recipe-list-sort,attr_val_mod_mut,COMPLETE,1,alpha__recipe-list-sort__a.mut
a,alpha,recipe-list-result-count,attr_val_mod_mut,COMPLETE,1,alpha__recipe-list-result-count__a.mut
a,alpha,recipe-list-add-recipe,attr_val_mod_mut,COMPLETE,1,alpha__recipe-list-add-recipe__a.mut
a,alpha,recipe-card-card,attr_val_mod_mut,COMPLETE,1,alpha__recipe-card-card__a.mut
a,alpha,recipe-card-card-title,attr_val_mod_mut,COMPLETE,1,alpha__recipe-card-card-title__a.mut
a,alpha,recipe-card-card-fav,attr_val_mod_mut,COMPLETE,1,alpha__recipe-card-card-fav__a.mut
a,alpha,recipe-card-card-time,attr_val_mod_mut,COMPLETE,1,alpha__recipe-card-card-time__a.mut
a,alpha,recipe-detail-servings,attr_val_mod_mut,COMPLETE,1,alpha__recipe-detail-servings__a.mut
a,alpha,recipe-detail-add-shopping,attr_val_mod_mut,COMPLETE,1,alpha__recipe-detail-add-shopping__a.mut
a,alpha,recipe-detail-delete,attr_val_mod_mut,COMPLETE,1,alpha__recipe-detail-delete__a.mut
a,alpha,ingredient-row-ing-qty,attr_val_mod_mut,COMPLETE,1,alpha__ingredient-row-ing-qty__a.mut
a,alpha,ingredient-row-ing-name,attr_val_mod_mut,COMPLETE,1,alpha__ingredient-row-ing-name__a.mut
a,alpha,step-item-step-number,attr_val_mod_mut,COMPLETE,1,alpha__step-item-step-number__a.mut
a,alpha,step-item-step-text,attr_val_mod_mut,COMPLETE,1,alpha__step-item-step-text__a.mut
a,alpha,recipe-form-f-title,attr_val_mod_mut,COMPLETE,1,alpha__recipe-form-f-title__a.mut
a,alpha,recipe-form-f-course,attr_val_mod_mut,COMPLETE,1,alpha__recipe-form-f-course__a.mut
a,alpha,recipe-form-f-servings,attr_val_mod_mut,COMPLETE,1,alpha__recipe-form-f-servings__a.mut
a,alpha,recipe-form-f-veg,attr_val_mod_mut,COMPLETE,1,alpha__recipe-form-f-veg__a.mut
a,alpha,recipe-form-f-tags,attr_val_mod_mut,COMPLETE,1,alpha__recipe-form-f-tags__a.mut
a,alpha,recipe-form-f-ingredients,attr_val_mod_mut,COMPLETE,1,alpha__recipe-form-f-ingredients__a.mut
a,alpha,recipe-form-f-steps,attr_val_mod_mut,COMPLETE,1,alpha__recipe-form-f-steps__a.mut
a,alpha,recipe-form-f-submit,attr_val_mod_mut,COMPLETE,1,alpha__recipe-form-f-submit__a.mut
a,alpha,shopping-list-open-count,attr_val_mod_mut,COMPLETE,1,alpha__shopping-list-open-count__a.mut
a,alpha,shopping-list-done-count,attr_val_mod_mut,COMPLETE,1,alpha__shopping-list-done-count__a.mut
a,alpha,shopping-list-shop-check,attr_val_mod_mut,COMPLETE,1,alpha__shopping-list-shop-check__a.mut
a,alpha,shopping-list-clear-done,attr_val_mod_mut,COMPLETE,1,alpha__shopping-list-clear-done__a.mut
a,alpha,stats-course-count,attr_val_mod_mut,COMPLETE,1,alpha__stats-course-count__a.mut
a,alpha,stats-top-title,attr_val_mod_mut,COMPLETE,1,alpha__stats-top-title__a.mut
b,alpha,header-nav-shopping,attr_rem_mut,COMPLETE,1,alpha__header-nav-shopping__b.mut
b,alpha,header-nav-stats,attr_rem_mut,COMPLETE,1,alpha__header-nav-stats__b.mut
b,alpha,recipe-list-search,attr_rem_mut,COMPLETE,1,alpha__recipe-list-search__b.mut
b,alpha,recipe-list-course-filter,attr_rem_mut,COMPLETE,1,alpha__recipe-list-course-filter__b.mut
b,alpha,recipe-list-veg-only,attr_rem_mut,COMPLETE,1,alpha__recipe-list-veg-only__b.mut
b,alpha,recipe-list-sort,attr_rem_mut,COMPLETE,1,alpha__recipe-list-sort__b.mut
b,alpha,recipe-list-result-count,attr_rem_mut,COMPLETE,1,alpha__recipe-list-result-count__b.mut
b,alpha,recipe-list-add-recipe,attr_rem_mut,COMPLETE,1,alpha__recipe-list-add-recipe__b.mut
b,alpha,recipe-card-card,attr_rem_mut,COMPLETE,1,alpha__recipe-card-card__b.mut
b,alpha,recipe-card-card-title,attr_rem_mut,COMPLETE,1,alpha__recipe-card-card-title__b.mut
b,alpha,recipe-card-card-fav,attr_rem_mut,COMPLETE,1,alpha__recipe-card-card-fav__b.mut
b,alpha,recipe-card-card-time,attr_rem_mut,COMPLETE,1,alpha__recipe-card-card-time__b.mut
b,alpha,recipe-detail-servings,attr_rem_mut,COMPLETE,1,alpha__recipe-detail-servings__b.mut
b,alpha,recipe-detail-add-shopping,attr_rem_mut,COMPLETE,1,alpha__recipe-detail-add-shopping__b.mut
b,alpha,recipe-detail-delete,attr_rem_mut,COMPLETE,1,alpha__recipe-detail-delete__b.mut
b,alpha,ingredient-row-ing-qty,attr_rem_mut,COMPLETE,1,alpha__ingredient-row-ing-qty__b.mut
b,alpha,ingredient-row-ing-name,attr_rem_mut,COMPLETE,1,alpha__ingredient-row-ing-name__b.mut
b,alpha,step-item-step-number,attr_rem_mut,COMPLETE,1,alpha__step-item-step-number__b.mut
b,alpha,step-item-step-text,attr_rem_mut,COMPLETE,1,alpha__step-item-step-text__b.mut
b,alpha,recipe-form-f-title,attr_rem_mut,COMPLETE,1,alpha__recipe-form-f-title__b.mut
b,alpha,recipe-form-f-course,attr_rem_mut,COMPLETE,1,alpha__recipe-form-f-course__b.mut
b,alpha,recipe-form-f-servings,attr_rem_mut,COMPLETE,1,alpha__recipe-form-f-servings__b.mut
b,alpha,recipe-form-f-veg,attr_rem_mut,COMPLETE,1,alpha__recipe-form-f-veg__b.mut
b,alpha,recipe-form-f-tags,attr_rem_mut,COMPLETE,1,alpha__recipe-form-f-tags__b.mut
b,alpha,recipe-form-f-ingredients,attr_rem_mut,COMPLETE,1,alpha__recipe-form-f-ingredients__b.mut
b,alpha,recipe-form-f-steps,attr_rem_mut,COMPLETE,1,alpha__recipe-form-f-steps__b.mut
b,alpha,recipe-form-f-submit,attr_rem_mut,COMPLETE,1,alpha__recipe-form-f-submit__b.mut
b,alpha,shopping-list-open-count,attr_rem_mut,COMPLETE,1,alpha__shopping-list-open-count__b.mut
b,alpha,shopping-list-done-count,attr_rem_mut,COMPLETE,1,alpha__shopping-list-done-count__b.mut
b,alpha,shopping-list-shop-check,attr_rem_mut,COMPLETE,1,alpha__shopping-list-shop-check__b.mut
b,alpha,shopping-list-clear-done,attr_rem_mut,COMPLETE,1,alpha__shopping-list-clear-done__b.mut
b,alpha,stats-course-count,attr_rem_mut,COMPLETE,1,alpha__stats-course-count__b.mut
b,alpha,stats-top-title,attr_rem_mut,COMPLETE,1,alpha__stats-top-title__b.mut
c,alpha,recipe-list-search,attr_id_mut,HELD,1,alpha__recipe-list-search__c.mut
c,alpha,recipe-list-course-filter,attr_id_mut,HELD,1,alpha__recipe-list-course-filter__c.mut
c,alpha,recipe-list-veg-only,attr_id_mut,HELD,1,alpha__recipe-list-veg-only__c.mut
c,alpha,recipe-list-sort,attr_id_mut,HELD,1,alpha__recipe-list-sort__c.mut
c,alpha,recipe-detail-servings,attr_id_mut,HELD,1,alpha__recipe-detail-servings__c.mut
c,alpha,recipe-form-f-title,attr_id_mut,HELD,1,alpha__recipe-form-f-title__c.mut
c,alpha,recipe-form-f-course,attr_id_mut,HELD,1,alpha__recipe-form-f-course__c.mut
c,alpha,recipe-form-f-servings,attr_id_mut,HELD,1,alpha__recipe-form-f-servings__c.mut
c,alpha,recipe-form-f-veg,attr_id_mut,HELD,1,alpha__recipe-form-f-veg__c.mut
c,alpha,recipe-form-f-tags,attr_id_mut,HELD,1,alpha__recipe-form-f-tags__c.mut
c,alpha,recipe-form-f-ingredients,attr_id_mut,HELD,1,alpha__recipe-form-f-ingredients__c.mut
c,alpha,recipe-form-f-steps,attr_id_mut,HELD,1,alpha__recipe-form-f-steps__c.mut
d,alpha,app-footer-brand,text_cont_mod_mut,COMPLETE,1,alpha__app-footer-brand__d.mut
d,alpha,app-footer-version,text_cont_mod_mut,COMPLETE,1,alpha__app-footer-version__d.mut
d,alpha,header-brand-name,text_cont_mod_mut,COMPLETE,1,alpha__header-brand-name__d.mut
d,alpha,header-nav-shopping,text_cont_mod_mut,COMPLETE,1,alpha__header-nav-shopping__d.mut
d,alpha,header-nav-stats,text_cont_mod_mut,COMPLETE,1,alpha__header-nav-stats__d.mut
d,alpha,toast-toast-message,text_cont_mod_mut,COMPLETE,1,alpha__toast-toast-message__d.mut
d,alpha,recipe-list-list-title,text_cont_mod_mut,COMPLETE,1,alpha__recipe-list-list-title__d.mut
d,alpha,recipe-list-result-count,text_cont_mod_mut,COMPLETE,1,alpha__recipe-list-result-count__d.mut
d,alpha,recipe-list-add-recipe,text_cont_mod_mut,COMPLETE,1,alpha__recipe-list-add-recipe__d.mut
d,alpha,recipe-list-empty,text_cont_mod_mut,COMPLETE,1,alpha__recipe-list-empty__d.mut
d,alpha,recipe-card-card-title,text_cont_mod_mut,COMPLETE,1,alpha__recipe-card-card-title__d.mut
d,alpha,recipe-card-card-fav,text_cont_mod_mut,COMPLETE,1,alpha__recipe-card-card-fav__d.mut
d,alpha,recipe-card-card-time,text_cont_mod_mut,COMPLETE,1,alpha__recipe-card-card-time__d.mut
d,alpha,recipe-detail-detail-title,text_cont_mod_mut,COMPLETE,1,alpha__recipe-detail-detail-title__d.mut
d,alpha,recipe-detail-detail-author,text_cont_mod_mut,COMPLETE,1,alpha__recipe-detail-detail-author__d.mut
d,alpha,recipe-detail-kcal,text_cont_mod_mut,COMPLETE,1,alpha__recipe-detail-kcal__d.mut
d,alpha,recipe-detail-protein,text_cont_mod_mut,COMPLETE,1,alpha__recipe-detail-protein__d.mut
d,alpha,recipe-detail-add-shopping,text_cont_mod_mut,COMPLETE,1,alpha__recipe-detail-add-shopping__d.mut
d,alpha,recipe-detail-delete,text_cont_mod_mut,COMPLETE,1,alpha__recipe-detail-delete__d.mut
d,alpha,recipe-detail-not-found,text_cont_mod_mut,COMPLETE,1,alpha__recipe-detail-not-found__d.mut
d,alpha,ingredient-row-ing-qty,text_cont_mod_mut,COMPLETE,1,alpha__ingredient-row-ing-qty__d.mut
d,alpha,ingredient-row-ing-name,text_cont_mod_mut,COMPLETE,1,alpha__ingredient-row-ing-name__d.mut
d,alpha,step-item-step-number,text_cont_mod_mut,COMPLETE,1,alpha__step-item-step-number__d.mut
d,alpha,step-item-step-text,text_cont_mod_mut,COMPLETE,1,alpha__step-item-step-text__d.mut
d,alpha,recipe-form-form-heading,text_cont_mod_mut,COMPLETE,1,alpha__recipe-form-form-heading__d.mut
d,alpha,recipe-form-f-submit,text_cont_mod_mut,COMPLETE,1,alpha__recipe-form-f-submit__d.mut
d,alpha,shopping-list-shopping-title,text_cont_mod_mut,COMPLETE,1,alpha__shopping-list-shopping-title__d.mut
d,alpha,shopping-list-open-count,text_cont_mod_mut,COMPLETE,1,alpha__shopping-list-open-count__d.mut
d,alpha,shopping-list-done-count,text_cont_mod_mut,COMPLETE,1,alpha__shopping-list-done-count__d.mut
d,alpha,shopping-list-shopping-empty,text_cont_mod_mut,COMPLETE,1,alpha__shopping-list-shopping-empty__d.mut
d,alpha,shopping-list-clear-done,text_cont_mod_mut,COMPLETE,1,alpha__shopping-list-clear-done__d.mut
d,alpha,stats-stats-title,text_cont_mod_mut,COMPLETE,1,alpha__stats-stats-title__d.mut
d,alpha,stats-stat-total,text_cont_mod_mut,COMPLETE,1,alpha__stats-stat-total__d.mut
d,alpha,stats-stat-veg,text_cont_mod_mut,COMPLETE,1,alpha__stats-stat-veg__d.mut
d,alpha,stats-stat-time,text_cont_mod_mut,COMPLETE,1,alpha__stats-stat-time__d.mut
d,alpha,stats-stat-fav,text_cont_mod_mut,COMPLETE,1,alpha__stats-stat-fav__d.mut
d,alpha,stats-course-count,text_cont_mod_mut,COMPLETE,1,alpha__stats-course-count__d.mut
d,alpha,stats-top-title,text_cont_mod_mut,COMPLETE,1,alpha__stats-top-title__d.mut
e,alpha,app-footer-brand,text_cont_rem_mut,COMPLETE,1,alpha__app-footer-brand__e.mut
e,alpha,app-footer-version,text_cont_rem_mut,COMPLETE,1,alpha__app-footer-version__e.mut
e,alpha,header-brand-name,text_cont_rem_mut,COMPLETE,1,alpha__header-brand-name__e.mut
e,alpha,header-nav-shopping,text_cont_rem_mut,COMPLETE,1,alpha__header-nav-shopping__e.mut
e,alpha,header-nav-stats,text_cont_rem_mut,COMPLETE,1,alpha__header-nav-stats__e.mut
e,alpha,toast-toast-message,text_cont_rem_mut,COMPLETE,1,alpha__toast-toast-message__e.mut
e,alpha,recipe-list-list-title,text_cont_rem_mut,COMPLETE,1,alpha__recipe-list-list-title__e.mut
e,alpha,recipe-list-result-count,text_cont_rem_mut,COMPLETE,1,alpha__recipe-list-result-count__e.mut
e,alpha,recipe-list-add-recipe,text_cont_rem_mut,COMPLETE,1,alpha__recipe-list-add-recipe__e.mut
e,alpha,recipe-list-empty,text_cont_rem_mut,COMPLETE,1,alpha__recipe-list-empty__e.mut
e,alpha,recipe-card-card-title,text_cont_rem_mut,COMPLETE,1,alpha__recipe-card-card-title__e.mut
e,alpha,recipe-card-card-fav,text_cont_rem_mut,COMPLETE,1,alpha__recipe-card-card-fav__e.mut
e,alpha,recipe-card-card-time,text_cont_rem_mut,COMPLETE,1,alpha__recipe-card-card-time__e.mut
e,alpha,recipe-detail-detail-title,text_cont_rem_mut,COMPLETE,1,alpha__recipe-detail-detail-title__e.mut
e,alpha,recipe-detail-detail-author,text_cont_rem_mut,COMPLETE,1,alpha__recipe-detail-detail-author__e.mut
e,alpha,recipe-detail-kcal,text_cont_rem_mut,COMPLETE,1,alpha__recipe-detail-kcal__e.mut
e,alpha,recipe-detail-protein,text_cont_rem_mut,COMPLETE,1,alpha__recipe-detail-protein__e.mut
e,alpha,recipe-detail-add-shopping,text_cont_rem_mut,COMPLETE,1,alpha__recipe-detail-add-shopping__e.mut
e,alpha,recipe-detail-delete,text_cont_rem_mut,COMPLETE,1,alpha__recipe-detail-delete__e.mut
e,alpha,recipe-detail-not-found,text_cont_rem_mut,COMPLETE,1,alpha__recipe-detail-not-found__e.mut
e,alpha,ingredient-row-ing-qty,text_cont_rem_mut,COMPLETE,1,alpha__ingredient-row-ing-qty__e.mut
e,alpha,ingredient-row-ing-name,text_cont_rem_mut,COMPLETE,1,alpha__ingredient-row-ing-name__e.mut
e,alpha,step-item-step-number,text_cont_rem_mut,COMPLETE,1,alpha__step-item-step-number__e.mut
e,alpha,step-item-step-text,text_cont_rem_mut,COMPLETE,1,alpha__step-item-step-text__e.mut
e,alpha,recipe-form-form-heading,text_cont_rem_mut,COMPLETE,1,alpha__recipe-form-form-heading__e.mut
e,alpha,recipe-form-f-submit,text_cont_rem_mut,COMPLETE,1,alpha__recipe-form-f-submit__e.mut
e,alpha,shopping-list-shopping-title,text_cont_rem_mut,COMPLETE,1,alpha__shopping-list-shopping-title__e.mut
e,alpha,shopping-list-open-count,text_cont_rem_mut,COMPLETE,1,alpha__shopping-list-open-count__e.mut
e,alpha,shopping-list-done-count,text_cont_rem_mut,COMPLETE,1,alpha__shopping-list-done-count__e.mut
e,alpha,shopping-list-shopping-empty,text_cont_rem_mut,COMPLETE,1,alpha__shopping-list-shopping-empty__e.mut
e,alpha,shopping-list-clear-done,text_cont_rem_mut,COMPLETE,1,alpha__shopping-list-clear-done__e.mut
e,alpha,stats-stats-title,text_cont_rem_mut,COMPLETE,1,alpha__stats-stats-title__e.mut
e,alpha,stats-stat-total,text_cont_rem_mut,COMPLETE,1,alpha__stats-stat-total__e.mut
e,alpha,stats-stat-veg,text_cont_rem_mut,COMPLETE,1,alpha__stats-stat-veg__e.mut
e,alpha,stats-stat-time,text_cont_rem_mut,COMPLETE,1,alpha__stats-stat-time__e.mut
e,alpha,stats-stat-fav,text_cont_rem_mut,COMPLETE,1,alpha__stats-stat-fav__e.mut
e,alpha,stats-course-count,text_cont_rem_mut,COMPLETE,1,alpha__stats-course-count__e.mut
e,alpha,stats-top-title,text_cont_rem_mut,COMPLETE,1,alpha__stats-top-title__e.mut
f,alpha,app-footer-version,tag_mov_container_mut,COMPLETE,1,alpha__app-footer-version__f.mut
f,alpha,header-brand-name,tag_mov_container_mut,COMPLETE,1,alpha__header-brand-name__f.mut
f,alpha,toast-toast-message,tag_mov_container_mut,COMPLETE,1,alpha__toast-toast-message__f.mut
f,alpha,recipe-list-search,tag_mov_container_mut,COMPLETE,1,alpha__recipe-list-search__f.mut
f,alpha,recipe-list-course-filter,tag_mov_container_mut,COMPLETE,1,alpha__recipe-list-course-filter__f.mut
f,alpha,recipe-list-sort,tag_mov_container_mut,COMPLETE,1,alpha__recipe-list-sort__f.mut
f,alpha,recipe-card-card-fav,tag_mov_container_mut,COMPLETE,1,alpha__recipe-card-card-fav__f.mut
f,alpha,recipe-detail-servings,tag_mov_container_mut,COMPLETE,1,alpha__recipe-detail-servings__f.mut
f,alpha,recipe-detail-kcal,tag_mov_container_mut,COMPLETE,1,alpha__recipe-detail-kcal__f.mut
f,alpha,recipe-detail-protein,tag_mov_container_mut,COMPLETE,1,alpha__recipe-detail-protein__f.mut
f,alpha,recipe-detail-delete,tag_mov_container_mut,COMPLETE,1,alpha__recipe-detail-delete__f.mut
f,alpha,ingredient-row-ing-qty,tag_mov_container_mut,COMPLETE,1,alpha__ingredient-row-ing-qty__f.mut
f,alpha,ingredient-row-ing-name,tag_mov_container_mut,COMPLETE,1,alpha__ingredient-row-ing-name__f.mut
f,alpha,stats-course-count,tag_mov_container_mut,COMPLETE,1,alpha__stats-course-count__f.mut
g,alpha,app-footer-brand,tag_mov_html_mut,COMPLETE,2,alpha__app-footer-brand__g.mut
g,alpha,app-footer-version,tag_mov_html_mut,COMPLETE,2,alpha__app-footer-version__g.mut
g,alpha,header-brand-name,tag_mov_html_mut,COMPLETE,2,alpha__header-brand-name__g.mut
g,alpha,header-nav-shopping,tag_mov_html_mut,COMPLETE,2,alpha__header-nav-shopping__g.mut
g,alpha,header-nav-stats,tag_mov_html_mut,COMPLETE,2,alpha__header-nav-stats__g.mut
g,alpha,toast-toast-message,tag_mov_html_mut,COMPLETE,2,alpha__toast-toast-message__g.mut
g,alpha,recipe-list-list-title,tag_mov_html_mut,COMPLETE,2,alpha__recipe-list-list-title__g.mut
g,alpha,recipe-list-search,tag_mov_html_mut,COMPLETE,2,alpha__recipe-list-search__g.mut
g,alpha,recipe-list-course-filter,tag_mov_html_mut,COMPLETE,2,alpha__recipe-list-course-filter__g.mut
g,alpha,recipe-list-veg-only,tag_mov_html_mut,COMPLETE,2,alpha__recipe-list-veg-only__g.mut
g,alpha,recipe-list-sort,tag_mov_html_mut,COMPLETE,2,alpha__recipe-list-sort__g.mut
g,alpha,recipe-list-result-count,tag_mov_html_mut,COMPLETE,2,alpha__recipe-list-result-count__g.mut
g,alpha,recipe-list-add-recipe,tag_mov_html_mut,COMPLETE,2,alpha__recipe-list-add-recipe__g.mut
g,alpha,recipe-list-empty,tag_mov_html_mut,COMPLETE,2,alpha__recipe-list-empty__g.mut
g,alpha,recipe-card-card,tag_mov_html_mut,COMPLETE,2,alpha__recipe-card-card__g.mut
g,alpha,recipe-card-card-title,tag_mov_html_mut,COMPLETE,2,alpha__recipe-card-card-title__g.mut
g,alpha,recipe-card-card-fav,tag_mov_html_mut,COMPLETE,2,alpha__recipe-card-card-fav__g.mut
g,alpha,recipe-card-card-time,tag_mov_html_mut,COMPLETE,2,alpha__recipe-card-card-time__g.mut
g,alpha,recipe-detail-detail-title,tag_mov_html_mut,COMPLETE,2,alpha__recipe-detail-detail-title__g.mut
g,alpha,recipe-detail-detail-author,tag_mov_html_mut,COMPLETE,2,alpha__recipe-detail-detail-author__g.mut
g,alpha,recipe-detail-servings,tag_mov_html_mut,COMPLETE,2,alpha__recipe-detail-servings__g.mut
g,alpha,recipe-detail-kcal,tag_mov_html_mut,COMPLETE,2,alpha__recipe-detail-kcal__g.mut
g,alpha,recipe-detail-protein,tag_mov_html_mut,COMPLETE,2,alpha__recipe-detail-protein__g.mut
g,alpha,recipe-detail-add-shopping,tag_mov_html_mut,COMPLETE,2,alpha__recipe-detail-add-shopping__g.mut
g,alpha,recipe-detail-delete,tag_mov_html_mut,COMPLETE,2,alpha__recipe-detail-delete__g.mut
g,alpha,recipe-detail-not-found,tag_mov_html_mut,COMPLETE,2,alpha__recipe-detail-not-found__g.mut
g,alpha,ingredient-row-ing-qty,tag_mov_html_mut,COMPLETE,2,alpha__ingredient-row-ing-qty__g.mut
g,alpha,ingredient-row-ing-name,tag_mov_html_mut,COMPLETE,2,alpha__ingredient-row-ing-name__g.mut
g,alpha,step-item-step-number,tag_mov_html_mut,COMPLETE,2,alpha__step-item-step-number__g.mut
g,alpha,step-item-step-text,tag_mov_html_mut,COMPLETE,2,alpha__step-item-step-text__g.mut
g,alpha,recipe-form-form-heading,tag_mov_html_mut,COMPLETE,2,alpha__recipe-form-form-heading__g.mut
g,alpha,recipe-form-f-title,tag_mov_html_mut,COMPLETE,2,alpha__recipe-form-f-title__g.mut
g,alpha,recipe-form-f-course,tag_mov_html_mut,COMPLETE,2,alpha__recipe-form-f-course__g.mut
g,alpha,recipe-form-f-servings,tag_mov_html_mut,COMPLETE,2,alpha__recipe-form-f-servings__g.mut
g,alpha,recipe-form-f-veg,tag_mov_html_mut,COMPLETE,2,alpha__recipe-form-f-veg__g.mut
g,alpha,recipe-form-f-tags,tag_mov_html_mut,COMPLETE,2,alpha__recipe-form-f-tags__g.mut
g,alpha,recipe-form-f-ingredients,tag_mov_html_mut,COMPLETE,2,alpha__recipe-form-f-ingredients__g.mut
g,alpha,recipe-form-f-steps,tag_mov_html_mut,COMPLETE,2,alpha__recipe-form-f-steps__g.mut
g,alpha,recipe-form-f-submit,tag_mov_html_mut,COMPLETE,2,alpha__recipe-form-f-submit__g.mut
g,alpha,stats-stats-title,tag_mov_html_mut,COMPLETE,2,alpha__stats-stats-title__g.mut
g,alpha,stats-stat-total,tag_mov_html_mut,COMPLETE,2,alpha__stats-stat-total__g.mut
g,alpha,stats-stat-veg,tag_mov_html_mut,COMPLETE,2,alpha__stats-stat-veg__g.mut
g,alpha,stats-stat-time,tag_mov_html_mut,COMPLETE,2,alpha__stats-stat-time__g.mut
g,alpha,stats-stat-fav,tag_mov_html_mut,COMPLETE,2,alpha__stats-stat-fav__g.mut
g,alpha,stats-course-count,tag_mov_html_mut,COMPLETE,2,alpha__stats-course-count__g.mut
g,alpha,stats-top-title,tag_mov_html_mut,COMPLETE,2,alpha__stats-top-title__g.mut
h,alpha,app-footer-brand,tag_mov_temp_mut,COMPLETE,2,alpha__app-footer-brand__h.mut
h,alpha,app-footer-version,tag_mov_temp_mut,COMPLETE,2,alpha__app-footer-version__h.mut
h,alpha,header-brand-name,tag_mov_temp_mut,COMPLETE,2,alpha__header-brand-name__h.mut
h,alpha,header-nav-shopping,tag_mov_temp_mut,COMPLETE,2,alpha__header-nav-shopping__h.mut
h,alpha,header-nav-stats,tag_mov_temp_mut,COMPLETE,2,alpha__header-nav-stats__h.mut
h,alpha,toast-toast-message,tag_mov_temp_mut,COMPLETE,2,alpha__toast-toast-message__h.mut
h,alpha,recipe-list-list-title,tag_mov_temp_mut,COMPLETE,2,alpha__recipe-list-list-title__h.mut
h,alpha,recipe-list-search,tag_mov_temp_mut,COMPLETE,2,alpha__recipe-list-search__h.mut
h,alpha,recipe-list-course-filter,tag_mov_temp_mut,COMPLETE,2,alpha__recipe-list-course-filter__h.mut
h,alpha,recipe-list-veg-only,tag_mov_temp_mut,COMPLETE,2,alpha__recipe-list-veg-only__h.mut
h,alpha,recipe-list-sort,tag_mov_temp_mut,COMPLETE,2,alpha__recipe-list-sort__h.mut
h,alpha,recipe-list-result-count,tag_mov_temp_mut,COMPLETE,2,alpha__recipe-list-result-count__h.mut
h,alpha,recipe-list-add-recipe,tag_mov_temp_mut,COMPLETE,2,alpha__recipe-list-add-recipe__h.mut
h,alpha,recipe-list-empty,tag_mov_temp_mut,COMPLETE,2,alpha__recipe-list-empty__h.mut
h,alpha,recipe-card-card,tag_mov_temp_mut,COMPLETE,2,alpha__recipe-card-card__h.mut
h,alpha,recipe-card-card-title,tag_mov_temp_mut,COMPLETE,2,alpha__recipe-card-card-title__h.mut
h,alpha,recipe-card-card-fav,tag_mov_temp_mut,COMPLETE,2,alpha__recipe-card-card-fav__h.mut
h,alpha,recipe-card-card-time,tag_mov_temp_mut,COMPLETE,2,alpha__recipe-card-card-time__h.mut
h,alpha,recipe-detail-detail-title,tag_mov_temp_mut,COMPLETE,2,alpha__recipe-detail-detail-title__h.mut
h,alpha,recipe-detail-detail-author,tag_mov_temp_mut,COMPLETE,2,alpha__recipe-detail-detail-author__h.mut
h,alpha,recipe-detail-servings,tag_mov_temp_mut,COMPLETE,2,alpha__recipe-detail-servings__h.mut
h,alpha,recipe-detail-kcal,tag_mov_temp_mut,COMPLETE,2,alpha__recipe-detail-kcal__h.mut
h,alpha,recipe-detail-protein,tag_mov_temp_mut,COMPLETE,2,alpha__recipe-detail-protein__h.mut
h,alpha,recipe-detail-add-shopping,tag_mov_temp_mut,COMPLETE,2,alpha__recipe-detail-add-shopping__h.mut
h,alpha,recipe-detail-delete,tag_mov_temp_mut,COMPLETE,2,alpha__recipe-detail-delete__h.mut
h,alpha,recipe-detail-not-found,tag_mov_temp_mut,COMPLETE,2,alpha__recipe-detail-not-found__h.mut
h,alpha,ingredient-row-ing-qty,tag_mov_temp_mut,COMPLETE,2,alpha__ingredient-row-ing-qty__h.mut
h,alpha,ingredient-row-ing-name,tag_mov_temp_mut,COMPLETE,2,alpha__ingredient-row-ing-name__h.mut
h,alpha,step-item-step-number,tag_mov_temp_mut,COMPLETE,2,alpha__step-item-step-number__h.mut
h,alpha,step-item-step-text,tag_mov_temp_mut,COMPLETE,2,alpha__step-item-step-text__h.mut
h,alpha,recipe-form-form-heading,tag_mov_temp_mut,COMPLETE,2,alpha__recipe-form-form-heading__h.mut
h,alpha,recipe-form-f-title,tag_mov_temp_mut,COMPLETE,2,alpha__recipe-form-f-title__h.mut
h,alpha,recipe-form-f-course,tag_mov_temp_mut,COMPLETE,2,alpha__recipe-form-f-course__h.mut
h,alpha,recipe-form-f-servings,tag_mov_temp_mut,COMPLETE,2,alpha__recipe-form-f-servings__h.mut
h,alpha,recipe-form-f-veg,tag_mov_temp_mut,COMPLETE,2,alpha__recipe-form-f-veg__h.mut
h,alpha,recipe-form-f-tags,tag_mov_temp_mut,COMPLETE,2,alpha__recipe-form-f-tags__h.mut
h,alpha,recipe-form-f-ingredients,tag_mov_temp_mut,COMPLETE,2,alpha__recipe-form-f-ingredients__h.mut
h,alpha,recipe-form-f-steps,tag_mov_temp_mut,COMPLETE,2,alpha__recipe-form-f-steps__h.mut
h,alpha,recipe-form-f-submit,tag_mov_temp_mut,COMPLETE,2,alpha__recipe-form-f-submit__h.mut
h,alpha,shopping-list-shopping-title,tag_mov_temp_mut,COMPLETE,2,alpha__shopping-list-shopping-title__h.mut
h,alpha,shopping-list-open-count,tag_mov_temp_mut,COMPLETE,2,alpha__shopping-list-open-count__h.mut
h,alpha,shopping-list-done-count,tag_mov_temp_mut,COMPLETE,2,alpha__shopping-list-done-count__h.mut
h,alpha,shopping-list-shopping-empty,tag_mov_temp_mut,COMPLETE,2,alpha__shopping-list-shopping-empty__h.mut
h,alpha,shopping-list-shop-check,tag_mov_temp_mut,COMPLETE,2,alpha__shopping-list-shop-check__h.mut
h,alpha,shopping-list-clear-done,tag_mov_temp_mut,COMPLETE,2,alpha__shopping-list-clear-done__h.mut
h,alpha,stats-stats-title,tag_mov_temp_mut,COMPLETE,2,alpha__stats-stats-title__h.mut
h,alpha,stats-stat-total,tag_mov_temp_mut,COMPLETE,2,alpha__stats-stat-total__h.mut
h,alpha,stats-stat-veg,tag_mov_temp_mut,COMPLETE,2,alpha__stats-stat-veg__h.mut
h,alpha,stats-stat-time,tag_mov_temp_mut,COMPLETE,2,alpha__stats-stat-time__h.mut
h,alpha,stats-stat-fav,tag_mov_temp_mut,COMPLETE,2,alpha__stats-stat-fav__h.mut
h,alpha,stats-course-count,tag_mov_temp_mut,COMPLETE,2,alpha__stats-course-count__h.mut
h,alpha,stats-top-title,tag_mov_temp_mut,COMPLETE,2,alpha__stats-top-title__h.mut
i,alpha,app-footer-brand,tag_rem_mut,COMPLETE,1,alpha__app-footer-brand__i.mut
i,alpha,app-footer-version,tag_rem_mut,COMPLETE,1,alpha__app-footer-version__i.mut
i,alpha,header-brand-name,tag_rem_mut,COMPLETE,1,alpha__header-brand-name__i.mut
i,alpha,header-nav-shopping,tag_rem_mut,COMPLETE,1,alpha__header-nav-shopping__i.mut
i,alpha,header-nav-stats,tag_rem_mut,COMPLETE,1,alpha__header-nav-stats__i.mut
i,alpha,toast-toast-message,tag_rem_mut,COMPLETE,1,alpha__toast-toast-message__i.mut
i,alpha,recipe-list-list-title,tag_rem_mut,COMPLETE,1,alpha__recipe-list-list-title__i.mut
i,alpha,recipe-list-search,tag_rem_mut,COMPLETE,1,alpha__recipe-list-search__i.mut
i,alpha,recipe-list-course-filter,tag_rem_mut,COMPLETE,1,alpha__recipe-list-course-filter__i.mut
i,alpha,recipe-list-veg-only,tag_rem_mut,COMPLETE,1,alpha__recipe-list-veg-only__i.mut
i,alpha,recipe-list-sort,tag_rem_mut,COMPLETE,1,alpha__recipe-list-sort__i.mut
i,alpha,recipe-list-result-count,tag_rem_mut,COMPLETE,1,alpha__recipe-list-result-count__i.mut
i,alpha,recipe-list-add-recipe,tag_rem_mut,COMPLETE,1,alpha__recipe-list-add-recipe__i.mut
i,alpha,recipe-list-empty,tag_rem_mut,COMPLETE,1,alpha__recipe-list-empty__i.mut
i,alpha,recipe-card-card,tag_rem_mut,COMPLETE,1,alpha__recipe-card-card__i.mut
i,alpha,recipe-card-card-title,tag_rem_mut,COMPLETE,1,alpha__recipe-card-card-title__i.mut
i,alpha,recipe-card-card-fav,tag_rem_mut,COMPLETE,1,alpha__recipe-card-card-fav__i.mut
i,alpha,recipe-card-card-time,tag_rem_mut,COMPLETE,1,alpha__recipe-card-card-time__i.mut
i,alpha,recipe-detail-detail-title,tag_rem_mut,COMPLETE,1,alpha__recipe-detail-detail-title__i.mut
i,alpha,recipe-detail-detail-author,tag_rem_mut,COMPLETE,1,alpha__recipe-detail-detail-author__i.mut
i,alpha,recipe-detail-servings,tag_rem_mut,COMPLETE,1,alpha__recipe-detail-servings__i.mut
i,alpha,recipe-detail-kcal,tag_rem_mut,COMPLETE,1,alpha__recipe-detail-kcal__i.mut
i,alpha,recipe-detail-protein,tag_rem_mut,COMPLETE,1,alpha__recipe-detail-protein__i.mut
i,alpha,recipe-detail-add-shopping,tag_rem_mut,COMPLETE,1,alpha__recipe-detail-add-shopping__i.mut
i,alpha,recipe-detail-delete,tag_rem_mut,COMPLETE,1,alpha__recipe-detail-delete__i.mut
i,alpha,recipe-detail-not-found,tag_rem_mut,COMPLETE,1,alpha__recipe-detail-not-found__i.mut
i,alpha,ingredient-row-ing-qty,tag_rem_mut,COMPLETE,1,alpha__ingredient-row-ing-qty__i.mut
i,alpha,ingredient-row-ing-name,tag_rem_mut,COMPLETE,1,alpha__ingredient-row-ing-name__i.mut
i,alpha,step-item-step-number,tag_rem_mut,COMPLETE,1,alpha__step-item-step-number__i.mut
i,alpha,step-item-step-text,tag_rem_mut,COMPLETE,1,alpha__step-item-step-text__i.mut
i,alpha,recipe-form-form-heading,tag_rem_mut,COMPLETE,1,alpha__recipe-form-form-heading__i.mut
i,alpha,recipe-form-f-title,tag_rem_mut,COMPLETE,1,alpha__recipe-form-f-title__i.mut
i,alpha,recipe-form-f-course,tag_rem_mut,COMPLETE,1,alpha__recipe-form-f-course__i.mut
i,alpha,recipe-form-f-servings,tag_rem_mut,COMPLETE,1,alpha__recipe-form-f-servings__i.mut
i,alpha,recipe-form-f-veg,tag_rem_mut,COMPLETE,1,alpha__recipe-form-f-veg__i.mut
i,alpha,recipe-form-f-tags,tag_rem_mut,COMPLETE,1,alpha__recipe-form-f-tags__i.mut
i,alpha,recipe-form-f-ingredients,tag_rem_mut,COMPLETE,1,alpha__recipe-form-f-ingredients__i.mut
i,alpha,recipe-form-f-steps,tag_rem_mut,COMPLETE,1,alpha__recipe-form-f-steps__i.mut
i,alpha,recipe-form-f-submit,tag_rem_mut,COMPLETE,1,alpha__recipe-form-f-submit__i.mut
i,alpha,shopping-list-shopping-title,tag_rem_mut,COMPLETE,1,alpha__shopping-list-shopping-title__i.mut
i,alpha,shopping-list-open-count,tag_rem_mut,COMPLETE,1,alpha__shopping-list-open-count__i.mut
i,alpha,shopping-list-done-count,tag_rem_mut,COMPLETE,1,alpha__shopping-list-done-count__i.mut
i,alpha,shopping-list-shopping-empty,tag_rem_mut,COMPLETE,1,alpha__shopping-list-shopping-empty__i.mut
i,alpha,shopping-list-shop-check,tag_rem_mut,COMPLETE,1,alpha__shopping-list-shop-check__i.mut
i,alpha,shopping-list-clear-done,tag_rem_mut,COMPLETE,1,alpha__shopping-list-clear-done__i.mut
i,alpha,stats-stats-title,tag_rem_mut,COMPLETE,1,alpha__stats-stats-title__i.mut
i,alpha,stats-stat-total,tag_rem_mut,COMPLETE,1,alpha__stats-stat-total__i.mut
i,alpha,stats-stat-veg,tag_rem_mut,COMPLETE,1,alpha__stats-stat-veg__i.mut
i,alpha,stats-stat-time,tag_rem_mut,COMPLETE,1,alpha__stats-stat-time__i.mut
i,alpha,stats-stat-fav,tag_rem_mut,COMPLETE,1,alpha__stats-stat-fav__i.mut
i,alpha,stats-course-count,tag_rem_mut,COMPLETE,1,alpha__stats-course-count__i.mut
i,alpha,stats-top-title,tag_rem_mut,COMPLETE,1,alpha__stats-top-title__i.mut
j,alpha,app-footer-brand,tag_type_mod_mut,COMPLETE,1,alpha__app-footer-brand__j.mut
j,alpha,app-footer-version,tag_type_mod_mut,COMPLETE,1,alpha__app-footer-version__j.mut
j,alpha,header-brand-name,tag_type_mod_mut,COMPLETE,1,alpha__header-brand-name__j.mut
j,alpha,header-nav-shopping,tag_type_mod_mut,COMPLETE,1,alpha__header-nav-shopping__j.mut
j,alpha,header-nav-stats,tag_type_mod_mut,COMPLETE,1,alpha__header-nav-stats__j.mut
j,alpha,toast-toast-message,tag_type_mod_mut,COMPLETE,1,alpha__toast-toast-message__j.mut
j,alpha,recipe-list-list-title,tag_type_mod_mut,COMPLETE,1,alpha__recipe-list-list-title__j.mut
j,alpha,recipe-list-search,tag_type_mod_mut,COMPLETE,1,alpha__recipe-list-search__j.mut
j,alpha,recipe-list-course-filter,tag_type_mod_mut,COMPLETE,1,alpha__recipe-list-course-filter__j.mut
j,alpha,recipe-list-veg-only,tag_type_mod_mut,COMPLETE,1,alpha__recipe-list-veg-only__j.mut
j,alpha,recipe-list-sort,tag_type_mod_mut,COMPLETE,1,alpha__recipe-list-sort__j.mut
j,alpha,recipe-list-result-count,tag_type_mod_mut,COMPLETE,1,alpha__recipe-list-result-count__j.mut
j,alpha,recipe-list-add-recipe,tag_type_mod_mut,COMPLETE,1,alpha__recipe-list-add-recipe__j.mut
j,alpha,recipe-list-empty,tag_type_mod_mut,COMPLETE,1,alpha__recipe-list-empty__j.mut
j,alpha,recipe-card-card,tag_type_mod_mut,COMPLETE,1,alpha__recipe-card-card__j.mut
j,alpha,recipe-card-card-title,tag_type_mod_mut,COMPLETE,1,alpha__recipe-card-card-title__j.mut
j,alpha,recipe-card-card-fav,tag_type_mod_mut,COMPLETE,1,alpha__recipe-card-card-fav__j.mut
j,alpha,recipe-card-card-time,tag_type_mod_mut,COMPLETE,1,alpha__recipe-card-card-time__j.mut
j,alpha,recipe-detail-detail-title,tag_type_mod_mut,COMPLETE,1,alpha__recipe-detail-detail-title__j.mut
j,alpha,recipe-detail-detail-author,tag_type_mod_mut,COMPLETE,1,alpha__recipe-detail-detail-author__j.mut
j,alpha,recipe-detail-servings,tag_type_mod_mut,COMPLETE,1,alpha__recipe-detail-servings__j.mut
j,alpha,recipe-detail-kcal,tag_type_mod_mut,COMPLETE,1,alpha__recipe-detail-kcal__j.mut
j,alpha,recipe-detail-protein,tag_type_mod_mut,COMPLETE,1,alpha__recipe-detail-protein__j.mut
j,alpha,recipe-detail-add-shopping,tag_type_mod_mut,COMPLETE,1,alpha__recipe-detail-add-shopping__j.mut
j,alpha,recipe-detail-delete,tag_type_mod_mut,COMPLETE,1,alpha__recipe-detail-delete__j.mut
j,alpha,recipe-detail-not-found,tag_type_mod_mut,COMPLETE,1,alpha__recipe-detail-not-found__j.mut
j,alpha,ingredient-row-ing-qty,tag_type_mod_mut,COMPLETE,1,alpha__ingredient-row-ing-qty__j.mut
j,alpha,ingredient-row-ing-name,tag_type_mod_mut,COMPLETE,1,alpha__ingredient-row-ing-name__j.mut
j,alpha,step-item-step-number,tag_type_mod_mut,COMPLETE,1,alpha__step-item-step-number__j.mut
j,alpha,step-item-step-text,tag_type_mod_mut,COMPLETE,1,alpha__step-item-step-text__j.mut
j,alpha,recipe-form-form-heading,tag_type_mod_mut,COMPLETE,1,alpha__recipe-form-form-heading__j.mut
j,alpha,recipe-form-f-title,tag_type_mod_mut,COMPLETE,1,alpha__recipe-form-f-title__j.mut
j,alpha,recipe-form-f-course,tag_type_mod_mut,COMPLETE,1,alpha__recipe-form-f-course__j.mut
j,alpha,recipe-form-f-servings,tag_type_mod_mut,COMPLETE,1,alpha__recipe-form-f-servings__j.mut
j,alpha,recipe-form-f-veg,tag_type_mod_mut,COMPLETE,1,alpha__recipe-form-f-veg__j.mut
j,alpha,recipe-form-f-tags,tag_type_mod_mut,COMPLETE,1,alpha__recipe-form-f-tags__j.mut
j,alpha,recipe-form-f-ingredients,tag_type_mod_mut,COMPLETE,1,alpha__recipe-form-f-ingredients__j.mut
j,alpha,recipe-form-f-steps,tag_type_mod_mut,COMPLETE,1,alpha__recipe-form-f-steps__j.mut
j,alpha,recipe-form-f-submit,tag_type_mod_mut,COMPLETE,1,alpha__recipe-form-f-submit__j.mut
j,alpha,shopping-list-shopping-title,tag_type_mod_mut,COMPLETE,1,alpha__shopping-list-shopping-title__j.mut
j,alpha,shopping-list-open-count,tag_type_mod_mut,COMPLETE,1,alpha__shopping-list-open-count__j.mut
j,alpha,shopping-list-done-count,tag_type_mod_mut,COMPLETE,1,alpha__shopping-list-done-count__j.mut
j,alpha,shopping-list-shopping-empty,tag_type_mod_mut,COMPLETE,1,alpha__shopping-list-shopping-empty__j.mut
j,alpha,shopping-list-shop-check,tag_type_mod_mut,COMPLETE,1,alpha__shopping-list-shop-check__j.mut
j,alpha,shopping-list-clear-done,tag_type_mod_mut,COMPLETE,1,alpha__shopping-list-clear-done__j.mut
j,alpha,stats-stats-title,tag_type_mod_mut,COMPLETE,1,alpha__stats-stats-title__j.mut
j,alpha,stats-stat-total,tag_type_mod_mut,COMPLETE,1,alpha__stats-stat-total__j.mut
j,alpha,stats-stat-veg,tag_type_mod_mut,COMPLETE,1,alpha__stats-stat-veg__j.mut
j,alpha,stats-stat-time,tag_type_mod_mut,COMPLETE,1,alpha__stats-stat-time__j.mut
j,alpha,stats-stat-fav,tag_type_mod_mut,COMPLETE,1,alpha__stats-stat-fav__j.mut
j,alpha,stats-course-count,tag_type_mod_mut,COMPLETE,1,alpha__stats-course-count__j.mut
j,alpha,stats-top-title,tag_type_mod_mut,COMPLETE,1,alpha__stats-top-title__j.mut
k,alpha,app-footer-brand,tag_ins_mut,COMPLETE,1,alpha__app-footer-brand__k.mut
k,alpha,app-footer-version,tag_ins_mut,COMPLETE,1,alpha__app-footer-version__k.mut
k,alpha,header-brand-name,tag_ins_mut,COMPLETE,1,alpha__header-brand-name__k.mut
k,alpha,header-nav-shopping,tag_ins_mut,COMPLETE,1,alpha__header-nav-shopping__k.mut
k,alpha,header-nav-stats,tag_ins_mut,COMPLETE,1,alpha__header-nav-stats__k.mut
k,alpha,toast-toast-message,tag_ins_mut,COMPLETE,1,alpha__toast-toast-message__k.mut
k,alpha,recipe-list-list-title,tag_ins_mut,COMPLETE,1,alpha__recipe-list-list-title__k.mut
k,alpha,recipe-list-search,tag_ins_mut,COMPLETE,1,alpha__recipe-list-search__k.mut
k,alpha,recipe-list-course-filter,tag_ins_mut,COMPLETE,1,alpha__recipe-list-course-filter__k.mut
k,alpha,recipe-list-veg-only,tag_ins_mut,COMPLETE,1,alpha__recipe-list-veg-only__k.mut
k,alpha,recipe-list-sort,tag_ins_mut,COMPLETE,1,alpha__recipe-list-sort__k.mut
k,alpha,recipe-list-result-count,tag_ins_mut,COMPLETE,1,alpha__recipe-list-result-count__k.mut
k,alpha,recipe-list-add-recipe,tag_ins_mut,COMPLETE,1,alpha__recipe-list-add-recipe__k.mut
k,alpha,recipe-list-empty,tag_ins_mut,COMPLETE,1,alpha__recipe-list-empty__k.mut
k,alpha,recipe-card-card,tag_ins_mut,COMPLETE,1,alpha__recipe-card-card__k.mut
k,alpha,recipe-card-card-title,tag_ins_mut,COMPLETE,1,alpha__recipe-card-card-title__k.mut
k,alpha,recipe-card-card-fav,tag_ins_mut,COMPLETE,1,alpha__recipe-card-card-fav__k.mut
k,alpha,recipe-card-card-time,tag_ins_mut,COMPLETE,1,alpha__recipe-card-card-time__k.mut
k,alpha,recipe-detail-detail-title,tag_ins_mut,COMPLETE,1,alpha__recipe-detail-detail-title__k.mut
k,alpha,recipe-detail-detail-author,tag_ins_mut,COMPLETE,1,alpha__recipe-detail-detail-author__k.mut
k,alpha,recipe-detail-servings,tag_ins_mut,COMPLETE,1,alpha__recipe-detail-servings__k.mut
k,alpha,recipe-detail-kcal,tag_ins_mut,COMPLETE,1,alpha__recipe-detail-kcal__k.mut
k,alpha,recipe-detail-protein,tag_ins_mut,COMPLETE,1,alpha__recipe-detail-protein__k.mut
k,alpha,recipe-detail-add-shopping,tag_ins_mut,COMPLETE,1,alpha__recipe-detail-add-shopping__k.mut
k,alpha,recipe-detail-delete,tag_ins_mut,COMPLETE,1,alpha__recipe-detail-delete__k.mut
k,alpha,recipe-detail-not-found,tag_ins_mut,COMPLETE,1,alpha__recipe-detail-not-found__k.mut
k,alpha,ingredient-row-ing-qty,tag_ins_mut,COMPLETE,1,alpha__ingredient-row-ing-qty__k.mut
k,alpha,ingredient-row-ing-name,tag_ins_mut,COMPLETE,1,alpha__ingredient-row-ing-name__k.mut
k,alpha,step-item-step-number,tag_ins_mut,COMPLETE,1,alpha__step-item-step-number__k.mut
k,alpha,step-item-step-text,tag_ins_mut,COMPLETE,1,alpha__step-item-step-text__k.mut
k,alpha,recipe-form-form-heading,tag_ins_mut,COMPLETE,1,alpha__recipe-form-form-heading__k.mut
k,alpha,recipe-form-f-title,tag_ins_mut,COMPLETE,1,alpha__recipe-form-f-title__k.mut
k,alpha,recipe-form-f-course,tag_ins_mut,COMPLETE,1,alpha__recipe-form-f-course__k.mut
k,alpha,recipe-form-f-servings,tag_ins_mut,COMPLETE,1,alpha__recipe-form-f-servings__k.mut
k,alpha,recipe-form-f-veg,tag_ins_mut,COMPLETE,1,alpha__recipe-form-f-veg__k.mut
k,alpha,recipe-form-f-tags,tag_ins_mut,COMPLETE,1,alpha__recipe-form-f-tags__k.mut
k,alpha,recipe-form-f-ingredients,tag_ins_mut,COMPLETE,1,alpha__recipe-form-f-ingredients__k.mut
k,alpha,recipe-form-f-steps,tag_ins_mut,COMPLETE,1,alpha__recipe-form-f-steps__k.mut
k,alpha,recipe-form-f-submit,tag_ins_mut,COMPLETE,1,alpha__recipe-form-f-submit__k.mut
k,alpha,shopping-list-shopping-title,tag_ins_mut,COMPLETE,1,alpha__shopping-list-shopping-title__k.mut
k,alpha,shopping-list-open-count,tag_ins_mut,COMPLETE,1,alpha__shopping-list-open-count__k.mut
k,alpha,shopping-list-done-count,tag_ins_mut,COMPLETE,1,alpha__shopping-list-done-count__k.mut
k,alpha,shopping-list-shopping-empty,tag_ins_mut,COMPLETE,1,alpha__shopping-list-shopping-empty__k.mut
k,alpha,shopping-list-shop-check,tag_ins_mut,COMPLETE,1,alpha__shopping-list-shop-check__k.mut
k,alpha,shopping-list-clear-done,tag_ins_mut,COMPLETE,1,alpha__shopping-list-clear-done__k.mut
k,alpha,stats-stats-title,tag_ins_mut,COMPLETE,1,alpha__stats-stats-title__k.mut
k,alpha,stats-stat-total,tag_ins_mut,COMPLETE,1,alpha__stats-stat-total__k.mut
k,alpha,stats-stat-veg,tag_ins_mut,COMPLETE,1,alpha__stats-stat-veg__k.mut
k,alpha,stats-stat-time,tag_ins_mut,COMPLETE,1,alpha__stats-stat-time__k.mut
k,alpha,stats-stat-fav,tag_ins_mut,COMPLETE,1,alpha__stats-stat-fav__k.mut
k,alpha,stats-course-count,tag_ins_mut,COMPLETE,1,alpha__stats-course-count__k.mut
k,alpha,stats-top-title,tag_ins_mut,COMPLETE,1,alpha__stats-top-title__k.mut
a,beta,header-brand-name,attr_val_mod_mut,COMPLETE,1,beta__header-brand-name__a.mut
a,beta,recipe-list-search,attr_val_mod_mut,COMPLETE,1,beta__recipe-list-search__a.mut
a,beta,recipe-list-course-filter,attr_val_mod_mut,COMPLETE,1,beta__recipe-list-course-filter__a.mut
a,beta,recipe-list-veg-only,attr_val_mod_mut,COMPLETE,1,beta__recipe-list-veg-only__a.mut
a,beta,recipe-list-sort,attr_val_mod_mut,COMPLETE,1,beta__recipe-list-sort__a.mut
a,beta,recipe-card-card-title,attr_val_mod_mut,COMPLETE,1,beta__recipe-card-card-title__a.mut
a,beta,recipe-detail-servings,attr_val_mod_mut,COMPLETE,1,beta__recipe-detail-servings__a.mut
a,beta,recipe-detail-kcal,attr_val_mod_mut,COMPLETE,1,beta__recipe-detail-kcal__a.mut
a,beta,recipe-detail-protein,attr_val_mod_mut,COMPLETE,1,beta__recipe-detail-protein__a.mut
a,beta,recipe-form-f-veg,attr_val_mod_mut,COMPLETE,1,beta__recipe-form-f-veg__a.mut
a,beta,stats-course-count,attr_val_mod_mut,COMPLETE,1,beta__stats-course-count__a.mut
a,beta,stats-top-title,attr_val_mod_mut,COMPLETE,1,beta__stats-top-title__a.mut
b,beta,header-brand-name,attr_rem_mut,COMPLETE,1,beta__header-brand-name__b.mut
b,beta,recipe-list-search,attr_rem_mut,COMPLETE,1,beta__recipe-list-search__b.mut
b,beta,recipe-list-course-filter,attr_rem_mut,COMPLETE,1,beta__recipe-list-course-filter__b.mut
b,beta,recipe-list-veg-only,attr_rem_mut,COMPLETE,1,beta__recipe-list-veg-only__b.mut
b,beta,recipe-list-sort,attr_rem_mut,COMPLETE,1,beta__recipe-list-sort__b.mut
b,beta,recipe-card-card-title,attr_rem_mut,COMPLETE,1,beta__recipe-card-card-title__b.mut
b,beta,recipe-detail-servings,attr_rem_mut,COMPLETE,1,beta__recipe-detail-servings__b.mut
b,beta,recipe-detail-kcal,attr_rem_mut,COMPLETE,1,beta__recipe-detail-kcal__b.mut
b,beta,recipe-detail-protein,attr_rem_mut,COMPLETE,1,beta__recipe-detail-protein__b.mut
b,beta,recipe-form-f-veg,attr_rem_mut,COMPLETE,1,beta__recipe-form-f-veg__b.mut
b,beta,stats-course-count,attr_rem_mut,COMPLETE,1,beta__stats-course-count__b.mut
b,beta,stats-top-title,attr_rem_mut,COMPLETE,1,beta__stats-top-title__b.mut
f,beta,app-footer-version,tag_mov_container_mut,COMPLETE,1,beta__app-footer-version__f.mut
f,beta,header-nav-shopping,tag_mov_container_mut,COMPLETE,1,beta__header-nav-shopping__f.mut
f,beta,header-nav-stats,tag_mov_container_mut,COMPLETE,1,beta__header-nav-stats__f.mut
f,beta,recipe-list-add-recipe,tag_mov_container_mut,COMPLETE,1,beta__recipe-list-add-recipe__f.mut
f,beta,recipe-detail-detail-author,tag_mov_container_mut,COMPLETE,1,beta__recipe-detail-detail-author__f.mut
f,beta,recipe-detail-kcal,tag_mov_container_mut,COMPLETE,1,beta__recipe-detail-kcal__f.mut
f,beta,recipe-detail-protein,tag_mov_container_mut,COMPLETE,1,beta__recipe-detail-protein__f.mut
f,beta,recipe-detail-delete,tag_mov_container_mut,COMPLETE,1,beta__recipe-detail-delete__f.mut
f,beta,ingredient-row-ing-qty,tag_mov_container_mut,COMPLETE,1,beta__ingredient-row-ing-qty__f.mut
f,beta,step-item-step-text,tag_mov_container_mut,COMPLETE,1,beta__step-item-step-text__f.mut
f,beta,recipe-form-f-title,tag_mov_container_mut,COMPLETE,1,beta__recipe-form-f-title__f.mut
f,beta,recipe-form-f-course,tag_mov_container_mut,COMPLETE,1,beta__recipe-form-f-course__f.mut
f,beta,recipe-form-f-servings,tag_mov_container_mut,COMPLETE,1,beta__recipe-form-f-servings__f.mut
f,beta,recipe-form-f-tags,tag_mov_container_mut,COMPLETE,1,beta__recipe-form-f-tags__f.mut
f,beta,recipe-form-f-ingredients,tag_mov_container_mut,COMPLETE,1,beta__recipe-form-f-ingredients__f.mut
f,beta,recipe-form-f-steps,tag_mov_container_mut,COMPLETE,1,beta__recipe-form-f-steps__f.mut
f,beta,shopping-list-done-count,tag_mov_container_mut,COMPLETE,1,beta__shopping-list-done-count__f.mut
g,beta,app-footer-brand,tag_mov_html_mut,COMPLETE,2,beta__app-footer-brand__g.mut
g,beta,app-footer-version,tag_mov_html_mut,COMPLETE,2,beta__app-footer-version__g.mut
g,beta,header-brand-name,tag_mov_html_mut,COMPLETE,2,beta__header-brand-name__g.mut
g,beta,header-nav-shopping,tag_mov_html_mut,COMPLETE,2,beta__header-nav-shopping__g.mut
g,beta,header-nav-stats,tag_mov_html_mut,COMPLETE,2,beta__header-nav-stats__g.mut
g,beta,toast-toast-message,tag_mov_html_mut,COMPLETE,2,beta__toast-toast-message__g.mut
g,beta,recipe-list-list-title,tag_mov_html_mut,COMPLETE,2,beta__recipe-list-list-title__g.mut
g,beta,recipe-list-search,tag_mov_html_mut,COMPLETE,2,beta__recipe-list-search__g.mut
g,beta,recipe-list-course-filter,tag_mov_html_mut,COMPLETE,2,beta__recipe-list-course-filter__g.mut
g,beta,recipe-list-veg-only,tag_mov_html_mut,COMPLETE,2,beta__recipe-list-veg-only__g.mut
g,beta,recipe-list-sort,tag_mov_html_mut,COMPLETE,2,beta__recipe-list-sort__g.mut
g,beta,recipe-list-result-count,tag_mov_html_mut,COMPLETE,2,beta__recipe-list-result-count__g.mut
g,beta,recipe-list-add-recipe,tag_mov_html_mut,COMPLETE,2,beta__recipe-list-add-recipe__g.mut
g,beta,recipe-list-empty,tag_mov_html_mut,COMPLETE,2,beta__recipe-list-empty__g.mut
g,beta,recipe-card-card,tag_mov_html_mut,COMPLETE,2,beta__recipe-card-card__g.mut
g,beta,recipe-card-card-title,tag_mov_html_mut,COMPLETE,2,beta__recipe-card-card-title__g.mut
g,beta,recipe-card-card-fav,tag_mov_html_mut,COMPLETE,2,beta__recipe-card-card-fav__g.mut
g,beta,recipe-card-card-time,tag_mov_html_mut,COMPLETE,2,beta__recipe-card-card-time__g.mut
g,beta,recipe-detail-detail-title,tag_mov_html_mut,COMPLETE,2,beta__recipe-detail-detail-title__g.mut
g,beta,recipe-detail-detail-author,tag_mov_html_mut,COMPLETE,2,beta__recipe-detail-detail-author__g.mut
g,beta,recipe-detail-servings,tag_mov_html_mut,COMPLETE,2,beta__recipe-detail-servings__g.mut
g,beta,recipe-detail-kcal,tag_mov_html_mut,COMPLETE,2,beta__recipe-detail-kcal__g.mut
g,beta,recipe-detail-protein,tag_mov_html_mut,COMPLETE,2,beta__recipe-detail-protein__g.mut
g,beta,recipe-detail-add-shopping,tag_mov_html_mut,COMPLETE,2,beta__recipe-detail-add-shopping__g.mut
g,beta,recipe-detail-delete,tag_mov_html_mut,COMPLETE,2,beta__recipe-detail-delete__g.mut
g,beta,recipe-detail-not-found,tag_mov_html_mut,COMPLETE,2,beta__recipe-detail-not-found__g.mut
g,beta,ingredient-row-ing-qty,tag_mov_html_mut,COMPLETE,2,beta__ingredient-row-ing-qty__g.mut
g,beta,ingredient-row-ing-name,tag_mov_html_mut,COMPLETE,2,beta__ingredient-row-ing-name__g.mut
g,beta,step-item-step-number,tag_mov_html_mut,COMPLETE,2,beta__step-item-step-number__g.mut
g,beta,step-item-step-text,tag_mov_html_mut,COMPLETE,2,beta__step-item-step-text__g.mut
g,beta,recipe-form-form-heading,tag_mov_html_mut,COMPLETE,2,beta__recipe-form-form-heading__g.mut
g,beta,recipe-form-f-title,tag_mov_html_mut,COMPLETE,2,beta__recipe-form-f-title__g.mut
g,beta,recipe-form-f-course,tag_mov_html_mut,COMPLETE,2,beta__recipe-form-f-course__g.mut
g,beta,recipe-form-f-servings,tag_mov_html_mut,COMPLETE,2,beta__recipe-form-f-servings__g.mut
g,beta,recipe-form-f-veg,tag_mov_html_mut,COMPLETE,2,beta__recipe-form-f-veg__g.mut
g,beta,recipe-form-f-tags,tag_mov_html_mut,COMPLETE,2,beta__recipe-form-f-tags__g.mut
g,beta,recipe-form-f-ingredients,tag_mov_html_mut,COMPLETE,2,beta__recipe-form-f-ingredients__g.mut
g,beta,recipe-form-f-steps,tag_mov_html_mut,COMPLETE,2,beta__recipe-form-f-steps__g.mut
g,beta,recipe-form-f-submit,tag_mov_html_mut,COMPLETE,2,beta__recipe-form-f-submit__g.mut
g,beta,stats-stats-title,tag_mov_html_mut,COMPLETE,2,beta__stats-stats-title__g.mut
g,beta,stats-stat-total,tag_mov_html_mut,COMPLETE,2,beta__stats-stat-total__g.mut
g,beta,stats-stat-veg,tag_mov_html_mut,COMPLETE,2,beta__stats-stat-veg__g.mut
g,beta,stats-stat-time,tag_mov_html_mut,COMPLETE,2,beta__stats-stat-time__g.mut
g,beta,stats-stat-fav,tag_mov_html_mut,COMPLETE,2,beta__stats-stat-fav__g.mut
g,beta,stats-course-count,tag_mov_html_mut,COMPLETE,2,beta__stats-course-count__g.mut
g,beta,stats-top-title,tag_mov_html_mut,COMPLETE,2,beta__stats-top-title__g.mut
h,beta,app-footer-brand,tag_mov_temp_mut,COMPLETE,2,beta__app-footer-brand__h.mut
h,beta,app-footer-version,tag_mov_temp_mut,COMPLETE,2,beta__app-footer-version__h.mut
h,beta,header-brand-name,tag_mov_temp_mut,COMPLETE,2,beta__header-brand-name__h.mut
h,beta,header-nav-shopping,tag_mov_temp_mut,COMPLETE,2,beta__header-nav-shopping__h.mut
h,beta,header-nav-stats,tag_mov_temp_mut,COMPLETE,2,beta__header-nav-stats__h.mut
h,beta,toast-toast-message,tag_mov_temp_mut,COMPLETE,2,beta__toast-toast-message__h.mut
h,beta,recipe-list-list-title,tag_mov_temp_mut,COMPLETE,2,beta__recipe-list-list-title__h.mut
h,beta,recipe-list-search,tag_mov_temp_mut,COMPLETE,2,beta__recipe-list-search__h.mut
h,beta,recipe-list-course-filter,tag_mov_temp_mut,COMPLETE,2,beta__recipe-list-course-filter__h.mut
h,beta,recipe-list-veg-only,tag_mov_temp_mut,COMPLETE,2,beta__recipe-list-veg-only__h.mut
h,beta,recipe-list-sort,tag_mov_temp_mut,COMPLETE,2,beta__recipe-list-sort__h.mut
h,beta,recipe-list-result-count,tag_mov_temp_mut,COMPLETE,2,beta__recipe-list-result-count__h.mut
h,beta,recipe-list-add-recipe,tag_mov_temp_mut,COMPLETE,2,beta__recipe-list-add-recipe__h.mut
h,beta,recipe-list-empty,tag_mov_temp_mut,COMPLETE,2,beta__recipe-list-empty__h.mut
h,beta,recipe-card-card,tag_mov_temp_mut,COMPLETE,2,beta__recipe-card-card__h.mut
h,beta,recipe-card-card-title,tag_mov_temp_mut,COMPLETE,2,beta__recipe-card-card-title__h.mut
h,beta,recipe-card-card-fav,tag_mov_temp_mut,COMPLETE,2,beta__recipe-card-card-fav__h.mut
h,beta,recipe-card-card-time,tag_mov_temp_mut,COMPLETE,2,beta__recipe-card-card-time__h.mut
h,beta,recipe-detail-detail-title,tag_mov_temp_mut,COMPLETE,2,beta__recipe-detail-detail-title__h.mut
h,beta,recipe-detail-detail-author,tag_mov_temp_mut,COMPLETE,2,beta__recipe-detail-detail-author__h.mut
h,beta,recipe-detail-servings,tag_mov_temp_mut,COMPLETE,2,beta__recipe-detail-servings__h.mut
h,beta,recipe-detail-kcal,tag_mov_temp_mut,COMPLETE,2,beta__recipe-detail-kcal__h.mut
h,beta,recipe-detail-protein,tag_mov_temp_mut,COMPLETE,2,beta__recipe-detail-protein__h.mut
h,beta,recipe-detail-add-shopping,tag_mov_temp_mut,COMPLETE,2,beta__recipe-detail-add-shopping__h.mut
h,beta,recipe-detail-delete,tag_mov_temp_mut,COMPLETE,2,beta__recipe-detail-delete__h.mut
h,beta,recipe-detail-not-found,tag_mov_temp_mut,COMPLETE,2,beta__recipe-detail-not-found__h.mut
h,beta,ingredient-row-ing-qty,tag_mov_temp_mut,COMPLETE,2,beta__ingredient-row-ing-qty__h.mut
h,beta,ingredient-row-ing-name,tag_mov_temp_mut,COMPLETE,2,beta__ingredient-row-ing-name__h.mut
h,beta,step-item-step-number,tag_mov_temp_mut,COMPLETE,2,beta__step-item-step-number__h.mut
h,beta,step-item-step-text,tag_mov_temp_mut,COMPLETE,2,beta__step-item-step-text__h.mut
h,beta,recipe-form-form-heading,tag_mov_temp_mut,COMPLETE,2,beta__recipe-form-form-heading__h.mut
h,beta,recipe-form-f-title,tag_mov_temp_mut,COMPLETE,2,beta__recipe-form-f-title__h.mut
h,beta,recipe-form-f-course,tag_mov_temp_mut,COMPLETE,2,beta__recipe-form-f-course__h.mut
h,beta,recipe-form-f-servings,tag_mov_temp_mut,COMPLETE,2,beta__recipe-form-f-servings__h.mut
h,beta,recipe-form-f-veg,tag_mov_temp_mut,COMPLETE,2,beta__recipe-form-f-veg__h.mut
h,beta,recipe-form-f-tags,tag_mov_temp_mut,COMPLETE,2,beta__recipe-form-f-tags__h.mut
h,beta,recipe-form-f-ingredients,tag_mov_temp_mut,COMPLETE,2,beta__recipe-form-f-ingredients__h.mut
h,beta,recipe-form-f-steps,tag_mov_temp_mut,COMPLETE,2,beta__recipe-form-f-steps__h.mut
h,beta,recipe-form-f-submit,tag_mov_temp_mut,COMPLETE,2,beta__recipe-form-f-submit__h.mut
h,beta,shopping-list-shopping-title,tag_mov_temp_mut,COMPLETE,2,beta__shopping-list-shopping-title__h.mut
h,beta,shopping-list-open-count,tag_mov_temp_mut,COMPLETE,2,beta__shopping-list-open-count__h.mut
h,beta,shopping-list-done-count,tag_mov_temp_mut,COMPLETE,2,beta__shopping-list-done-count__h.mut
h,beta,shopping-list-shopping-empty,tag_mov_temp_mut,COMPLETE,2,beta__shopping-list-shopping-empty__h.mut
h,beta,shopping-list-shop-check,tag_mov_temp_mut,COMPLETE,2,beta__shopping-list-shop-check__h.mut
h,beta,shopping-list-clear-done,tag_mov_temp_mut,COMPLETE,2,beta__shopping-list-clear-done__h.mut
h,beta,stats-stats-title,tag_mov_temp_mut,COMPLETE,2,beta__stats-stats-title__h.mut
h,beta,stats-stat-total,tag_mov_temp_mut,COMPLETE,2,beta__stats-stat-total__h.mut
h,beta,stats-stat-veg,tag_mov_temp_mut,COMPLETE,2,beta__stats-stat-veg__h.mut
h,beta,stats-stat-time,tag_mov_temp_mut,COMPLETE,2,beta__stats-stat-time__h.mut
h,beta,stats-stat-fav,tag_mov_temp_mut,COMPLETE,2,beta__stats-stat-fav__h.mut
h,beta,stats-course-count,tag_mov_temp_mut,COMPLETE,2,beta__stats-course-count__h.mut
h,beta,stats-top-title,tag_mov_temp_mut,COMPLETE,2,beta__stats-top-title__h.mut
i,beta,app-footer-brand,tag_rem_mut,COMPLETE,1,beta__app-footer-brand__i.mut
i,beta,app-footer-version,tag_rem_mut,COMPLETE,1,beta__app-footer-version__i.mut
i,beta,header-brand-name,tag_rem_mut,COMPLETE,1,beta__header-brand-name__i.mut
i,beta,header-nav-shopping,tag_rem_mut,COMPLETE,1,beta__header-nav-shopping__i.mut
i,beta,header-nav-stats,tag_rem_mut,COMPLETE,1,beta__header-nav-stats__i.mut
i,beta,toast-toast-message,tag_rem_mut,COMPLETE,1,beta__toast-toast-message__i.mut
i,beta,recipe-list-list-title,tag_rem_mut,COMPLETE,1,beta__recipe-list-list-title__i.mut
i,beta,recipe-list-search,tag_rem_mut,COMPLETE,1,beta__recipe-list-search__i.mut
i,beta,recipe-list-course-filter,tag_rem_mut,COMPLETE,1,beta__recipe-list-course-filter__i.mut
i,beta,recipe-list-veg-only,tag_rem_mut,COMPLETE,1,beta__recipe-list-veg-only__i.mut
i,beta,recipe-list-sort,tag_rem_mut,COMPLETE,1,beta__recipe-list-sort__i.mut
i,beta,recipe-list-result-count,tag_rem_mut,COMPLETE,1,beta__recipe-list-result-count__i.mut
i,beta,recipe-list-add-recipe,tag_rem_mut,COMPLETE,1,beta__recipe-list-add-recipe__i.mut
i,beta,recipe-list-empty,tag_rem_mut,COMPLETE,1,beta__recipe-list-empty__i.mut
i,beta,recipe-card-card,tag_rem_mut,COMPLETE,1,beta__recipe-card-card__i.mut
i,beta,recipe-card-card-title,tag_rem_mut,COMPLETE,1,beta__recipe-card-card-title__i.mut
i,beta,recipe-card-card-time,tag_rem_mut,COMPLETE,1,beta__recipe-card-card-time__i.mut
i,beta,recipe-detail-detail-title,tag_rem_mut,COMPLETE,1,beta__recipe-detail-detail-title__i.mut
i,beta,recipe-detail-detail-author,tag_rem_mut,COMPLETE,1,beta__recipe-detail-detail-author__i.mut
i,beta,recipe-detail-servings,tag_rem_mut,COMPLETE,1,beta__recipe-detail-servings__i.mut
i,beta,recipe-detail-kcal,tag_rem_mut,COMPLETE,1,beta__recipe-detail-kcal__i.mut
i,beta,recipe-detail-protein,tag_rem_mut,COMPLETE,1,beta__recipe-detail-protein__i.mut
i,beta,recipe-detail-add-shopping,tag_rem_mut,COMPLETE,1,beta__recipe-detail-add-shopping__i.mut
i,beta,recipe-detail-delete,tag_rem_mut,COMPLETE,1,beta__recipe-detail-delete__i.mut
i,beta,recipe-detail-not-found,tag_rem_mut,COMPLETE,1,beta__recipe-detail-not-found__i.mut
i,beta,ingredient-row-ing-qty,tag_rem_mut,COMPLETE,1,beta__ingredient-row-ing-qty__i.mut
i,beta,step-item-step-number,tag_rem_mut,COMPLETE,1,beta__step-item-step-number__i.mut
i,beta,step-item-step-text,tag_rem_mut,COMPLETE,1,beta__step-item-step-text__i.mut
i,beta,recipe-form-form-heading,tag_rem_mut,COMPLETE,1,beta__recipe-form-form-heading__i.mut
i,beta,recipe-form-f-title,tag_rem_mut,COMPLETE,1,beta__recipe-form-f-title__i.mut
i,beta,recipe-form-f-course,tag_rem_mut,COMPLETE,1,beta__recipe-form-f-course__i.mut
i,beta,recipe-form-f-servings,tag_rem_mut,COMPLETE,1,beta__recipe-form-f-servings__i.mut
i,beta,recipe-form-f-veg,tag_rem_mut,COMPLETE,1,beta__recipe-form-f-veg__i.mut
i,beta,recipe-form-f-tags,tag_rem_mut,COMPLETE,1,beta__recipe-form-f-tags__i.mut
i,beta,recipe-form-f-ingredients,tag_rem_mut,COMPLETE,1,beta__recipe-form-f-ingredients__i.mut
i,beta,recipe-form-f-steps,tag_rem_mut,COMPLETE,1,beta__recipe-form-f-steps__i.mut
i,beta,recipe-form-f-submit,tag_rem_mut,COMPLETE,1,beta__recipe-form-f-submit__i.mut
i,beta,shopping-list-shopping-title,tag_rem_mut,COMPLETE,1,beta__shopping-list-shopping-title__i.mut
i,beta,shopping-list-open-count,tag_rem_mut,COMPLETE,1,beta__shopping-list-open-count__i.mut
i,beta,shopping-list-done-count,tag_rem_mut,COMPLETE,1,beta__shopping-list-done-count__i.mut
i,beta,shopping-list-shopping-empty,tag_rem_mut,COMPLETE,1,beta__shopping-list-shopping-empty__i.mut
i,beta,shopping-list-shop-check,tag_rem_mut,COMPLETE,1,beta__shopping-list-shop-check__i.mut
i,beta,shopping-list-clear-done,tag_rem_mut,COMPLETE,1,beta__shopping-list-clear-done__i.mut
i,beta,stats-stats-title,tag_rem_mut,COMPLETE,1,beta__stats-stats-title__i.mut
i,beta,stats-stat-total,tag_rem_mut,COMPLETE,1,beta__stats-stat-total__i.mut
i,beta,stats-stat-veg,tag_rem_mut,COMPLETE,1,beta__stats-stat-veg__i.mut
i,beta,stats-stat-time,tag_rem_mut,COMPLETE,1,beta__stats-stat-time__i.mut
i,beta,stats-stat-fav,tag_rem_mut,COMPLETE,1,beta__stats-stat-fav__i.mut
i,beta,stats-course-count,tag_rem_mut,COMPLETE,1,beta__stats-course-count__i.mut
i,beta,stats-top-title,tag_rem_mut,COMPLETE,1,beta__stats-top-title__i.mut
j,beta,app-footer-brand,tag_type_mod_mut,COMPLETE,1,beta__app-footer-brand__j.mut
j,beta,app-footer-version,tag_type_mod_mut,COMPLETE,1,beta__app-footer-version__j.mut
j,beta,header-brand-name,tag_type_mod_mut,COMPLETE,1,beta__header-brand-name__j.mut
j,beta,header-nav-shopping,tag_type_mod_mut,COMPLETE,1,beta__header-nav-shopping__j.mut
j,beta,header-nav-stats,tag_type_mod_mut,COMPLETE,1,beta__header-nav-stats__j.mut
j,beta,toast-toast-message,tag_type_mod_mut,COMPLETE,1,beta__toast-toast-message__j.mut
j,beta,recipe-list-list-title,tag_type_mod_mut,COMPLETE,1,beta__recipe-list-list-title__j.mut
j,beta,recipe-list-search,tag_type_mod_mut,COMPLETE,1,beta__recipe-list-search__j.mut
j,beta,recipe-list-course-filter,tag_type_mod_mut,COMPLETE,1,beta__recipe-list-course-filter__j.mut
j,beta,recipe-list-veg-only,tag_type_mod_mut,COMPLETE,1,beta__recipe-list-veg-only__j.mut
j,beta,recipe-list-sort,tag_type_mod_mut,COMPLETE,1,beta__recipe-list-sort__j.mut
j,beta,recipe-list-result-count,tag_type_mod_mut,COMPLETE,1,beta__recipe-list-result-count__j.mut
j,beta,recipe-list-add-recipe,tag_type_mod_mut,COMPLETE,1,beta__recipe-list-add-recipe__j.mut
j,beta,recipe-list-empty,tag_type_mod_mut,COMPLETE,1,beta__recipe-list-empty__j.mut
j,beta,recipe-card-card,tag_type_mod_mut,COMPLETE,1,beta__recipe-card-card__j.mut
j,beta,recipe-card-card-title,tag_type_mod_mut,COMPLETE,1,beta__recipe-card-card-title__j.mut
j,beta,recipe-card-card-time,tag_type_mod_mut,COMPLETE,1,beta__recipe-card-card-time__j.mut
j,beta,recipe-detail-detail-title,tag_type_mod_mut,COMPLETE,1,beta__recipe-detail-detail-title__j.mut
j,beta,recipe-detail-detail-author,tag_type_mod_mut,COMPLETE,1,beta__recipe-detail-detail-author__j.mut
j,beta,recipe-detail-servings,tag_type_mod_mut,COMPLETE,1,beta__recipe-detail-servings__j.mut
j,beta,recipe-detail-kcal,tag_type_mod_mut,COMPLETE,1,beta__recipe-detail-kcal__j.mut
j,beta,recipe-detail-protein,tag_type_mod_mut,COMPLETE,1,beta__recipe-detail-protein__j.mut
j,beta,recipe-detail-add-shopping,tag_type_mod_mut,COMPLETE,1,beta__recipe-detail-add-shopping__j.mut
j,beta,recipe-detail-delete,tag_type_mod_mut,COMPLETE,1,beta__recipe-detail-delete__j.mut
j,beta,recipe-detail-not-found,tag_type_mod_mut,COMPLETE,1,beta__recipe-detail-not-found__j.mut
j,beta,ingredient-row-ing-qty,tag_type_mod_mut,COMPLETE,1,beta__ingredient-row-ing-qty__j.mut
j,beta,step-item-step-number,tag_type_mod_mut,COMPLETE,1,beta__step-item-step-number__j.mut
j,beta,step-item-step-text,tag_type_mod_mut,COMPLETE,1,beta__step-item-step-text__j.mut
j,beta,recipe-form-form-heading,tag_type_mod_mut,COMPLETE,1,beta__recipe-form-form-heading__j.mut
j,beta,recipe-form-f-title,tag_type_mod_mut,COMPLETE,1,beta__recipe-form-f-title__j.mut
j,beta,recipe-form-f-course,tag_type_mod_mut,COMPLETE,1,beta__recipe-form-f-course__j.mut
j,beta,recipe-form-f-servings,tag_type_mod_mut,COMPLETE,1,beta__recipe-form-f-servings__j.mut
j,beta,recipe-form-f-veg,tag_type_mod_mut,COMPLETE,1,beta__recipe-form-f-veg__j.mut
j,beta,recipe-form-f-tags,tag_type_mod_mut,COMPLETE,1,beta__recipe-form-f-tags__j.mut
j,beta,recipe-form-f-ingredients,tag_type_mod_mut,COMPLETE,1,beta__recipe-form-f-ingredients__j.mut
j,beta,recipe-form-f-steps,tag_type_mod_mut,COMPLETE,1,beta__recipe-form-f-steps__j.mut
j,beta,recipe-form-f-submit,tag_type_mod_mut,COMPLETE,1,beta__recipe-form-f-submit__j.mut
j,beta,shopping-list-shopping-title,tag_type_mod_mut,COMPLETE,1,beta__shopping-list-shopping-title__j.mut
j,beta,shopping-list-open-count,tag_type_mod_mut,COMPLETE,1,beta__shopping-list-open-count__j.mut
j,beta,shopping-list-done-count,tag_type_mod_mut,COMPLETE,1,beta__shopping-list-done-count__j.mut
j,beta,shopping-list-shopping-empty,tag_type_mod_mut,COMPLETE,1,beta__shopping-list-shopping-empty__j.mut
j,beta,shopping-list-shop-check,tag_type_mod_mut,COMPLETE,1,beta__shopping-list-shop-check__j.mut
j,beta,shopping-list-clear-done,tag_type_mod_mut,COMPLETE,1,beta__shopping-list-clear-done__j.mut
j,beta,stats-stats-title,tag_type_mod_mut,COMPLETE,1,beta__stats-stats-title__j.mut
j,beta,stats-stat-total,tag_type_mod_mut,COMPLETE,1,beta__stats-stat-total__j.mut
j,beta,stats-stat-veg,tag_type_mod_mut,COMPLETE,1,beta__stats-stat-veg__j.mut
j,beta,stats-stat-time,tag_type_mod_mut,COMPLETE,1,beta__stats-stat-time__j.mut
j,beta,stats-stat-fav,tag_type_mod_mut,COMPLETE,1,beta__stats-stat-fav__j.mut
j,beta,stats-course-count,tag_type_mod_mut,COMPLETE,1,beta__stats-course-count__j.mut
j,beta,stats-top-title,tag_type_mod_mut,COMPLETE,1,beta__stats-top-title__j.mut
k,beta,app-footer-brand,tag_ins_mut,COMPLETE,1,beta__app-footer-brand__k.mut
k,beta,app-footer-version,tag_ins_mut,COMPLETE,1,beta__app-footer-version__k.mut
k,beta,header-brand-name,tag_ins_mut,COMPLETE,1,beta__header-brand-name__k.mut
k,beta,header-nav-shopping,tag_ins_mut,COMPLETE,1,beta__header-nav-shopping__k.mut
k,beta,header-nav-stats,tag_ins_mut,COMPLETE,1,beta__header-nav-stats__k.mut
k,beta,toast-toast-message,tag_ins_mut,COMPLETE,1,beta__toast-toast-message__k.mut
k,beta,recipe-list-list-title,tag_ins_mut,COMPLETE,1,beta__recipe-list-list-title__k.mut
k,beta,recipe-list-search,tag_ins_mut,COMPLETE,1,beta__recipe-list-search__k.mut
k,beta,recipe-list-course-filter,tag_ins_mut,COMPLETE,1,beta__recipe-list-course-filter__k.mut
k,beta,recipe-list-veg-only,tag_ins_mut,COMPLETE,1,beta__recipe-list-veg-only__k.mut
k,beta,recipe-list-sort,tag_ins_mut,COMPLETE,1,beta__recipe-list-sort__k.mut
k,beta,recipe-list-result-count,tag_ins_mut,COMPLETE,1,beta__recipe-list-result-count__k.mut
k,beta,recipe-list-add-recipe,tag_ins_mut,COMPLETE,1,beta__recipe-list-add-recipe__k.mut
k,beta,recipe-list-empty,tag_ins_mut,COMPLETE,1,beta__recipe-list-empty__k.mut
k,beta,recipe-card-card,tag_ins_mut,COMPLETE,1,beta__recipe-card-card__k.mut
k,beta,recipe-card-card-title,tag_ins_mut,COMPLETE,1,beta__recipe-card-card-title__k.mut
k,beta,recipe-card-card-time,tag_ins_mut,COMPLETE,1,beta__recipe-card-card-time__k.mut
k,beta,recipe-detail-detail-title,tag_ins_mut,COMPLETE,1,beta__recipe-detail-detail-title__k.mut
k,beta,recipe-detail-detail-author,tag_ins_mut,COMPLETE,1,beta__recipe-detail-detail-author__k.mut
k,beta,recipe-detail-servings,tag_ins_mut,COMPLETE,1,beta__recipe-detail-servings__k.mut
k,beta,recipe-detail-kcal,tag_ins_mut,COMPLETE,1,beta__recipe-detail-kcal__k.mut
k,beta,recipe-detail-protein,tag_ins_mut,COMPLETE,1,beta__recipe-detail-protein__k.mut
k,beta,recipe-detail-add-shopping,tag_ins_mut,COMPLETE,1,beta__recipe-detail-add-shopping__k.mut
k,beta,recipe-detail-delete,tag_ins_mut,COMPLETE,1,beta__recipe-detail-delete__k.mut
k,beta,recipe-detail-not-found,tag_ins_mut,COMPLETE,1,beta__recipe-detail-not-found__k.mut
k,beta,ingredient-row-ing-qty,tag_ins_mut,COMPLETE,1,beta__ingredient-row-ing-qty__k.mut
k,beta,step-item-step-number,tag_ins_mut,COMPLETE,1,beta__step-item-step-number__k.mut
k,beta,step-item-step-text,tag_ins_mut,COMPLETE,1,beta__step-item-step-text__k.mut
k,beta,recipe-form-form-heading,tag_ins_mut,COMPLETE,1,beta__recipe-form-form-heading__k.mut
k,beta,recipe-form-f-title,tag_ins_mut,COMPLETE,1,beta__recipe-form-f-title__k.mut
k,beta,recipe-form-f-course,tag_ins_mut,COMPLETE,1,beta__recipe-form-f-course__k.mut
k,beta,recipe-form-f-servings,tag_ins_mut,COMPLETE,1,beta__recipe-form-f-servings__k.mut
k,beta,recipe-form-f-veg,tag_ins_mut,COMPLETE,1,beta__recipe-form-f-veg__k.mut
k,beta,recipe-form-f-tags,tag_ins_mut,COMPLETE,1,beta__recipe-form-f-tags__k.mut
k,beta,recipe-form-f-ingredients,tag_ins_mut,COMPLETE,1,beta__recipe-form-f-ingredients__k.mut
k,beta,recipe-form-f-steps,tag_ins_mut,COMPLETE,1,beta__recipe-form-f-steps__k.mut
k,beta,recipe-form-f-submit,tag_ins_mut,COMPLETE,1,beta__recipe-form-f-submit__k.mut
k,beta,shopping-list-shopping-title,tag_ins_mut,COMPLETE,1,beta__shopping-list-shopping-title__k.mut
k,beta,shopping-list-open-count,tag_ins_mut,COMPLETE,1,beta__shopping-list-open-count__k.mut
k,beta,shopping-list-done-count,tag_ins_mut,COMPLETE,1,beta__shopping-list-done-count__k.mut
k,beta,shopping-list-shopping-empty,tag_ins_mut,COMPLETE,1,beta__shopping-list-shopping-empty__k.mut
k,beta,shopping-list-shop-check,tag_ins_mut,COMPLETE,1,beta__shopping-list-shop-check__k.mut
k,beta,shopping-list-clear-done,tag_ins_mut,COMPLETE,1,beta__shopping-list-clear-done__k.mut
k,beta,stats-stats-title,tag_ins_mut,COMPLETE,1,beta__stats-stats-title__k.mut
k,beta,stats-stat-total,tag_ins_mut,COMPLETE,1,beta__stats-stat-total__k.mut
k,beta,stats-stat-veg,tag_ins_mut,COMPLETE,1,beta__stats-stat-veg__k.mut
k,beta,stats-stat-time,tag_ins_mut,COMPLETE,1,beta__stats-stat-time__k.mut
k,beta,stats-stat-fav,tag_ins_mut,COMPLETE,1,beta__stats-stat-fav__k.mut
k,beta,stats-course-count,tag_ins_mut,COMPLETE,1,beta__stats-course-count__k.mut
k,beta,stats-top-title,tag_ins_mut,COMPLETE,1,beta__stats-top-title__k.mut
a,delta,header-brand-name,attr_val_mod_mut,COMPLETE,1,delta__header-brand-name__a.mut
a,delta,header-nav-shopping,attr_val_mod_mut,COMPLETE,1,delta__header-nav-shopping__a.mut
a,delta,toast-toast-message,attr_val_mod_mut,COMPLETE,1,delta__toast-toast-message__a.mut
a,delta,recipe-list-add-recipe,attr_val_mod_mut,COMPLETE,1,delta__recipe-list-add-recipe__a.mut
a,delta,recipe-detail-delete,attr_val_mod_mut,COMPLETE,1,delta__recipe-detail-delete__a.mut
a,delta,recipe-detail-not-found,attr_val_mod_mut,COMPLETE,1,delta__recipe-detail-not-found__a.mut
a,delta,step-item-step-number,attr_val_mod_mut,COMPLETE,1,delta__step-item-step-number__a.mut
a,delta,stats-course-count,attr_val_mod_mut,COMPLETE,1,delta__stats-course-count__a.mut
b,delta,header-brand-name,attr_rem_mut,COMPLETE,1,delta__header-brand-name__b.mut
b,delta,header-nav-shopping,attr_rem_mut,COMPLETE,1,delta__header-nav-shopping__b.mut
b,delta,toast-toast-message,attr_rem_mut,COMPLETE,1,delta__toast-toast-message__b.mut
b,delta,recipe-list-add-recipe,attr_rem_mut,COMPLETE,1,delta__recipe-list-add-recipe__b.mut
b,delta,recipe-detail-delete,attr_rem_mut,COMPLETE,1,delta__recipe-detail-delete__b.mut
b,delta,recipe-detail-not-found,attr_rem_mut,COMPLETE,1,delta__recipe-detail-not-found__b.mut
b,delta,step-item-step-number,attr_rem_mut,COMPLETE,1,delta__step-item-step-number__b.mut
b,delta,stats-course-count,attr_rem_mut,COMPLETE,1,delta__stats-course-count__b.mut
d,delta,app-footer-brand,text_cont_mod_mut,COMPLETE,1,delta__app-footer-brand__d.mut
d,delta,app-footer-version,text_cont_mod_mut,COMPLETE,1,delta__app-footer-version__d.mut
d,delta,header-brand-name,text_cont_mod_mut,COMPLETE,1,delta__header-brand-name__d.mut
d,delta,header-nav-shopping,text_cont_mod_mut,COMPLETE,1,delta__header-nav-shopping__d.mut
d,delta,header-nav-stats,text_cont_mod_mut,COMPLETE,1,delta__header-nav-stats__d.mut
d,delta,toast-toast-message,text_cont_mod_mut,COMPLETE,1,delta__toast-toast-message__d.mut
d,delta,recipe-list-list-title,text_cont_mod_mut,COMPLETE,1,delta__recipe-list-list-title__d.mut
d,delta,recipe-list-search,text_cont_mod_mut,COMPLETE,1,delta__recipe-list-search__d.mut
d,delta,recipe-list-course-filter,text_cont_mod_mut,COMPLETE,1,delta__recipe-list-course-filter__d.mut
d,delta,recipe-list-veg-only,text_cont_mod_mut,COMPLETE,1,delta__recipe-list-veg-only__d.mut
d,delta,recipe-list-sort,text_cont_mod_mut,COMPLETE,1,delta__recipe-list-sort__d.mut
d,delta,recipe-list-result-count,text_cont_mod_mut,COMPLETE,1,delta__recipe-list-result-count__d.mut
d,delta,recipe-list-add-recipe,text_cont_mod_mut,COMPLETE,1,delta__recipe-list-add-recipe__d.mut
d,delta,recipe-list-empty,text_cont_mod_mut,COMPLETE,1,delta__recipe-list-empty__d.mut
d,delta,recipe-card-card,text_cont_mod_mut,COMPLETE,1,delta__recipe-card-card__d.mut
d,delta,recipe-card-card-title,text_cont_mod_mut,COMPLETE,1,delta__recipe-card-card-title__d.mut
d,delta,recipe-card-card-time,text_cont_mod_mut,COMPLETE,1,delta__recipe-card-card-time__d.mut
d,delta,recipe-detail-detail-title,text_cont_mod_mut,COMPLETE,1,delta__recipe-detail-detail-title__d.mut
d,delta,recipe-detail-detail-author,text_cont_mod_mut,COMPLETE,1,delta__recipe-detail-detail-author__d.mut
d,delta,recipe-detail-servings,text_cont_mod_mut,COMPLETE,1,delta__recipe-detail-servings__d.mut
d,delta,recipe-detail-kcal,text_cont_mod_mut,COMPLETE,1,delta__recipe-detail-kcal__d.mut
d,delta,recipe-detail-protein,text_cont_mod_mut,COMPLETE,1,delta__recipe-detail-protein__d.mut
d,delta,recipe-detail-add-shopping,text_cont_mod_mut,COMPLETE,1,delta__recipe-detail-add-shopping__d.mut
d,delta,recipe-detail-delete,text_cont_mod_mut,COMPLETE,1,delta__recipe-detail-delete__d.mut
d,delta,recipe-detail-not-found,text_cont_mod_mut,COMPLETE,1,delta__recipe-detail-not-found__d.mut
d,delta,ingredient-row-ing-qty,text_cont_mod_mut,COMPLETE,1,delta__ingredient-row-ing-qty__d.mut
d,delta,ingredient-row-ing-name,text_cont_mod_mut,COMPLETE,1,delta__ingredient-row-ing-name__d.mut
d,delta,step-item-step-text,text_cont_mod_mut,COMPLETE,1,delta__step-item-step-text__d.mut
d,delta,recipe-form-form-heading,text_cont_mod_mut,COMPLETE,1,delta__recipe-form-form-heading__d.mut
d,delta,recipe-form-f-title,text_cont_mod_mut,COMPLETE,1,delta__recipe-form-f-title__d.mut
d,delta,recipe-form-f-course,text_cont_mod_mut,COMPLETE,1,delta__recipe-form-f-course__d.mut
d,delta,recipe-form-f-servings,text_cont_mod_mut,COMPLETE,1,delta__recipe-form-f-servings__d.mut
d,delta,recipe-form-f-veg,text_cont_mod_mut,COMPLETE,1,delta__recipe-form-f-veg__d.mut
d,delta,recipe-form-f-tags,text_cont_mod_mut,COMPLETE,1,delta__recipe-form-f-tags__d.mut
d,delta,recipe-form-f-ingredients,text_cont_mod_mut,COMPLETE,1,delta__recipe-form-f-ingredients__d.mut
d,delta,recipe-form-f-steps,text_cont_mod_mut,COMPLETE,1,delta__recipe-form-f-steps__d.mut
d,delta,recipe-form-f-submit,text_cont_mod_mut,COMPLETE,1,delta__recipe-form-f-submit__d.mut
d,delta,shopping-list-shopping-title,text_cont_mod_mut,COMPLETE,1,delta__shopping-list-shopping-title__d.mut
d,delta,shopping-list-open-count,text_cont_mod_mut,COMPLETE,1,delta__shopping-list-open-count__d.mut
d,delta,shopping-list-done-count,text_cont_mod_mut,COMPLETE,1,delta__shopping-list-done-count__d.mut
d,delta,shopping-list-shopping-empty,text_cont_mod_mut,COMPLETE,1,delta__shopping-list-shopping-empty__d.mut
d,delta,shopping-list-shop-check,text_cont_mod_mut,COMPLETE,1,delta__shopping-list-shop-check__d.mut
d,delta,shopping-list-clear-done,text_cont_mod_mut,COMPLETE,1,delta__shopping-list-clear-done__d.mut
d,delta,stats-stats-title,text_cont_mod_mut,COMPLETE,1,delta__stats-stats-title__d.mut
d,delta,stats-stat-total,text_cont_mod_mut,COMPLETE,1,delta__stats-stat-total__d.mut
d,delta,stats-stat-veg,text_cont_mod_mut,COMPLETE,1,delta__stats-stat-veg__d.mut
d,delta,stats-stat-time,text_cont_mod_mut,COMPLETE,1,delta__stats-stat-time__d.mut
d,delta,stats-stat-fav,text_cont_mod_mut,COMPLETE,1,delta__stats-stat-fav__d.mut
d,delta,stats-course-count,text_cont_mod_mut,COMPLETE,1,delta__stats-course-count__d.mut
d,delta,stats-top-title,text_cont_mod_mut,COMPLETE,1,delta__stats-top-title__d.mut
e,delta,app-footer-brand,text_cont_rem_mut,COMPLETE,1,delta__app-footer-brand__e.mut
e,delta,app-footer-version,text_cont_rem_mut,COMPLETE,1,delta__app-footer-version__e.mut
e,delta,header-brand-name,text_cont_rem_mut,COMPLETE,1,delta__header-brand-name__e.mut
e,delta,header-nav-shopping,text_cont_rem_mut,COMPLETE,1,delta__header-nav-shopping__e.mut
e,delta,header-nav-stats,text_cont_rem_mut,COMPLETE,1,delta__header-nav-stats__e.mut
e,delta,toast-toast-message,text_cont_rem_mut,COMPLETE,1,delta__toast-toast-message__e.mut
e,delta,recipe-list-list-title,text_cont_rem_mut,COMPLETE,1,delta__recipe-list-list-title__e.mut
e,delta,recipe-list-search,text_cont_rem_mut,COMPLETE,1,delta__recipe-list-search__e.mut
e,delta,recipe-list-course-filter,text_cont_rem_mut,COMPLETE,1,delta__recipe-list-course-filter__e.mut
e,delta,recipe-list-veg-only,text_cont_rem_mut,COMPLETE,1,delta__recipe-list-veg-only__e.mut
e,delta,recipe-list-sort,text_cont_rem_mut,COMPLETE,1,delta__recipe-list-sort__e.mut
e,delta,recipe-list-result-count,text_cont_rem_mut,COMPLETE,1,delta__recipe-list-result-count__e.mut
e,delta,recipe-list-add-recipe,text_cont_rem_mut,COMPLETE,1,delta__recipe-list-add-recipe__e.mut
e,delta,recipe-list-empty,text_cont_rem_mut,COMPLETE,1,delta__recipe-list-empty__e.mut
e,delta,recipe-card-card,text_cont_rem_mut,COMPLETE,1,delta__recipe-card-card__e.mut
e,delta,recipe-card-card-title,text_cont_rem_mut,COMPLETE,1,delta__recipe-card-card-title__e.mut
e,delta,recipe-card-card-time,text_cont_rem_mut,COMPLETE,1,delta__recipe-card-card-time__e.mut
e,delta,recipe-detail-detail-title,text_cont_rem_mut,COMPLETE,1,delta__recipe-detail-detail-title__e.mut
e,delta,recipe-detail-detail-author,text_cont_rem_mut,COMPLETE,1,delta__recipe-detail-detail-author__e.mut
e,delta,recipe-detail-servings,text_cont_rem_mut,COMPLETE,1,delta__recipe-detail-servings__e.mut
e,delta,recipe-detail-kcal,text_cont_rem_mut,COMPLETE,1,delta__recipe-detail-kcal__e.mut
e,delta,recipe-detail-protein,text_cont_rem_mut,COMPLETE,1,delta__recipe-detail-protein__e.mut
e,delta,recipe-detail-add-shopping,text_cont_rem_mut,COMPLETE,1,delta__recipe-detail-add-shopping__e.mut
e,delta,recipe-detail-delete,text_cont_rem_mut,COMPLETE,1,delta__recipe-detail-delete__e.mut
e,delta,recipe-detail-not-found,text_cont_rem_mut,COMPLETE,1,delta__recipe-detail-not-found__e.mut
e,delta,ingredient-row-ing-qty,text_cont_rem_mut,COMPLETE,1,delta__ingredient-row-ing-qty__e.mut
e,delta,ingredient-row-ing-name,text_cont_rem_mut,COMPLETE,1,delta__ingredient-row-ing-name__e.mut
e,delta,step-item-step-text,text_cont_rem_mut,COMPLETE,1,delta__step-item-step-text__e.mut
e,delta,recipe-form-form-heading,text_cont_rem_mut,COMPLETE,1,delta__recipe-form-form-heading__e.mut
e,delta,recipe-form-f-title,text_cont_rem_mut,COMPLETE,1,delta__recipe-form-f-title__e.mut
e,delta,recipe-form-f-course,text_cont_rem_mut,COMPLETE,1,delta__recipe-form-f-course__e.mut
e,delta,recipe-form-f-servings,text_cont_rem_mut,COMPLETE,1,delta__recipe-form-f-servings__e.mut
e,delta,recipe-form-f-veg,text_cont_rem_mut,COMPLETE,1,delta__recipe-form-f-veg__e.mut
e,delta,recipe-form-f-tags,text_cont_rem_mut,COMPLETE,1,delta__recipe-form-f-tags__e.mut
e,delta,recipe-form-f-ingredients,text_cont_rem_mut,COMPLETE,1,delta__recipe-form-f-ingredients__e.mut
e,delta,recipe-form-f-steps,text_cont_rem_mut,COMPLETE,1,delta__recipe-form-f-steps__e.mut
e,delta,recipe-form-f-submit,text_cont_rem_mut,COMPLETE,1,delta__recipe-form-f-submit__e.mut
e,delta,shopping-list-shopping-title,text_cont_rem_mut,COMPLETE,1,delta__shopping-list-shopping-title__e.mut
e,delta,shopping-list-open-count,text_cont_rem_mut,COMPLETE,1,delta__shopping-list-open-count__e.mut
e,delta,shopping-list-done-count,text_cont_rem_mut,COMPLETE,1,delta__shopping-list-done-count__e.mut
e,delta,shopping-list-shopping-empty,text_cont_rem_mut,COMPLETE,1,delta__shopping-list-shopping-empty__e.mut
e,delta,shopping-list-shop-check,text_cont_rem_mut,COMPLETE,1,delta__shopping-list-shop-check__e.mut
e,delta,shopping-list-clear-done,text_cont_rem_mut,COMPLETE,1,delta__shopping-list-clear-done__e.mut
e,delta,stats-stats-title,text_cont_rem_mut,COMPLETE,1,delta__stats-stats-title__e.mut
e,delta,stats-stat-total,text_cont_rem_mut,COMPLETE,1,delta__stats-stat-total__e.mut
e,delta,stats-stat-veg,text_cont_rem_mut,COMPLETE,1,delta__stats-stat-veg__e.mut
e,delta,stats-stat-time,text_cont_rem_mut,COMPLETE,1,delta__stats-stat-time__e.mut
e,delta,stats-stat-fav,text_cont_rem_mut,COMPLETE,1,delta__stats-stat-fav__e.mut
e,delta,stats-course-count,text_cont_rem_mut,COMPLETE,1,delta__stats-course-count__e.mut
e,delta,stats-top-title,text_cont_rem_mut,COMPLETE,1,delta__stats-top-title__e.mut
f,delta,app-footer-brand,tag_mov_container_mut,COMPLETE,1,delta__app-footer-brand__f.mut
f,delta,header-nav-shopping,tag_mov_container_mut,COMPLETE,1,delta__header-nav-shopping__f.mut
f,delta,header-nav-stats,tag_mov_container_mut,COMPLETE,1,delta__header-nav-stats__f.mut
f,delta,toast-toast-message,tag_mov_container_mut,COMPLETE,1,delta__toast-toast-message__f.mut
f,delta,recipe-list-list-title,tag_mov_container_mut,COMPLETE,1,delta__recipe-list-list-title__f.mut
f,delta,recipe-list-search,tag_mov_container_mut,COMPLETE,1,delta__recipe-list-search__f.mut
f,delta,recipe-list-course-filter,tag_mov_container_mut,COMPLETE,1,delta__recipe-list-course-filter__f.mut
f,delta,recipe-list-veg-only,tag_mov_container_mut,COMPLETE,1,delta__recipe-list-veg-only__f.mut
f,delta,recipe-list-sort,tag_mov_container_mut,COMPLETE,1,delta__recipe-list-sort__f.mut
f,delta,recipe-list-result-count,tag_mov_container_mut,COMPLETE,1,delta__recipe-list-result-count__f.mut
f,delta,recipe-list-add-recipe,tag_mov_container_mut,COMPLETE,1,delta__recipe-list-add-recipe__f.mut
f,delta,recipe-list-empty,tag_mov_container_mut,COMPLETE,1,delta__recipe-list-empty__f.mut
f,delta,recipe-card-card,tag_mov_container_mut,COMPLETE,1,delta__recipe-card-card__f.mut
f,delta,recipe-card-card-title,tag_mov_container_mut,COMPLETE,1,delta__recipe-card-card-title__f.mut
f,delta,recipe-card-card-time,tag_mov_container_mut,COMPLETE,1,delta__recipe-card-card-time__f.mut
f,delta,recipe-detail-detail-title,tag_mov_container_mut,COMPLETE,1,delta__recipe-detail-detail-title__f.mut
f,delta,recipe-detail-detail-author,tag_mov_container_mut,COMPLETE,1,delta__recipe-detail-detail-author__f.mut
f,delta,recipe-detail-servings,tag_mov_container_mut,COMPLETE,1,delta__recipe-detail-servings__f.mut
f,delta,recipe-detail-kcal,tag_mov_container_mut,COMPLETE,1,delta__recipe-detail-kcal__f.mut
f,delta,recipe-detail-protein,tag_mov_container_mut,COMPLETE,1,delta__recipe-detail-protein__f.mut
f,delta,recipe-detail-add-shopping,tag_mov_container_mut,COMPLETE,1,delta__recipe-detail-add-shopping__f.mut
f,delta,recipe-detail-not-found,tag_mov_container_mut,COMPLETE,1,delta__recipe-detail-not-found__f.mut
f,delta,ingredient-row-ing-qty,tag_mov_container_mut,COMPLETE,1,delta__ingredient-row-ing-qty__f.mut
f,delta,ingredient-row-ing-name,tag_mov_container_mut,COMPLETE,1,delta__ingredient-row-ing-name__f.mut
f,delta,step-item-step-number,tag_mov_container_mut,COMPLETE,1,delta__step-item-step-number__f.mut
f,delta,step-item-step-text,tag_mov_container_mut,COMPLETE,1,delta__step-item-step-text__f.mut
f,delta,recipe-form-form-heading,tag_mov_container_mut,COMPLETE,1,delta__recipe-form-form-heading__f.mut
f,delta,recipe-form-f-title,tag_mov_container_mut,COMPLETE,1,delta__recipe-form-f-title__f.mut
f,delta,recipe-form-f-course,tag_mov_container_mut,COMPLETE,1,delta__recipe-form-f-course__f.mut
f,delta,recipe-form-f-servings,tag_mov_container_mut,COMPLETE,1,delta__recipe-form-f-servings__f.mut
f,delta,recipe-form-f-veg,tag_mov_container_mut,COMPLETE,1,delta__recipe-form-f-veg__f.mut
f,delta,recipe-form-f-tags,tag_mov_container_mut,COMPLETE,1,delta__recipe-form-f-tags__f.mut
f,delta,recipe-form-f-ingredients,tag_mov_container_mut,COMPLETE,1,delta__recipe-form-f-ingredients__f.mut
f,delta,recipe-form-f-steps,tag_mov_container_mut,COMPLETE,1,delta__recipe-form-f-steps__f.mut
f,delta,recipe-form-f-submit,tag_mov_container_mut,COMPLETE,1,delta__recipe-form-f-submit__f.mut
f,delta,shopping-list-shopping-title,tag_mov_container_mut,COMPLETE,1,delta__shopping-list-shopping-title__f.mut
f,delta,shopping-list-open-count,tag_mov_container_mut,COMPLETE,1,delta__shopping-list-open-count__f.mut
f,delta,shopping-list-done-count,tag_mov_container_mut,COMPLETE,1,delta__shopping-list-done-count__f.mut
f,delta,shopping-list-shopping-empty,tag_mov_container_mut,COMPLETE,1,delta__shopping-list-shopping-empty__f.mut
f,delta,shopping-list-shop-check,tag_mov_container_mut,COMPLETE,1,delta__shopping-list-shop-check__f.mut
f,delta,shopping-list-clear-done,tag_mov_container_mut,COMPLETE,1,delta__shopping-list-clear-done__f.mut
f,delta,stats-stats-title,tag_mov_container_mut,COMPLETE,1,delta__stats-stats-title__f.mut
f,delta,stats-stat-total,tag_mov_container_mut,COMPLETE,1,delta__stats-stat-total__f.mut
f,delta,stats-stat-veg,tag_mov_container_mut,COMPLETE,1,delta__stats-stat-veg__f.mut
f,delta,stats-stat-time,tag_mov_container_mut,COMPLETE,1,delta__stats-stat-time__f.mut
f,delta,stats-stat-fav,tag_mov_container_mut,COMPLETE,1,delta__stats-stat-fav__f.mut
f,delta,stats-course-count,tag_mov_container_mut,COMPLETE,1,delta__stats-course-count__f.mut
f,delta,stats-top-title,tag_mov_container_mut,COMPLETE,1,delta__stats-top-title__f.mut
g,delta,app-footer-brand,tag_mov_html_mut,COMPLETE,2,delta__app-footer-brand__g.mut
g,delta,app-footer-version,tag_mov_html_mut,COMPLETE,2,delta__app-footer-version__g.mut
g,delta,header-brand-name,tag_mov_html_mut,COMPLETE,2,delta__header-brand-name__g.mut
g,delta,header-nav-shopping,tag_mov_html_mut,COMPLETE,2,delta__header-nav-shopping__g.mut
g,delta,header-nav-stats,tag_mov_html_mut,COMPLETE,2,delta__header-nav-stats__g.mut
g,delta,toast-toast-message,tag_mov_html_mut,COMPLETE,2,delta__toast-toast-message__g.mut
g,delta,recipe-list-list-title,tag_mov_html_mut,COMPLETE,2,delta__recipe-list-list-title__g.mut
g,delta,recipe-list-search,tag_mov_html_mut,COMPLETE,2,delta__recipe-list-search__g.mut
g,delta,recipe-list-course-filter,tag_mov_html_mut,COMPLETE,2,delta__recipe-list-course-filter__g.mut
g,delta,recipe-list-veg-only,tag_mov_html_mut,COMPLETE,2,delta__recipe-list-veg-only__g.mut
g,delta,recipe-list-sort,tag_mov_html_mut,COMPLETE,2,delta__recipe-list-sort__g.mut
g,delta,recipe-list-result-count,tag_mov_html_mut,COMPLETE,2,delta__recipe-list-result-count__g.mut
g,delta,recipe-list-add-recipe,tag_mov_html_mut,COMPLETE,2,delta__recipe-list-add-recipe__g.mut
g,delta,recipe-list-empty,tag_mov_html_mut,COMPLETE,2,delta__recipe-list-empty__g.mut
g,delta,recipe-card-card,tag_mov_html_mut,COMPLETE,2,delta__recipe-card-card__g.mut
g,delta,recipe-card-card-title,tag_mov_html_mut,COMPLETE,2,delta__recipe-card-card-title__g.mut
g,delta,recipe-card-card-fav,tag_mov_html_mut,COMPLETE,2,delta__recipe-card-card-fav__g.mut
g,delta,recipe-card-card-time,tag_mov_html_mut,COMPLETE,2,delta__recipe-card-card-time__g.mut
g,delta,recipe-detail-detail-title,tag_mov_html_mut,COMPLETE,2,delta__recipe-detail-detail-title__g.mut
g,delta,recipe-detail-detail-author,tag_mov_html_mut,COMPLETE,2,delta__recipe-detail-detail-author__g.mut
g,delta,recipe-detail-servings,tag_mov_html_mut,COMPLETE,2,delta__recipe-detail-servings__g.mut
g,delta,recipe-detail-kcal,tag_mov_html_mut,COMPLETE,2,delta__recipe-detail-kcal__g.mut
g,delta,recipe-detail-protein,tag_mov_html_mut,COMPLETE,2,delta__recipe-detail-protein__g.mut
g,delta,recipe-detail-add-shopping,tag_mov_html_mut,COMPLETE,2,delta__recipe-detail-add-shopping__g.mut
g,delta,recipe-detail-delete,tag_mov_html_mut,COMPLETE,2,delta__recipe-detail-delete__g.mut
g,delta,recipe-detail-not-found,tag_mov_html_mut,COMPLETE,2,delta__recipe-detail-not-found__g.mut
g,delta,ingredient-row-ing-qty,tag_mov_html_mut,COMPLETE,2,delta__ingredient-row-ing-qty__g.mut
g,delta,ingredient-row-ing-name,tag_mov_html_mut,COMPLETE,2,delta__ingredient-row-ing-name__g.mut
g,delta,step-item-step-number,tag_mov_html_mut,COMPLETE,2,delta__step-item-step-number__g.mut
g,delta,step-item-step-text,tag_mov_html_mut,COMPLETE,2,delta__step-item-step-text__g.mut
g,delta,recipe-form-form-heading,tag_mov_html_mut,COMPLETE,2,delta__recipe-form-form-heading__g.mut
g,delta,recipe-form-f-title,tag_mov_html_mut,COMPLETE,2,delta__recipe-form-f-title__g.mut
g,delta,recipe-form-f-course,tag_mov_html_mut,COMPLETE,2,delta__recipe-form-f-course__g.mut
g,delta,recipe-form-f-servings,tag_mov_html_mut,COMPLETE,2,delta__recipe-form-f-servings__g.mut
g,delta,recipe-form-f-veg,tag_mov_html_mut,COMPLETE,2,delta__recipe-form-f-veg__g.mut
g,delta,recipe-form-f-tags,tag_mov_html_mut,COMPLETE,2,delta__recipe-form-f-tags__g.mut
g,delta,recipe-form-f-ingredients,tag_mov_html_mut,COMPLETE,2,delta__recipe-form-f-ingredients__g.mut
g,delta,recipe-form-f-steps,tag_mov_html_mut,COMPLETE,2,delta__recipe-form-f-steps__g.mut
g,delta,recipe-form-f-submit,tag_mov_html_mut,COMPLETE,2,delta__recipe-form-f-submit__g.mut
g,delta,stats-stats-title,tag_mov_html_mut,COMPLETE,2,delta__stats-stats-title__g.mut
g,delta,stats-stat-total,tag_mov_html_mut,COMPLETE,2,delta__stats-stat-total__g.mut
g,delta,stats-stat-veg,tag_mov_html_mut,COMPLETE,2,delta__stats-stat-veg__g.mut
g,delta,stats-stat-time,tag_mov_html_mut,COMPLETE,2,delta__stats-stat-time__g.mut
g,delta,stats-stat-fav,tag_mov_html_mut,COMPLETE,2,delta__stats-stat-fav__g.mut
g,delta,stats-course-count,tag_mov_html_mut,COMPLETE,2,delta__stats-course-count__g.mut
g,delta,stats-top-title,tag_mov_html_mut,COMPLETE,2,delta__stats-top-title__g.mut
h,delta,app-footer-brand,tag_mov_temp_mut,COMPLETE,2,delta__app-footer-brand__h.mut
h,delta,app-footer-version,tag_mov_temp_mut,COMPLETE,2,delta__app-footer-version__h.mut
h,delta,header-brand-name,tag_mov_temp_mut,COMPLETE,2,delta__header-brand-name__h.mut
h,delta,header-nav-shopping,tag_mov_temp_mut,COMPLETE,2,delta__header-nav-shopping__h.mut
h,delta,header-nav-stats,tag_mov_temp_mut,COMPLETE,2,delta__header-nav-stats__h.mut
h,delta,toast-toast-message,tag_mov_temp_mut,COMPLETE,2,delta__toast-toast-message__h.mut
h,delta,recipe-list-list-title,tag_mov_temp_mut,COMPLETE,2,delta__recipe-list-list-title__h.mut
h,delta,recipe-list-search,tag_mov_temp_mut,COMPLETE,2,delta__recipe-list-search__h.mut
h,delta,recipe-list-course-filter,tag_mov_temp_mut,COMPLETE,2,delta__recipe-list-course-filter__h.mut
h,delta,recipe-list-veg-only,tag_mov_temp_mut,COMPLETE,2,delta__recipe-list-veg-only__h.mut
h,delta,recipe-list-sort,tag_mov_temp_mut,COMPLETE,2,delta__recipe-list-sort__h.mut
h,delta,recipe-list-result-count,tag_mov_temp_mut,COMPLETE,2,delta__recipe-list-result-count__h.mut
h,delta,recipe-list-add-recipe,tag_mov_temp_mut,COMPLETE,2,delta__recipe-list-add-recipe__h.mut
h,delta,recipe-list-empty,tag_mov_temp_mut,COMPLETE,2,delta__recipe-list-empty__h.mut
h,delta,recipe-card-card,tag_mov_temp_mut,COMPLETE,2,delta__recipe-card-card__h.mut
h,delta,recipe-card-card-title,tag_mov_temp_mut,COMPLETE,2,delta__recipe-card-card-title__h.mut
h,delta,recipe-card-card-fav,tag_mov_temp_mut,COMPLETE,2,delta__recipe-card-card-fav__h.mut
h,delta,recipe-card-card-time,tag_mov_temp_mut,COMPLETE,2,delta__recipe-card-card-time__h.mut
h,delta,recipe-detail-detail-title,tag_mov_temp_mut,COMPLETE,2,delta__recipe-detail-detail-title__h.mut
h,delta,recipe-detail-detail-author,tag_mov_temp_mut,COMPLETE,2,delta__recipe-detail-detail-author__h.mut
h,delta,recipe-detail-servings,tag_mov_temp_mut,COMPLETE,2,delta__recipe-detail-servings__h.mut
h,delta,recipe-detail-kcal,tag_mov_temp_mut,COMPLETE,2,delta__recipe-detail-kcal__h.mut
h,delta,recipe-detail-protein,tag_mov_temp_mut,COMPLETE,2,delta__recipe-detail-protein__h.mut
h,delta,recipe-detail-add-shopping,tag_mov_temp_mut,COMPLETE,2,delta__recipe-detail-add-shopping__h.mut
h,delta,recipe-detail-delete,tag_mov_temp_mut,COMPLETE,2,delta__recipe-detail-delete__h.mut
h,delta,recipe-detail-not-found,tag_mov_temp_mut,COMPLETE,2,delta__recipe-detail-not-found__h.mut
h,delta,ingredient-row-ing-qty,tag_mov_temp_mut,COMPLETE,2,delta__ingredient-row-ing-qty__h.mut
h,delta,ingredient-row-ing-name,tag_mov_temp_mut,COMPLETE,2,delta__ingredient-row-ing-name__h.mut
h,delta,step-item-step-number,tag_mov_temp_mut,COMPLETE,2,delta__step-item-step-number__h.mut
h,delta,step-item-step-text,tag_mov_temp_mut,COMPLETE,2,delta__step-item-step-text__h.mut
h,delta,recipe-form-form-heading,tag_mov_temp_mut,COMPLETE,2,delta__recipe-form-form-heading__h.mut
h,delta,recipe-form-f-title,tag_mov_temp_mut,COMPLETE,2,delta__recipe-form-f-title__h.mut
h,delta,recipe-form-f-course,tag_mov_temp_mut,COMPLETE,2,delta__recipe-form-f-course__h.mut
h,delta,recipe-form-f-servings,tag_mov_temp_mut,COMPLETE,2,delta__recipe-form-f-servings__h.mut
h,delta,recipe-form-f-veg,tag_mov_temp_mut,COMPLETE,2,delta__recipe-form-f-veg__h.mut
h,delta,recipe-form-f-tags,tag_mov_temp_mut,COMPLETE,2,delta__recipe-form-f-tags__h.mut
h,delta,recipe-form-f-ingredients,tag_mov_temp_mut,COMPLETE,2,delta__recipe-form-f-ingredients__h.mut
h,delta,recipe-form-f-steps,tag_mov_temp_mut,COMPLETE,2,delta__recipe-form-f-steps__h.mut
h,delta,recipe-form-f-submit,tag_mov_temp_mut,COMPLETE,2,delta__recipe-form-f-submit__h.mut
h,delta,shopping-list-shopping-title,tag_mov_temp_mut,COMPLETE,2,delta__shopping-list-shopping-title__h.mut
h,delta,shopping-list-open-count,tag_mov_temp_mut,COMPLETE,2,delta__shopping-list-open-count__h.mut
h,delta,shopping-list-done-count,tag_mov_temp_mut,COMPLETE,2,delta__shopping-list-done-count__h.mut
h,delta,shopping-list-shopping-empty,tag_mov_temp_mut,COMPLETE,2,delta__shopping-list-shopping-empty__h.mut
h,delta,shopping-list-shop-check,tag_mov_temp_mut,COMPLETE,2,delta__shopping-list-shop-check__h.mut
h,delta,shopping-list-clear-done,tag_mov_temp_mut,COMPLETE,2,delta__shopping-list-clear-done__h.mut
h,delta,stats-stats-title,tag_mov_temp_mut,COMPLETE,2,delta__stats-stats-title__h.mut
h,delta,stats-stat-total,tag_mov_temp_mut,COMPLETE,2,delta__stats-stat-total__h.mut
h,delta,stats-stat-veg,tag_mov_temp_mut,COMPLETE,2,delta__stats-stat-veg__h.mut
h,delta,stats-stat-time,tag_mov_temp_mut,COMPLETE,2,delta__stats-stat-time__h.mut
h,delta,stats-stat-fav,tag_mov_temp_mut,COMPLETE,2,delta__stats-stat-fav__h.mut
h,delta,stats-course-count,tag_mov_temp_mut,COMPLETE,2,delta__stats-course-count__h.mut
h,delta,stats-top-title,tag_mov_temp_mut,COMPLETE,2,delta__stats-top-title__h.mut
i,delta,app-footer-brand,tag_rem_mut,COMPLETE,1,delta__app-footer-brand__i.mut
i,delta,app-footer-version,tag_rem_mut,COMPLETE,1,delta__app-footer-version__i.mut
i,delta,header-brand-name,tag_rem_mut,COMPLETE,1,delta__header-brand-name__i.mut
i,delta,header-nav-shopping,tag_rem_mut,COMPLETE,1,delta__header-nav-shopping__i.mut
i,delta,header-nav-stats,tag_rem_mut,COMPLETE,1,delta__header-nav-stats__i.mut
i,delta,toast-toast-message,tag_rem_mut,COMPLETE,1,delta__toast-toast-message__i.mut
i,delta,recipe-list-list-title,tag_rem_mut,COMPLETE,1,delta__recipe-list-list-title__i.mut
i,delta,recipe-list-search,tag_rem_mut,COMPLETE,1,delta__recipe-list-search__i.mut
i,delta,recipe-list-course-filter,tag_rem_mut,COMPLETE,1,delta__recipe-list-course-filter__i.mut
i,delta,recipe-list-veg-only,tag_rem_mut,COMPLETE,1,delta__recipe-list-veg-only__i.mut
i,delta,recipe-list-sort,tag_rem_mut,COMPLETE,1,delta__recipe-list-sort__i.mut
i,delta,recipe-list-result-count,tag_rem_mut,COMPLETE,1,delta__recipe-list-result-count__i.mut
i,delta,recipe-list-add-recipe,tag_rem_mut,COMPLETE,1,delta__recipe-list-add-recipe__i.mut
i,delta,recipe-list-empty,tag_rem_mut,COMPLETE,1,delta__recipe-list-empty__i.mut
i,delta,recipe-card-card,tag_rem_mut,COMPLETE,1,delta__recipe-card-card__i.mut
i,delta,recipe-card-card-title,tag_rem_mut,COMPLETE,1,delta__recipe-card-card-title__i.mut
i,delta,recipe-card-card-time,tag_rem_mut,COMPLETE,1,delta__recipe-card-card-time__i.mut
i,delta,recipe-detail-detail-title,tag_rem_mut,COMPLETE,1,delta__recipe-detail-detail-title__i.mut
i,delta,recipe-detail-detail-author,tag_rem_mut,COMPLETE,1,delta__recipe-detail-detail-author__i.mut
i,delta,recipe-detail-servings,tag_rem_mut,COMPLETE,1,delta__recipe-detail-servings__i.mut
i,delta,recipe-detail-kcal,tag_rem_mut,COMPLETE,1,delta__recipe-detail-kcal__i.mut
i,delta,recipe-detail-protein,tag_rem_mut,COMPLETE,1,delta__recipe-detail-protein__i.mut
i,delta,recipe-detail-add-shopping,tag_rem_mut,COMPLETE,1,delta__recipe-detail-add-shopping__i.mut
i,delta,recipe-detail-delete,tag_rem_mut,COMPLETE,1,delta__recipe-detail-delete__i.mut
i,delta,recipe-detail-not-found,tag_rem_mut,COMPLETE,1,delta__recipe-detail-not-found__i.mut
i,delta,ingredient-row-ing-qty,tag_rem_mut,COMPLETE,1,delta__ingredient-row-ing-qty__i.mut
i,delta,ingredient-row-ing-name,tag_rem_mut,COMPLETE,1,delta__ingredient-row-ing-name__i.mut
i,delta,step-item-step-number,tag_rem_mut,COMPLETE,1,delta__step-item-step-number__i.mut
i,delta,step-item-step-text,tag_rem_mut,COMPLETE,1,delta__step-item-step-text__i.mut
i,delta,recipe-form-form-heading,tag_rem_mut,COMPLETE,1,delta__recipe-form-form-heading__i.mut
i,delta,recipe-form-f-title,tag_rem_mut,COMPLETE,1,delta__recipe-form-f-title__i.mut
i,delta,recipe-form-f-course,tag_rem_mut,COMPLETE,1,delta__recipe-form-f-course__i.mut
i,delta,recipe-form-f-servings,tag_rem_mut,COMPLETE,1,delta__recipe-form-f-servings__i.mut
i,delta,recipe-form-f-veg,tag_rem_mut,COMPLETE,1,delta__recipe-form-f-veg__i.mut
i,delta,recipe-form-f-tags,tag_rem_mut,COMPLETE,1,delta__recipe-form-f-tags__i.mut
i,delta,recipe-form-f-ingredients,tag_rem_mut,COMPLETE,1,delta__recipe-form-f-ingredients__i.mut
i,delta,recipe-form-f-steps,tag_rem_mut,COMPLETE,1,delta__recipe-form-f-steps__i.mut
i,delta,recipe-form-f-submit,tag_rem_mut,COMPLETE,1,delta__recipe-form-f-submit__i.mut
i,delta,shopping-list-shopping-title,tag_rem_mut,COMPLETE,1,delta__shopping-list-shopping-title__i.mut
i,delta,shopping-list-open-count,tag_rem_mut,COMPLETE,1,delta__shopping-list-open-count__i.mut
i,delta,shopping-list-done-count,tag_rem_mut,COMPLETE,1,delta__shopping-list-done-count__i.mut
i,delta,shopping-list-shopping-empty,tag_rem_mut,COMPLETE,1,delta__shopping-list-shopping-empty__i.mut
i,delta,shopping-list-shop-check,tag_rem_mut,COMPLETE,1,delta__shopping-list-shop-check__i.mut
i,delta,shopping-list-clear-done,tag_rem_mut,COMPLETE,1,delta__shopping-list-clear-done__i.mut
i,delta,stats-stats-title,tag_rem_mut,COMPLETE,1,delta__stats-stats-title__i.mut
i,delta,stats-stat-total,tag_rem_mut,COMPLETE,1,delta__stats-stat-total__i.mut
i,delta,stats-stat-veg,tag_rem_mut,COMPLETE,1,delta__stats-stat-veg__i.mut
i,delta,stats-stat-time,tag_rem_mut,COMPLETE,1,delta__stats-stat-time__i.mut
i,delta,stats-stat-fav,tag_rem_mut,COMPLETE,1,delta__stats-stat-fav__i.mut
i,delta,stats-course-count,tag_rem_mut,COMPLETE,1,delta__stats-course-count__i.mut
i,delta,stats-top-title,tag_rem_mut,COMPLETE,1,delta__stats-top-title__i.mut
j,delta,app-footer-brand,tag_type_mod_mut,COMPLETE,1,delta__app-footer-brand__j.mut
j,delta,app-footer-version,tag_type_mod_mut,COMPLETE,1,delta__app-footer-version__j.mut
j,delta,header-brand-name,tag_type_mod_mut,COMPLETE,1,delta__header-brand-name__j.mut
j,delta,header-nav-shopping,tag_type_mod_mut,COMPLETE,1,delta__header-nav-shopping__j.mut
j,delta,header-nav-stats,tag_type_mod_mut,COMPLETE,1,delta__header-nav-stats__j.mut
j,delta,toast-toast-message,tag_type_mod_mut,COMPLETE,1,delta__toast-toast-message__j.mut
j,delta,recipe-list-list-title,tag_type_mod_mut,COMPLETE,1,delta__recipe-list-list-title__j.mut
j,delta,recipe-list-search,tag_type_mod_mut,COMPLETE,1,delta__recipe-list-search__j.mut
j,delta,recipe-list-course-filter,tag_type_mod_mut,COMPLETE,1,delta__recipe-list-course-filter__j.mut
j,delta,recipe-list-veg-only,tag_type_mod_mut,COMPLETE,1,delta__recipe-list-veg-only__j.mut
j,delta,recipe-list-sort,tag_type_mod_mut,COMPLETE,1,delta__recipe-list-sort__j.mut
j,delta,recipe-list-result-count,tag_type_mod_mut,COMPLETE,1,delta__recipe-list-result-count__j.mut
j,delta,recipe-list-add-recipe,tag_type_mod_mut,COMPLETE,1,delta__recipe-list-add-recipe__j.mut
j,delta,recipe-list-empty,tag_type_mod_mut,COMPLETE,1,delta__recipe-list-empty__j.mut
j,delta,recipe-card-card,tag_type_mod_mut,COMPLETE,1,delta__recipe-card-card__j.mut
j,delta,recipe-card-card-title,tag_type_mod_mut,COMPLETE,1,delta__recipe-card-card-title__j.mut
j,delta,recipe-card-card-time,tag_type_mod_mut,COMPLETE,1,delta__recipe-card-card-time__j.mut
j,delta,recipe-detail-detail-title,tag_type_mod_mut,COMPLETE,1,delta__recipe-detail-detail-title__j.mut
j,delta,recipe-detail-detail-author,tag_type_mod_mut,COMPLETE,1,delta__recipe-detail-detail-author__j.mut
j,delta,recipe-detail-servings,tag_type_mod_mut,COMPLETE,1,delta__recipe-detail-servings__j.mut
j,delta,recipe-detail-kcal,tag_type_mod_mut,COMPLETE,1,delta__recipe-detail-kcal__j.mut
j,delta,recipe-detail-protein,tag_type_mod_mut,COMPLETE,1,delta__recipe-detail-protein__j.mut
j,delta,recipe-detail-add-shopping,tag_type_mod_mut,COMPLETE,1,delta__recipe-detail-add-shopping__j.mut
j,delta,recipe-detail-delete,tag_type_mod_mut,COMPLETE,1,delta__recipe-detail-delete__j.mut
j,delta,recipe-detail-not-found,tag_type_mod_mut,COMPLETE,1,delta__recipe-detail-not-found__j.mut
j,delta,ingredient-row-ing-qty,tag_type_mod_mut,COMPLETE,1,delta__ingredient-row-ing-qty__j.mut
j,delta,ingredient-row-ing-name,tag_type_mod_mut,COMPLETE,1,delta__ingredient-row-ing-name__j.mut
j,delta,step-item-step-number,tag_type_mod_mut,COMPLETE,1,delta__step-item-step-number__j.mut
j,delta,step-item-step-text,tag_type_mod_mut,COMPLETE,1,delta__step-item-step-text__j.mut
j,delta,recipe-form-form-heading,tag_type_mod_mut,COMPLETE,1,delta__recipe-form-form-heading__j.mut
j,delta,recipe-form-f-title,tag_type_mod_mut,COMPLETE,1,delta__recipe-form-f-title__j.mut
j,delta,recipe-form-f-course,tag_type_mod_mut,COMPLETE,1,delta__recipe-form-f-course__j.mut
j,delta,recipe-form-f-servings,tag_type_mod_mut,COMPLETE,1,delta__recipe-form-f-servings__j.mut
j,delta,recipe-form-f-veg,tag_type_mod_mut,COMPLETE,1,delta__recipe-form-f-veg__j.mut
j,delta,recipe-form-f-tags,tag_type_mod_mut,COMPLETE,1,delta__recipe-form-f-tags__j.mut
j,delta,recipe-form-f-ingredients,tag_type_mod_mut,COMPLETE,1,delta__recipe-form-f-ingredients__j.mut
j,delta,recipe-form-f-steps,tag_type_mod_mut,COMPLETE,1,delta__recipe-form-f-steps__j.mut
j,delta,recipe-form-f-submit,tag_type_mod_mut,COMPLETE,1,delta__recipe-form-f-submit__j.mut
j,delta,shopping-list-shopping-title,tag_type_mod_mut,COMPLETE,1,delta__shopping-list-shopping-title__j.mut
j,delta,shopping-list-open-count,tag_type_mod_mut,COMPLETE,1,delta__shopping-list-open-count__j.mut
j,delta,shopping-list-done-count,tag_type_mod_mut,COMPLETE,1,delta__shopping-list-done-count__j.mut
j,delta,shopping-list-shopping-empty,tag_type_mod_mut,COMPLETE,1,delta__shopping-list-shopping-empty__j.mut
j,delta,shopping-list-shop-check,tag_type_mod_mut,COMPLETE,1,delta__shopping-list-shop-check__j.mut
j,delta,shopping-list-clear-done,tag_type_mod_mut,COMPLETE,1,delta__shopping-list-clear-done__j.mut
j,delta,stats-stats-title,tag_type_mod_mut,COMPLETE,1,delta__stats-stats-title__j.mut
j,delta,stats-stat-total,tag_type_mod_mut,COMPLETE,1,delta__stats-stat-total__j.mut
j,delta,stats-stat-veg,tag_type_mod_mut,COMPLETE,1,delta__stats-stat-veg__j.mut
j,delta,stats-stat-time,tag_type_mod_mut,COMPLETE,1,delta__stats-stat-time__j.mut
j,delta,stats-stat-fav,tag_type_mod_mut,COMPLETE,1,delta__stats-stat-fav__j.mut
j,delta,stats-course-count,tag_type_mod_mut,COMPLETE,1,delta__stats-course-count__j.mut
j,delta,stats-top-title,tag_type_mod_mut,COMPLETE,1,delta__stats-top-title__j.mut
k,delta,app-footer-brand,tag_ins_mut,COMPLETE,1,delta__app-footer-brand__k.mut
k,delta,app-footer-version,tag_ins_mut,COMPLETE,1,delta__app-footer-version__k.mut
k,delta,header-brand-name,tag_ins_mut,COMPLETE,1,delta__header-brand-name__k.mut
k,delta,header-nav-shopping,tag_ins_mut,COMPLETE,1,delta__header-nav-shopping__k.mut
k,delta,header-nav-stats,tag_ins_mut,COMPLETE,1,delta__header-nav-stats__k.mut
k,delta,toast-toast-message,tag_ins_mut,COMPLETE,1,delta__toast-toast-message__k.mut
k,delta,recipe-list-list-title,tag_ins_mut,COMPLETE,1,delta__recipe-list-list-title__k.mut
k,delta,recipe-list-search,tag_ins_mut,COMPLETE,1,delta__recipe-list-search__k.mut
k,delta,recipe-list-course-filter,tag_ins_mut,COMPLETE,1,delta__recipe-list-course-filter__k.mut
k,delta,recipe-list-veg-only,tag_ins_mut,COMPLETE,1,delta__recipe-list-veg-only__k.mut
k,delta,recipe-list-sort,tag_ins_mut,COMPLETE,1,delta__recipe-list-sort__k.mut
k,delta,recipe-list-result-count,tag_ins_mut,COMPLETE,1,delta__recipe-list-result-count__k.mut
k,delta,recipe-list-add-recipe,tag_ins_mut,COMPLETE,1,delta__recipe-list-add-recipe__k.mut
k,delta,recipe-list-empty,tag_ins_mut,COMPLETE,1,delta__recipe-list-empty__k.mut
k,delta,recipe-card-card,tag_ins_mut,COMPLETE,1,delta__recipe-card-card__k.mut
k,delta,recipe-card-card-title,tag_ins_mut,COMPLETE,1,delta__recipe-card-card-title__k.mut
k,delta,recipe-card-card-time,tag_ins_mut,COMPLETE,1,delta__recipe-card-card-time__k.mut
k,delta,recipe-detail-detail-title,tag_ins_mut,COMPLETE,1,delta__recipe-detail-detail-title__k.mut
k,delta,recipe-detail-detail-author,tag_ins_mut,COMPLETE,1,delta__recipe-detail-detail-author__k.mut
k,delta,recipe-detail-servings,tag_ins_mut,COMPLETE,1,delta__recipe-detail-servings__k.mut
k,delta,recipe-detail-kcal,tag_ins_mut,COMPLETE,1,delta__recipe-detail-kcal__k.mut
k,delta,recipe-detail-protein,tag_ins_mut,COMPLETE,1,delta__recipe-detail-protein__k.mut
k,delta,recipe-detail-add-shopping,tag_ins_mut,COMPLETE,1,delta__recipe-detail-add-shopping__k.mut
k,delta,recipe-detail-delete,tag_ins_mut,COMPLETE,1,delta__recipe-detail-delete__k.mut
k,delta,recipe-detail-not-found,tag_ins_mut,COMPLETE,1,delta__recipe-detail-not-found__k.mut
k,delta,ingredient-row-ing-qty,tag_ins_mut,COMPLETE,1,delta__ingredient-row-ing-qty__k.mut
k,delta,ingredient-row-ing-name,tag_ins_mut,COMPLETE,1,delta__ingredient-row-ing-name__k.mut
k,delta,step-item-step-number,tag_ins_mut,COMPLETE,1,delta__step-item-step-number__k.mut
k,delta,step-item-step-text,tag_ins_mut,COMPLETE,1,delta__step-item-step-text__k.mut
k,delta,recipe-form-form-heading,tag_ins_mut,COMPLETE,1,delta__recipe-form-form-heading__k.mut
k,delta,recipe-form-f-title,tag_ins_mut,COMPLETE,1,delta__recipe-form-f-title__k.mut
k,delta,recipe-form-f-course,tag_ins_mut,COMPLETE,1,delta__recipe-form-f-course__k.mut
k,delta,recipe-form-f-servings,tag_ins_mut,COMPLETE,1,delta__recipe-form-f-servings__k.mut
k,delta,recipe-form-f-veg,tag_ins_mut,COMPLETE,1,delta__recipe-form-f-veg__k.mut
k,delta,recipe-form-f-tags,tag_ins_mut,COMPLETE,1,delta__recipe-form-f-tags__k.mut
k,delta,recipe-form-f-ingredients,tag_ins_mut,COMPLETE,1,delta__recipe-form-f-ingredients__k.mut
k,delta,recipe-form-f-steps,tag_ins_mut,COMPLETE,1,delta__recipe-form-f-steps__k.mut
k,delta,recipe-form-f-submit,tag_ins_mut,COMPLETE,1,delta__recipe-form-f-submit__k.mut
k,delta,shopping-list-shopping-title,tag_ins_mut,COMPLETE,1,delta__shopping-list-shopping-title__k.mut
k,delta,shopping-list-open-count,tag_ins_mut,COMPLETE,1,delta__shopping-list-open-count__k.mut
k,delta,shopping-list-done-count,tag_ins_mut,COMPLETE,1,delta__shopping-list-done-count__k.mut
k,delta,shopping-list-shopping-empty,tag_ins_mut,COMPLETE,1,delta__shopping-list-shopping-empty__k.mut
k,delta,shopping-list-shop-check,tag_ins_mut,COMPLETE,1,delta__shopping-list-shop-check__k.mut
k,delta,shopping-list-clear-done,tag_ins_mut,COMPLETE,1,delta__shopping-list-clear-done__k.mut
k,delta,stats-stats-title,tag_ins_mut,COMPLETE,1,delta__stats-stats-title__k.mut
k,delta,stats-stat-total,tag_ins_mut,COMPLETE,1,delta__stats-stat-total__k.mut
k,delta,stats-stat-veg,tag_ins_mut,COMPLETE,1,delta__stats-stat-veg__k.mut
k,delta,stats-stat-time,tag_ins_mut,COMPLETE,1,delta__stats-stat-time__k.mut
k,delta,stats-stat-fav,tag_ins_mut,COMPLETE,1,delta__stats-stat-fav__k.mut
k,delta,stats-course-count,tag_ins_mut,COMPLETE,1,delta__stats-course-count__k.mut
k,delta,stats-top-title,tag_ins_mut,COMPLETE,1,delta__stats-top-title__k.mut
a,epsilon,recipe-detail-servings,attr_val_mod_mut,COMPLETE,1,epsilon__recipe-detail-servings__a.mut
a,epsilon,recipe-detail-kcal,attr_val_mod_mut,COMPLETE,1,epsilon__recipe-detail-kcal__a.mut
a,epsilon,recipe-form-f-ingredients,attr_val_mod_mut,COMPLETE,1,epsilon__recipe-form-f-ingredients__a.mut
a,epsilon,recipe-form-f-steps,attr_val_mod_mut,COMPLETE,1,epsilon__recipe-form-f-steps__a.mut
a,epsilon,stats-course-count,attr_val_mod_mut,COMPLETE,1,epsilon__stats-course-count__a.mut
a,epsilon,stats-top-title,attr_val_mod_mut,COMPLETE,1,epsilon__stats-top-title__a.mut
b,epsilon,recipe-detail-servings,attr_rem_mut,COMPLETE,1,epsilon__recipe-detail-servings__b.mut
b,epsilon,recipe-detail-kcal,attr_rem_mut,COMPLETE,1,epsilon__recipe-detail-kcal__b.mut
b,epsilon,recipe-detail-protein,attr_rem_mut,COMPLETE,1,epsilon__recipe-detail-protein__b.mut
b,epsilon,recipe-form-f-ingredients,attr_rem_mut,COMPLETE,1,epsilon__recipe-form-f-ingredients__b.mut
b,epsilon,recipe-form-f-steps,attr_rem_mut,COMPLETE,1,epsilon__recipe-form-f-steps__b.mut
b,epsilon,stats-course-count,attr_rem_mut,COMPLETE,1,epsilon__stats-course-count__b.mut
b,epsilon,stats-top-title,attr_rem_mut,COMPLETE,1,epsilon__stats-top-title__b.mut
f,epsilon,recipe-detail-kcal,tag_mov_container_mut,COMPLETE,1,epsilon__recipe-detail-kcal__f.mut
f,epsilon,recipe-form-f-ingredients,tag_mov_container_mut,COMPLETE,1,epsilon__recipe-form-f-ingredients__f.mut
f,epsilon,recipe-form-f-steps,tag_mov_container_mut,COMPLETE,1,epsilon__recipe-form-f-steps__f.mut
f,epsilon,stats-top-title,tag_mov_container_mut,COMPLETE,1,epsilon__stats-top-title__f.mut
g,epsilon,recipe-detail-servings,tag_mov_html_mut,COMPLETE,2,epsilon__recipe-detail-servings__g.mut
g,epsilon,recipe-detail-kcal,tag_mov_html_mut,COMPLETE,2,epsilon__recipe-detail-kcal__g.mut
g,epsilon,recipe-detail-protein,tag_mov_html_mut,COMPLETE,2,epsilon__recipe-detail-protein__g.mut
g,epsilon,recipe-form-f-ingredients,tag_mov_html_mut,COMPLETE,2,epsilon__recipe-form-f-ingredients__g.mut
g,epsilon,recipe-form-f-steps,tag_mov_html_mut,COMPLETE,2,epsilon__recipe-form-f-steps__g.mut
g,epsilon,stats-course-count,tag_mov_html_mut,COMPLETE,2,epsilon__stats-course-count__g.mut
g,epsilon,stats-top-title,tag_mov_html_mut,COMPLETE,2,epsilon__stats-top-title__g.mut
h,epsilon,recipe-detail-servings,tag_mov_temp_mut,COMPLETE,2,epsilon__recipe-detail-servings__h.mut
h,epsilon,recipe-detail-kcal,tag_mov_temp_mut,COMPLETE,2,epsilon__recipe-detail-kcal__h.mut
h,epsilon,recipe-detail-protein,tag_mov_temp_mut,COMPLETE,2,epsilon__recipe-detail-protein__h.mut
h,epsilon,recipe-form-f-ingredients,tag_mov_temp_mut,COMPLETE,2,epsilon__recipe-form-f-ingredients__h.mut
h,epsilon,recipe-form-f-steps,tag_mov_temp_mut,COMPLETE,2,epsilon__recipe-form-f-steps__h.mut
h,epsilon,stats-course-count,tag_mov_temp_mut,COMPLETE,2,epsilon__stats-course-count__h.mut
h,epsilon,stats-top-title,tag_mov_temp_mut,COMPLETE,2,epsilon__stats-top-title__h.mut
i,epsilon,recipe-detail-servings,tag_rem_mut,COMPLETE,1,epsilon__recipe-detail-servings__i.mut
i,epsilon,recipe-detail-kcal,tag_rem_mut,COMPLETE,1,epsilon__recipe-detail-kcal__i.mut
i,epsilon,recipe-form-f-ingredients,tag_rem_mut,COMPLETE,1,epsilon__recipe-form-f-ingredients__i.mut
i,epsilon,recipe-form-f-steps,tag_rem_mut,COMPLETE,1,epsilon__recipe-form-f-steps__i.mut
i,epsilon,stats-course-count,tag_rem_mut,COMPLETE,1,epsilon__stats-course-count__i.mut
i,epsilon,stats-top-title,tag_rem_mut,COMPLETE,1,epsilon__stats-top-title__i.mut
j,epsilon,recipe-detail-servings,tag_type_mod_mut,COMPLETE,1,epsilon__recipe-detail-servings__j.mut
j,epsilon,recipe-detail-kcal,tag_type_mod_mut,COMPLETE,1,epsilon__recipe-detail-kcal__j.mut
j,epsilon,recipe-form-f-ingredients,tag_type_mod_mut,COMPLETE,1,epsilon__recipe-form-f-ingredients__j.mut
j,epsilon,recipe-form-f-steps,tag_type_mod_mut,COMPLETE,1,epsilon__recipe-form-f-steps__j.mut
j,epsilon,stats-course-count,tag_type_mod_mut,COMPLETE,1,epsilon__stats-course-count__j.mut
j,epsilon,stats-top-title,tag_type_mod_mut,COMPLETE,1,epsilon__stats-top-title__j.mut
k,epsilon,recipe-detail-servings,tag_ins_mut,COMPLETE,1,epsilon__recipe-detail-servings__k.mut
k,epsilon,recipe-detail-kcal,tag_ins_mut,COMPLETE,1,epsilon__recipe-detail-kcal__k.mut
k,epsilon,recipe-form-f-ingredients,tag_ins_mut,COMPLETE,1,epsilon__recipe-form-f-ingredients__k.mut
k,epsilon,recipe-form-f-steps,tag_ins_mut,COMPLETE,1,epsilon__recipe-form-f-steps__k.mut
k,epsilon,stats-course-count,tag_ins_mut,COMPLETE,1,epsilon__stats-course-count__k.mut
k,epsilon,stats-top-title,tag_ins_mut,COMPLETE,1,epsilon__stats-top-title__k.mut
a,gamma,toast-toast-message,attr_val_mod_mut,COMPLETE,1,gamma__toast-toast-message__a.mut
a,gamma,recipe-card-card,attr_val_mod_mut,COMPLETE,1,gamma__recipe-card-card__a.mut
a,gamma,ingredient-row-ing-qty,attr_val_mod_mut,COMPLETE,1,gamma__ingredient-row-ing-qty__a.mut
a,gamma,step-item-step-number,attr_val_mod_mut,COMPLETE,1,gamma__step-item-step-number__a.mut
a,gamma,shopping-list-shop-check,attr_val_mod_mut,COMPLETE,1,gamma__shopping-list-shop-check__a.mut
a,gamma,stats-stat-total,attr_val_mod_mut,COMPLETE,1,gamma__stats-stat-total__a.mut
a,gamma,stats-stat-veg,attr_val_mod_mut,COMPLETE,1,gamma__stats-stat-veg__a.mut
a,gamma,stats-stat-time,attr_val_mod_mut,COMPLETE,1,gamma__stats-stat-time__a.mut
a,gamma,stats-stat-fav,attr_val_mod_mut,COMPLETE,1,gamma__stats-stat-fav__a.mut
a,gamma,stats-course-count,attr_val_mod_mut,COMPLETE,1,gamma__stats-course-count__a.mut
b,gamma,toast-toast-message,attr_rem_mut,COMPLETE,1,gamma__toast-toast-message__b.mut
b,gamma,recipe-card-card,attr_rem_mut,COMPLETE,1,gamma__recipe-card-card__b.mut
b,gamma,ingredient-row-ing-qty,attr_rem_mut,COMPLETE,1,gamma__ingredient-row-ing-qty__b.mut
b,gamma,ingredient-row-ing-name,attr_rem_mut,COMPLETE,1,gamma__ingredient-row-ing-name__b.mut
b,gamma,step-item-step-number,attr_rem_mut,COMPLETE,1,gamma__step-item-step-number__b.mut
b,gamma,shopping-list-shop-check,attr_rem_mut,COMPLETE,1,gamma__shopping-list-shop-check__b.mut
b,gamma,stats-stat-total,attr_rem_mut,COMPLETE,1,gamma__stats-stat-total__b.mut
b,gamma,stats-stat-veg,attr_rem_mut,COMPLETE,1,gamma__stats-stat-veg__b.mut
b,gamma,stats-stat-time,attr_rem_mut,COMPLETE,1,gamma__stats-stat-time__b.mut
b,gamma,stats-stat-fav,attr_rem_mut,COMPLETE,1,gamma__stats-stat-fav__b.mut
b,gamma,stats-course-count,attr_rem_mut,COMPLETE,1,gamma__stats-course-count__b.mut
d,gamma,shopping-list-shopping-empty,text_cont_mod_mut,COMPLETE,1,gamma__shopping-list-shopping-empty__d.mut
d,gamma,stats-course-count,text_cont_mod_mut,COMPLETE,1,gamma__stats-course-count__d.mut
d,gamma,stats-top-title,text_cont_mod_mut,COMPLETE,1,gamma__stats-top-title__d.mut
e,gamma,recipe-list-empty,text_cont_rem_mut,COMPLETE,1,gamma__recipe-list-empty__e.mut
e,gamma,shopping-list-shopping-empty,text_cont_rem_mut,COMPLETE,1,gamma__shopping-list-shopping-empty__e.mut
e,gamma,stats-course-count,text_cont_rem_mut,COMPLETE,1,gamma__stats-course-count__e.mut
e,gamma,stats-top-title,text_cont_rem_mut,COMPLETE,1,gamma__stats-top-title__e.mut
f,gamma,recipe-list-list-title,tag_mov_container_mut,COMPLETE,1,gamma__recipe-list-list-title__f.mut
f,gamma,recipe-list-course-filter,tag_mov_container_mut,COMPLETE,1,gamma__recipe-list-course-filter__f.mut
f,gamma,recipe-list-veg-only,tag_mov_container_mut,COMPLETE,1,gamma__recipe-list-veg-only__f.mut
f,gamma,recipe-list-sort,tag_mov_container_mut,COMPLETE,1,gamma__recipe-list-sort__f.mut
f,gamma,recipe-list-result-count,tag_mov_container_mut,COMPLETE,1,gamma__recipe-list-result-count__f.mut
f,gamma,recipe-list-add-recipe,tag_mov_container_mut,COMPLETE,1,gamma__recipe-list-add-recipe__f.mut
f,gamma,recipe-list-empty,tag_mov_container_mut,COMPLETE,1,gamma__recipe-list-empty__f.mut
f,gamma,recipe-card-card-time,tag_mov_container_mut,COMPLETE,1,gamma__recipe-card-card-time__f.mut
f,gamma,recipe-detail-detail-title,tag_mov_container_mut,COMPLETE,1,gamma__recipe-detail-detail-title__f.mut
f,gamma,recipe-detail-add-shopping,tag_mov_container_mut,COMPLETE,1,gamma__recipe-detail-add-shopping__f.mut
f,gamma,recipe-detail-delete,tag_mov_container_mut,COMPLETE,1,gamma__recipe-detail-delete__f.mut
f,gamma,recipe-detail-not-found,tag_mov_container_mut,COMPLETE,1,gamma__recipe-detail-not-found__f.mut
f,gamma,recipe-form-f-title,tag_mov_container_mut,COMPLETE,1,gamma__recipe-form-f-title__f.mut
f,gamma,recipe-form-f-servings,tag_mov_container_mut,COMPLETE,1,gamma__recipe-form-f-servings__f.mut
f,gamma,recipe-form-f-veg,tag_mov_container_mut,COMPLETE,1,gamma__recipe-form-f-veg__f.mut
f,gamma,recipe-form-f-tags,tag_mov_container_mut,COMPLETE,1,gamma__recipe-form-f-tags__f.mut
f,gamma,recipe-form-f-submit,tag_mov_container_mut,COMPLETE,1,gamma__recipe-form-f-submit__f.mut
f,gamma,shopping-list-shopping-title,tag_mov_container_mut,COMPLETE,1,gamma__shopping-list-shopping-title__f.mut
f,gamma,shopping-list-open-count,tag_mov_container_mut,COMPLETE,1,gamma__shopping-list-open-count__f.mut
f,gamma,shopping-list-shopping-empty,tag_mov_container_mut,COMPLETE,1,gamma__shopping-list-shopping-empty__f.mut
f,gamma,shopping-list-clear-done,tag_mov_container_mut,COMPLETE,1,gamma__shopping-list-clear-done__f.mut
f,gamma,stats-stats-title,tag_mov_container_mut,COMPLETE,1,gamma__stats-stats-title__f.mut
f,gamma,stats-stat-total,tag_mov_container_mut,COMPLETE,1,gamma__stats-stat-total__f.mut
f,gamma,stats-stat-time,tag_mov_container_mut,COMPLETE,1,gamma__stats-stat-time__f.mut
f,gamma,stats-stat-fav,tag_mov_container_mut,COMPLETE,1,gamma__stats-stat-fav__f.mut
g,gamma,app-footer-brand,tag_mov_html_mut,COMPLETE,2,gamma__app-footer-brand__g.mut
g,gamma,app-footer-version,tag_mov_html_mut,COMPLETE,2,gamma__app-footer-version__g.mut
g,gamma,header-brand-name,tag_mov_html_mut,COMPLETE,2,gamma__header-brand-name__g.mut
g,gamma,header-nav-shopping,tag_mov_html_mut,COMPLETE,2,gamma__header-nav-shopping__g.mut
g,gamma,header-nav-stats,tag_mov_html_mut,COMPLETE,2,gamma__header-nav-stats__g.mut
g,gamma,toast-toast-message,tag_mov_html_mut,COMPLETE,2,gamma__toast-toast-message__g.mut
g,gamma,recipe-list-list-title,tag_mov_html_mut,COMPLETE,2,gamma__recipe-list-list-title__g.mut
g,gamma,recipe-list-search,tag_mov_html_mut,COMPLETE,2,gamma__recipe-list-search__g.mut
g,gamma,recipe-list-course-filter,tag_mov_html_mut,COMPLETE,2,gamma__recipe-list-course-filter__g.mut
g,gamma,recipe-list-veg-only,tag_mov_html_mut,COMPLETE,2,gamma__recipe-list-veg-only__g.mut
g,gamma,recipe-list-sort,tag_mov_html_mut,COMPLETE,2,gamma__recipe-list-sort__g.mut
g,gamma,recipe-list-result-count,tag_mov_html_mut,COMPLETE,2,gamma__recipe-list-result-count__g.mut
g,gamma,recipe-list-add-recipe,tag_mov_html_mut,COMPLETE,2,gamma__recipe-list-add-recipe__g.mut
g,gamma,recipe-list-empty,tag_mov_html_mut,COMPLETE,2,gamma__recipe-list-empty__g.mut
g,gamma,recipe-card-card,tag_mov_html_mut,COMPLETE,2,gamma__recipe-card-card__g.mut
g,gamma,recipe-card-card-title,tag_mov_html_mut,COMPLETE,2,gamma__recipe-card-card-title__g.mut
g,gamma,recipe-card-card-fav,tag_mov_html_mut,COMPLETE,2,gamma__recipe-card-card-fav__g.mut
g,gamma,recipe-card-card-time,tag_mov_html_mut,COMPLETE,2,gamma__recipe-card-card-time__g.mut
g,gamma,recipe-detail-detail-title,tag_mov_html_mut,COMPLETE,2,gamma__recipe-detail-detail-title__g.mut
g,gamma,recipe-detail-detail-author,tag_mov_html_mut,COMPLETE,2,gamma__recipe-detail-detail-author__g.mut
g,gamma,recipe-detail-servings,tag_mov_html_mut,COMPLETE,2,gamma__recipe-detail-servings__g.mut
g,gamma,recipe-detail-kcal,tag_mov_html_mut,COMPLETE,2,gamma__recipe-detail-kcal__g.mut
g,gamma,recipe-detail-protein,tag_mov_html_mut,COMPLETE,2,gamma__recipe-detail-protein__g.mut
g,gamma,recipe-detail-add-shopping,tag_mov_html_mut,COMPLETE,2,gamma__recipe-detail-add-shopping__g.mut
g,gamma,recipe-detail-delete,tag_mov_html_mut,COMPLETE,2,gamma__recipe-detail-delete__g.mut
g,gamma,recipe-detail-not-found,tag_mov_html_mut,COMPLETE,2,gamma__recipe-detail-not-found__g.mut
g,gamma,ingredient-row-ing-qty,tag_mov_html_mut,COMPLETE,2,gamma__ingredient-row-ing-qty__g.mut
g,gamma,ingredient-row-ing-name,tag_mov_html_mut,COMPLETE,2,gamma__ingredient-row-ing-name__g.mut
g,gamma,step-item-step-number,tag_mov_html_mut,COMPLETE,2,gamma__step-item-step-number__g.mut
g,gamma,step-item-step-text,tag_mov_html_mut,COMPLETE,2,gamma__step-item-step-text__g.mut
g,gamma,recipe-form-form-heading,tag_mov_html_mut,COMPLETE,2,gamma__recipe-form-form-heading__g.mut
g,gamma,recipe-form-f-title,tag_mov_html_mut,COMPLETE,2,gamma__recipe-form-f-title__g.mut
g,gamma,recipe-form-f-course,tag_mov_html_mut,COMPLETE,2,gamma__recipe-form-f-course__g.mut
g,gamma,recipe-form-f-servings,tag_mov_html_mut,COMPLETE,2,gamma__recipe-form-f-servings__g.mut
g,gamma,recipe-form-f-veg,tag_mov_html_mut,COMPLETE,2,gamma__recipe-form-f-veg__g.mut
g,gamma,recipe-form-f-tags,tag_mov_html_mut,COMPLETE,2,gamma__recipe-form-f-tags__g.mut
g,gamma,recipe-form-f-ingredients,tag_mov_html_mut,COMPLETE,2,gamma__recipe-form-f-ingredients__g.mut
g,gamma,recipe-form-f-steps,tag_mov_html_mut,COMPLETE,2,gamma__recipe-form-f-steps__g.mut
g,gamma,recipe-form-f-submit,tag_mov_html_mut,COMPLETE,2,gamma__recipe-form-f-submit__g.mut
g,gamma,stats-stats-title,tag_mov_html_mut,COMPLETE,2,gamma__stats-stats-title__g.mut
g,gamma,stats-stat-total,tag_mov_html_mut,COMPLETE,2,gamma__stats-stat-total__g.mut
g,gamma,stats-stat-veg,tag_mov_html_mut,COMPLETE,2,gamma__stats-stat-veg__g.mut
g,gamma,stats-stat-time,tag_mov_html_mut,COMPLETE,2,gamma__stats-stat-time__g.mut
g,gamma,stats-stat-fav,tag_mov_html_mut,COMPLETE,2,gamma__stats-stat-fav__g.mut
g,gamma,stats-course-count,tag_mov_html_mut,COMPLETE,2,gamma__stats-course-count__g.mut
g,gamma,stats-top-title,tag_mov_html_mut,COMPLETE,2,gamma__stats-top-title__g.mut
h,gamma,app-footer-brand,tag_mov_temp_mut,COMPLETE,2,gamma__app-footer-brand__h.mut
h,gamma,app-footer-version,tag_mov_temp_mut,COMPLETE,2,gamma__app-footer-version__h.mut
h,gamma,header-brand-name,tag_mov_temp_mut,COMPLETE,2,gamma__header-brand-name__h.mut
h,gamma,header-nav-shopping,tag_mov_temp_mut,COMPLETE,2,gamma__header-nav-shopping__h.mut
h,gamma,header-nav-stats,tag_mov_temp_mut,COMPLETE,2,gamma__header-nav-stats__h.mut
h,gamma,toast-toast-message,tag_mov_temp_mut,COMPLETE,2,gamma__toast-toast-message__h.mut
h,gamma,recipe-list-list-title,tag_mov_temp_mut,COMPLETE,2,gamma__recipe-list-list-title__h.mut
h,gamma,recipe-list-search,tag_mov_temp_mut,COMPLETE,2,gamma__recipe-list-search__h.mut
h,gamma,recipe-list-course-filter,tag_mov_temp_mut,COMPLETE,2,gamma__recipe-list-course-filter__h.mut
h,gamma,recipe-list-veg-only,tag_mov_temp_mut,COMPLETE,2,gamma__recipe-list-veg-only__h.mut
h,gamma,recipe-list-sort,tag_mov_temp_mut,COMPLETE,2,gamma__recipe-list-sort__h.mut
h,gamma,recipe-list-result-count,tag_mov_temp_mut,COMPLETE,2,gamma__recipe-list-result-count__h.mut
h,gamma,recipe-list-empty,tag_mov_temp_mut,COMPLETE,2,gamma__recipe-list-empty__h.mut
h,gamma,recipe-card-card,tag_mov_temp_mut,COMPLETE,2,gamma__recipe-card-card__h.mut
h,gamma,recipe-card-card-title,tag_mov_temp_mut,COMPLETE,2,gamma__recipe-card-card-title__h.mut
h,gamma,recipe-card-card-fav,tag_mov_temp_mut,COMPLETE,2,gamma__recipe-card-card-fav__h.mut
h,gamma,recipe-card-card-time,tag_mov_temp_mut,COMPLETE,2,gamma__recipe-card-card-time__h.mut
h,gamma,recipe-detail-detail-title,tag_mov_temp_mut,COMPLETE,2,gamma__recipe-detail-detail-title__h.mut
h,gamma,recipe-detail-detail-author,tag_mov_temp_mut,COMPLETE,2,gamma__recipe-detail-detail-author__h.mut
h,gamma,recipe-detail-servings,tag_mov_temp_mut,COMPLETE,2,gamma__recipe-detail-servings__h.mut
h,gamma,recipe-detail-kcal,tag_mov_temp_mut,COMPLETE,2,gamma__recipe-detail-kcal__h.mut
h,gamma,recipe-detail-protein,tag_mov_temp_mut,COMPLETE,2,gamma__recipe-detail-protein__h.mut
h,gamma,recipe-detail-add-shopping,tag_mov_temp_mut,COMPLETE,2,gamma__recipe-detail-add-shopping__h.mut
h,gamma,recipe-detail-delete,tag_mov_temp_mut,COMPLETE,2,gamma__recipe-detail-delete__h.mut
h,gamma,recipe-detail-not-found,tag_mov_temp_mut,COMPLETE,2,gamma__recipe-detail-not-found__h.mut
h,gamma,ingredient-row-ing-qty,tag_mov_temp_mut,COMPLETE,2,gamma__ingredient-row-ing-qty__h.mut
h,gamma,ingredient-row-ing-name,tag_mov_temp_mut,COMPLETE,2,gamma__ingredient-row-ing-name__h.mut
h,gamma,step-item-step-number,tag_mov_temp_mut,COMPLETE,2,gamma__step-item-step-number__h.mut
h,gamma,step-item-step-text,tag_mov_temp_mut,COMPLETE,2,gamma__step-item-step-text__h.mut
h,gamma,recipe-form-form-heading,tag_mov_temp_mut,COMPLETE,2,gamma__recipe-form-form-heading__h.mut
h,gamma,recipe-form-f-title,tag_mov_temp_mut,COMPLETE,2,gamma__recipe-form-f-title__h.mut
h,gamma,recipe-form-f-course,tag_mov_temp_mut,COMPLETE,2,gamma__recipe-form-f-course__h.mut
h,gamma,recipe-form-f-servings,tag_mov_temp_mut,COMPLETE,2,gamma__recipe-form-f-servings__h.mut
h,gamma,recipe-form-f-veg,tag_mov_temp_mut,COMPLETE,2,gamma__recipe-form-f-veg__h.mut
h,gamma,recipe-form-f-tags,tag_mov_temp_mut,COMPLETE,2,gamma__recipe-form-f-tags__h.mut
h,gamma,recipe-form-f-ingredients,tag_mov_temp_mut,COMPLETE,2,gamma__recipe-form-f-ingredients__h.mut
h,gamma,recipe-form-f-steps,tag_mov_temp_mut,COMPLETE,2,gamma__recipe-form-f-steps__h.mut
h,gamma,recipe-form-f-submit,tag_mov_temp_mut,COMPLETE,2,gamma__recipe-form-f-submit__h.mut
h,gamma,shopping-list-shopping-title,tag_mov_temp_mut,COMPLETE,2,gamma__shopping-list-shopping-title__h.mut
h,gamma,shopping-list-open-count,tag_mov_temp_mut,COMPLETE,2,gamma__shopping-list-open-count__h.mut
h,gamma,shopping-list-done-count,tag_mov_temp_mut,COMPLETE,2,gamma__shopping-list-done-count__h.mut
h,gamma,shopping-list-shopping-empty,tag_mov_temp_mut,COMPLETE,2,gamma__shopping-list-shopping-empty__h.mut
h,gamma,shopping-list-shop-check,tag_mov_temp_mut,COMPLETE,2,gamma__shopping-list-shop-check__h.mut
h,gamma,shopping-list-clear-done,tag_mov_temp_mut,COMPLETE,2,gamma__shopping-list-clear-done__h.mut
h,gamma,stats-stats-title,tag_mov_temp_mut,COMPLETE,2,gamma__stats-stats-title__h.mut
h,gamma,stats-stat-total,tag_mov_temp_mut,COMPLETE,2,gamma__stats-stat-total__h.mut
h,gamma,stats-stat-veg,tag_mov_temp_mut,COMPLETE,2,gamma__stats-stat-veg__h.mut
h,gamma,stats-stat-time,tag_mov_temp_mut,COMPLETE,2,gamma__stats-stat-time__h.mut
h,gamma,stats-stat-fav,tag_mov_temp_mut,COMPLETE,2,gamma__stats-stat-fav__h.mut
h,gamma,stats-course-count,tag_mov_temp_mut,COMPLETE,2,gamma__stats-course-count__h.mut
h,gamma,stats-top-title,tag_mov_temp_mut,COMPLETE,2,gamma__stats-top-title__h.mut
i,gamma,app-footer-brand,tag_rem_mut,COMPLETE,1,gamma__app-footer-brand__i.mut
i,gamma,header-brand-name,tag_rem_mut,COMPLETE,1,gamma__header-brand-name__i.mut
i,gamma,header-nav-shopping,tag_rem_mut,COMPLETE,1,gamma__header-nav-shopping__i.mut
i,gamma,toast-toast-message,tag_rem_mut,COMPLETE,1,gamma__toast-toast-message__i.mut
i,gamma,recipe-list-list-title,tag_rem_mut,COMPLETE,1,gamma__recipe-list-list-title__i.mut
i,gamma,recipe-list-search,tag_rem_mut,COMPLETE,1,gamma__recipe-list-search__i.mut
i,gamma,recipe-list-course-filter,tag_rem_mut,COMPLETE,1,gamma__recipe-list-course-filter__i.mut
i,gamma,recipe-list-veg-only,tag_rem_mut,COMPLETE,1,gamma__recipe-list-veg-only__i.mut
i,gamma,recipe-list-sort,tag_rem_mut,COMPLETE,1,gamma__recipe-list-sort__i.mut
i,gamma,recipe-list-result-count,tag_rem_mut,COMPLETE,1,gamma__recipe-list-result-count__i.mut
i,gamma,recipe-list-empty,tag_rem_mut,COMPLETE,1,gamma__recipe-list-empty__i.mut
i,gamma,recipe-card-card,tag_rem_mut,COMPLETE,1,gamma__recipe-card-card__i.mut
i,gamma,recipe-card-card-title,tag_rem_mut,COMPLETE,1,gamma__recipe-card-card-title__i.mut
i,gamma,recipe-card-card-fav,tag_rem_mut,COMPLETE,1,gamma__recipe-card-card-fav__i.mut
i,gamma,recipe-card-card-time,tag_rem_mut,COMPLETE,1,gamma__recipe-card-card-time__i.mut
i,gamma,recipe-detail-detail-title,tag_rem_mut,COMPLETE,1,gamma__recipe-detail-detail-title__i.mut
i,gamma,recipe-detail-servings,tag_rem_mut,COMPLETE,1,gamma__recipe-detail-servings__i.mut
i,gamma,recipe-detail-kcal,tag_rem_mut,COMPLETE,1,gamma__recipe-detail-kcal__i.mut
i,gamma,recipe-detail-add-shopping,tag_rem_mut,COMPLETE,1,gamma__recipe-detail-add-shopping__i.mut
i,gamma,recipe-detail-not-found,tag_rem_mut,COMPLETE,1,gamma__recipe-detail-not-found__i.mut
i,gamma,ingredient-row-ing-qty,tag_rem_mut,COMPLETE,1,gamma__ingredient-row-ing-qty__i.mut
i,gamma,step-item-step-number,tag_rem_mut,COMPLETE,1,gamma__step-item-step-number__i.mut
i,gamma,recipe-form-form-heading,tag_rem_mut,COMPLETE,1,gamma__recipe-form-form-heading__i.mut
i,gamma,recipe-form-f-title,tag_rem_mut,COMPLETE,1,gamma__recipe-form-f-title__i.mut
i,gamma,recipe-form-f-course,tag_rem_mut,COMPLETE,1,gamma__recipe-form-f-course__i.mut
i,gamma,recipe-form-f-servings,tag_rem_mut,COMPLETE,1,gamma__recipe-form-f-servings__i.mut
i,gamma,recipe-form-f-veg,tag_rem_mut,COMPLETE,1,gamma__recipe-form-f-veg__i.mut
i,gamma,recipe-form-f-tags,tag_rem_mut,COMPLETE,1,gamma__recipe-form-f-tags__i.mut
i,gamma,recipe-form-f-ingredients,tag_rem_mut,COMPLETE,1,gamma__recipe-form-f-ingredients__i.mut
i,gamma,recipe-form-f-steps,tag_rem_mut,COMPLETE,1,gamma__recipe-form-f-steps__i.mut
i,gamma,recipe-form-f-submit,tag_rem_mut,COMPLETE,1,gamma__recipe-form-f-submit__i.mut
i,gamma,shopping-list-shopping-title,tag_rem_mut,COMPLETE,1,gamma__shopping-list-shopping-title__i.mut
i,gamma,shopping-list-open-count,tag_rem_mut,COMPLETE,1,gamma__shopping-list-open-count__i.mut
i,gamma,shopping-list-shopping-empty,tag_rem_mut,COMPLETE,1,gamma__shopping-list-shopping-empty__i.mut
i,gamma,shopping-list-shop-check,tag_rem_mut,COMPLETE,1,gamma__shopping-list-shop-check__i.mut
i,gamma,shopping-list-clear-done,tag_rem_mut,COMPLETE,1,gamma__shopping-list-clear-done__i.mut
i,gamma,stats-stats-title,tag_rem_mut,COMPLETE,1,gamma__stats-stats-title__i.mut
i,gamma,stats-stat-total,tag_rem_mut,COMPLETE,1,gamma__stats-stat-total__i.mut
i,gamma,stats-stat-veg,tag_rem_mut,COMPLETE,1,gamma__stats-stat-veg__i.mut
i,gamma,stats-stat-time,tag_rem_mut,COMPLETE,1,gamma__stats-stat-time__i.mut
i,gamma,stats-stat-fav,tag_rem_mut,COMPLETE,1,gamma__stats-stat-fav__i.mut
i,gamma,stats-course-count,tag_rem_mut,COMPLETE,1,gamma__stats-course-count__i.mut
i,gamma,stats-top-title,tag_rem_mut,COMPLETE,1,gamma__stats-top-title__i.mut
j,gamma,app-footer-brand,tag_type_mod_mut,COMPLETE,1,gamma__app-footer-brand__j.mut
j,gamma,header-brand-name,tag_type_mod_mut,COMPLETE,1,gamma__header-brand-name__j.mut
j,gamma,header-nav-shopping,tag_type_mod_mut,COMPLETE,1,gamma__header-nav-shopping__j.mut
j,gamma,toast-toast-message,tag_type_mod_mut,COMPLETE,1,gamma__toast-toast-message__j.mut
j,gamma,recipe-list-list-title,tag_type_mod_mut,COMPLETE,1,gamma__recipe-list-list-title__j.mut
j,gamma,recipe-list-search,tag_type_mod_mut,COMPLETE,1,gamma__recipe-list-search__j.mut
j,gamma,recipe-list-course-filter,tag_type_mod_mut,COMPLETE,1,gamma__recipe-list-course-filter__j.mut
j,gamma,recipe-list-veg-only,tag_type_mod_mut,COMPLETE,1,gamma__recipe-list-veg-only__j.mut
j,gamma,recipe-list-sort,tag_type_mod_mut,COMPLETE,1,gamma__recipe-list-sort__j.mut
j,gamma,recipe-list-result-count,tag_type_mod_mut,COMPLETE,1,gamma__recipe-list-result-count__j.mut
j,gamma,recipe-list-empty,tag_type_mod_mut,COMPLETE,1,gamma__recipe-list-empty__j.mut
j,gamma,recipe-card-card,tag_type_mod_mut,COMPLETE,1,gamma__recipe-card-card__j.mut
j,gamma,recipe-card-card-title,tag_type_mod_mut,COMPLETE,1,gamma__recipe-card-card-title__j.mut
j,gamma,recipe-card-card-fav,tag_type_mod_mut,COMPLETE,1,gamma__recipe-card-card-fav__j.mut
j,gamma,recipe-card-card-time,tag_type_mod_mut,COMPLETE,1,gamma__recipe-card-card-time__j.mut
j,gamma,recipe-detail-detail-title,tag_type_mod_mut,COMPLETE,1,gamma__recipe-detail-detail-title__j.mut
j,gamma,recipe-detail-servings,tag_type_mod_mut,COMPLETE,1,gamma__recipe-detail-servings__j.mut
j,gamma,recipe-detail-kcal,tag_type_mod_mut,COMPLETE,1,gamma__recipe-detail-kcal__j.mut
j,gamma,recipe-detail-add-shopping,tag_type_mod_mut,COMPLETE,1,gamma__recipe-detail-add-shopping__j.mut
j,gamma,recipe-detail-not-found,tag_type_mod_mut,COMPLETE,1,gamma__recipe-detail-not-found__j.mut
j,gamma,ingredient-row-ing-qty,tag_type_mod_mut,COMPLETE,1,gamma__ingredient-row-ing-qty__j.mut
j,gamma,step-item-step-number,tag_type_mod_mut,COMPLETE,1,gamma__step-item-step-number__j.mut
j,gamma,recipe-form-form-heading,tag_type_mod_mut,COMPLETE,1,gamma__recipe-form-form-heading__j.mut
j,gamma,recipe-form-f-title,tag_type_mod_mut,COMPLETE,1,gamma__recipe-form-f-title__j.mut
j,gamma,recipe-form-f-course,tag_type_mod_mut,COMPLETE,1,gamma__recipe-form-f-course__j.mut
j,gamma,recipe-form-f-servings,tag_type_mod_mut,COMPLETE,1,gamma__recipe-form-f-servings__j.mut
j,gamma,recipe-form-f-veg,tag_type_mod_mut,COMPLETE,1,gamma__recipe-form-f-veg__j.mut
j,gamma,recipe-form-f-tags,tag_type_mod_mut,COMPLETE,1,gamma__recipe-form-f-tags__j.mut
j,gamma,recipe-form-f-ingredients,tag_type_mod_mut,COMPLETE,1,gamma__recipe-form-f-ingredients__j.mut
j,gamma,recipe-form-f-steps,tag_type_mod_mut,COMPLETE,1,gamma__recipe-form-f-steps__j.mut
j,gamma,recipe-form-f-submit,tag_type_mod_mut,COMPLETE,1,gamma__recipe-form-f-submit__j.mut
j,gamma,shopping-list-shopping-title,tag_type_mod_mut,COMPLETE,1,gamma__shopping-list-shopping-title__j.mut
j,gamma,shopping-list-open-count,tag_type_mod_mut,COMPLETE,1,gamma__shopping-list-open-count__j.mut
j,gamma,shopping-list-shopping-empty,tag_type_mod_mut,COMPLETE,1,gamma__shopping-list-shopping-empty__j.mut
j,gamma,shopping-list-shop-check,tag_type_mod_mut,COMPLETE,1,gamma__shopping-list-shop-check__j.mut
j,gamma,shopping-list-clear-done,tag_type_mod_mut,COMPLETE,1,gamma__shopping-list-clear-done__j.mut
j,gamma,stats-stats-title,tag_type_mod_mut,COMPLETE,1,gamma__stats-stats-title__j.mut
j,gamma,stats-stat-total,tag_type_mod_mut,COMPLETE,1,gamma__stats-stat-total__j.mut
j,gamma,stats-stat-veg,tag_type_mod_mut,COMPLETE,1,gamma__stats-stat-veg__j.mut
j,gamma,stats-stat-time,tag_type_mod_mut,COMPLETE,1,gamma__stats-stat-time__j.mut
j,gamma,stats-stat-fav,tag_type_mod_mut,COMPLETE,1,gamma__stats-stat-fav__j.mut
j,gamma,stats-course-count,tag_type_mod_mut,COMPLETE,1,gamma__stats-course-count__j.mut
j,gamma,stats-top-title,tag_type_mod_mut,COMPLETE,1,gamma__stats-top-title__j.mut
k,gamma,app-footer-brand,tag_ins_mut,COMPLETE,1,gamma__app-footer-brand__k.mut
k,gamma,header-brand-name,tag_ins_mut,COMPLETE,1,gamma__header-brand-name__k.mut
k,gamma,header-nav-shopping,tag_ins_mut,COMPLETE,1,gamma__header-nav-shopping__k.mut
k,gamma,toast-toast-message,tag_ins_mut,COMPLETE,1,gamma__toast-toast-message__k.mut
k,gamma,recipe-list-list-title,tag_ins_mut,COMPLETE,1,gamma__recipe-list-list-title__k.mut
k,gamma,recipe-list-search,tag_ins_mut,COMPLETE,1,gamma__recipe-list-search__k.mut
k,gamma,recipe-list-course-filter,tag_ins_mut,COMPLETE,1,gamma__recipe-list-course-filter__k.mut
k,gamma,recipe-list-veg-only,tag_ins_mut,COMPLETE,1,gamma__recipe-list-veg-only__k.mut
k,gamma,recipe-list-sort,tag_ins_mut,COMPLETE,1,gamma__recipe-list-sort__k.mut
k,gamma,recipe-list-result-count,tag_ins_mut,COMPLETE,1,gamma__recipe-list-result-count__k.mut
k,gamma,recipe-list-empty,tag_ins_mut,COMPLETE,1,gamma__recipe-list-empty__k.mut
k,gamma,recipe-card-card,tag_ins_mut,COMPLETE,1,gamma__recipe-card-card__k.mut
k,gamma,recipe-card-card-title,tag_ins_mut,COMPLETE,1,gamma__recipe-card-card-title__k.mut
k,gamma,recipe-card-card-fav,tag_ins_mut,COMPLETE,1,gamma__recipe-card-card-fav__k.mut
k,gamma,recipe-card-card-time,tag_ins_mut,COMPLETE,1,gamma__recipe-card-card-time__k.mut
k,gamma,recipe-detail-detail-title,tag_ins_mut,COMPLETE,1,gamma__recipe-detail-detail-title__k.mut
k,gamma,recipe-detail-servings,tag_ins_mut,COMPLETE,1,gamma__recipe-detail-servings__k.mut
k,gamma,recipe-detail-kcal,tag_ins_mut,COMPLETE,1,gamma__recipe-detail-kcal__k.mut
k,gamma,recipe-detail-add-shopping,tag_ins_mut,COMPLETE,1,gamma__recipe-detail-add-shopping__k.mut
k,gamma,recipe-detail-not-found,tag_ins_mut,COMPLETE,1,gamma__recipe-detail-not-found__k.mut
k,gamma,ingredient-row-ing-qty,tag_ins_mut,COMPLETE,1,gamma__ingredient-row-ing-qty__k.mut
k,gamma,step-item-step-number,tag_ins_mut,COMPLETE,1,gamma__step-item-step-number__k.mut
k,gamma,recipe-form-form-heading,tag_ins_mut,COMPLETE,1,gamma__recipe-form-form-heading__k.mut
k,gamma,recipe-form-f-title,tag_ins_mut,COMPLETE,1,gamma__recipe-form-f-title__k.mut
k,gamma,recipe-form-f-course,tag_ins_mut,COMPLETE,1,gamma__recipe-form-f-course__k.mut
k,gamma,recipe-form-f-servings,tag_ins_mut,COMPLETE,1,gamma__recipe-form-f-servings__k.mut
k,gamma,recipe-form-f-veg,tag_ins_mut,COMPLETE,1,gamma__recipe-form-f-veg__k.mut
k,gamma,recipe-form-f-tags,tag_ins_mut,COMPLETE,1,gamma__recipe-form-f-tags__k.mut
k,gamma,recipe-form-f-ingredients,tag_ins_mut,COMPLETE,1,gamma__recipe-form-f-ingredients__k.mut
k,gamma,recipe-form-f-steps,tag_ins_mut,COMPLETE,1,gamma__recipe-form-f-steps__k.mut
k,gamma,recipe-form-f-submit,tag_ins_mut,COMPLETE,1,gamma__recipe-form-f-submit__k.mut
k,gamma,shopping-list-shopping-title,tag_ins_mut,COMPLETE,1,gamma__shopping-list-shopping-title__k.mut
k,gamma,shopping-list-open-count,tag_ins_mut,COMPLETE,1,gamma__shopping-list-open-count__k.mut
k,gamma,shopping-list-shopping-empty,tag_ins_mut,COMPLETE,1,gamma__shopping-list-shopping-empty__k.mut
k,gamma,shopping-list-shop-check,tag_ins_mut,COMPLETE,1,gamma__shopping-list-shop-check__k.mut
k,gamma,shopping-list-clear-done,tag_ins_mut,COMPLETE,1,gamma__shopping-list-clear-done__k.mut
k,gamma,stats-stats-title,tag_ins_mut,COMPLETE,1,gamma__stats-stats-title__k.mut
k,gamma,stats-stat-total,tag_ins_mut,COMPLETE,1,gamma__stats-stat-total__k.mut
k,gamma,stats-stat-veg,tag_ins_mut,COMPLETE,1,gamma__stats-stat-veg__k.mut
k,gamma,stats-stat-time,tag_ins_mut,COMPLETE,1,gamma__stats-stat-time__k.mut
k,gamma,stats-stat-fav,tag_ins_mut,COMPLETE,1,gamma__stats-stat-fav__k.mut
k,gamma,stats-course-count,tag_ins_mut,COMPLETE,1,gamma__stats-course-count__k.mut
k,gamma,stats-top-title,tag_ins_mut,COMPLETE,1,gamma__stats-top-title__k.mut
