MutationId,Element,Name,Type,Status,Files,ExportFile
a,alpha,board-search,attr_val_mod_mut,COMPLETE,1,alpha__board-search__a.mut
a,alpha,board-filter-priority,attr_val_mod_mut,COMPLETE,1,alpha__board-filter-priority__a.mut
a,alpha,board-filter-assignee,attr_val_mod_mut,COMPLETE,1,alpha__board-filter-assignee__a.mut
a,alpha,board-filtered-count,attr_val_mod_mut,COMPLETE,1,alpha__board-filtered-count__a.mut
a,alpha,board-add-card,attr_val_mod_mut,COMPLETE,1,alpha__board-add-card__a.mut
a,alpha,board-columns,attr_val_mod_mut,COMPLETE,1,alpha__board-columns__a.mut
a,alpha,header-total-badge,attr_val_mod_mut,COMPLETE,1,alpha__header-total-badge__a.mut
a,alpha,header-brand-icon,attr_val_mod_mut,COMPLETE,1,alpha__header-brand-icon__a.mut
a,alpha,header-nav-board,attr_val_mod_mut,COMPLETE,1,alpha__header-nav-board__a.mut
a,alpha,card-root,attr_val_mod_mut,COMPLETE,1,alpha__card-root__a.mut
a,alpha,card-id,attr_val_mod_mut,COMPLETE,1,alpha__card-id__a.mut
a,alpha,card-title,attr_val_mod_mut,COMPLETE,1,alpha__card-title__a.mut
a,alpha,card-assignee,attr_val_mod_mut,COMPLETE,1,alpha__card-assignee__a.mut
a,alpha,card-move,attr_val_mod_mut,COMPLETE,1,alpha__card-move__a.mut
a,alpha,card-edit,attr_val_mod_mut,COMPLETE,1,alpha__card-edit__a.mut
a,alpha,card-delete,attr_val_mod_mut,COMPLETE,1,alpha__card-delete__a.mut
a,alpha,column-card-list,attr_val_mod_mut,COMPLETE,1,alpha__column-card-list__a.mut
a,alpha,form-root,attr_val_mod_mut,COMPLETE,1,alpha__form-root__a.mut
a,alpha,form-title,attr_val_mod_mut,COMPLETE,1,alpha__form-title__a.mut
a,alpha,form-description,attr_val_mod_mut,COMPLETE,1,alpha__form-description__a.mut
a,alpha,form-priority,attr_val_mod_mut,COMPLETE,1,alpha__form-priority__a.mut
a,alpha,form-assignee,attr_val_mod_mut,COMPLETE,1,alpha__form-assignee__a.mut
a,alpha,form-column,attr_val_mod_mut,COMPLETE,1,alpha__form-column__a.mut
a,alpha,form-tags,attr_val_mod_mut,COMPLETE,1,alpha__form-tags__a.mut
a,alpha,form-submit,attr_val_mod_mut,COMPLETE,1,alpha__form-submit__a.mut
a,alpha,form-back,attr_val_mod_mut,COMPLETE,1,alpha__form-back__a.mut
a,alpha,detail-assignee,attr_val_mod_mut,COMPLETE,1,alpha__detail-assignee__a.mut
a,alpha,detail-column,attr_val_mod_mut,COMPLETE,1,alpha__detail-column__a.mut
a,alpha,detail-edit,attr_val_mod_mut,COMPLETE,1,alpha__detail-edit__a.mut
a,alpha,detail-delete,attr_val_mod_mut,COMPLETE,1,alpha__detail-delete__a.mut
a,alpha,detail-back,attr_val_mod_mut,COMPLETE,1,alpha__detail-back__a.mut
a,alpha,stat-row,attr_val_mod_mut,COMPLETE,1,alpha__stat-row__a.mut
a,alpha,app-main,attr_val_mod_mut,COMPLETE,1,alpha__app-main__a.mut
a,alpha,auto-board-column,attr_val_mod_mut,COMPLETE,1,alpha__auto-board-column__a.mut
a,alpha,auto-header-header,attr_val_mod_mut,COMPLETE,1,alpha__auto-header-header__a.mut
a,alpha,auto-stats-stat-high-card,attr_val_mod_mut,COMPLETE,1,alpha__auto-stats-stat-high-card__a.mut
a,alpha,auto-stats-stats-empty,attr_val_mod_mut,COMPLETE,1,alpha__auto-stats-stats-empty__a.mut
a,alpha,auto-toast-toast-bar,attr_val_mod_mut,COMPLETE,1,alpha__auto-toast-toast-bar__a.mut
a,alpha,auto-toast-toast-icon,attr_val_mod_mut,COMPLETE,1,alpha__auto-toast-toast-icon__a.mut
b,alpha,board-search,attr_rem_mut,COMPLETE,1,alpha__board-search__b.mut
b,alpha,board-filter-priority,attr_rem_mut,COMPLETE,1,alpha__board-filter-priority__b.mut
b,alpha,board-filter-assignee,attr_rem_mut,COMPLETE,1,alpha__board-filter-assignee__b.mut
b,alpha,board-filtered-count,attr_rem_mut,COMPLETE,1,alpha__board-filtered-count__b.mut
b,alpha,board-add-card,attr_rem_mut,COMPLETE,1,alpha__board-add-card__b.mut
b,alpha,board-reset,attr_rem_mut,COMPLETE,1,alpha__board-reset__b.mut
b,alpha,board-columns,attr_rem_mut,COMPLETE,1,alpha__board-columns__b.mut
b,alpha,header-total-badge,attr_rem_mut,COMPLETE,1,alpha__header-total-badge__b.mut
b,alpha,header-brand-icon,attr_rem_mut,COMPLETE,1,alpha__header-brand-icon__b.mut
b,alpha,header-nav-board,attr_rem_mut,COMPLETE,1,alpha__header-nav-board__b.mut
b,alpha,header-nav-stats,attr_rem_mut,COMPLETE,1,alpha__header-nav-stats__b.mut
b,alpha,header-new-card,attr_rem_mut,COMPLETE,1,alpha__header-new-card__b.mut
b,alpha,card-root,attr_rem_mut,COMPLETE,1,alpha__card-root__b.mut
b,alpha,card-id,attr_rem_mut,COMPLETE,1,alpha__card-id__b.mut
b,alpha,card-title,attr_rem_mut,COMPLETE,1,alpha__card-title__b.mut
b,alpha,card-priority,attr_rem_mut,COMPLETE,1,alpha__card-priority__b.mut
b,alpha,card-assignee,attr_rem_mut,COMPLETE,1,alpha__card-assignee__b.mut
b,alpha,card-move,attr_rem_mut,COMPLETE,1,alpha__card-move__b.mut
b,alpha,card-open,attr_rem_mut,COMPLETE,1,alpha__card-open__b.mut
b,alpha,card-edit,attr_rem_mut,COMPLETE,1,alpha__card-edit__b.mut
b,alpha,column-card-list,attr_rem_mut,COMPLETE,1,alpha__column-card-list__b.mut
b,alpha,form-root,attr_rem_mut,COMPLETE,1,alpha__form-root__b.mut
b,alpha,form-title,attr_rem_mut,COMPLETE,1,alpha__form-title__b.mut
b,alpha,form-description,attr_rem_mut,COMPLETE,1,alpha__form-description__b.mut
b,alpha,form-priority,attr_rem_mut,COMPLETE,1,alpha__form-priority__b.mut
b,alpha,form-assignee,attr_rem_mut,COMPLETE,1,alpha__form-assignee__b.mut
b,alpha,form-column,attr_rem_mut,COMPLETE,1,alpha__form-column__b.mut
b,alpha,form-tags,attr_rem_mut,COMPLETE,1,alpha__form-tags__b.mut
b,alpha,form-submit,attr_rem_mut,COMPLETE,1,alpha__form-submit__b.mut
b,alpha,form-back,attr_rem_mut,COMPLETE,1,alpha__form-back__b.mut
b,alpha,detail-assignee,attr_rem_mut,COMPLETE,1,alpha__detail-assignee__b.mut
b,alpha,detail-column,attr_rem_mut,COMPLETE,1,alpha__detail-column__b.mut
b,alpha,detail-edit,attr_rem_mut,COMPLETE,1,alpha__detail-edit__b.mut
b,alpha,detail-delete,attr_rem_mut,COMPLETE,1,alpha__detail-delete__b.mut
b,alpha,detail-back,attr_rem_mut,COMPLETE,1,alpha__detail-back__b.mut
b,alpha,stat-row,attr_rem_mut,COMPLETE,1,alpha__stat-row__b.mut
b,alpha,app-main,attr_rem_mut,COMPLETE,1,alpha__app-main__b.mut
b,alpha,auto-header-header,attr_rem_mut,COMPLETE,1,alpha__auto-header-header__b.mut
b,alpha,auto-stats-stats-empty,attr_rem_mut,COMPLETE,1,alpha__auto-stats-stats-empty__b.mut
b,alpha,auto-toast-toast-icon,attr_rem_mut,COMPLETE,1,alpha__auto-toast-toast-icon__b.mut
c,alpha,board-search,attr_id_mut,HELD,1,alpha__board-search__c.mut
c,alpha,board-filter-priority,attr_id_mut,HELD,1,alpha__board-filter-priority__c.mut
c,alpha,board-filter-assignee,attr_id_mut,HELD,1,alpha__board-filter-assignee__c.mut
c,alpha,form-title,attr_id_mut,HELD,1,alpha__form-title__c.mut
c,alpha,form-description,attr_id_mut,HELD,1,alpha__form-description__c.mut
c,alpha,form-priority,attr_id_mut,HELD,1,alpha__form-priority__c.mut
c,alpha,form-assignee,attr_id_mut,HELD,1,alpha__form-assignee__c.mut
c,alpha,form-column,attr_id_mut,HELD,1,alpha__form-column__c.mut
c,alpha,form-tags,attr_id_mut,HELD,1,alpha__form-tags__c.mut
d,alpha,board-title,text_cont_mod_mut,COMPLETE,1,alpha__board-title__d.mut
d,alpha,board-filter-assignee,text_cont_mod_mut,COMPLETE,1,alpha__board-filter-assignee__d.mut
d,alpha,board-filtered-count,text_cont_mod_mut,COMPLETE,1,alpha__board-filtered-count__d.mut
d,alpha,board-add-card,text_cont_mod_mut,COMPLETE,1,alpha__board-add-card__d.mut
d,alpha,board-column-title,text_cont_mod_mut,COMPLETE,1,alpha__board-column-title__d.mut
d,alpha,header-total-badge,text_cont_mod_mut,COMPLETE,1,alpha__header-total-badge__d.mut
d,alpha,header-app-title,text_cont_mod_mut,COMPLETE,1,alpha__header-app-title__d.mut
d,alpha,header-brand-icon,text_cont_mod_mut,COMPLETE,1,alpha__header-brand-icon__d.mut
d,alpha,header-nav-board,text_cont_mod_mut,COMPLETE,1,alpha__header-nav-board__d.mut
d,alpha,card-id,text_cont_mod_mut,COMPLETE,1,alpha__card-id__d.mut
d,alpha,card-title,text_cont_mod_mut,COMPLETE,1,alpha__card-title__d.mut
d,alpha,card-assignee,text_cont_mod_mut,COMPLETE,1,alpha__card-assignee__d.mut
d,alpha,card-edit,text_cont_mod_mut,COMPLETE,1,alpha__card-edit__d.mut
d,alpha,column-card-list,text_cont_mod_mut,COMPLETE,1,alpha__column-card-list__d.mut
d,alpha,column-empty-message,text_cont_mod_mut,COMPLETE,1,alpha__column-empty-message__d.mut
d,alpha,form-submit,text_cont_mod_mut,COMPLETE,1,alpha__form-submit__d.mut
d,alpha,form-back,text_cont_mod_mut,COMPLETE,1,alpha__form-back__d.mut
d,alpha,detail-title,text_cont_mod_mut,COMPLETE,1,alpha__detail-title__d.mut
d,alpha,detail-id,text_cont_mod_mut,COMPLETE,1,alpha__detail-id__d.mut
d,alpha,detail-description,text_cont_mod_mut,COMPLETE,1,alpha__detail-description__d.mut
d,alpha,detail-assignee,text_cont_mod_mut,COMPLETE,1,alpha__detail-assignee__d.mut
d,alpha,detail-column,text_cont_mod_mut,COMPLETE,1,alpha__detail-column__d.mut
d,alpha,detail-tags,text_cont_mod_mut,COMPLETE,1,alpha__detail-tags__d.mut
d,alpha,detail-edit,text_cont_mod_mut,COMPLETE,1,alpha__detail-edit__d.mut
d,alpha,detail-back,text_cont_mod_mut,COMPLETE,1,alpha__detail-back__d.mut
d,alpha,stat-total,text_cont_mod_mut,COMPLETE,1,alpha__stat-total__d.mut
d,alpha,stat-backlog,text_cont_mod_mut,COMPLETE,1,alpha__stat-backlog__d.mut
d,alpha,stat-inprogress,text_cont_mod_mut,COMPLETE,1,alpha__stat-inprogress__d.mut
d,alpha,stat-review,text_cont_mod_mut,COMPLETE,1,alpha__stat-review__d.mut
d,alpha,stat-done,text_cont_mod_mut,COMPLETE,1,alpha__stat-done__d.mut
d,alpha,stat-high,text_cont_mod_mut,COMPLETE,1,alpha__stat-high__d.mut
d,alpha,stat-medium,text_cont_mod_mut,COMPLETE,1,alpha__stat-medium__d.mut
d,alpha,stat-low,text_cont_mod_mut,COMPLETE,1,alpha__stat-low__d.mut
d,alpha,stats-title,text_cont_mod_mut,COMPLETE,1,alpha__stats-title__d.mut
d,alpha,stats-th-title,text_cont_mod_mut,COMPLETE,1,alpha__stats-th-title__d.mut
d,alpha,footer-brand,text_cont_mod_mut,COMPLETE,1,alpha__footer-brand__d.mut
d,alpha,footer-note,text_cont_mod_mut,COMPLETE,1,alpha__footer-note__d.mut
d,alpha,footer-version,text_cont_mod_mut,COMPLETE,1,alpha__footer-version__d.mut
d,alpha,toast-message,text_cont_mod_mut,COMPLETE,1,alpha__toast-message__d.mut
d,alpha,auto-card-form-form-heading,text_cont_mod_mut,COMPLETE,1,alpha__auto-card-form-form-heading__d.mut
d,alpha,auto-card-form-form-title-edit,text_cont_mod_mut,COMPLETE,1,alpha__auto-card-form-form-title-edit__d.mut
d,alpha,auto-card-detail-card-detail,text_cont_mod_mut,COMPLETE,1,alpha__auto-card-detail-card-detail__d.mut
d,alpha,auto-card-detail-detail-no-tags,text_cont_mod_mut,COMPLETE,1,alpha__auto-card-detail-detail-no-tags__d.mut
d,alpha,auto-card-detail-detail-not-found-message,text_cont_mod_mut,COMPLETE,1,alpha__auto-card-detail-detail-not-found-message__d.mut
d,alpha,auto-stats-stats-table-title,text_cont_mod_mut,COMPLETE,1,alpha__auto-stats-stats-table-title__d.mut
d,alpha,auto-stats-stats-th-id,text_cont_mod_mut,COMPLETE,1,alpha__auto-stats-stats-th-id__d.mut
d,alpha,auto-stats-stats-empty,text_cont_mod_mut,COMPLETE,1,alpha__auto-stats-stats-empty__d.mut
d,alpha,auto-toast-toast-icon,text_cont_mod_mut,COMPLETE,1,alpha__auto-toast-toast-icon__d.mut
e,alpha,board-title,text_cont_rem_mut,COMPLETE,1,alpha__board-title__e.mut
e,alpha,board-filter-assignee,text_cont_rem_mut,COMPLETE,1,alpha__board-filter-assignee__e.mut
e,alpha,board-filtered-count,text_cont_rem_mut,COMPLETE,1,alpha__board-filtered-count__e.mut
e,alpha,board-add-card,text_cont_rem_mut,COMPLETE,1,alpha__board-add-card__e.mut
e,alpha,board-column-title,text_cont_rem_mut,COMPLETE,1,alpha__board-column-title__e.mut
e,alpha,header-total-badge,text_cont_rem_mut,COMPLETE,1,alpha__header-total-badge__e.mut
e,alpha,header-app-title,text_cont_rem_mut,COMPLETE,1,alpha__header-app-title__e.mut
e,alpha,header-brand-icon,text_cont_rem_mut,COMPLETE,1,alpha__header-brand-icon__e.mut
e,alpha,header-nav-board,text_cont_rem_mut,COMPLETE,1,alpha__header-nav-board__e.mut
e,alpha,card-id,text_cont_rem_mut,COMPLETE,1,alpha__card-id__e.mut
e,alpha,card-title,text_cont_rem_mut,COMPLETE,1,alpha__card-title__e.mut
e,alpha,card-assignee,text_cont_rem_mut,COMPLETE,1,alpha__card-assignee__e.mut
e,alpha,card-edit,text_cont_rem_mut,COMPLETE,1,alpha__card-edit__e.mut
e,alpha,column-card-list,text_cont_rem_mut,COMPLETE,1,alpha__column-card-list__e.mut
e,alpha,column-empty-message,text_cont_rem_mut,COMPLETE,1,alpha__column-empty-message__e.mut
e,alpha,form-submit,text_cont_rem_mut,COMPLETE,1,alpha__form-submit__e.mut
e,alpha,form-back,text_cont_rem_mut,COMPLETE,1,alpha__form-back__e.mut
e,alpha,detail-title,text_cont_rem_mut,COMPLETE,1,alpha__detail-title__e.mut
e,alpha,detail-id,text_cont_rem_mut,COMPLETE,1,alpha__detail-id__e.mut
e,alpha,detail-description,text_cont_rem_mut,COMPLETE,1,alpha__detail-description__e.mut
e,alpha,detail-assignee,text_cont_rem_mut,COMPLETE,1,alpha__detail-assignee__e.mut
e,alpha,detail-column,text_cont_rem_mut,COMPLETE,1,alpha__detail-column__e.mut
e,alpha,detail-tags,text_cont_rem_mut,COMPLETE,1,alpha__detail-tags__e.mut
e,alpha,detail-edit,text_cont_rem_mut,COMPLETE,1,alpha__detail-edit__e.mut
e,alpha,detail-back,text_cont_rem_mut,COMPLETE,1,alpha__detail-back__e.mut
e,alpha,stat-total,text_cont_rem_mut,COMPLETE,1,alpha__stat-total__e.mut
e,alpha,stat-backlog,text_cont_rem_mut,COMPLETE,1,alpha__stat-backlog__e.mut
e,alpha,stat-inprogress,text_cont_rem_mut,COMPLETE,1,alpha__stat-inprogress__e.mut
e,alpha,stat-review,text_cont_rem_mut,COMPLETE,1,alpha__stat-review__e.mut
e,alpha,stat-done,text_cont_rem_mut,COMPLETE,1,alpha__stat-done__e.mut
e,alpha,stat-high,text_cont_rem_mut,COMPLETE,1,alpha__stat-high__e.mut
e,alpha,stat-medium,text_cont_rem_mut,COMPLETE,1,alpha__stat-medium__e.mut
e,alpha,stat-low,text_cont_rem_mut,COMPLETE,1,alpha__stat-low__e.mut
e,alpha,stats-title,text_cont_rem_mut,COMPLETE,1,alpha__stats-title__e.mut
e,alpha,stats-th-title,text_cont_rem_mut,COMPLETE,1,alpha__stats-th-title__e.mut
e,alpha,footer-brand,text_cont_rem_mut,COMPLETE,1,alpha__footer-brand__e.mut
e,alpha,footer-note,text_cont_rem_mut,COMPLETE,1,alpha__footer-note__e.mut
e,alpha,footer-version,text_cont_rem_mut,COMPLETE,1,alpha__footer-version__e.mut
e,alpha,toast-message,text_cont_rem_mut,COMPLETE,1,alpha__toast-message__e.mut
e,alpha,auto-card-form-form-title-edit,text_cont_rem_mut,COMPLETE,1,alpha__auto-card-form-form-title-edit__e.mut
e,alpha,auto-card-detail-detail-no-tags,text_cont_rem_mut,COMPLETE,1,alpha__auto-card-detail-detail-no-tags__e.mut
e,alpha,auto-card-detail-detail-not-found-message,text_cont_rem_mut,COMPLETE,1,alpha__auto-card-detail-detail-not-found-message__e.mut
e,alpha,auto-stats-stats-table-title,text_cont_rem_mut,COMPLETE,1,alpha__auto-stats-stats-table-title__e.mut
e,alpha,auto-stats-stats-th-id,text_cont_rem_mut,COMPLETE,1,alpha__auto-stats-stats-th-id__e.mut
e,alpha,auto-stats-stats-empty,text_cont_rem_mut,COMPLETE,1,alpha__auto-stats-stats-empty__e.mut
e,alpha,auto-toast-toast-icon,text_cont_rem_mut,COMPLETE,1,alpha__auto-toast-toast-icon__e.mut
f,alpha,board-search,tag_mov_container_mut,COMPLETE,1,alpha__board-search__f.mut
f,alpha,board-filter-priority,tag_mov_container_mut,COMPLETE,1,alpha__board-filter-priority__f.mut
f,alpha,board-filter-assignee,tag_mov_container_mut,COMPLETE,1,alpha__board-filter-assignee__f.mut
f,alpha,board-filtered-count,tag_mov_container_mut,COMPLETE,1,alpha__board-filtered-count__f.mut
f,alpha,board-columns,tag_mov_container_mut,COMPLETE,1,alpha__board-columns__f.mut
f,alpha,header-total-badge,tag_mov_container_mut,COMPLETE,1,alpha__header-total-badge__f.mut
f,alpha,header-app-title,tag_mov_container_mut,COMPLETE,1,alpha__header-app-title__f.mut
f,alpha,header-app-tagline,tag_mov_container_mut,COMPLETE,1,alpha__header-app-tagline__f.mut
f,alpha,header-brand-icon,tag_mov_container_mut,COMPLETE,1,alpha__header-brand-icon__f.mut
f,alpha,card-move,tag_mov_container_mut,COMPLETE,1,alpha__card-move__f.mut
f,alpha,card-edit,tag_mov_container_mut,COMPLETE,1,alpha__card-edit__f.mut
f,alpha,card-delete,tag_mov_container_mut,COMPLETE,1,alpha__card-delete__f.mut
f,alpha,form-root,tag_mov_container_mut,COMPLETE,1,alpha__form-root__f.mut
f,alpha,form-title,tag_mov_container_mut,COMPLETE,1,alpha__form-title__f.mut
f,alpha,form-description,tag_mov_container_mut,COMPLETE,1,alpha__form-description__f.mut
f,alpha,form-priority,tag_mov_container_mut,COMPLETE,1,alpha__form-priority__f.mut
f,alpha,form-assignee,tag_mov_container_mut,COMPLETE,1,alpha__form-assignee__f.mut
f,alpha,form-column,tag_mov_container_mut,COMPLETE,1,alpha__form-column__f.mut
f,alpha,form-tags,tag_mov_container_mut,COMPLETE,1,alpha__form-tags__f.mut
f,alpha,form-back,tag_mov_container_mut,COMPLETE,1,alpha__form-back__f.mut
f,alpha,detail-title,tag_mov_container_mut,COMPLETE,1,alpha__detail-title__f.mut
f,alpha,detail-id,tag_mov_container_mut,COMPLETE,1,alpha__detail-id__f.mut
f,alpha,detail-description,tag_mov_container_mut,COMPLETE,1,alpha__detail-description__f.mut
f,alpha,detail-assignee,tag_mov_container_mut,COMPLETE,1,alpha__detail-assignee__f.mut
f,alpha,detail-column,tag_mov_container_mut,COMPLETE,1,alpha__detail-column__f.mut
f,alpha,detail-tags,tag_mov_container_mut,COMPLETE,1,alpha__detail-tags__f.mut
f,alpha,detail-back,tag_mov_container_mut,COMPLETE,1,alpha__detail-back__f.mut
f,alpha,stat-total,tag_mov_container_mut,COMPLETE,1,alpha__stat-total__f.mut
f,alpha,stat-backlog,tag_mov_container_mut,COMPLETE,1,alpha__stat-backlog__f.mut
f,alpha,stat-inprogress,tag_mov_container_mut,COMPLETE,1,alpha__stat-inprogress__f.mut
f,alpha,stat-review,tag_mov_container_mut,COMPLETE,1,alpha__stat-review__f.mut
f,alpha,stat-done,tag_mov_container_mut,COMPLETE,1,alpha__stat-done__f.mut
f,alpha,stat-high,tag_mov_container_mut,COMPLETE,1,alpha__stat-high__f.mut
f,alpha,stat-medium,tag_mov_container_mut,COMPLETE,1,alpha__stat-medium__f.mut
f,alpha,stat-low,tag_mov_container_mut,COMPLETE,1,alpha__stat-low__f.mut
f,alpha,stats-th-title,tag_mov_container_mut,COMPLETE,1,alpha__stats-th-title__f.mut
f,alpha,footer-brand,tag_mov_container_mut,COMPLETE,1,alpha__footer-brand__f.mut
f,alpha,footer-note,tag_mov_container_mut,COMPLETE,1,alpha__footer-note__f.mut
f,alpha,footer-version,tag_mov_container_mut,COMPLETE,1,alpha__footer-version__f.mut
f,alpha,toast-message,tag_mov_container_mut,COMPLETE,1,alpha__toast-message__f.mut
f,alpha,auto-board-toolbar-search,tag_mov_container_mut,COMPLETE,1,alpha__auto-board-toolbar-search__f.mut
f,alpha,auto-board-toolbar-assignee,tag_mov_container_mut,COMPLETE,1,alpha__auto-board-toolbar-assignee__f.mut
f,alpha,auto-board-toolbar-info,tag_mov_container_mut,COMPLETE,1,alpha__auto-board-toolbar-info__f.mut
f,alpha,auto-board-toolbar-actions,tag_mov_container_mut,COMPLETE,1,alpha__auto-board-toolbar-actions__f.mut
f,alpha,auto-header-nav,tag_mov_container_mut,COMPLETE,1,alpha__auto-header-nav__f.mut
f,alpha,auto-card-form-form-title-edit,tag_mov_container_mut,COMPLETE,1,alpha__auto-card-form-form-title-edit__f.mut
f,alpha,auto-card-form-form-field-title,tag_mov_container_mut,COMPLETE,1,alpha__auto-card-form-form-field-title__f.mut
f,alpha,auto-card-detail-detail-description-row,tag_mov_container_mut,COMPLETE,1,alpha__auto-card-detail-detail-description-row__f.mut
f,alpha,auto-card-detail-detail-assignee-row,tag_mov_container_mut,COMPLETE,1,alpha__auto-card-detail-detail-assignee-row__f.mut
f,alpha,auto-card-detail-detail-no-tags,tag_mov_container_mut,COMPLETE,1,alpha__auto-card-detail-detail-no-tags__f.mut
f,alpha,auto-card-detail-detail-not-found,tag_mov_container_mut,COMPLETE,1,alpha__auto-card-detail-detail-not-found__f.mut
f,alpha,auto-stats-stats-heading,tag_mov_container_mut,COMPLETE,1,alpha__auto-stats-stats-heading__f.mut
f,alpha,auto-stats-stat-backlog-card,tag_mov_container_mut,COMPLETE,1,alpha__auto-stats-stat-backlog-card__f.mut
f,alpha,auto-stats-stat-inprogress-card,tag_mov_container_mut,COMPLETE,1,alpha__auto-stats-stat-inprogress-card__f.mut
f,alpha,auto-stats-stat-done-card,tag_mov_container_mut,COMPLETE,1,alpha__auto-stats-stat-done-card__f.mut
f,alpha,auto-stats-stat-high-card,tag_mov_container_mut,COMPLETE,1,alpha__auto-stats-stat-high-card__f.mut
f,alpha,auto-stats-stat-medium-card,tag_mov_container_mut,COMPLETE,1,alpha__auto-stats-stat-medium-card__f.mut
f,alpha,auto-stats-stats-th-id,tag_mov_container_mut,COMPLETE,1,alpha__auto-stats-stats-th-id__f.mut
f,alpha,auto-stats-stats-th-priority,tag_mov_container_mut,COMPLETE,1,alpha__auto-stats-stats-th-priority__f.mut
f,alpha,auto-stats-stats-th-assignee,tag_mov_container_mut,COMPLETE,1,alpha__auto-stats-stats-th-assignee__f.mut
f,alpha,auto-toast-toast-icon,tag_mov_container_mut,COMPLETE,1,alpha__auto-toast-toast-icon__f.mut
g,alpha,board-title,tag_mov_html_mut,COMPLETE,2,alpha__board-title__g.mut
g,alpha,board-demo-badge,tag_mov_html_mut,COMPLETE,2,alpha__board-demo-badge__g.mut
g,alpha,board-search,tag_mov_html_mut,COMPLETE,2,alpha__board-search__g.mut
g,alpha,board-filter-priority,tag_mov_html_mut,COMPLETE,2,alpha__board-filter-priority__g.mut
g,alpha,board-priority-label,tag_mov_html_mut,COMPLETE,2,alpha__board-priority-label__g.mut
g,alpha,board-filter-assignee,tag_mov_html_mut,COMPLETE,2,alpha__board-filter-assignee__g.mut
g,alpha,board-assignee-label,tag_mov_html_mut,COMPLETE,2,alpha__board-assignee-label__g.mut
g,alpha,board-filtered-count,tag_mov_html_mut,COMPLETE,2,alpha__board-filtered-count__g.mut
g,alpha,board-matching-label,tag_mov_html_mut,COMPLETE,2,alpha__board-matching-label__g.mut
g,alpha,board-add-card,tag_mov_html_mut,COMPLETE,2,alpha__board-add-card__g.mut
g,alpha,board-reset,tag_mov_html_mut,COMPLETE,2,alpha__board-reset__g.mut
g,alpha,board-columns,tag_mov_html_mut,COMPLETE,2,alpha__board-columns__g.mut
g,alpha,board-column-title,tag_mov_html_mut,COMPLETE,2,alpha__board-column-title__g.mut
g,alpha,board-column-count,tag_mov_html_mut,COMPLETE,2,alpha__board-column-count__g.mut
g,alpha,header-total-badge,tag_mov_html_mut,COMPLETE,2,alpha__header-total-badge__g.mut
g,alpha,header-app-title,tag_mov_html_mut,COMPLETE,2,alpha__header-app-title__g.mut
g,alpha,header-app-tagline,tag_mov_html_mut,COMPLETE,2,alpha__header-app-tagline__g.mut
g,alpha,header-brand-icon,tag_mov_html_mut,COMPLETE,2,alpha__header-brand-icon__g.mut
g,alpha,header-nav-board,tag_mov_html_mut,COMPLETE,2,alpha__header-nav-board__g.mut
g,alpha,header-nav-stats,tag_mov_html_mut,COMPLETE,2,alpha__header-nav-stats__g.mut
g,alpha,header-new-card,tag_mov_html_mut,COMPLETE,2,alpha__header-new-card__g.mut
g,alpha,card-root,tag_mov_html_mut,COMPLETE,2,alpha__card-root__g.mut
g,alpha,card-id,tag_mov_html_mut,COMPLETE,2,alpha__card-id__g.mut
g,alpha,card-title,tag_mov_html_mut,COMPLETE,2,alpha__card-title__g.mut
g,alpha,card-priority,tag_mov_html_mut,COMPLETE,2,alpha__card-priority__g.mut
g,alpha,card-assignee,tag_mov_html_mut,COMPLETE,2,alpha__card-assignee__g.mut
g,alpha,card-tags,tag_mov_html_mut,COMPLETE,2,alpha__card-tags__g.mut
g,alpha,card-move,tag_mov_html_mut,COMPLETE,2,alpha__card-move__g.mut
g,alpha,card-open,tag_mov_html_mut,COMPLETE,2,alpha__card-open__g.mut
g,alpha,card-edit,tag_mov_html_mut,COMPLETE,2,alpha__card-edit__g.mut
g,alpha,card-delete,tag_mov_html_mut,COMPLETE,2,alpha__card-delete__g.mut
g,alpha,column-card-list,tag_mov_html_mut,COMPLETE,2,alpha__column-card-list__g.mut
g,alpha,column-empty-message,tag_mov_html_mut,COMPLETE,2,alpha__column-empty-message__g.mut
g,alpha,form-root,tag_mov_html_mut,COMPLETE,2,alpha__form-root__g.mut
g,alpha,form-title,tag_mov_html_mut,COMPLETE,2,alpha__form-title__g.mut
g,alpha,form-title-label,tag_mov_html_mut,COMPLETE,2,alpha__form-title-label__g.mut
g,alpha,form-description,tag_mov_html_mut,COMPLETE,2,alpha__form-description__g.mut
g,alpha,form-priority,tag_mov_html_mut,COMPLETE,2,alpha__form-priority__g.mut
g,alpha,form-assignee,tag_mov_html_mut,COMPLETE,2,alpha__form-assignee__g.mut
g,alpha,form-column,tag_mov_html_mut,COMPLETE,2,alpha__form-column__g.mut
g,alpha,form-tags,tag_mov_html_mut,COMPLETE,2,alpha__form-tags__g.mut
g,alpha,form-submit,tag_mov_html_mut,COMPLETE,2,alpha__form-submit__g.mut
g,alpha,form-cancel,tag_mov_html_mut,COMPLETE,2,alpha__form-cancel__g.mut
g,alpha,form-back,tag_mov_html_mut,COMPLETE,2,alpha__form-back__g.mut
g,alpha,form-actions,tag_mov_html_mut,COMPLETE,2,alpha__form-actions__g.mut
g,alpha,detail-title,tag_mov_html_mut,COMPLETE,2,alpha__detail-title__g.mut
g,alpha,detail-id,tag_mov_html_mut,COMPLETE,2,alpha__detail-id__g.mut
g,alpha,detail-priority,tag_mov_html_mut,COMPLETE,2,alpha__detail-priority__g.mut
g,alpha,detail-description,tag_mov_html_mut,COMPLETE,2,alpha__detail-description__g.mut
g,alpha,detail-assignee,tag_mov_html_mut,COMPLETE,2,alpha__detail-assignee__g.mut
g,alpha,detail-column,tag_mov_html_mut,COMPLETE,2,alpha__detail-column__g.mut
g,alpha,detail-tags,tag_mov_html_mut,COMPLETE,2,alpha__detail-tags__g.mut
g,alpha,detail-edit,tag_mov_html_mut,COMPLETE,2,alpha__detail-edit__g.mut
g,alpha,detail-delete,tag_mov_html_mut,COMPLETE,2,alpha__detail-delete__g.mut
g,alpha,detail-back,tag_mov_html_mut,COMPLETE,2,alpha__detail-back__g.mut
g,alpha,detail-page-title,tag_mov_html_mut,COMPLETE,2,alpha__detail-page-title__g.mut
g,alpha,stat-total,tag_mov_html_mut,COMPLETE,2,alpha__stat-total__g.mut
g,alpha,stat-backlog,tag_mov_html_mut,COMPLETE,2,alpha__stat-backlog__g.mut
g,alpha,stat-inprogress,tag_mov_html_mut,COMPLETE,2,alpha__stat-inprogress__g.mut
g,alpha,stat-review,tag_mov_html_mut,COMPLETE,2,alpha__stat-review__g.mut
g,alpha,stat-done,tag_mov_html_mut,COMPLETE,2,alpha__stat-done__g.mut
g,alpha,stat-high,tag_mov_html_mut,COMPLETE,2,alpha__stat-high__g.mut
g,alpha,stat-medium,tag_mov_html_mut,COMPLETE,2,alpha__stat-medium__g.mut
g,alpha,stat-low,tag_mov_html_mut,COMPLETE,2,alpha__stat-low__g.mut
g,alpha,stats-title,tag_mov_html_mut,COMPLETE,2,alpha__stats-title__g.mut
g,alpha,stats-table,tag_mov_html_mut,COMPLETE,2,alpha__stats-table__g.mut
g,alpha,stats-th-title,tag_mov_html_mut,COMPLETE,2,alpha__stats-th-title__g.mut
g,alpha,stat-row,tag_mov_html_mut,COMPLETE,2,alpha__stat-row__g.mut
g,alpha,footer-brand,tag_mov_html_mut,COMPLETE,2,alpha__footer-brand__g.mut
g,alpha,footer-note,tag_mov_html_mut,COMPLETE,2,alpha__footer-note__g.mut
g,alpha,footer-version,tag_mov_html_mut,COMPLETE,2,alpha__footer-version__g.mut
g,alpha,app-main,tag_mov_html_mut,COMPLETE,2,alpha__app-main__g.mut
g,alpha,toast-message,tag_mov_html_mut,COMPLETE,2,alpha__toast-message__g.mut
g,alpha,toast-label,tag_mov_html_mut,COMPLETE,2,alpha__toast-label__g.mut
g,alpha,auto-board-board,tag_mov_html_mut,COMPLETE,2,alpha__auto-board-board__g.mut
g,alpha,auto-board-board-intro,tag_mov_html_mut,COMPLETE,2,alpha__auto-board-board-intro__g.mut
g,alpha,auto-board-toolbar,tag_mov_html_mut,COMPLETE,2,alpha__auto-board-toolbar__g.mut
g,alpha,auto-board-toolbar-search,tag_mov_html_mut,COMPLETE,2,alpha__auto-board-toolbar-search__g.mut
g,alpha,auto-board-toolbar-priority,tag_mov_html_mut,COMPLETE,2,alpha__auto-board-toolbar-priority__g.mut
g,alpha,auto-board-toolbar-assignee,tag_mov_html_mut,COMPLETE,2,alpha__auto-board-toolbar-assignee__g.mut
g,alpha,auto-board-toolbar-info,tag_mov_html_mut,COMPLETE,2,alpha__auto-board-toolbar-info__g.mut
g,alpha,auto-board-toolbar-actions,tag_mov_html_mut,COMPLETE,2,alpha__auto-board-toolbar-actions__g.mut
g,alpha,auto-board-column,tag_mov_html_mut,COMPLETE,2,alpha__auto-board-column__g.mut
g,alpha,auto-header-header,tag_mov_html_mut,COMPLETE,2,alpha__auto-header-header__g.mut
g,alpha,auto-header-header-stats,tag_mov_html_mut,COMPLETE,2,alpha__auto-header-header-stats__g.mut
g,alpha,auto-header-total-label,tag_mov_html_mut,COMPLETE,2,alpha__auto-header-total-label__g.mut
g,alpha,auto-header-nav,tag_mov_html_mut,COMPLETE,2,alpha__auto-header-nav__g.mut
g,alpha,auto-card-form-card-form,tag_mov_html_mut,COMPLETE,2,alpha__auto-card-form-card-form__g.mut
g,alpha,auto-card-form-form-heading,tag_mov_html_mut,COMPLETE,2,alpha__auto-card-form-form-heading__g.mut
g,alpha,auto-card-form-form-title-edit,tag_mov_html_mut,COMPLETE,2,alpha__auto-card-form-form-title-edit__g.mut
g,alpha,auto-card-form-form-title-new,tag_mov_html_mut,COMPLETE,2,alpha__auto-card-form-form-title-new__g.mut
g,alpha,auto-card-form-form-field-description,tag_mov_html_mut,COMPLETE,2,alpha__auto-card-form-form-field-description__g.mut
g,alpha,auto-card-form-form-description-label,tag_mov_html_mut,COMPLETE,2,alpha__auto-card-form-form-description-label__g.mut
g,alpha,auto-card-form-form-field-priority,tag_mov_html_mut,COMPLETE,2,alpha__auto-card-form-form-field-priority__g.mut
g,alpha,auto-card-form-form-priority-label,tag_mov_html_mut,COMPLETE,2,alpha__auto-card-form-form-priority-label__g.mut
g,alpha,auto-card-form-form-field-assignee,tag_mov_html_mut,COMPLETE,2,alpha__auto-card-form-form-field-assignee__g.mut
g,alpha,auto-card-form-form-assignee-label,tag_mov_html_mut,COMPLETE,2,alpha__auto-card-form-form-assignee-label__g.mut
g,alpha,auto-card-form-form-field-column,tag_mov_html_mut,COMPLETE,2,alpha__auto-card-form-form-field-column__g.mut
g,alpha,auto-card-form-form-column-label,tag_mov_html_mut,COMPLETE,2,alpha__auto-card-form-form-column-label__g.mut
g,alpha,auto-card-form-form-field-tags,tag_mov_html_mut,COMPLETE,2,alpha__auto-card-form-form-field-tags__g.mut
g,alpha,auto-card-form-form-tags-label,tag_mov_html_mut,COMPLETE,2,alpha__auto-card-form-form-tags-label__g.mut
g,alpha,auto-card-detail-card-detail,tag_mov_html_mut,COMPLETE,2,alpha__auto-card-detail-card-detail__g.mut
g,alpha,auto-card-detail-detail-description-row,tag_mov_html_mut,COMPLETE,2,alpha__auto-card-detail-detail-description-row__g.mut
g,alpha,auto-card-detail-detail-description-label,tag_mov_html_mut,COMPLETE,2,alpha__auto-card-detail-detail-description-label__g.mut
g,alpha,auto-card-detail-detail-assignee-label,tag_mov_html_mut,COMPLETE,2,alpha__auto-card-detail-detail-assignee-label__g.mut
g,alpha,auto-card-detail-detail-tags-row,tag_mov_html_mut,COMPLETE,2,alpha__auto-card-detail-detail-tags-row__g.mut
g,alpha,auto-card-detail-detail-no-tags,tag_mov_html_mut,COMPLETE,2,alpha__auto-card-detail-detail-no-tags__g.mut
g,alpha,auto-card-detail-detail-actions,tag_mov_html_mut,COMPLETE,2,alpha__auto-card-detail-detail-actions__g.mut
g,alpha,auto-card-detail-detail-not-found-message,tag_mov_html_mut,COMPLETE,2,alpha__auto-card-detail-detail-not-found-message__g.mut
g,alpha,auto-card-detail-detail-not-found-back,tag_mov_html_mut,COMPLETE,2,alpha__auto-card-detail-detail-not-found-back__g.mut
g,alpha,auto-stats-stats,tag_mov_html_mut,COMPLETE,2,alpha__auto-stats-stats__g.mut
g,alpha,auto-stats-stats-heading,tag_mov_html_mut,COMPLETE,2,alpha__auto-stats-stats-heading__g.mut
g,alpha,auto-stats-stats-back,tag_mov_html_mut,COMPLETE,2,alpha__auto-stats-stats-back__g.mut
g,alpha,auto-stats-stat-total-card,tag_mov_html_mut,COMPLETE,2,alpha__auto-stats-stat-total-card__g.mut
g,alpha,auto-stats-stat-total-label,tag_mov_html_mut,COMPLETE,2,alpha__auto-stats-stat-total-label__g.mut
g,alpha,auto-stats-stat-backlog-card,tag_mov_html_mut,COMPLETE,2,alpha__auto-stats-stat-backlog-card__g.mut
g,alpha,auto-stats-stat-inprogress-label,tag_mov_html_mut,COMPLETE,2,alpha__auto-stats-stat-inprogress-label__g.mut
g,alpha,auto-stats-stat-review-label,tag_mov_html_mut,COMPLETE,2,alpha__auto-stats-stat-review-label__g.mut
g,alpha,auto-stats-stat-done-card,tag_mov_html_mut,COMPLETE,2,alpha__auto-stats-stat-done-card__g.mut
g,alpha,auto-stats-stat-done-label,tag_mov_html_mut,COMPLETE,2,alpha__auto-stats-stat-done-label__g.mut
g,alpha,auto-stats-stat-high-card,tag_mov_html_mut,COMPLETE,2,alpha__auto-stats-stat-high-card__g.mut
g,alpha,auto-stats-stat-medium-card,tag_mov_html_mut,COMPLETE,2,alpha__auto-stats-stat-medium-card__g.mut
g,alpha,auto-stats-stat-medium-label,tag_mov_html_mut,COMPLETE,2,alpha__auto-stats-stat-medium-label__g.mut
g,alpha,auto-stats-stat-low-card,tag_mov_html_mut,COMPLETE,2,alpha__auto-stats-stat-low-card__g.mut
g,alpha,auto-stats-stat-low-label,tag_mov_html_mut,COMPLETE,2,alpha__auto-stats-stat-low-label__g.mut
g,alpha,auto-stats-stats-table-title,tag_mov_html_mut,COMPLETE,2,alpha__auto-stats-stats-table-title__g.mut
g,alpha,auto-stats-stats-th-id,tag_mov_html_mut,COMPLETE,2,alpha__auto-stats-stats-th-id__g.mut
g,alpha,auto-stats-stats-th-priority,tag_mov_html_mut,COMPLETE,2,alpha__auto-stats-stats-th-priority__g.mut
g,alpha,auto-stats-stats-th-column,tag_mov_html_mut,COMPLETE,2,alpha__auto-stats-stats-th-column__g.mut
g,alpha,auto-stats-stats-empty,tag_mov_html_mut,COMPLETE,2,alpha__auto-stats-stats-empty__g.mut
g,alpha,auto-app-app,tag_mov_html_mut,COMPLETE,2,alpha__auto-app-app__g.mut
g,alpha,auto-toast-toast-bar,tag_mov_html_mut,COMPLETE,2,alpha__auto-toast-toast-bar__g.mut
g,alpha,auto-toast-toast-icon,tag_mov_html_mut,COMPLETE,2,alpha__auto-toast-toast-icon__g.mut
h,alpha,board-title,tag_mov_temp_mut,COMPLETE,2,alpha__board-title__h.mut
h,alpha,board-demo-badge,tag_mov_temp_mut,COMPLETE,2,alpha__board-demo-badge__h.mut
h,alpha,board-hint-banner,tag_mov_temp_mut,COMPLETE,2,alpha__board-hint-banner__h.mut
h,alpha,board-search,tag_mov_temp_mut,COMPLETE,2,alpha__board-search__h.mut
h,alpha,board-search-label,tag_mov_temp_mut,COMPLETE,2,alpha__board-search-label__h.mut
h,alpha,board-filter-priority,tag_mov_temp_mut,COMPLETE,2,alpha__board-filter-priority__h.mut
h,alpha,board-priority-label,tag_mov_temp_mut,COMPLETE,2,alpha__board-priority-label__h.mut
h,alpha,board-filter-assignee,tag_mov_temp_mut,COMPLETE,2,alpha__board-filter-assignee__h.mut
h,alpha,board-assignee-label,tag_mov_temp_mut,COMPLETE,2,alpha__board-assignee-label__h.mut
h,alpha,board-filtered-count,tag_mov_temp_mut,COMPLETE,2,alpha__board-filtered-count__h.mut
h,alpha,board-matching-label,tag_mov_temp_mut,COMPLETE,2,alpha__board-matching-label__h.mut
h,alpha,board-add-card,tag_mov_temp_mut,COMPLETE,2,alpha__board-add-card__h.mut
h,alpha,board-reset,tag_mov_temp_mut,COMPLETE,2,alpha__board-reset__h.mut
h,alpha,board-columns,tag_mov_temp_mut,COMPLETE,2,alpha__board-columns__h.mut
h,alpha,board-column-title,tag_mov_temp_mut,COMPLETE,2,alpha__board-column-title__h.mut
h,alpha,board-column-count,tag_mov_temp_mut,COMPLETE,2,alpha__board-column-count__h.mut
h,alpha,header-total-badge,tag_mov_temp_mut,COMPLETE,2,alpha__header-total-badge__h.mut
h,alpha,header-app-title,tag_mov_temp_mut,COMPLETE,2,alpha__header-app-title__h.mut
h,alpha,header-app-tagline,tag_mov_temp_mut,COMPLETE,2,alpha__header-app-tagline__h.mut
h,alpha,header-brand-icon,tag_mov_temp_mut,COMPLETE,2,alpha__header-brand-icon__h.mut
h,alpha,header-nav-board,tag_mov_temp_mut,COMPLETE,2,alpha__header-nav-board__h.mut
h,alpha,header-nav-stats,tag_mov_temp_mut,COMPLETE,2,alpha__header-nav-stats__h.mut
h,alpha,card-root,tag_mov_temp_mut,COMPLETE,2,alpha__card-root__h.mut
h,alpha,card-id,tag_mov_temp_mut,COMPLETE,2,alpha__card-id__h.mut
h,alpha,card-title,tag_mov_temp_mut,COMPLETE,2,alpha__card-title__h.mut
h,alpha,card-priority,tag_mov_temp_mut,COMPLETE,2,alpha__card-priority__h.mut
h,alpha,card-assignee,tag_mov_temp_mut,COMPLETE,2,alpha__card-assignee__h.mut
h,alpha,card-tags,tag_mov_temp_mut,COMPLETE,2,alpha__card-tags__h.mut
h,alpha,card-move,tag_mov_temp_mut,COMPLETE,2,alpha__card-move__h.mut
h,alpha,card-edit,tag_mov_temp_mut,COMPLETE,2,alpha__card-edit__h.mut
h,alpha,card-delete,tag_mov_temp_mut,COMPLETE,2,alpha__card-delete__h.mut
h,alpha,column-card-list,tag_mov_temp_mut,COMPLETE,2,alpha__column-card-list__h.mut
h,alpha,column-empty-message,tag_mov_temp_mut,COMPLETE,2,alpha__column-empty-message__h.mut
h,alpha,form-root,tag_mov_temp_mut,COMPLETE,2,alpha__form-root__h.mut
h,alpha,form-title,tag_mov_temp_mut,COMPLETE,2,alpha__form-title__h.mut
h,alpha,form-title-label,tag_mov_temp_mut,COMPLETE,2,alpha__form-title-label__h.mut
h,alpha,form-description,tag_mov_temp_mut,COMPLETE,2,alpha__form-description__h.mut
h,alpha,form-priority,tag_mov_temp_mut,COMPLETE,2,alpha__form-priority__h.mut
h,alpha,form-assignee,tag_mov_temp_mut,COMPLETE,2,alpha__form-assignee__h.mut
h,alpha,form-column,tag_mov_temp_mut,COMPLETE,2,alpha__form-column__h.mut
h,alpha,form-tags,tag_mov_temp_mut,COMPLETE,2,alpha__form-tags__h.mut
h,alpha,form-submit,tag_mov_temp_mut,COMPLETE,2,alpha__form-submit__h.mut
h,alpha,form-cancel,tag_mov_temp_mut,COMPLETE,2,alpha__form-cancel__h.mut
h,alpha,form-back,tag_mov_temp_mut,COMPLETE,2,alpha__form-back__h.mut
h,alpha,detail-title,tag_mov_temp_mut,COMPLETE,2,alpha__detail-title__h.mut
h,alpha,detail-id,tag_mov_temp_mut,COMPLETE,2,alpha__detail-id__h.mut
h,alpha,detail-priority,tag_mov_temp_mut,COMPLETE,2,alpha__detail-priority__h.mut
h,alpha,detail-description,tag_mov_temp_mut,COMPLETE,2,alpha__detail-description__h.mut
h,alpha,detail-assignee,tag_mov_temp_mut,COMPLETE,2,alpha__detail-assignee__h.mut
h,alpha,detail-column,tag_mov_temp_mut,COMPLETE,2,alpha__detail-column__h.mut
h,alpha,detail-tags,tag_mov_temp_mut,COMPLETE,2,alpha__detail-tags__h.mut
h,alpha,detail-edit,tag_mov_temp_mut,COMPLETE,2,alpha__detail-edit__h.mut
h,alpha,detail-delete,tag_mov_temp_mut,COMPLETE,2,alpha__detail-delete__h.mut
h,alpha,detail-back,tag_mov_temp_mut,COMPLETE,2,alpha__detail-back__h.mut
h,alpha,detail-page-title,tag_mov_temp_mut,COMPLETE,2,alpha__detail-page-title__h.mut
h,alpha,stat-total,tag_mov_temp_mut,COMPLETE,2,alpha__stat-total__h.mut
h,alpha,stat-backlog,tag_mov_temp_mut,COMPLETE,2,alpha__stat-backlog__h.mut
h,alpha,stat-review,tag_mov_temp_mut,COMPLETE,2,alpha__stat-review__h.mut
h,alpha,stat-done,tag_mov_temp_mut,COMPLETE,2,alpha__stat-done__h.mut
h,alpha,stat-high,tag_mov_temp_mut,COMPLETE,2,alpha__stat-high__h.mut
h,alpha,stat-medium,tag_mov_temp_mut,COMPLETE,2,alpha__stat-medium__h.mut
h,alpha,stat-low,tag_mov_temp_mut,COMPLETE,2,alpha__stat-low__h.mut
h,alpha,stats-title,tag_mov_temp_mut,COMPLETE,2,alpha__stats-title__h.mut
h,alpha,stats-table,tag_mov_temp_mut,COMPLETE,2,alpha__stats-table__h.mut
h,alpha,stats-th-title,tag_mov_temp_mut,COMPLETE,2,alpha__stats-th-title__h.mut
h,alpha,stat-row,tag_mov_temp_mut,COMPLETE,2,alpha__stat-row__h.mut
h,alpha,footer-brand,tag_mov_temp_mut,COMPLETE,2,alpha__footer-brand__h.mut
h,alpha,footer-note,tag_mov_temp_mut,COMPLETE,2,alpha__footer-note__h.mut
h,alpha,footer-version,tag_mov_temp_mut,COMPLETE,2,alpha__footer-version__h.mut
h,alpha,app-main,tag_mov_temp_mut,COMPLETE,2,alpha__app-main__h.mut
h,alpha,toast-message,tag_mov_temp_mut,COMPLETE,2,alpha__toast-message__h.mut
h,alpha,toast-label,tag_mov_temp_mut,COMPLETE,2,alpha__toast-label__h.mut
h,alpha,auto-board-board,tag_mov_temp_mut,COMPLETE,2,alpha__auto-board-board__h.mut
h,alpha,auto-board-board-intro,tag_mov_temp_mut,COMPLETE,2,alpha__auto-board-board-intro__h.mut
h,alpha,auto-board-toolbar-search,tag_mov_temp_mut,COMPLETE,2,alpha__auto-board-toolbar-search__h.mut
h,alpha,auto-board-toolbar-priority,tag_mov_temp_mut,COMPLETE,2,alpha__auto-board-toolbar-priority__h.mut
h,alpha,auto-board-toolbar-assignee,tag_mov_temp_mut,COMPLETE,2,alpha__auto-board-toolbar-assignee__h.mut
h,alpha,auto-board-toolbar-info,tag_mov_temp_mut,COMPLETE,2,alpha__auto-board-toolbar-info__h.mut
h,alpha,auto-board-toolbar-actions,tag_mov_temp_mut,COMPLETE,2,alpha__auto-board-toolbar-actions__h.mut
h,alpha,auto-board-column,tag_mov_temp_mut,COMPLETE,2,alpha__auto-board-column__h.mut
h,alpha,auto-header-header,tag_mov_temp_mut,COMPLETE,2,alpha__auto-header-header__h.mut
h,alpha,auto-header-brand,tag_mov_temp_mut,COMPLETE,2,alpha__auto-header-brand__h.mut
h,alpha,auto-header-header-stats,tag_mov_temp_mut,COMPLETE,2,alpha__auto-header-header-stats__h.mut
h,alpha,auto-header-total-label,tag_mov_temp_mut,COMPLETE,2,alpha__auto-header-total-label__h.mut
h,alpha,auto-header-nav,tag_mov_temp_mut,COMPLETE,2,alpha__auto-header-nav__h.mut
h,alpha,auto-card-form-card-form,tag_mov_temp_mut,COMPLETE,2,alpha__auto-card-form-card-form__h.mut
h,alpha,auto-card-form-form-title-edit,tag_mov_temp_mut,COMPLETE,2,alpha__auto-card-form-form-title-edit__h.mut
h,alpha,auto-card-form-form-title-new,tag_mov_temp_mut,COMPLETE,2,alpha__auto-card-form-form-title-new__h.mut
h,alpha,auto-card-form-form-field-title,tag_mov_temp_mut,COMPLETE,2,alpha__auto-card-form-form-field-title__h.mut
h,alpha,auto-card-form-form-field-description,tag_mov_temp_mut,COMPLETE,2,alpha__auto-card-form-form-field-description__h.mut
h,alpha,auto-card-form-form-description-label,tag_mov_temp_mut,COMPLETE,2,alpha__auto-card-form-form-description-label__h.mut
h,alpha,auto-card-form-form-field-priority,tag_mov_temp_mut,COMPLETE,2,alpha__auto-card-form-form-field-priority__h.mut
h,alpha,auto-card-form-form-priority-label,tag_mov_temp_mut,COMPLETE,2,alpha__auto-card-form-form-priority-label__h.mut
h,alpha,auto-card-form-form-assignee-label,tag_mov_temp_mut,COMPLETE,2,alpha__auto-card-form-form-assignee-label__h.mut
h,alpha,auto-card-form-form-field-column,tag_mov_temp_mut,COMPLETE,2,alpha__auto-card-form-form-field-column__h.mut
h,alpha,auto-card-form-form-column-label,tag_mov_temp_mut,COMPLETE,2,alpha__auto-card-form-form-column-label__h.mut
h,alpha,auto-card-form-form-tags-label,tag_mov_temp_mut,COMPLETE,2,alpha__auto-card-form-form-tags-label__h.mut
h,alpha,auto-card-detail-card-detail,tag_mov_temp_mut,COMPLETE,2,alpha__auto-card-detail-card-detail__h.mut
h,alpha,auto-card-detail-detail-heading,tag_mov_temp_mut,COMPLETE,2,alpha__auto-card-detail-detail-heading__h.mut
h,alpha,auto-card-detail-detail-description-row,tag_mov_temp_mut,COMPLETE,2,alpha__auto-card-detail-detail-description-row__h.mut
h,alpha,auto-card-detail-detail-description-label,tag_mov_temp_mut,COMPLETE,2,alpha__auto-card-detail-detail-description-label__h.mut
h,alpha,auto-card-detail-detail-assignee-row,tag_mov_temp_mut,COMPLETE,2,alpha__auto-card-detail-detail-assignee-row__h.mut
h,alpha,auto-card-detail-detail-assignee-label,tag_mov_temp_mut,COMPLETE,2,alpha__auto-card-detail-detail-assignee-label__h.mut
h,alpha,auto-card-detail-detail-column-row,tag_mov_temp_mut,COMPLETE,2,alpha__auto-card-detail-detail-column-row__h.mut
h,alpha,auto-card-detail-detail-column-label,tag_mov_temp_mut,COMPLETE,2,alpha__auto-card-detail-detail-column-label__h.mut
h,alpha,auto-card-detail-detail-tags-row,tag_mov_temp_mut,COMPLETE,2,alpha__auto-card-detail-detail-tags-row__h.mut
h,alpha,auto-card-detail-detail-tags-label,tag_mov_temp_mut,COMPLETE,2,alpha__auto-card-detail-detail-tags-label__h.mut
h,alpha,auto-card-detail-detail-no-tags,tag_mov_temp_mut,COMPLETE,2,alpha__auto-card-detail-detail-no-tags__h.mut
h,alpha,auto-card-detail-detail-actions,tag_mov_temp_mut,COMPLETE,2,alpha__auto-card-detail-detail-actions__h.mut
h,alpha,auto-card-detail-detail-not-found,tag_mov_temp_mut,COMPLETE,2,alpha__auto-card-detail-detail-not-found__h.mut
h,alpha,auto-card-detail-detail-not-found-message,tag_mov_temp_mut,COMPLETE,2,alpha__auto-card-detail-detail-not-found-message__h.mut
h,alpha,auto-card-detail-detail-not-found-back,tag_mov_temp_mut,COMPLETE,2,alpha__auto-card-detail-detail-not-found-back__h.mut
h,alpha,auto-stats-stats,tag_mov_temp_mut,COMPLETE,2,alpha__auto-stats-stats__h.mut
h,alpha,auto-stats-stats-heading,tag_mov_temp_mut,COMPLETE,2,alpha__auto-stats-stats-heading__h.mut
h,alpha,auto-stats-stats-back,tag_mov_temp_mut,COMPLETE,2,alpha__auto-stats-stats-back__h.mut
h,alpha,auto-stats-stats-cards,tag_mov_temp_mut,COMPLETE,2,alpha__auto-stats-stats-cards__h.mut
h,alpha,auto-stats-stat-total-card,tag_mov_temp_mut,COMPLETE,2,alpha__auto-stats-stat-total-card__h.mut
h,alpha,auto-stats-stat-total-label,tag_mov_temp_mut,COMPLETE,2,alpha__auto-stats-stat-total-label__h.mut
h,alpha,auto-stats-stat-backlog-card,tag_mov_temp_mut,COMPLETE,2,alpha__auto-stats-stat-backlog-card__h.mut
h,alpha,auto-stats-stat-backlog-label,tag_mov_temp_mut,COMPLETE,2,alpha__auto-stats-stat-backlog-label__h.mut
h,alpha,auto-stats-stat-inprogress-card,tag_mov_temp_mut,COMPLETE,2,alpha__auto-stats-stat-inprogress-card__h.mut
h,alpha,auto-stats-stat-inprogress-label,tag_mov_temp_mut,COMPLETE,2,alpha__auto-stats-stat-inprogress-label__h.mut
h,alpha,auto-stats-stat-review-card,tag_mov_temp_mut,COMPLETE,2,alpha__auto-stats-stat-review-card__h.mut
h,alpha,auto-stats-stat-review-label,tag_mov_temp_mut,COMPLETE,2,alpha__auto-stats-stat-review-label__h.mut
h,alpha,auto-stats-stat-done-card,tag_mov_temp_mut,COMPLETE,2,alpha__auto-stats-stat-done-card__h.mut
h,alpha,auto-stats-stat-done-label,tag_mov_temp_mut,COMPLETE,2,alpha__auto-stats-stat-done-label__h.mut
h,alpha,auto-stats-stat-high-card,tag_mov_temp_mut,COMPLETE,2,alpha__auto-stats-stat-high-card__h.mut
h,alpha,auto-stats-stat-high-label,tag_mov_temp_mut,COMPLETE,2,alpha__auto-stats-stat-high-label__h.mut
h,alpha,auto-stats-stat-medium-card,tag_mov_temp_mut,COMPLETE,2,alpha__auto-stats-stat-medium-card__h.mut
h,alpha,auto-stats-stat-medium-label,tag_mov_temp_mut,COMPLETE,2,alpha__auto-stats-stat-medium-label__h.mut
h,alpha,auto-stats-stat-low-card,tag_mov_temp_mut,COMPLETE,2,alpha__auto-stats-stat-low-card__h.mut
h,alpha,auto-stats-stat-low-label,tag_mov_temp_mut,COMPLETE,2,alpha__auto-stats-stat-low-label__h.mut
h,alpha,auto-stats-stats-table-section,tag_mov_temp_mut,COMPLETE,2,alpha__auto-stats-stats-table-section__h.mut
h,alpha,auto-stats-stats-table-title,tag_mov_temp_mut,COMPLETE,2,alpha__auto-stats-stats-table-title__h.mut
h,alpha,auto-stats-stats-th-id,tag_mov_temp_mut,COMPLETE,2,alpha__auto-stats-stats-th-id__h.mut
h,alpha,auto-stats-stats-th-priority,tag_mov_temp_mut,COMPLETE,2,alpha__auto-stats-stats-th-priority__h.mut
h,alpha,auto-stats-stats-th-assignee,tag_mov_temp_mut,COMPLETE,2,alpha__auto-stats-stats-th-assignee__h.mut
h,alpha,auto-stats-stats-th-column,tag_mov_temp_mut,COMPLETE,2,alpha__auto-stats-stats-th-column__h.mut
h,alpha,auto-stats-stats-empty,tag_mov_temp_mut,COMPLETE,2,alpha__auto-stats-stats-empty__h.mut
h,alpha,auto-app-app,tag_mov_temp_mut,COMPLETE,2,alpha__auto-app-app__h.mut
h,alpha,auto-app-footer,tag_mov_temp_mut,COMPLETE,2,alpha__auto-app-footer__h.mut
h,alpha,auto-toast-toast-bar,tag_mov_temp_mut,COMPLETE,2,alpha__auto-toast-toast-bar__h.mut
h,alpha,auto-toast-toast-icon,tag_mov_temp_mut,COMPLETE,2,alpha__auto-toast-toast-icon__h.mut
i,alpha,board-title,tag_rem_mut,COMPLETE,1,alpha__board-title__i.mut
i,alpha,board-search,tag_rem_mut,COMPLETE,1,alpha__board-search__i.mut
i,alpha,board-filter-priority,tag_rem_mut,COMPLETE,1,alpha__board-filter-priority__i.mut
i,alpha,board-filter-assignee,tag_rem_mut,COMPLETE,1,alpha__board-filter-assignee__i.mut
i,alpha,board-filtered-count,tag_rem_mut,COMPLETE,1,alpha__board-filtered-count__i.mut
i,alpha,board-add-card,tag_rem_mut,COMPLETE,1,alpha__board-add-card__i.mut
i,alpha,board-columns,tag_rem_mut,COMPLETE,1,alpha__board-columns__i.mut
i,alpha,board-column-title,tag_rem_mut,COMPLETE,1,alpha__board-column-title__i.mut
i,alpha,header-total-badge,tag_rem_mut,COMPLETE,1,alpha__header-total-badge__i.mut
i,alpha,header-app-title,tag_rem_mut,COMPLETE,1,alpha__header-app-title__i.mut
i,alpha,header-brand-icon,tag_rem_mut,COMPLETE,1,alpha__header-brand-icon__i.mut
i,alpha,header-nav-board,tag_rem_mut,COMPLETE,1,alpha__header-nav-board__i.mut
i,alpha,card-root,tag_rem_mut,COMPLETE,1,alpha__card-root__i.mut
i,alpha,card-id,tag_rem_mut,COMPLETE,1,alpha__card-id__i.mut
i,alpha,card-title,tag_rem_mut,COMPLETE,1,alpha__card-title__i.mut
i,alpha,card-assignee,tag_rem_mut,COMPLETE,1,alpha__card-assignee__i.mut
i,alpha,card-move,tag_rem_mut,COMPLETE,1,alpha__card-move__i.mut
i,alpha,card-edit,tag_rem_mut,COMPLETE,1,alpha__card-edit__i.mut
i,alpha,column-card-list,tag_rem_mut,COMPLETE,1,alpha__column-card-list__i.mut
i,alpha,column-empty-message,tag_rem_mut,COMPLETE,1,alpha__column-empty-message__i.mut
i,alpha,form-root,tag_rem_mut,COMPLETE,1,alpha__form-root__i.mut
i,alpha,form-title,tag_rem_mut,COMPLETE,1,alpha__form-title__i.mut
i,alpha,form-description,tag_rem_mut,COMPLETE,1,alpha__form-description__i.mut
i,alpha,form-priority,tag_rem_mut,COMPLETE,1,alpha__form-priority__i.mut
i,alpha,form-assignee,tag_rem_mut,COMPLETE,1,alpha__form-assignee__i.mut
i,alpha,form-column,tag_rem_mut,COMPLETE,1,alpha__form-column__i.mut
i,alpha,form-tags,tag_rem_mut,COMPLETE,1,alpha__form-tags__i.mut
i,alpha,form-submit,tag_rem_mut,COMPLETE,1,alpha__form-submit__i.mut
i,alpha,form-back,tag_rem_mut,COMPLETE,1,alpha__form-back__i.mut
i,alpha,detail-title,tag_rem_mut,COMPLETE,1,alpha__detail-title__i.mut
i,alpha,detail-id,tag_rem_mut,COMPLETE,1,alpha__detail-id__i.mut
i,alpha,detail-description,tag_rem_mut,COMPLETE,1,alpha__detail-description__i.mut
i,alpha,detail-assignee,tag_rem_mut,COMPLETE,1,alpha__detail-assignee__i.mut
i,alpha,detail-column,tag_rem_mut,COMPLETE,1,alpha__detail-column__i.mut
i,alpha,detail-tags,tag_rem_mut,COMPLETE,1,alpha__detail-tags__i.mut
i,alpha,detail-edit,tag_rem_mut,COMPLETE,1,alpha__detail-edit__i.mut
i,alpha,detail-back,tag_rem_mut,COMPLETE,1,alpha__detail-back__i.mut
i,alpha,stat-total,tag_rem_mut,COMPLETE,1,alpha__stat-total__i.mut
i,alpha,stat-backlog,tag_rem_mut,COMPLETE,1,alpha__stat-backlog__i.mut
i,alpha,stat-inprogress,tag_rem_mut,COMPLETE,1,alpha__stat-inprogress__i.mut
i,alpha,stat-review,tag_rem_mut,COMPLETE,1,alpha__stat-review__i.mut
i,alpha,stat-done,tag_rem_mut,COMPLETE,1,alpha__stat-done__i.mut
i,alpha,stat-high,tag_rem_mut,COMPLETE,1,alpha__stat-high__i.mut
i,alpha,stat-medium,tag_rem_mut,COMPLETE,1,alpha__stat-medium__i.mut
i,alpha,stat-low,tag_rem_mut,COMPLETE,1,alpha__stat-low__i.mut
i,alpha,stats-title,tag_rem_mut,COMPLETE,1,alpha__stats-title__i.mut
i,alpha,stats-table,tag_rem_mut,COMPLETE,1,alpha__stats-table__i.mut
i,alpha,stats-th-title,tag_rem_mut,COMPLETE,1,alpha__stats-th-title__i.mut
i,alpha,stat-row,tag_rem_mut,COMPLETE,1,alpha__stat-row__i.mut
i,alpha,footer-brand,tag_rem_mut,COMPLETE,1,alpha__footer-brand__i.mut
i,alpha,footer-note,tag_rem_mut,COMPLETE,1,alpha__footer-note__i.mut
i,alpha,footer-version,tag_rem_mut,COMPLETE,1,alpha__footer-version__i.mut
i,alpha,app-main,tag_rem_mut,COMPLETE,1,alpha__app-main__i.mut
i,alpha,toast-message,tag_rem_mut,COMPLETE,1,alpha__toast-message__i.mut
i,alpha,auto-header-header,tag_rem_mut,COMPLETE,1,alpha__auto-header-header__i.mut
i,alpha,auto-card-form-form-title-edit,tag_rem_mut,COMPLETE,1,alpha__auto-card-form-form-title-edit__i.mut
i,alpha,auto-card-detail-detail-no-tags,tag_rem_mut,COMPLETE,1,alpha__auto-card-detail-detail-no-tags__i.mut
i,alpha,auto-card-detail-detail-not-found-message,tag_rem_mut,COMPLETE,1,alpha__auto-card-detail-detail-not-found-message__i.mut
i,alpha,auto-stats-stats-table-title,tag_rem_mut,COMPLETE,1,alpha__auto-stats-stats-table-title__i.mut
i,alpha,auto-stats-stats-th-id,tag_rem_mut,COMPLETE,1,alpha__auto-stats-stats-th-id__i.mut
i,alpha,auto-stats-stats-empty,tag_rem_mut,COMPLETE,1,alpha__auto-stats-stats-empty__i.mut
i,alpha,auto-toast-toast-icon,tag_rem_mut,COMPLETE,1,alpha__auto-toast-toast-icon__i.mut
j,alpha,board-title,tag_type_mod_mut,COMPLETE,1,alpha__board-title__j.mut
j,alpha,board-search,tag_type_mod_mut,COMPLETE,1,alpha__board-search__j.mut
j,alpha,board-filter-priority,tag_type_mod_mut,COMPLETE,1,alpha__board-filter-priority__j.mut
j,alpha,board-filter-assignee,tag_type_mod_mut,COMPLETE,1,alpha__board-filter-assignee__j.mut
j,alpha,board-filtered-count,tag_type_mod_mut,COMPLETE,1,alpha__board-filtered-count__j.mut
j,alpha,board-add-card,tag_type_mod_mut,COMPLETE,1,alpha__board-add-card__j.mut
j,alpha,board-columns,tag_type_mod_mut,COMPLETE,1,alpha__board-columns__j.mut
j,alpha,board-column-title,tag_type_mod_mut,COMPLETE,1,alpha__board-column-title__j.mut
j,alpha,header-total-badge,tag_type_mod_mut,COMPLETE,1,alpha__header-total-badge__j.mut
j,alpha,header-app-title,tag_type_mod_mut,COMPLETE,1,alpha__header-app-title__j.mut
j,alpha,header-brand-icon,tag_type_mod_mut,COMPLETE,1,alpha__header-brand-icon__j.mut
j,alpha,header-nav-board,tag_type_mod_mut,COMPLETE,1,alpha__header-nav-board__j.mut
j,alpha,card-root,tag_type_mod_mut,COMPLETE,1,alpha__card-root__j.mut
j,alpha,card-id,tag_type_mod_mut,COMPLETE,1,alpha__card-id__j.mut
j,alpha,card-title,tag_type_mod_mut,COMPLETE,1,alpha__card-title__j.mut
j,alpha,card-assignee,tag_type_mod_mut,COMPLETE,1,alpha__card-assignee__j.mut
j,alpha,card-move,tag_type_mod_mut,COMPLETE,1,alpha__card-move__j.mut
j,alpha,card-edit,tag_type_mod_mut,COMPLETE,1,alpha__card-edit__j.mut
j,alpha,column-card-list,tag_type_mod_mut,COMPLETE,1,alpha__column-card-list__j.mut
j,alpha,column-empty-message,tag_type_mod_mut,COMPLETE,1,alpha__column-empty-message__j.mut
j,alpha,form-root,tag_type_mod_mut,COMPLETE,1,alpha__form-root__j.mut
j,alpha,form-title,tag_type_mod_mut,COMPLETE,1,alpha__form-title__j.mut
j,alpha,form-description,tag_type_mod_mut,COMPLETE,1,alpha__form-description__j.mut
j,alpha,form-priority,tag_type_mod_mut,COMPLETE,1,alpha__form-priority__j.mut
j,alpha,form-assignee,tag_type_mod_mut,COMPLETE,1,alpha__form-assignee__j.mut
j,alpha,form-column,tag_type_mod_mut,COMPLETE,1,alpha__form-column__j.mut
j,alpha,form-tags,tag_type_mod_mut,COMPLETE,1,alpha__form-tags__j.mut
j,alpha,form-submit,tag_type_mod_mut,COMPLETE,1,alpha__form-submit__j.mut
j,alpha,form-back,tag_type_mod_mut,COMPLETE,1,alpha__form-back__j.mut
j,alpha,detail-title,tag_type_mod_mut,COMPLETE,1,alpha__detail-title__j.mut
j,alpha,detail-id,tag_type_mod_mut,COMPLETE,1,alpha__detail-id__j.mut
j,alpha,detail-description,tag_type_mod_mut,COMPLETE,1,alpha__detail-description__j.mut
j,alpha,detail-assignee,tag_type_mod_mut,COMPLETE,1,alpha__detail-assignee__j.mut
j,alpha,detail-column,tag_type_mod_mut,COMPLETE,1,alpha__detail-column__j.mut
j,alpha,detail-tags,tag_type_mod_mut,COMPLETE,1,alpha__detail-tags__j.mut
j,alpha,detail-edit,tag_type_mod_mut,COMPLETE,1,alpha__detail-edit__j.mut
j,alpha,detail-back,tag_type_mod_mut,COMPLETE,1,alpha__detail-back__j.mut
j,alpha,stat-total,tag_type_mod_mut,COMPLETE,1,alpha__stat-total__j.mut
j,alpha,stat-backlog,tag_type_mod_mut,COMPLETE,1,alpha__stat-backlog__j.mut
j,alpha,stat-inprogress,tag_type_mod_mut,COMPLETE,1,alpha__stat-inprogress__j.mut
j,alpha,stat-review,tag_type_mod_mut,COMPLETE,1,alpha__stat-review__j.mut
j,alpha,stat-done,tag_type_mod_mut,COMPLETE,1,alpha__stat-done__j.mut
j,alpha,stat-high,tag_type_mod_mut,COMPLETE,1,alpha__stat-high__j.mut
j,alpha,stat-medium,tag_type_mod_mut,COMPLETE,1,alpha__stat-medium__j.mut
j,alpha,stat-low,tag_type_mod_mut,COMPLETE,1,alpha__stat-low__j.mut
j,alpha,stats-title,tag_type_mod_mut,COMPLETE,1,alpha__stats-title__j.mut
j,alpha,stats-table,tag_type_mod_mut,COMPLETE,1,alpha__stats-table__j.mut
j,alpha,stats-th-title,tag_type_mod_mut,COMPLETE,1,alpha__stats-th-title__j.mut
j,alpha,stat-row,tag_type_mod_mut,COMPLETE,1,alpha__stat-row__j.mut
j,alpha,footer-brand,tag_type_mod_mut,COMPLETE,1,alpha__footer-brand__j.mut
j,alpha,footer-note,tag_type_mod_mut,COMPLETE,1,alpha__footer-note__j.mut
j,alpha,footer-version,tag_type_mod_mut,COMPLETE,1,alpha__footer-version__j.mut
j,alpha,app-main,tag_type_mod_mut,COMPLETE,1,alpha__app-main__j.mut
j,alpha,toast-message,tag_type_mod_mut,COMPLETE,1,alpha__toast-message__j.mut
j,alpha,auto-header-header,tag_type_mod_mut,COMPLETE,1,alpha__auto-header-header__j.mut
j,alpha,auto-card-form-form-title-edit,tag_type_mod_mut,COMPLETE,1,alpha__auto-card-form-form-title-edit__j.mut
j,alpha,auto-card-detail-detail-no-tags,tag_type_mod_mut,COMPLETE,1,alpha__auto-card-detail-detail-no-tags__j.mut
j,alpha,auto-card-detail-detail-not-found-message,tag_type_mod_mut,COMPLETE,1,alpha__auto-card-detail-detail-not-found-message__j.mut
j,alpha,auto-stats-stats-table-title,tag_type_mod_mut,COMPLETE,1,alpha__auto-stats-stats-table-title__j.mut
j,alpha,auto-stats-stats-th-id,tag_type_mod_mut,COMPLETE,1,alpha__auto-stats-stats-th-id__j.mut
j,alpha,auto-stats-stats-empty,tag_type_mod_mut,COMPLETE,1,alpha__auto-stats-stats-empty__j.mut
j,alpha,auto-toast-toast-icon,tag_type_mod_mut,COMPLETE,1,alpha__auto-toast-toast-icon__j.mut
k,alpha,board-title,tag_ins_mut,COMPLETE,1,alpha__board-title__k.mut
k,alpha,board-search,tag_ins_mut,COMPLETE,1,alpha__board-search__k.mut
k,alpha,board-filter-priority,tag_ins_mut,COMPLETE,1,alpha__board-filter-priority__k.mut
k,alpha,board-filter-assignee,tag_ins_mut,COMPLETE,1,alpha__board-filter-assignee__k.mut
k,alpha,board-filtered-count,tag_ins_mut,COMPLETE,1,alpha__board-filtered-count__k.mut
k,alpha,board-add-card,tag_ins_mut,COMPLETE,1,alpha__board-add-card__k.mut
k,alpha,board-columns,tag_ins_mut,COMPLETE,1,alpha__board-columns__k.mut
k,alpha,board-column-title,tag_ins_mut,COMPLETE,1,alpha__board-column-title__k.mut
k,alpha,header-total-badge,tag_ins_mut,COMPLETE,1,alpha__header-total-badge__k.mut
k,alpha,header-app-title,tag_ins_mut,COMPLETE,1,alpha__header-app-title__k.mut
k,alpha,header-brand-icon,tag_ins_mut,COMPLETE,1,alpha__header-brand-icon__k.mut
k,alpha,header-nav-board,tag_ins_mut,COMPLETE,1,alpha__header-nav-board__k.mut
k,alpha,card-root,tag_ins_mut,COMPLETE,1,alpha__card-root__k.mut
k,alpha,card-id,tag_ins_mut,COMPLETE,1,alpha__card-id__k.mut
k,alpha,card-title,tag_ins_mut,COMPLETE,1,alpha__card-title__k.mut
k,alpha,card-assignee,tag_ins_mut,COMPLETE,1,alpha__card-assignee__k.mut
k,alpha,card-move,tag_ins_mut,COMPLETE,1,alpha__card-move__k.mut
k,alpha,card-edit,tag_ins_mut,COMPLETE,1,alpha__card-edit__k.mut
k,alpha,column-card-list,tag_ins_mut,COMPLETE,1,alpha__column-card-list__k.mut
k,alpha,column-empty-message,tag_ins_mut,COMPLETE,1,alpha__column-empty-message__k.mut
k,alpha,form-root,tag_ins_mut,COMPLETE,1,alpha__form-root__k.mut
k,alpha,form-title,tag_ins_mut,COMPLETE,1,alpha__form-title__k.mut
k,alpha,form-description,tag_ins_mut,COMPLETE,1,alpha__form-description__k.mut
k,alpha,form-priority,tag_ins_mut,COMPLETE,1,alpha__form-priority__k.mut
k,alpha,form-assignee,tag_ins_mut,COMPLETE,1,alpha__form-assignee__k.mut
k,alpha,form-column,tag_ins_mut,COMPLETE,1,alpha__form-column__k.mut
k,alpha,form-tags,tag_ins_mut,COMPLETE,1,alpha__form-tags__k.mut
k,alpha,form-submit,tag_ins_mut,COMPLETE,1,alpha__form-submit__k.mut
k,alpha,form-back,tag_ins_mut,COMPLETE,1,alpha__form-back__k.mut
k,alpha,detail-title,tag_ins_mut,COMPLETE,1,alpha__detail-title__k.mut
k,alpha,detail-id,tag_ins_mut,COMPLETE,1,alpha__detail-id__k.mut
k,alpha,detail-description,tag_ins_mut,COMPLETE,1,alpha__detail-description__k.mut
k,alpha,detail-assignee,tag_ins_mut,COMPLETE,1,alpha__detail-assignee__k.mut
k,alpha,detail-column,tag_ins_mut,COMPLETE,1,alpha__detail-column__k.mut
k,alpha,detail-tags,tag_ins_mut,COMPLETE,1,alpha__detail-tags__k.mut
k,alpha,detail-edit,tag_ins_mut,COMPLETE,1,alpha__detail-edit__k.mut
k,alpha,detail-back,tag_ins_mut,COMPLETE,1,alpha__detail-back__k.mut
k,alpha,stat-total,tag_ins_mut,COMPLETE,1,alpha__stat-total__k.mut
k,alpha,stat-backlog,tag_ins_mut,COMPLETE,1,alpha__stat-backlog__k.mut
k,alpha,stat-inprogress,tag_ins_mut,COMPLETE,1,alpha__stat-inprogress__k.mut
k,alpha,stat-review,tag_ins_mut,COMPLETE,1,alpha__stat-review__k.mut
k,alpha,stat-done,tag_ins_mut,COMPLETE,1,alpha__stat-done__k.mut
k,alpha,stat-high,tag_ins_mut,COMPLETE,1,alpha__stat-high__k.mut
k,alpha,stat-medium,tag_ins_mut,COMPLETE,1,alpha__stat-medium__k.mut
k,alpha,stat-low,tag_ins_mut,COMPLETE,1,alpha__stat-low__k.mut
k,alpha,stats-title,tag_ins_mut,COMPLETE,1,alpha__stats-title__k.mut
k,alpha,stats-table,tag_ins_mut,COMPLETE,1,alpha__stats-table__k.mut
k,alpha,stats-th-title,tag_ins_mut,COMPLETE,1,alpha__stats-th-title__k.mut
k,alpha,stat-row,tag_ins_mut,COMPLETE,1,alpha__stat-row__k.mut
k,alpha,footer-brand,tag_ins_mut,COMPLETE,1,alpha__footer-brand__k.mut
k,alpha,footer-note,tag_ins_mut,COMPLETE,1,alpha__footer-note__k.mut
k,alpha,footer-version,tag_ins_mut,COMPLETE,1,alpha__footer-version__k.mut
k,alpha,app-main,tag_ins_mut,COMPLETE,1,alpha__app-main__k.mut
k,alpha,toast-message,tag_ins_mut,COMPLETE,1,alpha__toast-message__k.mut
k,alpha,auto-header-header,tag_ins_mut,COMPLETE,1,alpha__auto-header-header__k.mut
k,alpha,auto-card-form-form-title-edit,tag_ins_mut,COMPLETE,1,alpha__auto-card-form-form-title-edit__k.mut
k,alpha,auto-card-detail-detail-no-tags,tag_ins_mut,COMPLETE,1,alpha__auto-card-detail-detail-no-tags__k.mut
k,alpha,auto-card-detail-detail-not-found-message,tag_ins_mut,COMPLETE,1,alpha__auto-card-detail-detail-not-found-message__k.mut
k,alpha,auto-stats-stats-table-title,tag_ins_mut,COMPLETE,1,alpha__auto-stats-stats-table-title__k.mut
k,alpha,auto-stats-stats-th-id,tag_ins_mut,COMPLETE,1,alpha__auto-stats-stats-th-id__k.mut
k,alpha,auto-stats-stats-empty,tag_ins_mut,COMPLETE,1,alpha__auto-stats-stats-empty__k.mut
k,alpha,auto-toast-toast-icon,tag_ins_mut,COMPLETE,1,alpha__auto-toast-toast-icon__k.mut
a,beta,board-search,attr_val_mod_mut,COMPLETE,1,beta__board-search__a.mut
a,beta,header-nav-board,attr_val_mod_mut,COMPLETE,1,beta__header-nav-board__a.mut
a,beta,header-nav-stats,attr_val_mod_mut,COMPLETE,1,beta__header-nav-stats__a.mut
a,beta,card-title,attr_val_mod_mut,COMPLETE,1,beta__card-title__a.mut
a,beta,stat-total,attr_val_mod_mut,COMPLETE,1,beta__stat-total__a.mut
a,beta,stat-backlog,attr_val_mod_mut,COMPLETE,1,beta__stat-backlog__a.mut
a,beta,stat-inprogress,attr_val_mod_mut,COMPLETE,1,beta__stat-inprogress__a.mut
a,beta,stat-review,attr_val_mod_mut,COMPLETE,1,beta__stat-review__a.mut
a,beta,stat-done,attr_val_mod_mut,COMPLETE,1,beta__stat-done__a.mut
a,beta,stat-high,attr_val_mod_mut,COMPLETE,1,beta__stat-high__a.mut
a,beta,stat-medium,attr_val_mod_mut,COMPLETE,1,beta__stat-medium__a.mut
a,beta,stat-low,attr_val_mod_mut,COMPLETE,1,beta__stat-low__a.mut
a,beta,stats-table,attr_val_mod_mut,COMPLETE,1,beta__stats-table__a.mut
a,beta,toast-message,attr_val_mod_mut,COMPLETE,1,beta__toast-message__a.mut
b,beta,board-search,attr_rem_mut,COMPLETE,1,beta__board-search__b.mut
b,beta,header-nav-board,attr_rem_mut,COMPLETE,1,beta__header-nav-board__b.mut
b,beta,header-nav-stats,attr_rem_mut,COMPLETE,1,beta__header-nav-stats__b.mut
b,beta,card-title,attr_rem_mut,COMPLETE,1,beta__card-title__b.mut
b,beta,stat-total,attr_rem_mut,COMPLETE,1,beta__stat-total__b.mut
b,beta,stat-backlog,attr_rem_mut,COMPLETE,1,beta__stat-backlog__b.mut
b,beta,stat-inprogress,attr_rem_mut,COMPLETE,1,beta__stat-inprogress__b.mut
b,beta,stat-review,attr_rem_mut,COMPLETE,1,beta__stat-review__b.mut
b,beta,stat-done,attr_rem_mut,COMPLETE,1,beta__stat-done__b.mut
b,beta,stat-high,attr_rem_mut,COMPLETE,1,beta__stat-high__b.mut
b,beta,stat-medium,attr_rem_mut,COMPLETE,1,beta__stat-medium__b.mut
b,beta,stat-low,attr_rem_mut,COMPLETE,1,beta__stat-low__b.mut
b,beta,stats-table,attr_rem_mut,COMPLETE,1,beta__stats-table__b.mut
b,beta,toast-message,attr_rem_mut,COMPLETE,1,beta__toast-message__b.mut
b,beta,auto-stats-stat-medium-label,attr_rem_mut,COMPLETE,1,beta__auto-stats-stat-medium-label__b.mut
b,beta,auto-toast-toast-icon,attr_rem_mut,COMPLETE,1,beta__auto-toast-toast-icon__b.mut
d,beta,form-back,text_cont_mod_mut,COMPLETE,1,beta__form-back__d.mut
d,beta,stat-row,text_cont_mod_mut,COMPLETE,1,beta__stat-row__d.mut
e,beta,form-back,text_cont_rem_mut,COMPLETE,1,beta__form-back__e.mut
e,beta,stat-row,text_cont_rem_mut,COMPLETE,1,beta__stat-row__e.mut
e,beta,auto-card-form-form-title-edit,text_cont_rem_mut,COMPLETE,1,beta__auto-card-form-form-title-edit__e.mut
e,beta,auto-card-detail-detail-card,text_cont_rem_mut,COMPLETE,1,beta__auto-card-detail-detail-card__e.mut
f,beta,board-demo-badge,tag_mov_container_mut,COMPLETE,1,beta__board-demo-badge__f.mut
f,beta,board-search,tag_mov_container_mut,COMPLETE,1,beta__board-search__f.mut
f,beta,board-filter-priority,tag_mov_container_mut,COMPLETE,1,beta__board-filter-priority__f.mut
f,beta,board-priority-label,tag_mov_container_mut,COMPLETE,1,beta__board-priority-label__f.mut
f,beta,board-filter-assignee,tag_mov_container_mut,COMPLETE,1,beta__board-filter-assignee__f.mut
f,beta,board-assignee-label,tag_mov_container_mut,COMPLETE,1,beta__board-assignee-label__f.mut
f,beta,board-filtered-count,tag_mov_container_mut,COMPLETE,1,beta__board-filtered-count__f.mut
f,beta,board-matching-label,tag_mov_container_mut,COMPLETE,1,beta__board-matching-label__f.mut
f,beta,board-add-card,tag_mov_container_mut,COMPLETE,1,beta__board-add-card__f.mut
f,beta,board-reset,tag_mov_container_mut,COMPLETE,1,beta__board-reset__f.mut
f,beta,header-total-badge,tag_mov_container_mut,COMPLETE,1,beta__header-total-badge__f.mut
f,beta,header-app-title,tag_mov_container_mut,COMPLETE,1,beta__header-app-title__f.mut
f,beta,header-nav-board,tag_mov_container_mut,COMPLETE,1,beta__header-nav-board__f.mut
f,beta,card-title,tag_mov_container_mut,COMPLETE,1,beta__card-title__f.mut
f,beta,card-priority,tag_mov_container_mut,COMPLETE,1,beta__card-priority__f.mut
f,beta,card-assignee,tag_mov_container_mut,COMPLETE,1,beta__card-assignee__f.mut
f,beta,card-delete,tag_mov_container_mut,COMPLETE,1,beta__card-delete__f.mut
f,beta,column-empty-message,tag_mov_container_mut,COMPLETE,1,beta__column-empty-message__f.mut
f,beta,form-title,tag_mov_container_mut,COMPLETE,1,beta__form-title__f.mut
f,beta,form-description,tag_mov_container_mut,COMPLETE,1,beta__form-description__f.mut
f,beta,form-priority,tag_mov_container_mut,COMPLETE,1,beta__form-priority__f.mut
f,beta,form-assignee,tag_mov_container_mut,COMPLETE,1,beta__form-assignee__f.mut
f,beta,form-column,tag_mov_container_mut,COMPLETE,1,beta__form-column__f.mut
f,beta,form-tags,tag_mov_container_mut,COMPLETE,1,beta__form-tags__f.mut
f,beta,form-submit,tag_mov_container_mut,COMPLETE,1,beta__form-submit__f.mut
f,beta,form-cancel,tag_mov_container_mut,COMPLETE,1,beta__form-cancel__f.mut
f,beta,detail-id,tag_mov_container_mut,COMPLETE,1,beta__detail-id__f.mut
f,beta,detail-column,tag_mov_container_mut,COMPLETE,1,beta__detail-column__f.mut
f,beta,detail-tags,tag_mov_container_mut,COMPLETE,1,beta__detail-tags__f.mut
f,beta,detail-edit,tag_mov_container_mut,COMPLETE,1,beta__detail-edit__f.mut
f,beta,detail-delete,tag_mov_container_mut,COMPLETE,1,beta__detail-delete__f.mut
f,beta,detail-back,tag_mov_container_mut,COMPLETE,1,beta__detail-back__f.mut
f,beta,stat-backlog,tag_mov_container_mut,COMPLETE,1,beta__stat-backlog__f.mut
f,beta,stat-inprogress,tag_mov_container_mut,COMPLETE,1,beta__stat-inprogress__f.mut
f,beta,stat-review,tag_mov_container_mut,COMPLETE,1,beta__stat-review__f.mut
f,beta,stat-done,tag_mov_container_mut,COMPLETE,1,beta__stat-done__f.mut
f,beta,stat-high,tag_mov_container_mut,COMPLETE,1,beta__stat-high__f.mut
f,beta,stat-medium,tag_mov_container_mut,COMPLETE,1,beta__stat-medium__f.mut
f,beta,stat-low,tag_mov_container_mut,COMPLETE,1,beta__stat-low__f.mut
f,beta,stat-row,tag_mov_container_mut,COMPLETE,1,beta__stat-row__f.mut
f,beta,auto-stats-stat-total-label,tag_mov_container_mut,COMPLETE,1,beta__auto-stats-stat-total-label__f.mut
f,beta,auto-stats-stat-inprogress-label,tag_mov_container_mut,COMPLETE,1,beta__auto-stats-stat-inprogress-label__f.mut
f,beta,auto-stats-stat-done-label,tag_mov_container_mut,COMPLETE,1,beta__auto-stats-stat-done-label__f.mut
f,beta,auto-stats-stat-medium-label,tag_mov_container_mut,COMPLETE,1,beta__auto-stats-stat-medium-label__f.mut
f,beta,auto-stats-stat-low-label,tag_mov_container_mut,COMPLETE,1,beta__auto-stats-stat-low-label__f.mut
g,beta,board-title,tag_mov_html_mut,COMPLETE,2,beta__board-title__g.mut
g,beta,board-demo-badge,tag_mov_html_mut,COMPLETE,2,beta__board-demo-badge__g.mut
g,beta,board-hint-banner,tag_mov_html_mut,COMPLETE,2,beta__board-hint-banner__g.mut
g,beta,board-search,tag_mov_html_mut,COMPLETE,2,beta__board-search__g.mut
g,beta,board-search-label,tag_mov_html_mut,COMPLETE,2,beta__board-search-label__g.mut
g,beta,board-filter-priority,tag_mov_html_mut,COMPLETE,2,beta__board-filter-priority__g.mut
g,beta,board-priority-label,tag_mov_html_mut,COMPLETE,2,beta__board-priority-label__g.mut
g,beta,board-filter-assignee,tag_mov_html_mut,COMPLETE,2,beta__board-filter-assignee__g.mut
g,beta,board-assignee-label,tag_mov_html_mut,COMPLETE,2,beta__board-assignee-label__g.mut
g,beta,board-filtered-count,tag_mov_html_mut,COMPLETE,2,beta__board-filtered-count__g.mut
g,beta,board-matching-label,tag_mov_html_mut,COMPLETE,2,beta__board-matching-label__g.mut
g,beta,board-add-card,tag_mov_html_mut,COMPLETE,2,beta__board-add-card__g.mut
g,beta,board-reset,tag_mov_html_mut,COMPLETE,2,beta__board-reset__g.mut
g,beta,board-columns,tag_mov_html_mut,COMPLETE,2,beta__board-columns__g.mut
g,beta,board-column-title,tag_mov_html_mut,COMPLETE,2,beta__board-column-title__g.mut
g,beta,board-column-count,tag_mov_html_mut,COMPLETE,2,beta__board-column-count__g.mut
g,beta,header-total-badge,tag_mov_html_mut,COMPLETE,2,beta__header-total-badge__g.mut
g,beta,header-app-title,tag_mov_html_mut,COMPLETE,2,beta__header-app-title__g.mut
g,beta,header-app-tagline,tag_mov_html_mut,COMPLETE,2,beta__header-app-tagline__g.mut
g,beta,header-brand-icon,tag_mov_html_mut,COMPLETE,2,beta__header-brand-icon__g.mut
g,beta,header-nav-board,tag_mov_html_mut,COMPLETE,2,beta__header-nav-board__g.mut
g,beta,header-nav-stats,tag_mov_html_mut,COMPLETE,2,beta__header-nav-stats__g.mut
g,beta,card-root,tag_mov_html_mut,COMPLETE,2,beta__card-root__g.mut
g,beta,card-id,tag_mov_html_mut,COMPLETE,2,beta__card-id__g.mut
g,beta,card-title,tag_mov_html_mut,COMPLETE,2,beta__card-title__g.mut
g,beta,card-priority,tag_mov_html_mut,COMPLETE,2,beta__card-priority__g.mut
g,beta,card-assignee,tag_mov_html_mut,COMPLETE,2,beta__card-assignee__g.mut
g,beta,card-tags,tag_mov_html_mut,COMPLETE,2,beta__card-tags__g.mut
g,beta,card-move,tag_mov_html_mut,COMPLETE,2,beta__card-move__g.mut
g,beta,card-open,tag_mov_html_mut,COMPLETE,2,beta__card-open__g.mut
g,beta,card-edit,tag_mov_html_mut,COMPLETE,2,beta__card-edit__g.mut
g,beta,card-delete,tag_mov_html_mut,COMPLETE,2,beta__card-delete__g.mut
g,beta,column-card-list,tag_mov_html_mut,COMPLETE,2,beta__column-card-list__g.mut
g,beta,column-empty-message,tag_mov_html_mut,COMPLETE,2,beta__column-empty-message__g.mut
g,beta,form-root,tag_mov_html_mut,COMPLETE,2,beta__form-root__g.mut
g,beta,form-title,tag_mov_html_mut,COMPLETE,2,beta__form-title__g.mut
g,beta,form-title-label,tag_mov_html_mut,COMPLETE,2,beta__form-title-label__g.mut
g,beta,form-description,tag_mov_html_mut,COMPLETE,2,beta__form-description__g.mut
g,beta,form-priority,tag_mov_html_mut,COMPLETE,2,beta__form-priority__g.mut
g,beta,form-assignee,tag_mov_html_mut,COMPLETE,2,beta__form-assignee__g.mut
g,beta,form-column,tag_mov_html_mut,COMPLETE,2,beta__form-column__g.mut
g,beta,form-tags,tag_mov_html_mut,COMPLETE,2,beta__form-tags__g.mut
g,beta,form-submit,tag_mov_html_mut,COMPLETE,2,beta__form-submit__g.mut
g,beta,form-cancel,tag_mov_html_mut,COMPLETE,2,beta__form-cancel__g.mut
g,beta,form-back,tag_mov_html_mut,COMPLETE,2,beta__form-back__g.mut
g,beta,detail-title,tag_mov_html_mut,COMPLETE,2,beta__detail-title__g.mut
g,beta,detail-id,tag_mov_html_mut,COMPLETE,2,beta__detail-id__g.mut
g,beta,detail-priority,tag_mov_html_mut,COMPLETE,2,beta__detail-priority__g.mut
g,beta,detail-description,tag_mov_html_mut,COMPLETE,2,beta__detail-description__g.mut
g,beta,detail-assignee,tag_mov_html_mut,COMPLETE,2,beta__detail-assignee__g.mut
g,beta,detail-column,tag_mov_html_mut,COMPLETE,2,beta__detail-column__g.mut
g,beta,detail-tags,tag_mov_html_mut,COMPLETE,2,beta__detail-tags__g.mut
g,beta,detail-edit,tag_mov_html_mut,COMPLETE,2,beta__detail-edit__g.mut
g,beta,detail-delete,tag_mov_html_mut,COMPLETE,2,beta__detail-delete__g.mut
g,beta,detail-back,tag_mov_html_mut,COMPLETE,2,beta__detail-back__g.mut
g,beta,detail-page-title,tag_mov_html_mut,COMPLETE,2,beta__detail-page-title__g.mut
g,beta,stat-total,tag_mov_html_mut,COMPLETE,2,beta__stat-total__g.mut
g,beta,stat-backlog,tag_mov_html_mut,COMPLETE,2,beta__stat-backlog__g.mut
g,beta,stat-inprogress,tag_mov_html_mut,COMPLETE,2,beta__stat-inprogress__g.mut
g,beta,stat-review,tag_mov_html_mut,COMPLETE,2,beta__stat-review__g.mut
g,beta,stat-done,tag_mov_html_mut,COMPLETE,2,beta__stat-done__g.mut
g,beta,stat-high,tag_mov_html_mut,COMPLETE,2,beta__stat-high__g.mut
g,beta,stat-medium,tag_mov_html_mut,COMPLETE,2,beta__stat-medium__g.mut
g,beta,stat-low,tag_mov_html_mut,COMPLETE,2,beta__stat-low__g.mut
g,beta,stats-title,tag_mov_html_mut,COMPLETE,2,beta__stats-title__g.mut
g,beta,stats-table,tag_mov_html_mut,COMPLETE,2,beta__stats-table__g.mut
g,beta,stats-th-title,tag_mov_html_mut,COMPLETE,2,beta__stats-th-title__g.mut
g,beta,stat-row,tag_mov_html_mut,COMPLETE,2,beta__stat-row__g.mut
g,beta,footer-brand,tag_mov_html_mut,COMPLETE,2,beta__footer-brand__g.mut
g,beta,footer-note,tag_mov_html_mut,COMPLETE,2,beta__footer-note__g.mut
g,beta,footer-version,tag_mov_html_mut,COMPLETE,2,beta__footer-version__g.mut
g,beta,app-main,tag_mov_html_mut,COMPLETE,2,beta__app-main__g.mut
g,beta,toast-message,tag_mov_html_mut,COMPLETE,2,beta__toast-message__g.mut
g,beta,toast-label,tag_mov_html_mut,COMPLETE,2,beta__toast-label__g.mut
g,beta,auto-board-board,tag_mov_html_mut,COMPLETE,2,beta__auto-board-board__g.mut
g,beta,auto-board-board-intro,tag_mov_html_mut,COMPLETE,2,beta__auto-board-board-intro__g.mut
g,beta,auto-board-toolbar,tag_mov_html_mut,COMPLETE,2,beta__auto-board-toolbar__g.mut
g,beta,auto-board-column,tag_mov_html_mut,COMPLETE,2,beta__auto-board-column__g.mut
g,beta,auto-header-header,tag_mov_html_mut,COMPLETE,2,beta__auto-header-header__g.mut
g,beta,auto-header-header-stats,tag_mov_html_mut,COMPLETE,2,beta__auto-header-header-stats__g.mut
g,beta,auto-header-nav,tag_mov_html_mut,COMPLETE,2,beta__auto-header-nav__g.mut
g,beta,auto-card-form-card-form,tag_mov_html_mut,COMPLETE,2,beta__auto-card-form-card-form__g.mut
g,beta,auto-card-form-form-heading,tag_mov_html_mut,COMPLETE,2,beta__auto-card-form-form-heading__g.mut
g,beta,auto-card-form-form-field-title,tag_mov_html_mut,COMPLETE,2,beta__auto-card-form-form-field-title__g.mut
g,beta,auto-card-form-form-description-label,tag_mov_html_mut,COMPLETE,2,beta__auto-card-form-form-description-label__g.mut
g,beta,auto-card-form-form-field-priority,tag_mov_html_mut,COMPLETE,2,beta__auto-card-form-form-field-priority__g.mut
g,beta,auto-card-form-form-field-assignee,tag_mov_html_mut,COMPLETE,2,beta__auto-card-form-form-field-assignee__g.mut
g,beta,auto-card-form-form-assignee-label,tag_mov_html_mut,COMPLETE,2,beta__auto-card-form-form-assignee-label__g.mut
g,beta,auto-card-form-form-field-column,tag_mov_html_mut,COMPLETE,2,beta__auto-card-form-form-field-column__g.mut
g,beta,auto-card-form-form-column-label,tag_mov_html_mut,COMPLETE,2,beta__auto-card-form-form-column-label__g.mut
g,beta,auto-card-form-form-field-tags,tag_mov_html_mut,COMPLETE,2,beta__auto-card-form-form-field-tags__g.mut
g,beta,auto-card-form-form-tags-label,tag_mov_html_mut,COMPLETE,2,beta__auto-card-form-form-tags-label__g.mut
g,beta,auto-card-detail-card-detail,tag_mov_html_mut,COMPLETE,2,beta__auto-card-detail-card-detail__g.mut
g,beta,auto-card-detail-detail-heading,tag_mov_html_mut,COMPLETE,2,beta__auto-card-detail-detail-heading__g.mut
g,beta,auto-card-detail-detail-card,tag_mov_html_mut,COMPLETE,2,beta__auto-card-detail-detail-card__g.mut
g,beta,auto-card-detail-detail-description-label,tag_mov_html_mut,COMPLETE,2,beta__auto-card-detail-detail-description-label__g.mut
g,beta,auto-card-detail-detail-assignee-row,tag_mov_html_mut,COMPLETE,2,beta__auto-card-detail-detail-assignee-row__g.mut
g,beta,auto-card-detail-detail-tags-label,tag_mov_html_mut,COMPLETE,2,beta__auto-card-detail-detail-tags-label__g.mut
g,beta,auto-card-detail-detail-no-tags,tag_mov_html_mut,COMPLETE,2,beta__auto-card-detail-detail-no-tags__g.mut
g,beta,auto-card-detail-detail-actions,tag_mov_html_mut,COMPLETE,2,beta__auto-card-detail-detail-actions__g.mut
g,beta,auto-card-detail-detail-not-found-message,tag_mov_html_mut,COMPLETE,2,beta__auto-card-detail-detail-not-found-message__g.mut
g,beta,auto-card-detail-detail-not-found-back,tag_mov_html_mut,COMPLETE,2,beta__auto-card-detail-detail-not-found-back__g.mut
g,beta,auto-stats-stats,tag_mov_html_mut,COMPLETE,2,beta__auto-stats-stats__g.mut
g,beta,auto-stats-stats-back,tag_mov_html_mut,COMPLETE,2,beta__auto-stats-stats-back__g.mut
g,beta,auto-stats-stats-cards,tag_mov_html_mut,COMPLETE,2,beta__auto-stats-stats-cards__g.mut
g,beta,auto-stats-stat-total-label,tag_mov_html_mut,COMPLETE,2,beta__auto-stats-stat-total-label__g.mut
g,beta,auto-stats-stat-inprogress-label,tag_mov_html_mut,COMPLETE,2,beta__auto-stats-stat-inprogress-label__g.mut
g,beta,auto-stats-stat-review-label,tag_mov_html_mut,COMPLETE,2,beta__auto-stats-stat-review-label__g.mut
g,beta,auto-stats-stat-done-label,tag_mov_html_mut,COMPLETE,2,beta__auto-stats-stat-done-label__g.mut
g,beta,auto-stats-stat-high-label,tag_mov_html_mut,COMPLETE,2,beta__auto-stats-stat-high-label__g.mut
g,beta,auto-stats-stat-medium-label,tag_mov_html_mut,COMPLETE,2,beta__auto-stats-stat-medium-label__g.mut
g,beta,auto-stats-stat-low-label,tag_mov_html_mut,COMPLETE,2,beta__auto-stats-stat-low-label__g.mut
g,beta,auto-stats-stats-table-title,tag_mov_html_mut,COMPLETE,2,beta__auto-stats-stats-table-title__g.mut
g,beta,auto-stats-stats-th-id,tag_mov_html_mut,COMPLETE,2,beta__auto-stats-stats-th-id__g.mut
g,beta,auto-stats-stats-th-priority,tag_mov_html_mut,COMPLETE,2,beta__auto-stats-stats-th-priority__g.mut
g,beta,auto-stats-stats-th-assignee,tag_mov_html_mut,COMPLETE,2,beta__auto-stats-stats-th-assignee__g.mut
g,beta,auto-stats-stats-empty,tag_mov_html_mut,COMPLETE,2,beta__auto-stats-stats-empty__g.mut
g,beta,auto-app-app,tag_mov_html_mut,COMPLETE,2,beta__auto-app-app__g.mut
g,beta,auto-toast-toast-bar,tag_mov_html_mut,COMPLETE,2,beta__auto-toast-toast-bar__g.mut
g,beta,auto-toast-toast-icon,tag_mov_html_mut,COMPLETE,2,beta__auto-toast-toast-icon__g.mut
h,beta,board-title,tag_mov_temp_mut,COMPLETE,2,beta__board-title__h.mut
h,beta,board-demo-badge,tag_mov_temp_mut,COMPLETE,2,beta__board-demo-badge__h.mut
h,beta,board-hint-banner,tag_mov_temp_mut,COMPLETE,2,beta__board-hint-banner__h.mut
h,beta,board-search,tag_mov_temp_mut,COMPLETE,2,beta__board-search__h.mut
h,beta,board-search-label,tag_mov_temp_mut,COMPLETE,2,beta__board-search-label__h.mut
h,beta,board-filter-priority,tag_mov_temp_mut,COMPLETE,2,beta__board-filter-priority__h.mut
h,beta,board-priority-label,tag_mov_temp_mut,COMPLETE,2,beta__board-priority-label__h.mut
h,beta,board-filter-assignee,tag_mov_temp_mut,COMPLETE,2,beta__board-filter-assignee__h.mut
h,beta,board-assignee-label,tag_mov_temp_mut,COMPLETE,2,beta__board-assignee-label__h.mut
h,beta,board-filtered-count,tag_mov_temp_mut,COMPLETE,2,beta__board-filtered-count__h.mut
h,beta,board-matching-label,tag_mov_temp_mut,COMPLETE,2,beta__board-matching-label__h.mut
h,beta,board-add-card,tag_mov_temp_mut,COMPLETE,2,beta__board-add-card__h.mut
h,beta,board-reset,tag_mov_temp_mut,COMPLETE,2,beta__board-reset__h.mut
h,beta,board-columns,tag_mov_temp_mut,COMPLETE,2,beta__board-columns__h.mut
h,beta,board-column-title,tag_mov_temp_mut,COMPLETE,2,beta__board-column-title__h.mut
h,beta,board-column-count,tag_mov_temp_mut,COMPLETE,2,beta__board-column-count__h.mut
h,beta,header-total-badge,tag_mov_temp_mut,COMPLETE,2,beta__header-total-badge__h.mut
h,beta,header-app-title,tag_mov_temp_mut,COMPLETE,2,beta__header-app-title__h.mut
h,beta,header-app-tagline,tag_mov_temp_mut,COMPLETE,2,beta__header-app-tagline__h.mut
h,beta,header-brand-icon,tag_mov_temp_mut,COMPLETE,2,beta__header-brand-icon__h.mut
h,beta,header-nav-board,tag_mov_temp_mut,COMPLETE,2,beta__header-nav-board__h.mut
h,beta,header-nav-stats,tag_mov_temp_mut,COMPLETE,2,beta__header-nav-stats__h.mut
h,beta,card-root,tag_mov_temp_mut,COMPLETE,2,beta__card-root__h.mut
h,beta,card-id,tag_mov_temp_mut,COMPLETE,2,beta__card-id__h.mut
h,beta,card-title,tag_mov_temp_mut,COMPLETE,2,beta__card-title__h.mut
h,beta,card-priority,tag_mov_temp_mut,COMPLETE,2,beta__card-priority__h.mut
h,beta,card-assignee,tag_mov_temp_mut,COMPLETE,2,beta__card-assignee__h.mut
h,beta,card-tags,tag_mov_temp_mut,COMPLETE,2,beta__card-tags__h.mut
h,beta,card-move,tag_mov_temp_mut,COMPLETE,2,beta__card-move__h.mut
h,beta,card-open,tag_mov_temp_mut,COMPLETE,2,beta__card-open__h.mut
h,beta,card-edit,tag_mov_temp_mut,COMPLETE,2,beta__card-edit__h.mut
h,beta,card-delete,tag_mov_temp_mut,COMPLETE,2,beta__card-delete__h.mut
h,beta,column-card-list,tag_mov_temp_mut,COMPLETE,2,beta__column-card-list__h.mut
h,beta,column-empty-message,tag_mov_temp_mut,COMPLETE,2,beta__column-empty-message__h.mut
h,beta,form-root,tag_mov_temp_mut,COMPLETE,2,beta__form-root__h.mut
h,beta,form-title,tag_mov_temp_mut,COMPLETE,2,beta__form-title__h.mut
h,beta,form-title-label,tag_mov_temp_mut,COMPLETE,2,beta__form-title-label__h.mut
h,beta,form-description,tag_mov_temp_mut,COMPLETE,2,beta__form-description__h.mut
h,beta,form-priority,tag_mov_temp_mut,COMPLETE,2,beta__form-priority__h.mut
h,beta,form-assignee,tag_mov_temp_mut,COMPLETE,2,beta__form-assignee__h.mut
h,beta,form-column,tag_mov_temp_mut,COMPLETE,2,beta__form-column__h.mut
h,beta,form-tags,tag_mov_temp_mut,COMPLETE,2,beta__form-tags__h.mut
h,beta,form-submit,tag_mov_temp_mut,COMPLETE,2,beta__form-submit__h.mut
h,beta,form-cancel,tag_mov_temp_mut,COMPLETE,2,beta__form-cancel__h.mut
h,beta,form-back,tag_mov_temp_mut,COMPLETE,2,beta__form-back__h.mut
h,beta,form-actions,tag_mov_temp_mut,COMPLETE,2,beta__form-actions__h.mut
h,beta,detail-title,tag_mov_temp_mut,COMPLETE,2,beta__detail-title__h.mut
h,beta,detail-id,tag_mov_temp_mut,COMPLETE,2,beta__detail-id__h.mut
h,beta,detail-priority,tag_mov_temp_mut,COMPLETE,2,beta__detail-priority__h.mut
h,beta,detail-description,tag_mov_temp_mut,COMPLETE,2,beta__detail-description__h.mut
h,beta,detail-assignee,tag_mov_temp_mut,COMPLETE,2,beta__detail-assignee__h.mut
h,beta,detail-column,tag_mov_temp_mut,COMPLETE,2,beta__detail-column__h.mut
h,beta,detail-tags,tag_mov_temp_mut,COMPLETE,2,beta__detail-tags__h.mut
h,beta,detail-edit,tag_mov_temp_mut,COMPLETE,2,beta__detail-edit__h.mut
h,beta,detail-delete,tag_mov_temp_mut,COMPLETE,2,beta__detail-delete__h.mut
h,beta,detail-back,tag_mov_temp_mut,COMPLETE,2,beta__detail-back__h.mut
h,beta,detail-page-title,tag_mov_temp_mut,COMPLETE,2,beta__detail-page-title__h.mut
h,beta,stat-total,tag_mov_temp_mut,COMPLETE,2,beta__stat-total__h.mut
h,beta,stat-backlog,tag_mov_temp_mut,COMPLETE,2,beta__stat-backlog__h.mut
h,beta,stat-inprogress,tag_mov_temp_mut,COMPLETE,2,beta__stat-inprogress__h.mut
h,beta,stat-review,tag_mov_temp_mut,COMPLETE,2,beta__stat-review__h.mut
h,beta,stat-done,tag_mov_temp_mut,COMPLETE,2,beta__stat-done__h.mut
h,beta,stat-high,tag_mov_temp_mut,COMPLETE,2,beta__stat-high__h.mut
h,beta,stat-medium,tag_mov_temp_mut,COMPLETE,2,beta__stat-medium__h.mut
h,beta,stat-low,tag_mov_temp_mut,COMPLETE,2,beta__stat-low__h.mut
h,beta,stats-title,tag_mov_temp_mut,COMPLETE,2,beta__stats-title__h.mut
h,beta,stats-table,tag_mov_temp_mut,COMPLETE,2,beta__stats-table__h.mut
h,beta,stats-th-title,tag_mov_temp_mut,COMPLETE,2,beta__stats-th-title__h.mut
h,beta,stat-row,tag_mov_temp_mut,COMPLETE,2,beta__stat-row__h.mut
h,beta,footer-brand,tag_mov_temp_mut,COMPLETE,2,beta__footer-brand__h.mut
h,beta,footer-note,tag_mov_temp_mut,COMPLETE,2,beta__footer-note__h.mut
h,beta,footer-version,tag_mov_temp_mut,COMPLETE,2,beta__footer-version__h.mut
h,beta,app-main,tag_mov_temp_mut,COMPLETE,2,beta__app-main__h.mut
h,beta,toast-message,tag_mov_temp_mut,COMPLETE,2,beta__toast-message__h.mut
h,beta,toast-label,tag_mov_temp_mut,COMPLETE,2,beta__toast-label__h.mut
h,beta,auto-board-board,tag_mov_temp_mut,COMPLETE,2,beta__auto-board-board__h.mut
h,beta,auto-board-board-intro,tag_mov_temp_mut,COMPLETE,2,beta__auto-board-board-intro__h.mut
h,beta,auto-board-toolbar,tag_mov_temp_mut,COMPLETE,2,beta__auto-board-toolbar__h.mut
h,beta,auto-board-toolbar-search,tag_mov_temp_mut,COMPLETE,2,beta__auto-board-toolbar-search__h.mut
h,beta,auto-board-toolbar-priority,tag_mov_temp_mut,COMPLETE,2,beta__auto-board-toolbar-priority__h.mut
h,beta,auto-board-toolbar-assignee,tag_mov_temp_mut,COMPLETE,2,beta__auto-board-toolbar-assignee__h.mut
h,beta,auto-board-toolbar-info,tag_mov_temp_mut,COMPLETE,2,beta__auto-board-toolbar-info__h.mut
h,beta,auto-board-toolbar-actions,tag_mov_temp_mut,COMPLETE,2,beta__auto-board-toolbar-actions__h.mut
h,beta,auto-board-column,tag_mov_temp_mut,COMPLETE,2,beta__auto-board-column__h.mut
h,beta,auto-header-header,tag_mov_temp_mut,COMPLETE,2,beta__auto-header-header__h.mut
h,beta,auto-header-brand,tag_mov_temp_mut,COMPLETE,2,beta__auto-header-brand__h.mut
h,beta,auto-header-header-stats,tag_mov_temp_mut,COMPLETE,2,beta__auto-header-header-stats__h.mut
h,beta,auto-header-total-label,tag_mov_temp_mut,COMPLETE,2,beta__auto-header-total-label__h.mut
h,beta,auto-header-nav,tag_mov_temp_mut,COMPLETE,2,beta__auto-header-nav__h.mut
h,beta,auto-card-form-card-form,tag_mov_temp_mut,COMPLETE,2,beta__auto-card-form-card-form__h.mut
h,beta,auto-card-form-form-heading,tag_mov_temp_mut,COMPLETE,2,beta__auto-card-form-form-heading__h.mut
h,beta,auto-card-form-form-title-edit,tag_mov_temp_mut,COMPLETE,2,beta__auto-card-form-form-title-edit__h.mut
h,beta,auto-card-form-form-title-new,tag_mov_temp_mut,COMPLETE,2,beta__auto-card-form-form-title-new__h.mut
h,beta,auto-card-form-form-field-title,tag_mov_temp_mut,COMPLETE,2,beta__auto-card-form-form-field-title__h.mut
h,beta,auto-card-form-form-description-label,tag_mov_temp_mut,COMPLETE,2,beta__auto-card-form-form-description-label__h.mut
h,beta,auto-card-form-form-field-priority,tag_mov_temp_mut,COMPLETE,2,beta__auto-card-form-form-field-priority__h.mut
h,beta,auto-card-form-form-priority-label,tag_mov_temp_mut,COMPLETE,2,beta__auto-card-form-form-priority-label__h.mut
h,beta,auto-card-form-form-field-assignee,tag_mov_temp_mut,COMPLETE,2,beta__auto-card-form-form-field-assignee__h.mut
h,beta,auto-card-form-form-assignee-label,tag_mov_temp_mut,COMPLETE,2,beta__auto-card-form-form-assignee-label__h.mut
h,beta,auto-card-form-form-field-column,tag_mov_temp_mut,COMPLETE,2,beta__auto-card-form-form-field-column__h.mut
h,beta,auto-card-form-form-column-label,tag_mov_temp_mut,COMPLETE,2,beta__auto-card-form-form-column-label__h.mut
h,beta,auto-card-form-form-field-tags,tag_mov_temp_mut,COMPLETE,2,beta__auto-card-form-form-field-tags__h.mut
h,beta,auto-card-detail-card-detail,tag_mov_temp_mut,COMPLETE,2,beta__auto-card-detail-card-detail__h.mut
h,beta,auto-card-detail-detail-heading,tag_mov_temp_mut,COMPLETE,2,beta__auto-card-detail-detail-heading__h.mut
h,beta,auto-card-detail-detail-card,tag_mov_temp_mut,COMPLETE,2,beta__auto-card-detail-detail-card__h.mut
h,beta,auto-card-detail-detail-description-row,tag_mov_temp_mut,COMPLETE,2,beta__auto-card-detail-detail-description-row__h.mut
h,beta,auto-card-detail-detail-description-label,tag_mov_temp_mut,COMPLETE,2,beta__auto-card-detail-detail-description-label__h.mut
h,beta,auto-card-detail-detail-assignee-row,tag_mov_temp_mut,COMPLETE,2,beta__auto-card-detail-detail-assignee-row__h.mut
h,beta,auto-card-detail-detail-assignee-label,tag_mov_temp_mut,COMPLETE,2,beta__auto-card-detail-detail-assignee-label__h.mut
h,beta,auto-card-detail-detail-column-row,tag_mov_temp_mut,COMPLETE,2,beta__auto-card-detail-detail-column-row__h.mut
h,beta,auto-card-detail-detail-column-label,tag_mov_temp_mut,COMPLETE,2,beta__auto-card-detail-detail-column-label__h.mut
h,beta,auto-card-detail-detail-tags-label,tag_mov_temp_mut,COMPLETE,2,beta__auto-card-detail-detail-tags-label__h.mut
h,beta,auto-card-detail-detail-no-tags,tag_mov_temp_mut,COMPLETE,2,beta__auto-card-detail-detail-no-tags__h.mut
h,beta,auto-card-detail-detail-actions,tag_mov_temp_mut,COMPLETE,2,beta__auto-card-detail-detail-actions__h.mut
h,beta,auto-card-detail-detail-not-found-message,tag_mov_temp_mut,COMPLETE,2,beta__auto-card-detail-detail-not-found-message__h.mut
h,beta,auto-card-detail-detail-not-found-back,tag_mov_temp_mut,COMPLETE,2,beta__auto-card-detail-detail-not-found-back__h.mut
h,beta,auto-stats-stats,tag_mov_temp_mut,COMPLETE,2,beta__auto-stats-stats__h.mut
h,beta,auto-stats-stats-heading,tag_mov_temp_mut,COMPLETE,2,beta__auto-stats-stats-heading__h.mut
h,beta,auto-stats-stats-back,tag_mov_temp_mut,COMPLETE,2,beta__auto-stats-stats-back__h.mut
h,beta,auto-stats-stats-cards,tag_mov_temp_mut,COMPLETE,2,beta__auto-stats-stats-cards__h.mut
h,beta,auto-stats-stat-total-label,tag_mov_temp_mut,COMPLETE,2,beta__auto-stats-stat-total-label__h.mut
h,beta,auto-stats-stat-backlog-card,tag_mov_temp_mut,COMPLETE,2,beta__auto-stats-stat-backlog-card__h.mut
h,beta,auto-stats-stat-backlog-label,tag_mov_temp_mut,COMPLETE,2,beta__auto-stats-stat-backlog-label__h.mut
h,beta,auto-stats-stat-inprogress-card,tag_mov_temp_mut,COMPLETE,2,beta__auto-stats-stat-inprogress-card__h.mut
h,beta,auto-stats-stat-inprogress-label,tag_mov_temp_mut,COMPLETE,2,beta__auto-stats-stat-inprogress-label__h.mut
h,beta,auto-stats-stat-review-card,tag_mov_temp_mut,COMPLETE,2,beta__auto-stats-stat-review-card__h.mut
h,beta,auto-stats-stat-review-label,tag_mov_temp_mut,COMPLETE,2,beta__auto-stats-stat-review-label__h.mut
h,beta,auto-stats-stat-done-card,tag_mov_temp_mut,COMPLETE,2,beta__auto-stats-stat-done-card__h.mut
h,beta,auto-stats-stat-done-label,tag_mov_temp_mut,COMPLETE,2,beta__auto-stats-stat-done-label__h.mut
h,beta,auto-stats-stat-high-card,tag_mov_temp_mut,COMPLETE,2,beta__auto-stats-stat-high-card__h.mut
h,beta,auto-stats-stat-high-label,tag_mov_temp_mut,COMPLETE,2,beta__auto-stats-stat-high-label__h.mut
h,beta,auto-stats-stat-medium-card,tag_mov_temp_mut,COMPLETE,2,beta__auto-stats-stat-medium-card__h.mut
h,beta,auto-stats-stat-medium-label,tag_mov_temp_mut,COMPLETE,2,beta__auto-stats-stat-medium-label__h.mut
h,beta,auto-stats-stat-low-card,tag_mov_temp_mut,COMPLETE,2,beta__auto-stats-stat-low-card__h.mut
h,beta,auto-stats-stat-low-label,tag_mov_temp_mut,COMPLETE,2,beta__auto-stats-stat-low-label__h.mut
h,beta,auto-stats-stats-table-section,tag_mov_temp_mut,COMPLETE,2,beta__auto-stats-stats-table-section__h.mut
h,beta,auto-stats-stats-table-title,tag_mov_temp_mut,COMPLETE,2,beta__auto-stats-stats-table-title__h.mut
h,beta,auto-stats-stats-th-id,tag_mov_temp_mut,COMPLETE,2,beta__auto-stats-stats-th-id__h.mut
h,beta,auto-stats-stats-th-priority,tag_mov_temp_mut,COMPLETE,2,beta__auto-stats-stats-th-priority__h.mut
h,beta,auto-stats-stats-th-assignee,tag_mov_temp_mut,COMPLETE,2,beta__auto-stats-stats-th-assignee__h.mut
h,beta,auto-stats-stats-th-column,tag_mov_temp_mut,COMPLETE,2,beta__auto-stats-stats-th-column__h.mut
h,beta,auto-stats-stats-empty,tag_mov_temp_mut,COMPLETE,2,beta__auto-stats-stats-empty__h.mut
h,beta,auto-app-app,tag_mov_temp_mut,COMPLETE,2,beta__auto-app-app__h.mut
h,beta,auto-app-footer,tag_mov_temp_mut,COMPLETE,2,beta__auto-app-footer__h.mut
h,beta,auto-toast-toast-bar,tag_mov_temp_mut,COMPLETE,2,beta__auto-toast-toast-bar__h.mut
h,beta,auto-toast-toast-icon,tag_mov_temp_mut,COMPLETE,2,beta__auto-toast-toast-icon__h.mut
i,beta,board-title,tag_rem_mut,COMPLETE,1,beta__board-title__i.mut
i,beta,board-search,tag_rem_mut,COMPLETE,1,beta__board-search__i.mut
i,beta,board-filter-priority,tag_rem_mut,COMPLETE,1,beta__board-filter-priority__i.mut
i,beta,board-filter-assignee,tag_rem_mut,COMPLETE,1,beta__board-filter-assignee__i.mut
i,beta,board-filtered-count,tag_rem_mut,COMPLETE,1,beta__board-filtered-count__i.mut
i,beta,board-add-card,tag_rem_mut,COMPLETE,1,beta__board-add-card__i.mut
i,beta,board-column-title,tag_rem_mut,COMPLETE,1,beta__board-column-title__i.mut
i,beta,header-total-badge,tag_rem_mut,COMPLETE,1,beta__header-total-badge__i.mut
i,beta,header-app-title,tag_rem_mut,COMPLETE,1,beta__header-app-title__i.mut
i,beta,header-nav-board,tag_rem_mut,COMPLETE,1,beta__header-nav-board__i.mut
i,beta,card-id,tag_rem_mut,COMPLETE,1,beta__card-id__i.mut
i,beta,card-title,tag_rem_mut,COMPLETE,1,beta__card-title__i.mut
i,beta,card-assignee,tag_rem_mut,COMPLETE,1,beta__card-assignee__i.mut
i,beta,card-move,tag_rem_mut,COMPLETE,1,beta__card-move__i.mut
i,beta,column-empty-message,tag_rem_mut,COMPLETE,1,beta__column-empty-message__i.mut
i,beta,form-root,tag_rem_mut,COMPLETE,1,beta__form-root__i.mut
i,beta,form-title,tag_rem_mut,COMPLETE,1,beta__form-title__i.mut
i,beta,form-description,tag_rem_mut,COMPLETE,1,beta__form-description__i.mut
i,beta,form-priority,tag_rem_mut,COMPLETE,1,beta__form-priority__i.mut
i,beta,form-assignee,tag_rem_mut,COMPLETE,1,beta__form-assignee__i.mut
i,beta,form-column,tag_rem_mut,COMPLETE,1,beta__form-column__i.mut
i,beta,form-tags,tag_rem_mut,COMPLETE,1,beta__form-tags__i.mut
i,beta,form-submit,tag_rem_mut,COMPLETE,1,beta__form-submit__i.mut
i,beta,detail-title,tag_rem_mut,COMPLETE,1,beta__detail-title__i.mut
i,beta,detail-description,tag_rem_mut,COMPLETE,1,beta__detail-description__i.mut
i,beta,detail-assignee,tag_rem_mut,COMPLETE,1,beta__detail-assignee__i.mut
i,beta,detail-column,tag_rem_mut,COMPLETE,1,beta__detail-column__i.mut
i,beta,detail-tags,tag_rem_mut,COMPLETE,1,beta__detail-tags__i.mut
i,beta,detail-edit,tag_rem_mut,COMPLETE,1,beta__detail-edit__i.mut
i,beta,detail-back,tag_rem_mut,COMPLETE,1,beta__detail-back__i.mut
i,beta,stat-total,tag_rem_mut,COMPLETE,1,beta__stat-total__i.mut
i,beta,stat-backlog,tag_rem_mut,COMPLETE,1,beta__stat-backlog__i.mut
i,beta,stat-inprogress,tag_rem_mut,COMPLETE,1,beta__stat-inprogress__i.mut
i,beta,stat-review,tag_rem_mut,COMPLETE,1,beta__stat-review__i.mut
i,beta,stat-done,tag_rem_mut,COMPLETE,1,beta__stat-done__i.mut
i,beta,stat-high,tag_rem_mut,COMPLETE,1,beta__stat-high__i.mut
i,beta,stat-medium,tag_rem_mut,COMPLETE,1,beta__stat-medium__i.mut
i,beta,stat-low,tag_rem_mut,COMPLETE,1,beta__stat-low__i.mut
i,beta,stats-title,tag_rem_mut,COMPLETE,1,beta__stats-title__i.mut
i,beta,stats-th-title,tag_rem_mut,COMPLETE,1,beta__stats-th-title__i.mut
i,beta,stat-row,tag_rem_mut,COMPLETE,1,beta__stat-row__i.mut
i,beta,footer-brand,tag_rem_mut,COMPLETE,1,beta__footer-brand__i.mut
i,beta,toast-message,tag_rem_mut,COMPLETE,1,beta__toast-message__i.mut
j,beta,board-title,tag_type_mod_mut,COMPLETE,1,beta__board-title__j.mut
j,beta,board-search,tag_type_mod_mut,COMPLETE,1,beta__board-search__j.mut
j,beta,board-filter-priority,tag_type_mod_mut,COMPLETE,1,beta__board-filter-priority__j.mut
j,beta,board-filter-assignee,tag_type_mod_mut,COMPLETE,1,beta__board-filter-assignee__j.mut
j,beta,board-filtered-count,tag_type_mod_mut,COMPLETE,1,beta__board-filtered-count__j.mut
j,beta,board-add-card,tag_type_mod_mut,COMPLETE,1,beta__board-add-card__j.mut
j,beta,board-column-title,tag_type_mod_mut,COMPLETE,1,beta__board-column-title__j.mut
j,beta,header-total-badge,tag_type_mod_mut,COMPLETE,1,beta__header-total-badge__j.mut
j,beta,header-app-title,tag_type_mod_mut,COMPLETE,1,beta__header-app-title__j.mut
j,beta,header-nav-board,tag_type_mod_mut,COMPLETE,1,beta__header-nav-board__j.mut
j,beta,card-id,tag_type_mod_mut,COMPLETE,1,beta__card-id__j.mut
j,beta,card-title,tag_type_mod_mut,COMPLETE,1,beta__card-title__j.mut
j,beta,card-assignee,tag_type_mod_mut,COMPLETE,1,beta__card-assignee__j.mut
j,beta,card-move,tag_type_mod_mut,COMPLETE,1,beta__card-move__j.mut
j,beta,column-empty-message,tag_type_mod_mut,COMPLETE,1,beta__column-empty-message__j.mut
j,beta,form-root,tag_type_mod_mut,COMPLETE,1,beta__form-root__j.mut
j,beta,form-title,tag_type_mod_mut,COMPLETE,1,beta__form-title__j.mut
j,beta,form-description,tag_type_mod_mut,COMPLETE,1,beta__form-description__j.mut
j,beta,form-priority,tag_type_mod_mut,COMPLETE,1,beta__form-priority__j.mut
j,beta,form-assignee,tag_type_mod_mut,COMPLETE,1,beta__form-assignee__j.mut
j,beta,form-column,tag_type_mod_mut,COMPLETE,1,beta__form-column__j.mut
j,beta,form-tags,tag_type_mod_mut,COMPLETE,1,beta__form-tags__j.mut
j,beta,form-submit,tag_type_mod_mut,COMPLETE,1,beta__form-submit__j.mut
j,beta,detail-title,tag_type_mod_mut,COMPLETE,1,beta__detail-title__j.mut
j,beta,detail-description,tag_type_mod_mut,COMPLETE,1,beta__detail-description__j.mut
j,beta,detail-assignee,tag_type_mod_mut,COMPLETE,1,beta__detail-assignee__j.mut
j,beta,detail-column,tag_type_mod_mut,COMPLETE,1,beta__detail-column__j.mut
j,beta,detail-tags,tag_type_mod_mut,COMPLETE,1,beta__detail-tags__j.mut
j,beta,detail-edit,tag_type_mod_mut,COMPLETE,1,beta__detail-edit__j.mut
j,beta,detail-back,tag_type_mod_mut,COMPLETE,1,beta__detail-back__j.mut
j,beta,stat-total,tag_type_mod_mut,COMPLETE,1,beta__stat-total__j.mut
j,beta,stat-backlog,tag_type_mod_mut,COMPLETE,1,beta__stat-backlog__j.mut
j,beta,stat-inprogress,tag_type_mod_mut,COMPLETE,1,beta__stat-inprogress__j.mut
j,beta,stat-review,tag_type_mod_mut,COMPLETE,1,beta__stat-review__j.mut
j,beta,stat-done,tag_type_mod_mut,COMPLETE,1,beta__stat-done__j.mut
j,beta,stat-high,tag_type_mod_mut,COMPLETE,1,beta__stat-high__j.mut
j,beta,stat-medium,tag_type_mod_mut,COMPLETE,1,beta__stat-medium__j.mut
j,beta,stat-low,tag_type_mod_mut,COMPLETE,1,beta__stat-low__j.mut
j,beta,stats-title,tag_type_mod_mut,COMPLETE,1,beta__stats-title__j.mut
j,beta,stats-th-title,tag_type_mod_mut,COMPLETE,1,beta__stats-th-title__j.mut
j,beta,stat-row,tag_type_mod_mut,COMPLETE,1,beta__stat-row__j.mut
j,beta,footer-brand,tag_type_mod_mut,COMPLETE,1,beta__footer-brand__j.mut
j,beta,toast-message,tag_type_mod_mut,COMPLETE,1,beta__toast-message__j.mut
k,beta,board-title,tag_ins_mut,COMPLETE,1,beta__board-title__k.mut
k,beta,board-search,tag_ins_mut,COMPLETE,1,beta__board-search__k.mut
k,beta,board-filter-priority,tag_ins_mut,COMPLETE,1,beta__board-filter-priority__k.mut
k,beta,board-filter-assignee,tag_ins_mut,COMPLETE,1,beta__board-filter-assignee__k.mut
k,beta,board-filtered-count,tag_ins_mut,COMPLETE,1,beta__board-filtered-count__k.mut
k,beta,board-add-card,tag_ins_mut,COMPLETE,1,beta__board-add-card__k.mut
k,beta,board-column-title,tag_ins_mut,COMPLETE,1,beta__board-column-title__k.mut
k,beta,header-total-badge,tag_ins_mut,COMPLETE,1,beta__header-total-badge__k.mut
k,beta,header-app-title,tag_ins_mut,COMPLETE,1,beta__header-app-title__k.mut
k,beta,header-nav-board,tag_ins_mut,COMPLETE,1,beta__header-nav-board__k.mut
k,beta,card-id,tag_ins_mut,COMPLETE,1,beta__card-id__k.mut
k,beta,card-title,tag_ins_mut,COMPLETE,1,beta__card-title__k.mut
k,beta,card-assignee,tag_ins_mut,COMPLETE,1,beta__card-assignee__k.mut
k,beta,card-move,tag_ins_mut,COMPLETE,1,beta__card-move__k.mut
k,beta,column-empty-message,tag_ins_mut,COMPLETE,1,beta__column-empty-message__k.mut
k,beta,form-root,tag_ins_mut,COMPLETE,1,beta__form-root__k.mut
k,beta,form-title,tag_ins_mut,COMPLETE,1,beta__form-title__k.mut
k,beta,form-description,tag_ins_mut,COMPLETE,1,beta__form-description__k.mut
k,beta,form-priority,tag_ins_mut,COMPLETE,1,beta__form-priority__k.mut
k,beta,form-assignee,tag_ins_mut,COMPLETE,1,beta__form-assignee__k.mut
k,beta,form-column,tag_ins_mut,COMPLETE,1,beta__form-column__k.mut
k,beta,form-tags,tag_ins_mut,COMPLETE,1,beta__form-tags__k.mut
k,beta,form-submit,tag_ins_mut,COMPLETE,1,beta__form-submit__k.mut
k,beta,detail-title,tag_ins_mut,COMPLETE,1,beta__detail-title__k.mut
k,beta,detail-description,tag_ins_mut,COMPLETE,1,beta__detail-description__k.mut
k,beta,detail-assignee,tag_ins_mut,COMPLETE,1,beta__detail-assignee__k.mut
k,beta,detail-column,tag_ins_mut,COMPLETE,1,beta__detail-column__k.mut
k,beta,detail-tags,tag_ins_mut,COMPLETE,1,beta__detail-tags__k.mut
k,beta,detail-edit,tag_ins_mut,COMPLETE,1,beta__detail-edit__k.mut
k,beta,detail-back,tag_ins_mut,COMPLETE,1,beta__detail-back__k.mut
k,beta,stat-total,tag_ins_mut,COMPLETE,1,beta__stat-total__k.mut
k,beta,stat-backlog,tag_ins_mut,COMPLETE,1,beta__stat-backlog__k.mut
k,beta,stat-inprogress,tag_ins_mut,COMPLETE,1,beta__stat-inprogress__k.mut
k,beta,stat-review,tag_ins_mut,COMPLETE,1,beta__stat-review__k.mut
k,beta,stat-done,tag_ins_mut,COMPLETE,1,beta__stat-done__k.mut
k,beta,stat-high,tag_ins_mut,COMPLETE,1,beta__stat-high__k.mut
k,beta,stat-medium,tag_ins_mut,COMPLETE,1,beta__stat-medium__k.mut
k,beta,stat-low,tag_ins_mut,COMPLETE,1,beta__stat-low__k.mut
k,beta,stats-title,tag_ins_mut,COMPLETE,1,beta__stats-title__k.mut
k,beta,stats-th-title,tag_ins_mut,COMPLETE,1,beta__stats-th-title__k.mut
k,beta,stat-row,tag_ins_mut,COMPLETE,1,beta__stat-row__k.mut
k,beta,footer-brand,tag_ins_mut,COMPLETE,1,beta__footer-brand__k.mut
k,beta,toast-message,tag_ins_mut,COMPLETE,1,beta__toast-message__k.mut
a,delta,board-title,attr_val_mod_mut,COMPLETE,1,delta__board-title__a.mut
a,delta,board-search,attr_val_mod_mut,COMPLETE,1,delta__board-search__a.mut
a,delta,board-search-label,attr_val_mod_mut,COMPLETE,1,delta__board-search-label__a.mut
a,delta,board-filter-priority,attr_val_mod_mut,COMPLETE,1,delta__board-filter-priority__a.mut
a,delta,board-priority-label,attr_val_mod_mut,COMPLETE,1,delta__board-priority-label__a.mut
a,delta,board-filter-assignee,attr_val_mod_mut,COMPLETE,1,delta__board-filter-assignee__a.mut
a,delta,board-add-card,attr_val_mod_mut,COMPLETE,1,delta__board-add-card__a.mut
a,delta,board-column-title,attr_val_mod_mut,COMPLETE,1,delta__board-column-title__a.mut
a,delta,header-nav-board,attr_val_mod_mut,COMPLETE,1,delta__header-nav-board__a.mut
a,delta,header-nav-stats,attr_val_mod_mut,COMPLETE,1,delta__header-nav-stats__a.mut
a,delta,card-id,attr_val_mod_mut,COMPLETE,1,delta__card-id__a.mut
a,delta,card-assignee,attr_val_mod_mut,COMPLETE,1,delta__card-assignee__a.mut
a,delta,card-tags,attr_val_mod_mut,COMPLETE,1,delta__card-tags__a.mut
a,delta,card-edit,attr_val_mod_mut,COMPLETE,1,delta__card-edit__a.mut
a,delta,form-title,attr_val_mod_mut,COMPLETE,1,delta__form-title__a.mut
a,delta,form-description,attr_val_mod_mut,COMPLETE,1,delta__form-description__a.mut
a,delta,form-priority,attr_val_mod_mut,COMPLETE,1,delta__form-priority__a.mut
a,delta,form-assignee,attr_val_mod_mut,COMPLETE,1,delta__form-assignee__a.mut
a,delta,form-column,attr_val_mod_mut,COMPLETE,1,delta__form-column__a.mut
a,delta,form-tags,attr_val_mod_mut,COMPLETE,1,delta__form-tags__a.mut
a,delta,form-submit,attr_val_mod_mut,COMPLETE,1,delta__form-submit__a.mut
a,delta,detail-title,attr_val_mod_mut,COMPLETE,1,delta__detail-title__a.mut
a,delta,detail-edit,attr_val_mod_mut,COMPLETE,1,delta__detail-edit__a.mut
a,delta,stats-title,attr_val_mod_mut,COMPLETE,1,delta__stats-title__a.mut
a,delta,auto-board-column,attr_val_mod_mut,COMPLETE,1,delta__auto-board-column__a.mut
a,delta,auto-card-form-form-description-label,attr_val_mod_mut,COMPLETE,1,delta__auto-card-form-form-description-label__a.mut
a,delta,auto-card-form-form-assignee-label,attr_val_mod_mut,COMPLETE,1,delta__auto-card-form-form-assignee-label__a.mut
a,delta,auto-card-form-form-column-label,attr_val_mod_mut,COMPLETE,1,delta__auto-card-form-form-column-label__a.mut
a,delta,auto-card-form-form-tags-label,attr_val_mod_mut,COMPLETE,1,delta__auto-card-form-form-tags-label__a.mut
a,delta,auto-card-detail-detail-no-tags,attr_val_mod_mut,COMPLETE,1,delta__auto-card-detail-detail-no-tags__a.mut
a,delta,auto-card-detail-detail-not-found-message,attr_val_mod_mut,COMPLETE,1,delta__auto-card-detail-detail-not-found-message__a.mut
a,delta,auto-stats-stat-high-card,attr_val_mod_mut,COMPLETE,1,delta__auto-stats-stat-high-card__a.mut
a,delta,auto-stats-stat-medium-card,attr_val_mod_mut,COMPLETE,1,delta__auto-stats-stat-medium-card__a.mut
b,delta,board-title,attr_rem_mut,COMPLETE,1,delta__board-title__b.mut
b,delta,board-search,attr_rem_mut,COMPLETE,1,delta__board-search__b.mut
b,delta,board-search-label,attr_rem_mut,COMPLETE,1,delta__board-search-label__b.mut
b,delta,board-filter-priority,attr_rem_mut,COMPLETE,1,delta__board-filter-priority__b.mut
b,delta,board-filter-assignee,attr_rem_mut,COMPLETE,1,delta__board-filter-assignee__b.mut
b,delta,board-add-card,attr_rem_mut,COMPLETE,1,delta__board-add-card__b.mut
b,delta,board-column-title,attr_rem_mut,COMPLETE,1,delta__board-column-title__b.mut
b,delta,header-nav-board,attr_rem_mut,COMPLETE,1,delta__header-nav-board__b.mut
b,delta,header-nav-stats,attr_rem_mut,COMPLETE,1,delta__header-nav-stats__b.mut
b,delta,card-id,attr_rem_mut,COMPLETE,1,delta__card-id__b.mut
b,delta,card-assignee,attr_rem_mut,COMPLETE,1,delta__card-assignee__b.mut
b,delta,card-tags,attr_rem_mut,COMPLETE,1,delta__card-tags__b.mut
b,delta,card-edit,attr_rem_mut,COMPLETE,1,delta__card-edit__b.mut
b,delta,form-title,attr_rem_mut,COMPLETE,1,delta__form-title__b.mut
b,delta,form-title-label,attr_rem_mut,COMPLETE,1,delta__form-title-label__b.mut
b,delta,form-description,attr_rem_mut,COMPLETE,1,delta__form-description__b.mut
b,delta,form-priority,attr_rem_mut,COMPLETE,1,delta__form-priority__b.mut
b,delta,form-assignee,attr_rem_mut,COMPLETE,1,delta__form-assignee__b.mut
b,delta,form-column,attr_rem_mut,COMPLETE,1,delta__form-column__b.mut
b,delta,form-tags,attr_rem_mut,COMPLETE,1,delta__form-tags__b.mut
b,delta,form-submit,attr_rem_mut,COMPLETE,1,delta__form-submit__b.mut
b,delta,detail-title,attr_rem_mut,COMPLETE,1,delta__detail-title__b.mut
b,delta,detail-edit,attr_rem_mut,COMPLETE,1,delta__detail-edit__b.mut
b,delta,stats-title,attr_rem_mut,COMPLETE,1,delta__stats-title__b.mut
b,delta,auto-board-column,attr_rem_mut,COMPLETE,1,delta__auto-board-column__b.mut
b,delta,auto-card-form-form-field-description,attr_rem_mut,COMPLETE,1,delta__auto-card-form-form-field-description__b.mut
b,delta,auto-card-form-form-assignee-label,attr_rem_mut,COMPLETE,1,delta__auto-card-form-form-assignee-label__b.mut
b,delta,auto-card-detail-detail-heading,attr_rem_mut,COMPLETE,1,delta__auto-card-detail-detail-heading__b.mut
b,delta,auto-card-detail-detail-no-tags,attr_rem_mut,COMPLETE,1,delta__auto-card-detail-detail-no-tags__b.mut
b,delta,auto-card-detail-detail-not-found-message,attr_rem_mut,COMPLETE,1,delta__auto-card-detail-detail-not-found-message__b.mut
b,delta,auto-stats-stat-done-card,attr_rem_mut,COMPLETE,1,delta__auto-stats-stat-done-card__b.mut
b,delta,auto-stats-stat-medium-card,attr_rem_mut,COMPLETE,1,delta__auto-stats-stat-medium-card__b.mut
d,delta,board-title,text_cont_mod_mut,COMPLETE,1,delta__board-title__d.mut
d,delta,board-demo-badge,text_cont_mod_mut,COMPLETE,1,delta__board-demo-badge__d.mut
d,delta,board-search,text_cont_mod_mut,COMPLETE,1,delta__board-search__d.mut
d,delta,board-filter-priority,text_cont_mod_mut,COMPLETE,1,delta__board-filter-priority__d.mut
d,delta,board-filter-assignee,text_cont_mod_mut,COMPLETE,1,delta__board-filter-assignee__d.mut
d,delta,board-filtered-count,text_cont_mod_mut,COMPLETE,1,delta__board-filtered-count__d.mut
d,delta,board-add-card,text_cont_mod_mut,COMPLETE,1,delta__board-add-card__d.mut
d,delta,board-column-title,text_cont_mod_mut,COMPLETE,1,delta__board-column-title__d.mut
d,delta,header-total-badge,text_cont_mod_mut,COMPLETE,1,delta__header-total-badge__d.mut
d,delta,header-app-title,text_cont_mod_mut,COMPLETE,1,delta__header-app-title__d.mut
d,delta,header-nav-board,text_cont_mod_mut,COMPLETE,1,delta__header-nav-board__d.mut
d,delta,header-nav-stats,text_cont_mod_mut,COMPLETE,1,delta__header-nav-stats__d.mut
d,delta,card-id,text_cont_mod_mut,COMPLETE,1,delta__card-id__d.mut
d,delta,card-assignee,text_cont_mod_mut,COMPLETE,1,delta__card-assignee__d.mut
d,delta,card-move,text_cont_mod_mut,COMPLETE,1,delta__card-move__d.mut
d,delta,card-edit,text_cont_mod_mut,COMPLETE,1,delta__card-edit__d.mut
d,delta,form-root,text_cont_mod_mut,COMPLETE,1,delta__form-root__d.mut
d,delta,form-title,text_cont_mod_mut,COMPLETE,1,delta__form-title__d.mut
d,delta,form-description,text_cont_mod_mut,COMPLETE,1,delta__form-description__d.mut
d,delta,form-priority,text_cont_mod_mut,COMPLETE,1,delta__form-priority__d.mut
d,delta,form-assignee,text_cont_mod_mut,COMPLETE,1,delta__form-assignee__d.mut
d,delta,form-column,text_cont_mod_mut,COMPLETE,1,delta__form-column__d.mut
d,delta,form-tags,text_cont_mod_mut,COMPLETE,1,delta__form-tags__d.mut
d,delta,form-submit,text_cont_mod_mut,COMPLETE,1,delta__form-submit__d.mut
d,delta,form-back,text_cont_mod_mut,COMPLETE,1,delta__form-back__d.mut
d,delta,detail-title,text_cont_mod_mut,COMPLETE,1,delta__detail-title__d.mut
d,delta,detail-description,text_cont_mod_mut,COMPLETE,1,delta__detail-description__d.mut
d,delta,detail-assignee,text_cont_mod_mut,COMPLETE,1,delta__detail-assignee__d.mut
d,delta,detail-column,text_cont_mod_mut,COMPLETE,1,delta__detail-column__d.mut
d,delta,detail-tags,text_cont_mod_mut,COMPLETE,1,delta__detail-tags__d.mut
d,delta,detail-edit,text_cont_mod_mut,COMPLETE,1,delta__detail-edit__d.mut
d,delta,detail-back,text_cont_mod_mut,COMPLETE,1,delta__detail-back__d.mut
d,delta,stat-total,text_cont_mod_mut,COMPLETE,1,delta__stat-total__d.mut
d,delta,stat-backlog,text_cont_mod_mut,COMPLETE,1,delta__stat-backlog__d.mut
d,delta,stat-inprogress,text_cont_mod_mut,COMPLETE,1,delta__stat-inprogress__d.mut
d,delta,stat-review,text_cont_mod_mut,COMPLETE,1,delta__stat-review__d.mut
d,delta,stat-done,text_cont_mod_mut,COMPLETE,1,delta__stat-done__d.mut
d,delta,stat-high,text_cont_mod_mut,COMPLETE,1,delta__stat-high__d.mut
d,delta,stat-medium,text_cont_mod_mut,COMPLETE,1,delta__stat-medium__d.mut
d,delta,stat-low,text_cont_mod_mut,COMPLETE,1,delta__stat-low__d.mut
d,delta,stats-title,text_cont_mod_mut,COMPLETE,1,delta__stats-title__d.mut
d,delta,stats-th-title,text_cont_mod_mut,COMPLETE,1,delta__stats-th-title__d.mut
d,delta,footer-brand,text_cont_mod_mut,COMPLETE,1,delta__footer-brand__d.mut
d,delta,footer-note,text_cont_mod_mut,COMPLETE,1,delta__footer-note__d.mut
d,delta,toast-message,text_cont_mod_mut,COMPLETE,1,delta__toast-message__d.mut
d,delta,auto-card-detail-detail-tags-label,text_cont_mod_mut,COMPLETE,1,delta__auto-card-detail-detail-tags-label__d.mut
d,delta,auto-card-detail-detail-no-tags,text_cont_mod_mut,COMPLETE,1,delta__auto-card-detail-detail-no-tags__d.mut
d,delta,auto-card-detail-detail-not-found-message,text_cont_mod_mut,COMPLETE,1,delta__auto-card-detail-detail-not-found-message__d.mut
d,delta,auto-stats-stats-th-priority,text_cont_mod_mut,COMPLETE,1,delta__auto-stats-stats-th-priority__d.mut
d,delta,auto-stats-stats-th-assignee,text_cont_mod_mut,COMPLETE,1,delta__auto-stats-stats-th-assignee__d.mut
e,delta,board-title,text_cont_rem_mut,COMPLETE,1,delta__board-title__e.mut
e,delta,board-demo-badge,text_cont_rem_mut,COMPLETE,1,delta__board-demo-badge__e.mut
e,delta,board-search,text_cont_rem_mut,COMPLETE,1,delta__board-search__e.mut
e,delta,board-filter-priority,text_cont_rem_mut,COMPLETE,1,delta__board-filter-priority__e.mut
e,delta,board-filter-assignee,text_cont_rem_mut,COMPLETE,1,delta__board-filter-assignee__e.mut
e,delta,board-filtered-count,text_cont_rem_mut,COMPLETE,1,delta__board-filtered-count__e.mut
e,delta,board-add-card,text_cont_rem_mut,COMPLETE,1,delta__board-add-card__e.mut
e,delta,board-column-title,text_cont_rem_mut,COMPLETE,1,delta__board-column-title__e.mut
e,delta,header-total-badge,text_cont_rem_mut,COMPLETE,1,delta__header-total-badge__e.mut
e,delta,header-app-title,text_cont_rem_mut,COMPLETE,1,delta__header-app-title__e.mut
e,delta,header-nav-board,text_cont_rem_mut,COMPLETE,1,delta__header-nav-board__e.mut
e,delta,header-nav-stats,text_cont_rem_mut,COMPLETE,1,delta__header-nav-stats__e.mut
e,delta,card-id,text_cont_rem_mut,COMPLETE,1,delta__card-id__e.mut
e,delta,card-assignee,text_cont_rem_mut,COMPLETE,1,delta__card-assignee__e.mut
e,delta,card-move,text_cont_rem_mut,COMPLETE,1,delta__card-move__e.mut
e,delta,card-edit,text_cont_rem_mut,COMPLETE,1,delta__card-edit__e.mut
e,delta,form-root,text_cont_rem_mut,COMPLETE,1,delta__form-root__e.mut
e,delta,form-title,text_cont_rem_mut,COMPLETE,1,delta__form-title__e.mut
e,delta,form-description,text_cont_rem_mut,COMPLETE,1,delta__form-description__e.mut
e,delta,form-priority,text_cont_rem_mut,COMPLETE,1,delta__form-priority__e.mut
e,delta,form-assignee,text_cont_rem_mut,COMPLETE,1,delta__form-assignee__e.mut
e,delta,form-column,text_cont_rem_mut,COMPLETE,1,delta__form-column__e.mut
e,delta,form-tags,text_cont_rem_mut,COMPLETE,1,delta__form-tags__e.mut
e,delta,form-submit,text_cont_rem_mut,COMPLETE,1,delta__form-submit__e.mut
e,delta,form-back,text_cont_rem_mut,COMPLETE,1,delta__form-back__e.mut
e,delta,detail-title,text_cont_rem_mut,COMPLETE,1,delta__detail-title__e.mut
e,delta,detail-description,text_cont_rem_mut,COMPLETE,1,delta__detail-description__e.mut
e,delta,detail-assignee,text_cont_rem_mut,COMPLETE,1,delta__detail-assignee__e.mut
e,delta,detail-column,text_cont_rem_mut,COMPLETE,1,delta__detail-column__e.mut
e,delta,detail-tags,text_cont_rem_mut,COMPLETE,1,delta__detail-tags__e.mut
e,delta,detail-edit,text_cont_rem_mut,COMPLETE,1,delta__detail-edit__e.mut
e,delta,detail-back,text_cont_rem_mut,COMPLETE,1,delta__detail-back__e.mut
e,delta,stat-total,text_cont_rem_mut,COMPLETE,1,delta__stat-total__e.mut
e,delta,stat-backlog,text_cont_rem_mut,COMPLETE,1,delta__stat-backlog__e.mut
e,delta,stat-inprogress,text_cont_rem_mut,COMPLETE,1,delta__stat-inprogress__e.mut
e,delta,stat-review,text_cont_rem_mut,COMPLETE,1,delta__stat-review__e.mut
e,delta,stat-done,text_cont_rem_mut,COMPLETE,1,delta__stat-done__e.mut
e,delta,stat-high,text_cont_rem_mut,COMPLETE,1,delta__stat-high__e.mut
e,delta,stat-medium,text_cont_rem_mut,COMPLETE,1,delta__stat-medium__e.mut
e,delta,stat-low,text_cont_rem_mut,COMPLETE,1,delta__stat-low__e.mut
e,delta,stats-title,text_cont_rem_mut,COMPLETE,1,delta__stats-title__e.mut
e,delta,stats-th-title,text_cont_rem_mut,COMPLETE,1,delta__stats-th-title__e.mut
e,delta,footer-brand,text_cont_rem_mut,COMPLETE,1,delta__footer-brand__e.mut
e,delta,footer-note,text_cont_rem_mut,COMPLETE,1,delta__footer-note__e.mut
e,delta,toast-message,text_cont_rem_mut,COMPLETE,1,delta__toast-message__e.mut
e,delta,auto-card-detail-detail-tags-label,text_cont_rem_mut,COMPLETE,1,delta__auto-card-detail-detail-tags-label__e.mut
e,delta,auto-card-detail-detail-no-tags,text_cont_rem_mut,COMPLETE,1,delta__auto-card-detail-detail-no-tags__e.mut
e,delta,auto-card-detail-detail-not-found-message,text_cont_rem_mut,COMPLETE,1,delta__auto-card-detail-detail-not-found-message__e.mut
e,delta,auto-stats-stats-th-priority,text_cont_rem_mut,COMPLETE,1,delta__auto-stats-stats-th-priority__e.mut
e,delta,auto-stats-stats-th-assignee,text_cont_rem_mut,COMPLETE,1,delta__auto-stats-stats-th-assignee__e.mut
f,delta,board-title,tag_mov_container_mut,COMPLETE,1,delta__board-title__f.mut
f,delta,board-demo-badge,tag_mov_container_mut,COMPLETE,1,delta__board-demo-badge__f.mut
f,delta,board-hint-banner,tag_mov_container_mut,COMPLETE,1,delta__board-hint-banner__f.mut
f,delta,board-add-card,tag_mov_container_mut,COMPLETE,1,delta__board-add-card__f.mut
f,delta,board-column-title,tag_mov_container_mut,COMPLETE,1,delta__board-column-title__f.mut
f,delta,header-app-title,tag_mov_container_mut,COMPLETE,1,delta__header-app-title__f.mut
f,delta,header-brand-icon,tag_mov_container_mut,COMPLETE,1,delta__header-brand-icon__f.mut
f,delta,header-nav-board,tag_mov_container_mut,COMPLETE,1,delta__header-nav-board__f.mut
f,delta,header-nav-stats,tag_mov_container_mut,COMPLETE,1,delta__header-nav-stats__f.mut
f,delta,header-new-card,tag_mov_container_mut,COMPLETE,1,delta__header-new-card__f.mut
f,delta,card-id,tag_mov_container_mut,COMPLETE,1,delta__card-id__f.mut
f,delta,card-assignee,tag_mov_container_mut,COMPLETE,1,delta__card-assignee__f.mut
f,delta,card-edit,tag_mov_container_mut,COMPLETE,1,delta__card-edit__f.mut
f,delta,card-delete,tag_mov_container_mut,COMPLETE,1,delta__card-delete__f.mut
f,delta,form-submit,tag_mov_container_mut,COMPLETE,1,delta__form-submit__f.mut
f,delta,form-back,tag_mov_container_mut,COMPLETE,1,delta__form-back__f.mut
f,delta,form-actions,tag_mov_container_mut,COMPLETE,1,delta__form-actions__f.mut
f,delta,detail-title,tag_mov_container_mut,COMPLETE,1,delta__detail-title__f.mut
f,delta,detail-id,tag_mov_container_mut,COMPLETE,1,delta__detail-id__f.mut
f,delta,detail-edit,tag_mov_container_mut,COMPLETE,1,delta__detail-edit__f.mut
f,delta,stats-title,tag_mov_container_mut,COMPLETE,1,delta__stats-title__f.mut
f,delta,stats-th-title,tag_mov_container_mut,COMPLETE,1,delta__stats-th-title__f.mut
f,delta,stat-row,tag_mov_container_mut,COMPLETE,1,delta__stat-row__f.mut
f,delta,footer-brand,tag_mov_container_mut,COMPLETE,1,delta__footer-brand__f.mut
f,delta,footer-note,tag_mov_container_mut,COMPLETE,1,delta__footer-note__f.mut
f,delta,toast-message,tag_mov_container_mut,COMPLETE,1,delta__toast-message__f.mut
f,delta,auto-board-toolbar,tag_mov_container_mut,COMPLETE,1,delta__auto-board-toolbar__f.mut
f,delta,auto-board-toolbar-assignee,tag_mov_container_mut,COMPLETE,1,delta__auto-board-toolbar-assignee__f.mut
f,delta,auto-header-brand,tag_mov_container_mut,COMPLETE,1,delta__auto-header-brand__f.mut
f,delta,auto-card-form-form-title-edit,tag_mov_container_mut,COMPLETE,1,delta__auto-card-form-form-title-edit__f.mut
f,delta,auto-card-form-form-field-assignee,tag_mov_container_mut,COMPLETE,1,delta__auto-card-form-form-field-assignee__f.mut
f,delta,auto-card-detail-detail-card,tag_mov_container_mut,COMPLETE,1,delta__auto-card-detail-detail-card__f.mut
f,delta,auto-card-detail-detail-description-row,tag_mov_container_mut,COMPLETE,1,delta__auto-card-detail-detail-description-row__f.mut
f,delta,auto-card-detail-detail-column-row,tag_mov_container_mut,COMPLETE,1,delta__auto-card-detail-detail-column-row__f.mut
f,delta,auto-card-detail-detail-tags-row,tag_mov_container_mut,COMPLETE,1,delta__auto-card-detail-detail-tags-row__f.mut
f,delta,auto-card-detail-detail-not-found-message,tag_mov_container_mut,COMPLETE,1,delta__auto-card-detail-detail-not-found-message__f.mut
f,delta,auto-stats-stats-cards,tag_mov_container_mut,COMPLETE,1,delta__auto-stats-stats-cards__f.mut
f,delta,auto-stats-stat-backlog-card,tag_mov_container_mut,COMPLETE,1,delta__auto-stats-stat-backlog-card__f.mut
f,delta,auto-stats-stat-inprogress-card,tag_mov_container_mut,COMPLETE,1,delta__auto-stats-stat-inprogress-card__f.mut
f,delta,auto-stats-stat-done-card,tag_mov_container_mut,COMPLETE,1,delta__auto-stats-stat-done-card__f.mut
f,delta,auto-stats-stat-high-card,tag_mov_container_mut,COMPLETE,1,delta__auto-stats-stat-high-card__f.mut
f,delta,auto-stats-stat-medium-card,tag_mov_container_mut,COMPLETE,1,delta__auto-stats-stat-medium-card__f.mut
f,delta,auto-stats-stats-th-priority,tag_mov_container_mut,COMPLETE,1,delta__auto-stats-stats-th-priority__f.mut
f,delta,auto-stats-stats-th-assignee,tag_mov_container_mut,COMPLETE,1,delta__auto-stats-stats-th-assignee__f.mut
f,delta,auto-stats-stats-th-column,tag_mov_container_mut,COMPLETE,1,delta__auto-stats-stats-th-column__f.mut
f,delta,auto-toast-toast-icon,tag_mov_container_mut,COMPLETE,1,delta__auto-toast-toast-icon__f.mut
g,delta,board-title,tag_mov_html_mut,COMPLETE,2,delta__board-title__g.mut
g,delta,board-demo-badge,tag_mov_html_mut,COMPLETE,2,delta__board-demo-badge__g.mut
g,delta,board-search,tag_mov_html_mut,COMPLETE,2,delta__board-search__g.mut
g,delta,board-search-label,tag_mov_html_mut,COMPLETE,2,delta__board-search-label__g.mut
g,delta,board-filter-priority,tag_mov_html_mut,COMPLETE,2,delta__board-filter-priority__g.mut
g,delta,board-priority-label,tag_mov_html_mut,COMPLETE,2,delta__board-priority-label__g.mut
g,delta,board-filter-assignee,tag_mov_html_mut,COMPLETE,2,delta__board-filter-assignee__g.mut
g,delta,board-assignee-label,tag_mov_html_mut,COMPLETE,2,delta__board-assignee-label__g.mut
g,delta,board-filtered-count,tag_mov_html_mut,COMPLETE,2,delta__board-filtered-count__g.mut
g,delta,board-add-card,tag_mov_html_mut,COMPLETE,2,delta__board-add-card__g.mut
g,delta,board-reset,tag_mov_html_mut,COMPLETE,2,delta__board-reset__g.mut
g,delta,board-column-title,tag_mov_html_mut,COMPLETE,2,delta__board-column-title__g.mut
g,delta,board-column-count,tag_mov_html_mut,COMPLETE,2,delta__board-column-count__g.mut
g,delta,header-total-badge,tag_mov_html_mut,COMPLETE,2,delta__header-total-badge__g.mut
g,delta,header-app-title,tag_mov_html_mut,COMPLETE,2,delta__header-app-title__g.mut
g,delta,header-app-tagline,tag_mov_html_mut,COMPLETE,2,delta__header-app-tagline__g.mut
g,delta,header-brand-icon,tag_mov_html_mut,COMPLETE,2,delta__header-brand-icon__g.mut
g,delta,header-nav-board,tag_mov_html_mut,COMPLETE,2,delta__header-nav-board__g.mut
g,delta,header-nav-stats,tag_mov_html_mut,COMPLETE,2,delta__header-nav-stats__g.mut
g,delta,header-new-card,tag_mov_html_mut,COMPLETE,2,delta__header-new-card__g.mut
g,delta,card-id,tag_mov_html_mut,COMPLETE,2,delta__card-id__g.mut
g,delta,card-priority,tag_mov_html_mut,COMPLETE,2,delta__card-priority__g.mut
g,delta,card-assignee,tag_mov_html_mut,COMPLETE,2,delta__card-assignee__g.mut
g,delta,card-tags,tag_mov_html_mut,COMPLETE,2,delta__card-tags__g.mut
g,delta,card-move,tag_mov_html_mut,COMPLETE,2,delta__card-move__g.mut
g,delta,card-open,tag_mov_html_mut,COMPLETE,2,delta__card-open__g.mut
g,delta,card-edit,tag_mov_html_mut,COMPLETE,2,delta__card-edit__g.mut
g,delta,card-delete,tag_mov_html_mut,COMPLETE,2,delta__card-delete__g.mut
g,delta,form-root,tag_mov_html_mut,COMPLETE,2,delta__form-root__g.mut
g,delta,form-title,tag_mov_html_mut,COMPLETE,2,delta__form-title__g.mut
g,delta,form-title-label,tag_mov_html_mut,COMPLETE,2,delta__form-title-label__g.mut
g,delta,form-description,tag_mov_html_mut,COMPLETE,2,delta__form-description__g.mut
g,delta,form-priority,tag_mov_html_mut,COMPLETE,2,delta__form-priority__g.mut
g,delta,form-assignee,tag_mov_html_mut,COMPLETE,2,delta__form-assignee__g.mut
g,delta,form-column,tag_mov_html_mut,COMPLETE,2,delta__form-column__g.mut
g,delta,form-tags,tag_mov_html_mut,COMPLETE,2,delta__form-tags__g.mut
g,delta,form-submit,tag_mov_html_mut,COMPLETE,2,delta__form-submit__g.mut
g,delta,form-cancel,tag_mov_html_mut,COMPLETE,2,delta__form-cancel__g.mut
g,delta,form-back,tag_mov_html_mut,COMPLETE,2,delta__form-back__g.mut
g,delta,form-actions,tag_mov_html_mut,COMPLETE,2,delta__form-actions__g.mut
g,delta,detail-title,tag_mov_html_mut,COMPLETE,2,delta__detail-title__g.mut
g,delta,detail-id,tag_mov_html_mut,COMPLETE,2,delta__detail-id__g.mut
g,delta,detail-priority,tag_mov_html_mut,COMPLETE,2,delta__detail-priority__g.mut
g,delta,detail-description,tag_mov_html_mut,COMPLETE,2,delta__detail-description__g.mut
g,delta,detail-assignee,tag_mov_html_mut,COMPLETE,2,delta__detail-assignee__g.mut
g,delta,detail-column,tag_mov_html_mut,COMPLETE,2,delta__detail-column__g.mut
g,delta,detail-tags,tag_mov_html_mut,COMPLETE,2,delta__detail-tags__g.mut
g,delta,detail-edit,tag_mov_html_mut,COMPLETE,2,delta__detail-edit__g.mut
g,delta,detail-delete,tag_mov_html_mut,COMPLETE,2,delta__detail-delete__g.mut
g,delta,detail-back,tag_mov_html_mut,COMPLETE,2,delta__detail-back__g.mut
g,delta,stat-total,tag_mov_html_mut,COMPLETE,2,delta__stat-total__g.mut
g,delta,stat-backlog,tag_mov_html_mut,COMPLETE,2,delta__stat-backlog__g.mut
g,delta,stat-inprogress,tag_mov_html_mut,COMPLETE,2,delta__stat-inprogress__g.mut
g,delta,stat-review,tag_mov_html_mut,COMPLETE,2,delta__stat-review__g.mut
g,delta,stat-done,tag_mov_html_mut,COMPLETE,2,delta__stat-done__g.mut
g,delta,stat-high,tag_mov_html_mut,COMPLETE,2,delta__stat-high__g.mut
g,delta,stat-medium,tag_mov_html_mut,COMPLETE,2,delta__stat-medium__g.mut
g,delta,stat-low,tag_mov_html_mut,COMPLETE,2,delta__stat-low__g.mut
g,delta,stats-title,tag_mov_html_mut,COMPLETE,2,delta__stats-title__g.mut
g,delta,stats-th-title,tag_mov_html_mut,COMPLETE,2,delta__stats-th-title__g.mut
g,delta,stat-row,tag_mov_html_mut,COMPLETE,2,delta__stat-row__g.mut
g,delta,footer-brand,tag_mov_html_mut,COMPLETE,2,delta__footer-brand__g.mut
g,delta,footer-note,tag_mov_html_mut,COMPLETE,2,delta__footer-note__g.mut
g,delta,footer-version,tag_mov_html_mut,COMPLETE,2,delta__footer-version__g.mut
g,delta,app-main,tag_mov_html_mut,COMPLETE,2,delta__app-main__g.mut
g,delta,toast-message,tag_mov_html_mut,COMPLETE,2,delta__toast-message__g.mut
g,delta,toast-label,tag_mov_html_mut,COMPLETE,2,delta__toast-label__g.mut
g,delta,auto-board-board-intro,tag_mov_html_mut,COMPLETE,2,delta__auto-board-board-intro__g.mut
g,delta,auto-board-toolbar,tag_mov_html_mut,COMPLETE,2,delta__auto-board-toolbar__g.mut
g,delta,auto-board-toolbar-search,tag_mov_html_mut,COMPLETE,2,delta__auto-board-toolbar-search__g.mut
g,delta,auto-board-toolbar-priority,tag_mov_html_mut,COMPLETE,2,delta__auto-board-toolbar-priority__g.mut
g,delta,auto-board-toolbar-assignee,tag_mov_html_mut,COMPLETE,2,delta__auto-board-toolbar-assignee__g.mut
g,delta,auto-board-toolbar-info,tag_mov_html_mut,COMPLETE,2,delta__auto-board-toolbar-info__g.mut
g,delta,auto-board-toolbar-actions,tag_mov_html_mut,COMPLETE,2,delta__auto-board-toolbar-actions__g.mut
g,delta,auto-board-column,tag_mov_html_mut,COMPLETE,2,delta__auto-board-column__g.mut
g,delta,auto-header-brand,tag_mov_html_mut,COMPLETE,2,delta__auto-header-brand__g.mut
g,delta,auto-header-header-stats,tag_mov_html_mut,COMPLETE,2,delta__auto-header-header-stats__g.mut
g,delta,auto-header-total-label,tag_mov_html_mut,COMPLETE,2,delta__auto-header-total-label__g.mut
g,delta,auto-header-nav,tag_mov_html_mut,COMPLETE,2,delta__auto-header-nav__g.mut
g,delta,auto-card-form-form-title-edit,tag_mov_html_mut,COMPLETE,2,delta__auto-card-form-form-title-edit__g.mut
g,delta,auto-card-form-form-title-new,tag_mov_html_mut,COMPLETE,2,delta__auto-card-form-form-title-new__g.mut
g,delta,auto-card-form-form-priority-label,tag_mov_html_mut,COMPLETE,2,delta__auto-card-form-form-priority-label__g.mut
g,delta,auto-card-form-form-assignee-label,tag_mov_html_mut,COMPLETE,2,delta__auto-card-form-form-assignee-label__g.mut
g,delta,auto-card-form-form-column-label,tag_mov_html_mut,COMPLETE,2,delta__auto-card-form-form-column-label__g.mut
g,delta,auto-card-form-form-tags-label,tag_mov_html_mut,COMPLETE,2,delta__auto-card-form-form-tags-label__g.mut
g,delta,auto-card-detail-detail-card,tag_mov_html_mut,COMPLETE,2,delta__auto-card-detail-detail-card__g.mut
g,delta,auto-card-detail-detail-description-row,tag_mov_html_mut,COMPLETE,2,delta__auto-card-detail-detail-description-row__g.mut
g,delta,auto-card-detail-detail-description-label,tag_mov_html_mut,COMPLETE,2,delta__auto-card-detail-detail-description-label__g.mut
g,delta,auto-card-detail-detail-assignee-row,tag_mov_html_mut,COMPLETE,2,delta__auto-card-detail-detail-assignee-row__g.mut
g,delta,auto-card-detail-detail-assignee-label,tag_mov_html_mut,COMPLETE,2,delta__auto-card-detail-detail-assignee-label__g.mut
g,delta,auto-card-detail-detail-column-row,tag_mov_html_mut,COMPLETE,2,delta__auto-card-detail-detail-column-row__g.mut
g,delta,auto-card-detail-detail-column-label,tag_mov_html_mut,COMPLETE,2,delta__auto-card-detail-detail-column-label__g.mut
g,delta,auto-card-detail-detail-tags-row,tag_mov_html_mut,COMPLETE,2,delta__auto-card-detail-detail-tags-row__g.mut
g,delta,auto-card-detail-detail-tags-label,tag_mov_html_mut,COMPLETE,2,delta__auto-card-detail-detail-tags-label__g.mut
g,delta,auto-card-detail-detail-no-tags,tag_mov_html_mut,COMPLETE,2,delta__auto-card-detail-detail-no-tags__g.mut
g,delta,auto-card-detail-detail-not-found,tag_mov_html_mut,COMPLETE,2,delta__auto-card-detail-detail-not-found__g.mut
g,delta,auto-card-detail-detail-not-found-message,tag_mov_html_mut,COMPLETE,2,delta__auto-card-detail-detail-not-found-message__g.mut
g,delta,auto-card-detail-detail-not-found-back,tag_mov_html_mut,COMPLETE,2,delta__auto-card-detail-detail-not-found-back__g.mut
g,delta,auto-stats-stats-back,tag_mov_html_mut,COMPLETE,2,delta__auto-stats-stats-back__g.mut
g,delta,auto-stats-stat-total-card,tag_mov_html_mut,COMPLETE,2,delta__auto-stats-stat-total-card__g.mut
g,delta,auto-stats-stat-total-label,tag_mov_html_mut,COMPLETE,2,delta__auto-stats-stat-total-label__g.mut
g,delta,auto-stats-stat-backlog-card,tag_mov_html_mut,COMPLETE,2,delta__auto-stats-stat-backlog-card__g.mut
g,delta,auto-stats-stat-backlog-label,tag_mov_html_mut,COMPLETE,2,delta__auto-stats-stat-backlog-label__g.mut
g,delta,auto-stats-stat-inprogress-card,tag_mov_html_mut,COMPLETE,2,delta__auto-stats-stat-inprogress-card__g.mut
g,delta,auto-stats-stat-inprogress-label,tag_mov_html_mut,COMPLETE,2,delta__auto-stats-stat-inprogress-label__g.mut
g,delta,auto-stats-stat-review-card,tag_mov_html_mut,COMPLETE,2,delta__auto-stats-stat-review-card__g.mut
g,delta,auto-stats-stat-review-label,tag_mov_html_mut,COMPLETE,2,delta__auto-stats-stat-review-label__g.mut
g,delta,auto-stats-stat-done-card,tag_mov_html_mut,COMPLETE,2,delta__auto-stats-stat-done-card__g.mut
g,delta,auto-stats-stat-done-label,tag_mov_html_mut,COMPLETE,2,delta__auto-stats-stat-done-label__g.mut
g,delta,auto-stats-stat-high-label,tag_mov_html_mut,COMPLETE,2,delta__auto-stats-stat-high-label__g.mut
g,delta,auto-stats-stat-medium-card,tag_mov_html_mut,COMPLETE,2,delta__auto-stats-stat-medium-card__g.mut
g,delta,auto-stats-stat-medium-label,tag_mov_html_mut,COMPLETE,2,delta__auto-stats-stat-medium-label__g.mut
g,delta,auto-stats-stat-low-card,tag_mov_html_mut,COMPLETE,2,delta__auto-stats-stat-low-card__g.mut
g,delta,auto-stats-stat-low-label,tag_mov_html_mut,COMPLETE,2,delta__auto-stats-stat-low-label__g.mut
g,delta,auto-stats-stats-th-priority,tag_mov_html_mut,COMPLETE,2,delta__auto-stats-stats-th-priority__g.mut
g,delta,auto-stats-stats-th-assignee,tag_mov_html_mut,COMPLETE,2,delta__auto-stats-stats-th-assignee__g.mut
g,delta,auto-stats-stats-th-column,tag_mov_html_mut,COMPLETE,2,delta__auto-stats-stats-th-column__g.mut
g,delta,auto-toast-toast-icon,tag_mov_html_mut,COMPLETE,2,delta__auto-toast-toast-icon__g.mut
h,delta,board-title,tag_mov_temp_mut,COMPLETE,2,delta__board-title__h.mut
h,delta,board-demo-badge,tag_mov_temp_mut,COMPLETE,2,delta__board-demo-badge__h.mut
h,delta,board-hint-banner,tag_mov_temp_mut,COMPLETE,2,delta__board-hint-banner__h.mut
h,delta,board-search,tag_mov_temp_mut,COMPLETE,2,delta__board-search__h.mut
h,delta,board-search-label,tag_mov_temp_mut,COMPLETE,2,delta__board-search-label__h.mut
h,delta,board-filter-priority,tag_mov_temp_mut,COMPLETE,2,delta__board-filter-priority__h.mut
h,delta,board-priority-label,tag_mov_temp_mut,COMPLETE,2,delta__board-priority-label__h.mut
h,delta,board-filter-assignee,tag_mov_temp_mut,COMPLETE,2,delta__board-filter-assignee__h.mut
h,delta,board-assignee-label,tag_mov_temp_mut,COMPLETE,2,delta__board-assignee-label__h.mut
h,delta,board-filtered-count,tag_mov_temp_mut,COMPLETE,2,delta__board-filtered-count__h.mut
h,delta,board-matching-label,tag_mov_temp_mut,COMPLETE,2,delta__board-matching-label__h.mut
h,delta,board-add-card,tag_mov_temp_mut,COMPLETE,2,delta__board-add-card__h.mut
h,delta,board-reset,tag_mov_temp_mut,COMPLETE,2,delta__board-reset__h.mut
h,delta,board-columns,tag_mov_temp_mut,COMPLETE,2,delta__board-columns__h.mut
h,delta,board-column-title,tag_mov_temp_mut,COMPLETE,2,delta__board-column-title__h.mut
h,delta,board-column-count,tag_mov_temp_mut,COMPLETE,2,delta__board-column-count__h.mut
h,delta,header-total-badge,tag_mov_temp_mut,COMPLETE,2,delta__header-total-badge__h.mut
h,delta,header-app-title,tag_mov_temp_mut,COMPLETE,2,delta__header-app-title__h.mut
h,delta,header-app-tagline,tag_mov_temp_mut,COMPLETE,2,delta__header-app-tagline__h.mut
h,delta,header-brand-icon,tag_mov_temp_mut,COMPLETE,2,delta__header-brand-icon__h.mut
h,delta,header-nav-board,tag_mov_temp_mut,COMPLETE,2,delta__header-nav-board__h.mut
h,delta,header-nav-stats,tag_mov_temp_mut,COMPLETE,2,delta__header-nav-stats__h.mut
h,delta,header-new-card,tag_mov_temp_mut,COMPLETE,2,delta__header-new-card__h.mut
h,delta,card-id,tag_mov_temp_mut,COMPLETE,2,delta__card-id__h.mut
h,delta,card-priority,tag_mov_temp_mut,COMPLETE,2,delta__card-priority__h.mut
h,delta,card-assignee,tag_mov_temp_mut,COMPLETE,2,delta__card-assignee__h.mut
h,delta,card-tags,tag_mov_temp_mut,COMPLETE,2,delta__card-tags__h.mut
h,delta,card-move,tag_mov_temp_mut,COMPLETE,2,delta__card-move__h.mut
h,delta,card-open,tag_mov_temp_mut,COMPLETE,2,delta__card-open__h.mut
h,delta,card-edit,tag_mov_temp_mut,COMPLETE,2,delta__card-edit__h.mut
h,delta,card-delete,tag_mov_temp_mut,COMPLETE,2,delta__card-delete__h.mut
h,delta,form-root,tag_mov_temp_mut,COMPLETE,2,delta__form-root__h.mut
h,delta,form-title,tag_mov_temp_mut,COMPLETE,2,delta__form-title__h.mut
h,delta,form-title-label,tag_mov_temp_mut,COMPLETE,2,delta__form-title-label__h.mut
h,delta,form-description,tag_mov_temp_mut,COMPLETE,2,delta__form-description__h.mut
h,delta,form-priority,tag_mov_temp_mut,COMPLETE,2,delta__form-priority__h.mut
h,delta,form-assignee,tag_mov_temp_mut,COMPLETE,2,delta__form-assignee__h.mut
h,delta,form-column,tag_mov_temp_mut,COMPLETE,2,delta__form-column__h.mut
h,delta,form-tags,tag_mov_temp_mut,COMPLETE,2,delta__form-tags__h.mut
h,delta,form-submit,tag_mov_temp_mut,COMPLETE,2,delta__form-submit__h.mut
h,delta,form-cancel,tag_mov_temp_mut,COMPLETE,2,delta__form-cancel__h.mut
h,delta,form-back,tag_mov_temp_mut,COMPLETE,2,delta__form-back__h.mut
h,delta,form-actions,tag_mov_temp_mut,COMPLETE,2,delta__form-actions__h.mut
h,delta,detail-title,tag_mov_temp_mut,COMPLETE,2,delta__detail-title__h.mut
h,delta,detail-id,tag_mov_temp_mut,COMPLETE,2,delta__detail-id__h.mut
h,delta,detail-priority,tag_mov_temp_mut,COMPLETE,2,delta__detail-priority__h.mut
h,delta,detail-description,tag_mov_temp_mut,COMPLETE,2,delta__detail-description__h.mut
h,delta,detail-assignee,tag_mov_temp_mut,COMPLETE,2,delta__detail-assignee__h.mut
h,delta,detail-column,tag_mov_temp_mut,COMPLETE,2,delta__detail-column__h.mut
h,delta,detail-tags,tag_mov_temp_mut,COMPLETE,2,delta__detail-tags__h.mut
h,delta,detail-edit,tag_mov_temp_mut,COMPLETE,2,delta__detail-edit__h.mut
h,delta,detail-delete,tag_mov_temp_mut,COMPLETE,2,delta__detail-delete__h.mut
h,delta,detail-back,tag_mov_temp_mut,COMPLETE,2,delta__detail-back__h.mut
h,delta,detail-page-title,tag_mov_temp_mut,COMPLETE,2,delta__detail-page-title__h.mut
h,delta,stat-total,tag_mov_temp_mut,COMPLETE,2,delta__stat-total__h.mut
h,delta,stat-backlog,tag_mov_temp_mut,COMPLETE,2,delta__stat-backlog__h.mut
h,delta,stat-inprogress,tag_mov_temp_mut,COMPLETE,2,delta__stat-inprogress__h.mut
h,delta,stat-review,tag_mov_temp_mut,COMPLETE,2,delta__stat-review__h.mut
h,delta,stat-done,tag_mov_temp_mut,COMPLETE,2,delta__stat-done__h.mut
h,delta,stat-high,tag_mov_temp_mut,COMPLETE,2,delta__stat-high__h.mut
h,delta,stat-medium,tag_mov_temp_mut,COMPLETE,2,delta__stat-medium__h.mut
h,delta,stat-low,tag_mov_temp_mut,COMPLETE,2,delta__stat-low__h.mut
h,delta,stats-title,tag_mov_temp_mut,COMPLETE,2,delta__stats-title__h.mut
h,delta,stats-th-title,tag_mov_temp_mut,COMPLETE,2,delta__stats-th-title__h.mut
h,delta,stat-row,tag_mov_temp_mut,COMPLETE,2,delta__stat-row__h.mut
h,delta,footer-brand,tag_mov_temp_mut,COMPLETE,2,delta__footer-brand__h.mut
h,delta,footer-note,tag_mov_temp_mut,COMPLETE,2,delta__footer-note__h.mut
h,delta,footer-version,tag_mov_temp_mut,COMPLETE,2,delta__footer-version__h.mut
h,delta,app-main,tag_mov_temp_mut,COMPLETE,2,delta__app-main__h.mut
h,delta,toast-message,tag_mov_temp_mut,COMPLETE,2,delta__toast-message__h.mut
h,delta,toast-label,tag_mov_temp_mut,COMPLETE,2,delta__toast-label__h.mut
h,delta,auto-board-board-intro,tag_mov_temp_mut,COMPLETE,2,delta__auto-board-board-intro__h.mut
h,delta,auto-board-toolbar,tag_mov_temp_mut,COMPLETE,2,delta__auto-board-toolbar__h.mut
h,delta,auto-board-toolbar-search,tag_mov_temp_mut,COMPLETE,2,delta__auto-board-toolbar-search__h.mut
h,delta,auto-board-toolbar-priority,tag_mov_temp_mut,COMPLETE,2,delta__auto-board-toolbar-priority__h.mut
h,delta,auto-board-toolbar-assignee,tag_mov_temp_mut,COMPLETE,2,delta__auto-board-toolbar-assignee__h.mut
h,delta,auto-board-toolbar-info,tag_mov_temp_mut,COMPLETE,2,delta__auto-board-toolbar-info__h.mut
h,delta,auto-board-toolbar-actions,tag_mov_temp_mut,COMPLETE,2,delta__auto-board-toolbar-actions__h.mut
h,delta,auto-board-column,tag_mov_temp_mut,COMPLETE,2,delta__auto-board-column__h.mut
h,delta,auto-header-brand,tag_mov_temp_mut,COMPLETE,2,delta__auto-header-brand__h.mut
h,delta,auto-header-total-label,tag_mov_temp_mut,COMPLETE,2,delta__auto-header-total-label__h.mut
h,delta,auto-header-nav,tag_mov_temp_mut,COMPLETE,2,delta__auto-header-nav__h.mut
h,delta,auto-card-form-form-heading,tag_mov_temp_mut,COMPLETE,2,delta__auto-card-form-form-heading__h.mut
h,delta,auto-card-form-form-title-edit,tag_mov_temp_mut,COMPLETE,2,delta__auto-card-form-form-title-edit__h.mut
h,delta,auto-card-form-form-title-new,tag_mov_temp_mut,COMPLETE,2,delta__auto-card-form-form-title-new__h.mut
h,delta,auto-card-form-form-field-title,tag_mov_temp_mut,COMPLETE,2,delta__auto-card-form-form-field-title__h.mut
h,delta,auto-card-form-form-field-description,tag_mov_temp_mut,COMPLETE,2,delta__auto-card-form-form-field-description__h.mut
h,delta,auto-card-form-form-field-priority,tag_mov_temp_mut,COMPLETE,2,delta__auto-card-form-form-field-priority__h.mut
h,delta,auto-card-form-form-field-assignee,tag_mov_temp_mut,COMPLETE,2,delta__auto-card-form-form-field-assignee__h.mut
h,delta,auto-card-form-form-assignee-label,tag_mov_temp_mut,COMPLETE,2,delta__auto-card-form-form-assignee-label__h.mut
h,delta,auto-card-form-form-field-column,tag_mov_temp_mut,COMPLETE,2,delta__auto-card-form-form-field-column__h.mut
h,delta,auto-card-form-form-column-label,tag_mov_temp_mut,COMPLETE,2,delta__auto-card-form-form-column-label__h.mut
h,delta,auto-card-form-form-field-tags,tag_mov_temp_mut,COMPLETE,2,delta__auto-card-form-form-field-tags__h.mut
h,delta,auto-card-form-form-tags-label,tag_mov_temp_mut,COMPLETE,2,delta__auto-card-form-form-tags-label__h.mut
h,delta,auto-card-detail-detail-heading,tag_mov_temp_mut,COMPLETE,2,delta__auto-card-detail-detail-heading__h.mut
h,delta,auto-card-detail-detail-card,tag_mov_temp_mut,COMPLETE,2,delta__auto-card-detail-detail-card__h.mut
h,delta,auto-card-detail-detail-description-row,tag_mov_temp_mut,COMPLETE,2,delta__auto-card-detail-detail-description-row__h.mut
h,delta,auto-card-detail-detail-description-label,tag_mov_temp_mut,COMPLETE,2,delta__auto-card-detail-detail-description-label__h.mut
h,delta,auto-card-detail-detail-assignee-row,tag_mov_temp_mut,COMPLETE,2,delta__auto-card-detail-detail-assignee-row__h.mut
h,delta,auto-card-detail-detail-assignee-label,tag_mov_temp_mut,COMPLETE,2,delta__auto-card-detail-detail-assignee-label__h.mut
h,delta,auto-card-detail-detail-column-row,tag_mov_temp_mut,COMPLETE,2,delta__auto-card-detail-detail-column-row__h.mut
h,delta,auto-card-detail-detail-column-label,tag_mov_temp_mut,COMPLETE,2,delta__auto-card-detail-detail-column-label__h.mut
h,delta,auto-card-detail-detail-tags-row,tag_mov_temp_mut,COMPLETE,2,delta__auto-card-detail-detail-tags-row__h.mut
h,delta,auto-card-detail-detail-tags-label,tag_mov_temp_mut,COMPLETE,2,delta__auto-card-detail-detail-tags-label__h.mut
h,delta,auto-card-detail-detail-no-tags,tag_mov_temp_mut,COMPLETE,2,delta__auto-card-detail-detail-no-tags__h.mut
h,delta,auto-card-detail-detail-actions,tag_mov_temp_mut,COMPLETE,2,delta__auto-card-detail-detail-actions__h.mut
h,delta,auto-card-detail-detail-not-found,tag_mov_temp_mut,COMPLETE,2,delta__auto-card-detail-detail-not-found__h.mut
h,delta,auto-card-detail-detail-not-found-message,tag_mov_temp_mut,COMPLETE,2,delta__auto-card-detail-detail-not-found-message__h.mut
h,delta,auto-card-detail-detail-not-found-back,tag_mov_temp_mut,COMPLETE,2,delta__auto-card-detail-detail-not-found-back__h.mut
h,delta,auto-stats-stats-heading,tag_mov_temp_mut,COMPLETE,2,delta__auto-stats-stats-heading__h.mut
h,delta,auto-stats-stats-back,tag_mov_temp_mut,COMPLETE,2,delta__auto-stats-stats-back__h.mut
h,delta,auto-stats-stats-cards,tag_mov_temp_mut,COMPLETE,2,delta__auto-stats-stats-cards__h.mut
h,delta,auto-stats-stat-total-card,tag_mov_temp_mut,COMPLETE,2,delta__auto-stats-stat-total-card__h.mut
h,delta,auto-stats-stat-backlog-card,tag_mov_temp_mut,COMPLETE,2,delta__auto-stats-stat-backlog-card__h.mut
h,delta,auto-stats-stat-backlog-label,tag_mov_temp_mut,COMPLETE,2,delta__auto-stats-stat-backlog-label__h.mut
h,delta,auto-stats-stat-inprogress-card,tag_mov_temp_mut,COMPLETE,2,delta__auto-stats-stat-inprogress-card__h.mut
h,delta,auto-stats-stat-inprogress-label,tag_mov_temp_mut,COMPLETE,2,delta__auto-stats-stat-inprogress-label__h.mut
h,delta,auto-stats-stat-review-card,tag_mov_temp_mut,COMPLETE,2,delta__auto-stats-stat-review-card__h.mut
h,delta,auto-stats-stat-review-label,tag_mov_temp_mut,COMPLETE,2,delta__auto-stats-stat-review-label__h.mut
h,delta,auto-stats-stat-done-card,tag_mov_temp_mut,COMPLETE,2,delta__auto-stats-stat-done-card__h.mut
h,delta,auto-stats-stat-done-label,tag_mov_temp_mut,COMPLETE,2,delta__auto-stats-stat-done-label__h.mut
h,delta,auto-stats-stat-high-card,tag_mov_temp_mut,COMPLETE,2,delta__auto-stats-stat-high-card__h.mut
h,delta,auto-stats-stat-high-label,tag_mov_temp_mut,COMPLETE,2,delta__auto-stats-stat-high-label__h.mut
h,delta,auto-stats-stat-medium-card,tag_mov_temp_mut,COMPLETE,2,delta__auto-stats-stat-medium-card__h.mut
h,delta,auto-stats-stat-medium-label,tag_mov_temp_mut,COMPLETE,2,delta__auto-stats-stat-medium-label__h.mut
h,delta,auto-stats-stat-low-label,tag_mov_temp_mut,COMPLETE,2,delta__auto-stats-stat-low-label__h.mut
h,delta,auto-stats-stats-table-section,tag_mov_temp_mut,COMPLETE,2,delta__auto-stats-stats-table-section__h.mut
h,delta,auto-stats-stats-table-title,tag_mov_temp_mut,COMPLETE,2,delta__auto-stats-stats-table-title__h.mut
h,delta,auto-stats-stats-th-id,tag_mov_temp_mut,COMPLETE,2,delta__auto-stats-stats-th-id__h.mut
h,delta,auto-stats-stats-th-priority,tag_mov_temp_mut,COMPLETE,2,delta__auto-stats-stats-th-priority__h.mut
h,delta,auto-stats-stats-th-assignee,tag_mov_temp_mut,COMPLETE,2,delta__auto-stats-stats-th-assignee__h.mut
h,delta,auto-stats-stats-th-column,tag_mov_temp_mut,COMPLETE,2,delta__auto-stats-stats-th-column__h.mut
h,delta,auto-toast-toast-icon,tag_mov_temp_mut,COMPLETE,2,delta__auto-toast-toast-icon__h.mut
i,delta,board-title,tag_rem_mut,COMPLETE,1,delta__board-title__i.mut
i,delta,board-demo-badge,tag_rem_mut,COMPLETE,1,delta__board-demo-badge__i.mut
i,delta,board-search,tag_rem_mut,COMPLETE,1,delta__board-search__i.mut
i,delta,board-filter-priority,tag_rem_mut,COMPLETE,1,delta__board-filter-priority__i.mut
i,delta,board-filter-assignee,tag_rem_mut,COMPLETE,1,delta__board-filter-assignee__i.mut
i,delta,board-filtered-count,tag_rem_mut,COMPLETE,1,delta__board-filtered-count__i.mut
i,delta,board-add-card,tag_rem_mut,COMPLETE,1,delta__board-add-card__i.mut
i,delta,board-column-title,tag_rem_mut,COMPLETE,1,delta__board-column-title__i.mut
i,delta,header-total-badge,tag_rem_mut,COMPLETE,1,delta__header-total-badge__i.mut
i,delta,header-app-title,tag_rem_mut,COMPLETE,1,delta__header-app-title__i.mut
i,delta,header-nav-board,tag_rem_mut,COMPLETE,1,delta__header-nav-board__i.mut
i,delta,header-nav-stats,tag_rem_mut,COMPLETE,1,delta__header-nav-stats__i.mut
i,delta,card-id,tag_rem_mut,COMPLETE,1,delta__card-id__i.mut
i,delta,card-assignee,tag_rem_mut,COMPLETE,1,delta__card-assignee__i.mut
i,delta,card-move,tag_rem_mut,COMPLETE,1,delta__card-move__i.mut
i,delta,card-edit,tag_rem_mut,COMPLETE,1,delta__card-edit__i.mut
i,delta,form-root,tag_rem_mut,COMPLETE,1,delta__form-root__i.mut
i,delta,form-title,tag_rem_mut,COMPLETE,1,delta__form-title__i.mut
i,delta,form-description,tag_rem_mut,COMPLETE,1,delta__form-description__i.mut
i,delta,form-priority,tag_rem_mut,COMPLETE,1,delta__form-priority__i.mut
i,delta,form-assignee,tag_rem_mut,COMPLETE,1,delta__form-assignee__i.mut
i,delta,form-column,tag_rem_mut,COMPLETE,1,delta__form-column__i.mut
i,delta,form-tags,tag_rem_mut,COMPLETE,1,delta__form-tags__i.mut
i,delta,form-submit,tag_rem_mut,COMPLETE,1,delta__form-submit__i.mut
i,delta,form-back,tag_rem_mut,COMPLETE,1,delta__form-back__i.mut
i,delta,detail-title,tag_rem_mut,COMPLETE,1,delta__detail-title__i.mut
i,delta,detail-description,tag_rem_mut,COMPLETE,1,delta__detail-description__i.mut
i,delta,detail-assignee,tag_rem_mut,COMPLETE,1,delta__detail-assignee__i.mut
i,delta,detail-column,tag_rem_mut,COMPLETE,1,delta__detail-column__i.mut
i,delta,detail-tags,tag_rem_mut,COMPLETE,1,delta__detail-tags__i.mut
i,delta,detail-edit,tag_rem_mut,COMPLETE,1,delta__detail-edit__i.mut
i,delta,detail-back,tag_rem_mut,COMPLETE,1,delta__detail-back__i.mut
i,delta,stat-total,tag_rem_mut,COMPLETE,1,delta__stat-total__i.mut
i,delta,stat-backlog,tag_rem_mut,COMPLETE,1,delta__stat-backlog__i.mut
i,delta,stat-inprogress,tag_rem_mut,COMPLETE,1,delta__stat-inprogress__i.mut
i,delta,stat-review,tag_rem_mut,COMPLETE,1,delta__stat-review__i.mut
i,delta,stat-done,tag_rem_mut,COMPLETE,1,delta__stat-done__i.mut
i,delta,stat-high,tag_rem_mut,COMPLETE,1,delta__stat-high__i.mut
i,delta,stat-medium,tag_rem_mut,COMPLETE,1,delta__stat-medium__i.mut
i,delta,stat-low,tag_rem_mut,COMPLETE,1,delta__stat-low__i.mut
i,delta,stats-title,tag_rem_mut,COMPLETE,1,delta__stats-title__i.mut
i,delta,stats-th-title,tag_rem_mut,COMPLETE,1,delta__stats-th-title__i.mut
i,delta,stat-row,tag_rem_mut,COMPLETE,1,delta__stat-row__i.mut
i,delta,footer-brand,tag_rem_mut,COMPLETE,1,delta__footer-brand__i.mut
i,delta,footer-note,tag_rem_mut,COMPLETE,1,delta__footer-note__i.mut
i,delta,toast-message,tag_rem_mut,COMPLETE,1,delta__toast-message__i.mut
i,delta,auto-board-column,tag_rem_mut,COMPLETE,1,delta__auto-board-column__i.mut
i,delta,auto-card-detail-detail-card,tag_rem_mut,COMPLETE,1,delta__auto-card-detail-detail-card__i.mut
i,delta,auto-card-detail-detail-no-tags,tag_rem_mut,COMPLETE,1,delta__auto-card-detail-detail-no-tags__i.mut
i,delta,auto-card-detail-detail-not-found-message,tag_rem_mut,COMPLETE,1,delta__auto-card-detail-detail-not-found-message__i.mut
i,delta,auto-stats-stats-th-priority,tag_rem_mut,COMPLETE,1,delta__auto-stats-stats-th-priority__i.mut
i,delta,auto-stats-stats-th-assignee,tag_rem_mut,COMPLETE,1,delta__auto-stats-stats-th-assignee__i.mut
j,delta,board-title,tag_type_mod_mut,COMPLETE,1,delta__board-title__j.mut
j,delta,board-demo-badge,tag_type_mod_mut,COMPLETE,1,delta__board-demo-badge__j.mut
j,delta,board-search,tag_type_mod_mut,COMPLETE,1,delta__board-search__j.mut
j,delta,board-filter-priority,tag_type_mod_mut,COMPLETE,1,delta__board-filter-priority__j.mut
j,delta,board-filter-assignee,tag_type_mod_mut,COMPLETE,1,delta__board-filter-assignee__j.mut
j,delta,board-filtered-count,tag_type_mod_mut,COMPLETE,1,delta__board-filtered-count__j.mut
j,delta,board-add-card,tag_type_mod_mut,COMPLETE,1,delta__board-add-card__j.mut
j,delta,board-column-title,tag_type_mod_mut,COMPLETE,1,delta__board-column-title__j.mut
j,delta,header-total-badge,tag_type_mod_mut,COMPLETE,1,delta__header-total-badge__j.mut
j,delta,header-app-title,tag_type_mod_mut,COMPLETE,1,delta__header-app-title__j.mut
j,delta,header-nav-board,tag_type_mod_mut,COMPLETE,1,delta__header-nav-board__j.mut
j,delta,header-nav-stats,tag_type_mod_mut,COMPLETE,1,delta__header-nav-stats__j.mut
j,delta,card-id,tag_type_mod_mut,COMPLETE,1,delta__card-id__j.mut
j,delta,card-assignee,tag_type_mod_mut,COMPLETE,1,delta__card-assignee__j.mut
j,delta,card-move,tag_type_mod_mut,COMPLETE,1,delta__card-move__j.mut
j,delta,card-edit,tag_type_mod_mut,COMPLETE,1,delta__card-edit__j.mut
j,delta,form-root,tag_type_mod_mut,COMPLETE,1,delta__form-root__j.mut
j,delta,form-title,tag_type_mod_mut,COMPLETE,1,delta__form-title__j.mut
j,delta,form-description,tag_type_mod_mut,COMPLETE,1,delta__form-description__j.mut
j,delta,form-priority,tag_type_mod_mut,COMPLETE,1,delta__form-priority__j.mut
j,delta,form-assignee,tag_type_mod_mut,COMPLETE,1,delta__form-assignee__j.mut
j,delta,form-column,tag_type_mod_mut,COMPLETE,1,delta__form-column__j.mut
j,delta,form-tags,tag_type_mod_mut,COMPLETE,1,delta__form-tags__j.mut
j,delta,form-submit,tag_type_mod_mut,COMPLETE,1,delta__form-submit__j.mut
j,delta,form-back,tag_type_mod_mut,COMPLETE,1,delta__form-back__j.mut
j,delta,detail-title,tag_type_mod_mut,COMPLETE,1,delta__detail-title__j.mut
j,delta,detail-description,tag_type_mod_mut,COMPLETE,1,delta__detail-description__j.mut
j,delta,detail-assignee,tag_type_mod_mut,COMPLETE,1,delta__detail-assignee__j.mut
j,delta,detail-column,tag_type_mod_mut,COMPLETE,1,delta__detail-column__j.mut
j,delta,detail-tags,tag_type_mod_mut,COMPLETE,1,delta__detail-tags__j.mut
j,delta,detail-edit,tag_type_mod_mut,COMPLETE,1,delta__detail-edit__j.mut
j,delta,detail-back,tag_type_mod_mut,COMPLETE,1,delta__detail-back__j.mut
j,delta,stat-total,tag_type_mod_mut,COMPLETE,1,delta__stat-total__j.mut
j,delta,stat-backlog,tag_type_mod_mut,COMPLETE,1,delta__stat-backlog__j.mut
j,delta,stat-inprogress,tag_type_mod_mut,COMPLETE,1,delta__stat-inprogress__j.mut
j,delta,stat-review,tag_type_mod_mut,COMPLETE,1,delta__stat-review__j.mut
j,delta,stat-done,tag_type_mod_mut,COMPLETE,1,delta__stat-done__j.mut
j,delta,stat-high,tag_type_mod_mut,COMPLETE,1,delta__stat-high__j.mut
j,delta,stat-medium,tag_type_mod_mut,COMPLETE,1,delta__stat-medium__j.mut
j,delta,stat-low,tag_type_mod_mut,COMPLETE,1,delta__stat-low__j.mut
j,delta,stats-title,tag_type_mod_mut,COMPLETE,1,delta__stats-title__j.mut
j,delta,stats-th-title,tag_type_mod_mut,COMPLETE,1,delta__stats-th-title__j.mut
j,delta,stat-row,tag_type_mod_mut,COMPLETE,1,delta__stat-row__j.mut
j,delta,footer-brand,tag_type_mod_mut,COMPLETE,1,delta__footer-brand__j.mut
j,delta,footer-note,tag_type_mod_mut,COMPLETE,1,delta__footer-note__j.mut
j,delta,toast-message,tag_type_mod_mut,COMPLETE,1,delta__toast-message__j.mut
j,delta,auto-board-column,tag_type_mod_mut,COMPLETE,1,delta__auto-board-column__j.mut
j,delta,auto-card-detail-detail-card,tag_type_mod_mut,COMPLETE,1,delta__auto-card-detail-detail-card__j.mut
j,delta,auto-card-detail-detail-no-tags,tag_type_mod_mut,COMPLETE,1,delta__auto-card-detail-detail-no-tags__j.mut
j,delta,auto-card-detail-detail-not-found-message,tag_type_mod_mut,COMPLETE,1,delta__auto-card-detail-detail-not-found-message__j.mut
j,delta,auto-stats-stats-th-priority,tag_type_mod_mut,COMPLETE,1,delta__auto-stats-stats-th-priority__j.mut
j,delta,auto-stats-stats-th-assignee,tag_type_mod_mut,COMPLETE,1,delta__auto-stats-stats-th-assignee__j.mut
k,delta,board-title,tag_ins_mut,COMPLETE,1,delta__board-title__k.mut
k,delta,board-demo-badge,tag_ins_mut,COMPLETE,1,delta__board-demo-badge__k.mut
k,delta,board-search,tag_ins_mut,COMPLETE,1,delta__board-search__k.mut
k,delta,board-filter-priority,tag_ins_mut,COMPLETE,1,delta__board-filter-priority__k.mut
k,delta,board-filter-assignee,tag_ins_mut,COMPLETE,1,delta__board-filter-assignee__k.mut
k,delta,board-filtered-count,tag_ins_mut,COMPLETE,1,delta__board-filtered-count__k.mut
k,delta,board-add-card,tag_ins_mut,COMPLETE,1,delta__board-add-card__k.mut
k,delta,board-column-title,tag_ins_mut,COMPLETE,1,delta__board-column-title__k.mut
k,delta,header-total-badge,tag_ins_mut,COMPLETE,1,delta__header-total-badge__k.mut
k,delta,header-app-title,tag_ins_mut,COMPLETE,1,delta__header-app-title__k.mut
k,delta,header-nav-board,tag_ins_mut,COMPLETE,1,delta__header-nav-board__k.mut
k,delta,header-nav-stats,tag_ins_mut,COMPLETE,1,delta__header-nav-stats__k.mut
k,delta,card-id,tag_ins_mut,COMPLETE,1,delta__card-id__k.mut
k,delta,card-assignee,tag_ins_mut,COMPLETE,1,delta__card-assignee__k.mut
k,delta,card-move,tag_ins_mut,COMPLETE,1,delta__card-move__k.mut
k,delta,card-edit,tag_ins_mut,COMPLETE,1,delta__card-edit__k.mut
k,delta,form-root,tag_ins_mut,COMPLETE,1,delta__form-root__k.mut
k,delta,form-title,tag_ins_mut,COMPLETE,1,delta__form-title__k.mut
k,delta,form-description,tag_ins_mut,COMPLETE,1,delta__form-description__k.mut
k,delta,form-priority,tag_ins_mut,COMPLETE,1,delta__form-priority__k.mut
k,delta,form-assignee,tag_ins_mut,COMPLETE,1,delta__form-assignee__k.mut
k,delta,form-column,tag_ins_mut,COMPLETE,1,delta__form-column__k.mut
k,delta,form-tags,tag_ins_mut,COMPLETE,1,delta__form-tags__k.mut
k,delta,form-submit,tag_ins_mut,COMPLETE,1,delta__form-submit__k.mut
k,delta,form-back,tag_ins_mut,COMPLETE,1,delta__form-back__k.mut
k,delta,detail-title,tag_ins_mut,COMPLETE,1,delta__detail-title__k.mut
k,delta,detail-description,tag_ins_mut,COMPLETE,1,delta__detail-description__k.mut
k,delta,detail-assignee,tag_ins_mut,COMPLETE,1,delta__detail-assignee__k.mut
k,delta,detail-column,tag_ins_mut,COMPLETE,1,delta__detail-column__k.mut
k,delta,detail-tags,tag_ins_mut,COMPLETE,1,delta__detail-tags__k.mut
k,delta,detail-edit,tag_ins_mut,COMPLETE,1,delta__detail-edit__k.mut
k,delta,detail-back,tag_ins_mut,COMPLETE,1,delta__detail-back__k.mut
k,delta,stat-total,tag_ins_mut,COMPLETE,1,delta__stat-total__k.mut
k,delta,stat-backlog,tag_ins_mut,COMPLETE,1,delta__stat-backlog__k.mut
k,delta,stat-inprogress,tag_ins_mut,COMPLETE,1,delta__stat-inprogress__k.mut
k,delta,stat-review,tag_ins_mut,COMPLETE,1,delta__stat-review__k.mut
k,delta,stat-done,tag_ins_mut,COMPLETE,1,delta__stat-done__k.mut
k,delta,stat-high,tag_ins_mut,COMPLETE,1,delta__stat-high__k.mut
k,delta,stat-medium,tag_ins_mut,COMPLETE,1,delta__stat-medium__k.mut
k,delta,stat-low,tag_ins_mut,COMPLETE,1,delta__stat-low__k.mut
k,delta,stats-title,tag_ins_mut,COMPLETE,1,delta__stats-title__k.mut
k,delta,stats-th-title,tag_ins_mut,COMPLETE,1,delta__stats-th-title__k.mut
k,delta,stat-row,tag_ins_mut,COMPLETE,1,delta__stat-row__k.mut
k,delta,footer-brand,tag_ins_mut,COMPLETE,1,delta__footer-brand__k.mut
k,delta,footer-note,tag_ins_mut,COMPLETE,1,delta__footer-note__k.mut
k,delta,toast-message,tag_ins_mut,COMPLETE,1,delta__toast-message__k.mut
k,delta,auto-board-column,tag_ins_mut,COMPLETE,1,delta__auto-board-column__k.mut
k,delta,auto-card-detail-detail-card,tag_ins_mut,COMPLETE,1,delta__auto-card-detail-detail-card__k.mut
k,delta,auto-card-detail-detail-no-tags,tag_ins_mut,COMPLETE,1,delta__auto-card-detail-detail-no-tags__k.mut
k,delta,auto-card-detail-detail-not-found-message,tag_ins_mut,COMPLETE,1,delta__auto-card-detail-detail-not-found-message__k.mut
k,delta,auto-stats-stats-th-priority,tag_ins_mut,COMPLETE,1,delta__auto-stats-stats-th-priority__k.mut
k,delta,auto-stats-stats-th-assignee,tag_ins_mut,COMPLETE,1,delta__auto-stats-stats-th-assignee__k.mut
a,epsilon,form-priority,attr_val_mod_mut,COMPLETE,1,epsilon__form-priority__a.mut
a,epsilon,detail-description,attr_val_mod_mut,COMPLETE,1,epsilon__detail-description__a.mut
a,epsilon,detail-assignee,attr_val_mod_mut,COMPLETE,1,epsilon__detail-assignee__a.mut
a,epsilon,stats-table,attr_val_mod_mut,COMPLETE,1,epsilon__stats-table__a.mut
a,epsilon,auto-card-form-form-field-priority,attr_val_mod_mut,COMPLETE,1,epsilon__auto-card-form-form-field-priority__a.mut
b,epsilon,form-priority,attr_rem_mut,COMPLETE,1,epsilon__form-priority__b.mut
b,epsilon,detail-description,attr_rem_mut,COMPLETE,1,epsilon__detail-description__b.mut
b,epsilon,detail-assignee,attr_rem_mut,COMPLETE,1,epsilon__detail-assignee__b.mut
b,epsilon,stats-table,attr_rem_mut,COMPLETE,1,epsilon__stats-table__b.mut
f,epsilon,form-priority,tag_mov_container_mut,COMPLETE,1,epsilon__form-priority__f.mut
f,epsilon,form-assignee,tag_mov_container_mut,COMPLETE,1,epsilon__form-assignee__f.mut
f,epsilon,detail-description,tag_mov_container_mut,COMPLETE,1,epsilon__detail-description__f.mut
f,epsilon,stats-table,tag_mov_container_mut,COMPLETE,1,epsilon__stats-table__f.mut
f,epsilon,footer-brand,tag_mov_container_mut,COMPLETE,1,epsilon__footer-brand__f.mut
f,epsilon,auto-card-form-form-field-priority,tag_mov_container_mut,COMPLETE,1,epsilon__auto-card-form-form-field-priority__f.mut
f,epsilon,auto-card-detail-detail-assignee-row,tag_mov_container_mut,COMPLETE,1,epsilon__auto-card-detail-detail-assignee-row__f.mut
g,epsilon,form-priority,tag_mov_html_mut,COMPLETE,2,epsilon__form-priority__g.mut
g,epsilon,form-column,tag_mov_html_mut,COMPLETE,2,epsilon__form-column__g.mut
g,epsilon,detail-description,tag_mov_html_mut,COMPLETE,2,epsilon__detail-description__g.mut
g,epsilon,detail-column,tag_mov_html_mut,COMPLETE,2,epsilon__detail-column__g.mut
g,epsilon,stats-table,tag_mov_html_mut,COMPLETE,2,epsilon__stats-table__g.mut
g,epsilon,stats-th-title,tag_mov_html_mut,COMPLETE,2,epsilon__stats-th-title__g.mut
g,epsilon,stat-row,tag_mov_html_mut,COMPLETE,2,epsilon__stat-row__g.mut
g,epsilon,footer-brand,tag_mov_html_mut,COMPLETE,2,epsilon__footer-brand__g.mut
g,epsilon,footer-note,tag_mov_html_mut,COMPLETE,2,epsilon__footer-note__g.mut
g,epsilon,footer-version,tag_mov_html_mut,COMPLETE,2,epsilon__footer-version__g.mut
g,epsilon,app-main,tag_mov_html_mut,COMPLETE,2,epsilon__app-main__g.mut
g,epsilon,auto-card-detail-detail-description-row,tag_mov_html_mut,COMPLETE,2,epsilon__auto-card-detail-detail-description-row__g.mut
g,epsilon,auto-card-detail-detail-assignee-label,tag_mov_html_mut,COMPLETE,2,epsilon__auto-card-detail-detail-assignee-label__g.mut
g,epsilon,auto-card-detail-detail-tags-label,tag_mov_html_mut,COMPLETE,2,epsilon__auto-card-detail-detail-tags-label__g.mut
g,epsilon,auto-stats-stats-th-priority,tag_mov_html_mut,COMPLETE,2,epsilon__auto-stats-stats-th-priority__g.mut
g,epsilon,auto-app-footer,tag_mov_html_mut,COMPLETE,2,epsilon__auto-app-footer__g.mut
h,epsilon,form-priority,tag_mov_temp_mut,COMPLETE,2,epsilon__form-priority__h.mut
h,epsilon,form-assignee,tag_mov_temp_mut,COMPLETE,2,epsilon__form-assignee__h.mut
h,epsilon,form-column,tag_mov_temp_mut,COMPLETE,2,epsilon__form-column__h.mut
h,epsilon,detail-description,tag_mov_temp_mut,COMPLETE,2,epsilon__detail-description__h.mut
h,epsilon,detail-assignee,tag_mov_temp_mut,COMPLETE,2,epsilon__detail-assignee__h.mut
h,epsilon,detail-column,tag_mov_temp_mut,COMPLETE,2,epsilon__detail-column__h.mut
h,epsilon,detail-tags,tag_mov_temp_mut,COMPLETE,2,epsilon__detail-tags__h.mut
h,epsilon,stats-table,tag_mov_temp_mut,COMPLETE,2,epsilon__stats-table__h.mut
h,epsilon,stats-th-title,tag_mov_temp_mut,COMPLETE,2,epsilon__stats-th-title__h.mut
h,epsilon,stat-row,tag_mov_temp_mut,COMPLETE,2,epsilon__stat-row__h.mut
h,epsilon,footer-brand,tag_mov_temp_mut,COMPLETE,2,epsilon__footer-brand__h.mut
h,epsilon,footer-note,tag_mov_temp_mut,COMPLETE,2,epsilon__footer-note__h.mut
h,epsilon,footer-version,tag_mov_temp_mut,COMPLETE,2,epsilon__footer-version__h.mut
h,epsilon,app-main,tag_mov_temp_mut,COMPLETE,2,epsilon__app-main__h.mut
h,epsilon,auto-card-form-form-field-priority,tag_mov_temp_mut,COMPLETE,2,epsilon__auto-card-form-form-field-priority__h.mut
h,epsilon,auto-card-form-form-priority-label,tag_mov_temp_mut,COMPLETE,2,epsilon__auto-card-form-form-priority-label__h.mut
h,epsilon,auto-card-form-form-field-assignee,tag_mov_temp_mut,COMPLETE,2,epsilon__auto-card-form-form-field-assignee__h.mut
h,epsilon,auto-card-form-form-assignee-label,tag_mov_temp_mut,COMPLETE,2,epsilon__auto-card-form-form-assignee-label__h.mut
h,epsilon,auto-card-form-form-field-column,tag_mov_temp_mut,COMPLETE,2,epsilon__auto-card-form-form-field-column__h.mut
h,epsilon,auto-card-form-form-column-label,tag_mov_temp_mut,COMPLETE,2,epsilon__auto-card-form-form-column-label__h.mut
h,epsilon,auto-card-detail-detail-description-row,tag_mov_temp_mut,COMPLETE,2,epsilon__auto-card-detail-detail-description-row__h.mut
h,epsilon,auto-card-detail-detail-description-label,tag_mov_temp_mut,COMPLETE,2,epsilon__auto-card-detail-detail-description-label__h.mut
h,epsilon,auto-card-detail-detail-assignee-row,tag_mov_temp_mut,COMPLETE,2,epsilon__auto-card-detail-detail-assignee-row__h.mut
h,epsilon,auto-card-detail-detail-assignee-label,tag_mov_temp_mut,COMPLETE,2,epsilon__auto-card-detail-detail-assignee-label__h.mut
h,epsilon,auto-card-detail-detail-column-row,tag_mov_temp_mut,COMPLETE,2,epsilon__auto-card-detail-detail-column-row__h.mut
h,epsilon,auto-card-detail-detail-column-label,tag_mov_temp_mut,COMPLETE,2,epsilon__auto-card-detail-detail-column-label__h.mut
h,epsilon,auto-card-detail-detail-tags-row,tag_mov_temp_mut,COMPLETE,2,epsilon__auto-card-detail-detail-tags-row__h.mut
h,epsilon,auto-card-detail-detail-tags-label,tag_mov_temp_mut,COMPLETE,2,epsilon__auto-card-detail-detail-tags-label__h.mut
h,epsilon,auto-stats-stats-th-priority,tag_mov_temp_mut,COMPLETE,2,epsilon__auto-stats-stats-th-priority__h.mut
h,epsilon,auto-stats-stats-th-assignee,tag_mov_temp_mut,COMPLETE,2,epsilon__auto-stats-stats-th-assignee__h.mut
h,epsilon,auto-stats-stats-th-column,tag_mov_temp_mut,COMPLETE,2,epsilon__auto-stats-stats-th-column__h.mut
h,epsilon,auto-app-footer,tag_mov_temp_mut,COMPLETE,2,epsilon__auto-app-footer__h.mut
i,epsilon,form-priority,tag_rem_mut,COMPLETE,1,epsilon__form-priority__i.mut
i,epsilon,detail-description,tag_rem_mut,COMPLETE,1,epsilon__detail-description__i.mut
i,epsilon,stats-table,tag_rem_mut,COMPLETE,1,epsilon__stats-table__i.mut
i,epsilon,footer-brand,tag_rem_mut,COMPLETE,1,epsilon__footer-brand__i.mut
i,epsilon,app-main,tag_rem_mut,COMPLETE,1,epsilon__app-main__i.mut
j,epsilon,form-priority,tag_type_mod_mut,COMPLETE,1,epsilon__form-priority__j.mut
j,epsilon,detail-description,tag_type_mod_mut,COMPLETE,1,epsilon__detail-description__j.mut
j,epsilon,stats-table,tag_type_mod_mut,COMPLETE,1,epsilon__stats-table__j.mut
j,epsilon,footer-brand,tag_type_mod_mut,COMPLETE,1,epsilon__footer-brand__j.mut
j,epsilon,app-main,tag_type_mod_mut,COMPLETE,1,epsilon__app-main__j.mut
k,epsilon,form-priority,tag_ins_mut,COMPLETE,1,epsilon__form-priority__k.mut
k,epsilon,detail-description,tag_ins_mut,COMPLETE,1,epsilon__detail-description__k.mut
k,epsilon,stats-table,tag_ins_mut,COMPLETE,1,epsilon__stats-table__k.mut
k,epsilon,footer-brand,tag_ins_mut,COMPLETE,1,epsilon__footer-brand__k.mut
k,epsilon,app-main,tag_ins_mut,COMPLETE,1,epsilon__app-main__k.mut
a,gamma,board-search,attr_val_mod_mut,COMPLETE,1,gamma__board-search__a.mut
a,gamma,board-search-label,attr_val_mod_mut,COMPLETE,1,gamma__board-search-label__a.mut
a,gamma,board-column-title,attr_val_mod_mut,COMPLETE,1,gamma__board-column-title__a.mut
a,gamma,board-column-count,attr_val_mod_mut,COMPLETE,1,gamma__board-column-count__a.mut
a,gamma,card-id,attr_val_mod_mut,COMPLETE,1,gamma__card-id__a.mut
a,gamma,card-title,attr_val_mod_mut,COMPLETE,1,gamma__card-title__a.mut
a,gamma,card-assignee,attr_val_mod_mut,COMPLETE,1,gamma__card-assignee__a.mut
a,gamma,card-edit,attr_val_mod_mut,COMPLETE,1,gamma__card-edit__a.mut
a,gamma,detail-title,attr_val_mod_mut,COMPLETE,1,gamma__detail-title__a.mut
a,gamma,detail-id,attr_val_mod_mut,COMPLETE,1,gamma__detail-id__a.mut
a,gamma,footer-brand,attr_val_mod_mut,COMPLETE,1,gamma__footer-brand__a.mut
b,gamma,board-search,attr_rem_mut,COMPLETE,1,gamma__board-search__b.mut
b,gamma,board-search-label,attr_rem_mut,COMPLETE,1,gamma__board-search-label__b.mut
b,gamma,board-column-title,attr_rem_mut,COMPLETE,1,gamma__board-column-title__b.mut
b,gamma,board-column-count,attr_rem_mut,COMPLETE,1,gamma__board-column-count__b.mut
b,gamma,card-id,attr_rem_mut,COMPLETE,1,gamma__card-id__b.mut
b,gamma,card-tags,attr_rem_mut,COMPLETE,1,gamma__card-tags__b.mut
b,gamma,card-edit,attr_rem_mut,COMPLETE,1,gamma__card-edit__b.mut
b,gamma,detail-title,attr_rem_mut,COMPLETE,1,gamma__detail-title__b.mut
b,gamma,footer-brand,attr_rem_mut,COMPLETE,1,gamma__footer-brand__b.mut
d,gamma,column-empty-message,text_cont_mod_mut,COMPLETE,1,gamma__column-empty-message__d.mut
d,gamma,detail-back,text_cont_mod_mut,COMPLETE,1,gamma__detail-back__d.mut
d,gamma,detail-page-title,text_cont_mod_mut,COMPLETE,1,gamma__detail-page-title__d.mut
e,gamma,column-empty-message,text_cont_rem_mut,COMPLETE,1,gamma__column-empty-message__e.mut
e,gamma,detail-back,text_cont_rem_mut,COMPLETE,1,gamma__detail-back__e.mut
e,gamma,detail-page-title,text_cont_rem_mut,COMPLETE,1,gamma__detail-page-title__e.mut
e,gamma,auto-stats-stats-empty,text_cont_rem_mut,COMPLETE,1,gamma__auto-stats-stats-empty__e.mut
f,gamma,board-search,tag_mov_container_mut,COMPLETE,1,gamma__board-search__f.mut
f,gamma,board-search-label,tag_mov_container_mut,COMPLETE,1,gamma__board-search-label__f.mut
f,gamma,board-column-title,tag_mov_container_mut,COMPLETE,1,gamma__board-column-title__f.mut
f,gamma,card-move,tag_mov_container_mut,COMPLETE,1,gamma__card-move__f.mut
f,gamma,detail-title,tag_mov_container_mut,COMPLETE,1,gamma__detail-title__f.mut
f,gamma,detail-id,tag_mov_container_mut,COMPLETE,1,gamma__detail-id__f.mut
f,gamma,stat-total,tag_mov_container_mut,COMPLETE,1,gamma__stat-total__f.mut
f,gamma,stat-inprogress,tag_mov_container_mut,COMPLETE,1,gamma__stat-inprogress__f.mut
f,gamma,stats-table,tag_mov_container_mut,COMPLETE,1,gamma__stats-table__f.mut
f,gamma,auto-card-form-form-field-priority,tag_mov_container_mut,COMPLETE,1,gamma__auto-card-form-form-field-priority__f.mut
f,gamma,auto-card-detail-detail-no-tags,tag_mov_container_mut,COMPLETE,1,gamma__auto-card-detail-detail-no-tags__f.mut
g,gamma,board-title,tag_mov_html_mut,COMPLETE,2,gamma__board-title__g.mut
g,gamma,board-demo-badge,tag_mov_html_mut,COMPLETE,2,gamma__board-demo-badge__g.mut
g,gamma,board-hint-banner,tag_mov_html_mut,COMPLETE,2,gamma__board-hint-banner__g.mut
g,gamma,board-search,tag_mov_html_mut,COMPLETE,2,gamma__board-search__g.mut
g,gamma,board-search-label,tag_mov_html_mut,COMPLETE,2,gamma__board-search-label__g.mut
g,gamma,board-filter-priority,tag_mov_html_mut,COMPLETE,2,gamma__board-filter-priority__g.mut
g,gamma,board-priority-label,tag_mov_html_mut,COMPLETE,2,gamma__board-priority-label__g.mut
g,gamma,board-filter-assignee,tag_mov_html_mut,COMPLETE,2,gamma__board-filter-assignee__g.mut
g,gamma,board-assignee-label,tag_mov_html_mut,COMPLETE,2,gamma__board-assignee-label__g.mut
g,gamma,board-filtered-count,tag_mov_html_mut,COMPLETE,2,gamma__board-filtered-count__g.mut
g,gamma,board-matching-label,tag_mov_html_mut,COMPLETE,2,gamma__board-matching-label__g.mut
g,gamma,board-reset,tag_mov_html_mut,COMPLETE,2,gamma__board-reset__g.mut
g,gamma,board-column-title,tag_mov_html_mut,COMPLETE,2,gamma__board-column-title__g.mut
g,gamma,board-column-count,tag_mov_html_mut,COMPLETE,2,gamma__board-column-count__g.mut
g,gamma,header-total-badge,tag_mov_html_mut,COMPLETE,2,gamma__header-total-badge__g.mut
g,gamma,header-app-title,tag_mov_html_mut,COMPLETE,2,gamma__header-app-title__g.mut
g,gamma,header-app-tagline,tag_mov_html_mut,COMPLETE,2,gamma__header-app-tagline__g.mut
g,gamma,header-nav-stats,tag_mov_html_mut,COMPLETE,2,gamma__header-nav-stats__g.mut
g,gamma,header-new-card,tag_mov_html_mut,COMPLETE,2,gamma__header-new-card__g.mut
g,gamma,card-id,tag_mov_html_mut,COMPLETE,2,gamma__card-id__g.mut
g,gamma,card-priority,tag_mov_html_mut,COMPLETE,2,gamma__card-priority__g.mut
g,gamma,card-assignee,tag_mov_html_mut,COMPLETE,2,gamma__card-assignee__g.mut
g,gamma,card-tags,tag_mov_html_mut,COMPLETE,2,gamma__card-tags__g.mut
g,gamma,card-move,tag_mov_html_mut,COMPLETE,2,gamma__card-move__g.mut
g,gamma,card-delete,tag_mov_html_mut,COMPLETE,2,gamma__card-delete__g.mut
g,gamma,column-empty-message,tag_mov_html_mut,COMPLETE,2,gamma__column-empty-message__g.mut
g,gamma,form-title,tag_mov_html_mut,COMPLETE,2,gamma__form-title__g.mut
g,gamma,form-title-label,tag_mov_html_mut,COMPLETE,2,gamma__form-title-label__g.mut
g,gamma,form-description,tag_mov_html_mut,COMPLETE,2,gamma__form-description__g.mut
g,gamma,form-priority,tag_mov_html_mut,COMPLETE,2,gamma__form-priority__g.mut
g,gamma,form-assignee,tag_mov_html_mut,COMPLETE,2,gamma__form-assignee__g.mut
g,gamma,form-column,tag_mov_html_mut,COMPLETE,2,gamma__form-column__g.mut
g,gamma,form-back,tag_mov_html_mut,COMPLETE,2,gamma__form-back__g.mut
g,gamma,detail-title,tag_mov_html_mut,COMPLETE,2,gamma__detail-title__g.mut
g,gamma,detail-id,tag_mov_html_mut,COMPLETE,2,gamma__detail-id__g.mut
g,gamma,detail-priority,tag_mov_html_mut,COMPLETE,2,gamma__detail-priority__g.mut
g,gamma,detail-description,tag_mov_html_mut,COMPLETE,2,gamma__detail-description__g.mut
g,gamma,detail-assignee,tag_mov_html_mut,COMPLETE,2,gamma__detail-assignee__g.mut
g,gamma,detail-tags,tag_mov_html_mut,COMPLETE,2,gamma__detail-tags__g.mut
g,gamma,detail-back,tag_mov_html_mut,COMPLETE,2,gamma__detail-back__g.mut
g,gamma,detail-page-title,tag_mov_html_mut,COMPLETE,2,gamma__detail-page-title__g.mut
g,gamma,stat-total,tag_mov_html_mut,COMPLETE,2,gamma__stat-total__g.mut
g,gamma,stat-backlog,tag_mov_html_mut,COMPLETE,2,gamma__stat-backlog__g.mut
g,gamma,stat-review,tag_mov_html_mut,COMPLETE,2,gamma__stat-review__g.mut
g,gamma,stat-high,tag_mov_html_mut,COMPLETE,2,gamma__stat-high__g.mut
g,gamma,stat-medium,tag_mov_html_mut,COMPLETE,2,gamma__stat-medium__g.mut
g,gamma,stat-low,tag_mov_html_mut,COMPLETE,2,gamma__stat-low__g.mut
g,gamma,stats-title,tag_mov_html_mut,COMPLETE,2,gamma__stats-title__g.mut
g,gamma,stats-table,tag_mov_html_mut,COMPLETE,2,gamma__stats-table__g.mut
g,gamma,stats-th-title,tag_mov_html_mut,COMPLETE,2,gamma__stats-th-title__g.mut
g,gamma,stat-row,tag_mov_html_mut,COMPLETE,2,gamma__stat-row__g.mut
g,gamma,footer-brand,tag_mov_html_mut,COMPLETE,2,gamma__footer-brand__g.mut
g,gamma,footer-note,tag_mov_html_mut,COMPLETE,2,gamma__footer-note__g.mut
g,gamma,footer-version,tag_mov_html_mut,COMPLETE,2,gamma__footer-version__g.mut
g,gamma,app-main,tag_mov_html_mut,COMPLETE,2,gamma__app-main__g.mut
g,gamma,auto-board-toolbar-search,tag_mov_html_mut,COMPLETE,2,gamma__auto-board-toolbar-search__g.mut
g,gamma,auto-board-toolbar-priority,tag_mov_html_mut,COMPLETE,2,gamma__auto-board-toolbar-priority__g.mut
g,gamma,auto-board-toolbar-assignee,tag_mov_html_mut,COMPLETE,2,gamma__auto-board-toolbar-assignee__g.mut
g,gamma,auto-board-column,tag_mov_html_mut,COMPLETE,2,gamma__auto-board-column__g.mut
g,gamma,auto-header-brand,tag_mov_html_mut,COMPLETE,2,gamma__auto-header-brand__g.mut
g,gamma,auto-header-header-stats,tag_mov_html_mut,COMPLETE,2,gamma__auto-header-header-stats__g.mut
g,gamma,auto-header-nav,tag_mov_html_mut,COMPLETE,2,gamma__auto-header-nav__g.mut
g,gamma,auto-card-form-form-title-edit,tag_mov_html_mut,COMPLETE,2,gamma__auto-card-form-form-title-edit__g.mut
g,gamma,auto-card-form-form-field-title,tag_mov_html_mut,COMPLETE,2,gamma__auto-card-form-form-field-title__g.mut
g,gamma,auto-card-form-form-field-assignee,tag_mov_html_mut,COMPLETE,2,gamma__auto-card-form-form-field-assignee__g.mut
g,gamma,auto-card-form-form-field-column,tag_mov_html_mut,COMPLETE,2,gamma__auto-card-form-form-field-column__g.mut
g,gamma,auto-card-detail-detail-no-tags,tag_mov_html_mut,COMPLETE,2,gamma__auto-card-detail-detail-no-tags__g.mut
g,gamma,auto-card-detail-detail-not-found-message,tag_mov_html_mut,COMPLETE,2,gamma__auto-card-detail-detail-not-found-message__g.mut
g,gamma,auto-card-detail-detail-not-found-back,tag_mov_html_mut,COMPLETE,2,gamma__auto-card-detail-detail-not-found-back__g.mut
g,gamma,auto-stats-stats-back,tag_mov_html_mut,COMPLETE,2,gamma__auto-stats-stats-back__g.mut
g,gamma,auto-stats-stat-inprogress-card,tag_mov_html_mut,COMPLETE,2,gamma__auto-stats-stat-inprogress-card__g.mut
g,gamma,auto-stats-stat-done-card,tag_mov_html_mut,COMPLETE,2,gamma__auto-stats-stat-done-card__g.mut
g,gamma,auto-stats-stat-high-card,tag_mov_html_mut,COMPLETE,2,gamma__auto-stats-stat-high-card__g.mut
g,gamma,auto-stats-stat-medium-label,tag_mov_html_mut,COMPLETE,2,gamma__auto-stats-stat-medium-label__g.mut
g,gamma,auto-stats-stats-th-id,tag_mov_html_mut,COMPLETE,2,gamma__auto-stats-stats-th-id__g.mut
g,gamma,auto-stats-stats-empty,tag_mov_html_mut,COMPLETE,2,gamma__auto-stats-stats-empty__g.mut
g,gamma,auto-app-footer,tag_mov_html_mut,COMPLETE,2,gamma__auto-app-footer__g.mut
h,gamma,board-title,tag_mov_temp_mut,COMPLETE,2,gamma__board-title__h.mut
h,gamma,board-demo-badge,tag_mov_temp_mut,COMPLETE,2,gamma__board-demo-badge__h.mut
h,gamma,board-hint-banner,tag_mov_temp_mut,COMPLETE,2,gamma__board-hint-banner__h.mut
h,gamma,board-search,tag_mov_temp_mut,COMPLETE,2,gamma__board-search__h.mut
h,gamma,board-search-label,tag_mov_temp_mut,COMPLETE,2,gamma__board-search-label__h.mut
h,gamma,board-filter-priority,tag_mov_temp_mut,COMPLETE,2,gamma__board-filter-priority__h.mut
h,gamma,board-priority-label,tag_mov_temp_mut,COMPLETE,2,gamma__board-priority-label__h.mut
h,gamma,board-filter-assignee,tag_mov_temp_mut,COMPLETE,2,gamma__board-filter-assignee__h.mut
h,gamma,board-assignee-label,tag_mov_temp_mut,COMPLETE,2,gamma__board-assignee-label__h.mut
h,gamma,board-filtered-count,tag_mov_temp_mut,COMPLETE,2,gamma__board-filtered-count__h.mut
h,gamma,board-matching-label,tag_mov_temp_mut,COMPLETE,2,gamma__board-matching-label__h.mut
h,gamma,board-add-card,tag_mov_temp_mut,COMPLETE,2,gamma__board-add-card__h.mut
h,gamma,board-reset,tag_mov_temp_mut,COMPLETE,2,gamma__board-reset__h.mut
h,gamma,board-column-title,tag_mov_temp_mut,COMPLETE,2,gamma__board-column-title__h.mut
h,gamma,board-column-count,tag_mov_temp_mut,COMPLETE,2,gamma__board-column-count__h.mut
h,gamma,header-total-badge,tag_mov_temp_mut,COMPLETE,2,gamma__header-total-badge__h.mut
h,gamma,header-app-title,tag_mov_temp_mut,COMPLETE,2,gamma__header-app-title__h.mut
h,gamma,header-app-tagline,tag_mov_temp_mut,COMPLETE,2,gamma__header-app-tagline__h.mut
h,gamma,header-brand-icon,tag_mov_temp_mut,COMPLETE,2,gamma__header-brand-icon__h.mut
h,gamma,header-nav-board,tag_mov_temp_mut,COMPLETE,2,gamma__header-nav-board__h.mut
h,gamma,header-nav-stats,tag_mov_temp_mut,COMPLETE,2,gamma__header-nav-stats__h.mut
h,gamma,header-new-card,tag_mov_temp_mut,COMPLETE,2,gamma__header-new-card__h.mut
h,gamma,card-id,tag_mov_temp_mut,COMPLETE,2,gamma__card-id__h.mut
h,gamma,card-title,tag_mov_temp_mut,COMPLETE,2,gamma__card-title__h.mut
h,gamma,card-priority,tag_mov_temp_mut,COMPLETE,2,gamma__card-priority__h.mut
h,gamma,card-assignee,tag_mov_temp_mut,COMPLETE,2,gamma__card-assignee__h.mut
h,gamma,card-tags,tag_mov_temp_mut,COMPLETE,2,gamma__card-tags__h.mut
h,gamma,card-move,tag_mov_temp_mut,COMPLETE,2,gamma__card-move__h.mut
h,gamma,card-edit,tag_mov_temp_mut,COMPLETE,2,gamma__card-edit__h.mut
h,gamma,column-empty-message,tag_mov_temp_mut,COMPLETE,2,gamma__column-empty-message__h.mut
h,gamma,form-title,tag_mov_temp_mut,COMPLETE,2,gamma__form-title__h.mut
h,gamma,form-title-label,tag_mov_temp_mut,COMPLETE,2,gamma__form-title-label__h.mut
h,gamma,form-description,tag_mov_temp_mut,COMPLETE,2,gamma__form-description__h.mut
h,gamma,form-priority,tag_mov_temp_mut,COMPLETE,2,gamma__form-priority__h.mut
h,gamma,form-assignee,tag_mov_temp_mut,COMPLETE,2,gamma__form-assignee__h.mut
h,gamma,form-tags,tag_mov_temp_mut,COMPLETE,2,gamma__form-tags__h.mut
h,gamma,form-submit,tag_mov_temp_mut,COMPLETE,2,gamma__form-submit__h.mut
h,gamma,form-cancel,tag_mov_temp_mut,COMPLETE,2,gamma__form-cancel__h.mut
h,gamma,form-actions,tag_mov_temp_mut,COMPLETE,2,gamma__form-actions__h.mut
h,gamma,detail-title,tag_mov_temp_mut,COMPLETE,2,gamma__detail-title__h.mut
h,gamma,detail-id,tag_mov_temp_mut,COMPLETE,2,gamma__detail-id__h.mut
h,gamma,detail-priority,tag_mov_temp_mut,COMPLETE,2,gamma__detail-priority__h.mut
h,gamma,detail-description,tag_mov_temp_mut,COMPLETE,2,gamma__detail-description__h.mut
h,gamma,detail-assignee,tag_mov_temp_mut,COMPLETE,2,gamma__detail-assignee__h.mut
h,gamma,detail-column,tag_mov_temp_mut,COMPLETE,2,gamma__detail-column__h.mut
h,gamma,detail-tags,tag_mov_temp_mut,COMPLETE,2,gamma__detail-tags__h.mut
h,gamma,detail-delete,tag_mov_temp_mut,COMPLETE,2,gamma__detail-delete__h.mut
h,gamma,detail-back,tag_mov_temp_mut,COMPLETE,2,gamma__detail-back__h.mut
h,gamma,detail-page-title,tag_mov_temp_mut,COMPLETE,2,gamma__detail-page-title__h.mut
h,gamma,stat-total,tag_mov_temp_mut,COMPLETE,2,gamma__stat-total__h.mut
h,gamma,stat-backlog,tag_mov_temp_mut,COMPLETE,2,gamma__stat-backlog__h.mut
h,gamma,stat-review,tag_mov_temp_mut,COMPLETE,2,gamma__stat-review__h.mut
h,gamma,stat-done,tag_mov_temp_mut,COMPLETE,2,gamma__stat-done__h.mut
h,gamma,stat-medium,tag_mov_temp_mut,COMPLETE,2,gamma__stat-medium__h.mut
h,gamma,stat-low,tag_mov_temp_mut,COMPLETE,2,gamma__stat-low__h.mut
h,gamma,stats-title,tag_mov_temp_mut,COMPLETE,2,gamma__stats-title__h.mut
h,gamma,stats-table,tag_mov_temp_mut,COMPLETE,2,gamma__stats-table__h.mut
h,gamma,stats-th-title,tag_mov_temp_mut,COMPLETE,2,gamma__stats-th-title__h.mut
h,gamma,stat-row,tag_mov_temp_mut,COMPLETE,2,gamma__stat-row__h.mut
h,gamma,footer-note,tag_mov_temp_mut,COMPLETE,2,gamma__footer-note__h.mut
h,gamma,footer-version,tag_mov_temp_mut,COMPLETE,2,gamma__footer-version__h.mut
h,gamma,app-main,tag_mov_temp_mut,COMPLETE,2,gamma__app-main__h.mut
h,gamma,auto-board-toolbar-search,tag_mov_temp_mut,COMPLETE,2,gamma__auto-board-toolbar-search__h.mut
h,gamma,auto-board-toolbar-priority,tag_mov_temp_mut,COMPLETE,2,gamma__auto-board-toolbar-priority__h.mut
h,gamma,auto-board-toolbar-assignee,tag_mov_temp_mut,COMPLETE,2,gamma__auto-board-toolbar-assignee__h.mut
h,gamma,auto-board-toolbar-info,tag_mov_temp_mut,COMPLETE,2,gamma__auto-board-toolbar-info__h.mut
h,gamma,auto-board-toolbar-actions,tag_mov_temp_mut,COMPLETE,2,gamma__auto-board-toolbar-actions__h.mut
h,gamma,auto-board-column,tag_mov_temp_mut,COMPLETE,2,gamma__auto-board-column__h.mut
h,gamma,auto-header-brand,tag_mov_temp_mut,COMPLETE,2,gamma__auto-header-brand__h.mut
h,gamma,auto-header-header-stats,tag_mov_temp_mut,COMPLETE,2,gamma__auto-header-header-stats__h.mut
h,gamma,auto-header-total-label,tag_mov_temp_mut,COMPLETE,2,gamma__auto-header-total-label__h.mut
h,gamma,auto-card-form-form-title-edit,tag_mov_temp_mut,COMPLETE,2,gamma__auto-card-form-form-title-edit__h.mut
h,gamma,auto-card-form-form-title-new,tag_mov_temp_mut,COMPLETE,2,gamma__auto-card-form-form-title-new__h.mut
h,gamma,auto-card-form-form-field-description,tag_mov_temp_mut,COMPLETE,2,gamma__auto-card-form-form-field-description__h.mut
h,gamma,auto-card-form-form-description-label,tag_mov_temp_mut,COMPLETE,2,gamma__auto-card-form-form-description-label__h.mut
h,gamma,auto-card-form-form-field-priority,tag_mov_temp_mut,COMPLETE,2,gamma__auto-card-form-form-field-priority__h.mut
h,gamma,auto-card-form-form-priority-label,tag_mov_temp_mut,COMPLETE,2,gamma__auto-card-form-form-priority-label__h.mut
h,gamma,auto-card-form-form-field-assignee,tag_mov_temp_mut,COMPLETE,2,gamma__auto-card-form-form-field-assignee__h.mut
h,gamma,auto-card-form-form-assignee-label,tag_mov_temp_mut,COMPLETE,2,gamma__auto-card-form-form-assignee-label__h.mut
h,gamma,auto-card-form-form-field-column,tag_mov_temp_mut,COMPLETE,2,gamma__auto-card-form-form-field-column__h.mut
h,gamma,auto-card-form-form-column-label,tag_mov_temp_mut,COMPLETE,2,gamma__auto-card-form-form-column-label__h.mut
h,gamma,auto-card-form-form-field-tags,tag_mov_temp_mut,COMPLETE,2,gamma__auto-card-form-form-field-tags__h.mut
h,gamma,auto-card-detail-detail-description-row,tag_mov_temp_mut,COMPLETE,2,gamma__auto-card-detail-detail-description-row__h.mut
h,gamma,auto-card-detail-detail-assignee-row,tag_mov_temp_mut,COMPLETE,2,gamma__auto-card-detail-detail-assignee-row__h.mut
h,gamma,auto-card-detail-detail-assignee-label,tag_mov_temp_mut,COMPLETE,2,gamma__auto-card-detail-detail-assignee-label__h.mut
h,gamma,auto-card-detail-detail-column-label,tag_mov_temp_mut,COMPLETE,2,gamma__auto-card-detail-detail-column-label__h.mut
h,gamma,auto-card-detail-detail-tags-label,tag_mov_temp_mut,COMPLETE,2,gamma__auto-card-detail-detail-tags-label__h.mut
h,gamma,auto-card-detail-detail-actions,tag_mov_temp_mut,COMPLETE,2,gamma__auto-card-detail-detail-actions__h.mut
h,gamma,auto-card-detail-detail-not-found-message,tag_mov_temp_mut,COMPLETE,2,gamma__auto-card-detail-detail-not-found-message__h.mut
h,gamma,auto-card-detail-detail-not-found-back,tag_mov_temp_mut,COMPLETE,2,gamma__auto-card-detail-detail-not-found-back__h.mut
h,gamma,auto-stats-stats-back,tag_mov_temp_mut,COMPLETE,2,gamma__auto-stats-stats-back__h.mut
h,gamma,auto-stats-stat-total-label,tag_mov_temp_mut,COMPLETE,2,gamma__auto-stats-stat-total-label__h.mut
h,gamma,auto-stats-stat-backlog-card,tag_mov_temp_mut,COMPLETE,2,gamma__auto-stats-stat-backlog-card__h.mut
h,gamma,auto-stats-stat-backlog-label,tag_mov_temp_mut,COMPLETE,2,gamma__auto-stats-stat-backlog-label__h.mut
h,gamma,auto-stats-stat-inprogress-card,tag_mov_temp_mut,COMPLETE,2,gamma__auto-stats-stat-inprogress-card__h.mut
h,gamma,auto-stats-stat-inprogress-label,tag_mov_temp_mut,COMPLETE,2,gamma__auto-stats-stat-inprogress-label__h.mut
h,gamma,auto-stats-stat-review-label,tag_mov_temp_mut,COMPLETE,2,gamma__auto-stats-stat-review-label__h.mut
h,gamma,auto-stats-stat-done-card,tag_mov_temp_mut,COMPLETE,2,gamma__auto-stats-stat-done-card__h.mut
h,gamma,auto-stats-stat-done-label,tag_mov_temp_mut,COMPLETE,2,gamma__auto-stats-stat-done-label__h.mut
h,gamma,auto-stats-stat-high-card,tag_mov_temp_mut,COMPLETE,2,gamma__auto-stats-stat-high-card__h.mut
h,gamma,auto-stats-stat-high-label,tag_mov_temp_mut,COMPLETE,2,gamma__auto-stats-stat-high-label__h.mut
h,gamma,auto-stats-stat-medium-label,tag_mov_temp_mut,COMPLETE,2,gamma__auto-stats-stat-medium-label__h.mut
h,gamma,auto-stats-stat-low-card,tag_mov_temp_mut,COMPLETE,2,gamma__auto-stats-stat-low-card__h.mut
h,gamma,auto-stats-stats-table-title,tag_mov_temp_mut,COMPLETE,2,gamma__auto-stats-stats-table-title__h.mut
h,gamma,auto-stats-stats-th-id,tag_mov_temp_mut,COMPLETE,2,gamma__auto-stats-stats-th-id__h.mut
h,gamma,auto-stats-stats-th-priority,tag_mov_temp_mut,COMPLETE,2,gamma__auto-stats-stats-th-priority__h.mut
h,gamma,auto-stats-stats-th-assignee,tag_mov_temp_mut,COMPLETE,2,gamma__auto-stats-stats-th-assignee__h.mut
h,gamma,auto-stats-stats-th-column,tag_mov_temp_mut,COMPLETE,2,gamma__auto-stats-stats-th-column__h.mut
h,gamma,auto-stats-stats-empty,tag_mov_temp_mut,COMPLETE,2,gamma__auto-stats-stats-empty__h.mut
h,gamma,auto-app-footer,tag_mov_temp_mut,COMPLETE,2,gamma__auto-app-footer__h.mut
i,gamma,board-title,tag_rem_mut,COMPLETE,1,gamma__board-title__i.mut
i,gamma,board-search,tag_rem_mut,COMPLETE,1,gamma__board-search__i.mut
i,gamma,board-column-title,tag_rem_mut,COMPLETE,1,gamma__board-column-title__i.mut
i,gamma,header-total-badge,tag_rem_mut,COMPLETE,1,gamma__header-total-badge__i.mut
i,gamma,card-move,tag_rem_mut,COMPLETE,1,gamma__card-move__i.mut
i,gamma,form-priority,tag_rem_mut,COMPLETE,1,gamma__form-priority__i.mut
i,gamma,detail-title,tag_rem_mut,COMPLETE,1,gamma__detail-title__i.mut
i,gamma,detail-description,tag_rem_mut,COMPLETE,1,gamma__detail-description__i.mut
i,gamma,detail-back,tag_rem_mut,COMPLETE,1,gamma__detail-back__i.mut
i,gamma,stat-total,tag_rem_mut,COMPLETE,1,gamma__stat-total__i.mut
i,gamma,stats-title,tag_rem_mut,COMPLETE,1,gamma__stats-title__i.mut
i,gamma,stats-table,tag_rem_mut,COMPLETE,1,gamma__stats-table__i.mut
i,gamma,stats-th-title,tag_rem_mut,COMPLETE,1,gamma__stats-th-title__i.mut
i,gamma,footer-brand,tag_rem_mut,COMPLETE,1,gamma__footer-brand__i.mut
i,gamma,app-main,tag_rem_mut,COMPLETE,1,gamma__app-main__i.mut
j,gamma,board-title,tag_type_mod_mut,COMPLETE,1,gamma__board-title__j.mut
j,gamma,board-search,tag_type_mod_mut,COMPLETE,1,gamma__board-search__j.mut
j,gamma,board-column-title,tag_type_mod_mut,COMPLETE,1,gamma__board-column-title__j.mut
j,gamma,header-total-badge,tag_type_mod_mut,COMPLETE,1,gamma__header-total-badge__j.mut
j,gamma,card-move,tag_type_mod_mut,COMPLETE,1,gamma__card-move__j.mut
j,gamma,form-priority,tag_type_mod_mut,COMPLETE,1,gamma__form-priority__j.mut
j,gamma,detail-title,tag_type_mod_mut,COMPLETE,1,gamma__detail-title__j.mut
j,gamma,detail-description,tag_type_mod_mut,COMPLETE,1,gamma__detail-description__j.mut
j,gamma,detail-back,tag_type_mod_mut,COMPLETE,1,gamma__detail-back__j.mut
j,gamma,stat-total,tag_type_mod_mut,COMPLETE,1,gamma__stat-total__j.mut
j,gamma,stats-title,tag_type_mod_mut,COMPLETE,1,gamma__stats-title__j.mut
j,gamma,stats-table,tag_type_mod_mut,COMPLETE,1,gamma__stats-table__j.mut
j,gamma,stats-th-title,tag_type_mod_mut,COMPLETE,1,gamma__stats-th-title__j.mut
j,gamma,footer-brand,tag_type_mod_mut,COMPLETE,1,gamma__footer-brand__j.mut
j,gamma,app-main,tag_type_mod_mut,COMPLETE,1,gamma__app-main__j.mut
k,gamma,board-title,tag_ins_mut,COMPLETE,1,gamma__board-title__k.mut
k,gamma,board-search,tag_ins_mut,COMPLETE,1,gamma__board-search__k.mut
k,gamma,board-column-title,tag_ins_mut,COMPLETE,1,gamma__board-column-title__k.mut
k,gamma,header-total-badge,tag_ins_mut,COMPLETE,1,gamma__header-total-badge__k.mut
k,gamma,card-move,tag_ins_mut,COMPLETE,1,gamma__card-move__k.mut
k,gamma,form-priority,tag_ins_mut,COMPLETE,1,gamma__form-priority__k.mut
k,gamma,detail-title,tag_ins_mut,COMPLETE,1,gamma__detail-title__k.mut
k,gamma,detail-description,tag_ins_mut,COMPLETE,1,gamma__detail-description__k.mut
k,gamma,detail-back,tag_ins_mut,COMPLETE,1,gamma__detail-back__k.mut
k,gamma,stat-total,tag_ins_mut,COMPLETE,1,gamma__stat-total__k.mut
k,gamma,stats-title,tag_ins_mut,COMPLETE,1,gamma__stats-title__k.mut
k,gamma,stats-table,tag_ins_mut,COMPLETE,1,gamma__stats-table__k.mut
k,gamma,stats-th-title,tag_ins_mut,COMPLETE,1,gamma__stats-th-title__k.mut
k,gamma,footer-brand,tag_ins_mut,COMPLETE,1,gamma__footer-brand__k.mut
k,gamma,app-main,tag_ins_mut,COMPLETE,1,gamma__app-main__k.mut
